timestamp,episode,step,event_type,severity,component,message,mario_x,mario_y,action_taken,game_state,stack_trace
2026-03-21T21:32:16.206410,51,34,error,high,lua,Lua error [FRAME_DESYNC]: Severe frame ID mismatch detected,0,0,-1,,
2026-03-21T21:32:16.207033,51,34,error,high,lua,Lua error [FRAME_DESYNC]: Severe frame ID mismatch detected,0,0,-1,,
2026-03-21T21:32:16.207431,51,34,error,high,lua,Lua error [FRAME_DESYNC]: Severe frame ID mismatch detected,0,0,-1,,
2026-03-21T21:35:06.232610,65,137,error,high,lua,Lua error [FRAME_DESYNC]: Severe frame ID mismatch detected,0,0,-1,,
2026-03-21T21:35:14.883891,66,103,error,high,lua,Lua error [FRAME_DESYNC]: Severe frame ID mismatch detected,0,0,-1,,
2026-03-21T21:38:17.033955,80,112,error,high,lua,Lua error [FRAME_DESYNC]: Severe frame ID mismatch detected,0,0,-1,,
2026-03-21T21:38:42.872089,82,152,error,high,lua,Lua error [FRAME_DESYNC]: Severe frame ID mismatch detected,0,0,-1,,
2026-03-21T21:39:50.659481,87,242,error,high,lua,Lua error [FRAME_DESYNC]: Severe frame ID mismatch detected,0,0,-1,,
2026-03-21T21:42:33.481290,101,242,error,high,lua,Lua error [FRAME_DESYNC]: Severe frame ID mismatch detected,0,0,-1,,
2026-03-21T21:45:23.642441,114,140,error,high,lua,Lua error [FRAME_DESYNC]: Severe frame ID mismatch detected,0,0,-1,,
2026-03-21T21:46:08.921231,119,152,error,high,lua,Lua error [FRAME_DESYNC]: Severe frame ID mismatch detected,0,0,-1,,
2026-03-21T21:46:22.843001,120,181,error,high,lua,Lua error [FRAME_DESYNC]: Severe frame ID mismatch detected,0,0,-1,,
2026-03-21T21:46:43.458331,122,196,error,high,lua,Lua error [FRAME_DESYNC]: Severe frame ID mismatch detected,0,0,-1,,
2026-03-21T21:52:21.381937,145,189,error,high,lua,Lua error [FRAME_DESYNC]: Severe frame ID mismatch detected,0,0,-1,,
2026-03-21T21:54:35.060538,152,250,error,high,lua,Lua error [FRAME_DESYNC]: Severe frame ID mismatch detected,0,0,-1,,
2026-03-21T21:55:55.958856,161,104,error,high,lua,Lua error [FRAME_DESYNC]: Severe frame ID mismatch detected,0,0,-1,,
2026-03-21T21:57:32.532338,169,105,error,high,lua,Lua error [FRAME_DESYNC]: Severe frame ID mismatch detected,0,0,-1,,
2026-03-21T21:58:26.941894,174,78,error,high,lua,Lua error [FRAME_DESYNC]: Severe frame ID mismatch detected,0,0,-1,,
2026-03-21T21:59:18.606605,180,92,error,high,lua,Lua error [FRAME_DESYNC]: Severe frame ID mismatch detected,0,0,-1,,
2026-03-21T22:00:31.302232,185,184,error,high,lua,Lua error [FRAME_DESYNC]: Severe frame ID mismatch detected,0,0,-1,,
2026-03-21T22:05:35.421758,210,96,error,high,lua,Lua error [FRAME_DESYNC]: Severe frame ID mismatch detected,0,0,-1,,
2026-03-21T22:06:17.344276,215,132,error,high,lua,Lua error [FRAME_DESYNC]: Severe frame ID mismatch detected,0,0,-1,,
2026-03-21T22:09:18.585127,227,232,error,high,lua,Lua error [FRAME_DESYNC]: Severe frame ID mismatch detected,0,0,-1,,
2026-03-21T22:10:05.367289,232,131,error,high,lua,Lua error [FRAME_DESYNC]: Severe frame ID mismatch detected,0,0,-1,,
2026-03-21T22:18:03.723539,263,165,error,high,lua,Lua error [FRAME_DESYNC]: Severe frame ID mismatch detected,0,0,-1,,
2026-03-21T22:19:04.592273,268,92,error,high,lua,Lua error [FRAME_DESYNC]: Severe frame ID mismatch detected,0,0,-1,,
2026-03-21T22:21:03.741186,279,182,error,high,lua,Lua error [FRAME_DESYNC]: Severe frame ID mismatch detected,0,0,-1,,
2026-03-21T22:28:35.691722,311,213,error,high,lua,Lua error [FRAME_DESYNC]: Severe frame ID mismatch detected,0,0,-1,,
2026-03-21T22:30:37.239262,321,128,error,high,lua,Lua error [FRAME_DESYNC]: Severe frame ID mismatch detected,0,0,-1,,
2026-03-21T22:32:22.891030,327,142,error,high,lua,Lua error [FRAME_DESYNC]: Severe frame ID mismatch detected,0,0,-1,,
2026-03-21T22:34:21.118627,335,57,error,high,lua,Lua error [FRAME_DESYNC]: Severe frame ID mismatch detected,0,0,-1,,
2026-03-21T22:34:45.044990,338,69,error,high,lua,Lua error [FRAME_DESYNC]: Severe frame ID mismatch detected,0,0,-1,,
2026-03-21T22:35:51.053291,343,65,error,high,lua,Lua error [FRAME_DESYNC]: Severe frame ID mismatch detected,0,0,-1,,
2026-03-21T22:36:11.219072,346,80,error,high,lua,Lua error [FRAME_DESYNC]: Severe frame ID mismatch detected,0,0,-1,,
2026-03-21T22:37:26.933950,354,122,error,high,lua,Lua error [FRAME_DESYNC]: Severe frame ID mismatch detected,0,0,-1,,
2026-03-21T22:39:02.218383,362,93,error,high,lua,Lua error [FRAME_DESYNC]: Severe frame ID mismatch detected,0,0,-1,,
2026-03-21T22:39:11.869679,364,122,error,high,lua,Lua error [FRAME_DESYNC]: Severe frame ID mismatch detected,0,0,-1,,
2026-03-21T22:40:07.936196,368,85,error,high,lua,Lua error [FRAME_DESYNC]: Severe frame ID mismatch detected,0,0,-1,,
2026-03-21T22:41:20.089931,372,128,error,high,lua,Lua error [FRAME_DESYNC]: Severe frame ID mismatch detected,0,0,-1,,
2026-03-21T22:42:06.198372,375,96,error,high,lua,Lua error [FRAME_DESYNC]: Severe frame ID mismatch detected,0,0,-1,,
2026-03-21T22:44:58.264648,389,160,error,high,lua,Lua error [FRAME_DESYNC]: Severe frame ID mismatch detected,0,0,-1,,
2026-03-21T22:45:10.906956,389,182,error,high,lua,Lua error [FRAME_DESYNC]: Severe frame ID mismatch detected,0,0,-1,,
2026-03-21T22:45:38.533511,391,67,error,high,lua,Lua error [FRAME_DESYNC]: Severe frame ID mismatch detected,0,0,-1,,
2026-03-21T22:47:38.663238,399,196,error,high,lua,Lua error [FRAME_DESYNC]: Severe frame ID mismatch detected,0,0,-1,,
2026-03-21T22:52:40.777885,420,180,error,high,lua,Lua error [FRAME_DESYNC]: Severe frame ID mismatch detected,0,0,-1,,
2026-03-21T22:53:15.424095,423,108,error,high,lua,Lua error [FRAME_DESYNC]: Severe frame ID mismatch detected,0,0,-1,,
2026-03-21T22:53:42.863718,424,196,error,high,lua,Lua error [FRAME_DESYNC]: Severe frame ID mismatch detected,0,0,-1,,
2026-03-21T22:55:41.295347,429,98,error,high,lua,Lua error [FRAME_DESYNC]: Severe frame ID mismatch detected,0,0,-1,,
2026-03-21T22:55:56.486139,430,205,error,high,lua,Lua error [FRAME_DESYNC]: Severe frame ID mismatch detected,0,0,-1,,
2026-03-21T22:57:39.930965,437,92,error,high,lua,Lua error [FRAME_DESYNC]: Severe frame ID mismatch detected,0,0,-1,,
2026-03-21T22:59:50.066017,446,123,error,high,lua,Lua error [FRAME_DESYNC]: Severe frame ID mismatch detected,0,0,-1,,
2026-03-21T23:02:09.150607,453,223,error,high,lua,Lua error [FRAME_DESYNC]: Severe frame ID mismatch detected,0,0,-1,,
2026-03-21T23:03:15.213125,458,135,error,high,lua,Lua error [FRAME_DESYNC]: Severe frame ID mismatch detected,0,0,-1,,
2026-03-21T23:05:12.682435,463,87,error,high,lua,Lua error [FRAME_DESYNC]: Severe frame ID mismatch detected,0,0,-1,,
2026-03-21T23:10:46.069518,485,150,error,high,lua,Lua error [FRAME_DESYNC]: Severe frame ID mismatch detected,0,0,-1,,
2026-03-21T23:16:22.671303,503,149,error,high,lua,Lua error [FRAME_DESYNC]: Severe frame ID mismatch detected,0,0,-1,,
2026-03-21T23:17:03.370311,505,325,error,high,lua,Lua error [FRAME_DESYNC]: Severe frame ID mismatch detected,0,0,-1,,
2026-03-21T23:17:38.635083,510,75,error,high,lua,Lua error [FRAME_DESYNC]: Severe frame ID mismatch detected,0,0,-1,,
2026-03-21T23:18:58.845363,513,97,error,high,lua,Lua error [FRAME_DESYNC]: Severe frame ID mismatch detected,0,0,-1,,
2026-03-21T23:20:25.268896,519,129,error,high,lua,Lua error [FRAME_DESYNC]: Severe frame ID mismatch detected,0,0,-1,,
2026-03-21T23:22:04.803411,526,78,error,high,lua,Lua error [FRAME_DESYNC]: Severe frame ID mismatch detected,0,0,-1,,
2026-03-21T23:22:21.431664,527,228,error,high,lua,Lua error [FRAME_DESYNC]: Severe frame ID mismatch detected,0,0,-1,,
2026-03-21T23:24:47.121368,536,65,error,high,lua,Lua error [FRAME_DESYNC]: Severe frame ID mismatch detected,0,0,-1,,
2026-03-21T23:24:58.947899,537,169,error,high,lua,Lua error [FRAME_DESYNC]: Severe frame ID mismatch detected,0,0,-1,,
2026-03-21T23:26:31.115165,543,92,error,high,lua,Lua error [FRAME_DESYNC]: Severe frame ID mismatch detected,0,0,-1,,
2026-03-21T23:26:48.184043,544,139,error,high,lua,Lua error [FRAME_DESYNC]: Severe frame ID mismatch detected,0,0,-1,,
2026-03-21T23:28:41.761535,551,180,error,high,lua,Lua error [FRAME_DESYNC]: Severe frame ID mismatch detected,0,0,-1,,
2026-03-21T23:29:24.624567,553,140,error,high,lua,Lua error [FRAME_DESYNC]: Severe frame ID mismatch detected,0,0,-1,,
2026-03-21T23:33:16.139722,565,123,error,high,lua,Lua error [FRAME_DESYNC]: Severe frame ID mismatch detected,0,0,-1,,
2026-03-21T23:33:30.932717,566,213,error,high,lua,Lua error [FRAME_DESYNC]: Severe frame ID mismatch detected,0,0,-1,,
2026-03-21T23:33:35.496615,567,60,error,high,lua,Lua error [FRAME_DESYNC]: Severe frame ID mismatch detected,0,0,-1,,
2026-03-21T23:36:09.119533,576,175,error,high,lua,Lua error [FRAME_DESYNC]: Severe frame ID mismatch detected,0,0,-1,,
2026-03-21T23:36:59.270688,580,64,error,high,lua,Lua error [FRAME_DESYNC]: Severe frame ID mismatch detected,0,0,-1,,
2026-03-21T23:38:25.633198,585,190,error,high,lua,Lua error [FRAME_DESYNC]: Severe frame ID mismatch detected,0,0,-1,,
2026-03-21T23:38:52.987459,588,105,error,high,lua,Lua error [FRAME_DESYNC]: Severe frame ID mismatch detected,0,0,-1,,
2026-03-21T23:39:09.154410,589,234,error,high,lua,Lua error [FRAME_DESYNC]: Severe frame ID mismatch detected,0,0,-1,,
2026-03-21T23:39:32.665883,590,316,error,high,lua,Lua error [FRAME_DESYNC]: Severe frame ID mismatch detected,0,0,-1,,
2026-03-21T23:40:34.595875,592,130,error,high,lua,Lua error [FRAME_DESYNC]: Severe frame ID mismatch detected,0,0,-1,,
2026-03-21T23:41:01.967631,594,198,error,high,lua,Lua error [FRAME_DESYNC]: Severe frame ID mismatch detected,0,0,-1,,
2026-03-21T23:41:38.762948,597,80,error,high,lua,Lua error [FRAME_DESYNC]: Severe frame ID mismatch detected,0,0,-1,,
2026-03-21T23:42:27.597551,602,67,error,high,lua,Lua error [FRAME_DESYNC]: Severe frame ID mismatch detected,0,0,-1,,
2026-03-21T23:42:57.925178,604,112,error,high,lua,Lua error [FRAME_DESYNC]: Severe frame ID mismatch detected,0,0,-1,,
2026-03-21T23:43:15.778226,606,132,error,high,lua,Lua error [FRAME_DESYNC]: Severe frame ID mismatch detected,0,0,-1,,
2026-03-21T23:43:59.090664,608,538,error,high,lua,Lua error [FRAME_DESYNC]: Severe frame ID mismatch detected,0,0,-1,,
2026-03-21T23:45:08.903427,610,200,error,high,lua,Lua error [FRAME_DESYNC]: Severe frame ID mismatch detected,0,0,-1,,
2026-03-21T23:45:40.292002,614,87,error,high,lua,Lua error [FRAME_DESYNC]: Severe frame ID mismatch detected,0,0,-1,,
2026-03-21T23:45:55.077930,615,82,error,high,lua,Lua error [FRAME_DESYNC]: Severe frame ID mismatch detected,0,0,-1,,
2026-03-21T23:47:06.725884,620,82,error,high,lua,Lua error [FRAME_DESYNC]: Severe frame ID mismatch detected,0,0,-1,,
2026-03-21T23:47:20.185769,621,181,error,high,lua,Lua error [FRAME_DESYNC]: Severe frame ID mismatch detected,0,0,-1,,
2026-03-21T23:48:44.612833,625,107,error,high,lua,Lua error [FRAME_DESYNC]: Severe frame ID mismatch detected,0,0,-1,,
2026-03-21T23:49:01.752342,627,157,error,high,lua,Lua error [FRAME_DESYNC]: Severe frame ID mismatch detected,0,0,-1,,
2026-03-21T23:49:31.669250,629,143,error,high,lua,Lua error [FRAME_DESYNC]: Severe frame ID mismatch detected,0,0,-1,,
2026-03-21T23:52:03.333634,637,120,error,high,lua,Lua error [FRAME_DESYNC]: Severe frame ID mismatch detected,0,0,-1,,
2026-03-21T23:52:55.496762,643,70,error,high,lua,Lua error [FRAME_DESYNC]: Severe frame ID mismatch detected,0,0,-1,,
2026-03-21T23:53:56.245604,645,134,error,high,lua,Lua error [FRAME_DESYNC]: Severe frame ID mismatch detected,0,0,-1,,
2026-03-21T23:54:37.493938,647,234,error,high,lua,Lua error [FRAME_DESYNC]: Severe frame ID mismatch detected,0,0,-1,,
2026-03-21T23:55:03.125205,650,93,error,high,lua,Lua error [FRAME_DESYNC]: Severe frame ID mismatch detected,0,0,-1,,
2026-03-21T23:55:19.832607,650,243,error,high,lua,Lua error [FRAME_DESYNC]: Severe frame ID mismatch detected,0,0,-1,,
2026-03-21T23:58:07.579132,659,87,error,high,lua,Lua error [FRAME_DESYNC]: Severe frame ID mismatch detected,0,0,-1,,
2026-03-21T23:58:22.004994,660,208,error,high,lua,Lua error [FRAME_DESYNC]: Severe frame ID mismatch detected,0,0,-1,,
2026-03-21T23:58:43.004845,662,102,error,high,lua,Lua error [FRAME_DESYNC]: Severe frame ID mismatch detected,0,0,-1,,
2026-03-21T23:58:49.815815,664,94,error,high,lua,Lua error [FRAME_DESYNC]: Severe frame ID mismatch detected,0,0,-1,,
2026-03-21T23:59:22.161519,665,96,error,high,lua,Lua error [FRAME_DESYNC]: Severe frame ID mismatch detected,0,0,-1,,
2026-03-22T00:02:14.843992,673,248,error,high,lua,Lua error [FRAME_DESYNC]: Severe frame ID mismatch detected,0,0,-1,,
2026-03-22T00:03:12.938857,675,186,error,high,lua,Lua error [FRAME_DESYNC]: Severe frame ID mismatch detected,0,0,-1,,
2026-03-22T00:03:31.596837,677,119,error,high,lua,Lua error [FRAME_DESYNC]: Severe frame ID mismatch detected,0,0,-1,,
2026-03-22T00:05:35.991474,683,97,error,high,lua,Lua error [FRAME_DESYNC]: Severe frame ID mismatch detected,0,0,-1,,
2026-03-22T00:05:49.701985,684,198,error,high,lua,Lua error [FRAME_DESYNC]: Severe frame ID mismatch detected,0,0,-1,,
2026-03-22T00:11:19.788237,701,85,error,high,lua,Lua error [FRAME_DESYNC]: Severe frame ID mismatch detected,0,0,-1,,
2026-03-22T00:11:45.118038,703,78,error,high,lua,Lua error [FRAME_DESYNC]: Severe frame ID mismatch detected,0,0,-1,,
2026-03-22T00:11:51.540941,705,87,error,high,lua,Lua error [FRAME_DESYNC]: Severe frame ID mismatch detected,0,0,-1,,
2026-03-22T00:11:58.332822,705,94,error,high,lua,Lua error [FRAME_DESYNC]: Severe frame ID mismatch detected,0,0,-1,,
2026-03-22T00:12:55.694904,709,115,error,high,lua,Lua error [FRAME_DESYNC]: Severe frame ID mismatch detected,0,0,-1,,
2026-03-22T00:13:04.236327,710,119,error,high,lua,Lua error [FRAME_DESYNC]: Severe frame ID mismatch detected,0,0,-1,,
2026-03-22T00:14:45.813434,713,416,error,high,lua,Lua error [FRAME_DESYNC]: Severe frame ID mismatch detected,0,0,-1,,
2026-03-22T00:15:19.590370,716,98,error,high,lua,Lua error [FRAME_DESYNC]: Severe frame ID mismatch detected,0,0,-1,,
2026-03-22T00:16:05.830922,718,228,error,high,lua,Lua error [FRAME_DESYNC]: Severe frame ID mismatch detected,0,0,-1,,
2026-03-22T00:16:21.876213,719,232,error,high,lua,Lua error [FRAME_DESYNC]: Severe frame ID mismatch detected,0,0,-1,,
2026-03-22T00:17:15.571346,722,515,error,high,lua,Lua error [FRAME_DESYNC]: Severe frame ID mismatch detected,0,0,-1,,
2026-03-22T00:17:44.066603,724,175,error,high,lua,Lua error [FRAME_DESYNC]: Severe frame ID mismatch detected,0,0,-1,,
2026-03-22T00:20:57.446279,733,142,error,high,lua,Lua error [FRAME_DESYNC]: Severe frame ID mismatch detected,0,0,-1,,
2026-03-22T00:22:09.766710,738,157,error,high,lua,Lua error [FRAME_DESYNC]: Severe frame ID mismatch detected,0,0,-1,,
2026-03-22T00:23:39.866211,745,122,error,high,lua,Lua error [FRAME_DESYNC]: Severe frame ID mismatch detected,0,0,-1,,
2026-03-22T00:24:14.352805,746,75,error,high,lua,Lua error [FRAME_DESYNC]: Severe frame ID mismatch detected,0,0,-1,,
2026-03-22T00:24:52.938680,750,48,error,high,lua,Lua error [FRAME_DESYNC]: Severe frame ID mismatch detected,0,0,-1,,
2026-03-22T00:27:10.935604,758,98,error,high,lua,Lua error [FRAME_DESYNC]: Severe frame ID mismatch detected,0,0,-1,,
2026-03-22T00:27:20.344835,758,133,error,high,lua,Lua error [FRAME_DESYNC]: Severe frame ID mismatch detected,0,0,-1,,
2026-03-22T00:27:32.207992,759,169,error,high,lua,Lua error [FRAME_DESYNC]: Severe frame ID mismatch detected,0,0,-1,,
2026-03-22T00:28:30.800701,763,159,error,high,lua,Lua error [FRAME_DESYNC]: Severe frame ID mismatch detected,0,0,-1,,
2026-03-22T00:29:12.158819,765,130,error,high,lua,Lua error [FRAME_DESYNC]: Severe frame ID mismatch detected,0,0,-1,,
2026-03-22T00:29:43.140464,767,178,error,high,lua,Lua error [FRAME_DESYNC]: Severe frame ID mismatch detected,0,0,-1,,
2026-03-22T00:29:53.480163,769,146,error,high,lua,Lua error [FRAME_DESYNC]: Severe frame ID mismatch detected,0,0,-1,,
2026-03-22T00:30:40.879589,770,210,error,high,lua,Lua error [FRAME_DESYNC]: Severe frame ID mismatch detected,0,0,-1,,
2026-03-22T00:30:48.515757,772,106,error,high,lua,Lua error [FRAME_DESYNC]: Severe frame ID mismatch detected,0,0,-1,,
2026-03-22T00:34:37.402658,781,113,error,high,lua,Lua error [FRAME_DESYNC]: Severe frame ID mismatch detected,0,0,-1,,
2026-03-22T00:35:33.577089,784,156,error,high,lua,Lua error [FRAME_DESYNC]: Severe frame ID mismatch detected,0,0,-1,,
2026-03-22T00:35:50.898764,786,88,error,high,lua,Lua error [FRAME_DESYNC]: Severe frame ID mismatch detected,0,0,-1,,
2026-03-22T00:36:00.782337,787,139,error,high,lua,Lua error [FRAME_DESYNC]: Severe frame ID mismatch detected,0,0,-1,,
2026-03-22T00:37:58.529481,793,140,error,high,lua,Lua error [FRAME_DESYNC]: Severe frame ID mismatch detected,0,0,-1,,
2026-03-22T00:39:57.957514,798,82,error,high,lua,Lua error [FRAME_DESYNC]: Severe frame ID mismatch detected,0,0,-1,,
2026-03-22T00:40:42.330535,801,62,error,high,lua,Lua error [FRAME_DESYNC]: Severe frame ID mismatch detected,0,0,-1,,
2026-03-22T00:41:54.662702,804,187,error,high,lua,Lua error [FRAME_DESYNC]: Severe frame ID mismatch detected,0,0,-1,,
2026-03-22T00:43:47.948248,809,192,error,high,lua,Lua error [FRAME_DESYNC]: Severe frame ID mismatch detected,0,0,-1,,
2026-03-22T00:44:26.881069,813,67,error,high,lua,Lua error [FRAME_DESYNC]: Severe frame ID mismatch detected,0,0,-1,,
2026-03-22T00:46:29.545993,818,226,error,high,lua,Lua error [FRAME_DESYNC]: Severe frame ID mismatch detected,0,0,-1,,
2026-03-22T00:48:18.923337,823,119,error,high,lua,Lua error [FRAME_DESYNC]: Severe frame ID mismatch detected,0,0,-1,,
2026-03-22T00:48:42.400960,825,163,error,high,lua,Lua error [FRAME_DESYNC]: Severe frame ID mismatch detected,0,0,-1,,
2026-03-22T00:49:10.121619,827,116,error,high,lua,Lua error [FRAME_DESYNC]: Severe frame ID mismatch detected,0,0,-1,,
2026-03-22T00:50:50.172731,831,74,error,high,lua,Lua error [FRAME_DESYNC]: Severe frame ID mismatch detected,0,0,-1,,
2026-03-22T00:51:51.311770,834,372,error,high,lua,Lua error [FRAME_DESYNC]: Severe frame ID mismatch detected,0,0,-1,,
2026-03-22T00:52:34.715864,836,109,error,high,lua,Lua error [FRAME_DESYNC]: Severe frame ID mismatch detected,0,0,-1,,
2026-03-22T00:57:53.349801,851,60,error,high,lua,Lua error [FRAME_DESYNC]: Severe frame ID mismatch detected,0,0,-1,,
2026-03-22T00:58:35.989299,852,105,error,high,lua,Lua error [FRAME_DESYNC]: Severe frame ID mismatch detected,0,0,-1,,
2026-03-22T00:58:41.870484,853,80,error,high,lua,Lua error [FRAME_DESYNC]: Severe frame ID mismatch detected,0,0,-1,,
2026-03-22T00:59:20.056679,856,130,error,high,lua,Lua error [FRAME_DESYNC]: Severe frame ID mismatch detected,0,0,-1,,
2026-03-22T01:00:04.467374,858,97,error,high,lua,Lua error [FRAME_DESYNC]: Severe frame ID mismatch detected,0,0,-1,,
2026-03-22T01:03:05.625646,864,77,error,high,lua,Lua error [FRAME_DESYNC]: Severe frame ID mismatch detected,0,0,-1,,
2026-03-22T01:04:16.467788,867,75,error,high,lua,Lua error [FRAME_DESYNC]: Severe frame ID mismatch detected,0,0,-1,,
2026-03-22T01:05:22.500435,870,314,error,high,lua,Lua error [FRAME_DESYNC]: Severe frame ID mismatch detected,0,0,-1,,
2026-03-22T01:09:28.142662,879,279,error,high,lua,Lua error [FRAME_DESYNC]: Severe frame ID mismatch detected,0,0,-1,,
2026-03-22T01:09:36.196162,880,78,error,high,lua,Lua error [FRAME_DESYNC]: Severe frame ID mismatch detected,0,0,-1,,
2026-03-22T01:09:55.381148,881,269,error,high,lua,Lua error [FRAME_DESYNC]: Severe frame ID mismatch detected,0,0,-1,,
2026-03-22T01:11:27.753721,886,65,error,high,lua,Lua error [FRAME_DESYNC]: Severe frame ID mismatch detected,0,0,-1,,
2026-03-22T01:12:18.682537,887,212,error,high,lua,Lua error [FRAME_DESYNC]: Severe frame ID mismatch detected,0,0,-1,,
2026-03-22T01:13:47.395954,890,167,error,high,lua,Lua error [FRAME_DESYNC]: Severe frame ID mismatch detected,0,0,-1,,
2026-03-22T01:15:24.979700,895,89,error,high,lua,Lua error [FRAME_DESYNC]: Severe frame ID mismatch detected,0,0,-1,,
2026-03-22T01:15:36.683305,895,168,error,high,lua,Lua error [FRAME_DESYNC]: Severe frame ID mismatch detected,0,0,-1,,
2026-03-22T01:16:26.240029,898,153,error,high,lua,Lua error [FRAME_DESYNC]: Severe frame ID mismatch detected,0,0,-1,,
2026-03-22T01:16:41.115116,899,214,error,high,lua,Lua error [FRAME_DESYNC]: Severe frame ID mismatch detected,0,0,-1,,
2026-03-22T01:18:04.969275,903,142,error,high,lua,Lua error [FRAME_DESYNC]: Severe frame ID mismatch detected,0,0,-1,,
2026-03-22T01:18:13.539125,904,119,error,high,lua,Lua error [FRAME_DESYNC]: Severe frame ID mismatch detected,0,0,-1,,
2026-03-22T01:18:48.829652,906,88,error,high,lua,Lua error [FRAME_DESYNC]: Severe frame ID mismatch detected,0,0,-1,,
2026-03-22T01:19:51.475660,910,128,error,high,lua,Lua error [FRAME_DESYNC]: Severe frame ID mismatch detected,0,0,-1,,
2026-03-22T01:20:56.934901,916,148,error,high,lua,Lua error [FRAME_DESYNC]: Severe frame ID mismatch detected,0,0,-1,,
2026-03-22T01:22:16.471520,920,119,error,high,lua,Lua error [FRAME_DESYNC]: Severe frame ID mismatch detected,0,0,-1,,
2026-03-22T01:22:22.059386,920,76,error,high,lua,Lua error [FRAME_DESYNC]: Severe frame ID mismatch detected,0,0,-1,,
2026-03-22T01:23:07.949574,922,101,error,high,lua,Lua error [FRAME_DESYNC]: Severe frame ID mismatch detected,0,0,-1,,
2026-03-22T01:24:50.646260,928,123,error,high,lua,Lua error [FRAME_DESYNC]: Severe frame ID mismatch detected,0,0,-1,,
2026-03-22T01:25:08.396390,930,231,error,high,lua,Lua error [FRAME_DESYNC]: Severe frame ID mismatch detected,0,0,-1,,
2026-03-22T01:25:45.050268,931,489,error,high,lua,Lua error [FRAME_DESYNC]: Severe frame ID mismatch detected,0,0,-1,,
2026-03-22T01:25:50.530828,931,74,error,high,lua,Lua error [FRAME_DESYNC]: Severe frame ID mismatch detected,0,0,-1,,
2026-03-22T01:27:16.074591,935,73,error,high,lua,Lua error [FRAME_DESYNC]: Severe frame ID mismatch detected,0,0,-1,,
2026-03-22T01:28:24.308659,937,257,error,high,lua,Lua error [FRAME_DESYNC]: Severe frame ID mismatch detected,0,0,-1,,
2026-03-22T01:29:07.335847,940,263,error,high,lua,Lua error [FRAME_DESYNC]: Severe frame ID mismatch detected,0,0,-1,,
2026-03-22T01:29:21.530367,940,205,error,high,lua,Lua error [FRAME_DESYNC]: Severe frame ID mismatch detected,0,0,-1,,
2026-03-22T01:30:04.059386,942,183,error,high,lua,Lua error [FRAME_DESYNC]: Severe frame ID mismatch detected,0,0,-1,,
2026-03-22T01:33:28.147487,952,147,error,high,lua,Lua error [FRAME_DESYNC]: Severe frame ID mismatch detected,0,0,-1,,
2026-03-22T01:34:06.690148,953,336,error,high,lua,Lua error [FRAME_DESYNC]: Severe frame ID mismatch detected,0,0,-1,,
2026-03-22T01:34:18.405761,954,132,error,high,lua,Lua error [FRAME_DESYNC]: Severe frame ID mismatch detected,0,0,-1,,
2026-03-22T01:34:25.094997,955,92,error,high,lua,Lua error [FRAME_DESYNC]: Severe frame ID mismatch detected,0,0,-1,,
2026-03-22T01:34:37.519675,956,177,error,high,lua,Lua error [FRAME_DESYNC]: Severe frame ID mismatch detected,0,0,-1,,
2026-03-22T01:36:24.078978,961,81,error,high,lua,Lua error [FRAME_DESYNC]: Severe frame ID mismatch detected,0,0,-1,,
2026-03-22T01:37:31.583642,963,525,error,high,lua,Lua error [FRAME_DESYNC]: Severe frame ID mismatch detected,0,0,-1,,
2026-03-22T01:38:10.902449,965,267,error,high,lua,Lua error [FRAME_DESYNC]: Severe frame ID mismatch detected,0,0,-1,,
2026-03-22T01:38:17.751203,967,63,error,high,lua,Lua error [FRAME_DESYNC]: Severe frame ID mismatch detected,0,0,-1,,
2026-03-22T01:38:27.524997,967,139,error,high,lua,Lua error [FRAME_DESYNC]: Severe frame ID mismatch detected,0,0,-1,,
2026-03-22T01:39:06.094134,970,93,error,high,lua,Lua error [FRAME_DESYNC]: Severe frame ID mismatch detected,0,0,-1,,
2026-03-22T01:40:01.086995,972,65,error,high,lua,Lua error [FRAME_DESYNC]: Severe frame ID mismatch detected,0,0,-1,,
2026-03-22T01:40:06.659769,973,74,error,high,lua,Lua error [FRAME_DESYNC]: Severe frame ID mismatch detected,0,0,-1,,
2026-03-22T01:40:15.990335,975,131,error,high,lua,Lua error [FRAME_DESYNC]: Severe frame ID mismatch detected,0,0,-1,,
2026-03-22T01:41:43.383469,977,211,error,high,lua,Lua error [FRAME_DESYNC]: Severe frame ID mismatch detected,0,0,-1,,
2026-03-22T01:43:27.296374,983,52,error,high,lua,Lua error [FRAME_DESYNC]: Severe frame ID mismatch detected,0,0,-1,,
2026-03-22T01:43:45.397530,984,263,error,high,lua,Lua error [FRAME_DESYNC]: Severe frame ID mismatch detected,0,0,-1,,
2026-03-22T01:44:15.347609,986,120,error,high,lua,Lua error [FRAME_DESYNC]: Severe frame ID mismatch detected,0,0,-1,,
2026-03-22T01:46:50.481352,992,104,error,high,lua,Lua error [FRAME_DESYNC]: Severe frame ID mismatch detected,0,0,-1,,
2026-03-22T01:47:00.396145,994,140,error,high,lua,Lua error [FRAME_DESYNC]: Severe frame ID mismatch detected,0,0,-1,,
2026-03-22T01:47:04.774291,994,57,error,high,lua,Lua error [FRAME_DESYNC]: Severe frame ID mismatch detected,0,0,-1,,
2026-03-22T01:47:31.341381,996,350,error,high,lua,Lua error [FRAME_DESYNC]: Severe frame ID mismatch detected,0,0,-1,,
2026-03-22T01:47:59.365257,997,53,error,high,lua,Lua error [FRAME_DESYNC]: Severe frame ID mismatch detected,0,0,-1,,
2026-03-22T01:48:04.151492,998,62,error,high,lua,Lua error [FRAME_DESYNC]: Severe frame ID mismatch detected,0,0,-1,,
2026-03-22T01:48:24.790119,1001,115,error,high,lua,Lua error [FRAME_DESYNC]: Severe frame ID mismatch detected,0,0,-1,,
2026-03-22T01:48:45.316583,1002,114,error,high,lua,Lua error [FRAME_DESYNC]: Severe frame ID mismatch detected,0,0,-1,,
2026-03-22T01:49:02.661236,1003,252,error,high,lua,Lua error [FRAME_DESYNC]: Severe frame ID mismatch detected,0,0,-1,,
2026-03-22T01:49:10.108597,1004,73,error,high,lua,Lua error [FRAME_DESYNC]: Severe frame ID mismatch detected,0,0,-1,,
2026-03-22T01:50:13.254501,1008,140,error,high,lua,Lua error [FRAME_DESYNC]: Severe frame ID mismatch detected,0,0,-1,,
2026-03-22T01:51:06.282855,1010,142,error,high,lua,Lua error [FRAME_DESYNC]: Severe frame ID mismatch detected,0,0,-1,,
2026-03-22T01:51:17.463990,1011,159,error,high,lua,Lua error [FRAME_DESYNC]: Severe frame ID mismatch detected,0,0,-1,,
2026-03-22T01:51:37.630842,1012,293,error,high,lua,Lua error [FRAME_DESYNC]: Severe frame ID mismatch detected,0,0,-1,,
2026-03-22T01:51:48.978778,1013,127,error,high,lua,Lua error [FRAME_DESYNC]: Severe frame ID mismatch detected,0,0,-1,,
2026-03-22T01:52:13.943667,1014,366,error,high,lua,Lua error [FRAME_DESYNC]: Severe frame ID mismatch detected,0,0,-1,,
2026-03-22T01:52:53.123628,1018,57,error,high,lua,Lua error [FRAME_DESYNC]: Severe frame ID mismatch detected,0,0,-1,,
2026-03-22T01:53:42.175134,1019,369,error,high,lua,Lua error [FRAME_DESYNC]: Severe frame ID mismatch detected,0,0,-1,,
2026-03-22T01:55:18.032186,1024,346,error,high,lua,Lua error [FRAME_DESYNC]: Severe frame ID mismatch detected,0,0,-1,,
2026-03-22T01:56:20.749961,1026,413,error,high,lua,Lua error [FRAME_DESYNC]: Severe frame ID mismatch detected,0,0,-1,,
2026-03-22T01:56:30.827545,1027,100,error,high,lua,Lua error [FRAME_DESYNC]: Severe frame ID mismatch detected,0,0,-1,,
2026-03-22T01:56:56.917722,1029,84,error,high,lua,Lua error [FRAME_DESYNC]: Severe frame ID mismatch detected,0,0,-1,,
2026-03-22T01:57:04.105579,1030,99,error,high,lua,Lua error [FRAME_DESYNC]: Severe frame ID mismatch detected,0,0,-1,,
2026-03-22T01:57:50.695381,1032,353,error,high,lua,Lua error [FRAME_DESYNC]: Severe frame ID mismatch detected,0,0,-1,,
2026-03-22T01:58:15.571214,1033,327,error,high,lua,Lua error [FRAME_DESYNC]: Severe frame ID mismatch detected,0,0,-1,,
2026-03-22T01:58:30.595615,1034,178,error,high,lua,Lua error [FRAME_DESYNC]: Severe frame ID mismatch detected,0,0,-1,,
2026-03-22T01:58:34.605429,1035,51,error,high,lua,Lua error [FRAME_DESYNC]: Severe frame ID mismatch detected,0,0,-1,,
2026-03-22T01:58:40.512662,1036,79,error,high,lua,Lua error [FRAME_DESYNC]: Severe frame ID mismatch detected,0,0,-1,,
2026-03-22T01:59:06.718925,1037,385,error,high,lua,Lua error [FRAME_DESYNC]: Severe frame ID mismatch detected,0,0,-1,,
2026-03-22T02:01:06.038759,1041,299,error,high,lua,Lua error [FRAME_DESYNC]: Severe frame ID mismatch detected,0,0,-1,,
2026-03-22T02:01:38.555050,1043,93,error,high,lua,Lua error [FRAME_DESYNC]: Severe frame ID mismatch detected,0,0,-1,,
2026-03-22T02:02:36.956216,1046,92,error,high,lua,Lua error [FRAME_DESYNC]: Severe frame ID mismatch detected,0,0,-1,,
2026-03-22T02:03:22.214105,1049,214,error,high,lua,Lua error [FRAME_DESYNC]: Severe frame ID mismatch detected,0,0,-1,,
2026-03-22T02:03:50.047810,1051,123,error,high,lua,Lua error [FRAME_DESYNC]: Severe frame ID mismatch detected,0,0,-1,,
2026-03-22T02:04:03.121760,1052,172,error,high,lua,Lua error [FRAME_DESYNC]: Severe frame ID mismatch detected,0,0,-1,,
2026-03-22T02:04:19.709453,1053,218,error,high,lua,Lua error [FRAME_DESYNC]: Severe frame ID mismatch detected,0,0,-1,,
2026-03-22T02:05:30.559530,1055,55,error,high,lua,Lua error [FRAME_DESYNC]: Severe frame ID mismatch detected,0,0,-1,,
2026-03-22T02:06:04.803209,1057,162,error,high,lua,Lua error [FRAME_DESYNC]: Severe frame ID mismatch detected,0,0,-1,,
2026-03-22T02:06:26.550728,1058,318,error,high,lua,Lua error [FRAME_DESYNC]: Severe frame ID mismatch detected,0,0,-1,,
2026-03-22T02:07:31.925880,1060,92,error,high,lua,Lua error [FRAME_DESYNC]: Severe frame ID mismatch detected,0,0,-1,,
2026-03-22T02:07:39.880958,1061,99,error,high,lua,Lua error [FRAME_DESYNC]: Severe frame ID mismatch detected,0,0,-1,,
2026-03-22T02:09:14.706959,1064,664,error,high,lua,Lua error [FRAME_DESYNC]: Severe frame ID mismatch detected,0,0,-1,,
2026-03-22T02:10:19.067392,1065,886,error,high,lua,Lua error [FRAME_DESYNC]: Severe frame ID mismatch detected,0,0,-1,,
2026-03-22T02:11:42.047949,1068,404,error,high,lua,Lua error [FRAME_DESYNC]: Severe frame ID mismatch detected,0,0,-1,,
2026-03-22T02:13:26.393264,1072,244,error,high,lua,Lua error [FRAME_DESYNC]: Severe frame ID mismatch detected,0,0,-1,,
2026-03-22T02:14:45.079187,1076,125,error,high,lua,Lua error [FRAME_DESYNC]: Severe frame ID mismatch detected,0,0,-1,,
2026-03-22T02:14:50.088610,1077,66,error,high,lua,Lua error [FRAME_DESYNC]: Severe frame ID mismatch detected,0,0,-1,,
2026-03-22T02:15:09.179565,1078,277,error,high,lua,Lua error [FRAME_DESYNC]: Severe frame ID mismatch detected,0,0,-1,,
2026-03-22T02:15:17.686695,1080,87,error,high,lua,Lua error [FRAME_DESYNC]: Severe frame ID mismatch detected,0,0,-1,,
2026-03-22T02:16:37.611305,1083,241,error,high,lua,Lua error [FRAME_DESYNC]: Severe frame ID mismatch detected,0,0,-1,,
2026-03-22T02:17:57.186069,1087,78,error,high,lua,Lua error [FRAME_DESYNC]: Severe frame ID mismatch detected,0,0,-1,,
2026-03-22T02:18:18.262097,1089,95,error,high,lua,Lua error [FRAME_DESYNC]: Severe frame ID mismatch detected,0,0,-1,,
2026-03-22T02:18:26.605315,1090,117,error,high,lua,Lua error [FRAME_DESYNC]: Severe frame ID mismatch detected,0,0,-1,,
2026-03-22T02:19:37.968793,1094,71,error,high,lua,Lua error [FRAME_DESYNC]: Severe frame ID mismatch detected,0,0,-1,,
2026-03-22T02:22:54.070554,1102,117,error,high,lua,Lua error [FRAME_DESYNC]: Severe frame ID mismatch detected,0,0,-1,,
2026-03-22T02:23:42.598757,1104,61,error,high,lua,Lua error [FRAME_DESYNC]: Severe frame ID mismatch detected,0,0,-1,,
2026-03-22T02:23:52.016046,1106,132,error,high,lua,Lua error [FRAME_DESYNC]: Severe frame ID mismatch detected,0,0,-1,,
2026-03-22T02:27:53.879953,1115,97,error,high,lua,Lua error [FRAME_DESYNC]: Severe frame ID mismatch detected,0,0,-1,,
2026-03-22T02:28:17.631325,1116,348,error,high,lua,Lua error [FRAME_DESYNC]: Severe frame ID mismatch detected,0,0,-1,,
2026-03-22T02:29:22.550338,1119,61,error,high,lua,Lua error [FRAME_DESYNC]: Severe frame ID mismatch detected,0,0,-1,,
2026-03-22T02:29:54.635772,1121,69,error,high,lua,Lua error [FRAME_DESYNC]: Severe frame ID mismatch detected,0,0,-1,,
2026-03-22T02:30:15.689626,1123,274,error,high,lua,Lua error [FRAME_DESYNC]: Severe frame ID mismatch detected,0,0,-1,,
2026-03-22T02:31:23.707582,1126,134,error,high,lua,Lua error [FRAME_DESYNC]: Severe frame ID mismatch detected,0,0,-1,,
2026-03-22T02:33:45.166694,1130,97,error,high,lua,Lua error [FRAME_DESYNC]: Severe frame ID mismatch detected,0,0,-1,,
2026-03-22T02:33:53.155180,1131,111,error,high,lua,Lua error [FRAME_DESYNC]: Severe frame ID mismatch detected,0,0,-1,,
2026-03-22T02:33:59.062050,1132,80,error,high,lua,Lua error [FRAME_DESYNC]: Severe frame ID mismatch detected,0,0,-1,,
2026-03-22T02:34:32.538319,1134,88,error,high,lua,Lua error [FRAME_DESYNC]: Severe frame ID mismatch detected,0,0,-1,,
2026-03-22T02:34:38.417414,1136,80,error,high,lua,Lua error [FRAME_DESYNC]: Severe frame ID mismatch detected,0,0,-1,,
2026-03-22T02:35:40.293549,1138,266,error,high,lua,Lua error [FRAME_DESYNC]: Severe frame ID mismatch detected,0,0,-1,,
2026-03-22T02:35:46.904363,1139,57,error,high,lua,Lua error [FRAME_DESYNC]: Severe frame ID mismatch detected,0,0,-1,,
2026-03-22T02:36:13.371236,1141,53,error,high,lua,Lua error [FRAME_DESYNC]: Severe frame ID mismatch detected,0,0,-1,,
2026-03-22T02:36:21.881606,1142,119,error,high,lua,Lua error [FRAME_DESYNC]: Severe frame ID mismatch detected,0,0,-1,,
2026-03-22T02:37:07.847921,1144,352,error,high,lua,Lua error [FRAME_DESYNC]: Severe frame ID mismatch detected,0,0,-1,,
2026-03-22T02:37:18.530091,1145,113,error,high,lua,Lua error [FRAME_DESYNC]: Severe frame ID mismatch detected,0,0,-1,,
2026-03-22T02:38:07.399245,1146,724,error,high,lua,Lua error [FRAME_DESYNC]: Severe frame ID mismatch detected,0,0,-1,,
2026-03-22T02:40:22.875993,1152,68,error,high,lua,Lua error [FRAME_DESYNC]: Severe frame ID mismatch detected,0,0,-1,,
2026-03-22T02:41:09.122555,1154,203,error,high,lua,Lua error [FRAME_DESYNC]: Severe frame ID mismatch detected,0,0,-1,,
2026-03-22T02:41:41.961492,1156,49,error,high,lua,Lua error [FRAME_DESYNC]: Severe frame ID mismatch detected,0,0,-1,,
2026-03-22T02:41:56.919775,1157,216,error,high,lua,Lua error [FRAME_DESYNC]: Severe frame ID mismatch detected,0,0,-1,,
2026-03-22T02:42:46.760844,1159,64,error,high,lua,Lua error [FRAME_DESYNC]: Severe frame ID mismatch detected,0,0,-1,,
2026-03-22T02:43:44.815576,1161,783,error,high,lua,Lua error [FRAME_DESYNC]: Severe frame ID mismatch detected,0,0,-1,,
2026-03-22T02:44:10.233521,1162,166,error,high,lua,Lua error [FRAME_DESYNC]: Severe frame ID mismatch detected,0,0,-1,,
2026-03-22T02:44:54.676713,1166,54,error,high,lua,Lua error [FRAME_DESYNC]: Severe frame ID mismatch detected,0,0,-1,,
2026-03-22T02:45:01.764296,1167,97,error,high,lua,Lua error [FRAME_DESYNC]: Severe frame ID mismatch detected,0,0,-1,,
2026-03-22T02:46:10.783841,1169,219,error,high,lua,Lua error [FRAME_DESYNC]: Severe frame ID mismatch detected,0,0,-1,,
2026-03-22T02:46:19.852759,1170,102,error,high,lua,Lua error [FRAME_DESYNC]: Severe frame ID mismatch detected,0,0,-1,,
2026-03-22T02:47:56.698135,1173,825,error,high,lua,Lua error [FRAME_DESYNC]: Severe frame ID mismatch detected,0,0,-1,,
2026-03-22T02:48:06.724729,1174,58,error,high,lua,Lua error [FRAME_DESYNC]: Severe frame ID mismatch detected,0,0,-1,,
2026-03-22T02:49:31.368030,1176,305,error,high,lua,Lua error [FRAME_DESYNC]: Severe frame ID mismatch detected,0,0,-1,,
2026-03-22T02:51:00.275379,1181,116,error,high,lua,Lua error [FRAME_DESYNC]: Severe frame ID mismatch detected,0,0,-1,,
2026-03-22T02:51:05.928355,1181,77,error,high,lua,Lua error [FRAME_DESYNC]: Severe frame ID mismatch detected,0,0,-1,,
2026-03-22T02:51:25.778692,1182,289,error,high,lua,Lua error [FRAME_DESYNC]: Severe frame ID mismatch detected,0,0,-1,,
2026-03-22T02:52:52.271987,1185,346,error,high,lua,Lua error [FRAME_DESYNC]: Severe frame ID mismatch detected,0,0,-1,,
2026-03-22T02:54:22.934140,1189,243,error,high,lua,Lua error [FRAME_DESYNC]: Severe frame ID mismatch detected,0,0,-1,,
2026-03-22T02:54:47.080055,1189,354,error,high,lua,Lua error [FRAME_DESYNC]: Severe frame ID mismatch detected,0,0,-1,,
2026-03-22T02:55:43.426083,1192,270,error,high,lua,Lua error [FRAME_DESYNC]: Severe frame ID mismatch detected,0,0,-1,,
2026-03-22T02:56:42.560704,1195,55,error,high,lua,Lua error [FRAME_DESYNC]: Severe frame ID mismatch detected,0,0,-1,,
2026-03-22T02:56:47.400936,1197,64,error,high,lua,Lua error [FRAME_DESYNC]: Severe frame ID mismatch detected,0,0,-1,,
2026-03-22T02:56:52.571499,1197,70,error,high,lua,Lua error [FRAME_DESYNC]: Severe frame ID mismatch detected,0,0,-1,,
2026-03-22T02:56:57.130912,1198,60,error,high,lua,Lua error [FRAME_DESYNC]: Severe frame ID mismatch detected,0,0,-1,,
2026-03-22T02:57:07.586211,1199,148,error,high,lua,Lua error [FRAME_DESYNC]: Severe frame ID mismatch detected,0,0,-1,,
2026-03-22T02:57:17.813685,1200,128,error,high,lua,Lua error [FRAME_DESYNC]: Severe frame ID mismatch detected,0,0,-1,,
2026-03-22T02:57:25.501417,1201,89,error,high,lua,Lua error [FRAME_DESYNC]: Severe frame ID mismatch detected,0,0,-1,,
2026-03-22T02:58:04.509424,1203,380,error,high,lua,Lua error [FRAME_DESYNC]: Severe frame ID mismatch detected,0,0,-1,,
2026-03-22T03:01:34.311901,1210,290,error,high,lua,Lua error [FRAME_DESYNC]: Severe frame ID mismatch detected,0,0,-1,,
2026-03-22T03:06:15.683108,1221,63,error,high,lua,Lua error [FRAME_DESYNC]: Severe frame ID mismatch detected,0,0,-1,,
2026-03-22T03:06:30.914118,1222,219,error,high,lua,Lua error [FRAME_DESYNC]: Severe frame ID mismatch detected,0,0,-1,,
2026-03-22T03:06:36.969978,1223,56,error,high,lua,Lua error [FRAME_DESYNC]: Severe frame ID mismatch detected,0,0,-1,,
2026-03-22T03:07:29.409042,1226,304,error,high,lua,Lua error [FRAME_DESYNC]: Severe frame ID mismatch detected,0,0,-1,,
2026-03-22T03:07:56.462202,1228,84,error,high,lua,Lua error [FRAME_DESYNC]: Severe frame ID mismatch detected,0,0,-1,,
2026-03-22T03:09:22.773066,1230,231,error,high,lua,Lua error [FRAME_DESYNC]: Severe frame ID mismatch detected,0,0,-1,,
2026-03-22T03:12:06.027068,1237,174,error,high,lua,Lua error [FRAME_DESYNC]: Severe frame ID mismatch detected,0,0,-1,,
2026-03-22T03:12:36.519632,1239,103,error,high,lua,Lua error [FRAME_DESYNC]: Severe frame ID mismatch detected,0,0,-1,,
2026-03-22T03:14:24.238141,1244,308,error,high,lua,Lua error [FRAME_DESYNC]: Severe frame ID mismatch detected,0,0,-1,,
2026-03-22T03:14:33.771876,1245,99,error,high,lua,Lua error [FRAME_DESYNC]: Severe frame ID mismatch detected,0,0,-1,,
2026-03-22T03:16:00.431827,1248,482,error,high,lua,Lua error [FRAME_DESYNC]: Severe frame ID mismatch detected,0,0,-1,,
2026-03-22T03:16:09.213692,1249,70,error,high,lua,Lua error [FRAME_DESYNC]: Severe frame ID mismatch detected,0,0,-1,,
2026-03-22T03:16:33.803627,1250,359,error,high,lua,Lua error [FRAME_DESYNC]: Severe frame ID mismatch detected,0,0,-1,,
2026-03-22T03:16:47.313502,1251,154,error,high,lua,Lua error [FRAME_DESYNC]: Severe frame ID mismatch detected,0,0,-1,,
2026-03-22T03:17:07.829786,1252,299,error,high,lua,Lua error [FRAME_DESYNC]: Severe frame ID mismatch detected,0,0,-1,,
2026-03-22T03:17:46.400180,1253,539,error,high,lua,Lua error [FRAME_DESYNC]: Severe frame ID mismatch detected,0,0,-1,,
2026-03-22T03:17:53.970457,1254,47,error,high,lua,Lua error [FRAME_DESYNC]: Severe frame ID mismatch detected,0,0,-1,,
2026-03-22T03:18:02.512129,1256,118,error,high,lua,Lua error [FRAME_DESYNC]: Severe frame ID mismatch detected,0,0,-1,,
2026-03-22T03:18:08.369428,1256,80,error,high,lua,Lua error [FRAME_DESYNC]: Severe frame ID mismatch detected,0,0,-1,,
2026-03-22T03:19:28.354870,1259,408,error,high,lua,Lua error [FRAME_DESYNC]: Severe frame ID mismatch detected,0,0,-1,,
2026-03-22T03:19:56.715541,1261,105,error,high,lua,Lua error [FRAME_DESYNC]: Severe frame ID mismatch detected,0,0,-1,,
2026-03-22T03:21:14.478819,1266,53,error,high,lua,Lua error [FRAME_DESYNC]: Severe frame ID mismatch detected,0,0,-1,,
2026-03-22T03:21:48.405518,1268,185,error,high,lua,Lua error [FRAME_DESYNC]: Severe frame ID mismatch detected,0,0,-1,,
2026-03-22T03:21:55.361247,1269,74,error,high,lua,Lua error [FRAME_DESYNC]: Severe frame ID mismatch detected,0,0,-1,,
2026-03-22T03:22:28.672096,1271,53,error,high,lua,Lua error [FRAME_DESYNC]: Severe frame ID mismatch detected,0,0,-1,,
2026-03-22T03:22:34.052907,1272,72,error,high,lua,Lua error [FRAME_DESYNC]: Severe frame ID mismatch detected,0,0,-1,,
2026-03-22T03:22:40.502197,1273,88,error,high,lua,Lua error [FRAME_DESYNC]: Severe frame ID mismatch detected,0,0,-1,,
2026-03-22T03:22:46.177816,1274,76,error,high,lua,Lua error [FRAME_DESYNC]: Severe frame ID mismatch detected,0,0,-1,,
2026-03-22T03:23:34.138871,1276,641,error,high,lua,Lua error [FRAME_DESYNC]: Severe frame ID mismatch detected,0,0,-1,,
2026-03-22T03:23:38.706395,1276,60,error,high,lua,Lua error [FRAME_DESYNC]: Severe frame ID mismatch detected,0,0,-1,,
2026-03-22T03:24:19.239554,1279,40,error,high,lua,Lua error [FRAME_DESYNC]: Severe frame ID mismatch detected,0,0,-1,,
2026-03-22T03:24:34.770095,1280,224,error,high,lua,Lua error [FRAME_DESYNC]: Severe frame ID mismatch detected,0,0,-1,,
2026-03-22T03:24:44.240010,1282,109,error,high,lua,Lua error [FRAME_DESYNC]: Severe frame ID mismatch detected,0,0,-1,,
2026-03-22T03:25:16.128252,1283,86,error,high,lua,Lua error [FRAME_DESYNC]: Severe frame ID mismatch detected,0,0,-1,,
2026-03-22T03:25:39.028789,1285,76,error,high,lua,Lua error [FRAME_DESYNC]: Severe frame ID mismatch detected,0,0,-1,,
2026-03-22T03:25:47.418304,1286,117,error,high,lua,Lua error [FRAME_DESYNC]: Severe frame ID mismatch detected,0,0,-1,,
2026-03-22T03:26:32.119338,1289,179,error,high,lua,Lua error [FRAME_DESYNC]: Severe frame ID mismatch detected,0,0,-1,,
2026-03-22T03:29:18.660656,1294,80,error,high,lua,Lua error [FRAME_DESYNC]: Severe frame ID mismatch detected,0,0,-1,,
2026-03-22T03:30:46.038142,1298,483,error,high,lua,Lua error [FRAME_DESYNC]: Severe frame ID mismatch detected,0,0,-1,,
2026-03-22T03:30:59.798657,1299,149,error,high,lua,Lua error [FRAME_DESYNC]: Severe frame ID mismatch detected,0,0,-1,,
2026-03-22T03:34:33.487537,1308,71,error,high,lua,Lua error [FRAME_DESYNC]: Severe frame ID mismatch detected,0,0,-1,,
2026-03-22T03:34:51.362455,1311,92,error,high,lua,Lua error [FRAME_DESYNC]: Severe frame ID mismatch detected,0,0,-1,,
2026-03-22T03:34:54.819097,1311,44,error,high,lua,Lua error [FRAME_DESYNC]: Severe frame ID mismatch detected,0,0,-1,,
2026-03-22T03:35:43.238837,1313,438,error,high,lua,Lua error [FRAME_DESYNC]: Severe frame ID mismatch detected,0,0,-1,,
2026-03-22T03:35:52.091978,1314,74,error,high,lua,Lua error [FRAME_DESYNC]: Severe frame ID mismatch detected,0,0,-1,,
2026-03-22T03:36:18.131983,1316,104,error,high,lua,Lua error [FRAME_DESYNC]: Severe frame ID mismatch detected,0,0,-1,,
2026-03-22T03:37:12.840548,1319,44,error,high,lua,Lua error [FRAME_DESYNC]: Severe frame ID mismatch detected,0,0,-1,,
2026-03-22T03:37:18.131195,1321,62,error,high,lua,Lua error [FRAME_DESYNC]: Severe frame ID mismatch detected,0,0,-1,,
2026-03-22T03:37:50.832927,1322,56,error,high,lua,Lua error [FRAME_DESYNC]: Severe frame ID mismatch detected,0,0,-1,,
2026-03-22T03:38:38.439347,1323,706,error,high,lua,Lua error [FRAME_DESYNC]: Severe frame ID mismatch detected,0,0,-1,,
2026-03-22T03:39:04.688421,1325,70,error,high,lua,Lua error [FRAME_DESYNC]: Severe frame ID mismatch detected,0,0,-1,,
2026-03-22T03:39:30.995520,1327,88,error,high,lua,Lua error [FRAME_DESYNC]: Severe frame ID mismatch detected,0,0,-1,,
2026-03-22T03:40:15.072189,1328,654,error,high,lua,Lua error [FRAME_DESYNC]: Severe frame ID mismatch detected,0,0,-1,,
2026-03-22T03:40:51.694340,1330,193,error,high,lua,Lua error [FRAME_DESYNC]: Severe frame ID mismatch detected,0,0,-1,,
2026-03-22T03:42:04.208080,1333,175,error,high,lua,Lua error [FRAME_DESYNC]: Severe frame ID mismatch detected,0,0,-1,,
2026-03-22T03:43:20.680888,1336,460,error,high,lua,Lua error [FRAME_DESYNC]: Severe frame ID mismatch detected,0,0,-1,,
2026-03-22T03:44:53.510471,1341,39,error,high,lua,Lua error [FRAME_DESYNC]: Severe frame ID mismatch detected,0,0,-1,,
2026-03-22T03:45:52.412603,1344,64,error,high,lua,Lua error [FRAME_DESYNC]: Severe frame ID mismatch detected,0,0,-1,,
2026-03-22T03:47:20.184556,1347,270,error,high,lua,Lua error [FRAME_DESYNC]: Severe frame ID mismatch detected,0,0,-1,,
2026-03-22T03:48:49.163670,1350,999,error,high,lua,Lua error [FRAME_DESYNC]: Severe frame ID mismatch detected,0,0,-1,,
2026-03-22T03:49:00.284798,1350,159,error,high,lua,Lua error [FRAME_DESYNC]: Severe frame ID mismatch detected,0,0,-1,,
2026-03-22T03:50:04.112378,1353,394,error,high,lua,Lua error [FRAME_DESYNC]: Severe frame ID mismatch detected,0,0,-1,,
2026-03-22T03:50:22.256073,1355,130,error,high,lua,Lua error [FRAME_DESYNC]: Severe frame ID mismatch detected,0,0,-1,,
2026-03-22T03:50:26.865499,1356,60,error,high,lua,Lua error [FRAME_DESYNC]: Severe frame ID mismatch detected,0,0,-1,,
2026-03-22T03:50:59.221439,1358,82,error,high,lua,Lua error [FRAME_DESYNC]: Severe frame ID mismatch detected,0,0,-1,,
2026-03-22T03:52:52.035481,1362,941,error,high,lua,Lua error [FRAME_DESYNC]: Severe frame ID mismatch detected,0,0,-1,,
2026-03-22T03:52:58.207043,1362,84,error,high,lua,Lua error [FRAME_DESYNC]: Severe frame ID mismatch detected,0,0,-1,,
2026-03-22T03:53:02.323503,1363,52,error,high,lua,Lua error [FRAME_DESYNC]: Severe frame ID mismatch detected,0,0,-1,,
2026-03-22T03:53:07.264991,1365,65,error,high,lua,Lua error [FRAME_DESYNC]: Severe frame ID mismatch detected,0,0,-1,,
2026-03-22T03:53:42.383853,1368,70,error,high,lua,Lua error [FRAME_DESYNC]: Severe frame ID mismatch detected,0,0,-1,,
2026-03-22T03:54:07.426096,1368,368,error,high,lua,Lua error [FRAME_DESYNC]: Severe frame ID mismatch detected,0,0,-1,,
2026-03-22T03:54:54.497564,1369,657,error,high,lua,Lua error [FRAME_DESYNC]: Severe frame ID mismatch detected,0,0,-1,,
2026-03-22T03:56:29.561480,1375,370,error,high,lua,Lua error [FRAME_DESYNC]: Severe frame ID mismatch detected,0,0,-1,,
2026-03-22T03:57:22.602236,1376,259,error,high,lua,Lua error [FRAME_DESYNC]: Severe frame ID mismatch detected,0,0,-1,,
2026-03-22T03:57:51.444800,1378,59,error,high,lua,Lua error [FRAME_DESYNC]: Severe frame ID mismatch detected,0,0,-1,,
2026-03-22T03:57:55.498165,1379,52,error,high,lua,Lua error [FRAME_DESYNC]: Severe frame ID mismatch detected,0,0,-1,,
2026-03-22T03:58:40.596319,1380,669,error,high,lua,Lua error [FRAME_DESYNC]: Severe frame ID mismatch detected,0,0,-1,,
2026-03-22T03:58:52.370245,1381,101,error,high,lua,Lua error [FRAME_DESYNC]: Severe frame ID mismatch detected,0,0,-1,,
2026-03-22T03:59:38.781719,1385,68,error,high,lua,Lua error [FRAME_DESYNC]: Severe frame ID mismatch detected,0,0,-1,,
2026-03-22T04:00:27.386062,1387,103,error,high,lua,Lua error [FRAME_DESYNC]: Severe frame ID mismatch detected,0,0,-1,,
2026-03-22T04:01:52.321843,1391,79,error,high,lua,Lua error [FRAME_DESYNC]: Severe frame ID mismatch detected,0,0,-1,,
2026-03-22T04:02:43.237194,1393,313,error,high,lua,Lua error [FRAME_DESYNC]: Severe frame ID mismatch detected,0,0,-1,,
2026-03-22T04:03:02.122502,1394,240,error,high,lua,Lua error [FRAME_DESYNC]: Severe frame ID mismatch detected,0,0,-1,,
2026-03-22T04:03:18.729397,1396,241,error,high,lua,Lua error [FRAME_DESYNC]: Severe frame ID mismatch detected,0,0,-1,,
2026-03-22T04:03:41.301454,1397,143,error,high,lua,Lua error [FRAME_DESYNC]: Severe frame ID mismatch detected,0,0,-1,,
2026-03-22T04:04:20.270681,1400,55,error,high,lua,Lua error [FRAME_DESYNC]: Severe frame ID mismatch detected,0,0,-1,,
2026-03-22T04:06:34.078652,1405,768,error,high,lua,Lua error [FRAME_DESYNC]: Severe frame ID mismatch detected,0,0,-1,,
2026-03-22T04:06:38.758788,1406,62,error,high,lua,Lua error [FRAME_DESYNC]: Severe frame ID mismatch detected,0,0,-1,,
2026-03-22T04:06:48.014253,1407,131,error,high,lua,Lua error [FRAME_DESYNC]: Severe frame ID mismatch detected,0,0,-1,,
2026-03-22T04:07:03.633136,1407,227,error,high,lua,Lua error [FRAME_DESYNC]: Severe frame ID mismatch detected,0,0,-1,,
2026-03-22T04:07:23.217839,1408,261,error,high,lua,Lua error [FRAME_DESYNC]: Severe frame ID mismatch detected,0,0,-1,,
2026-03-22T04:07:34.953145,1409,167,error,high,lua,Lua error [FRAME_DESYNC]: Severe frame ID mismatch detected,0,0,-1,,
2026-03-22T04:07:40.189668,1410,69,error,high,lua,Lua error [FRAME_DESYNC]: Severe frame ID mismatch detected,0,0,-1,,
2026-03-22T04:07:44.856080,1411,61,error,high,lua,Lua error [FRAME_DESYNC]: Severe frame ID mismatch detected,0,0,-1,,
2026-03-22T04:07:51.253818,1412,87,error,high,lua,Lua error [FRAME_DESYNC]: Severe frame ID mismatch detected,0,0,-1,,
2026-03-22T04:08:12.801415,1414,76,error,high,lua,Lua error [FRAME_DESYNC]: Severe frame ID mismatch detected,0,0,-1,,
2026-03-22T04:08:47.660108,1417,61,error,high,lua,Lua error [FRAME_DESYNC]: Severe frame ID mismatch detected,0,0,-1,,
2026-03-22T04:08:53.467058,1418,78,error,high,lua,Lua error [FRAME_DESYNC]: Severe frame ID mismatch detected,0,0,-1,,
2026-03-22T04:08:57.893052,1419,57,error,high,lua,Lua error [FRAME_DESYNC]: Severe frame ID mismatch detected,0,0,-1,,
2026-03-22T04:09:18.043111,1420,294,error,high,lua,Lua error [FRAME_DESYNC]: Severe frame ID mismatch detected,0,0,-1,,
2026-03-22T04:09:31.064871,1422,152,error,high,lua,Lua error [FRAME_DESYNC]: Severe frame ID mismatch detected,0,0,-1,,
2026-03-22T04:10:14.242086,1423,266,error,high,lua,Lua error [FRAME_DESYNC]: Severe frame ID mismatch detected,0,0,-1,,
2026-03-22T04:11:49.325691,1426,190,error,high,lua,Lua error [FRAME_DESYNC]: Severe frame ID mismatch detected,0,0,-1,,
2026-03-22T04:11:52.793280,1427,43,error,high,lua,Lua error [FRAME_DESYNC]: Severe frame ID mismatch detected,0,0,-1,,
2026-03-22T04:12:12.620738,1428,289,error,high,lua,Lua error [FRAME_DESYNC]: Severe frame ID mismatch detected,0,0,-1,,
2026-03-22T04:12:21.612706,1429,96,error,high,lua,Lua error [FRAME_DESYNC]: Severe frame ID mismatch detected,0,0,-1,,
2026-03-22T04:12:46.697414,1430,368,error,high,lua,Lua error [FRAME_DESYNC]: Severe frame ID mismatch detected,0,0,-1,,
2026-03-22T04:13:45.616574,1434,69,error,high,lua,Lua error [FRAME_DESYNC]: Severe frame ID mismatch detected,0,0,-1,,
2026-03-22T04:14:14.319266,1436,95,error,high,lua,Lua error [FRAME_DESYNC]: Severe frame ID mismatch detected,0,0,-1,,
2026-03-22T04:14:19.765896,1437,73,error,high,lua,Lua error [FRAME_DESYNC]: Severe frame ID mismatch detected,0,0,-1,,
2026-03-22T04:14:23.786606,1438,52,error,high,lua,Lua error [FRAME_DESYNC]: Severe frame ID mismatch detected,0,0,-1,,
2026-03-22T04:14:28.435697,1439,61,error,high,lua,Lua error [FRAME_DESYNC]: Severe frame ID mismatch detected,0,0,-1,,
2026-03-22T04:14:33.087969,1440,61,error,high,lua,Lua error [FRAME_DESYNC]: Severe frame ID mismatch detected,0,0,-1,,
2026-03-22T04:14:37.630918,1442,49,error,high,lua,Lua error [FRAME_DESYNC]: Severe frame ID mismatch detected,0,0,-1,,
2026-03-22T04:14:53.296309,1442,227,error,high,lua,Lua error [FRAME_DESYNC]: Severe frame ID mismatch detected,0,0,-1,,
2026-03-22T04:14:58.146637,1443,63,error,high,lua,Lua error [FRAME_DESYNC]: Severe frame ID mismatch detected,0,0,-1,,
2026-03-22T04:16:17.283084,1446,66,error,high,lua,Lua error [FRAME_DESYNC]: Severe frame ID mismatch detected,0,0,-1,,
2026-03-22T04:17:00.925739,1448,363,error,high,lua,Lua error [FRAME_DESYNC]: Severe frame ID mismatch detected,0,0,-1,,
2026-03-22T04:18:12.458114,1451,217,error,high,lua,Lua error [FRAME_DESYNC]: Severe frame ID mismatch detected,0,0,-1,,
2026-03-22T04:19:33.407213,1454,82,error,high,lua,Lua error [FRAME_DESYNC]: Severe frame ID mismatch detected,0,0,-1,,
2026-03-22T04:22:07.584096,1458,293,error,high,lua,Lua error [FRAME_DESYNC]: Severe frame ID mismatch detected,0,0,-1,,
2026-03-22T04:23:54.562703,1463,104,error,high,lua,Lua error [FRAME_DESYNC]: Severe frame ID mismatch detected,0,0,-1,,
2026-03-22T04:24:24.989980,1464,61,error,high,lua,Lua error [FRAME_DESYNC]: Severe frame ID mismatch detected,0,0,-1,,
2026-03-22T04:25:03.115642,1466,321,error,high,lua,Lua error [FRAME_DESYNC]: Severe frame ID mismatch detected,0,0,-1,,
2026-03-22T04:25:49.532924,1467,654,error,high,lua,Lua error [FRAME_DESYNC]: Severe frame ID mismatch detected,0,0,-1,,
2026-03-22T04:25:58.191500,1468,54,error,high,lua,Lua error [FRAME_DESYNC]: Severe frame ID mismatch detected,0,0,-1,,
2026-03-22T04:26:02.534199,1470,56,error,high,lua,Lua error [FRAME_DESYNC]: Severe frame ID mismatch detected,0,0,-1,,
2026-03-22T04:26:44.509044,1471,71,error,high,lua,Lua error [FRAME_DESYNC]: Severe frame ID mismatch detected,0,0,-1,,
2026-03-22T04:26:48.319071,1472,49,error,high,lua,Lua error [FRAME_DESYNC]: Severe frame ID mismatch detected,0,0,-1,,
2026-03-22T04:27:21.214635,1474,221,error,high,lua,Lua error [FRAME_DESYNC]: Severe frame ID mismatch detected,0,0,-1,,
2026-03-22T04:27:28.840535,1476,78,error,high,lua,Lua error [FRAME_DESYNC]: Severe frame ID mismatch detected,0,0,-1,,
2026-03-22T04:28:08.702263,1477,260,error,high,lua,Lua error [FRAME_DESYNC]: Severe frame ID mismatch detected,0,0,-1,,
2026-03-22T04:28:48.053209,1478,553,error,high,lua,Lua error [FRAME_DESYNC]: Severe frame ID mismatch detected,0,0,-1,,
2026-03-22T04:28:55.458289,1479,47,error,high,lua,Lua error [FRAME_DESYNC]: Severe frame ID mismatch detected,0,0,-1,,
2026-03-22T04:30:44.610264,1484,235,error,high,lua,Lua error [FRAME_DESYNC]: Severe frame ID mismatch detected,0,0,-1,,
2026-03-22T04:32:18.870888,1487,773,error,high,lua,Lua error [FRAME_DESYNC]: Severe frame ID mismatch detected,0,0,-1,,
2026-03-22T04:32:31.682526,1488,105,error,high,lua,Lua error [FRAME_DESYNC]: Severe frame ID mismatch detected,0,0,-1,,
2026-03-22T04:32:35.376410,1489,47,error,high,lua,Lua error [FRAME_DESYNC]: Severe frame ID mismatch detected,0,0,-1,,
2026-03-22T04:32:39.535969,1490,54,error,high,lua,Lua error [FRAME_DESYNC]: Severe frame ID mismatch detected,0,0,-1,,
2026-03-22T04:33:23.043071,1492,580,error,high,lua,Lua error [FRAME_DESYNC]: Severe frame ID mismatch detected,0,0,-1,,
2026-03-22T04:33:30.817651,1492,109,error,high,lua,Lua error [FRAME_DESYNC]: Severe frame ID mismatch detected,0,0,-1,,
2026-03-22T04:33:37.490646,1493,91,error,high,lua,Lua error [FRAME_DESYNC]: Severe frame ID mismatch detected,0,0,-1,,
2026-03-22T04:34:33.498077,1495,88,error,high,lua,Lua error [FRAME_DESYNC]: Severe frame ID mismatch detected,0,0,-1,,
2026-03-22T04:34:47.441712,1496,200,error,high,lua,Lua error [FRAME_DESYNC]: Severe frame ID mismatch detected,0,0,-1,,
2026-03-22T04:34:55.211757,1497,107,error,high,lua,Lua error [FRAME_DESYNC]: Severe frame ID mismatch detected,0,0,-1,,
2026-03-22T04:35:42.455270,1500,234,error,high,lua,Lua error [FRAME_DESYNC]: Severe frame ID mismatch detected,0,0,-1,,
2026-03-22T04:35:49.912150,1501,75,error,high,lua,Lua error [FRAME_DESYNC]: Severe frame ID mismatch detected,0,0,-1,,
2026-03-22T04:35:54.369810,1503,56,error,high,lua,Lua error [FRAME_DESYNC]: Severe frame ID mismatch detected,0,0,-1,,
2026-03-22T04:36:00.852460,1503,89,error,high,lua,Lua error [FRAME_DESYNC]: Severe frame ID mismatch detected,0,0,-1,,
2026-03-22T04:36:35.086249,1505,107,error,high,lua,Lua error [FRAME_DESYNC]: Severe frame ID mismatch detected,0,0,-1,,
2026-03-22T04:36:38.977948,1506,49,error,high,lua,Lua error [FRAME_DESYNC]: Severe frame ID mismatch detected,0,0,-1,,
2026-03-22T04:37:08.008182,1508,79,error,high,lua,Lua error [FRAME_DESYNC]: Severe frame ID mismatch detected,0,0,-1,,
2026-03-22T04:37:15.794836,1509,107,error,high,lua,Lua error [FRAME_DESYNC]: Severe frame ID mismatch detected,0,0,-1,,
2026-03-22T04:37:49.738472,1510,501,error,high,lua,Lua error [FRAME_DESYNC]: Severe frame ID mismatch detected,0,0,-1,,
2026-03-22T04:38:49.556090,1511,836,error,high,lua,Lua error [FRAME_DESYNC]: Severe frame ID mismatch detected,0,0,-1,,
2026-03-22T04:38:59.223215,1512,52,error,high,lua,Lua error [FRAME_DESYNC]: Severe frame ID mismatch detected,0,0,-1,,
2026-03-22T04:39:03.001005,1513,47,error,high,lua,Lua error [FRAME_DESYNC]: Severe frame ID mismatch detected,0,0,-1,,
2026-03-22T04:40:44.398955,1519,55,error,high,lua,Lua error [FRAME_DESYNC]: Severe frame ID mismatch detected,0,0,-1,,
2026-03-22T04:40:51.821315,1520,102,error,high,lua,Lua error [FRAME_DESYNC]: Severe frame ID mismatch detected,0,0,-1,,
2026-03-22T04:41:03.251510,1521,150,error,high,lua,Lua error [FRAME_DESYNC]: Severe frame ID mismatch detected,0,0,-1,,
2026-03-22T04:41:36.767356,1523,444,error,high,lua,Lua error [FRAME_DESYNC]: Severe frame ID mismatch detected,0,0,-1,,
2026-03-22T04:42:59.108519,1525,601,error,high,lua,Lua error [FRAME_DESYNC]: Severe frame ID mismatch detected,0,0,-1,,
2026-03-22T04:43:17.589166,1526,207,error,high,lua,Lua error [FRAME_DESYNC]: Severe frame ID mismatch detected,0,0,-1,,
2026-03-22T04:43:54.783842,1529,66,error,high,lua,Lua error [FRAME_DESYNC]: Severe frame ID mismatch detected,0,0,-1,,
2026-03-22T04:44:00.340981,1530,74,error,high,lua,Lua error [FRAME_DESYNC]: Severe frame ID mismatch detected,0,0,-1,,
2026-03-22T04:44:24.922316,1531,360,error,high,lua,Lua error [FRAME_DESYNC]: Severe frame ID mismatch detected,0,0,-1,,
2026-03-22T04:44:33.252573,1532,76,error,high,lua,Lua error [FRAME_DESYNC]: Severe frame ID mismatch detected,0,0,-1,,
2026-03-22T04:44:39.514653,1533,85,error,high,lua,Lua error [FRAME_DESYNC]: Severe frame ID mismatch detected,0,0,-1,,
2026-03-22T04:45:18.827450,1534,581,error,high,lua,Lua error [FRAME_DESYNC]: Severe frame ID mismatch detected,0,0,-1,,
2026-03-22T04:45:30.147615,1535,97,error,high,lua,Lua error [FRAME_DESYNC]: Severe frame ID mismatch detected,0,0,-1,,
2026-03-22T04:45:34.900828,1536,63,error,high,lua,Lua error [FRAME_DESYNC]: Severe frame ID mismatch detected,0,0,-1,,
2026-03-22T04:45:39.850331,1537,65,error,high,lua,Lua error [FRAME_DESYNC]: Severe frame ID mismatch detected,0,0,-1,,
2026-03-22T04:46:19.819599,1539,534,error,high,lua,Lua error [FRAME_DESYNC]: Severe frame ID mismatch detected,0,0,-1,,
2026-03-22T04:46:34.330051,1540,210,error,high,lua,Lua error [FRAME_DESYNC]: Severe frame ID mismatch detected,0,0,-1,,
2026-03-22T04:46:38.204774,1540,50,error,high,lua,Lua error [FRAME_DESYNC]: Severe frame ID mismatch detected,0,0,-1,,
2026-03-22T04:46:46.655432,1541,110,error,high,lua,Lua error [FRAME_DESYNC]: Severe frame ID mismatch detected,0,0,-1,,
2026-03-22T04:48:33.123009,1545,531,error,high,lua,Lua error [FRAME_DESYNC]: Severe frame ID mismatch detected,0,0,-1,,
2026-03-22T04:49:42.757372,1546,242,error,high,lua,Lua error [FRAME_DESYNC]: Severe frame ID mismatch detected,0,0,-1,,
2026-03-22T04:50:51.791738,1550,68,error,high,lua,Lua error [FRAME_DESYNC]: Severe frame ID mismatch detected,0,0,-1,,
2026-03-22T04:51:14.828790,1551,68,error,high,lua,Lua error [FRAME_DESYNC]: Severe frame ID mismatch detected,0,0,-1,,
2026-03-22T04:52:44.937337,1554,234,error,high,lua,Lua error [FRAME_DESYNC]: Severe frame ID mismatch detected,0,0,-1,,
2026-03-22T04:53:54.664389,1559,73,error,high,lua,Lua error [FRAME_DESYNC]: Severe frame ID mismatch detected,0,0,-1,,
2026-03-22T04:54:15.387083,1559,303,error,high,lua,Lua error [FRAME_DESYNC]: Severe frame ID mismatch detected,0,0,-1,,
2026-03-22T04:54:34.655342,1560,281,error,high,lua,Lua error [FRAME_DESYNC]: Severe frame ID mismatch detected,0,0,-1,,
2026-03-22T04:54:42.176974,1561,71,error,high,lua,Lua error [FRAME_DESYNC]: Severe frame ID mismatch detected,0,0,-1,,
2026-03-22T04:55:37.768221,1564,133,error,high,lua,Lua error [FRAME_DESYNC]: Severe frame ID mismatch detected,0,0,-1,,
2026-03-22T04:55:41.286355,1565,44,error,high,lua,Lua error [FRAME_DESYNC]: Severe frame ID mismatch detected,0,0,-1,,
2026-03-22T04:55:47.119157,1566,79,error,high,lua,Lua error [FRAME_DESYNC]: Severe frame ID mismatch detected,0,0,-1,,
2026-03-22T04:56:12.293194,1567,369,error,high,lua,Lua error [FRAME_DESYNC]: Severe frame ID mismatch detected,0,0,-1,,
2026-03-22T04:57:17.624273,1570,118,error,high,lua,Lua error [FRAME_DESYNC]: Severe frame ID mismatch detected,0,0,-1,,
2026-03-22T04:58:34.824293,1574,335,error,high,lua,Lua error [FRAME_DESYNC]: Severe frame ID mismatch detected,0,0,-1,,
2026-03-22T05:00:31.015007,1578,276,error,high,lua,Lua error [FRAME_DESYNC]: Severe frame ID mismatch detected,0,0,-1,,
2026-03-22T05:01:00.682125,1580,168,error,high,lua,Lua error [FRAME_DESYNC]: Severe frame ID mismatch detected,0,0,-1,,
2026-03-22T05:02:00.655043,1582,362,error,high,lua,Lua error [FRAME_DESYNC]: Severe frame ID mismatch detected,0,0,-1,,
2026-03-22T05:02:18.519226,1583,259,error,high,lua,Lua error [FRAME_DESYNC]: Severe frame ID mismatch detected,0,0,-1,,
2026-03-22T05:02:56.759165,1585,512,error,high,lua,Lua error [FRAME_DESYNC]: Severe frame ID mismatch detected,0,0,-1,,
2026-03-22T05:03:46.677923,1586,56,error,high,lua,Lua error [FRAME_DESYNC]: Severe frame ID mismatch detected,0,0,-1,,
2026-03-22T05:03:59.596021,1587,185,error,high,lua,Lua error [FRAME_DESYNC]: Severe frame ID mismatch detected,0,0,-1,,
2026-03-22T05:04:51.920306,1589,384,error,high,lua,Lua error [FRAME_DESYNC]: Severe frame ID mismatch detected,0,0,-1,,
2026-03-22T05:05:17.610422,1591,66,error,high,lua,Lua error [FRAME_DESYNC]: Severe frame ID mismatch detected,0,0,-1,,
2026-03-22T05:05:23.274526,1593,77,error,high,lua,Lua error [FRAME_DESYNC]: Severe frame ID mismatch detected,0,0,-1,,
2026-03-22T05:05:27.395110,1594,54,error,high,lua,Lua error [FRAME_DESYNC]: Severe frame ID mismatch detected,0,0,-1,,
2026-03-22T05:05:41.439179,1594,203,error,high,lua,Lua error [FRAME_DESYNC]: Severe frame ID mismatch detected,0,0,-1,,
2026-03-22T05:06:34.101497,1595,756,error,high,lua,Lua error [FRAME_DESYNC]: Severe frame ID mismatch detected,0,0,-1,,
2026-03-22T05:07:49.866535,1596,1052,error,high,lua,Lua error [FRAME_DESYNC]: Severe frame ID mismatch detected,0,0,-1,,
2026-03-22T05:08:14.517454,1597,256,error,high,lua,Lua error [FRAME_DESYNC]: Severe frame ID mismatch detected,0,0,-1,,
2026-03-22T05:08:31.006366,1598,238,error,high,lua,Lua error [FRAME_DESYNC]: Severe frame ID mismatch detected,0,0,-1,,
2026-03-22T05:08:42.088067,1599,158,error,high,lua,Lua error [FRAME_DESYNC]: Severe frame ID mismatch detected,0,0,-1,,
2026-03-22T05:08:49.152481,1600,97,error,high,lua,Lua error [FRAME_DESYNC]: Severe frame ID mismatch detected,0,0,-1,,
2026-03-22T05:08:54.600946,1601,58,error,high,lua,Lua error [FRAME_DESYNC]: Severe frame ID mismatch detected,0,0,-1,,
2026-03-22T05:08:59.891761,1602,71,error,high,lua,Lua error [FRAME_DESYNC]: Severe frame ID mismatch detected,0,0,-1,,
2026-03-22T05:09:18.112186,1604,78,error,high,lua,Lua error [FRAME_DESYNC]: Severe frame ID mismatch detected,0,0,-1,,
2026-03-22T05:09:22.163935,1605,52,error,high,lua,Lua error [FRAME_DESYNC]: Severe frame ID mismatch detected,0,0,-1,,
2026-03-22T05:09:35.929847,1606,197,error,high,lua,Lua error [FRAME_DESYNC]: Severe frame ID mismatch detected,0,0,-1,,
2026-03-22T05:09:39.506126,1607,45,error,high,lua,Lua error [FRAME_DESYNC]: Severe frame ID mismatch detected,0,0,-1,,
2026-03-22T05:09:47.664692,1609,113,error,high,lua,Lua error [FRAME_DESYNC]: Severe frame ID mismatch detected,0,0,-1,,
2026-03-22T05:09:51.768830,1609,54,error,high,lua,Lua error [FRAME_DESYNC]: Severe frame ID mismatch detected,0,0,-1,,
2026-03-22T05:11:37.756023,1614,540,error,high,lua,Lua error [FRAME_DESYNC]: Severe frame ID mismatch detected,0,0,-1,,
2026-03-22T05:12:54.522927,1616,150,error,high,lua,Lua error [FRAME_DESYNC]: Severe frame ID mismatch detected,0,0,-1,,
2026-03-22T05:13:00.039735,1617,74,error,high,lua,Lua error [FRAME_DESYNC]: Severe frame ID mismatch detected,0,0,-1,,
2026-03-22T05:13:25.381190,1618,371,error,high,lua,Lua error [FRAME_DESYNC]: Severe frame ID mismatch detected,0,0,-1,,
2026-03-22T05:14:08.675867,1621,69,error,high,lua,Lua error [FRAME_DESYNC]: Severe frame ID mismatch detected,0,0,-1,,
2026-03-22T05:15:06.397450,1624,443,error,high,lua,Lua error [FRAME_DESYNC]: Severe frame ID mismatch detected,0,0,-1,,
2026-03-22T05:16:25.899111,1625,1138,error,high,lua,Lua error [FRAME_DESYNC]: Severe frame ID mismatch detected,0,0,-1,,
2026-03-22T05:16:39.109892,1626,76,error,high,lua,Lua error [FRAME_DESYNC]: Severe frame ID mismatch detected,0,0,-1,,
2026-03-22T05:17:15.385919,1628,484,error,high,lua,Lua error [FRAME_DESYNC]: Severe frame ID mismatch detected,0,0,-1,,
2026-03-22T05:17:36.584738,1628,310,error,high,lua,Lua error [FRAME_DESYNC]: Severe frame ID mismatch detected,0,0,-1,,
2026-03-22T05:17:42.379165,1629,78,error,high,lua,Lua error [FRAME_DESYNC]: Severe frame ID mismatch detected,0,0,-1,,
2026-03-22T05:18:39.328490,1631,460,error,high,lua,Lua error [FRAME_DESYNC]: Severe frame ID mismatch detected,0,0,-1,,
2026-03-22T05:19:02.206469,1633,54,error,high,lua,Lua error [FRAME_DESYNC]: Severe frame ID mismatch detected,0,0,-1,,
2026-03-22T05:20:35.823238,1638,78,error,high,lua,Lua error [FRAME_DESYNC]: Severe frame ID mismatch detected,0,0,-1,,
2026-03-22T05:21:14.620097,1640,69,error,high,lua,Lua error [FRAME_DESYNC]: Severe frame ID mismatch detected,0,0,-1,,
2026-03-22T05:21:50.910075,1641,527,error,high,lua,Lua error [FRAME_DESYNC]: Severe frame ID mismatch detected,0,0,-1,,
2026-03-22T05:21:59.317824,1643,61,error,high,lua,Lua error [FRAME_DESYNC]: Severe frame ID mismatch detected,0,0,-1,,
2026-03-22T05:22:15.253064,1643,231,error,high,lua,Lua error [FRAME_DESYNC]: Severe frame ID mismatch detected,0,0,-1,,
2026-03-22T05:24:41.016387,1648,69,error,high,lua,Lua error [FRAME_DESYNC]: Severe frame ID mismatch detected,0,0,-1,,
2026-03-22T05:24:45.786365,1649,62,error,high,lua,Lua error [FRAME_DESYNC]: Severe frame ID mismatch detected,0,0,-1,,
2026-03-22T05:24:53.597367,1650,108,error,high,lua,Lua error [FRAME_DESYNC]: Severe frame ID mismatch detected,0,0,-1,,
2026-03-22T05:25:51.016897,1651,853,error,high,lua,Lua error [FRAME_DESYNC]: Severe frame ID mismatch detected,0,0,-1,,
2026-03-22T05:26:11.776420,1652,218,error,high,lua,Lua error [FRAME_DESYNC]: Severe frame ID mismatch detected,0,0,-1,,
2026-03-22T05:26:37.833473,1653,382,error,high,lua,Lua error [FRAME_DESYNC]: Severe frame ID mismatch detected,0,0,-1,,
2026-03-22T05:27:53.783248,1656,571,error,high,lua,Lua error [FRAME_DESYNC]: Severe frame ID mismatch detected,0,0,-1,,
2026-03-22T05:28:03.675675,1657,81,error,high,lua,Lua error [FRAME_DESYNC]: Severe frame ID mismatch detected,0,0,-1,,
2026-03-22T05:28:24.989220,1658,311,error,high,lua,Lua error [FRAME_DESYNC]: Severe frame ID mismatch detected,0,0,-1,,
2026-03-22T05:29:07.536689,1659,597,error,high,lua,Lua error [FRAME_DESYNC]: Severe frame ID mismatch detected,0,0,-1,,
2026-03-22T05:29:46.970295,1661,41,error,high,lua,Lua error [FRAME_DESYNC]: Severe frame ID mismatch detected,0,0,-1,,
2026-03-22T05:30:05.927805,1662,276,error,high,lua,Lua error [FRAME_DESYNC]: Severe frame ID mismatch detected,0,0,-1,,
2026-03-22T05:30:49.306582,1664,425,error,high,lua,Lua error [FRAME_DESYNC]: Severe frame ID mismatch detected,0,0,-1,,
2026-03-22T05:30:57.991845,1665,77,error,high,lua,Lua error [FRAME_DESYNC]: Severe frame ID mismatch detected,0,0,-1,,
2026-03-22T05:31:39.700580,1667,50,error,high,lua,Lua error [FRAME_DESYNC]: Severe frame ID mismatch detected,0,0,-1,,
2026-03-22T05:31:44.263768,1669,59,error,high,lua,Lua error [FRAME_DESYNC]: Severe frame ID mismatch detected,0,0,-1,,
2026-03-22T05:32:47.387305,1670,450,error,high,lua,Lua error [FRAME_DESYNC]: Severe frame ID mismatch detected,0,0,-1,,
2026-03-22T05:33:50.804677,1672,360,error,high,lua,Lua error [FRAME_DESYNC]: Severe frame ID mismatch detected,0,0,-1,,
2026-03-22T05:35:17.029227,1676,97,error,high,lua,Lua error [FRAME_DESYNC]: Severe frame ID mismatch detected,0,0,-1,,
2026-03-22T05:35:27.418396,1678,147,error,high,lua,Lua error [FRAME_DESYNC]: Severe frame ID mismatch detected,0,0,-1,,
2026-03-22T05:36:23.291480,1679,752,error,high,lua,Lua error [FRAME_DESYNC]: Severe frame ID mismatch detected,0,0,-1,,
2026-03-22T05:36:55.107403,1681,210,error,high,lua,Lua error [FRAME_DESYNC]: Severe frame ID mismatch detected,0,0,-1,,
2026-03-22T05:37:59.272392,1683,456,error,high,lua,Lua error [FRAME_DESYNC]: Severe frame ID mismatch detected,0,0,-1,,
2026-03-22T05:38:29.836509,1684,65,error,high,lua,Lua error [FRAME_DESYNC]: Severe frame ID mismatch detected,0,0,-1,,
2026-03-22T05:38:46.325246,1685,239,error,high,lua,Lua error [FRAME_DESYNC]: Severe frame ID mismatch detected,0,0,-1,,
2026-03-22T05:39:36.557710,1689,95,error,high,lua,Lua error [FRAME_DESYNC]: Severe frame ID mismatch detected,0,0,-1,,
2026-03-22T05:39:55.643378,1689,278,error,high,lua,Lua error [FRAME_DESYNC]: Severe frame ID mismatch detected,0,0,-1,,
2026-03-22T05:40:32.416048,1690,544,error,high,lua,Lua error [FRAME_DESYNC]: Severe frame ID mismatch detected,0,0,-1,,
2026-03-22T05:40:49.688005,1691,194,error,high,lua,Lua error [FRAME_DESYNC]: Severe frame ID mismatch detected,0,0,-1,,
2026-03-22T05:41:52.399936,1693,55,error,high,lua,Lua error [FRAME_DESYNC]: Severe frame ID mismatch detected,0,0,-1,,
2026-03-22T05:42:47.916425,1696,388,error,high,lua,Lua error [FRAME_DESYNC]: Severe frame ID mismatch detected,0,0,-1,,
2026-03-22T05:43:08.257842,1696,297,error,high,lua,Lua error [FRAME_DESYNC]: Severe frame ID mismatch detected,0,0,-1,,
2026-03-22T05:43:38.180902,1697,440,error,high,lua,Lua error [FRAME_DESYNC]: Severe frame ID mismatch detected,0,0,-1,,
2026-03-22T05:44:58.800102,1700,605,error,high,lua,Lua error [FRAME_DESYNC]: Severe frame ID mismatch detected,0,0,-1,,
2026-03-22T05:45:04.814887,1700,82,error,high,lua,Lua error [FRAME_DESYNC]: Severe frame ID mismatch detected,0,0,-1,,
2026-03-22T05:46:06.380571,1703,56,error,high,lua,Lua error [FRAME_DESYNC]: Severe frame ID mismatch detected,0,0,-1,,
2026-03-22T05:46:23.606704,1706,61,error,high,lua,Lua error [FRAME_DESYNC]: Severe frame ID mismatch detected,0,0,-1,,
2026-03-22T05:47:02.735589,1706,580,error,high,lua,Lua error [FRAME_DESYNC]: Severe frame ID mismatch detected,0,0,-1,,
2026-03-22T05:47:17.407174,1708,150,error,high,lua,Lua error [FRAME_DESYNC]: Severe frame ID mismatch detected,0,0,-1,,
2026-03-22T05:47:44.222295,1709,191,error,high,lua,Lua error [FRAME_DESYNC]: Severe frame ID mismatch detected,0,0,-1,,
2026-03-22T05:48:22.786062,1711,47,error,high,lua,Lua error [FRAME_DESYNC]: Severe frame ID mismatch detected,0,0,-1,,
2026-03-22T05:48:30.506683,1712,107,error,high,lua,Lua error [FRAME_DESYNC]: Severe frame ID mismatch detected,0,0,-1,,
2026-03-22T05:48:45.649097,1713,219,error,high,lua,Lua error [FRAME_DESYNC]: Severe frame ID mismatch detected,0,0,-1,,
2026-03-22T05:48:52.802980,1714,75,error,high,lua,Lua error [FRAME_DESYNC]: Severe frame ID mismatch detected,0,0,-1,,
2026-03-22T05:49:36.680324,1717,74,error,high,lua,Lua error [FRAME_DESYNC]: Severe frame ID mismatch detected,0,0,-1,,
2026-03-22T05:50:13.236013,1719,233,error,high,lua,Lua error [FRAME_DESYNC]: Severe frame ID mismatch detected,0,0,-1,,
2026-03-22T05:50:19.592025,1720,61,error,high,lua,Lua error [FRAME_DESYNC]: Severe frame ID mismatch detected,0,0,-1,,
2026-03-22T05:50:27.418935,1721,100,error,high,lua,Lua error [FRAME_DESYNC]: Severe frame ID mismatch detected,0,0,-1,,
2026-03-22T05:52:20.358929,1724,49,error,high,lua,Lua error [FRAME_DESYNC]: Severe frame ID mismatch detected,0,0,-1,,
2026-03-22T05:52:37.370751,1725,247,error,high,lua,Lua error [FRAME_DESYNC]: Severe frame ID mismatch detected,0,0,-1,,
2026-03-22T05:53:21.978820,1726,634,error,high,lua,Lua error [FRAME_DESYNC]: Severe frame ID mismatch detected,0,0,-1,,
2026-03-22T05:53:32.723189,1727,84,error,high,lua,Lua error [FRAME_DESYNC]: Severe frame ID mismatch detected,0,0,-1,,
2026-03-22T05:53:58.248242,1728,374,error,high,lua,Lua error [FRAME_DESYNC]: Severe frame ID mismatch detected,0,0,-1,,
2026-03-22T05:54:16.638652,1729,226,error,high,lua,Lua error [FRAME_DESYNC]: Severe frame ID mismatch detected,0,0,-1,,
2026-03-22T05:54:23.809763,1730,71,error,high,lua,Lua error [FRAME_DESYNC]: Severe frame ID mismatch detected,0,0,-1,,
2026-03-22T05:55:01.247922,1731,554,error,high,lua,Lua error [FRAME_DESYNC]: Severe frame ID mismatch detected,0,0,-1,,
2026-03-22T05:55:14.436263,1732,133,error,high,lua,Lua error [FRAME_DESYNC]: Severe frame ID mismatch detected,0,0,-1,,
2026-03-22T05:55:46.150423,1733,467,error,high,lua,Lua error [FRAME_DESYNC]: Severe frame ID mismatch detected,0,0,-1,,
2026-03-22T05:56:40.526931,1735,329,error,high,lua,Lua error [FRAME_DESYNC]: Severe frame ID mismatch detected,0,0,-1,,
2026-03-22T05:57:23.523647,1737,388,error,high,lua,Lua error [FRAME_DESYNC]: Severe frame ID mismatch detected,0,0,-1,,
2026-03-22T05:57:55.004569,1738,418,error,high,lua,Lua error [FRAME_DESYNC]: Severe frame ID mismatch detected,0,0,-1,,
2026-03-22T05:58:13.822179,1739,230,error,high,lua,Lua error [FRAME_DESYNC]: Severe frame ID mismatch detected,0,0,-1,,
2026-03-22T05:58:19.412978,1740,75,error,high,lua,Lua error [FRAME_DESYNC]: Severe frame ID mismatch detected,0,0,-1,,
2026-03-22T05:59:29.120100,1744,190,error,high,lua,Lua error [FRAME_DESYNC]: Severe frame ID mismatch detected,0,0,-1,,
2026-03-22T05:59:55.554466,1745,363,error,high,lua,Lua error [FRAME_DESYNC]: Severe frame ID mismatch detected,0,0,-1,,
2026-03-22T06:00:46.591024,1749,63,error,high,lua,Lua error [FRAME_DESYNC]: Severe frame ID mismatch detected,0,0,-1,,
2026-03-22T06:00:55.213731,1749,121,error,high,lua,Lua error [FRAME_DESYNC]: Severe frame ID mismatch detected,0,0,-1,,
2026-03-22T06:00:59.467893,1750,55,error,high,lua,Lua error [FRAME_DESYNC]: Severe frame ID mismatch detected,0,0,-1,,
2026-03-22T06:01:07.042286,1751,104,error,high,lua,Lua error [FRAME_DESYNC]: Severe frame ID mismatch detected,0,0,-1,,
2026-03-22T06:01:26.237255,1752,280,error,high,lua,Lua error [FRAME_DESYNC]: Severe frame ID mismatch detected,0,0,-1,,
2026-03-22T06:01:36.236617,1753,110,error,high,lua,Lua error [FRAME_DESYNC]: Severe frame ID mismatch detected,0,0,-1,,
2026-03-22T06:01:54.157057,1754,260,error,high,lua,Lua error [FRAME_DESYNC]: Severe frame ID mismatch detected,0,0,-1,,
2026-03-22T06:02:11.179124,1755,216,error,high,lua,Lua error [FRAME_DESYNC]: Severe frame ID mismatch detected,0,0,-1,,
2026-03-22T06:02:35.405388,1756,355,error,high,lua,Lua error [FRAME_DESYNC]: Severe frame ID mismatch detected,0,0,-1,,
2026-03-22T06:02:55.255880,1757,290,error,high,lua,Lua error [FRAME_DESYNC]: Severe frame ID mismatch detected,0,0,-1,,
2026-03-22T06:03:26.221784,1759,213,error,high,lua,Lua error [FRAME_DESYNC]: Severe frame ID mismatch detected,0,0,-1,,
2026-03-22T06:03:29.864791,1760,46,error,high,lua,Lua error [FRAME_DESYNC]: Severe frame ID mismatch detected,0,0,-1,,
2026-03-22T06:03:35.788399,1761,74,error,high,lua,Lua error [FRAME_DESYNC]: Severe frame ID mismatch detected,0,0,-1,,
2026-03-22T06:04:10.601559,1762,511,error,high,lua,Lua error [FRAME_DESYNC]: Severe frame ID mismatch detected,0,0,-1,,
2026-03-22T06:04:23.287779,1763,127,error,high,lua,Lua error [FRAME_DESYNC]: Severe frame ID mismatch detected,0,0,-1,,
2026-03-22T06:04:29.269066,1764,80,error,high,lua,Lua error [FRAME_DESYNC]: Severe frame ID mismatch detected,0,0,-1,,
2026-03-22T06:04:41.383084,1765,173,error,high,lua,Lua error [FRAME_DESYNC]: Severe frame ID mismatch detected,0,0,-1,,
2026-03-22T06:05:34.660818,1767,301,error,high,lua,Lua error [FRAME_DESYNC]: Severe frame ID mismatch detected,0,0,-1,,
2026-03-22T06:06:25.850141,1769,320,error,high,lua,Lua error [FRAME_DESYNC]: Severe frame ID mismatch detected,0,0,-1,,
2026-03-22T06:07:48.651117,1773,249,error,high,lua,Lua error [FRAME_DESYNC]: Severe frame ID mismatch detected,0,0,-1,,
2026-03-22T06:08:22.116202,1773,495,error,high,lua,Lua error [FRAME_DESYNC]: Severe frame ID mismatch detected,0,0,-1,,
2026-03-22T06:09:36.976049,1776,197,error,high,lua,Lua error [FRAME_DESYNC]: Severe frame ID mismatch detected,0,0,-1,,
2026-03-22T06:10:30.459238,1779,186,error,high,lua,Lua error [FRAME_DESYNC]: Severe frame ID mismatch detected,0,0,-1,,
2026-03-22T06:10:51.768106,1780,311,error,high,lua,Lua error [FRAME_DESYNC]: Severe frame ID mismatch detected,0,0,-1,,
2026-03-22T06:11:11.768179,1781,255,error,high,lua,Lua error [FRAME_DESYNC]: Severe frame ID mismatch detected,0,0,-1,,
2026-03-22T06:11:40.379624,1783,202,error,high,lua,Lua error [FRAME_DESYNC]: Severe frame ID mismatch detected,0,0,-1,,
2026-03-22T06:11:46.959953,1784,90,error,high,lua,Lua error [FRAME_DESYNC]: Severe frame ID mismatch detected,0,0,-1,,
2026-03-22T06:11:52.468136,1785,74,error,high,lua,Lua error [FRAME_DESYNC]: Severe frame ID mismatch detected,0,0,-1,,
2026-03-22T06:11:59.339149,1786,93,error,high,lua,Lua error [FRAME_DESYNC]: Severe frame ID mismatch detected,0,0,-1,,
2026-03-22T06:12:41.270406,1788,54,error,high,lua,Lua error [FRAME_DESYNC]: Severe frame ID mismatch detected,0,0,-1,,
2026-03-22T06:13:05.363374,1789,353,error,high,lua,Lua error [FRAME_DESYNC]: Severe frame ID mismatch detected,0,0,-1,,
2026-03-22T06:13:22.669089,1790,213,error,high,lua,Lua error [FRAME_DESYNC]: Severe frame ID mismatch detected,0,0,-1,,
2026-03-22T06:13:35.280439,1792,180,error,high,lua,Lua error [FRAME_DESYNC]: Severe frame ID mismatch detected,0,0,-1,,
2026-03-22T06:14:33.433890,1793,220,error,high,lua,Lua error [FRAME_DESYNC]: Severe frame ID mismatch detected,0,0,-1,,
2026-03-22T06:15:07.327404,1795,144,error,high,lua,Lua error [FRAME_DESYNC]: Severe frame ID mismatch detected,0,0,-1,,
2026-03-22T06:16:41.571185,1799,451,error,high,lua,Lua error [FRAME_DESYNC]: Severe frame ID mismatch detected,0,0,-1,,
2026-03-22T06:17:17.090068,1802,130,error,high,lua,Lua error [FRAME_DESYNC]: Severe frame ID mismatch detected,0,0,-1,,
2026-03-22T06:18:20.079333,1805,238,error,high,lua,Lua error [FRAME_DESYNC]: Severe frame ID mismatch detected,0,0,-1,,
2026-03-22T06:18:23.670067,1805,46,error,high,lua,Lua error [FRAME_DESYNC]: Severe frame ID mismatch detected,0,0,-1,,
2026-03-22T06:18:34.284460,1806,150,error,high,lua,Lua error [FRAME_DESYNC]: Severe frame ID mismatch detected,0,0,-1,,
2026-03-22T06:20:16.032157,1810,451,error,high,lua,Lua error [FRAME_DESYNC]: Severe frame ID mismatch detected,0,0,-1,,
2026-03-22T06:20:58.798864,1812,320,error,high,lua,Lua error [FRAME_DESYNC]: Severe frame ID mismatch detected,0,0,-1,,
2026-03-22T06:21:08.302000,1814,97,error,high,lua,Lua error [FRAME_DESYNC]: Severe frame ID mismatch detected,0,0,-1,,
2026-03-22T06:24:21.814242,1822,320,error,high,lua,Lua error [FRAME_DESYNC]: Severe frame ID mismatch detected,0,0,-1,,
2026-03-22T06:24:54.776452,1824,439,error,high,lua,Lua error [FRAME_DESYNC]: Severe frame ID mismatch detected,0,0,-1,,
2026-03-22T06:24:58.791376,1825,52,error,high,lua,Lua error [FRAME_DESYNC]: Severe frame ID mismatch detected,0,0,-1,,
2026-03-22T06:25:14.870468,1825,233,error,high,lua,Lua error [FRAME_DESYNC]: Severe frame ID mismatch detected,0,0,-1,,
2026-03-22T06:25:18.802430,1826,50,error,high,lua,Lua error [FRAME_DESYNC]: Severe frame ID mismatch detected,0,0,-1,,
2026-03-22T06:26:40.145044,1831,112,error,high,lua,Lua error [FRAME_DESYNC]: Severe frame ID mismatch detected,0,0,-1,,
2026-03-22T06:26:44.027986,1832,50,error,high,lua,Lua error [FRAME_DESYNC]: Severe frame ID mismatch detected,0,0,-1,,
2026-03-22T06:27:15.553071,1833,106,error,high,lua,Lua error [FRAME_DESYNC]: Severe frame ID mismatch detected,0,0,-1,,
2026-03-22T06:27:29.053735,1834,194,error,high,lua,Lua error [FRAME_DESYNC]: Severe frame ID mismatch detected,0,0,-1,,
2026-03-22T06:27:36.874626,1835,108,error,high,lua,Lua error [FRAME_DESYNC]: Severe frame ID mismatch detected,0,0,-1,,
2026-03-22T06:28:22.244443,1837,69,error,high,lua,Lua error [FRAME_DESYNC]: Severe frame ID mismatch detected,0,0,-1,,
2026-03-22T06:28:31.000914,1838,122,error,high,lua,Lua error [FRAME_DESYNC]: Severe frame ID mismatch detected,0,0,-1,,
2026-03-22T06:28:44.480052,1840,193,error,high,lua,Lua error [FRAME_DESYNC]: Severe frame ID mismatch detected,0,0,-1,,
2026-03-22T06:29:57.276401,1843,97,error,high,lua,Lua error [FRAME_DESYNC]: Severe frame ID mismatch detected,0,0,-1,,
2026-03-22T06:30:45.072248,1845,56,error,high,lua,Lua error [FRAME_DESYNC]: Severe frame ID mismatch detected,0,0,-1,,
2026-03-22T06:30:49.489551,1847,57,error,high,lua,Lua error [FRAME_DESYNC]: Severe frame ID mismatch detected,0,0,-1,,
2026-03-22T06:31:05.861261,1847,238,error,high,lua,Lua error [FRAME_DESYNC]: Severe frame ID mismatch detected,0,0,-1,,
2026-03-22T06:31:11.637605,1849,51,error,high,lua,Lua error [FRAME_DESYNC]: Severe frame ID mismatch detected,0,0,-1,,
2026-03-22T06:32:31.346001,1852,145,error,high,lua,Lua error [FRAME_DESYNC]: Severe frame ID mismatch detected,0,0,-1,,
2026-03-22T06:32:37.053298,1853,77,error,high,lua,Lua error [FRAME_DESYNC]: Severe frame ID mismatch detected,0,0,-1,,
2026-03-22T06:33:07.187088,1855,52,error,high,lua,Lua error [FRAME_DESYNC]: Severe frame ID mismatch detected,0,0,-1,,
2026-03-22T06:33:38.353782,1856,459,error,high,lua,Lua error [FRAME_DESYNC]: Severe frame ID mismatch detected,0,0,-1,,
2026-03-22T06:33:58.790572,1857,248,error,high,lua,Lua error [FRAME_DESYNC]: Severe frame ID mismatch detected,0,0,-1,,
2026-03-22T06:34:03.245255,1858,58,error,high,lua,Lua error [FRAME_DESYNC]: Severe frame ID mismatch detected,0,0,-1,,
2026-03-22T06:35:03.351837,1861,118,error,high,lua,Lua error [FRAME_DESYNC]: Severe frame ID mismatch detected,0,0,-1,,
2026-03-22T06:35:19.517029,1862,234,error,high,lua,Lua error [FRAME_DESYNC]: Severe frame ID mismatch detected,0,0,-1,,
2026-03-22T06:36:11.947833,1865,123,error,high,lua,Lua error [FRAME_DESYNC]: Severe frame ID mismatch detected,0,0,-1,,
2026-03-22T06:36:20.516250,1866,120,error,high,lua,Lua error [FRAME_DESYNC]: Severe frame ID mismatch detected,0,0,-1,,
2026-03-22T06:36:25.174983,1867,47,error,high,lua,Lua error [FRAME_DESYNC]: Severe frame ID mismatch detected,0,0,-1,,
2026-03-22T06:36:36.722577,1868,164,error,high,lua,Lua error [FRAME_DESYNC]: Severe frame ID mismatch detected,0,0,-1,,
2026-03-22T06:36:48.453974,1869,167,error,high,lua,Lua error [FRAME_DESYNC]: Severe frame ID mismatch detected,0,0,-1,,
2026-03-22T06:37:13.911115,1871,51,error,high,lua,Lua error [FRAME_DESYNC]: Severe frame ID mismatch detected,0,0,-1,,
2026-03-22T06:38:33.028700,1874,742,error,high,lua,Lua error [FRAME_DESYNC]: Severe frame ID mismatch detected,0,0,-1,,
2026-03-22T06:39:00.367637,1875,121,error,high,lua,Lua error [FRAME_DESYNC]: Severe frame ID mismatch detected,0,0,-1,,
2026-03-22T06:39:45.120187,1878,344,error,high,lua,Lua error [FRAME_DESYNC]: Severe frame ID mismatch detected,0,0,-1,,
2026-03-22T06:40:06.112268,1879,277,error,high,lua,Lua error [FRAME_DESYNC]: Severe frame ID mismatch detected,0,0,-1,,
2026-03-22T06:40:10.868598,1879,63,error,high,lua,Lua error [FRAME_DESYNC]: Severe frame ID mismatch detected,0,0,-1,,
2026-03-22T06:40:54.963227,1882,58,error,high,lua,Lua error [FRAME_DESYNC]: Severe frame ID mismatch detected,0,0,-1,,
2026-03-22T06:41:15.594843,1883,302,error,high,lua,Lua error [FRAME_DESYNC]: Severe frame ID mismatch detected,0,0,-1,,
2026-03-22T06:41:30.352365,1884,177,error,high,lua,Lua error [FRAME_DESYNC]: Severe frame ID mismatch detected,0,0,-1,,
2026-03-22T06:41:34.612519,1885,56,error,high,lua,Lua error [FRAME_DESYNC]: Severe frame ID mismatch detected,0,0,-1,,
2026-03-22T06:42:05.926683,1886,461,error,high,lua,Lua error [FRAME_DESYNC]: Severe frame ID mismatch detected,0,0,-1,,
2026-03-22T06:42:19.104585,1887,140,error,high,lua,Lua error [FRAME_DESYNC]: Severe frame ID mismatch detected,0,0,-1,,
2026-03-22T06:42:35.377464,1888,235,error,high,lua,Lua error [FRAME_DESYNC]: Severe frame ID mismatch detected,0,0,-1,,
2026-03-22T06:43:54.618759,1892,77,error,high,lua,Lua error [FRAME_DESYNC]: Severe frame ID mismatch detected,0,0,-1,,
2026-03-22T06:44:06.215088,1894,165,error,high,lua,Lua error [FRAME_DESYNC]: Severe frame ID mismatch detected,0,0,-1,,
2026-03-22T06:44:18.407456,1894,175,error,high,lua,Lua error [FRAME_DESYNC]: Severe frame ID mismatch detected,0,0,-1,,
2026-03-22T06:44:34.715228,1895,235,error,high,lua,Lua error [FRAME_DESYNC]: Severe frame ID mismatch detected,0,0,-1,,
2026-03-22T06:45:07.808567,1897,240,error,high,lua,Lua error [FRAME_DESYNC]: Severe frame ID mismatch detected,0,0,-1,,
2026-03-22T06:45:18.696967,1898,155,error,high,lua,Lua error [FRAME_DESYNC]: Severe frame ID mismatch detected,0,0,-1,,
2026-03-22T06:45:34.172876,1899,223,error,high,lua,Lua error [FRAME_DESYNC]: Severe frame ID mismatch detected,0,0,-1,,
2026-03-22T06:45:54.947455,1900,274,error,high,lua,Lua error [FRAME_DESYNC]: Severe frame ID mismatch detected,0,0,-1,,
2026-03-22T06:46:01.211337,1901,52,error,high,lua,Lua error [FRAME_DESYNC]: Severe frame ID mismatch detected,0,0,-1,,
2026-03-22T06:46:18.330983,1903,223,error,high,lua,Lua error [FRAME_DESYNC]: Severe frame ID mismatch detected,0,0,-1,,
2026-03-22T06:46:25.520678,1903,100,error,high,lua,Lua error [FRAME_DESYNC]: Severe frame ID mismatch detected,0,0,-1,,
2026-03-22T06:46:29.706720,1904,54,error,high,lua,Lua error [FRAME_DESYNC]: Severe frame ID mismatch detected,0,0,-1,,
2026-03-22T06:46:42.619352,1905,185,error,high,lua,Lua error [FRAME_DESYNC]: Severe frame ID mismatch detected,0,0,-1,,
2026-03-22T06:47:42.235470,1908,73,error,high,lua,Lua error [FRAME_DESYNC]: Severe frame ID mismatch detected,0,0,-1,,
2026-03-22T06:47:52.852920,1909,151,error,high,lua,Lua error [FRAME_DESYNC]: Severe frame ID mismatch detected,0,0,-1,,
2026-03-22T06:48:16.171370,1910,340,error,high,lua,Lua error [FRAME_DESYNC]: Severe frame ID mismatch detected,0,0,-1,,
2026-03-22T06:48:32.935308,1911,243,error,high,lua,Lua error [FRAME_DESYNC]: Severe frame ID mismatch detected,0,0,-1,,
2026-03-22T06:48:38.559499,1912,75,error,high,lua,Lua error [FRAME_DESYNC]: Severe frame ID mismatch detected,0,0,-1,,
2026-03-22T06:49:15.813986,1914,233,error,high,lua,Lua error [FRAME_DESYNC]: Severe frame ID mismatch detected,0,0,-1,,
2026-03-22T06:49:46.604050,1916,47,error,high,lua,Lua error [FRAME_DESYNC]: Severe frame ID mismatch detected,0,0,-1,,
2026-03-22T06:49:56.496259,1917,140,error,high,lua,Lua error [FRAME_DESYNC]: Severe frame ID mismatch detected,0,0,-1,,
2026-03-22T06:50:45.548405,1919,209,error,high,lua,Lua error [FRAME_DESYNC]: Severe frame ID mismatch detected,0,0,-1,,
2026-03-22T06:50:49.109473,1920,44,error,high,lua,Lua error [FRAME_DESYNC]: Severe frame ID mismatch detected,0,0,-1,,
2026-03-22T06:51:03.751229,1921,204,error,high,lua,Lua error [FRAME_DESYNC]: Severe frame ID mismatch detected,0,0,-1,,
2026-03-22T06:51:09.808570,1922,82,error,high,lua,Lua error [FRAME_DESYNC]: Severe frame ID mismatch detected,0,0,-1,,
2026-03-22T06:51:16.696247,1923,94,error,high,lua,Lua error [FRAME_DESYNC]: Severe frame ID mismatch detected,0,0,-1,,
2026-03-22T06:51:20.778721,1924,53,error,high,lua,Lua error [FRAME_DESYNC]: Severe frame ID mismatch detected,0,0,-1,,
2026-03-22T06:51:55.621977,1926,52,error,high,lua,Lua error [FRAME_DESYNC]: Severe frame ID mismatch detected,0,0,-1,,
2026-03-22T06:52:50.657365,1929,182,error,high,lua,Lua error [FRAME_DESYNC]: Severe frame ID mismatch detected,0,0,-1,,
2026-03-22T06:54:49.596149,1936,61,error,high,lua,Lua error [FRAME_DESYNC]: Severe frame ID mismatch detected,0,0,-1,,
2026-03-22T06:55:07.265012,1936,257,error,high,lua,Lua error [FRAME_DESYNC]: Severe frame ID mismatch detected,0,0,-1,,
2026-03-22T06:55:14.603293,1937,72,error,high,lua,Lua error [FRAME_DESYNC]: Severe frame ID mismatch detected,0,0,-1,,
2026-03-22T06:55:34.219272,1938,285,error,high,lua,Lua error [FRAME_DESYNC]: Severe frame ID mismatch detected,0,0,-1,,
2026-03-22T06:56:50.399698,1941,397,error,high,lua,Lua error [FRAME_DESYNC]: Severe frame ID mismatch detected,0,0,-1,,
2026-03-22T06:56:57.848236,1942,61,error,high,lua,Lua error [FRAME_DESYNC]: Severe frame ID mismatch detected,0,0,-1,,
2026-03-22T06:57:02.380377,1944,59,error,high,lua,Lua error [FRAME_DESYNC]: Severe frame ID mismatch detected,0,0,-1,,
2026-03-22T06:57:07.731538,1944,72,error,high,lua,Lua error [FRAME_DESYNC]: Severe frame ID mismatch detected,0,0,-1,,
2026-03-22T06:57:22.712599,1945,215,error,high,lua,Lua error [FRAME_DESYNC]: Severe frame ID mismatch detected,0,0,-1,,
2026-03-22T06:57:39.916904,1947,58,error,high,lua,Lua error [FRAME_DESYNC]: Severe frame ID mismatch detected,0,0,-1,,
2026-03-22T06:58:14.029743,1949,61,error,high,lua,Lua error [FRAME_DESYNC]: Severe frame ID mismatch detected,0,0,-1,,
2026-03-22T06:58:28.731146,1950,212,error,high,lua,Lua error [FRAME_DESYNC]: Severe frame ID mismatch detected,0,0,-1,,
2026-03-22T06:58:57.881964,1952,71,error,high,lua,Lua error [FRAME_DESYNC]: Severe frame ID mismatch detected,0,0,-1,,
2026-03-22T06:59:23.107529,1953,370,error,high,lua,Lua error [FRAME_DESYNC]: Severe frame ID mismatch detected,0,0,-1,,
2026-03-22T06:59:44.644177,1954,274,error,high,lua,Lua error [FRAME_DESYNC]: Severe frame ID mismatch detected,0,0,-1,,
2026-03-22T06:59:50.976982,1955,56,error,high,lua,Lua error [FRAME_DESYNC]: Severe frame ID mismatch detected,0,0,-1,,
2026-03-22T07:00:08.349470,1956,252,error,high,lua,Lua error [FRAME_DESYNC]: Severe frame ID mismatch detected,0,0,-1,,
2026-03-22T07:00:41.825957,1959,93,error,high,lua,Lua error [FRAME_DESYNC]: Severe frame ID mismatch detected,0,0,-1,,
2026-03-22T07:01:12.891760,1960,71,error,high,lua,Lua error [FRAME_DESYNC]: Severe frame ID mismatch detected,0,0,-1,,
2026-03-22T07:02:07.483605,1964,124,error,high,lua,Lua error [FRAME_DESYNC]: Severe frame ID mismatch detected,0,0,-1,,
2026-03-22T07:02:57.384483,1966,64,error,high,lua,Lua error [FRAME_DESYNC]: Severe frame ID mismatch detected,0,0,-1,,
2026-03-22T07:04:08.693713,1969,209,error,high,lua,Lua error [FRAME_DESYNC]: Severe frame ID mismatch detected,0,0,-1,,
2026-03-22T07:04:17.961398,1970,130,error,high,lua,Lua error [FRAME_DESYNC]: Severe frame ID mismatch detected,0,0,-1,,
2026-03-22T07:04:29.875027,1971,170,error,high,lua,Lua error [FRAME_DESYNC]: Severe frame ID mismatch detected,0,0,-1,,
2026-03-22T07:04:35.404507,1972,74,error,high,lua,Lua error [FRAME_DESYNC]: Severe frame ID mismatch detected,0,0,-1,,
2026-03-22T07:04:39.812766,1974,57,error,high,lua,Lua error [FRAME_DESYNC]: Severe frame ID mismatch detected,0,0,-1,,
2026-03-22T07:04:47.345634,1975,105,error,high,lua,Lua error [FRAME_DESYNC]: Severe frame ID mismatch detected,0,0,-1,,
2026-03-22T07:04:52.420832,1975,68,error,high,lua,Lua error [FRAME_DESYNC]: Severe frame ID mismatch detected,0,0,-1,,
2026-03-22T07:04:57.419107,1976,66,error,high,lua,Lua error [FRAME_DESYNC]: Severe frame ID mismatch detected,0,0,-1,,
2026-03-22T07:05:01.405875,1977,51,error,high,lua,Lua error [FRAME_DESYNC]: Severe frame ID mismatch detected,0,0,-1,,
2026-03-22T07:06:56.698305,1981,225,error,high,lua,Lua error [FRAME_DESYNC]: Severe frame ID mismatch detected,0,0,-1,,
2026-03-22T07:07:17.597381,1982,281,error,high,lua,Lua error [FRAME_DESYNC]: Severe frame ID mismatch detected,0,0,-1,,
2026-03-22T07:08:57.913619,1987,38,error,high,lua,Lua error [FRAME_DESYNC]: Severe frame ID mismatch detected,0,0,-1,,
2026-03-22T07:09:52.789899,1989,191,error,high,lua,Lua error [FRAME_DESYNC]: Severe frame ID mismatch detected,0,0,-1,,
2026-03-22T07:11:19.013441,1992,80,error,high,lua,Lua error [FRAME_DESYNC]: Severe frame ID mismatch detected,0,0,-1,,
2026-03-22T07:11:43.406211,1993,356,error,high,lua,Lua error [FRAME_DESYNC]: Severe frame ID mismatch detected,0,0,-1,,
2026-03-22T07:12:08.783961,1994,372,error,high,lua,Lua error [FRAME_DESYNC]: Severe frame ID mismatch detected,0,0,-1,,
2026-03-22T07:14:15.976446,1998,224,error,high,lua,Lua error [FRAME_DESYNC]: Severe frame ID mismatch detected,0,0,-1,,
2026-03-22T07:14:22.675506,2000,91,error,high,lua,Lua error [FRAME_DESYNC]: Severe frame ID mismatch detected,0,0,-1,,
2026-03-22T07:14:42.591800,2000,291,error,high,lua,Lua error [FRAME_DESYNC]: Severe frame ID mismatch detected,0,0,-1,,
2026-03-22T07:14:57.782290,2002,187,error,high,lua,Lua error [FRAME_DESYNC]: Severe frame ID mismatch detected,0,0,-1,,
2026-03-22T07:15:01.899170,2002,54,error,high,lua,Lua error [FRAME_DESYNC]: Severe frame ID mismatch detected,0,0,-1,,
2026-03-22T07:15:46.092791,2005,323,error,high,lua,Lua error [FRAME_DESYNC]: Severe frame ID mismatch detected,0,0,-1,,
2026-03-22T07:16:19.115722,2006,73,error,high,lua,Lua error [FRAME_DESYNC]: Severe frame ID mismatch detected,0,0,-1,,
2026-03-22T07:16:24.140434,2007,67,error,high,lua,Lua error [FRAME_DESYNC]: Severe frame ID mismatch detected,0,0,-1,,
2026-03-22T07:16:28.235260,2008,52,error,high,lua,Lua error [FRAME_DESYNC]: Severe frame ID mismatch detected,0,0,-1,,
2026-03-22T07:17:49.399011,2011,319,error,high,lua,Lua error [FRAME_DESYNC]: Severe frame ID mismatch detected,0,0,-1,,
2026-03-22T07:18:47.302652,2013,251,error,high,lua,Lua error [FRAME_DESYNC]: Severe frame ID mismatch detected,0,0,-1,,
2026-03-22T07:19:33.409408,2015,277,error,high,lua,Lua error [FRAME_DESYNC]: Severe frame ID mismatch detected,0,0,-1,,
2026-03-22T07:21:15.939993,2019,117,error,high,lua,Lua error [FRAME_DESYNC]: Severe frame ID mismatch detected,0,0,-1,,
2026-03-22T07:22:02.878100,2021,391,error,high,lua,Lua error [FRAME_DESYNC]: Severe frame ID mismatch detected,0,0,-1,,
2026-03-22T07:22:09.784550,2022,53,error,high,lua,Lua error [FRAME_DESYNC]: Severe frame ID mismatch detected,0,0,-1,,
2026-03-22T07:22:23.212318,2023,193,error,high,lua,Lua error [FRAME_DESYNC]: Severe frame ID mismatch detected,0,0,-1,,
2026-03-22T07:22:45.990745,2025,53,error,high,lua,Lua error [FRAME_DESYNC]: Severe frame ID mismatch detected,0,0,-1,,
2026-03-22T07:22:50.467460,2026,58,error,high,lua,Lua error [FRAME_DESYNC]: Severe frame ID mismatch detected,0,0,-1,,
2026-03-22T07:23:07.914286,2027,252,error,high,lua,Lua error [FRAME_DESYNC]: Severe frame ID mismatch detected,0,0,-1,,
2026-03-22T07:23:21.950660,2029,172,error,high,lua,Lua error [FRAME_DESYNC]: Severe frame ID mismatch detected,0,0,-1,,
2026-03-22T07:24:32.033785,2031,310,error,high,lua,Lua error [FRAME_DESYNC]: Severe frame ID mismatch detected,0,0,-1,,
2026-03-22T07:25:19.802384,2032,235,error,high,lua,Lua error [FRAME_DESYNC]: Severe frame ID mismatch detected,0,0,-1,,
2026-03-22T07:25:33.463388,2033,170,error,high,lua,Lua error [FRAME_DESYNC]: Severe frame ID mismatch detected,0,0,-1,,
2026-03-22T07:25:52.281523,2034,274,error,high,lua,Lua error [FRAME_DESYNC]: Severe frame ID mismatch detected,0,0,-1,,
2026-03-22T07:26:01.853787,2036,104,error,high,lua,Lua error [FRAME_DESYNC]: Severe frame ID mismatch detected,0,0,-1,,
2026-03-22T07:26:33.213483,2037,47,error,high,lua,Lua error [FRAME_DESYNC]: Severe frame ID mismatch detected,0,0,-1,,
2026-03-22T07:26:53.796413,2038,300,error,high,lua,Lua error [FRAME_DESYNC]: Severe frame ID mismatch detected,0,0,-1,,
2026-03-22T07:28:03.495146,2042,246,error,high,lua,Lua error [FRAME_DESYNC]: Severe frame ID mismatch detected,0,0,-1,,
2026-03-22T07:28:07.183581,2043,47,error,high,lua,Lua error [FRAME_DESYNC]: Severe frame ID mismatch detected,0,0,-1,,
2026-03-22T07:29:03.851811,2044,764,error,high,lua,Lua error [FRAME_DESYNC]: Severe frame ID mismatch detected,0,0,-1,,
2026-03-22T07:29:10.319191,2044,89,error,high,lua,Lua error [FRAME_DESYNC]: Severe frame ID mismatch detected,0,0,-1,,
2026-03-22T07:30:11.906314,2047,320,error,high,lua,Lua error [FRAME_DESYNC]: Severe frame ID mismatch detected,0,0,-1,,
2026-03-22T07:30:19.638516,2048,70,error,high,lua,Lua error [FRAME_DESYNC]: Severe frame ID mismatch detected,0,0,-1,,
2026-03-22T07:30:23.881684,2049,55,error,high,lua,Lua error [FRAME_DESYNC]: Severe frame ID mismatch detected,0,0,-1,,
2026-03-22T07:30:28.324228,2050,58,error,high,lua,Lua error [FRAME_DESYNC]: Severe frame ID mismatch detected,0,0,-1,,
2026-03-22T07:30:41.868181,2051,194,error,high,lua,Lua error [FRAME_DESYNC]: Severe frame ID mismatch detected,0,0,-1,,
2026-03-22T07:31:13.931598,2052,473,error,high,lua,Lua error [FRAME_DESYNC]: Severe frame ID mismatch detected,0,0,-1,,
2026-03-22T07:31:54.852934,2053,557,error,high,lua,Lua error [FRAME_DESYNC]: Severe frame ID mismatch detected,0,0,-1,,
2026-03-22T07:32:12.968118,2054,204,error,high,lua,Lua error [FRAME_DESYNC]: Severe frame ID mismatch detected,0,0,-1,,
2026-03-22T07:32:19.195838,2055,59,error,high,lua,Lua error [FRAME_DESYNC]: Severe frame ID mismatch detected,0,0,-1,,
2026-03-22T07:32:56.627312,2057,368,error,high,lua,Lua error [FRAME_DESYNC]: Severe frame ID mismatch detected,0,0,-1,,
2026-03-22T07:33:05.396063,2058,84,error,high,lua,Lua error [FRAME_DESYNC]: Severe frame ID mismatch detected,0,0,-1,,
2026-03-22T07:33:46.363857,2059,606,error,high,lua,Lua error [FRAME_DESYNC]: Severe frame ID mismatch detected,0,0,-1,,
2026-03-22T07:34:17.524363,2061,357,error,high,lua,Lua error [FRAME_DESYNC]: Severe frame ID mismatch detected,0,0,-1,,
2026-03-22T07:34:26.280433,2061,123,error,high,lua,Lua error [FRAME_DESYNC]: Severe frame ID mismatch detected,0,0,-1,,
2026-03-22T07:34:41.453588,2062,219,error,high,lua,Lua error [FRAME_DESYNC]: Severe frame ID mismatch detected,0,0,-1,,
2026-03-22T07:35:04.957184,2064,319,error,high,lua,Lua error [FRAME_DESYNC]: Severe frame ID mismatch detected,0,0,-1,,
2026-03-22T07:35:09.556850,2064,61,error,high,lua,Lua error [FRAME_DESYNC]: Severe frame ID mismatch detected,0,0,-1,,
2026-03-22T07:35:15.620057,2065,82,error,high,lua,Lua error [FRAME_DESYNC]: Severe frame ID mismatch detected,0,0,-1,,
2026-03-22T07:36:29.906919,2068,432,error,high,lua,Lua error [FRAME_DESYNC]: Severe frame ID mismatch detected,0,0,-1,,
2026-03-22T07:37:33.053661,2071,84,error,high,lua,Lua error [FRAME_DESYNC]: Severe frame ID mismatch detected,0,0,-1,,
2026-03-22T07:37:50.723119,2072,256,error,high,lua,Lua error [FRAME_DESYNC]: Severe frame ID mismatch detected,0,0,-1,,
2026-03-22T07:38:03.053599,2073,145,error,high,lua,Lua error [FRAME_DESYNC]: Severe frame ID mismatch detected,0,0,-1,,
2026-03-22T07:38:08.311094,2074,70,error,high,lua,Lua error [FRAME_DESYNC]: Severe frame ID mismatch detected,0,0,-1,,
2026-03-22T07:38:41.722106,2076,118,error,high,lua,Lua error [FRAME_DESYNC]: Severe frame ID mismatch detected,0,0,-1,,
2026-03-22T07:39:37.480462,2079,398,error,high,lua,Lua error [FRAME_DESYNC]: Severe frame ID mismatch detected,0,0,-1,,
2026-03-22T07:39:57.264580,2079,289,error,high,lua,Lua error [FRAME_DESYNC]: Severe frame ID mismatch detected,0,0,-1,,
2026-03-22T07:40:13.370172,2080,200,error,high,lua,Lua error [FRAME_DESYNC]: Severe frame ID mismatch detected,0,0,-1,,
2026-03-22T07:40:20.064510,2081,68,error,high,lua,Lua error [FRAME_DESYNC]: Severe frame ID mismatch detected,0,0,-1,,
2026-03-22T07:40:59.194915,2085,48,error,high,lua,Lua error [FRAME_DESYNC]: Severe frame ID mismatch detected,0,0,-1,,
2026-03-22T07:41:10.593598,2085,163,error,high,lua,Lua error [FRAME_DESYNC]: Severe frame ID mismatch detected,0,0,-1,,
2026-03-22T07:41:36.618133,2087,341,error,high,lua,Lua error [FRAME_DESYNC]: Severe frame ID mismatch detected,0,0,-1,,
2026-03-22T07:41:47.630648,2087,157,error,high,lua,Lua error [FRAME_DESYNC]: Severe frame ID mismatch detected,0,0,-1,,
2026-03-22T07:41:52.944656,2088,71,error,high,lua,Lua error [FRAME_DESYNC]: Severe frame ID mismatch detected,0,0,-1,,
2026-03-22T07:41:58.778096,2090,79,error,high,lua,Lua error [FRAME_DESYNC]: Severe frame ID mismatch detected,0,0,-1,,
2026-03-22T07:42:10.592401,2090,169,error,high,lua,Lua error [FRAME_DESYNC]: Severe frame ID mismatch detected,0,0,-1,,
2026-03-22T07:42:15.134957,2091,58,error,high,lua,Lua error [FRAME_DESYNC]: Severe frame ID mismatch detected,0,0,-1,,
2026-03-22T07:42:43.604028,2092,419,error,high,lua,Lua error [FRAME_DESYNC]: Severe frame ID mismatch detected,0,0,-1,,
2026-03-22T07:42:51.249796,2093,60,error,high,lua,Lua error [FRAME_DESYNC]: Severe frame ID mismatch detected,0,0,-1,,
2026-03-22T07:43:43.987437,2095,412,error,high,lua,Lua error [FRAME_DESYNC]: Severe frame ID mismatch detected,0,0,-1,,
2026-03-22T07:44:09.977317,2096,335,error,high,lua,Lua error [FRAME_DESYNC]: Severe frame ID mismatch detected,0,0,-1,,
2026-03-22T07:44:18.063829,2097,73,error,high,lua,Lua error [FRAME_DESYNC]: Severe frame ID mismatch detected,0,0,-1,,
2026-03-22T07:44:23.776973,2098,76,error,high,lua,Lua error [FRAME_DESYNC]: Severe frame ID mismatch detected,0,0,-1,,
2026-03-22T07:44:45.985208,2099,325,error,high,lua,Lua error [FRAME_DESYNC]: Severe frame ID mismatch detected,0,0,-1,,
2026-03-22T07:45:26.207065,2100,559,error,high,lua,Lua error [FRAME_DESYNC]: Severe frame ID mismatch detected,0,0,-1,,
2026-03-22T07:46:16.601321,2102,333,error,high,lua,Lua error [FRAME_DESYNC]: Severe frame ID mismatch detected,0,0,-1,,
2026-03-22T07:46:36.186643,2103,248,error,high,lua,Lua error [FRAME_DESYNC]: Severe frame ID mismatch detected,0,0,-1,,
2026-03-22T07:47:45.095201,2107,284,error,high,lua,Lua error [FRAME_DESYNC]: Severe frame ID mismatch detected,0,0,-1,,
2026-03-22T07:48:10.297141,2108,50,error,high,lua,Lua error [FRAME_DESYNC]: Severe frame ID mismatch detected,0,0,-1,,
2026-03-22T07:48:32.824996,2110,46,error,high,lua,Lua error [FRAME_DESYNC]: Severe frame ID mismatch detected,0,0,-1,,
2026-03-22T07:48:43.690196,2111,154,error,high,lua,Lua error [FRAME_DESYNC]: Severe frame ID mismatch detected,0,0,-1,,
2026-03-22T07:48:51.777082,2112,112,error,high,lua,Lua error [FRAME_DESYNC]: Severe frame ID mismatch detected,0,0,-1,,
2026-03-22T07:48:55.012538,2113,39,error,high,lua,Lua error [FRAME_DESYNC]: Severe frame ID mismatch detected,0,0,-1,,
2026-03-22T07:49:16.369085,2114,312,error,high,lua,Lua error [FRAME_DESYNC]: Severe frame ID mismatch detected,0,0,-1,,
2026-03-22T07:49:20.235169,2115,49,error,high,lua,Lua error [FRAME_DESYNC]: Severe frame ID mismatch detected,0,0,-1,,
2026-03-22T07:49:29.714574,2116,134,error,high,lua,Lua error [FRAME_DESYNC]: Severe frame ID mismatch detected,0,0,-1,,
2026-03-22T07:49:33.022651,2118,41,error,high,lua,Lua error [FRAME_DESYNC]: Severe frame ID mismatch detected,0,0,-1,,
2026-03-22T07:51:13.558065,2122,310,error,high,lua,Lua error [FRAME_DESYNC]: Severe frame ID mismatch detected,0,0,-1,,
2026-03-22T07:51:36.961075,2124,47,error,high,lua,Lua error [FRAME_DESYNC]: Severe frame ID mismatch detected,0,0,-1,,
2026-03-22T07:51:41.686213,2126,62,error,high,lua,Lua error [FRAME_DESYNC]: Severe frame ID mismatch detected,0,0,-1,,
2026-03-22T07:51:50.431037,2126,123,error,high,lua,Lua error [FRAME_DESYNC]: Severe frame ID mismatch detected,0,0,-1,,
2026-03-22T07:52:21.445750,2127,456,error,high,lua,Lua error [FRAME_DESYNC]: Severe frame ID mismatch detected,0,0,-1,,
2026-03-22T07:52:44.790354,2128,292,error,high,lua,Lua error [FRAME_DESYNC]: Severe frame ID mismatch detected,0,0,-1,,
2026-03-22T07:52:50.870165,2129,52,error,high,lua,Lua error [FRAME_DESYNC]: Severe frame ID mismatch detected,0,0,-1,,
2026-03-22T07:53:00.891391,2131,141,error,high,lua,Lua error [FRAME_DESYNC]: Severe frame ID mismatch detected,0,0,-1,,
2026-03-22T07:53:06.976622,2131,83,error,high,lua,Lua error [FRAME_DESYNC]: Severe frame ID mismatch detected,0,0,-1,,
2026-03-22T07:53:10.349025,2132,42,error,high,lua,Lua error [FRAME_DESYNC]: Severe frame ID mismatch detected,0,0,-1,,
2026-03-22T07:53:15.357467,2133,67,error,high,lua,Lua error [FRAME_DESYNC]: Severe frame ID mismatch detected,0,0,-1,,
2026-03-22T07:54:10.282346,2136,37,error,high,lua,Lua error [FRAME_DESYNC]: Severe frame ID mismatch detected,0,0,-1,,
2026-03-22T07:54:21.203579,2137,154,error,high,lua,Lua error [FRAME_DESYNC]: Severe frame ID mismatch detected,0,0,-1,,
2026-03-22T07:54:24.780377,2138,44,error,high,lua,Lua error [FRAME_DESYNC]: Severe frame ID mismatch detected,0,0,-1,,
2026-03-22T07:54:30.550378,2139,78,error,high,lua,Lua error [FRAME_DESYNC]: Severe frame ID mismatch detected,0,0,-1,,
2026-03-22T07:54:48.684724,2140,263,error,high,lua,Lua error [FRAME_DESYNC]: Severe frame ID mismatch detected,0,0,-1,,
2026-03-22T07:54:54.451511,2142,49,error,high,lua,Lua error [FRAME_DESYNC]: Severe frame ID mismatch detected,0,0,-1,,
2026-03-22T07:54:59.401495,2142,66,error,high,lua,Lua error [FRAME_DESYNC]: Severe frame ID mismatch detected,0,0,-1,,
2026-03-22T07:55:03.843205,2143,58,error,high,lua,Lua error [FRAME_DESYNC]: Severe frame ID mismatch detected,0,0,-1,,
2026-03-22T07:55:09.490586,2145,76,error,high,lua,Lua error [FRAME_DESYNC]: Severe frame ID mismatch detected,0,0,-1,,
2026-03-22T07:55:32.172426,2146,298,error,high,lua,Lua error [FRAME_DESYNC]: Severe frame ID mismatch detected,0,0,-1,,
2026-03-22T07:55:48.868737,2146,243,error,high,lua,Lua error [FRAME_DESYNC]: Severe frame ID mismatch detected,0,0,-1,,
2026-03-22T07:55:58.441604,2147,105,error,high,lua,Lua error [FRAME_DESYNC]: Severe frame ID mismatch detected,0,0,-1,,
2026-03-22T07:56:29.867223,2149,51,error,high,lua,Lua error [FRAME_DESYNC]: Severe frame ID mismatch detected,0,0,-1,,
2026-03-22T07:56:35.291738,2150,73,error,high,lua,Lua error [FRAME_DESYNC]: Severe frame ID mismatch detected,0,0,-1,,
2026-03-22T07:58:19.176738,2155,390,error,high,lua,Lua error [FRAME_DESYNC]: Severe frame ID mismatch detected,0,0,-1,,
2026-03-22T07:58:53.058048,2158,58,error,high,lua,Lua error [FRAME_DESYNC]: Severe frame ID mismatch detected,0,0,-1,,
2026-03-22T07:59:06.640067,2158,196,error,high,lua,Lua error [FRAME_DESYNC]: Severe frame ID mismatch detected,0,0,-1,,
2026-03-22T07:59:15.027907,2159,117,error,high,lua,Lua error [FRAME_DESYNC]: Severe frame ID mismatch detected,0,0,-1,,
2026-03-22T07:59:19.291583,2160,55,error,high,lua,Lua error [FRAME_DESYNC]: Severe frame ID mismatch detected,0,0,-1,,
2026-03-22T07:59:42.058641,2161,323,error,high,lua,Lua error [FRAME_DESYNC]: Severe frame ID mismatch detected,0,0,-1,,
2026-03-22T07:59:47.969664,2163,43,error,high,lua,Lua error [FRAME_DESYNC]: Severe frame ID mismatch detected,0,0,-1,,
2026-03-22T08:00:26.279819,2163,567,error,high,lua,Lua error [FRAME_DESYNC]: Severe frame ID mismatch detected,0,0,-1,,
2026-03-22T08:00:50.993287,2165,271,error,high,lua,Lua error [FRAME_DESYNC]: Severe frame ID mismatch detected,0,0,-1,,
2026-03-22T08:00:56.038615,2165,67,error,high,lua,Lua error [FRAME_DESYNC]: Severe frame ID mismatch detected,0,0,-1,,
2026-03-22T08:01:49.165935,2168,322,error,high,lua,Lua error [FRAME_DESYNC]: Severe frame ID mismatch detected,0,0,-1,,
2026-03-22T08:01:52.969740,2168,49,error,high,lua,Lua error [FRAME_DESYNC]: Severe frame ID mismatch detected,0,0,-1,,
2026-03-22T08:02:01.361470,2169,117,error,high,lua,Lua error [FRAME_DESYNC]: Severe frame ID mismatch detected,0,0,-1,,
2026-03-22T08:02:27.346342,2170,381,error,high,lua,Lua error [FRAME_DESYNC]: Severe frame ID mismatch detected,0,0,-1,,
2026-03-22T08:02:32.869715,2171,74,error,high,lua,Lua error [FRAME_DESYNC]: Severe frame ID mismatch detected,0,0,-1,,
2026-03-22T08:02:38.413534,2173,74,error,high,lua,Lua error [FRAME_DESYNC]: Severe frame ID mismatch detected,0,0,-1,,
2026-03-22T08:02:46.268121,2174,110,error,high,lua,Lua error [FRAME_DESYNC]: Severe frame ID mismatch detected,0,0,-1,,
2026-03-22T08:03:59.583084,2177,115,error,high,lua,Lua error [FRAME_DESYNC]: Severe frame ID mismatch detected,0,0,-1,,
2026-03-22T08:04:27.950860,2178,417,error,high,lua,Lua error [FRAME_DESYNC]: Severe frame ID mismatch detected,0,0,-1,,
2026-03-22T08:04:34.368204,2180,43,error,high,lua,Lua error [FRAME_DESYNC]: Severe frame ID mismatch detected,0,0,-1,,
2026-03-22T08:04:39.946611,2180,76,error,high,lua,Lua error [FRAME_DESYNC]: Severe frame ID mismatch detected,0,0,-1,,
2026-03-22T08:05:02.715776,2181,321,error,high,lua,Lua error [FRAME_DESYNC]: Severe frame ID mismatch detected,0,0,-1,,
2026-03-22T08:06:13.481755,2184,94,error,high,lua,Lua error [FRAME_DESYNC]: Severe frame ID mismatch detected,0,0,-1,,
2026-03-22T08:06:19.598055,2185,83,error,high,lua,Lua error [FRAME_DESYNC]: Severe frame ID mismatch detected,0,0,-1,,
2026-03-22T08:06:25.464658,2186,78,error,high,lua,Lua error [FRAME_DESYNC]: Severe frame ID mismatch detected,0,0,-1,,
2026-03-22T08:06:42.360975,2187,245,error,high,lua,Lua error [FRAME_DESYNC]: Severe frame ID mismatch detected,0,0,-1,,
2026-03-22T08:07:14.450632,2189,429,error,high,lua,Lua error [FRAME_DESYNC]: Severe frame ID mismatch detected,0,0,-1,,
2026-03-22T08:08:22.178839,2191,183,error,high,lua,Lua error [FRAME_DESYNC]: Severe frame ID mismatch detected,0,0,-1,,
2026-03-22T08:08:28.218310,2192,59,error,high,lua,Lua error [FRAME_DESYNC]: Severe frame ID mismatch detected,0,0,-1,,
2026-03-22T08:08:31.949853,2194,47,error,high,lua,Lua error [FRAME_DESYNC]: Severe frame ID mismatch detected,0,0,-1,,
2026-03-22T08:08:52.103246,2194,294,error,high,lua,Lua error [FRAME_DESYNC]: Severe frame ID mismatch detected,0,0,-1,,
2026-03-22T08:09:10.498509,2195,235,error,high,lua,Lua error [FRAME_DESYNC]: Severe frame ID mismatch detected,0,0,-1,,
2026-03-22T08:09:22.312299,2196,144,error,high,lua,Lua error [FRAME_DESYNC]: Severe frame ID mismatch detected,0,0,-1,,
2026-03-22T08:09:27.204334,2197,65,error,high,lua,Lua error [FRAME_DESYNC]: Severe frame ID mismatch detected,0,0,-1,,
2026-03-22T08:09:35.063000,2198,109,error,high,lua,Lua error [FRAME_DESYNC]: Severe frame ID mismatch detected,0,0,-1,,
2026-03-22T08:09:57.377337,2199,326,error,high,lua,Lua error [FRAME_DESYNC]: Severe frame ID mismatch detected,0,0,-1,,
2026-03-22T08:10:25.773405,2200,383,error,high,lua,Lua error [FRAME_DESYNC]: Severe frame ID mismatch detected,0,0,-1,,
2026-03-22T08:10:32.616209,2202,51,error,high,lua,Lua error [FRAME_DESYNC]: Severe frame ID mismatch detected,0,0,-1,,
2026-03-22T08:10:36.921611,2202,56,error,high,lua,Lua error [FRAME_DESYNC]: Severe frame ID mismatch detected,0,0,-1,,
2026-03-22T08:10:49.102188,2203,175,error,high,lua,Lua error [FRAME_DESYNC]: Severe frame ID mismatch detected,0,0,-1,,
2026-03-22T08:10:53.667406,2204,60,error,high,lua,Lua error [FRAME_DESYNC]: Severe frame ID mismatch detected,0,0,-1,,
2026-03-22T08:11:18.827931,2205,368,error,high,lua,Lua error [FRAME_DESYNC]: Severe frame ID mismatch detected,0,0,-1,,
2026-03-22T08:11:39.873294,2207,268,error,high,lua,Lua error [FRAME_DESYNC]: Severe frame ID mismatch detected,0,0,-1,,
2026-03-22T08:11:43.620284,2207,48,error,high,lua,Lua error [FRAME_DESYNC]: Severe frame ID mismatch detected,0,0,-1,,
2026-03-22T08:11:49.234723,2208,76,error,high,lua,Lua error [FRAME_DESYNC]: Severe frame ID mismatch detected,0,0,-1,,
2026-03-22T08:11:53.877242,2209,60,error,high,lua,Lua error [FRAME_DESYNC]: Severe frame ID mismatch detected,0,0,-1,,
2026-03-22T08:12:17.355608,2211,93,error,high,lua,Lua error [FRAME_DESYNC]: Severe frame ID mismatch detected,0,0,-1,,
2026-03-22T08:14:02.463767,2216,315,error,high,lua,Lua error [FRAME_DESYNC]: Severe frame ID mismatch detected,0,0,-1,,
2026-03-22T08:14:15.443358,2217,150,error,high,lua,Lua error [FRAME_DESYNC]: Severe frame ID mismatch detected,0,0,-1,,
2026-03-22T08:14:19.292774,2219,49,error,high,lua,Lua error [FRAME_DESYNC]: Severe frame ID mismatch detected,0,0,-1,,
2026-03-22T08:14:42.880162,2220,66,error,high,lua,Lua error [FRAME_DESYNC]: Severe frame ID mismatch detected,0,0,-1,,
2026-03-22T08:14:47.605930,2221,52,error,high,lua,Lua error [FRAME_DESYNC]: Severe frame ID mismatch detected,0,0,-1,,
2026-03-22T08:14:53.813084,2222,84,error,high,lua,Lua error [FRAME_DESYNC]: Severe frame ID mismatch detected,0,0,-1,,
2026-03-22T08:14:59.070518,2223,70,error,high,lua,Lua error [FRAME_DESYNC]: Severe frame ID mismatch detected,0,0,-1,,
2026-03-22T08:15:14.327985,2224,220,error,high,lua,Lua error [FRAME_DESYNC]: Severe frame ID mismatch detected,0,0,-1,,
2026-03-22T08:15:54.434000,2226,191,error,high,lua,Lua error [FRAME_DESYNC]: Severe frame ID mismatch detected,0,0,-1,,
2026-03-22T08:16:21.500684,2228,43,error,high,lua,Lua error [FRAME_DESYNC]: Severe frame ID mismatch detected,0,0,-1,,
2026-03-22T08:17:04.146495,2231,60,error,high,lua,Lua error [FRAME_DESYNC]: Severe frame ID mismatch detected,0,0,-1,,
2026-03-22T08:17:33.413123,2233,387,error,high,lua,Lua error [FRAME_DESYNC]: Severe frame ID mismatch detected,0,0,-1,,
2026-03-22T08:18:05.168139,2233,469,error,high,lua,Lua error [FRAME_DESYNC]: Severe frame ID mismatch detected,0,0,-1,,
2026-03-22T08:18:58.972778,2234,749,error,high,lua,Lua error [FRAME_DESYNC]: Severe frame ID mismatch detected,0,0,-1,,
2026-03-22T08:19:46.028060,2237,171,error,high,lua,Lua error [FRAME_DESYNC]: Severe frame ID mismatch detected,0,0,-1,,
2026-03-22T08:20:13.671387,2238,406,error,high,lua,Lua error [FRAME_DESYNC]: Severe frame ID mismatch detected,0,0,-1,,
2026-03-22T08:20:35.854429,2240,251,error,high,lua,Lua error [FRAME_DESYNC]: Severe frame ID mismatch detected,0,0,-1,,
2026-03-22T08:20:54.846629,2240,277,error,high,lua,Lua error [FRAME_DESYNC]: Severe frame ID mismatch detected,0,0,-1,,
2026-03-22T08:21:18.096993,2242,53,error,high,lua,Lua error [FRAME_DESYNC]: Severe frame ID mismatch detected,0,0,-1,,
2026-03-22T08:21:43.700024,2244,68,error,high,lua,Lua error [FRAME_DESYNC]: Severe frame ID mismatch detected,0,0,-1,,
2026-03-22T08:22:23.089661,2246,228,error,high,lua,Lua error [FRAME_DESYNC]: Severe frame ID mismatch detected,0,0,-1,,
2026-03-22T08:22:57.044520,2248,135,error,high,lua,Lua error [FRAME_DESYNC]: Severe frame ID mismatch detected,0,0,-1,,
2026-03-22T08:23:20.495604,2250,307,error,high,lua,Lua error [FRAME_DESYNC]: Severe frame ID mismatch detected,0,0,-1,,
2026-03-22T08:23:37.060798,2250,241,error,high,lua,Lua error [FRAME_DESYNC]: Severe frame ID mismatch detected,0,0,-1,,
2026-03-22T08:23:49.807154,2251,183,error,high,lua,Lua error [FRAME_DESYNC]: Severe frame ID mismatch detected,0,0,-1,,
2026-03-22T08:24:30.256429,2253,368,error,high,lua,Lua error [FRAME_DESYNC]: Severe frame ID mismatch detected,0,0,-1,,
2026-03-22T08:25:02.219682,2255,165,error,high,lua,Lua error [FRAME_DESYNC]: Severe frame ID mismatch detected,0,0,-1,,
2026-03-22T08:25:08.509519,2256,86,error,high,lua,Lua error [FRAME_DESYNC]: Severe frame ID mismatch detected,0,0,-1,,
2026-03-22T08:25:25.381858,2258,40,error,high,lua,Lua error [FRAME_DESYNC]: Severe frame ID mismatch detected,0,0,-1,,
2026-03-22T08:25:58.465883,2260,248,error,high,lua,Lua error [FRAME_DESYNC]: Severe frame ID mismatch detected,0,0,-1,,
2026-03-22T08:26:16.579988,2261,233,error,high,lua,Lua error [FRAME_DESYNC]: Severe frame ID mismatch detected,0,0,-1,,
2026-03-22T08:26:22.337212,2262,77,error,high,lua,Lua error [FRAME_DESYNC]: Severe frame ID mismatch detected,0,0,-1,,
2026-03-22T08:26:58.977462,2264,101,error,high,lua,Lua error [FRAME_DESYNC]: Severe frame ID mismatch detected,0,0,-1,,
2026-03-22T08:27:23.347476,2266,320,error,high,lua,Lua error [FRAME_DESYNC]: Severe frame ID mismatch detected,0,0,-1,,
2026-03-22T08:27:55.533382,2266,475,error,high,lua,Lua error [FRAME_DESYNC]: Severe frame ID mismatch detected,0,0,-1,,
2026-03-22T08:28:39.277396,2268,280,error,high,lua,Lua error [FRAME_DESYNC]: Severe frame ID mismatch detected,0,0,-1,,
2026-03-22T08:30:47.779849,2275,195,error,high,lua,Lua error [FRAME_DESYNC]: Severe frame ID mismatch detected,0,0,-1,,
2026-03-22T08:30:52.922172,2277,68,error,high,lua,Lua error [FRAME_DESYNC]: Severe frame ID mismatch detected,0,0,-1,,
2026-03-22T08:31:33.611390,2279,279,error,high,lua,Lua error [FRAME_DESYNC]: Severe frame ID mismatch detected,0,0,-1,,
2026-03-22T08:32:01.791329,2279,415,error,high,lua,Lua error [FRAME_DESYNC]: Severe frame ID mismatch detected,0,0,-1,,
2026-03-22T08:32:18.247165,2280,194,error,high,lua,Lua error [FRAME_DESYNC]: Severe frame ID mismatch detected,0,0,-1,,
2026-03-22T08:32:36.400558,2281,242,error,high,lua,Lua error [FRAME_DESYNC]: Severe frame ID mismatch detected,0,0,-1,,
2026-03-22T08:33:31.366266,2282,816,error,high,lua,Lua error [FRAME_DESYNC]: Severe frame ID mismatch detected,0,0,-1,,
2026-03-22T08:33:51.891925,2283,215,error,high,lua,Lua error [FRAME_DESYNC]: Severe frame ID mismatch detected,0,0,-1,,
2026-03-22T08:33:55.308355,2285,41,error,high,lua,Lua error [FRAME_DESYNC]: Severe frame ID mismatch detected,0,0,-1,,
2026-03-22T08:33:59.828836,2285,60,error,high,lua,Lua error [FRAME_DESYNC]: Severe frame ID mismatch detected,0,0,-1,,
2026-03-22T08:34:19.563452,2286,287,error,high,lua,Lua error [FRAME_DESYNC]: Severe frame ID mismatch detected,0,0,-1,,
2026-03-22T08:34:33.339503,2287,168,error,high,lua,Lua error [FRAME_DESYNC]: Severe frame ID mismatch detected,0,0,-1,,
2026-03-22T08:35:21.332133,2289,396,error,high,lua,Lua error [FRAME_DESYNC]: Severe frame ID mismatch detected,0,0,-1,,
2026-03-22T08:36:04.471715,2291,275,error,high,lua,Lua error [FRAME_DESYNC]: Severe frame ID mismatch detected,0,0,-1,,
2026-03-22T08:36:28.581547,2292,323,error,high,lua,Lua error [FRAME_DESYNC]: Severe frame ID mismatch detected,0,0,-1,,
2026-03-22T08:37:20.777973,2294,247,error,high,lua,Lua error [FRAME_DESYNC]: Severe frame ID mismatch detected,0,0,-1,,
2026-03-22T08:37:28.282658,2295,75,error,high,lua,Lua error [FRAME_DESYNC]: Severe frame ID mismatch detected,0,0,-1,,
2026-03-22T08:38:54.922423,2299,207,error,high,lua,Lua error [FRAME_DESYNC]: Severe frame ID mismatch detected,0,0,-1,,
2026-03-22T08:39:15.106152,2301,45,error,high,lua,Lua error [FRAME_DESYNC]: Severe frame ID mismatch detected,0,0,-1,,
2026-03-22T08:39:48.167466,2303,307,error,high,lua,Lua error [FRAME_DESYNC]: Severe frame ID mismatch detected,0,0,-1,,
2026-03-22T08:39:55.188773,2304,61,error,high,lua,Lua error [FRAME_DESYNC]: Severe frame ID mismatch detected,0,0,-1,,
2026-03-22T08:40:12.610256,2305,253,error,high,lua,Lua error [FRAME_DESYNC]: Severe frame ID mismatch detected,0,0,-1,,
2026-03-22T08:40:38.406209,2307,47,error,high,lua,Lua error [FRAME_DESYNC]: Severe frame ID mismatch detected,0,0,-1,,
2026-03-22T08:41:19.598918,2309,276,error,high,lua,Lua error [FRAME_DESYNC]: Severe frame ID mismatch detected,0,0,-1,,
2026-03-22T08:41:33.392868,2310,164,error,high,lua,Lua error [FRAME_DESYNC]: Severe frame ID mismatch detected,0,0,-1,,
2026-03-22T08:41:49.333362,2311,231,error,high,lua,Lua error [FRAME_DESYNC]: Severe frame ID mismatch detected,0,0,-1,,
2026-03-22T08:41:55.274521,2312,53,error,high,lua,Lua error [FRAME_DESYNC]: Severe frame ID mismatch detected,0,0,-1,,
2026-03-22T08:42:21.755612,2313,389,error,high,lua,Lua error [FRAME_DESYNC]: Severe frame ID mismatch detected,0,0,-1,,
2026-03-22T08:42:42.811769,2314,265,error,high,lua,Lua error [FRAME_DESYNC]: Severe frame ID mismatch detected,0,0,-1,,
2026-03-22T08:42:46.783781,2316,50,error,high,lua,Lua error [FRAME_DESYNC]: Severe frame ID mismatch detected,0,0,-1,,
2026-03-22T08:43:12.501966,2318,65,error,high,lua,Lua error [FRAME_DESYNC]: Severe frame ID mismatch detected,0,0,-1,,
2026-03-22T08:43:37.037430,2318,360,error,high,lua,Lua error [FRAME_DESYNC]: Severe frame ID mismatch detected,0,0,-1,,
2026-03-22T08:44:11.954276,2320,128,error,high,lua,Lua error [FRAME_DESYNC]: Severe frame ID mismatch detected,0,0,-1,,
2026-03-22T08:44:54.210314,2322,264,error,high,lua,Lua error [FRAME_DESYNC]: Severe frame ID mismatch detected,0,0,-1,,
2026-03-22T08:45:18.935335,2323,332,error,high,lua,Lua error [FRAME_DESYNC]: Severe frame ID mismatch detected,0,0,-1,,
2026-03-22T08:45:24.732528,2324,40,error,high,lua,Lua error [FRAME_DESYNC]: Severe frame ID mismatch detected,0,0,-1,,
2026-03-22T08:46:48.348691,2327,320,error,high,lua,Lua error [FRAME_DESYNC]: Severe frame ID mismatch detected,0,0,-1,,
2026-03-22T08:46:56.956124,2328,84,error,high,lua,Lua error [FRAME_DESYNC]: Severe frame ID mismatch detected,0,0,-1,,
2026-03-22T08:47:16.762853,2330,49,error,high,lua,Lua error [FRAME_DESYNC]: Severe frame ID mismatch detected,0,0,-1,,
2026-03-22T08:48:03.446950,2332,356,error,high,lua,Lua error [FRAME_DESYNC]: Severe frame ID mismatch detected,0,0,-1,,
2026-03-22T08:48:11.567158,2333,73,error,high,lua,Lua error [FRAME_DESYNC]: Severe frame ID mismatch detected,0,0,-1,,
2026-03-22T08:48:15.858914,2334,55,error,high,lua,Lua error [FRAME_DESYNC]: Severe frame ID mismatch detected,0,0,-1,,
2026-03-22T08:48:28.726350,2335,184,error,high,lua,Lua error [FRAME_DESYNC]: Severe frame ID mismatch detected,0,0,-1,,
2026-03-22T08:48:39.236477,2336,149,error,high,lua,Lua error [FRAME_DESYNC]: Severe frame ID mismatch detected,0,0,-1,,
2026-03-22T08:48:42.264508,2337,37,error,high,lua,Lua error [FRAME_DESYNC]: Severe frame ID mismatch detected,0,0,-1,,
2026-03-22T08:49:39.974516,2340,250,error,high,lua,Lua error [FRAME_DESYNC]: Severe frame ID mismatch detected,0,0,-1,,
2026-03-22T08:49:53.696136,2341,169,error,high,lua,Lua error [FRAME_DESYNC]: Severe frame ID mismatch detected,0,0,-1,,
2026-03-22T08:50:26.724720,2342,487,error,high,lua,Lua error [FRAME_DESYNC]: Severe frame ID mismatch detected,0,0,-1,,
2026-03-22T08:50:53.856922,2344,313,error,high,lua,Lua error [FRAME_DESYNC]: Severe frame ID mismatch detected,0,0,-1,,
2026-03-22T08:50:57.706905,2344,50,error,high,lua,Lua error [FRAME_DESYNC]: Severe frame ID mismatch detected,0,0,-1,,
2026-03-22T08:51:02.549217,2345,63,error,high,lua,Lua error [FRAME_DESYNC]: Severe frame ID mismatch detected,0,0,-1,,
2026-03-22T08:51:09.154130,2346,90,error,high,lua,Lua error [FRAME_DESYNC]: Severe frame ID mismatch detected,0,0,-1,,
2026-03-22T08:51:23.564894,2347,207,error,high,lua,Lua error [FRAME_DESYNC]: Severe frame ID mismatch detected,0,0,-1,,
2026-03-22T08:51:30.411829,2348,94,error,high,lua,Lua error [FRAME_DESYNC]: Severe frame ID mismatch detected,0,0,-1,,
2026-03-22T08:51:48.529709,2349,263,error,high,lua,Lua error [FRAME_DESYNC]: Severe frame ID mismatch detected,0,0,-1,,
2026-03-22T08:52:23.514184,2352,144,error,high,lua,Lua error [FRAME_DESYNC]: Severe frame ID mismatch detected,0,0,-1,,
2026-03-22T08:52:35.029419,2352,165,error,high,lua,Lua error [FRAME_DESYNC]: Severe frame ID mismatch detected,0,0,-1,,
2026-03-22T08:53:02.256775,2355,72,error,high,lua,Lua error [FRAME_DESYNC]: Severe frame ID mismatch detected,0,0,-1,,
2026-03-22T08:53:17.774293,2355,225,error,high,lua,Lua error [FRAME_DESYNC]: Severe frame ID mismatch detected,0,0,-1,,
2026-03-22T08:53:23.288000,2356,48,error,high,lua,Lua error [FRAME_DESYNC]: Severe frame ID mismatch detected,0,0,-1,,
2026-03-22T08:53:52.500477,2357,430,error,high,lua,Lua error [FRAME_DESYNC]: Severe frame ID mismatch detected,0,0,-1,,
2026-03-22T08:53:59.905573,2358,56,error,high,lua,Lua error [FRAME_DESYNC]: Severe frame ID mismatch detected,0,0,-1,,
2026-03-22T08:54:21.524344,2359,316,error,high,lua,Lua error [FRAME_DESYNC]: Severe frame ID mismatch detected,0,0,-1,,
2026-03-22T08:54:37.933307,2360,204,error,high,lua,Lua error [FRAME_DESYNC]: Severe frame ID mismatch detected,0,0,-1,,
2026-03-22T08:54:43.548656,2361,51,error,high,lua,Lua error [FRAME_DESYNC]: Severe frame ID mismatch detected,0,0,-1,,
2026-03-22T08:56:05.197045,2363,565,error,high,lua,Lua error [FRAME_DESYNC]: Severe frame ID mismatch detected,0,0,-1,,
2026-03-22T08:57:13.483834,2366,198,error,high,lua,Lua error [FRAME_DESYNC]: Severe frame ID mismatch detected,0,0,-1,,
2026-03-22T08:57:41.705631,2368,374,error,high,lua,Lua error [FRAME_DESYNC]: Severe frame ID mismatch detected,0,0,-1,,
2026-03-22T08:57:55.913145,2368,205,error,high,lua,Lua error [FRAME_DESYNC]: Severe frame ID mismatch detected,0,0,-1,,
2026-03-22T08:58:02.901385,2370,72,error,high,lua,Lua error [FRAME_DESYNC]: Severe frame ID mismatch detected,0,0,-1,,
2026-03-22T08:58:07.467794,2371,60,error,high,lua,Lua error [FRAME_DESYNC]: Severe frame ID mismatch detected,0,0,-1,,
2026-03-22T08:58:43.834393,2372,165,error,high,lua,Lua error [FRAME_DESYNC]: Severe frame ID mismatch detected,0,0,-1,,
2026-03-22T08:59:14.782661,2374,132,error,high,lua,Lua error [FRAME_DESYNC]: Severe frame ID mismatch detected,0,0,-1,,
2026-03-22T08:59:34.998748,2375,295,error,high,lua,Lua error [FRAME_DESYNC]: Severe frame ID mismatch detected,0,0,-1,,
2026-03-22T09:00:08.992723,2377,305,error,high,lua,Lua error [FRAME_DESYNC]: Severe frame ID mismatch detected,0,0,-1,,
2026-03-22T09:00:39.675020,2378,419,error,high,lua,Lua error [FRAME_DESYNC]: Severe frame ID mismatch detected,0,0,-1,,
2026-03-22T09:01:57.163786,2382,202,error,high,lua,Lua error [FRAME_DESYNC]: Severe frame ID mismatch detected,0,0,-1,,
2026-03-22T09:02:05.016556,2383,109,error,high,lua,Lua error [FRAME_DESYNC]: Severe frame ID mismatch detected,0,0,-1,,
2026-03-22T09:02:19.543829,2385,209,error,high,lua,Lua error [FRAME_DESYNC]: Severe frame ID mismatch detected,0,0,-1,,
2026-03-22T09:02:24.121631,2386,60,error,high,lua,Lua error [FRAME_DESYNC]: Severe frame ID mismatch detected,0,0,-1,,
2026-03-22T09:02:43.702307,2386,286,error,high,lua,Lua error [FRAME_DESYNC]: Severe frame ID mismatch detected,0,0,-1,,
2026-03-22T09:02:49.825923,2387,51,error,high,lua,Lua error [FRAME_DESYNC]: Severe frame ID mismatch detected,0,0,-1,,
2026-03-22T09:02:55.033992,2388,69,error,high,lua,Lua error [FRAME_DESYNC]: Severe frame ID mismatch detected,0,0,-1,,
2026-03-22T09:03:51.130081,2390,368,error,high,lua,Lua error [FRAME_DESYNC]: Severe frame ID mismatch detected,0,0,-1,,
2026-03-22T09:04:03.242668,2391,132,error,high,lua,Lua error [FRAME_DESYNC]: Severe frame ID mismatch detected,0,0,-1,,
2026-03-22T09:04:47.692480,2393,53,error,high,lua,Lua error [FRAME_DESYNC]: Severe frame ID mismatch detected,0,0,-1,,
2026-03-22T09:05:07.869660,2394,295,error,high,lua,Lua error [FRAME_DESYNC]: Severe frame ID mismatch detected,0,0,-1,,
2026-03-22T09:05:13.942411,2395,50,error,high,lua,Lua error [FRAME_DESYNC]: Severe frame ID mismatch detected,0,0,-1,,
2026-03-22T09:05:30.680900,2397,216,error,high,lua,Lua error [FRAME_DESYNC]: Severe frame ID mismatch detected,0,0,-1,,
2026-03-22T09:05:58.552964,2398,54,error,high,lua,Lua error [FRAME_DESYNC]: Severe frame ID mismatch detected,0,0,-1,,
2026-03-22T09:06:08.352529,2399,138,error,high,lua,Lua error [FRAME_DESYNC]: Severe frame ID mismatch detected,0,0,-1,,
2026-03-22T09:06:50.350124,2401,161,error,high,lua,Lua error [FRAME_DESYNC]: Severe frame ID mismatch detected,0,0,-1,,
2026-03-22T09:06:55.058557,2402,61,error,high,lua,Lua error [FRAME_DESYNC]: Severe frame ID mismatch detected,0,0,-1,,
2026-03-22T09:07:13.826598,2403,273,error,high,lua,Lua error [FRAME_DESYNC]: Severe frame ID mismatch detected,0,0,-1,,
2026-03-22T09:07:56.655660,2405,87,error,high,lua,Lua error [FRAME_DESYNC]: Severe frame ID mismatch detected,0,0,-1,,
2026-03-22T09:08:30.799611,2406,503,error,high,lua,Lua error [FRAME_DESYNC]: Severe frame ID mismatch detected,0,0,-1,,
2026-03-22T09:08:40.316507,2407,82,error,high,lua,Lua error [FRAME_DESYNC]: Severe frame ID mismatch detected,0,0,-1,,
2026-03-22T09:08:44.310539,2408,51,error,high,lua,Lua error [FRAME_DESYNC]: Severe frame ID mismatch detected,0,0,-1,,
2026-03-22T09:09:41.031183,2411,297,error,high,lua,Lua error [FRAME_DESYNC]: Severe frame ID mismatch detected,0,0,-1,,
2026-03-22T09:09:45.558417,2411,60,error,high,lua,Lua error [FRAME_DESYNC]: Severe frame ID mismatch detected,0,0,-1,,
2026-03-22T09:10:20.274501,2412,510,error,high,lua,Lua error [FRAME_DESYNC]: Severe frame ID mismatch detected,0,0,-1,,
2026-03-22T09:10:44.335772,2413,297,error,high,lua,Lua error [FRAME_DESYNC]: Severe frame ID mismatch detected,0,0,-1,,
2026-03-22T09:10:57.162984,2414,151,error,high,lua,Lua error [FRAME_DESYNC]: Severe frame ID mismatch detected,0,0,-1,,
2026-03-22T09:11:34.785407,2415,556,error,high,lua,Lua error [FRAME_DESYNC]: Severe frame ID mismatch detected,0,0,-1,,
2026-03-22T09:11:44.285831,2416,76,error,high,lua,Lua error [FRAME_DESYNC]: Severe frame ID mismatch detected,0,0,-1,,
2026-03-22T09:11:50.258694,2417,81,error,high,lua,Lua error [FRAME_DESYNC]: Severe frame ID mismatch detected,0,0,-1,,
2026-03-22T09:11:54.817657,2418,60,error,high,lua,Lua error [FRAME_DESYNC]: Severe frame ID mismatch detected,0,0,-1,,
2026-03-22T09:11:58.861212,2419,52,error,high,lua,Lua error [FRAME_DESYNC]: Severe frame ID mismatch detected,0,0,-1,,
2026-03-22T09:12:02.826901,2420,50,error,high,lua,Lua error [FRAME_DESYNC]: Severe frame ID mismatch detected,0,0,-1,,
2026-03-22T09:12:07.248598,2421,50,error,high,lua,Lua error [FRAME_DESYNC]: Severe frame ID mismatch detected,0,0,-1,,
2026-03-22T09:12:14.030116,2423,93,error,high,lua,Lua error [FRAME_DESYNC]: Severe frame ID mismatch detected,0,0,-1,,
2026-03-22T09:13:20.575253,2424,215,error,high,lua,Lua error [FRAME_DESYNC]: Severe frame ID mismatch detected,0,0,-1,,
2026-03-22T09:15:54.503072,2429,229,error,high,lua,Lua error [FRAME_DESYNC]: Severe frame ID mismatch detected,0,0,-1,,
2026-03-22T09:16:15.008740,2431,242,error,high,lua,Lua error [FRAME_DESYNC]: Severe frame ID mismatch detected,0,0,-1,,
2026-03-22T09:16:31.758171,2431,244,error,high,lua,Lua error [FRAME_DESYNC]: Severe frame ID mismatch detected,0,0,-1,,
2026-03-22T09:16:42.640163,2432,128,error,high,lua,Lua error [FRAME_DESYNC]: Severe frame ID mismatch detected,0,0,-1,,
2026-03-22T09:17:02.182076,2433,285,error,high,lua,Lua error [FRAME_DESYNC]: Severe frame ID mismatch detected,0,0,-1,,
2026-03-22T09:18:10.515627,2437,136,error,high,lua,Lua error [FRAME_DESYNC]: Severe frame ID mismatch detected,0,0,-1,,
2026-03-22T09:18:47.979602,2438,181,error,high,lua,Lua error [FRAME_DESYNC]: Severe frame ID mismatch detected,0,0,-1,,
2026-03-22T09:18:52.628267,2439,60,error,high,lua,Lua error [FRAME_DESYNC]: Severe frame ID mismatch detected,0,0,-1,,
2026-03-22T09:20:04.545497,2442,61,error,high,lua,Lua error [FRAME_DESYNC]: Severe frame ID mismatch detected,0,0,-1,,
2026-03-22T09:20:22.856464,2444,50,error,high,lua,Lua error [FRAME_DESYNC]: Severe frame ID mismatch detected,0,0,-1,,
2026-03-22T09:21:30.810357,2447,175,error,high,lua,Lua error [FRAME_DESYNC]: Severe frame ID mismatch detected,0,0,-1,,
2026-03-22T09:21:56.041888,2448,370,error,high,lua,Lua error [FRAME_DESYNC]: Severe frame ID mismatch detected,0,0,-1,,
2026-03-22T09:22:29.087855,2449,447,error,high,lua,Lua error [FRAME_DESYNC]: Severe frame ID mismatch detected,0,0,-1,,
2026-03-22T09:22:44.222791,2450,173,error,high,lua,Lua error [FRAME_DESYNC]: Severe frame ID mismatch detected,0,0,-1,,
2026-03-22T09:22:52.475237,2451,114,error,high,lua,Lua error [FRAME_DESYNC]: Severe frame ID mismatch detected,0,0,-1,,
2026-03-22T09:23:07.626330,2453,196,error,high,lua,Lua error [FRAME_DESYNC]: Severe frame ID mismatch detected,0,0,-1,,
2026-03-22T09:23:27.882841,2453,296,error,high,lua,Lua error [FRAME_DESYNC]: Severe frame ID mismatch detected,0,0,-1,,
2026-03-22T09:23:31.715663,2455,49,error,high,lua,Lua error [FRAME_DESYNC]: Severe frame ID mismatch detected,0,0,-1,,
2026-03-22T09:23:35.735681,2456,52,error,high,lua,Lua error [FRAME_DESYNC]: Severe frame ID mismatch detected,0,0,-1,,
2026-03-22T09:24:17.353639,2457,559,error,high,lua,Lua error [FRAME_DESYNC]: Severe frame ID mismatch detected,0,0,-1,,
2026-03-22T09:24:56.801688,2458,67,error,high,lua,Lua error [FRAME_DESYNC]: Severe frame ID mismatch detected,0,0,-1,,
2026-03-22T09:25:32.958987,2460,484,error,high,lua,Lua error [FRAME_DESYNC]: Severe frame ID mismatch detected,0,0,-1,,
2026-03-22T09:25:46.104671,2460,189,error,high,lua,Lua error [FRAME_DESYNC]: Severe frame ID mismatch detected,0,0,-1,,
2026-03-22T09:26:16.077961,2463,147,error,high,lua,Lua error [FRAME_DESYNC]: Severe frame ID mismatch detected,0,0,-1,,
2026-03-22T09:26:30.629409,2463,210,error,high,lua,Lua error [FRAME_DESYNC]: Severe frame ID mismatch detected,0,0,-1,,
2026-03-22T09:27:16.292470,2465,388,error,high,lua,Lua error [FRAME_DESYNC]: Severe frame ID mismatch detected,0,0,-1,,
2026-03-22T09:27:41.761321,2466,330,error,high,lua,Lua error [FRAME_DESYNC]: Severe frame ID mismatch detected,0,0,-1,,
2026-03-22T09:28:18.789519,2468,215,error,high,lua,Lua error [FRAME_DESYNC]: Severe frame ID mismatch detected,0,0,-1,,
2026-03-22T09:28:53.226278,2469,481,error,high,lua,Lua error [FRAME_DESYNC]: Severe frame ID mismatch detected,0,0,-1,,
2026-03-22T09:29:33.121933,2472,278,error,high,lua,Lua error [FRAME_DESYNC]: Severe frame ID mismatch detected,0,0,-1,,
2026-03-22T09:29:44.940524,2472,169,error,high,lua,Lua error [FRAME_DESYNC]: Severe frame ID mismatch detected,0,0,-1,,
2026-03-22T09:30:13.210755,2474,50,error,high,lua,Lua error [FRAME_DESYNC]: Severe frame ID mismatch detected,0,0,-1,,
2026-03-22T09:30:40.581704,2475,401,error,high,lua,Lua error [FRAME_DESYNC]: Severe frame ID mismatch detected,0,0,-1,,
2026-03-22T09:30:51.912700,2476,117,error,high,lua,Lua error [FRAME_DESYNC]: Severe frame ID mismatch detected,0,0,-1,,
2026-03-22T09:31:15.181569,2478,55,error,high,lua,Lua error [FRAME_DESYNC]: Severe frame ID mismatch detected,0,0,-1,,
2026-03-22T09:31:35.000644,2480,260,error,high,lua,Lua error [FRAME_DESYNC]: Severe frame ID mismatch detected,0,0,-1,,
2026-03-22T09:31:50.700730,2481,204,error,high,lua,Lua error [FRAME_DESYNC]: Severe frame ID mismatch detected,0,0,-1,,
2026-03-22T09:32:09.234133,2481,270,error,high,lua,Lua error [FRAME_DESYNC]: Severe frame ID mismatch detected,0,0,-1,,
2026-03-22T09:32:46.711336,2483,226,error,high,lua,Lua error [FRAME_DESYNC]: Severe frame ID mismatch detected,0,0,-1,,
2026-03-22T09:33:29.477643,2486,202,error,high,lua,Lua error [FRAME_DESYNC]: Severe frame ID mismatch detected,0,0,-1,,
2026-03-22T09:33:43.817220,2486,207,error,high,lua,Lua error [FRAME_DESYNC]: Severe frame ID mismatch detected,0,0,-1,,
2026-03-22T09:34:32.037742,2488,48,error,high,lua,Lua error [FRAME_DESYNC]: Severe frame ID mismatch detected,0,0,-1,,
2026-03-22T09:34:37.189001,2489,68,error,high,lua,Lua error [FRAME_DESYNC]: Severe frame ID mismatch detected,0,0,-1,,
2026-03-22T09:35:07.223005,2490,442,error,high,lua,Lua error [FRAME_DESYNC]: Severe frame ID mismatch detected,0,0,-1,,
2026-03-22T09:35:18.428725,2492,113,error,high,lua,Lua error [FRAME_DESYNC]: Severe frame ID mismatch detected,0,0,-1,,
2026-03-22T09:35:24.411055,2492,82,error,high,lua,Lua error [FRAME_DESYNC]: Severe frame ID mismatch detected,0,0,-1,,
2026-03-22T09:35:28.303917,2493,50,error,high,lua,Lua error [FRAME_DESYNC]: Severe frame ID mismatch detected,0,0,-1,,
2026-03-22T09:35:34.111301,2494,78,error,high,lua,Lua error [FRAME_DESYNC]: Severe frame ID mismatch detected,0,0,-1,,
2026-03-22T09:35:40.051281,2495,81,error,high,lua,Lua error [FRAME_DESYNC]: Severe frame ID mismatch detected,0,0,-1,,
2026-03-22T09:35:54.943796,2496,215,error,high,lua,Lua error [FRAME_DESYNC]: Severe frame ID mismatch detected,0,0,-1,,
2026-03-22T09:36:12.314533,2497,227,error,high,lua,Lua error [FRAME_DESYNC]: Severe frame ID mismatch detected,0,0,-1,,
2026-03-22T09:36:15.615393,2498,40,error,high,lua,Lua error [FRAME_DESYNC]: Severe frame ID mismatch detected,0,0,-1,,
2026-03-22T09:36:24.728302,2500,113,error,high,lua,Lua error [FRAME_DESYNC]: Severe frame ID mismatch detected,0,0,-1,,
2026-03-22T09:37:06.574250,2501,343,error,high,lua,Lua error [FRAME_DESYNC]: Severe frame ID mismatch detected,0,0,-1,,
2026-03-22T09:37:14.728006,2503,74,error,high,lua,Lua error [FRAME_DESYNC]: Severe frame ID mismatch detected,0,0,-1,,
2026-03-22T09:37:53.338459,2504,282,error,high,lua,Lua error [FRAME_DESYNC]: Severe frame ID mismatch detected,0,0,-1,,
2026-03-22T09:38:41.833719,2506,280,error,high,lua,Lua error [FRAME_DESYNC]: Severe frame ID mismatch detected,0,0,-1,,
2026-03-22T09:39:12.066255,2507,413,error,high,lua,Lua error [FRAME_DESYNC]: Severe frame ID mismatch detected,0,0,-1,,
2026-03-22T09:39:18.761536,2509,47,error,high,lua,Lua error [FRAME_DESYNC]: Severe frame ID mismatch detected,0,0,-1,,
2026-03-22T09:39:38.955056,2509,295,error,high,lua,Lua error [FRAME_DESYNC]: Severe frame ID mismatch detected,0,0,-1,,
2026-03-22T09:39:59.981044,2511,246,error,high,lua,Lua error [FRAME_DESYNC]: Severe frame ID mismatch detected,0,0,-1,,
2026-03-22T09:40:36.327365,2511,538,error,high,lua,Lua error [FRAME_DESYNC]: Severe frame ID mismatch detected,0,0,-1,,
2026-03-22T09:40:46.126691,2512,81,error,high,lua,Lua error [FRAME_DESYNC]: Severe frame ID mismatch detected,0,0,-1,,
2026-03-22T09:40:50.636417,2513,58,error,high,lua,Lua error [FRAME_DESYNC]: Severe frame ID mismatch detected,0,0,-1,,
2026-03-22T09:41:19.055869,2514,418,error,high,lua,Lua error [FRAME_DESYNC]: Severe frame ID mismatch detected,0,0,-1,,
2026-03-22T09:41:51.702705,2516,69,error,high,lua,Lua error [FRAME_DESYNC]: Severe frame ID mismatch detected,0,0,-1,,
2026-03-22T09:42:16.892954,2518,119,error,high,lua,Lua error [FRAME_DESYNC]: Severe frame ID mismatch detected,0,0,-1,,
2026-03-22T09:43:20.006126,2521,329,error,high,lua,Lua error [FRAME_DESYNC]: Severe frame ID mismatch detected,0,0,-1,,
2026-03-22T09:43:36.049206,2521,233,error,high,lua,Lua error [FRAME_DESYNC]: Severe frame ID mismatch detected,0,0,-1,,
2026-03-22T09:44:19.760470,2523,183,error,high,lua,Lua error [FRAME_DESYNC]: Severe frame ID mismatch detected,0,0,-1,,
2026-03-22T09:44:24.873484,2524,48,error,high,lua,Lua error [FRAME_DESYNC]: Severe frame ID mismatch detected,0,0,-1,,
2026-03-22T09:44:40.897919,2525,231,error,high,lua,Lua error [FRAME_DESYNC]: Severe frame ID mismatch detected,0,0,-1,,
2026-03-22T09:45:07.414533,2526,362,error,high,lua,Lua error [FRAME_DESYNC]: Severe frame ID mismatch detected,0,0,-1,,
2026-03-22T09:45:24.802288,2527,212,error,high,lua,Lua error [FRAME_DESYNC]: Severe frame ID mismatch detected,0,0,-1,,
2026-03-22T09:45:44.669305,2528,264,error,high,lua,Lua error [FRAME_DESYNC]: Severe frame ID mismatch detected,0,0,-1,,
2026-03-22T09:45:57.098662,2529,147,error,high,lua,Lua error [FRAME_DESYNC]: Severe frame ID mismatch detected,0,0,-1,,
2026-03-22T09:46:02.689220,2530,76,error,high,lua,Lua error [FRAME_DESYNC]: Severe frame ID mismatch detected,0,0,-1,,
2026-03-22T09:46:09.384244,2531,91,error,high,lua,Lua error [FRAME_DESYNC]: Severe frame ID mismatch detected,0,0,-1,,
2026-03-22T09:46:14.274125,2533,65,error,high,lua,Lua error [FRAME_DESYNC]: Severe frame ID mismatch detected,0,0,-1,,
2026-03-22T09:46:37.947089,2534,82,error,high,lua,Lua error [FRAME_DESYNC]: Severe frame ID mismatch detected,0,0,-1,,
2026-03-22T09:46:42.912657,2535,65,error,high,lua,Lua error [FRAME_DESYNC]: Severe frame ID mismatch detected,0,0,-1,,
2026-03-22T09:47:04.770532,2536,320,error,high,lua,Lua error [FRAME_DESYNC]: Severe frame ID mismatch detected,0,0,-1,,
2026-03-22T09:47:13.295108,2538,83,error,high,lua,Lua error [FRAME_DESYNC]: Severe frame ID mismatch detected,0,0,-1,,
2026-03-22T09:47:18.587056,2538,71,error,high,lua,Lua error [FRAME_DESYNC]: Severe frame ID mismatch detected,0,0,-1,,
2026-03-22T09:47:35.785282,2539,250,error,high,lua,Lua error [FRAME_DESYNC]: Severe frame ID mismatch detected,0,0,-1,,
2026-03-22T09:47:42.025079,2540,54,error,high,lua,Lua error [FRAME_DESYNC]: Severe frame ID mismatch detected,0,0,-1,,
2026-03-22T09:47:46.356460,2541,48,error,high,lua,Lua error [FRAME_DESYNC]: Severe frame ID mismatch detected,0,0,-1,,
2026-03-22T09:48:04.720028,2542,267,error,high,lua,Lua error [FRAME_DESYNC]: Severe frame ID mismatch detected,0,0,-1,,
2026-03-22T09:48:15.119542,2543,118,error,high,lua,Lua error [FRAME_DESYNC]: Severe frame ID mismatch detected,0,0,-1,,
2026-03-22T09:48:44.994504,2544,439,error,high,lua,Lua error [FRAME_DESYNC]: Severe frame ID mismatch detected,0,0,-1,,
2026-03-22T09:48:52.265641,2545,55,error,high,lua,Lua error [FRAME_DESYNC]: Severe frame ID mismatch detected,0,0,-1,,
2026-03-22T09:49:45.442651,2548,48,error,high,lua,Lua error [FRAME_DESYNC]: Severe frame ID mismatch detected,0,0,-1,,
2026-03-22T09:50:25.320230,2551,70,error,high,lua,Lua error [FRAME_DESYNC]: Severe frame ID mismatch detected,0,0,-1,,
2026-03-22T09:50:36.402420,2552,156,error,high,lua,Lua error [FRAME_DESYNC]: Severe frame ID mismatch detected,0,0,-1,,
2026-03-22T09:51:08.548196,2553,474,error,high,lua,Lua error [FRAME_DESYNC]: Severe frame ID mismatch detected,0,0,-1,,
2026-03-22T09:51:29.914269,2554,264,error,high,lua,Lua error [FRAME_DESYNC]: Severe frame ID mismatch detected,0,0,-1,,
2026-03-22T09:51:47.451978,2555,222,error,high,lua,Lua error [FRAME_DESYNC]: Severe frame ID mismatch detected,0,0,-1,,
2026-03-22T09:51:54.602617,2557,72,error,high,lua,Lua error [FRAME_DESYNC]: Severe frame ID mismatch detected,0,0,-1,,
2026-03-22T09:52:03.281205,2557,122,error,high,lua,Lua error [FRAME_DESYNC]: Severe frame ID mismatch detected,0,0,-1,,
2026-03-22T09:52:57.424970,2560,93,error,high,lua,Lua error [FRAME_DESYNC]: Severe frame ID mismatch detected,0,0,-1,,
2026-03-22T09:53:04.822970,2561,90,error,high,lua,Lua error [FRAME_DESYNC]: Severe frame ID mismatch detected,0,0,-1,,
2026-03-22T09:53:15.704206,2562,154,error,high,lua,Lua error [FRAME_DESYNC]: Severe frame ID mismatch detected,0,0,-1,,
2026-03-22T09:53:44.491052,2564,73,error,high,lua,Lua error [FRAME_DESYNC]: Severe frame ID mismatch detected,0,0,-1,,
2026-03-22T09:54:33.127042,2565,721,error,high,lua,Lua error [FRAME_DESYNC]: Severe frame ID mismatch detected,0,0,-1,,
2026-03-22T09:55:43.410057,2568,111,error,high,lua,Lua error [FRAME_DESYNC]: Severe frame ID mismatch detected,0,0,-1,,
2026-03-22T09:55:51.895991,2569,118,error,high,lua,Lua error [FRAME_DESYNC]: Severe frame ID mismatch detected,0,0,-1,,
2026-03-22T09:55:57.088661,2570,69,error,high,lua,Lua error [FRAME_DESYNC]: Severe frame ID mismatch detected,0,0,-1,,
2026-03-22T09:56:01.868713,2571,62,error,high,lua,Lua error [FRAME_DESYNC]: Severe frame ID mismatch detected,0,0,-1,,
2026-03-22T09:56:29.758278,2574,67,error,high,lua,Lua error [FRAME_DESYNC]: Severe frame ID mismatch detected,0,0,-1,,
2026-03-22T09:56:46.396074,2574,242,error,high,lua,Lua error [FRAME_DESYNC]: Severe frame ID mismatch detected,0,0,-1,,
2026-03-22T09:56:52.245452,2575,51,error,high,lua,Lua error [FRAME_DESYNC]: Severe frame ID mismatch detected,0,0,-1,,
2026-03-22T09:57:03.881538,2576,165,error,high,lua,Lua error [FRAME_DESYNC]: Severe frame ID mismatch detected,0,0,-1,,
2026-03-22T09:57:56.507155,2578,56,error,high,lua,Lua error [FRAME_DESYNC]: Severe frame ID mismatch detected,0,0,-1,,
2026-03-22T09:58:26.813601,2580,133,error,high,lua,Lua error [FRAME_DESYNC]: Severe frame ID mismatch detected,0,0,-1,,
2026-03-22T09:58:44.277076,2581,236,error,high,lua,Lua error [FRAME_DESYNC]: Severe frame ID mismatch detected,0,0,-1,,
2026-03-22T09:58:51.763817,2582,76,error,high,lua,Lua error [FRAME_DESYNC]: Severe frame ID mismatch detected,0,0,-1,,
2026-03-22T09:59:04.216693,2584,178,error,high,lua,Lua error [FRAME_DESYNC]: Severe frame ID mismatch detected,0,0,-1,,
2026-03-22T09:59:24.265264,2584,293,error,high,lua,Lua error [FRAME_DESYNC]: Severe frame ID mismatch detected,0,0,-1,,
2026-03-22T09:59:28.352718,2585,52,error,high,lua,Lua error [FRAME_DESYNC]: Severe frame ID mismatch detected,0,0,-1,,
2026-03-22T09:59:37.971137,2586,135,error,high,lua,Lua error [FRAME_DESYNC]: Severe frame ID mismatch detected,0,0,-1,,
2026-03-22T10:00:57.644196,2590,64,error,high,lua,Lua error [FRAME_DESYNC]: Severe frame ID mismatch detected,0,0,-1,,
2026-03-22T10:01:16.590897,2591,276,error,high,lua,Lua error [FRAME_DESYNC]: Severe frame ID mismatch detected,0,0,-1,,
2026-03-22T10:01:29.804335,2593,158,error,high,lua,Lua error [FRAME_DESYNC]: Severe frame ID mismatch detected,0,0,-1,,
2026-03-22T10:01:45.625332,2593,230,error,high,lua,Lua error [FRAME_DESYNC]: Severe frame ID mismatch detected,0,0,-1,,
2026-03-22T10:01:50.627189,2595,44,error,high,lua,Lua error [FRAME_DESYNC]: Severe frame ID mismatch detected,0,0,-1,,
2026-03-22T10:02:07.721941,2595,249,error,high,lua,Lua error [FRAME_DESYNC]: Severe frame ID mismatch detected,0,0,-1,,
2026-03-22T10:02:20.556280,2596,154,error,high,lua,Lua error [FRAME_DESYNC]: Severe frame ID mismatch detected,0,0,-1,,
2026-03-22T10:02:24.211526,2597,46,error,high,lua,Lua error [FRAME_DESYNC]: Severe frame ID mismatch detected,0,0,-1,,
2026-03-22T10:02:45.393036,2599,62,error,high,lua,Lua error [FRAME_DESYNC]: Severe frame ID mismatch detected,0,0,-1,,
2026-03-22T10:02:54.611478,2600,130,error,high,lua,Lua error [FRAME_DESYNC]: Severe frame ID mismatch detected,0,0,-1,,
2026-03-22T10:02:59.094260,2601,43,error,high,lua,Lua error [FRAME_DESYNC]: Severe frame ID mismatch detected,0,0,-1,,
2026-03-22T10:03:05.808799,2602,92,error,high,lua,Lua error [FRAME_DESYNC]: Severe frame ID mismatch detected,0,0,-1,,
2026-03-22T10:03:28.953887,2603,338,error,high,lua,Lua error [FRAME_DESYNC]: Severe frame ID mismatch detected,0,0,-1,,
2026-03-22T10:03:37.373062,2604,79,error,high,lua,Lua error [FRAME_DESYNC]: Severe frame ID mismatch detected,0,0,-1,,
2026-03-22T10:03:42.112591,2605,61,error,high,lua,Lua error [FRAME_DESYNC]: Severe frame ID mismatch detected,0,0,-1,,
2026-03-22T10:03:46.805189,2606,62,error,high,lua,Lua error [FRAME_DESYNC]: Severe frame ID mismatch detected,0,0,-1,,
2026-03-22T10:03:51.912654,2607,68,error,high,lua,Lua error [FRAME_DESYNC]: Severe frame ID mismatch detected,0,0,-1,,
2026-03-22T10:03:56.244571,2608,56,error,high,lua,Lua error [FRAME_DESYNC]: Severe frame ID mismatch detected,0,0,-1,,
2026-03-22T10:04:59.450709,2610,401,error,high,lua,Lua error [FRAME_DESYNC]: Severe frame ID mismatch detected,0,0,-1,,
2026-03-22T10:05:13.660597,2611,161,error,high,lua,Lua error [FRAME_DESYNC]: Severe frame ID mismatch detected,0,0,-1,,
2026-03-22T10:05:58.469297,2613,298,error,high,lua,Lua error [FRAME_DESYNC]: Severe frame ID mismatch detected,0,0,-1,,
2026-03-22T10:06:05.201197,2615,59,error,high,lua,Lua error [FRAME_DESYNC]: Severe frame ID mismatch detected,0,0,-1,,
2026-03-22T10:06:09.718073,2615,60,error,high,lua,Lua error [FRAME_DESYNC]: Severe frame ID mismatch detected,0,0,-1,,
2026-03-22T10:06:34.112589,2617,67,error,high,lua,Lua error [FRAME_DESYNC]: Severe frame ID mismatch detected,0,0,-1,,
2026-03-22T10:07:19.979051,2620,228,error,high,lua,Lua error [FRAME_DESYNC]: Severe frame ID mismatch detected,0,0,-1,,
2026-03-22T10:07:23.744046,2620,48,error,high,lua,Lua error [FRAME_DESYNC]: Severe frame ID mismatch detected,0,0,-1,,
2026-03-22T10:07:44.686317,2621,298,error,high,lua,Lua error [FRAME_DESYNC]: Severe frame ID mismatch detected,0,0,-1,,
2026-03-22T10:08:06.705993,2622,288,error,high,lua,Lua error [FRAME_DESYNC]: Severe frame ID mismatch detected,0,0,-1,,
2026-03-22T10:08:14.237486,2623,72,error,high,lua,Lua error [FRAME_DESYNC]: Severe frame ID mismatch detected,0,0,-1,,
2026-03-22T10:08:51.250413,2626,69,error,high,lua,Lua error [FRAME_DESYNC]: Severe frame ID mismatch detected,0,0,-1,,
2026-03-22T10:09:02.041903,2627,153,error,high,lua,Lua error [FRAME_DESYNC]: Severe frame ID mismatch detected,0,0,-1,,
2026-03-22T10:09:06.558275,2629,59,error,high,lua,Lua error [FRAME_DESYNC]: Severe frame ID mismatch detected,0,0,-1,,
2026-03-22T10:09:48.381979,2630,160,error,high,lua,Lua error [FRAME_DESYNC]: Severe frame ID mismatch detected,0,0,-1,,
2026-03-22T10:09:59.430126,2631,157,error,high,lua,Lua error [FRAME_DESYNC]: Severe frame ID mismatch detected,0,0,-1,,
2026-03-22T10:10:15.660392,2632,215,error,high,lua,Lua error [FRAME_DESYNC]: Severe frame ID mismatch detected,0,0,-1,,
2026-03-22T10:10:27.832923,2633,174,error,high,lua,Lua error [FRAME_DESYNC]: Severe frame ID mismatch detected,0,0,-1,,
2026-03-22T10:10:31.726303,2634,49,error,high,lua,Lua error [FRAME_DESYNC]: Severe frame ID mismatch detected,0,0,-1,,
2026-03-22T10:11:01.110505,2635,432,error,high,lua,Lua error [FRAME_DESYNC]: Severe frame ID mismatch detected,0,0,-1,,
2026-03-22T10:11:08.821439,2636,61,error,high,lua,Lua error [FRAME_DESYNC]: Severe frame ID mismatch detected,0,0,-1,,
2026-03-22T10:11:23.724155,2637,214,error,high,lua,Lua error [FRAME_DESYNC]: Severe frame ID mismatch detected,0,0,-1,,
2026-03-22T10:11:35.520843,2638,169,error,high,lua,Lua error [FRAME_DESYNC]: Severe frame ID mismatch detected,0,0,-1,,
2026-03-22T10:12:03.991144,2640,191,error,high,lua,Lua error [FRAME_DESYNC]: Severe frame ID mismatch detected,0,0,-1,,
2026-03-22T10:12:59.764002,2642,546,error,high,lua,Lua error [FRAME_DESYNC]: Severe frame ID mismatch detected,0,0,-1,,
2026-03-22T10:13:12.893135,2643,131,error,high,lua,Lua error [FRAME_DESYNC]: Severe frame ID mismatch detected,0,0,-1,,
2026-03-22T10:13:30.629910,2644,258,error,high,lua,Lua error [FRAME_DESYNC]: Severe frame ID mismatch detected,0,0,-1,,
2026-03-22T10:13:59.631116,2645,398,error,high,lua,Lua error [FRAME_DESYNC]: Severe frame ID mismatch detected,0,0,-1,,
2026-03-22T10:14:22.743016,2646,295,error,high,lua,Lua error [FRAME_DESYNC]: Severe frame ID mismatch detected,0,0,-1,,
2026-03-22T10:14:52.177388,2648,73,error,high,lua,Lua error [FRAME_DESYNC]: Severe frame ID mismatch detected,0,0,-1,,
2026-03-22T10:14:57.093795,2649,65,error,high,lua,Lua error [FRAME_DESYNC]: Severe frame ID mismatch detected,0,0,-1,,
2026-03-22T10:15:24.647759,2650,404,error,high,lua,Lua error [FRAME_DESYNC]: Severe frame ID mismatch detected,0,0,-1,,
2026-03-22T10:15:39.132891,2651,164,error,high,lua,Lua error [FRAME_DESYNC]: Severe frame ID mismatch detected,0,0,-1,,
2026-03-22T10:15:59.084122,2652,291,error,high,lua,Lua error [FRAME_DESYNC]: Severe frame ID mismatch detected,0,0,-1,,
2026-03-22T10:16:46.652773,2654,610,error,high,lua,Lua error [FRAME_DESYNC]: Severe frame ID mismatch detected,0,0,-1,,
2026-03-22T10:16:51.978725,2654,72,error,high,lua,Lua error [FRAME_DESYNC]: Severe frame ID mismatch detected,0,0,-1,,
2026-03-22T10:16:55.971916,2655,50,error,high,lua,Lua error [FRAME_DESYNC]: Severe frame ID mismatch detected,0,0,-1,,
2026-03-22T10:17:11.032225,2656,217,error,high,lua,Lua error [FRAME_DESYNC]: Severe frame ID mismatch detected,0,0,-1,,
2026-03-22T10:17:38.646416,2658,343,error,high,lua,Lua error [FRAME_DESYNC]: Severe frame ID mismatch detected,0,0,-1,,
2026-03-22T10:17:48.301807,2658,137,error,high,lua,Lua error [FRAME_DESYNC]: Severe frame ID mismatch detected,0,0,-1,,
2026-03-22T10:17:53.411048,2659,68,error,high,lua,Lua error [FRAME_DESYNC]: Severe frame ID mismatch detected,0,0,-1,,
2026-03-22T10:18:18.551935,2660,369,error,high,lua,Lua error [FRAME_DESYNC]: Severe frame ID mismatch detected,0,0,-1,,
2026-03-22T10:19:21.148021,2663,107,error,high,lua,Lua error [FRAME_DESYNC]: Severe frame ID mismatch detected,0,0,-1,,
2026-03-22T10:19:26.872564,2664,76,error,high,lua,Lua error [FRAME_DESYNC]: Severe frame ID mismatch detected,0,0,-1,,
2026-03-22T10:19:30.599703,2665,48,error,high,lua,Lua error [FRAME_DESYNC]: Severe frame ID mismatch detected,0,0,-1,,
2026-03-22T10:19:33.867605,2666,40,error,high,lua,Lua error [FRAME_DESYNC]: Severe frame ID mismatch detected,0,0,-1,,
2026-03-22T10:20:05.097697,2668,415,error,high,lua,Lua error [FRAME_DESYNC]: Severe frame ID mismatch detected,0,0,-1,,
2026-03-22T10:20:08.857975,2668,48,error,high,lua,Lua error [FRAME_DESYNC]: Severe frame ID mismatch detected,0,0,-1,,
2026-03-22T10:20:22.546265,2669,196,error,high,lua,Lua error [FRAME_DESYNC]: Severe frame ID mismatch detected,0,0,-1,,
2026-03-22T10:20:55.441522,2670,462,error,high,lua,Lua error [FRAME_DESYNC]: Severe frame ID mismatch detected,0,0,-1,,
2026-03-22T10:21:18.476933,2671,291,error,high,lua,Lua error [FRAME_DESYNC]: Severe frame ID mismatch detected,0,0,-1,,
2026-03-22T10:21:37.390062,2672,243,error,high,lua,Lua error [FRAME_DESYNC]: Severe frame ID mismatch detected,0,0,-1,,
2026-03-22T10:21:43.119431,2673,48,error,high,lua,Lua error [FRAME_DESYNC]: Severe frame ID mismatch detected,0,0,-1,,
2026-03-22T10:22:11.915087,2674,423,error,high,lua,Lua error [FRAME_DESYNC]: Severe frame ID mismatch detected,0,0,-1,,
2026-03-22T10:22:36.576154,2675,316,error,high,lua,Lua error [FRAME_DESYNC]: Severe frame ID mismatch detected,0,0,-1,,
2026-03-22T10:23:08.201365,2677,388,error,high,lua,Lua error [FRAME_DESYNC]: Severe frame ID mismatch detected,0,0,-1,,
2026-03-22T10:23:27.241898,2678,248,error,high,lua,Lua error [FRAME_DESYNC]: Severe frame ID mismatch detected,0,0,-1,,
2026-03-22T10:23:32.231601,2678,67,error,high,lua,Lua error [FRAME_DESYNC]: Severe frame ID mismatch detected,0,0,-1,,
2026-03-22T10:23:37.239826,2679,66,error,high,lua,Lua error [FRAME_DESYNC]: Severe frame ID mismatch detected,0,0,-1,,
2026-03-22T10:23:50.552814,2680,191,error,high,lua,Lua error [FRAME_DESYNC]: Severe frame ID mismatch detected,0,0,-1,,
2026-03-22T10:24:13.008447,2683,41,error,high,lua,Lua error [FRAME_DESYNC]: Severe frame ID mismatch detected,0,0,-1,,
2026-03-22T10:24:40.156564,2685,63,error,high,lua,Lua error [FRAME_DESYNC]: Severe frame ID mismatch detected,0,0,-1,,
2026-03-22T10:24:51.949622,2685,169,error,high,lua,Lua error [FRAME_DESYNC]: Severe frame ID mismatch detected,0,0,-1,,
2026-03-22T10:25:18.372203,2687,133,error,high,lua,Lua error [FRAME_DESYNC]: Severe frame ID mismatch detected,0,0,-1,,
2026-03-22T10:25:40.885402,2689,39,error,high,lua,Lua error [FRAME_DESYNC]: Severe frame ID mismatch detected,0,0,-1,,
2026-03-22T10:25:45.811955,2690,65,error,high,lua,Lua error [FRAME_DESYNC]: Severe frame ID mismatch detected,0,0,-1,,
2026-03-22T10:25:53.670497,2691,109,error,high,lua,Lua error [FRAME_DESYNC]: Severe frame ID mismatch detected,0,0,-1,,
2026-03-22T10:26:20.220256,2693,101,error,high,lua,Lua error [FRAME_DESYNC]: Severe frame ID mismatch detected,0,0,-1,,
2026-03-22T10:26:35.767548,2694,224,error,high,lua,Lua error [FRAME_DESYNC]: Severe frame ID mismatch detected,0,0,-1,,
2026-03-22T10:27:18.141010,2696,408,error,high,lua,Lua error [FRAME_DESYNC]: Severe frame ID mismatch detected,0,0,-1,,
2026-03-22T10:27:40.969273,2697,288,error,high,lua,Lua error [FRAME_DESYNC]: Severe frame ID mismatch detected,0,0,-1,,
2026-03-22T10:27:48.507098,2698,69,error,high,lua,Lua error [FRAME_DESYNC]: Severe frame ID mismatch detected,0,0,-1,,
2026-03-22T10:28:05.295556,2699,243,error,high,lua,Lua error [FRAME_DESYNC]: Severe frame ID mismatch detected,0,0,-1,,
2026-03-22T10:28:32.708431,2701,362,error,high,lua,Lua error [FRAME_DESYNC]: Severe frame ID mismatch detected,0,0,-1,,
2026-03-22T10:29:00.936574,2701,415,error,high,lua,Lua error [FRAME_DESYNC]: Severe frame ID mismatch detected,0,0,-1,,
2026-03-22T10:29:41.459336,2703,82,error,high,lua,Lua error [FRAME_DESYNC]: Severe frame ID mismatch detected,0,0,-1,,
2026-03-22T10:30:03.899854,2704,327,error,high,lua,Lua error [FRAME_DESYNC]: Severe frame ID mismatch detected,0,0,-1,,
2026-03-22T10:30:23.432918,2705,249,error,high,lua,Lua error [FRAME_DESYNC]: Severe frame ID mismatch detected,0,0,-1,,
2026-03-22T10:30:39.407102,2706,201,error,high,lua,Lua error [FRAME_DESYNC]: Severe frame ID mismatch detected,0,0,-1,,
2026-03-22T10:30:44.897835,2707,50,error,high,lua,Lua error [FRAME_DESYNC]: Severe frame ID mismatch detected,0,0,-1,,
2026-03-22T10:31:01.442534,2709,215,error,high,lua,Lua error [FRAME_DESYNC]: Severe frame ID mismatch detected,0,0,-1,,
2026-03-22T10:31:29.329510,2710,64,error,high,lua,Lua error [FRAME_DESYNC]: Severe frame ID mismatch detected,0,0,-1,,
2026-03-22T10:31:39.839534,2711,149,error,high,lua,Lua error [FRAME_DESYNC]: Severe frame ID mismatch detected,0,0,-1,,
2026-03-22T10:31:44.129082,2713,55,error,high,lua,Lua error [FRAME_DESYNC]: Severe frame ID mismatch detected,0,0,-1,,
2026-03-22T10:31:47.320449,2714,40,error,high,lua,Lua error [FRAME_DESYNC]: Severe frame ID mismatch detected,0,0,-1,,
2026-03-22T10:31:59.297205,2714,172,error,high,lua,Lua error [FRAME_DESYNC]: Severe frame ID mismatch detected,0,0,-1,,
2026-03-22T10:32:07.992915,2715,122,error,high,lua,Lua error [FRAME_DESYNC]: Severe frame ID mismatch detected,0,0,-1,,
2026-03-22T10:32:14.232675,2716,85,error,high,lua,Lua error [FRAME_DESYNC]: Severe frame ID mismatch detected,0,0,-1,,
2026-03-22T10:32:19.191332,2717,65,error,high,lua,Lua error [FRAME_DESYNC]: Severe frame ID mismatch detected,0,0,-1,,
2026-03-22T10:32:23.051546,2719,49,error,high,lua,Lua error [FRAME_DESYNC]: Severe frame ID mismatch detected,0,0,-1,,
2026-03-22T10:32:44.748680,2719,318,error,high,lua,Lua error [FRAME_DESYNC]: Severe frame ID mismatch detected,0,0,-1,,
2026-03-22T10:32:50.539898,2720,42,error,high,lua,Lua error [FRAME_DESYNC]: Severe frame ID mismatch detected,0,0,-1,,
2026-03-22T10:33:19.257917,2722,169,error,high,lua,Lua error [FRAME_DESYNC]: Severe frame ID mismatch detected,0,0,-1,,
2026-03-22T10:33:29.590808,2723,147,error,high,lua,Lua error [FRAME_DESYNC]: Severe frame ID mismatch detected,0,0,-1,,
2026-03-22T10:33:32.974969,2724,42,error,high,lua,Lua error [FRAME_DESYNC]: Severe frame ID mismatch detected,0,0,-1,,
2026-03-22T10:33:36.380302,2725,42,error,high,lua,Lua error [FRAME_DESYNC]: Severe frame ID mismatch detected,0,0,-1,,
2026-03-22T10:33:53.606930,2726,249,error,high,lua,Lua error [FRAME_DESYNC]: Severe frame ID mismatch detected,0,0,-1,,
2026-03-22T10:34:03.568091,2727,114,error,high,lua,Lua error [FRAME_DESYNC]: Severe frame ID mismatch detected,0,0,-1,,
2026-03-22T10:34:09.158806,2728,74,error,high,lua,Lua error [FRAME_DESYNC]: Severe frame ID mismatch detected,0,0,-1,,
2026-03-22T10:34:12.574877,2730,43,error,high,lua,Lua error [FRAME_DESYNC]: Severe frame ID mismatch detected,0,0,-1,,
2026-03-22T10:34:26.530141,2731,201,error,high,lua,Lua error [FRAME_DESYNC]: Severe frame ID mismatch detected,0,0,-1,,
2026-03-22T10:34:39.125571,2731,181,error,high,lua,Lua error [FRAME_DESYNC]: Severe frame ID mismatch detected,0,0,-1,,
2026-03-22T10:34:44.717502,2732,75,error,high,lua,Lua error [FRAME_DESYNC]: Severe frame ID mismatch detected,0,0,-1,,
2026-03-22T10:34:48.959525,2733,54,error,high,lua,Lua error [FRAME_DESYNC]: Severe frame ID mismatch detected,0,0,-1,,
2026-03-22T10:34:58.887533,2734,138,error,high,lua,Lua error [FRAME_DESYNC]: Severe frame ID mismatch detected,0,0,-1,,
2026-03-22T10:35:06.817813,2735,111,error,high,lua,Lua error [FRAME_DESYNC]: Severe frame ID mismatch detected,0,0,-1,,
2026-03-22T10:35:10.861813,2736,52,error,high,lua,Lua error [FRAME_DESYNC]: Severe frame ID mismatch detected,0,0,-1,,
2026-03-22T10:35:43.381761,2739,67,error,high,lua,Lua error [FRAME_DESYNC]: Severe frame ID mismatch detected,0,0,-1,,
2026-03-22T10:35:51.894375,2740,118,error,high,lua,Lua error [FRAME_DESYNC]: Severe frame ID mismatch detected,0,0,-1,,
2026-03-22T10:36:08.565656,2741,224,error,high,lua,Lua error [FRAME_DESYNC]: Severe frame ID mismatch detected,0,0,-1,,
2026-03-22T10:36:12.415423,2742,49,error,high,lua,Lua error [FRAME_DESYNC]: Severe frame ID mismatch detected,0,0,-1,,
2026-03-22T10:36:33.374398,2744,42,error,high,lua,Lua error [FRAME_DESYNC]: Severe frame ID mismatch detected,0,0,-1,,
2026-03-22T10:36:55.653661,2745,325,error,high,lua,Lua error [FRAME_DESYNC]: Severe frame ID mismatch detected,0,0,-1,,
2026-03-22T10:37:04.655568,2746,90,error,high,lua,Lua error [FRAME_DESYNC]: Severe frame ID mismatch detected,0,0,-1,,
2026-03-22T10:37:34.141139,2748,205,error,high,lua,Lua error [FRAME_DESYNC]: Severe frame ID mismatch detected,0,0,-1,,
2026-03-22T10:37:39.365108,2749,70,error,high,lua,Lua error [FRAME_DESYNC]: Severe frame ID mismatch detected,0,0,-1,,
2026-03-22T10:37:43.558003,2750,54,error,high,lua,Lua error [FRAME_DESYNC]: Severe frame ID mismatch detected,0,0,-1,,
2026-03-22T10:37:52.177070,2751,121,error,high,lua,Lua error [FRAME_DESYNC]: Severe frame ID mismatch detected,0,0,-1,,
2026-03-22T10:38:12.442989,2752,296,error,high,lua,Lua error [FRAME_DESYNC]: Severe frame ID mismatch detected,0,0,-1,,
2026-03-22T10:38:38.782881,2753,352,error,high,lua,Lua error [FRAME_DESYNC]: Severe frame ID mismatch detected,0,0,-1,,
2026-03-22T10:39:06.653589,2755,52,error,high,lua,Lua error [FRAME_DESYNC]: Severe frame ID mismatch detected,0,0,-1,,
2026-03-22T10:39:25.921011,2756,280,error,high,lua,Lua error [FRAME_DESYNC]: Severe frame ID mismatch detected,0,0,-1,,
2026-03-22T10:39:32.661021,2757,60,error,high,lua,Lua error [FRAME_DESYNC]: Severe frame ID mismatch detected,0,0,-1,,
2026-03-22T10:39:36.925006,2759,55,error,high,lua,Lua error [FRAME_DESYNC]: Severe frame ID mismatch detected,0,0,-1,,
2026-03-22T10:39:58.567193,2759,317,error,high,lua,Lua error [FRAME_DESYNC]: Severe frame ID mismatch detected,0,0,-1,,
2026-03-22T10:40:24.557906,2760,348,error,high,lua,Lua error [FRAME_DESYNC]: Severe frame ID mismatch detected,0,0,-1,,
2026-03-22T10:40:52.827436,2761,379,error,high,lua,Lua error [FRAME_DESYNC]: Severe frame ID mismatch detected,0,0,-1,,
2026-03-22T10:41:28.142849,2762,479,error,high,lua,Lua error [FRAME_DESYNC]: Severe frame ID mismatch detected,0,0,-1,,
2026-03-22T10:41:47.011580,2763,222,error,high,lua,Lua error [FRAME_DESYNC]: Severe frame ID mismatch detected,0,0,-1,,
2026-03-22T10:41:52.263118,2764,70,error,high,lua,Lua error [FRAME_DESYNC]: Severe frame ID mismatch detected,0,0,-1,,
2026-03-22T10:41:56.588261,2765,56,error,high,lua,Lua error [FRAME_DESYNC]: Severe frame ID mismatch detected,0,0,-1,,
2026-03-22T10:42:22.218243,2766,376,error,high,lua,Lua error [FRAME_DESYNC]: Severe frame ID mismatch detected,0,0,-1,,
2026-03-22T10:42:33.982041,2767,125,error,high,lua,Lua error [FRAME_DESYNC]: Severe frame ID mismatch detected,0,0,-1,,
2026-03-22T10:42:54.748447,2768,304,error,high,lua,Lua error [FRAME_DESYNC]: Severe frame ID mismatch detected,0,0,-1,,
2026-03-22T10:43:02.762071,2769,77,error,high,lua,Lua error [FRAME_DESYNC]: Severe frame ID mismatch detected,0,0,-1,,
2026-03-22T10:43:10.116298,2770,102,error,high,lua,Lua error [FRAME_DESYNC]: Severe frame ID mismatch detected,0,0,-1,,
2026-03-22T10:43:19.773591,2772,136,error,high,lua,Lua error [FRAME_DESYNC]: Severe frame ID mismatch detected,0,0,-1,,
2026-03-22T10:43:38.152909,2772,268,error,high,lua,Lua error [FRAME_DESYNC]: Severe frame ID mismatch detected,0,0,-1,,
2026-03-22T10:43:50.399800,2773,146,error,high,lua,Lua error [FRAME_DESYNC]: Severe frame ID mismatch detected,0,0,-1,,
2026-03-22T10:45:00.622723,2777,56,error,high,lua,Lua error [FRAME_DESYNC]: Severe frame ID mismatch detected,0,0,-1,,
2026-03-22T10:45:27.311573,2779,151,error,high,lua,Lua error [FRAME_DESYNC]: Severe frame ID mismatch detected,0,0,-1,,
2026-03-22T10:45:38.710159,2780,162,error,high,lua,Lua error [FRAME_DESYNC]: Severe frame ID mismatch detected,0,0,-1,,
2026-03-22T10:45:50.623339,2782,149,error,high,lua,Lua error [FRAME_DESYNC]: Severe frame ID mismatch detected,0,0,-1,,
2026-03-22T10:45:54.233599,2782,46,error,high,lua,Lua error [FRAME_DESYNC]: Severe frame ID mismatch detected,0,0,-1,,
2026-03-22T10:46:04.393767,2783,144,error,high,lua,Lua error [FRAME_DESYNC]: Severe frame ID mismatch detected,0,0,-1,,
2026-03-22T10:46:14.859831,2784,149,error,high,lua,Lua error [FRAME_DESYNC]: Severe frame ID mismatch detected,0,0,-1,,
2026-03-22T10:46:33.928920,2785,278,error,high,lua,Lua error [FRAME_DESYNC]: Severe frame ID mismatch detected,0,0,-1,,
2026-03-22T10:46:39.341482,2786,41,error,high,lua,Lua error [FRAME_DESYNC]: Severe frame ID mismatch detected,0,0,-1,,
2026-03-22T10:47:05.265893,2788,192,error,high,lua,Lua error [FRAME_DESYNC]: Severe frame ID mismatch detected,0,0,-1,,
2026-03-22T10:47:15.409411,2789,144,error,high,lua,Lua error [FRAME_DESYNC]: Severe frame ID mismatch detected,0,0,-1,,
2026-03-22T10:47:30.817404,2791,63,error,high,lua,Lua error [FRAME_DESYNC]: Severe frame ID mismatch detected,0,0,-1,,
2026-03-22T10:47:43.280065,2792,179,error,high,lua,Lua error [FRAME_DESYNC]: Severe frame ID mismatch detected,0,0,-1,,
2026-03-22T10:47:47.980404,2793,62,error,high,lua,Lua error [FRAME_DESYNC]: Severe frame ID mismatch detected,0,0,-1,,
2026-03-22T10:47:53.131162,2794,69,error,high,lua,Lua error [FRAME_DESYNC]: Severe frame ID mismatch detected,0,0,-1,,
2026-03-22T10:48:02.881068,2795,137,error,high,lua,Lua error [FRAME_DESYNC]: Severe frame ID mismatch detected,0,0,-1,,
2026-03-22T10:48:10.168878,2796,100,error,high,lua,Lua error [FRAME_DESYNC]: Severe frame ID mismatch detected,0,0,-1,,
2026-03-22T10:48:13.436035,2797,40,error,high,lua,Lua error [FRAME_DESYNC]: Severe frame ID mismatch detected,0,0,-1,,
2026-03-22T10:48:46.031743,2798,480,error,high,lua,Lua error [FRAME_DESYNC]: Severe frame ID mismatch detected,0,0,-1,,
2026-03-22T10:49:04.877647,2799,222,error,high,lua,Lua error [FRAME_DESYNC]: Severe frame ID mismatch detected,0,0,-1,,
2026-03-22T10:49:58.777572,2802,223,error,high,lua,Lua error [FRAME_DESYNC]: Severe frame ID mismatch detected,0,0,-1,,
2026-03-22T10:50:42.421862,2804,426,error,high,lua,Lua error [FRAME_DESYNC]: Severe frame ID mismatch detected,0,0,-1,,
2026-03-22T10:51:03.730437,2805,263,error,high,lua,Lua error [FRAME_DESYNC]: Severe frame ID mismatch detected,0,0,-1,,
2026-03-22T10:51:27.297442,2806,315,error,high,lua,Lua error [FRAME_DESYNC]: Severe frame ID mismatch detected,0,0,-1,,
2026-03-22T10:51:53.681948,2807,353,error,high,lua,Lua error [FRAME_DESYNC]: Severe frame ID mismatch detected,0,0,-1,,
2026-03-22T10:52:01.052549,2808,63,error,high,lua,Lua error [FRAME_DESYNC]: Severe frame ID mismatch detected,0,0,-1,,
2026-03-22T10:52:05.084613,2809,52,error,high,lua,Lua error [FRAME_DESYNC]: Severe frame ID mismatch detected,0,0,-1,,
2026-03-22T10:52:16.031867,2811,155,error,high,lua,Lua error [FRAME_DESYNC]: Severe frame ID mismatch detected,0,0,-1,,
2026-03-22T10:52:24.979168,2811,126,error,high,lua,Lua error [FRAME_DESYNC]: Severe frame ID mismatch detected,0,0,-1,,
2026-03-22T10:52:52.483737,2812,404,error,high,lua,Lua error [FRAME_DESYNC]: Severe frame ID mismatch detected,0,0,-1,,
2026-03-22T10:52:59.672001,2813,55,error,high,lua,Lua error [FRAME_DESYNC]: Severe frame ID mismatch detected,0,0,-1,,
2026-03-22T10:53:12.484531,2814,184,error,high,lua,Lua error [FRAME_DESYNC]: Severe frame ID mismatch detected,0,0,-1,,
2026-03-22T10:53:33.033128,2815,299,error,high,lua,Lua error [FRAME_DESYNC]: Severe frame ID mismatch detected,0,0,-1,,
2026-03-22T10:53:58.880244,2817,75,error,high,lua,Lua error [FRAME_DESYNC]: Severe frame ID mismatch detected,0,0,-1,,
2026-03-22T10:54:08.375663,2818,133,error,high,lua,Lua error [FRAME_DESYNC]: Severe frame ID mismatch detected,0,0,-1,,
2026-03-22T10:54:21.453090,2820,187,error,high,lua,Lua error [FRAME_DESYNC]: Severe frame ID mismatch detected,0,0,-1,,
2026-03-22T10:54:39.764614,2821,240,error,high,lua,Lua error [FRAME_DESYNC]: Severe frame ID mismatch detected,0,0,-1,,
2026-03-22T10:54:49.306567,2821,135,error,high,lua,Lua error [FRAME_DESYNC]: Severe frame ID mismatch detected,0,0,-1,,
2026-03-22T10:55:02.452382,2822,188,error,high,lua,Lua error [FRAME_DESYNC]: Severe frame ID mismatch detected,0,0,-1,,
2026-03-22T10:55:14.631894,2823,174,error,high,lua,Lua error [FRAME_DESYNC]: Severe frame ID mismatch detected,0,0,-1,,
2026-03-22T10:56:56.819421,2826,359,error,high,lua,Lua error [FRAME_DESYNC]: Severe frame ID mismatch detected,0,0,-1,,
2026-03-22T10:57:10.904963,2827,164,error,high,lua,Lua error [FRAME_DESYNC]: Severe frame ID mismatch detected,0,0,-1,,
2026-03-22T10:57:15.370529,2828,58,error,high,lua,Lua error [FRAME_DESYNC]: Severe frame ID mismatch detected,0,0,-1,,
2026-03-22T10:57:38.542853,2830,43,error,high,lua,Lua error [FRAME_DESYNC]: Severe frame ID mismatch detected,0,0,-1,,
2026-03-22T10:57:41.721087,2831,39,error,high,lua,Lua error [FRAME_DESYNC]: Severe frame ID mismatch detected,0,0,-1,,
2026-03-22T10:58:14.915999,2833,52,error,high,lua,Lua error [FRAME_DESYNC]: Severe frame ID mismatch detected,0,0,-1,,
2026-03-22T10:58:20.024363,2834,68,error,high,lua,Lua error [FRAME_DESYNC]: Severe frame ID mismatch detected,0,0,-1,,
2026-03-22T10:58:49.259499,2835,429,error,high,lua,Lua error [FRAME_DESYNC]: Severe frame ID mismatch detected,0,0,-1,,
2026-03-22T10:58:56.519442,2836,55,error,high,lua,Lua error [FRAME_DESYNC]: Severe frame ID mismatch detected,0,0,-1,,
2026-03-22T10:59:00.451605,2838,49,error,high,lua,Lua error [FRAME_DESYNC]: Severe frame ID mismatch detected,0,0,-1,,
2026-03-22T10:59:11.978208,2838,165,error,high,lua,Lua error [FRAME_DESYNC]: Severe frame ID mismatch detected,0,0,-1,,
2026-03-22T10:59:22.420824,2839,147,error,high,lua,Lua error [FRAME_DESYNC]: Severe frame ID mismatch detected,0,0,-1,,
2026-03-22T10:59:25.715099,2840,41,error,high,lua,Lua error [FRAME_DESYNC]: Severe frame ID mismatch detected,0,0,-1,,
2026-03-22T10:59:59.908430,2842,101,error,high,lua,Lua error [FRAME_DESYNC]: Severe frame ID mismatch detected,0,0,-1,,
2026-03-22T11:01:48.229570,2847,406,error,high,lua,Lua error [FRAME_DESYNC]: Severe frame ID mismatch detected,0,0,-1,,
2026-03-22T11:01:59.940967,2849,123,error,high,lua,Lua error [FRAME_DESYNC]: Severe frame ID mismatch detected,0,0,-1,,
2026-03-22T11:02:21.457348,2850,56,error,high,lua,Lua error [FRAME_DESYNC]: Severe frame ID mismatch detected,0,0,-1,,
2026-03-22T11:02:37.519604,2851,232,error,high,lua,Lua error [FRAME_DESYNC]: Severe frame ID mismatch detected,0,0,-1,,
2026-03-22T11:02:49.336576,2853,142,error,high,lua,Lua error [FRAME_DESYNC]: Severe frame ID mismatch detected,0,0,-1,,
2026-03-22T11:02:57.930750,2854,121,error,high,lua,Lua error [FRAME_DESYNC]: Severe frame ID mismatch detected,0,0,-1,,
2026-03-22T11:03:13.486907,2854,226,error,high,lua,Lua error [FRAME_DESYNC]: Severe frame ID mismatch detected,0,0,-1,,
2026-03-22T11:04:17.724840,2856,386,error,high,lua,Lua error [FRAME_DESYNC]: Severe frame ID mismatch detected,0,0,-1,,
2026-03-22T11:04:40.494578,2857,291,error,high,lua,Lua error [FRAME_DESYNC]: Severe frame ID mismatch detected,0,0,-1,,
2026-03-22T11:04:59.838770,2858,248,error,high,lua,Lua error [FRAME_DESYNC]: Severe frame ID mismatch detected,0,0,-1,,
2026-03-22T11:05:32.883562,2860,312,error,high,lua,Lua error [FRAME_DESYNC]: Severe frame ID mismatch detected,0,0,-1,,
2026-03-22T11:05:45.495879,2861,144,error,high,lua,Lua error [FRAME_DESYNC]: Severe frame ID mismatch detected,0,0,-1,,
2026-03-22T11:05:50.172081,2862,61,error,high,lua,Lua error [FRAME_DESYNC]: Severe frame ID mismatch detected,0,0,-1,,
2026-03-22T11:06:14.570211,2864,77,error,high,lua,Lua error [FRAME_DESYNC]: Severe frame ID mismatch detected,0,0,-1,,
2026-03-22T11:06:44.099280,2865,435,error,high,lua,Lua error [FRAME_DESYNC]: Severe frame ID mismatch detected,0,0,-1,,
2026-03-22T11:07:43.223823,2868,372,error,high,lua,Lua error [FRAME_DESYNC]: Severe frame ID mismatch detected,0,0,-1,,
2026-03-22T11:07:52.791207,2868,135,error,high,lua,Lua error [FRAME_DESYNC]: Severe frame ID mismatch detected,0,0,-1,,
2026-03-22T11:08:18.427164,2869,376,error,high,lua,Lua error [FRAME_DESYNC]: Severe frame ID mismatch detected,0,0,-1,,
2026-03-22T11:08:37.722730,2871,215,error,high,lua,Lua error [FRAME_DESYNC]: Severe frame ID mismatch detected,0,0,-1,,
2026-03-22T11:08:42.575809,2871,65,error,high,lua,Lua error [FRAME_DESYNC]: Severe frame ID mismatch detected,0,0,-1,,
2026-03-22T11:09:08.767891,2872,384,error,high,lua,Lua error [FRAME_DESYNC]: Severe frame ID mismatch detected,0,0,-1,,
2026-03-22T11:09:34.635045,2874,162,error,high,lua,Lua error [FRAME_DESYNC]: Severe frame ID mismatch detected,0,0,-1,,
2026-03-22T11:09:54.918395,2875,295,error,high,lua,Lua error [FRAME_DESYNC]: Severe frame ID mismatch detected,0,0,-1,,
2026-03-22T11:10:38.702675,2877,253,error,high,lua,Lua error [FRAME_DESYNC]: Severe frame ID mismatch detected,0,0,-1,,
2026-03-22T11:10:42.603043,2879,49,error,high,lua,Lua error [FRAME_DESYNC]: Severe frame ID mismatch detected,0,0,-1,,
2026-03-22T11:10:47.946903,2879,72,error,high,lua,Lua error [FRAME_DESYNC]: Severe frame ID mismatch detected,0,0,-1,,
2026-03-22T11:11:29.678450,2882,120,error,high,lua,Lua error [FRAME_DESYNC]: Severe frame ID mismatch detected,0,0,-1,,
2026-03-22T11:11:46.551370,2884,47,error,high,lua,Lua error [FRAME_DESYNC]: Severe frame ID mismatch detected,0,0,-1,,
2026-03-22T11:12:24.842756,2885,565,error,high,lua,Lua error [FRAME_DESYNC]: Severe frame ID mismatch detected,0,0,-1,,
2026-03-22T11:12:48.980555,2886,295,error,high,lua,Lua error [FRAME_DESYNC]: Severe frame ID mismatch detected,0,0,-1,,
2026-03-22T11:13:35.387992,2889,169,error,high,lua,Lua error [FRAME_DESYNC]: Severe frame ID mismatch detected,0,0,-1,,
2026-03-22T11:14:21.801250,2891,255,error,high,lua,Lua error [FRAME_DESYNC]: Severe frame ID mismatch detected,0,0,-1,,
2026-03-22T11:14:38.306085,2892,239,error,high,lua,Lua error [FRAME_DESYNC]: Severe frame ID mismatch detected,0,0,-1,,
2026-03-22T11:15:24.386845,2895,404,error,high,lua,Lua error [FRAME_DESYNC]: Severe frame ID mismatch detected,0,0,-1,,
2026-03-22T11:15:28.293316,2896,50,error,high,lua,Lua error [FRAME_DESYNC]: Severe frame ID mismatch detected,0,0,-1,,
2026-03-22T11:15:52.318171,2897,72,error,high,lua,Lua error [FRAME_DESYNC]: Severe frame ID mismatch detected,0,0,-1,,
2026-03-22T11:15:57.658749,2898,71,error,high,lua,Lua error [FRAME_DESYNC]: Severe frame ID mismatch detected,0,0,-1,,
2026-03-22T11:16:01.801565,2900,53,error,high,lua,Lua error [FRAME_DESYNC]: Severe frame ID mismatch detected,0,0,-1,,
2026-03-22T11:16:05.756175,2900,51,error,high,lua,Lua error [FRAME_DESYNC]: Severe frame ID mismatch detected,0,0,-1,,
2026-03-22T11:16:34.624565,2902,110,error,high,lua,Lua error [FRAME_DESYNC]: Severe frame ID mismatch detected,0,0,-1,,
2026-03-22T11:16:52.512451,2903,259,error,high,lua,Lua error [FRAME_DESYNC]: Severe frame ID mismatch detected,0,0,-1,,
2026-03-22T11:17:17.512448,2904,338,error,high,lua,Lua error [FRAME_DESYNC]: Severe frame ID mismatch detected,0,0,-1,,
2026-03-22T11:17:47.372300,2906,234,error,high,lua,Lua error [FRAME_DESYNC]: Severe frame ID mismatch detected,0,0,-1,,
2026-03-22T11:17:50.882280,2907,44,error,high,lua,Lua error [FRAME_DESYNC]: Severe frame ID mismatch detected,0,0,-1,,
2026-03-22T11:18:28.254803,2909,187,error,high,lua,Lua error [FRAME_DESYNC]: Severe frame ID mismatch detected,0,0,-1,,
2026-03-22T11:18:37.273000,2910,127,error,high,lua,Lua error [FRAME_DESYNC]: Severe frame ID mismatch detected,0,0,-1,,
2026-03-22T11:18:40.988872,2911,47,error,high,lua,Lua error [FRAME_DESYNC]: Severe frame ID mismatch detected,0,0,-1,,
2026-03-22T11:18:45.545986,2912,59,error,high,lua,Lua error [FRAME_DESYNC]: Severe frame ID mismatch detected,0,0,-1,,
2026-03-22T11:18:52.630787,2913,97,error,high,lua,Lua error [FRAME_DESYNC]: Severe frame ID mismatch detected,0,0,-1,,
2026-03-22T11:18:56.862907,2915,54,error,high,lua,Lua error [FRAME_DESYNC]: Severe frame ID mismatch detected,0,0,-1,,
2026-03-22T11:19:19.286848,2916,68,error,high,lua,Lua error [FRAME_DESYNC]: Severe frame ID mismatch detected,0,0,-1,,
2026-03-22T11:19:33.115226,2917,198,error,high,lua,Lua error [FRAME_DESYNC]: Severe frame ID mismatch detected,0,0,-1,,
2026-03-22T11:20:14.634105,2918,614,error,high,lua,Lua error [FRAME_DESYNC]: Severe frame ID mismatch detected,0,0,-1,,
2026-03-22T11:20:33.415033,2919,211,error,high,lua,Lua error [FRAME_DESYNC]: Severe frame ID mismatch detected,0,0,-1,,
2026-03-22T11:20:37.773419,2920,56,error,high,lua,Lua error [FRAME_DESYNC]: Severe frame ID mismatch detected,0,0,-1,,
2026-03-22T11:20:41.934462,2921,44,error,high,lua,Lua error [FRAME_DESYNC]: Severe frame ID mismatch detected,0,0,-1,,
2026-03-22T11:21:07.068960,2922,369,error,high,lua,Lua error [FRAME_DESYNC]: Severe frame ID mismatch detected,0,0,-1,,
2026-03-22T11:21:14.702580,2923,65,error,high,lua,Lua error [FRAME_DESYNC]: Severe frame ID mismatch detected,0,0,-1,,
2026-03-22T11:21:47.985527,2925,442,error,high,lua,Lua error [FRAME_DESYNC]: Severe frame ID mismatch detected,0,0,-1,,
2026-03-22T11:21:56.988284,2926,127,error,high,lua,Lua error [FRAME_DESYNC]: Severe frame ID mismatch detected,0,0,-1,,
2026-03-22T11:22:06.132871,2927,129,error,high,lua,Lua error [FRAME_DESYNC]: Severe frame ID mismatch detected,0,0,-1,,
2026-03-22T11:22:17.243811,2927,159,error,high,lua,Lua error [FRAME_DESYNC]: Severe frame ID mismatch detected,0,0,-1,,
2026-03-22T11:22:29.182131,2929,171,error,high,lua,Lua error [FRAME_DESYNC]: Severe frame ID mismatch detected,0,0,-1,,
2026-03-22T11:22:56.119498,2929,396,error,high,lua,Lua error [FRAME_DESYNC]: Severe frame ID mismatch detected,0,0,-1,,
2026-03-22T11:23:07.743001,2931,123,error,high,lua,Lua error [FRAME_DESYNC]: Severe frame ID mismatch detected,0,0,-1,,
2026-03-22T11:23:11.803190,2931,53,error,high,lua,Lua error [FRAME_DESYNC]: Severe frame ID mismatch detected,0,0,-1,,
2026-03-22T11:23:16.712677,2932,65,error,high,lua,Lua error [FRAME_DESYNC]: Severe frame ID mismatch detected,0,0,-1,,
2026-03-22T11:23:20.305974,2933,46,error,high,lua,Lua error [FRAME_DESYNC]: Severe frame ID mismatch detected,0,0,-1,,
2026-03-22T11:23:40.189310,2934,290,error,high,lua,Lua error [FRAME_DESYNC]: Severe frame ID mismatch detected,0,0,-1,,
2026-03-22T11:24:32.836454,2936,369,error,high,lua,Lua error [FRAME_DESYNC]: Severe frame ID mismatch detected,0,0,-1,,
2026-03-22T11:24:44.422162,2937,165,error,high,lua,Lua error [FRAME_DESYNC]: Severe frame ID mismatch detected,0,0,-1,,
2026-03-22T11:24:48.459791,2938,52,error,high,lua,Lua error [FRAME_DESYNC]: Severe frame ID mismatch detected,0,0,-1,,
2026-03-22T11:24:52.909950,2940,58,error,high,lua,Lua error [FRAME_DESYNC]: Severe frame ID mismatch detected,0,0,-1,,
2026-03-22T11:25:13.442720,2940,300,error,high,lua,Lua error [FRAME_DESYNC]: Severe frame ID mismatch detected,0,0,-1,,
2026-03-22T11:25:19.558972,2941,49,error,high,lua,Lua error [FRAME_DESYNC]: Severe frame ID mismatch detected,0,0,-1,,
2026-03-22T11:25:39.043478,2942,284,error,high,lua,Lua error [FRAME_DESYNC]: Severe frame ID mismatch detected,0,0,-1,,
2026-03-22T11:26:02.322335,2943,309,error,high,lua,Lua error [FRAME_DESYNC]: Severe frame ID mismatch detected,0,0,-1,,
2026-03-22T11:26:19.243260,2944,210,error,high,lua,Lua error [FRAME_DESYNC]: Severe frame ID mismatch detected,0,0,-1,,
2026-03-22T11:26:29.925797,2945,151,error,high,lua,Lua error [FRAME_DESYNC]: Severe frame ID mismatch detected,0,0,-1,,
2026-03-22T11:27:12.382743,2948,70,error,high,lua,Lua error [FRAME_DESYNC]: Severe frame ID mismatch detected,0,0,-1,,
2026-03-22T11:27:16.965172,2949,59,error,high,lua,Lua error [FRAME_DESYNC]: Severe frame ID mismatch detected,0,0,-1,,
2026-03-22T11:27:41.007199,2951,315,error,high,lua,Lua error [FRAME_DESYNC]: Severe frame ID mismatch detected,0,0,-1,,
2026-03-22T11:27:52.141991,2951,159,error,high,lua,Lua error [FRAME_DESYNC]: Severe frame ID mismatch detected,0,0,-1,,
2026-03-22T11:28:46.441018,2953,382,error,high,lua,Lua error [FRAME_DESYNC]: Severe frame ID mismatch detected,0,0,-1,,
2026-03-22T11:29:30.445246,2955,47,error,high,lua,Lua error [FRAME_DESYNC]: Severe frame ID mismatch detected,0,0,-1,,
2026-03-22T11:29:57.467193,2956,396,error,high,lua,Lua error [FRAME_DESYNC]: Severe frame ID mismatch detected,0,0,-1,,
2026-03-22T11:30:09.398363,2957,127,error,high,lua,Lua error [FRAME_DESYNC]: Severe frame ID mismatch detected,0,0,-1,,
2026-03-22T11:30:42.442309,2959,440,error,high,lua,Lua error [FRAME_DESYNC]: Severe frame ID mismatch detected,0,0,-1,,
2026-03-22T11:30:47.102276,2959,62,error,high,lua,Lua error [FRAME_DESYNC]: Severe frame ID mismatch detected,0,0,-1,,
2026-03-22T11:31:09.792830,2961,297,error,high,lua,Lua error [FRAME_DESYNC]: Severe frame ID mismatch detected,0,0,-1,,
2026-03-22T11:31:56.836784,2961,698,error,high,lua,Lua error [FRAME_DESYNC]: Severe frame ID mismatch detected,0,0,-1,,
2026-03-22T11:32:17.326141,2962,225,error,high,lua,Lua error [FRAME_DESYNC]: Severe frame ID mismatch detected,0,0,-1,,
2026-03-22T11:32:33.783724,2963,238,error,high,lua,Lua error [FRAME_DESYNC]: Severe frame ID mismatch detected,0,0,-1,,
2026-03-22T11:32:38.201794,2964,57,error,high,lua,Lua error [FRAME_DESYNC]: Severe frame ID mismatch detected,0,0,-1,,
2026-03-22T11:32:42.600893,2965,57,error,high,lua,Lua error [FRAME_DESYNC]: Severe frame ID mismatch detected,0,0,-1,,
2026-03-22T11:32:48.817940,2966,84,error,high,lua,Lua error [FRAME_DESYNC]: Severe frame ID mismatch detected,0,0,-1,,
2026-03-22T11:33:27.370586,2968,215,error,high,lua,Lua error [FRAME_DESYNC]: Severe frame ID mismatch detected,0,0,-1,,
2026-03-22T11:33:46.655128,2969,255,error,high,lua,Lua error [FRAME_DESYNC]: Severe frame ID mismatch detected,0,0,-1,,
2026-03-22T11:34:03.560808,2970,218,error,high,lua,Lua error [FRAME_DESYNC]: Severe frame ID mismatch detected,0,0,-1,,
2026-03-22T11:34:27.271795,2971,346,error,high,lua,Lua error [FRAME_DESYNC]: Severe frame ID mismatch detected,0,0,-1,,
2026-03-22T11:34:41.731374,2972,171,error,high,lua,Lua error [FRAME_DESYNC]: Severe frame ID mismatch detected,0,0,-1,,
2026-03-22T11:34:50.700040,2973,125,error,high,lua,Lua error [FRAME_DESYNC]: Severe frame ID mismatch detected,0,0,-1,,
2026-03-22T11:34:56.059220,2975,72,error,high,lua,Lua error [FRAME_DESYNC]: Severe frame ID mismatch detected,0,0,-1,,
2026-03-22T11:35:22.219774,2976,345,error,high,lua,Lua error [FRAME_DESYNC]: Severe frame ID mismatch detected,0,0,-1,,
2026-03-22T11:35:31.449332,2976,131,error,high,lua,Lua error [FRAME_DESYNC]: Severe frame ID mismatch detected,0,0,-1,,
2026-03-22T11:35:56.898314,2978,63,error,high,lua,Lua error [FRAME_DESYNC]: Severe frame ID mismatch detected,0,0,-1,,
2026-03-22T11:37:16.841806,2980,55,error,high,lua,Lua error [FRAME_DESYNC]: Severe frame ID mismatch detected,0,0,-1,,
2026-03-22T11:37:43.630893,2981,384,error,high,lua,Lua error [FRAME_DESYNC]: Severe frame ID mismatch detected,0,0,-1,,
2026-03-22T11:38:30.104802,2982,648,error,high,lua,Lua error [FRAME_DESYNC]: Severe frame ID mismatch detected,0,0,-1,,
2026-03-22T11:38:36.643525,2984,89,error,high,lua,Lua error [FRAME_DESYNC]: Severe frame ID mismatch detected,0,0,-1,,
2026-03-22T11:38:41.824285,2984,70,error,high,lua,Lua error [FRAME_DESYNC]: Severe frame ID mismatch detected,0,0,-1,,
2026-03-22T11:38:50.310242,2985,118,error,high,lua,Lua error [FRAME_DESYNC]: Severe frame ID mismatch detected,0,0,-1,,
2026-03-22T11:39:09.206237,2986,275,error,high,lua,Lua error [FRAME_DESYNC]: Severe frame ID mismatch detected,0,0,-1,,
2026-03-22T11:39:26.278766,2987,217,error,high,lua,Lua error [FRAME_DESYNC]: Severe frame ID mismatch detected,0,0,-1,,
2026-03-22T11:39:34.599057,2988,116,error,high,lua,Lua error [FRAME_DESYNC]: Severe frame ID mismatch detected,0,0,-1,,
2026-03-22T11:39:37.876110,2989,40,error,high,lua,Lua error [FRAME_DESYNC]: Severe frame ID mismatch detected,0,0,-1,,
2026-03-22T11:40:19.291407,2990,614,error,high,lua,Lua error [FRAME_DESYNC]: Severe frame ID mismatch detected,0,0,-1,,
2026-03-22T11:40:43.007221,2991,280,error,high,lua,Lua error [FRAME_DESYNC]: Severe frame ID mismatch detected,0,0,-1,,
2026-03-22T11:41:40.790716,2993,453,error,high,lua,Lua error [FRAME_DESYNC]: Severe frame ID mismatch detected,0,0,-1,,
2026-03-22T11:42:04.517450,2996,47,error,high,lua,Lua error [FRAME_DESYNC]: Severe frame ID mismatch detected,0,0,-1,,
2026-03-22T11:42:13.984266,2996,134,error,high,lua,Lua error [FRAME_DESYNC]: Severe frame ID mismatch detected,0,0,-1,,
2026-03-22T11:42:18.518902,2998,59,error,high,lua,Lua error [FRAME_DESYNC]: Severe frame ID mismatch detected,0,0,-1,,
2026-03-22T11:42:33.824116,2998,222,error,high,lua,Lua error [FRAME_DESYNC]: Severe frame ID mismatch detected,0,0,-1,,
2026-03-22T11:42:51.289666,2999,254,error,high,lua,Lua error [FRAME_DESYNC]: Severe frame ID mismatch detected,0,0,-1,,
2026-03-22T11:43:07.379209,3000,232,error,high,lua,Lua error [FRAME_DESYNC]: Severe frame ID mismatch detected,0,0,-1,,
2026-03-22T11:43:33.270696,3001,353,error,high,lua,Lua error [FRAME_DESYNC]: Severe frame ID mismatch detected,0,0,-1,,
2026-03-22T11:43:48.644898,3003,221,error,high,lua,Lua error [FRAME_DESYNC]: Severe frame ID mismatch detected,0,0,-1,,
2026-03-22T11:44:10.907782,3003,327,error,high,lua,Lua error [FRAME_DESYNC]: Severe frame ID mismatch detected,0,0,-1,,
2026-03-22T11:44:39.910377,3005,94,error,high,lua,Lua error [FRAME_DESYNC]: Severe frame ID mismatch detected,0,0,-1,,
2026-03-22T11:45:12.145569,3007,428,error,high,lua,Lua error [FRAME_DESYNC]: Severe frame ID mismatch detected,0,0,-1,,
2026-03-22T11:45:22.372969,3007,146,error,high,lua,Lua error [FRAME_DESYNC]: Severe frame ID mismatch detected,0,0,-1,,
2026-03-22T11:45:53.447631,3009,411,error,high,lua,Lua error [FRAME_DESYNC]: Severe frame ID mismatch detected,0,0,-1,,
2026-03-22T11:45:58.597514,3009,69,error,high,lua,Lua error [FRAME_DESYNC]: Severe frame ID mismatch detected,0,0,-1,,
2026-03-22T11:46:02.496840,3010,50,error,high,lua,Lua error [FRAME_DESYNC]: Severe frame ID mismatch detected,0,0,-1,,
2026-03-22T11:46:11.757814,3011,131,error,high,lua,Lua error [FRAME_DESYNC]: Severe frame ID mismatch detected,0,0,-1,,
2026-03-22T11:46:15.590695,3012,48,error,high,lua,Lua error [FRAME_DESYNC]: Severe frame ID mismatch detected,0,0,-1,,
2026-03-22T11:46:40.493910,3013,365,error,high,lua,Lua error [FRAME_DESYNC]: Severe frame ID mismatch detected,0,0,-1,,
2026-03-22T11:46:44.120569,3015,46,error,high,lua,Lua error [FRAME_DESYNC]: Severe frame ID mismatch detected,0,0,-1,,
2026-03-22T11:46:59.180411,3015,218,error,high,lua,Lua error [FRAME_DESYNC]: Severe frame ID mismatch detected,0,0,-1,,
2026-03-22T11:47:12.806683,3016,196,error,high,lua,Lua error [FRAME_DESYNC]: Severe frame ID mismatch detected,0,0,-1,,
2026-03-22T11:47:18.014582,3017,70,error,high,lua,Lua error [FRAME_DESYNC]: Severe frame ID mismatch detected,0,0,-1,,
2026-03-22T11:47:34.471047,3018,238,error,high,lua,Lua error [FRAME_DESYNC]: Severe frame ID mismatch detected,0,0,-1,,
2026-03-22T11:48:03.162235,3019,422,error,high,lua,Lua error [FRAME_DESYNC]: Severe frame ID mismatch detected,0,0,-1,,
2026-03-22T11:48:28.299142,3020,324,error,high,lua,Lua error [FRAME_DESYNC]: Severe frame ID mismatch detected,0,0,-1,,
2026-03-22T11:48:51.144285,3021,299,error,high,lua,Lua error [FRAME_DESYNC]: Severe frame ID mismatch detected,0,0,-1,,
2026-03-22T11:49:02.648592,3023,130,error,high,lua,Lua error [FRAME_DESYNC]: Severe frame ID mismatch detected,0,0,-1,,
2026-03-22T11:49:07.074205,3023,58,error,high,lua,Lua error [FRAME_DESYNC]: Severe frame ID mismatch detected,0,0,-1,,
2026-03-22T11:49:10.295375,3024,39,error,high,lua,Lua error [FRAME_DESYNC]: Severe frame ID mismatch detected,0,0,-1,,
2026-03-22T11:49:39.031133,3025,423,error,high,lua,Lua error [FRAME_DESYNC]: Severe frame ID mismatch detected,0,0,-1,,
2026-03-22T11:49:52.259858,3026,144,error,high,lua,Lua error [FRAME_DESYNC]: Severe frame ID mismatch detected,0,0,-1,,
2026-03-22T11:50:02.797942,3027,150,error,high,lua,Lua error [FRAME_DESYNC]: Severe frame ID mismatch detected,0,0,-1,,
2026-03-22T11:50:12.565446,3028,137,error,high,lua,Lua error [FRAME_DESYNC]: Severe frame ID mismatch detected,0,0,-1,,
2026-03-22T11:50:23.513841,3029,155,error,high,lua,Lua error [FRAME_DESYNC]: Severe frame ID mismatch detected,0,0,-1,,
2026-03-22T11:50:27.119042,3030,45,error,high,lua,Lua error [FRAME_DESYNC]: Severe frame ID mismatch detected,0,0,-1,,
2026-03-22T11:50:41.234849,3031,203,error,high,lua,Lua error [FRAME_DESYNC]: Severe frame ID mismatch detected,0,0,-1,,
2026-03-22T11:50:46.853702,3032,51,error,high,lua,Lua error [FRAME_DESYNC]: Severe frame ID mismatch detected,0,0,-1,,
2026-03-22T11:52:33.942007,3035,390,error,high,lua,Lua error [FRAME_DESYNC]: Severe frame ID mismatch detected,0,0,-1,,
2026-03-22T11:52:42.100967,3036,71,error,high,lua,Lua error [FRAME_DESYNC]: Severe frame ID mismatch detected,0,0,-1,,
2026-03-22T11:52:46.222989,3037,52,error,high,lua,Lua error [FRAME_DESYNC]: Severe frame ID mismatch detected,0,0,-1,,
2026-03-22T11:53:02.095282,3038,230,error,high,lua,Lua error [FRAME_DESYNC]: Severe frame ID mismatch detected,0,0,-1,,
2026-03-22T11:53:19.325852,3039,249,error,high,lua,Lua error [FRAME_DESYNC]: Severe frame ID mismatch detected,0,0,-1,,
2026-03-22T11:54:04.043450,3041,354,error,high,lua,Lua error [FRAME_DESYNC]: Severe frame ID mismatch detected,0,0,-1,,
2026-03-22T11:55:09.281906,3045,56,error,high,lua,Lua error [FRAME_DESYNC]: Severe frame ID mismatch detected,0,0,-1,,
2026-03-22T11:55:25.192049,3045,231,error,high,lua,Lua error [FRAME_DESYNC]: Severe frame ID mismatch detected,0,0,-1,,
2026-03-22T11:55:40.674089,3046,198,error,high,lua,Lua error [FRAME_DESYNC]: Severe frame ID mismatch detected,0,0,-1,,
2026-03-22T11:56:09.717831,3047,427,error,high,lua,Lua error [FRAME_DESYNC]: Severe frame ID mismatch detected,0,0,-1,,
2026-03-22T11:56:20.688908,3048,110,error,high,lua,Lua error [FRAME_DESYNC]: Severe frame ID mismatch detected,0,0,-1,,
2026-03-22T11:56:35.042793,3050,206,error,high,lua,Lua error [FRAME_DESYNC]: Severe frame ID mismatch detected,0,0,-1,,
2026-03-22T11:56:38.703518,3050,47,error,high,lua,Lua error [FRAME_DESYNC]: Severe frame ID mismatch detected,0,0,-1,,
2026-03-22T11:56:58.255978,3051,285,error,high,lua,Lua error [FRAME_DESYNC]: Severe frame ID mismatch detected,0,0,-1,,
2026-03-22T11:57:38.454618,3053,345,error,high,lua,Lua error [FRAME_DESYNC]: Severe frame ID mismatch detected,0,0,-1,,
2026-03-22T11:58:11.017173,3054,440,error,high,lua,Lua error [FRAME_DESYNC]: Severe frame ID mismatch detected,0,0,-1,,
2026-03-22T11:58:57.391129,3056,280,error,high,lua,Lua error [FRAME_DESYNC]: Severe frame ID mismatch detected,0,0,-1,,
2026-03-22T11:59:22.010755,3058,293,error,high,lua,Lua error [FRAME_DESYNC]: Severe frame ID mismatch detected,0,0,-1,,
2026-03-22T11:59:25.876594,3058,50,error,high,lua,Lua error [FRAME_DESYNC]: Severe frame ID mismatch detected,0,0,-1,,
2026-03-22T11:59:39.787682,3059,200,error,high,lua,Lua error [FRAME_DESYNC]: Severe frame ID mismatch detected,0,0,-1,,
2026-03-22T11:59:45.378768,3060,49,error,high,lua,Lua error [FRAME_DESYNC]: Severe frame ID mismatch detected,0,0,-1,,
2026-03-22T12:00:37.241835,3064,53,error,high,lua,Lua error [FRAME_DESYNC]: Severe frame ID mismatch detected,0,0,-1,,
2026-03-22T12:01:01.525559,3065,150,error,high,lua,Lua error [FRAME_DESYNC]: Severe frame ID mismatch detected,0,0,-1,,
2026-03-22T12:01:12.341301,3066,153,error,high,lua,Lua error [FRAME_DESYNC]: Severe frame ID mismatch detected,0,0,-1,,
2026-03-22T12:01:16.710143,3067,56,error,high,lua,Lua error [FRAME_DESYNC]: Severe frame ID mismatch detected,0,0,-1,,
2026-03-22T12:01:45.768819,3069,71,error,high,lua,Lua error [FRAME_DESYNC]: Severe frame ID mismatch detected,0,0,-1,,
2026-03-22T12:02:14.770758,3071,185,error,high,lua,Lua error [FRAME_DESYNC]: Severe frame ID mismatch detected,0,0,-1,,
2026-03-22T12:02:24.198471,3072,133,error,high,lua,Lua error [FRAME_DESYNC]: Severe frame ID mismatch detected,0,0,-1,,
2026-03-22T12:02:41.736932,3073,254,error,high,lua,Lua error [FRAME_DESYNC]: Severe frame ID mismatch detected,0,0,-1,,
2026-03-22T12:02:45.065115,3074,40,error,high,lua,Lua error [FRAME_DESYNC]: Severe frame ID mismatch detected,0,0,-1,,
2026-03-22T12:02:54.231959,3075,128,error,high,lua,Lua error [FRAME_DESYNC]: Severe frame ID mismatch detected,0,0,-1,,
2026-03-22T12:02:59.826126,3077,75,error,high,lua,Lua error [FRAME_DESYNC]: Severe frame ID mismatch detected,0,0,-1,,
2026-03-22T12:03:30.682056,3078,160,error,high,lua,Lua error [FRAME_DESYNC]: Severe frame ID mismatch detected,0,0,-1,,
2026-03-22T12:03:30.682502,3078,160,error,high,lua,Lua error [FRAME_DESYNC]: Severe frame ID mismatch detected,0,0,-1,,
2026-03-22T12:04:01.197001,3080,205,error,high,lua,Lua error [FRAME_DESYNC]: Severe frame ID mismatch detected,0,0,-1,,
2026-03-22T12:04:10.563989,3081,107,error,high,lua,Lua error [FRAME_DESYNC]: Severe frame ID mismatch detected,0,0,-1,,
2026-03-22T12:04:18.057478,3083,103,error,high,lua,Lua error [FRAME_DESYNC]: Severe frame ID mismatch detected,0,0,-1,,
2026-03-22T12:04:29.460912,3083,162,error,high,lua,Lua error [FRAME_DESYNC]: Severe frame ID mismatch detected,0,0,-1,,
2026-03-22T12:04:33.776495,3084,56,error,high,lua,Lua error [FRAME_DESYNC]: Severe frame ID mismatch detected,0,0,-1,,
2026-03-22T12:05:18.406693,3088,133,error,high,lua,Lua error [FRAME_DESYNC]: Severe frame ID mismatch detected,0,0,-1,,
2026-03-22T12:05:32.162797,3088,198,error,high,lua,Lua error [FRAME_DESYNC]: Severe frame ID mismatch detected,0,0,-1,,
2026-03-22T12:05:55.567601,3089,343,error,high,lua,Lua error [FRAME_DESYNC]: Severe frame ID mismatch detected,0,0,-1,,
2026-03-22T12:06:14.702881,3090,240,error,high,lua,Lua error [FRAME_DESYNC]: Severe frame ID mismatch detected,0,0,-1,,
2026-03-22T12:06:24.486176,3091,139,error,high,lua,Lua error [FRAME_DESYNC]: Severe frame ID mismatch detected,0,0,-1,,
2026-03-22T12:06:38.047305,3092,195,error,high,lua,Lua error [FRAME_DESYNC]: Severe frame ID mismatch detected,0,0,-1,,
2026-03-22T12:07:07.199616,3093,428,error,high,lua,Lua error [FRAME_DESYNC]: Severe frame ID mismatch detected,0,0,-1,,
2026-03-22T12:07:40.527447,3094,445,error,high,lua,Lua error [FRAME_DESYNC]: Severe frame ID mismatch detected,0,0,-1,,
2026-03-22T12:07:54.620609,3095,156,error,high,lua,Lua error [FRAME_DESYNC]: Severe frame ID mismatch detected,0,0,-1,,
2026-03-22T12:07:58.672952,3096,51,error,high,lua,Lua error [FRAME_DESYNC]: Severe frame ID mismatch detected,0,0,-1,,
2026-03-22T12:08:02.657691,3097,51,error,high,lua,Lua error [FRAME_DESYNC]: Severe frame ID mismatch detected,0,0,-1,,
2026-03-22T12:08:15.569822,3098,184,error,high,lua,Lua error [FRAME_DESYNC]: Severe frame ID mismatch detected,0,0,-1,,
2026-03-22T12:08:21.159803,3099,53,error,high,lua,Lua error [FRAME_DESYNC]: Severe frame ID mismatch detected,0,0,-1,,
2026-03-22T12:08:24.945043,3101,41,error,high,lua,Lua error [FRAME_DESYNC]: Severe frame ID mismatch detected,0,0,-1,,
2026-03-22T12:08:29.080128,3101,54,error,high,lua,Lua error [FRAME_DESYNC]: Severe frame ID mismatch detected,0,0,-1,,
2026-03-22T12:09:17.449961,3104,213,error,high,lua,Lua error [FRAME_DESYNC]: Severe frame ID mismatch detected,0,0,-1,,
2026-03-22T12:09:29.047867,3105,165,error,high,lua,Lua error [FRAME_DESYNC]: Severe frame ID mismatch detected,0,0,-1,,
2026-03-22T12:09:40.694842,3106,166,error,high,lua,Lua error [FRAME_DESYNC]: Severe frame ID mismatch detected,0,0,-1,,
2026-03-22T12:09:45.570170,3107,64,error,high,lua,Lua error [FRAME_DESYNC]: Severe frame ID mismatch detected,0,0,-1,,
2026-03-22T12:09:54.111979,3108,118,error,high,lua,Lua error [FRAME_DESYNC]: Severe frame ID mismatch detected,0,0,-1,,
2026-03-22T12:10:02.915261,3109,124,error,high,lua,Lua error [FRAME_DESYNC]: Severe frame ID mismatch detected,0,0,-1,,
2026-03-22T12:10:26.104426,3110,338,error,high,lua,Lua error [FRAME_DESYNC]: Severe frame ID mismatch detected,0,0,-1,,
2026-03-22T12:10:42.825381,3111,204,error,high,lua,Lua error [FRAME_DESYNC]: Severe frame ID mismatch detected,0,0,-1,,
2026-03-22T12:10:48.480294,3113,50,error,high,lua,Lua error [FRAME_DESYNC]: Severe frame ID mismatch detected,0,0,-1,,
2026-03-22T12:11:26.619599,3114,269,error,high,lua,Lua error [FRAME_DESYNC]: Severe frame ID mismatch detected,0,0,-1,,
2026-03-22T12:11:37.635386,3115,125,error,high,lua,Lua error [FRAME_DESYNC]: Severe frame ID mismatch detected,0,0,-1,,
2026-03-22T12:11:41.230295,3116,45,error,high,lua,Lua error [FRAME_DESYNC]: Severe frame ID mismatch detected,0,0,-1,,
2026-03-22T12:12:26.986523,3118,414,error,high,lua,Lua error [FRAME_DESYNC]: Severe frame ID mismatch detected,0,0,-1,,
2026-03-22T12:12:36.878801,3119,94,error,high,lua,Lua error [FRAME_DESYNC]: Severe frame ID mismatch detected,0,0,-1,,
2026-03-22T12:13:11.454370,3121,221,error,high,lua,Lua error [FRAME_DESYNC]: Severe frame ID mismatch detected,0,0,-1,,
2026-03-22T12:13:26.455480,3122,216,error,high,lua,Lua error [FRAME_DESYNC]: Severe frame ID mismatch detected,0,0,-1,,
2026-03-22T12:14:01.952511,3124,472,error,high,lua,Lua error [FRAME_DESYNC]: Severe frame ID mismatch detected,0,0,-1,,
2026-03-22T12:14:10.515338,3124,121,error,high,lua,Lua error [FRAME_DESYNC]: Severe frame ID mismatch detected,0,0,-1,,
2026-03-22T12:14:15.157444,3125,61,error,high,lua,Lua error [FRAME_DESYNC]: Severe frame ID mismatch detected,0,0,-1,,
2026-03-22T12:14:43.127734,3126,411,error,high,lua,Lua error [FRAME_DESYNC]: Severe frame ID mismatch detected,0,0,-1,,
2026-03-22T12:14:56.755885,3127,150,error,high,lua,Lua error [FRAME_DESYNC]: Severe frame ID mismatch detected,0,0,-1,,
2026-03-22T12:15:10.423171,3128,196,error,high,lua,Lua error [FRAME_DESYNC]: Severe frame ID mismatch detected,0,0,-1,,
2026-03-22T12:15:30.034597,3129,286,error,high,lua,Lua error [FRAME_DESYNC]: Severe frame ID mismatch detected,0,0,-1,,
2026-03-22T12:15:35.474707,3130,73,error,high,lua,Lua error [FRAME_DESYNC]: Severe frame ID mismatch detected,0,0,-1,,
2026-03-22T12:15:39.434511,3131,50,error,high,lua,Lua error [FRAME_DESYNC]: Severe frame ID mismatch detected,0,0,-1,,
2026-03-22T12:15:44.643038,3132,69,error,high,lua,Lua error [FRAME_DESYNC]: Severe frame ID mismatch detected,0,0,-1,,
2026-03-22T12:15:54.399488,3133,137,error,high,lua,Lua error [FRAME_DESYNC]: Severe frame ID mismatch detected,0,0,-1,,
2026-03-22T12:16:01.803251,3134,102,error,high,lua,Lua error [FRAME_DESYNC]: Severe frame ID mismatch detected,0,0,-1,,
2026-03-22T12:16:10.083884,3135,116,error,high,lua,Lua error [FRAME_DESYNC]: Severe frame ID mismatch detected,0,0,-1,,
2026-03-22T12:16:24.560103,3136,209,error,high,lua,Lua error [FRAME_DESYNC]: Severe frame ID mismatch detected,0,0,-1,,
2026-03-22T12:16:35.047752,3138,149,error,high,lua,Lua error [FRAME_DESYNC]: Severe frame ID mismatch detected,0,0,-1,,
2026-03-22T12:16:39.170852,3138,54,error,high,lua,Lua error [FRAME_DESYNC]: Severe frame ID mismatch detected,0,0,-1,,
2026-03-22T12:16:48.876146,3140,137,error,high,lua,Lua error [FRAME_DESYNC]: Severe frame ID mismatch detected,0,0,-1,,
2026-03-22T12:16:58.676711,3141,123,error,high,lua,Lua error [FRAME_DESYNC]: Severe frame ID mismatch detected,0,0,-1,,
2026-03-22T12:17:03.396726,3141,63,error,high,lua,Lua error [FRAME_DESYNC]: Severe frame ID mismatch detected,0,0,-1,,
2026-03-22T12:17:09.119333,3142,77,error,high,lua,Lua error [FRAME_DESYNC]: Severe frame ID mismatch detected,0,0,-1,,
2026-03-22T12:17:14.117997,3143,66,error,high,lua,Lua error [FRAME_DESYNC]: Severe frame ID mismatch detected,0,0,-1,,
2026-03-22T12:17:28.553809,3144,208,error,high,lua,Lua error [FRAME_DESYNC]: Severe frame ID mismatch detected,0,0,-1,,
2026-03-22T12:17:48.853480,3145,296,error,high,lua,Lua error [FRAME_DESYNC]: Severe frame ID mismatch detected,0,0,-1,,
2026-03-22T12:18:20.175041,3147,242,error,high,lua,Lua error [FRAME_DESYNC]: Severe frame ID mismatch detected,0,0,-1,,
2026-03-22T12:18:23.830669,3148,46,error,high,lua,Lua error [FRAME_DESYNC]: Severe frame ID mismatch detected,0,0,-1,,
2026-03-22T12:18:38.423959,3150,210,error,high,lua,Lua error [FRAME_DESYNC]: Severe frame ID mismatch detected,0,0,-1,,
2026-03-22T12:18:48.472114,3150,143,error,high,lua,Lua error [FRAME_DESYNC]: Severe frame ID mismatch detected,0,0,-1,,
2026-03-22T12:19:02.431404,3151,200,error,high,lua,Lua error [FRAME_DESYNC]: Severe frame ID mismatch detected,0,0,-1,,
2026-03-22T12:19:19.753056,3152,228,error,high,lua,Lua error [FRAME_DESYNC]: Severe frame ID mismatch detected,0,0,-1,,
2026-03-22T12:19:30.802247,3153,157,error,high,lua,Lua error [FRAME_DESYNC]: Severe frame ID mismatch detected,0,0,-1,,
2026-03-22T12:19:35.602134,3155,63,error,high,lua,Lua error [FRAME_DESYNC]: Severe frame ID mismatch detected,0,0,-1,,
2026-03-22T12:19:39.554931,3155,51,error,high,lua,Lua error [FRAME_DESYNC]: Severe frame ID mismatch detected,0,0,-1,,
2026-03-22T12:19:57.358267,3157,70,error,high,lua,Lua error [FRAME_DESYNC]: Severe frame ID mismatch detected,0,0,-1,,
2026-03-22T12:20:08.745656,3158,162,error,high,lua,Lua error [FRAME_DESYNC]: Severe frame ID mismatch detected,0,0,-1,,
2026-03-22T12:20:19.370847,3159,151,error,high,lua,Lua error [FRAME_DESYNC]: Severe frame ID mismatch detected,0,0,-1,,
2026-03-22T12:20:39.753860,3160,297,error,high,lua,Lua error [FRAME_DESYNC]: Severe frame ID mismatch detected,0,0,-1,,
2026-03-22T12:21:00.103331,3161,263,error,high,lua,Lua error [FRAME_DESYNC]: Severe frame ID mismatch detected,0,0,-1,,
2026-03-22T12:21:06.777108,3162,62,error,high,lua,Lua error [FRAME_DESYNC]: Severe frame ID mismatch detected,0,0,-1,,
2026-03-22T12:21:11.851336,3163,67,error,high,lua,Lua error [FRAME_DESYNC]: Severe frame ID mismatch detected,0,0,-1,,
2026-03-22T12:21:25.777963,3164,200,error,high,lua,Lua error [FRAME_DESYNC]: Severe frame ID mismatch detected,0,0,-1,,
2026-03-22T12:21:51.759037,3166,343,error,high,lua,Lua error [FRAME_DESYNC]: Severe frame ID mismatch detected,0,0,-1,,
2026-03-22T12:22:14.514071,3166,334,error,high,lua,Lua error [FRAME_DESYNC]: Severe frame ID mismatch detected,0,0,-1,,
2026-03-22T12:23:10.314035,3169,424,error,high,lua,Lua error [FRAME_DESYNC]: Severe frame ID mismatch detected,0,0,-1,,
2026-03-22T12:23:37.315370,3170,397,error,high,lua,Lua error [FRAME_DESYNC]: Severe frame ID mismatch detected,0,0,-1,,
2026-03-22T12:23:47.418245,3171,143,error,high,lua,Lua error [FRAME_DESYNC]: Severe frame ID mismatch detected,0,0,-1,,
2026-03-22T12:24:18.937803,3172,237,error,high,lua,Lua error [FRAME_DESYNC]: Severe frame ID mismatch detected,0,0,-1,,
2026-03-22T12:24:37.790060,3173,274,error,high,lua,Lua error [FRAME_DESYNC]: Severe frame ID mismatch detected,0,0,-1,,
2026-03-22T12:25:16.675609,3174,544,error,high,lua,Lua error [FRAME_DESYNC]: Severe frame ID mismatch detected,0,0,-1,,
2026-03-22T12:25:44.080866,3175,347,error,high,lua,Lua error [FRAME_DESYNC]: Severe frame ID mismatch detected,0,0,-1,,
2026-03-22T12:25:50.003560,3176,42,error,high,lua,Lua error [FRAME_DESYNC]: Severe frame ID mismatch detected,0,0,-1,,
2026-03-22T12:26:13.631774,3178,120,error,high,lua,Lua error [FRAME_DESYNC]: Severe frame ID mismatch detected,0,0,-1,,
2026-03-22T12:26:21.388399,3180,107,error,high,lua,Lua error [FRAME_DESYNC]: Severe frame ID mismatch detected,0,0,-1,,
2026-03-22T12:26:24.952334,3180,45,error,high,lua,Lua error [FRAME_DESYNC]: Severe frame ID mismatch detected,0,0,-1,,
2026-03-22T12:26:39.687603,3181,203,error,high,lua,Lua error [FRAME_DESYNC]: Severe frame ID mismatch detected,0,0,-1,,
2026-03-22T12:26:50.070748,3182,146,error,high,lua,Lua error [FRAME_DESYNC]: Severe frame ID mismatch detected,0,0,-1,,
2026-03-22T12:27:21.452513,3183,463,error,high,lua,Lua error [FRAME_DESYNC]: Severe frame ID mismatch detected,0,0,-1,,
2026-03-22T12:27:29.205620,3184,57,error,high,lua,Lua error [FRAME_DESYNC]: Severe frame ID mismatch detected,0,0,-1,,
2026-03-22T12:27:33.122559,3185,50,error,high,lua,Lua error [FRAME_DESYNC]: Severe frame ID mismatch detected,0,0,-1,,
2026-03-22T12:28:10.886740,3187,254,error,high,lua,Lua error [FRAME_DESYNC]: Severe frame ID mismatch detected,0,0,-1,,
2026-03-22T12:28:35.429649,3189,73,error,high,lua,Lua error [FRAME_DESYNC]: Severe frame ID mismatch detected,0,0,-1,,
2026-03-22T12:29:02.634108,3190,400,error,high,lua,Lua error [FRAME_DESYNC]: Severe frame ID mismatch detected,0,0,-1,,
2026-03-22T12:29:26.478617,3191,307,error,high,lua,Lua error [FRAME_DESYNC]: Severe frame ID mismatch detected,0,0,-1,,
2026-03-22T12:29:37.999628,3192,130,error,high,lua,Lua error [FRAME_DESYNC]: Severe frame ID mismatch detected,0,0,-1,,
2026-03-22T12:29:50.954188,3193,185,error,high,lua,Lua error [FRAME_DESYNC]: Severe frame ID mismatch detected,0,0,-1,,
2026-03-22T12:30:11.986250,3195,56,error,high,lua,Lua error [FRAME_DESYNC]: Severe frame ID mismatch detected,0,0,-1,,
2026-03-22T12:30:14.930981,3196,36,error,high,lua,Lua error [FRAME_DESYNC]: Severe frame ID mismatch detected,0,0,-1,,
2026-03-22T12:30:20.072989,3197,68,error,high,lua,Lua error [FRAME_DESYNC]: Severe frame ID mismatch detected,0,0,-1,,
2026-03-22T12:30:23.999391,3198,50,error,high,lua,Lua error [FRAME_DESYNC]: Severe frame ID mismatch detected,0,0,-1,,
2026-03-22T12:30:28.476190,3200,58,error,high,lua,Lua error [FRAME_DESYNC]: Severe frame ID mismatch detected,0,0,-1,,
2026-03-22T12:30:32.762607,3201,48,error,high,lua,Lua error [FRAME_DESYNC]: Severe frame ID mismatch detected,0,0,-1,,
2026-03-22T12:30:46.601713,3202,200,error,high,lua,Lua error [FRAME_DESYNC]: Severe frame ID mismatch detected,0,0,-1,,
2026-03-22T12:31:04.133760,3202,255,error,high,lua,Lua error [FRAME_DESYNC]: Severe frame ID mismatch detected,0,0,-1,,
2026-03-22T12:31:12.985596,3203,96,error,high,lua,Lua error [FRAME_DESYNC]: Severe frame ID mismatch detected,0,0,-1,,
2026-03-22T12:31:40.573314,3204,405,error,high,lua,Lua error [FRAME_DESYNC]: Severe frame ID mismatch detected,0,0,-1,,
2026-03-22T12:32:06.946483,3205,344,error,high,lua,Lua error [FRAME_DESYNC]: Severe frame ID mismatch detected,0,0,-1,,
2026-03-22T12:32:13.850584,3206,57,error,high,lua,Lua error [FRAME_DESYNC]: Severe frame ID mismatch detected,0,0,-1,,
2026-03-22T12:32:30.949234,3208,248,error,high,lua,Lua error [FRAME_DESYNC]: Severe frame ID mismatch detected,0,0,-1,,
2026-03-22T12:32:37.734860,3208,94,error,high,lua,Lua error [FRAME_DESYNC]: Severe frame ID mismatch detected,0,0,-1,,
2026-03-22T12:32:45.948055,3209,114,error,high,lua,Lua error [FRAME_DESYNC]: Severe frame ID mismatch detected,0,0,-1,,
2026-03-22T12:32:50.030826,3210,52,error,high,lua,Lua error [FRAME_DESYNC]: Severe frame ID mismatch detected,0,0,-1,,
2026-03-22T12:32:53.917668,3211,50,error,high,lua,Lua error [FRAME_DESYNC]: Severe frame ID mismatch detected,0,0,-1,,
2026-03-22T12:33:08.583094,3212,211,error,high,lua,Lua error [FRAME_DESYNC]: Severe frame ID mismatch detected,0,0,-1,,
2026-03-22T12:33:25.981747,3213,252,error,high,lua,Lua error [FRAME_DESYNC]: Severe frame ID mismatch detected,0,0,-1,,
2026-03-22T12:33:33.087072,3214,98,error,high,lua,Lua error [FRAME_DESYNC]: Severe frame ID mismatch detected,0,0,-1,,
2026-03-22T12:33:37.021190,3215,49,error,high,lua,Lua error [FRAME_DESYNC]: Severe frame ID mismatch detected,0,0,-1,,
2026-03-22T12:33:50.058324,3216,186,error,high,lua,Lua error [FRAME_DESYNC]: Severe frame ID mismatch detected,0,0,-1,,
2026-03-22T12:34:05.016580,3217,215,error,high,lua,Lua error [FRAME_DESYNC]: Severe frame ID mismatch detected,0,0,-1,,
2026-03-22T12:34:43.619069,3219,315,error,high,lua,Lua error [FRAME_DESYNC]: Severe frame ID mismatch detected,0,0,-1,,
2026-03-22T12:35:14.325401,3220,418,error,high,lua,Lua error [FRAME_DESYNC]: Severe frame ID mismatch detected,0,0,-1,,
2026-03-22T12:35:22.078115,3221,61,error,high,lua,Lua error [FRAME_DESYNC]: Severe frame ID mismatch detected,0,0,-1,,
2026-03-22T12:35:31.639748,3222,135,error,high,lua,Lua error [FRAME_DESYNC]: Severe frame ID mismatch detected,0,0,-1,,
2026-03-22T12:35:46.964643,3223,221,error,high,lua,Lua error [FRAME_DESYNC]: Severe frame ID mismatch detected,0,0,-1,,
2026-03-22T12:35:54.934744,3224,111,error,high,lua,Lua error [FRAME_DESYNC]: Severe frame ID mismatch detected,0,0,-1,,
2026-03-22T12:35:59.482743,3225,60,error,high,lua,Lua error [FRAME_DESYNC]: Severe frame ID mismatch detected,0,0,-1,,
2026-03-22T12:36:21.247063,3226,318,error,high,lua,Lua error [FRAME_DESYNC]: Severe frame ID mismatch detected,0,0,-1,,
2026-03-22T12:36:42.480621,3227,274,error,high,lua,Lua error [FRAME_DESYNC]: Severe frame ID mismatch detected,0,0,-1,,
2026-03-22T12:37:08.562906,3228,350,error,high,lua,Lua error [FRAME_DESYNC]: Severe frame ID mismatch detected,0,0,-1,,
2026-03-22T12:37:18.712466,3229,107,error,high,lua,Lua error [FRAME_DESYNC]: Severe frame ID mismatch detected,0,0,-1,,
2026-03-22T12:37:23.581622,3231,64,error,high,lua,Lua error [FRAME_DESYNC]: Severe frame ID mismatch detected,0,0,-1,,
2026-03-22T12:38:02.861530,3231,582,error,high,lua,Lua error [FRAME_DESYNC]: Severe frame ID mismatch detected,0,0,-1,,
2026-03-22T12:38:28.478590,3233,281,error,high,lua,Lua error [FRAME_DESYNC]: Severe frame ID mismatch detected,0,0,-1,,
2026-03-22T12:38:35.690558,3234,100,error,high,lua,Lua error [FRAME_DESYNC]: Severe frame ID mismatch detected,0,0,-1,,
2026-03-22T12:38:41.159985,3234,75,error,high,lua,Lua error [FRAME_DESYNC]: Severe frame ID mismatch detected,0,0,-1,,
2026-03-22T12:38:47.765539,3235,90,error,high,lua,Lua error [FRAME_DESYNC]: Severe frame ID mismatch detected,0,0,-1,,
2026-03-22T12:38:54.437715,3236,92,error,high,lua,Lua error [FRAME_DESYNC]: Severe frame ID mismatch detected,0,0,-1,,
2026-03-22T12:39:07.307472,3237,185,error,high,lua,Lua error [FRAME_DESYNC]: Severe frame ID mismatch detected,0,0,-1,,
2026-03-22T12:39:49.812131,3239,228,error,high,lua,Lua error [FRAME_DESYNC]: Severe frame ID mismatch detected,0,0,-1,,
2026-03-22T12:40:04.505374,3240,212,error,high,lua,Lua error [FRAME_DESYNC]: Severe frame ID mismatch detected,0,0,-1,,
2026-03-22T12:40:32.973935,3242,62,error,high,lua,Lua error [FRAME_DESYNC]: Severe frame ID mismatch detected,0,0,-1,,
2026-03-22T12:40:38.848371,3243,80,error,high,lua,Lua error [FRAME_DESYNC]: Severe frame ID mismatch detected,0,0,-1,,
2026-03-22T12:40:43.645170,3244,63,error,high,lua,Lua error [FRAME_DESYNC]: Severe frame ID mismatch detected,0,0,-1,,
2026-03-22T12:41:19.646282,3246,212,error,high,lua,Lua error [FRAME_DESYNC]: Severe frame ID mismatch detected,0,0,-1,,
2026-03-22T12:41:50.579222,3248,204,error,high,lua,Lua error [FRAME_DESYNC]: Severe frame ID mismatch detected,0,0,-1,,
2026-03-22T12:41:58.100166,3249,104,error,high,lua,Lua error [FRAME_DESYNC]: Severe frame ID mismatch detected,0,0,-1,,
2026-03-22T12:42:39.121278,3251,364,error,high,lua,Lua error [FRAME_DESYNC]: Severe frame ID mismatch detected,0,0,-1,,
2026-03-22T12:42:52.293729,3252,149,error,high,lua,Lua error [FRAME_DESYNC]: Severe frame ID mismatch detected,0,0,-1,,
2026-03-22T12:43:01.344953,3253,127,error,high,lua,Lua error [FRAME_DESYNC]: Severe frame ID mismatch detected,0,0,-1,,
2026-03-22T12:43:10.895423,3254,134,error,high,lua,Lua error [FRAME_DESYNC]: Severe frame ID mismatch detected,0,0,-1,,
2026-03-22T12:43:31.411548,3255,299,error,high,lua,Lua error [FRAME_DESYNC]: Severe frame ID mismatch detected,0,0,-1,,
2026-03-22T12:43:46.087253,3256,178,error,high,lua,Lua error [FRAME_DESYNC]: Severe frame ID mismatch detected,0,0,-1,,
2026-03-22T12:44:09.822722,3257,347,error,high,lua,Lua error [FRAME_DESYNC]: Severe frame ID mismatch detected,0,0,-1,,
2026-03-22T12:44:36.903024,3258,359,error,high,lua,Lua error [FRAME_DESYNC]: Severe frame ID mismatch detected,0,0,-1,,
2026-03-22T12:44:43.182124,3259,46,error,high,lua,Lua error [FRAME_DESYNC]: Severe frame ID mismatch detected,0,0,-1,,
2026-03-22T12:44:51.346082,3260,114,error,high,lua,Lua error [FRAME_DESYNC]: Severe frame ID mismatch detected,0,0,-1,,
2026-03-22T12:45:04.923741,3261,182,error,high,lua,Lua error [FRAME_DESYNC]: Severe frame ID mismatch detected,0,0,-1,,
2026-03-22T12:45:56.065776,3263,669,error,high,lua,Lua error [FRAME_DESYNC]: Severe frame ID mismatch detected,0,0,-1,,
2026-03-22T12:47:12.229068,3264,654,error,high,lua,Lua error [FRAME_DESYNC]: Severe frame ID mismatch detected,0,0,-1,,
2026-03-22T12:47:26.438638,3265,137,error,high,lua,Lua error [FRAME_DESYNC]: Severe frame ID mismatch detected,0,0,-1,,
2026-03-22T12:47:44.564465,3266,263,error,high,lua,Lua error [FRAME_DESYNC]: Severe frame ID mismatch detected,0,0,-1,,
2026-03-22T12:47:52.146055,3267,75,error,high,lua,Lua error [FRAME_DESYNC]: Severe frame ID mismatch detected,0,0,-1,,
2026-03-22T12:48:14.443532,3268,326,error,high,lua,Lua error [FRAME_DESYNC]: Severe frame ID mismatch detected,0,0,-1,,
2026-03-22T12:48:34.293628,3269,252,error,high,lua,Lua error [FRAME_DESYNC]: Severe frame ID mismatch detected,0,0,-1,,
2026-03-22T12:49:05.153060,3272,43,error,high,lua,Lua error [FRAME_DESYNC]: Severe frame ID mismatch detected,0,0,-1,,
2026-03-22T12:49:09.202597,3272,53,error,high,lua,Lua error [FRAME_DESYNC]: Severe frame ID mismatch detected,0,0,-1,,
2026-03-22T12:49:44.942741,3273,527,error,high,lua,Lua error [FRAME_DESYNC]: Severe frame ID mismatch detected,0,0,-1,,
2026-03-22T12:50:06.380468,3274,255,error,high,lua,Lua error [FRAME_DESYNC]: Severe frame ID mismatch detected,0,0,-1,,
2026-03-22T12:50:11.920531,3275,43,error,high,lua,Lua error [FRAME_DESYNC]: Severe frame ID mismatch detected,0,0,-1,,
2026-03-22T12:50:20.417549,3277,118,error,high,lua,Lua error [FRAME_DESYNC]: Severe frame ID mismatch detected,0,0,-1,,
2026-03-22T12:50:42.314599,3278,289,error,high,lua,Lua error [FRAME_DESYNC]: Severe frame ID mismatch detected,0,0,-1,,
2026-03-22T12:50:47.689422,3278,73,error,high,lua,Lua error [FRAME_DESYNC]: Severe frame ID mismatch detected,0,0,-1,,
2026-03-22T12:51:03.395633,3279,228,error,high,lua,Lua error [FRAME_DESYNC]: Severe frame ID mismatch detected,0,0,-1,,
2026-03-22T12:51:20.085181,3280,216,error,high,lua,Lua error [FRAME_DESYNC]: Severe frame ID mismatch detected,0,0,-1,,
2026-03-22T12:51:35.067555,3282,190,error,high,lua,Lua error [FRAME_DESYNC]: Severe frame ID mismatch detected,0,0,-1,,
2026-03-22T12:52:06.714179,3283,61,error,high,lua,Lua error [FRAME_DESYNC]: Severe frame ID mismatch detected,0,0,-1,,
2026-03-22T12:52:11.022833,3284,55,error,high,lua,Lua error [FRAME_DESYNC]: Severe frame ID mismatch detected,0,0,-1,,
2026-03-22T12:52:15.243600,3285,55,error,high,lua,Lua error [FRAME_DESYNC]: Severe frame ID mismatch detected,0,0,-1,,
2026-03-22T12:52:33.662653,3287,268,error,high,lua,Lua error [FRAME_DESYNC]: Severe frame ID mismatch detected,0,0,-1,,
2026-03-22T12:53:22.642702,3289,129,error,high,lua,Lua error [FRAME_DESYNC]: Severe frame ID mismatch detected,0,0,-1,,
2026-03-22T12:53:35.416835,3289,184,error,high,lua,Lua error [FRAME_DESYNC]: Severe frame ID mismatch detected,0,0,-1,,
2026-03-22T12:53:40.236636,3290,41,error,high,lua,Lua error [FRAME_DESYNC]: Severe frame ID mismatch detected,0,0,-1,,
2026-03-22T12:54:06.576366,3292,70,error,high,lua,Lua error [FRAME_DESYNC]: Severe frame ID mismatch detected,0,0,-1,,
2026-03-22T12:54:17.363302,3293,153,error,high,lua,Lua error [FRAME_DESYNC]: Severe frame ID mismatch detected,0,0,-1,,
2026-03-22T12:54:21.434102,3294,52,error,high,lua,Lua error [FRAME_DESYNC]: Severe frame ID mismatch detected,0,0,-1,,
2026-03-22T12:54:35.616254,3295,204,error,high,lua,Lua error [FRAME_DESYNC]: Severe frame ID mismatch detected,0,0,-1,,
2026-03-22T12:54:40.605000,3296,65,error,high,lua,Lua error [FRAME_DESYNC]: Severe frame ID mismatch detected,0,0,-1,,
2026-03-22T12:54:43.730629,3297,38,error,high,lua,Lua error [FRAME_DESYNC]: Severe frame ID mismatch detected,0,0,-1,,
2026-03-22T12:54:55.062307,3298,162,error,high,lua,Lua error [FRAME_DESYNC]: Severe frame ID mismatch detected,0,0,-1,,
2026-03-22T12:55:15.373887,3300,250,error,high,lua,Lua error [FRAME_DESYNC]: Severe frame ID mismatch detected,0,0,-1,,
2026-03-22T12:55:32.055919,3300,242,error,high,lua,Lua error [FRAME_DESYNC]: Severe frame ID mismatch detected,0,0,-1,,
2026-03-22T12:55:49.572710,3301,225,error,high,lua,Lua error [FRAME_DESYNC]: Severe frame ID mismatch detected,0,0,-1,,
2026-03-22T12:55:58.274165,3303,121,error,high,lua,Lua error [FRAME_DESYNC]: Severe frame ID mismatch detected,0,0,-1,,
2026-03-22T12:56:01.585913,3303,42,error,high,lua,Lua error [FRAME_DESYNC]: Severe frame ID mismatch detected,0,0,-1,,
2026-03-22T12:56:12.473112,3304,154,error,high,lua,Lua error [FRAME_DESYNC]: Severe frame ID mismatch detected,0,0,-1,,
2026-03-22T12:56:16.244693,3305,48,error,high,lua,Lua error [FRAME_DESYNC]: Severe frame ID mismatch detected,0,0,-1,,
2026-03-22T12:56:19.987978,3306,47,error,high,lua,Lua error [FRAME_DESYNC]: Severe frame ID mismatch detected,0,0,-1,,
2026-03-22T12:56:34.946655,3307,216,error,high,lua,Lua error [FRAME_DESYNC]: Severe frame ID mismatch detected,0,0,-1,,
2026-03-22T12:56:54.197653,3308,281,error,high,lua,Lua error [FRAME_DESYNC]: Severe frame ID mismatch detected,0,0,-1,,
2026-03-22T12:56:59.955012,3309,46,error,high,lua,Lua error [FRAME_DESYNC]: Severe frame ID mismatch detected,0,0,-1,,
2026-03-22T12:57:45.313394,3311,379,error,high,lua,Lua error [FRAME_DESYNC]: Severe frame ID mismatch detected,0,0,-1,,
2026-03-22T12:58:11.070575,3312,337,error,high,lua,Lua error [FRAME_DESYNC]: Severe frame ID mismatch detected,0,0,-1,,
2026-03-22T12:58:17.742612,3313,53,error,high,lua,Lua error [FRAME_DESYNC]: Severe frame ID mismatch detected,0,0,-1,,
2026-03-22T12:58:26.745893,3314,126,error,high,lua,Lua error [FRAME_DESYNC]: Severe frame ID mismatch detected,0,0,-1,,
2026-03-22T12:58:47.450362,3315,301,error,high,lua,Lua error [FRAME_DESYNC]: Severe frame ID mismatch detected,0,0,-1,,
2026-03-22T12:58:55.247103,3316,73,error,high,lua,Lua error [FRAME_DESYNC]: Severe frame ID mismatch detected,0,0,-1,,
2026-03-22T12:59:06.102605,3317,154,error,high,lua,Lua error [FRAME_DESYNC]: Severe frame ID mismatch detected,0,0,-1,,
2026-03-22T12:59:22.986787,3319,219,error,high,lua,Lua error [FRAME_DESYNC]: Severe frame ID mismatch detected,0,0,-1,,
2026-03-22T12:59:26.944990,3319,51,error,high,lua,Lua error [FRAME_DESYNC]: Severe frame ID mismatch detected,0,0,-1,,
2026-03-22T12:59:30.105920,3320,38,error,high,lua,Lua error [FRAME_DESYNC]: Severe frame ID mismatch detected,0,0,-1,,
2026-03-22T12:59:34.698608,3321,54,error,high,lua,Lua error [FRAME_DESYNC]: Severe frame ID mismatch detected,0,0,-1,,
2026-03-22T12:59:44.399225,3322,137,error,high,lua,Lua error [FRAME_DESYNC]: Severe frame ID mismatch detected,0,0,-1,,
2026-03-22T12:59:58.376984,3323,201,error,high,lua,Lua error [FRAME_DESYNC]: Severe frame ID mismatch detected,0,0,-1,,
2026-03-22T13:00:12.220175,3324,199,error,high,lua,Lua error [FRAME_DESYNC]: Severe frame ID mismatch detected,0,0,-1,,
2026-03-22T13:00:30.473097,3325,242,error,high,lua,Lua error [FRAME_DESYNC]: Severe frame ID mismatch detected,0,0,-1,,
2026-03-22T13:01:11.206097,3328,64,error,high,lua,Lua error [FRAME_DESYNC]: Severe frame ID mismatch detected,0,0,-1,,
2026-03-22T13:01:21.959843,3329,152,error,high,lua,Lua error [FRAME_DESYNC]: Severe frame ID mismatch detected,0,0,-1,,
2026-03-22T13:01:32.856674,3330,155,error,high,lua,Lua error [FRAME_DESYNC]: Severe frame ID mismatch detected,0,0,-1,,
2026-03-22T13:01:41.172000,3331,117,error,high,lua,Lua error [FRAME_DESYNC]: Severe frame ID mismatch detected,0,0,-1,,
2026-03-22T13:02:11.732576,3334,267,error,high,lua,Lua error [FRAME_DESYNC]: Severe frame ID mismatch detected,0,0,-1,,
2026-03-22T13:02:44.257824,3336,227,error,high,lua,Lua error [FRAME_DESYNC]: Severe frame ID mismatch detected,0,0,-1,,
2026-03-22T13:02:55.265817,3336,157,error,high,lua,Lua error [FRAME_DESYNC]: Severe frame ID mismatch detected,0,0,-1,,
2026-03-22T13:03:19.002882,3337,347,error,high,lua,Lua error [FRAME_DESYNC]: Severe frame ID mismatch detected,0,0,-1,,
2026-03-22T13:03:24.924999,3339,41,error,high,lua,Lua error [FRAME_DESYNC]: Severe frame ID mismatch detected,0,0,-1,,
2026-03-22T13:03:29.026454,3339,53,error,high,lua,Lua error [FRAME_DESYNC]: Severe frame ID mismatch detected,0,0,-1,,
2026-03-22T13:03:34.434407,3340,73,error,high,lua,Lua error [FRAME_DESYNC]: Severe frame ID mismatch detected,0,0,-1,,
2026-03-22T13:03:51.613094,3341,237,error,high,lua,Lua error [FRAME_DESYNC]: Severe frame ID mismatch detected,0,0,-1,,
2026-03-22T13:03:57.536436,3342,51,error,high,lua,Lua error [FRAME_DESYNC]: Severe frame ID mismatch detected,0,0,-1,,
2026-03-22T13:04:35.631805,3343,563,error,high,lua,Lua error [FRAME_DESYNC]: Severe frame ID mismatch detected,0,0,-1,,
2026-03-22T13:04:48.493203,3344,122,error,high,lua,Lua error [FRAME_DESYNC]: Severe frame ID mismatch detected,0,0,-1,,
2026-03-22T13:05:05.180400,3346,241,error,high,lua,Lua error [FRAME_DESYNC]: Severe frame ID mismatch detected,0,0,-1,,
2026-03-22T13:05:08.444904,3347,41,error,high,lua,Lua error [FRAME_DESYNC]: Severe frame ID mismatch detected,0,0,-1,,
2026-03-22T13:05:35.609336,3348,358,error,high,lua,Lua error [FRAME_DESYNC]: Severe frame ID mismatch detected,0,0,-1,,
2026-03-22T13:06:14.217828,3350,238,error,high,lua,Lua error [FRAME_DESYNC]: Severe frame ID mismatch detected,0,0,-1,,
2026-03-22T13:06:31.394265,3350,250,error,high,lua,Lua error [FRAME_DESYNC]: Severe frame ID mismatch detected,0,0,-1,,
2026-03-22T13:06:45.416285,3352,201,error,high,lua,Lua error [FRAME_DESYNC]: Severe frame ID mismatch detected,0,0,-1,,
2026-03-22T13:06:53.511631,3352,113,error,high,lua,Lua error [FRAME_DESYNC]: Severe frame ID mismatch detected,0,0,-1,,
2026-03-22T13:07:08.920538,3353,222,error,high,lua,Lua error [FRAME_DESYNC]: Severe frame ID mismatch detected,0,0,-1,,
2026-03-22T13:07:17.805334,3354,99,error,high,lua,Lua error [FRAME_DESYNC]: Severe frame ID mismatch detected,0,0,-1,,
2026-03-22T13:07:36.629542,3355,273,error,high,lua,Lua error [FRAME_DESYNC]: Severe frame ID mismatch detected,0,0,-1,,
2026-03-22T13:07:48.703213,3356,143,error,high,lua,Lua error [FRAME_DESYNC]: Severe frame ID mismatch detected,0,0,-1,,
2026-03-22T13:08:17.356031,3358,153,error,high,lua,Lua error [FRAME_DESYNC]: Severe frame ID mismatch detected,0,0,-1,,
2026-03-22T13:08:22.053343,3360,61,error,high,lua,Lua error [FRAME_DESYNC]: Severe frame ID mismatch detected,0,0,-1,,
2026-03-22T13:08:30.800568,3360,123,error,high,lua,Lua error [FRAME_DESYNC]: Severe frame ID mismatch detected,0,0,-1,,
2026-03-22T13:08:36.263426,3361,58,error,high,lua,Lua error [FRAME_DESYNC]: Severe frame ID mismatch detected,0,0,-1,,
2026-03-22T13:08:42.464391,3362,85,error,high,lua,Lua error [FRAME_DESYNC]: Severe frame ID mismatch detected,0,0,-1,,
2026-03-22T13:08:53.096506,3363,150,error,high,lua,Lua error [FRAME_DESYNC]: Severe frame ID mismatch detected,0,0,-1,,
2026-03-22T13:09:02.454322,3364,132,error,high,lua,Lua error [FRAME_DESYNC]: Severe frame ID mismatch detected,0,0,-1,,
2026-03-22T13:09:13.037248,3365,150,error,high,lua,Lua error [FRAME_DESYNC]: Severe frame ID mismatch detected,0,0,-1,,
2026-03-22T13:09:16.193265,3366,38,error,high,lua,Lua error [FRAME_DESYNC]: Severe frame ID mismatch detected,0,0,-1,,
2026-03-22T13:09:32.248705,3367,232,error,high,lua,Lua error [FRAME_DESYNC]: Severe frame ID mismatch detected,0,0,-1,,
2026-03-22T13:09:45.050153,3368,183,error,high,lua,Lua error [FRAME_DESYNC]: Severe frame ID mismatch detected,0,0,-1,,
2026-03-22T13:10:18.223056,3371,42,error,high,lua,Lua error [FRAME_DESYNC]: Severe frame ID mismatch detected,0,0,-1,,
2026-03-22T13:11:02.182849,3373,311,error,high,lua,Lua error [FRAME_DESYNC]: Severe frame ID mismatch detected,0,0,-1,,
2026-03-22T13:11:08.695004,3374,55,error,high,lua,Lua error [FRAME_DESYNC]: Severe frame ID mismatch detected,0,0,-1,,
2026-03-22T13:11:19.037889,3375,147,error,high,lua,Lua error [FRAME_DESYNC]: Severe frame ID mismatch detected,0,0,-1,,
2026-03-22T13:11:27.858443,3376,123,error,high,lua,Lua error [FRAME_DESYNC]: Severe frame ID mismatch detected,0,0,-1,,
2026-03-22T13:11:44.002312,3377,233,error,high,lua,Lua error [FRAME_DESYNC]: Severe frame ID mismatch detected,0,0,-1,,
2026-03-22T13:12:03.594606,3379,231,error,high,lua,Lua error [FRAME_DESYNC]: Severe frame ID mismatch detected,0,0,-1,,
2026-03-22T13:12:22.133925,3380,46,error,high,lua,Lua error [FRAME_DESYNC]: Severe frame ID mismatch detected,0,0,-1,,
2026-03-22T13:12:27.557940,3381,67,error,high,lua,Lua error [FRAME_DESYNC]: Severe frame ID mismatch detected,0,0,-1,,
2026-03-22T13:12:40.208982,3383,182,error,high,lua,Lua error [FRAME_DESYNC]: Severe frame ID mismatch detected,0,0,-1,,
2026-03-22T13:12:57.790970,3383,256,error,high,lua,Lua error [FRAME_DESYNC]: Severe frame ID mismatch detected,0,0,-1,,
2026-03-22T13:13:06.526778,3384,123,error,high,lua,Lua error [FRAME_DESYNC]: Severe frame ID mismatch detected,0,0,-1,,
2026-03-22T13:13:10.709683,3385,53,error,high,lua,Lua error [FRAME_DESYNC]: Severe frame ID mismatch detected,0,0,-1,,
2026-03-22T13:13:20.354168,3387,136,error,high,lua,Lua error [FRAME_DESYNC]: Severe frame ID mismatch detected,0,0,-1,,
2026-03-22T13:13:23.823173,3388,44,error,high,lua,Lua error [FRAME_DESYNC]: Severe frame ID mismatch detected,0,0,-1,,
2026-03-22T13:13:30.121391,3388,86,error,high,lua,Lua error [FRAME_DESYNC]: Severe frame ID mismatch detected,0,0,-1,,
2026-03-22T13:13:35.201703,3389,67,error,high,lua,Lua error [FRAME_DESYNC]: Severe frame ID mismatch detected,0,0,-1,,
2026-03-22T13:13:38.629086,3390,42,error,high,lua,Lua error [FRAME_DESYNC]: Severe frame ID mismatch detected,0,0,-1,,
2026-03-22T13:13:46.060953,3391,103,error,high,lua,Lua error [FRAME_DESYNC]: Severe frame ID mismatch detected,0,0,-1,,
2026-03-22T13:14:06.345270,3393,296,error,high,lua,Lua error [FRAME_DESYNC]: Severe frame ID mismatch detected,0,0,-1,,
2026-03-22T13:14:14.065374,3393,108,error,high,lua,Lua error [FRAME_DESYNC]: Severe frame ID mismatch detected,0,0,-1,,
2026-03-22T13:14:26.660176,3394,181,error,high,lua,Lua error [FRAME_DESYNC]: Severe frame ID mismatch detected,0,0,-1,,
2026-03-22T13:14:34.720019,3395,112,error,high,lua,Lua error [FRAME_DESYNC]: Severe frame ID mismatch detected,0,0,-1,,
2026-03-22T13:14:43.915053,3396,129,error,high,lua,Lua error [FRAME_DESYNC]: Severe frame ID mismatch detected,0,0,-1,,
2026-03-22T13:15:05.912783,3397,321,error,high,lua,Lua error [FRAME_DESYNC]: Severe frame ID mismatch detected,0,0,-1,,
2026-03-22T13:15:43.608947,3400,117,error,high,lua,Lua error [FRAME_DESYNC]: Severe frame ID mismatch detected,0,0,-1,,
2026-03-22T13:16:18.076076,3401,183,error,high,lua,Lua error [FRAME_DESYNC]: Severe frame ID mismatch detected,0,0,-1,,
2026-03-22T13:16:37.327543,3402,280,error,high,lua,Lua error [FRAME_DESYNC]: Severe frame ID mismatch detected,0,0,-1,,
2026-03-22T13:18:13.323555,3407,261,error,high,lua,Lua error [FRAME_DESYNC]: Severe frame ID mismatch detected,0,0,-1,,
2026-03-22T13:18:24.671677,3408,161,error,high,lua,Lua error [FRAME_DESYNC]: Severe frame ID mismatch detected,0,0,-1,,
2026-03-22T13:18:35.273724,3409,150,error,high,lua,Lua error [FRAME_DESYNC]: Severe frame ID mismatch detected,0,0,-1,,
2026-03-22T13:18:39.308394,3410,52,error,high,lua,Lua error [FRAME_DESYNC]: Severe frame ID mismatch detected,0,0,-1,,
2026-03-22T13:19:03.941012,3411,361,error,high,lua,Lua error [FRAME_DESYNC]: Severe frame ID mismatch detected,0,0,-1,,
2026-03-22T13:19:08.857329,3413,65,error,high,lua,Lua error [FRAME_DESYNC]: Severe frame ID mismatch detected,0,0,-1,,
2026-03-22T13:19:13.308717,3413,59,error,high,lua,Lua error [FRAME_DESYNC]: Severe frame ID mismatch detected,0,0,-1,,
2026-03-22T13:19:29.708353,3415,238,error,high,lua,Lua error [FRAME_DESYNC]: Severe frame ID mismatch detected,0,0,-1,,
2026-03-22T13:19:36.963443,3415,101,error,high,lua,Lua error [FRAME_DESYNC]: Severe frame ID mismatch detected,0,0,-1,,
2026-03-22T13:19:56.430255,3416,282,error,high,lua,Lua error [FRAME_DESYNC]: Severe frame ID mismatch detected,0,0,-1,,
2026-03-22T13:20:08.111710,3417,134,error,high,lua,Lua error [FRAME_DESYNC]: Severe frame ID mismatch detected,0,0,-1,,
2026-03-22T13:20:18.316576,3419,144,error,high,lua,Lua error [FRAME_DESYNC]: Severe frame ID mismatch detected,0,0,-1,,
2026-03-22T13:20:22.953167,3419,62,error,high,lua,Lua error [FRAME_DESYNC]: Severe frame ID mismatch detected,0,0,-1,,
2026-03-22T13:20:30.430116,3420,104,error,high,lua,Lua error [FRAME_DESYNC]: Severe frame ID mismatch detected,0,0,-1,,
2026-03-22T13:20:51.916751,3423,46,error,high,lua,Lua error [FRAME_DESYNC]: Severe frame ID mismatch detected,0,0,-1,,
2026-03-22T13:21:04.886384,3424,186,error,high,lua,Lua error [FRAME_DESYNC]: Severe frame ID mismatch detected,0,0,-1,,
2026-03-22T13:21:08.811052,3424,51,error,high,lua,Lua error [FRAME_DESYNC]: Severe frame ID mismatch detected,0,0,-1,,
2026-03-22T13:21:11.955487,3425,38,error,high,lua,Lua error [FRAME_DESYNC]: Severe frame ID mismatch detected,0,0,-1,,
2026-03-22T13:21:27.830616,3426,230,error,high,lua,Lua error [FRAME_DESYNC]: Severe frame ID mismatch detected,0,0,-1,,
2026-03-22T13:21:41.555815,3427,198,error,high,lua,Lua error [FRAME_DESYNC]: Severe frame ID mismatch detected,0,0,-1,,
2026-03-22T13:21:46.815018,3428,46,error,high,lua,Lua error [FRAME_DESYNC]: Severe frame ID mismatch detected,0,0,-1,,
2026-03-22T13:22:10.748036,3429,350,error,high,lua,Lua error [FRAME_DESYNC]: Severe frame ID mismatch detected,0,0,-1,,
2026-03-22T13:22:20.475103,3430,100,error,high,lua,Lua error [FRAME_DESYNC]: Severe frame ID mismatch detected,0,0,-1,,
2026-03-22T13:22:29.476620,3431,126,error,high,lua,Lua error [FRAME_DESYNC]: Severe frame ID mismatch detected,0,0,-1,,
2026-03-22T13:23:13.287202,3433,253,error,high,lua,Lua error [FRAME_DESYNC]: Severe frame ID mismatch detected,0,0,-1,,
2026-03-22T13:23:42.106713,3435,43,error,high,lua,Lua error [FRAME_DESYNC]: Severe frame ID mismatch detected,0,0,-1,,
2026-03-22T13:24:02.156833,3436,292,error,high,lua,Lua error [FRAME_DESYNC]: Severe frame ID mismatch detected,0,0,-1,,
2026-03-22T13:24:20.160974,3437,261,error,high,lua,Lua error [FRAME_DESYNC]: Severe frame ID mismatch detected,0,0,-1,,
2026-03-22T13:24:38.961765,3439,243,error,high,lua,Lua error [FRAME_DESYNC]: Severe frame ID mismatch detected,0,0,-1,,
2026-03-22T13:24:51.558269,3440,181,error,high,lua,Lua error [FRAME_DESYNC]: Severe frame ID mismatch detected,0,0,-1,,
2026-03-22T13:25:00.249861,3440,122,error,high,lua,Lua error [FRAME_DESYNC]: Severe frame ID mismatch detected,0,0,-1,,
2026-03-22T13:25:05.052281,3441,48,error,high,lua,Lua error [FRAME_DESYNC]: Severe frame ID mismatch detected,0,0,-1,,
2026-03-22T13:25:28.236181,3442,339,error,high,lua,Lua error [FRAME_DESYNC]: Severe frame ID mismatch detected,0,0,-1,,
2026-03-22T13:26:11.691315,3444,217,error,high,lua,Lua error [FRAME_DESYNC]: Severe frame ID mismatch detected,0,0,-1,,
2026-03-22T13:26:15.328099,3445,45,error,high,lua,Lua error [FRAME_DESYNC]: Severe frame ID mismatch detected,0,0,-1,,
2026-03-22T13:26:32.048462,3446,242,error,high,lua,Lua error [FRAME_DESYNC]: Severe frame ID mismatch detected,0,0,-1,,
2026-03-22T13:26:40.793713,3447,122,error,high,lua,Lua error [FRAME_DESYNC]: Severe frame ID mismatch detected,0,0,-1,,
2026-03-22T13:27:24.322600,3450,51,error,high,lua,Lua error [FRAME_DESYNC]: Severe frame ID mismatch detected,0,0,-1,,
2026-03-22T13:27:28.647540,3451,55,error,high,lua,Lua error [FRAME_DESYNC]: Severe frame ID mismatch detected,0,0,-1,,
2026-03-22T13:27:32.258125,3452,46,error,high,lua,Lua error [FRAME_DESYNC]: Severe frame ID mismatch detected,0,0,-1,,
2026-03-22T13:27:37.172273,3453,65,error,high,lua,Lua error [FRAME_DESYNC]: Severe frame ID mismatch detected,0,0,-1,,
2026-03-22T13:27:57.289725,3454,294,error,high,lua,Lua error [FRAME_DESYNC]: Severe frame ID mismatch detected,0,0,-1,,
2026-03-22T13:28:03.938918,3455,56,error,high,lua,Lua error [FRAME_DESYNC]: Severe frame ID mismatch detected,0,0,-1,,
2026-03-22T13:28:07.865542,3457,49,error,high,lua,Lua error [FRAME_DESYNC]: Severe frame ID mismatch detected,0,0,-1,,
2026-03-22T13:28:44.654551,3459,170,error,high,lua,Lua error [FRAME_DESYNC]: Severe frame ID mismatch detected,0,0,-1,,
2026-03-22T13:28:58.488991,3460,198,error,high,lua,Lua error [FRAME_DESYNC]: Severe frame ID mismatch detected,0,0,-1,,
2026-03-22T13:29:08.049896,3461,111,error,high,lua,Lua error [FRAME_DESYNC]: Severe frame ID mismatch detected,0,0,-1,,
2026-03-22T13:29:12.659238,3463,61,error,high,lua,Lua error [FRAME_DESYNC]: Severe frame ID mismatch detected,0,0,-1,,
2026-03-22T13:29:31.950655,3464,252,error,high,lua,Lua error [FRAME_DESYNC]: Severe frame ID mismatch detected,0,0,-1,,
2026-03-22T13:29:39.779948,3464,110,error,high,lua,Lua error [FRAME_DESYNC]: Severe frame ID mismatch detected,0,0,-1,,
2026-03-22T13:29:57.618006,3465,258,error,high,lua,Lua error [FRAME_DESYNC]: Severe frame ID mismatch detected,0,0,-1,,
2026-03-22T13:30:12.981559,3467,193,error,high,lua,Lua error [FRAME_DESYNC]: Severe frame ID mismatch detected,0,0,-1,,
2026-03-22T13:30:36.419086,3467,344,error,high,lua,Lua error [FRAME_DESYNC]: Severe frame ID mismatch detected,0,0,-1,,
2026-03-22T13:31:04.257847,3469,108,error,high,lua,Lua error [FRAME_DESYNC]: Severe frame ID mismatch detected,0,0,-1,,
2026-03-22T13:31:15.601033,3471,161,error,high,lua,Lua error [FRAME_DESYNC]: Severe frame ID mismatch detected,0,0,-1,,
2026-03-22T13:31:54.140382,3472,307,error,high,lua,Lua error [FRAME_DESYNC]: Severe frame ID mismatch detected,0,0,-1,,
2026-03-22T13:32:30.230942,3473,500,error,high,lua,Lua error [FRAME_DESYNC]: Severe frame ID mismatch detected,0,0,-1,,
2026-03-22T13:32:42.810070,3474,129,error,high,lua,Lua error [FRAME_DESYNC]: Severe frame ID mismatch detected,0,0,-1,,
2026-03-22T13:33:15.106005,3476,296,error,high,lua,Lua error [FRAME_DESYNC]: Severe frame ID mismatch detected,0,0,-1,,
2026-03-22T13:33:26.359971,3477,127,error,high,lua,Lua error [FRAME_DESYNC]: Severe frame ID mismatch detected,0,0,-1,,
2026-03-22T13:33:29.515618,3478,39,error,high,lua,Lua error [FRAME_DESYNC]: Severe frame ID mismatch detected,0,0,-1,,
2026-03-22T13:33:55.462093,3480,41,error,high,lua,Lua error [FRAME_DESYNC]: Severe frame ID mismatch detected,0,0,-1,,
2026-03-22T13:34:05.212904,3481,131,error,high,lua,Lua error [FRAME_DESYNC]: Severe frame ID mismatch detected,0,0,-1,,
2026-03-22T13:34:09.233065,3482,51,error,high,lua,Lua error [FRAME_DESYNC]: Severe frame ID mismatch detected,0,0,-1,,
2026-03-22T13:34:24.480240,3483,220,error,high,lua,Lua error [FRAME_DESYNC]: Severe frame ID mismatch detected,0,0,-1,,
2026-03-22T13:34:50.414757,3485,105,error,high,lua,Lua error [FRAME_DESYNC]: Severe frame ID mismatch detected,0,0,-1,,
2026-03-22T13:35:09.911733,3488,44,error,high,lua,Lua error [FRAME_DESYNC]: Severe frame ID mismatch detected,0,0,-1,,
2026-03-22T13:35:21.080434,3488,159,error,high,lua,Lua error [FRAME_DESYNC]: Severe frame ID mismatch detected,0,0,-1,,
2026-03-22T13:35:35.989096,3489,215,error,high,lua,Lua error [FRAME_DESYNC]: Severe frame ID mismatch detected,0,0,-1,,
2026-03-22T13:36:21.264268,3491,155,error,high,lua,Lua error [FRAME_DESYNC]: Severe frame ID mismatch detected,0,0,-1,,
2026-03-22T13:36:39.907675,3492,270,error,high,lua,Lua error [FRAME_DESYNC]: Severe frame ID mismatch detected,0,0,-1,,
2026-03-22T13:36:43.163896,3493,40,error,high,lua,Lua error [FRAME_DESYNC]: Severe frame ID mismatch detected,0,0,-1,,
2026-03-22T13:38:02.685110,3497,45,error,high,lua,Lua error [FRAME_DESYNC]: Severe frame ID mismatch detected,0,0,-1,,
2026-03-22T13:38:11.723048,3499,126,error,high,lua,Lua error [FRAME_DESYNC]: Severe frame ID mismatch detected,0,0,-1,,
2026-03-22T13:38:47.578891,3500,300,error,high,lua,Lua error [FRAME_DESYNC]: Severe frame ID mismatch detected,0,0,-1,,
2026-03-22T13:39:07.289310,3501,254,error,high,lua,Lua error [FRAME_DESYNC]: Severe frame ID mismatch detected,0,0,-1,,
2026-03-22T13:39:25.260525,3502,260,error,high,lua,Lua error [FRAME_DESYNC]: Severe frame ID mismatch detected,0,0,-1,,
2026-03-22T13:39:51.234461,3503,351,error,high,lua,Lua error [FRAME_DESYNC]: Severe frame ID mismatch detected,0,0,-1,,
2026-03-22T13:39:58.288021,3504,58,error,high,lua,Lua error [FRAME_DESYNC]: Severe frame ID mismatch detected,0,0,-1,,
2026-03-22T13:40:04.278131,3505,81,error,high,lua,Lua error [FRAME_DESYNC]: Severe frame ID mismatch detected,0,0,-1,,
2026-03-22T13:40:16.665574,3506,176,error,high,lua,Lua error [FRAME_DESYNC]: Severe frame ID mismatch detected,0,0,-1,,
2026-03-22T13:41:02.354529,3509,441,error,high,lua,Lua error [FRAME_DESYNC]: Severe frame ID mismatch detected,0,0,-1,,
2026-03-22T13:41:21.921506,3509,286,error,high,lua,Lua error [FRAME_DESYNC]: Severe frame ID mismatch detected,0,0,-1,,
2026-03-22T13:41:38.288738,3510,204,error,high,lua,Lua error [FRAME_DESYNC]: Severe frame ID mismatch detected,0,0,-1,,
2026-03-22T13:41:43.269958,3511,66,error,high,lua,Lua error [FRAME_DESYNC]: Severe frame ID mismatch detected,0,0,-1,,
2026-03-22T13:42:03.605401,3512,296,error,high,lua,Lua error [FRAME_DESYNC]: Severe frame ID mismatch detected,0,0,-1,,
2026-03-22T13:42:17.612372,3513,169,error,high,lua,Lua error [FRAME_DESYNC]: Severe frame ID mismatch detected,0,0,-1,,
2026-03-22T13:42:33.681540,3514,232,error,high,lua,Lua error [FRAME_DESYNC]: Severe frame ID mismatch detected,0,0,-1,,
2026-03-22T13:42:46.907858,3515,164,error,high,lua,Lua error [FRAME_DESYNC]: Severe frame ID mismatch detected,0,0,-1,,
2026-03-22T13:42:54.935442,3516,111,error,high,lua,Lua error [FRAME_DESYNC]: Severe frame ID mismatch detected,0,0,-1,,
2026-03-22T13:43:18.023987,3517,337,error,high,lua,Lua error [FRAME_DESYNC]: Severe frame ID mismatch detected,0,0,-1,,
2026-03-22T13:43:24.229551,3518,47,error,high,lua,Lua error [FRAME_DESYNC]: Severe frame ID mismatch detected,0,0,-1,,
2026-03-22T13:43:48.489106,3519,355,error,high,lua,Lua error [FRAME_DESYNC]: Severe frame ID mismatch detected,0,0,-1,,
2026-03-22T13:44:06.643219,3520,223,error,high,lua,Lua error [FRAME_DESYNC]: Severe frame ID mismatch detected,0,0,-1,,
2026-03-22T13:44:11.900636,3521,45,error,high,lua,Lua error [FRAME_DESYNC]: Severe frame ID mismatch detected,0,0,-1,,
2026-03-22T13:44:24.502752,3522,180,error,high,lua,Lua error [FRAME_DESYNC]: Severe frame ID mismatch detected,0,0,-1,,
2026-03-22T13:44:32.100521,3523,106,error,high,lua,Lua error [FRAME_DESYNC]: Severe frame ID mismatch detected,0,0,-1,,
2026-03-22T13:44:35.661653,3524,44,error,high,lua,Lua error [FRAME_DESYNC]: Severe frame ID mismatch detected,0,0,-1,,
2026-03-22T13:44:41.101920,3525,73,error,high,lua,Lua error [FRAME_DESYNC]: Severe frame ID mismatch detected,0,0,-1,,
2026-03-22T13:44:44.512925,3526,42,error,high,lua,Lua error [FRAME_DESYNC]: Severe frame ID mismatch detected,0,0,-1,,
2026-03-22T13:44:54.696397,3527,144,error,high,lua,Lua error [FRAME_DESYNC]: Severe frame ID mismatch detected,0,0,-1,,
2026-03-22T13:44:58.723457,3528,51,error,high,lua,Lua error [FRAME_DESYNC]: Severe frame ID mismatch detected,0,0,-1,,
2026-03-22T13:45:12.633267,3529,199,error,high,lua,Lua error [FRAME_DESYNC]: Severe frame ID mismatch detected,0,0,-1,,
2026-03-22T13:45:32.485832,3531,258,error,high,lua,Lua error [FRAME_DESYNC]: Severe frame ID mismatch detected,0,0,-1,,
2026-03-22T13:45:42.219889,3532,137,error,high,lua,Lua error [FRAME_DESYNC]: Severe frame ID mismatch detected,0,0,-1,,
2026-03-22T13:46:09.734066,3532,405,error,high,lua,Lua error [FRAME_DESYNC]: Severe frame ID mismatch detected,0,0,-1,,
2026-03-22T13:46:25.529673,3533,184,error,high,lua,Lua error [FRAME_DESYNC]: Severe frame ID mismatch detected,0,0,-1,,
2026-03-22T13:46:33.876323,3534,94,error,high,lua,Lua error [FRAME_DESYNC]: Severe frame ID mismatch detected,0,0,-1,,
2026-03-22T13:46:42.412276,3535,119,error,high,lua,Lua error [FRAME_DESYNC]: Severe frame ID mismatch detected,0,0,-1,,
2026-03-22T13:47:26.872934,3538,99,error,high,lua,Lua error [FRAME_DESYNC]: Severe frame ID mismatch detected,0,0,-1,,
2026-03-22T13:47:36.805389,3539,141,error,high,lua,Lua error [FRAME_DESYNC]: Severe frame ID mismatch detected,0,0,-1,,
2026-03-22T13:47:46.340309,3540,134,error,high,lua,Lua error [FRAME_DESYNC]: Severe frame ID mismatch detected,0,0,-1,,
2026-03-22T13:48:05.432654,3541,260,error,high,lua,Lua error [FRAME_DESYNC]: Severe frame ID mismatch detected,0,0,-1,,
2026-03-22T13:48:08.786653,3542,42,error,high,lua,Lua error [FRAME_DESYNC]: Severe frame ID mismatch detected,0,0,-1,,
2026-03-22T13:48:14.899696,3543,83,error,high,lua,Lua error [FRAME_DESYNC]: Severe frame ID mismatch detected,0,0,-1,,
2026-03-22T13:48:41.382331,3544,388,error,high,lua,Lua error [FRAME_DESYNC]: Severe frame ID mismatch detected,0,0,-1,,
2026-03-22T13:48:54.360420,3545,142,error,high,lua,Lua error [FRAME_DESYNC]: Severe frame ID mismatch detected,0,0,-1,,
2026-03-22T13:48:57.688836,3546,40,error,high,lua,Lua error [FRAME_DESYNC]: Severe frame ID mismatch detected,0,0,-1,,
2026-03-22T13:49:23.279026,3548,141,error,high,lua,Lua error [FRAME_DESYNC]: Severe frame ID mismatch detected,0,0,-1,,
2026-03-22T13:49:31.715072,3549,117,error,high,lua,Lua error [FRAME_DESYNC]: Severe frame ID mismatch detected,0,0,-1,,
2026-03-22T13:49:37.106949,3550,71,error,high,lua,Lua error [FRAME_DESYNC]: Severe frame ID mismatch detected,0,0,-1,,
2026-03-22T13:49:57.456069,3551,296,error,high,lua,Lua error [FRAME_DESYNC]: Severe frame ID mismatch detected,0,0,-1,,
2026-03-22T13:50:23.662729,3552,352,error,high,lua,Lua error [FRAME_DESYNC]: Severe frame ID mismatch detected,0,0,-1,,
2026-03-22T13:50:33.884334,3553,108,error,high,lua,Lua error [FRAME_DESYNC]: Severe frame ID mismatch detected,0,0,-1,,
2026-03-22T13:50:49.951939,3555,233,error,high,lua,Lua error [FRAME_DESYNC]: Severe frame ID mismatch detected,0,0,-1,,
2026-03-22T13:51:07.590332,3555,257,error,high,lua,Lua error [FRAME_DESYNC]: Severe frame ID mismatch detected,0,0,-1,,
2026-03-22T13:51:11.357713,3556,48,error,high,lua,Lua error [FRAME_DESYNC]: Severe frame ID mismatch detected,0,0,-1,,
2026-03-22T13:51:15.315472,3557,50,error,high,lua,Lua error [FRAME_DESYNC]: Severe frame ID mismatch detected,0,0,-1,,
2026-03-22T13:51:23.845903,3558,119,error,high,lua,Lua error [FRAME_DESYNC]: Severe frame ID mismatch detected,0,0,-1,,
2026-03-22T13:51:36.662933,3560,183,error,high,lua,Lua error [FRAME_DESYNC]: Severe frame ID mismatch detected,0,0,-1,,
2026-03-22T13:51:45.447704,3560,124,error,high,lua,Lua error [FRAME_DESYNC]: Severe frame ID mismatch detected,0,0,-1,,
2026-03-22T13:51:53.785897,3561,101,error,high,lua,Lua error [FRAME_DESYNC]: Severe frame ID mismatch detected,0,0,-1,,
2026-03-22T13:52:19.787167,3562,382,error,high,lua,Lua error [FRAME_DESYNC]: Severe frame ID mismatch detected,0,0,-1,,
2026-03-22T13:52:26.791257,3563,55,error,high,lua,Lua error [FRAME_DESYNC]: Severe frame ID mismatch detected,0,0,-1,,
2026-03-22T13:52:37.641074,3564,154,error,high,lua,Lua error [FRAME_DESYNC]: Severe frame ID mismatch detected,0,0,-1,,
2026-03-22T13:53:08.390201,3566,197,error,high,lua,Lua error [FRAME_DESYNC]: Severe frame ID mismatch detected,0,0,-1,,
2026-03-22T13:53:16.842184,3567,119,error,high,lua,Lua error [FRAME_DESYNC]: Severe frame ID mismatch detected,0,0,-1,,
2026-03-22T13:54:00.554000,3569,302,error,high,lua,Lua error [FRAME_DESYNC]: Severe frame ID mismatch detected,0,0,-1,,
2026-03-22T13:54:18.274405,3570,225,error,high,lua,Lua error [FRAME_DESYNC]: Severe frame ID mismatch detected,0,0,-1,,
2026-03-22T13:54:23.797658,3571,46,error,high,lua,Lua error [FRAME_DESYNC]: Severe frame ID mismatch detected,0,0,-1,,
2026-03-22T13:54:38.706463,3572,214,error,high,lua,Lua error [FRAME_DESYNC]: Severe frame ID mismatch detected,0,0,-1,,
2026-03-22T13:54:42.150341,3573,43,error,high,lua,Lua error [FRAME_DESYNC]: Severe frame ID mismatch detected,0,0,-1,,
2026-03-22T13:54:55.230274,3574,188,error,high,lua,Lua error [FRAME_DESYNC]: Severe frame ID mismatch detected,0,0,-1,,
2026-03-22T13:55:33.897657,3576,390,error,high,lua,Lua error [FRAME_DESYNC]: Severe frame ID mismatch detected,0,0,-1,,
2026-03-22T13:55:41.802122,3577,67,error,high,lua,Lua error [FRAME_DESYNC]: Severe frame ID mismatch detected,0,0,-1,,
2026-03-22T13:56:09.656150,3579,182,error,high,lua,Lua error [FRAME_DESYNC]: Severe frame ID mismatch detected,0,0,-1,,
2026-03-22T13:56:14.686017,3580,67,error,high,lua,Lua error [FRAME_DESYNC]: Severe frame ID mismatch detected,0,0,-1,,
2026-03-22T13:56:31.319256,3581,230,error,high,lua,Lua error [FRAME_DESYNC]: Severe frame ID mismatch detected,0,0,-1,,
2026-03-22T13:56:34.703391,3582,42,error,high,lua,Lua error [FRAME_DESYNC]: Severe frame ID mismatch detected,0,0,-1,,
2026-03-22T13:56:39.445341,3583,62,error,high,lua,Lua error [FRAME_DESYNC]: Severe frame ID mismatch detected,0,0,-1,,
2026-03-22T13:56:46.115714,3585,91,error,high,lua,Lua error [FRAME_DESYNC]: Severe frame ID mismatch detected,0,0,-1,,
2026-03-22T13:57:26.228361,3586,298,error,high,lua,Lua error [FRAME_DESYNC]: Severe frame ID mismatch detected,0,0,-1,,
2026-03-22T13:58:14.697649,3588,453,error,high,lua,Lua error [FRAME_DESYNC]: Severe frame ID mismatch detected,0,0,-1,,
2026-03-22T13:58:49.771718,3590,423,error,high,lua,Lua error [FRAME_DESYNC]: Severe frame ID mismatch detected,0,0,-1,,
2026-03-22T13:58:53.950427,3590,54,error,high,lua,Lua error [FRAME_DESYNC]: Severe frame ID mismatch detected,0,0,-1,,
2026-03-22T13:59:01.355195,3591,103,error,high,lua,Lua error [FRAME_DESYNC]: Severe frame ID mismatch detected,0,0,-1,,
2026-03-22T13:59:13.590119,3592,174,error,high,lua,Lua error [FRAME_DESYNC]: Severe frame ID mismatch detected,0,0,-1,,
2026-03-22T13:59:22.552290,3593,125,error,high,lua,Lua error [FRAME_DESYNC]: Severe frame ID mismatch detected,0,0,-1,,
2026-03-22T13:59:37.561489,3594,216,error,high,lua,Lua error [FRAME_DESYNC]: Severe frame ID mismatch detected,0,0,-1,,
2026-03-22T13:59:53.502026,3595,231,error,high,lua,Lua error [FRAME_DESYNC]: Severe frame ID mismatch detected,0,0,-1,,
2026-03-22T14:00:16.231884,3596,333,error,high,lua,Lua error [FRAME_DESYNC]: Severe frame ID mismatch detected,0,0,-1,,
2026-03-22T14:00:56.131265,3598,357,error,high,lua,Lua error [FRAME_DESYNC]: Severe frame ID mismatch detected,0,0,-1,,
2026-03-22T14:02:26.663399,3603,220,error,high,lua,Lua error [FRAME_DESYNC]: Severe frame ID mismatch detected,0,0,-1,,
2026-03-22T14:02:40.879428,3604,205,error,high,lua,Lua error [FRAME_DESYNC]: Severe frame ID mismatch detected,0,0,-1,,
2026-03-22T14:02:51.523793,3605,151,error,high,lua,Lua error [FRAME_DESYNC]: Severe frame ID mismatch detected,0,0,-1,,
2026-03-22T14:03:05.517188,3606,201,error,high,lua,Lua error [FRAME_DESYNC]: Severe frame ID mismatch detected,0,0,-1,,
2026-03-22T14:03:24.302143,3607,273,error,high,lua,Lua error [FRAME_DESYNC]: Severe frame ID mismatch detected,0,0,-1,,
2026-03-22T14:03:29.810152,3608,41,error,high,lua,Lua error [FRAME_DESYNC]: Severe frame ID mismatch detected,0,0,-1,,
2026-03-22T14:03:32.970198,3609,38,error,high,lua,Lua error [FRAME_DESYNC]: Severe frame ID mismatch detected,0,0,-1,,
2026-03-22T14:03:36.281874,3610,41,error,high,lua,Lua error [FRAME_DESYNC]: Severe frame ID mismatch detected,0,0,-1,,
2026-03-22T14:04:05.297433,3612,68,error,high,lua,Lua error [FRAME_DESYNC]: Severe frame ID mismatch detected,0,0,-1,,
2026-03-22T14:04:28.905960,3613,346,error,high,lua,Lua error [FRAME_DESYNC]: Severe frame ID mismatch detected,0,0,-1,,
2026-03-22T14:04:41.495927,3614,143,error,high,lua,Lua error [FRAME_DESYNC]: Severe frame ID mismatch detected,0,0,-1,,
2026-03-22T14:04:46.354653,3615,63,error,high,lua,Lua error [FRAME_DESYNC]: Severe frame ID mismatch detected,0,0,-1,,
2026-03-22T14:04:59.671748,3616,191,error,high,lua,Lua error [FRAME_DESYNC]: Severe frame ID mismatch detected,0,0,-1,,
2026-03-22T14:05:12.883819,3617,189,error,high,lua,Lua error [FRAME_DESYNC]: Severe frame ID mismatch detected,0,0,-1,,
2026-03-22T14:05:35.290939,3619,50,error,high,lua,Lua error [FRAME_DESYNC]: Severe frame ID mismatch detected,0,0,-1,,
2026-03-22T14:06:17.220321,3621,398,error,high,lua,Lua error [FRAME_DESYNC]: Severe frame ID mismatch detected,0,0,-1,,
2026-03-22T14:06:23.765412,3622,44,error,high,lua,Lua error [FRAME_DESYNC]: Severe frame ID mismatch detected,0,0,-1,,
2026-03-22T14:06:37.711276,3624,200,error,high,lua,Lua error [FRAME_DESYNC]: Severe frame ID mismatch detected,0,0,-1,,
2026-03-22T14:06:55.257883,3624,255,error,high,lua,Lua error [FRAME_DESYNC]: Severe frame ID mismatch detected,0,0,-1,,
2026-03-22T14:07:10.737863,3625,195,error,high,lua,Lua error [FRAME_DESYNC]: Severe frame ID mismatch detected,0,0,-1,,
2026-03-22T14:07:16.406213,3626,53,error,high,lua,Lua error [FRAME_DESYNC]: Severe frame ID mismatch detected,0,0,-1,,
2026-03-22T14:07:48.940996,3628,271,error,high,lua,Lua error [FRAME_DESYNC]: Severe frame ID mismatch detected,0,0,-1,,
2026-03-22T14:07:54.825997,3629,79,error,high,lua,Lua error [FRAME_DESYNC]: Severe frame ID mismatch detected,0,0,-1,,
2026-03-22T14:07:58.491871,3630,46,error,high,lua,Lua error [FRAME_DESYNC]: Severe frame ID mismatch detected,0,0,-1,,
2026-03-22T14:08:11.354241,3631,184,error,high,lua,Lua error [FRAME_DESYNC]: Severe frame ID mismatch detected,0,0,-1,,
2026-03-22T14:08:14.958321,3632,44,error,high,lua,Lua error [FRAME_DESYNC]: Severe frame ID mismatch detected,0,0,-1,,
2026-03-22T14:08:39.084987,3634,49,error,high,lua,Lua error [FRAME_DESYNC]: Severe frame ID mismatch detected,0,0,-1,,
2026-03-22T14:08:49.718193,3635,151,error,high,lua,Lua error [FRAME_DESYNC]: Severe frame ID mismatch detected,0,0,-1,,
2026-03-22T14:08:54.050208,3636,56,error,high,lua,Lua error [FRAME_DESYNC]: Severe frame ID mismatch detected,0,0,-1,,
2026-03-22T14:09:40.183995,3639,151,error,high,lua,Lua error [FRAME_DESYNC]: Severe frame ID mismatch detected,0,0,-1,,
2026-03-22T14:10:08.409631,3640,415,error,high,lua,Lua error [FRAME_DESYNC]: Severe frame ID mismatch detected,0,0,-1,,
2026-03-22T14:10:28.620237,3641,249,error,high,lua,Lua error [FRAME_DESYNC]: Severe frame ID mismatch detected,0,0,-1,,
2026-03-22T14:10:43.419599,3642,214,error,high,lua,Lua error [FRAME_DESYNC]: Severe frame ID mismatch detected,0,0,-1,,
2026-03-22T14:10:47.429906,3643,51,error,high,lua,Lua error [FRAME_DESYNC]: Severe frame ID mismatch detected,0,0,-1,,
2026-03-22T14:10:58.005399,3644,150,error,high,lua,Lua error [FRAME_DESYNC]: Severe frame ID mismatch detected,0,0,-1,,
2026-03-22T14:11:20.417895,3645,328,error,high,lua,Lua error [FRAME_DESYNC]: Severe frame ID mismatch detected,0,0,-1,,
2026-03-22T14:11:47.723569,3647,54,error,high,lua,Lua error [FRAME_DESYNC]: Severe frame ID mismatch detected,0,0,-1,,
2026-03-22T14:12:11.299878,3648,346,error,high,lua,Lua error [FRAME_DESYNC]: Severe frame ID mismatch detected,0,0,-1,,
2026-03-22T14:12:22.065849,3649,115,error,high,lua,Lua error [FRAME_DESYNC]: Severe frame ID mismatch detected,0,0,-1,,
2026-03-22T14:12:35.875856,3650,198,error,high,lua,Lua error [FRAME_DESYNC]: Severe frame ID mismatch detected,0,0,-1,,
2026-03-22T14:12:53.913677,3651,262,error,high,lua,Lua error [FRAME_DESYNC]: Severe frame ID mismatch detected,0,0,-1,,
2026-03-22T14:13:02.098843,3652,114,error,high,lua,Lua error [FRAME_DESYNC]: Severe frame ID mismatch detected,0,0,-1,,
2026-03-22T14:13:05.659911,3653,45,error,high,lua,Lua error [FRAME_DESYNC]: Severe frame ID mismatch detected,0,0,-1,,
2026-03-22T14:13:50.624525,3656,41,error,high,lua,Lua error [FRAME_DESYNC]: Severe frame ID mismatch detected,0,0,-1,,
2026-03-22T14:14:06.745260,3658,233,error,high,lua,Lua error [FRAME_DESYNC]: Severe frame ID mismatch detected,0,0,-1,,
2026-03-22T14:14:32.821695,3658,383,error,high,lua,Lua error [FRAME_DESYNC]: Severe frame ID mismatch detected,0,0,-1,,
2026-03-22T14:14:41.716969,3659,125,error,high,lua,Lua error [FRAME_DESYNC]: Severe frame ID mismatch detected,0,0,-1,,
2026-03-22T14:15:04.379550,3660,332,error,high,lua,Lua error [FRAME_DESYNC]: Severe frame ID mismatch detected,0,0,-1,,
2026-03-22T14:15:53.648755,3662,389,error,high,lua,Lua error [FRAME_DESYNC]: Severe frame ID mismatch detected,0,0,-1,,
2026-03-22T14:15:59.655180,3663,39,error,high,lua,Lua error [FRAME_DESYNC]: Severe frame ID mismatch detected,0,0,-1,,
2026-03-22T14:16:21.718230,3664,322,error,high,lua,Lua error [FRAME_DESYNC]: Severe frame ID mismatch detected,0,0,-1,,
2026-03-22T14:16:27.524649,3666,44,error,high,lua,Lua error [FRAME_DESYNC]: Severe frame ID mismatch detected,0,0,-1,,
2026-03-22T14:16:49.123265,3666,316,error,high,lua,Lua error [FRAME_DESYNC]: Severe frame ID mismatch detected,0,0,-1,,
2026-03-22T14:17:03.719009,3667,210,error,high,lua,Lua error [FRAME_DESYNC]: Severe frame ID mismatch detected,0,0,-1,,
2026-03-22T14:17:07.197253,3669,43,error,high,lua,Lua error [FRAME_DESYNC]: Severe frame ID mismatch detected,0,0,-1,,
2026-03-22T14:17:14.530404,3669,102,error,high,lua,Lua error [FRAME_DESYNC]: Severe frame ID mismatch detected,0,0,-1,,
2026-03-22T14:17:25.314201,3670,153,error,high,lua,Lua error [FRAME_DESYNC]: Severe frame ID mismatch detected,0,0,-1,,
2026-03-22T14:17:47.482054,3671,324,error,high,lua,Lua error [FRAME_DESYNC]: Severe frame ID mismatch detected,0,0,-1,,
2026-03-22T14:18:15.246612,3672,369,error,high,lua,Lua error [FRAME_DESYNC]: Severe frame ID mismatch detected,0,0,-1,,
2026-03-22T14:18:25.678910,3673,105,error,high,lua,Lua error [FRAME_DESYNC]: Severe frame ID mismatch detected,0,0,-1,,
2026-03-22T14:18:29.145916,3674,42,error,high,lua,Lua error [FRAME_DESYNC]: Severe frame ID mismatch detected,0,0,-1,,
2026-03-22T14:18:48.348255,3675,279,error,high,lua,Lua error [FRAME_DESYNC]: Severe frame ID mismatch detected,0,0,-1,,
2026-03-22T14:18:58.674918,3676,147,error,high,lua,Lua error [FRAME_DESYNC]: Severe frame ID mismatch detected,0,0,-1,,
2026-03-22T14:19:16.650855,3677,262,error,high,lua,Lua error [FRAME_DESYNC]: Severe frame ID mismatch detected,0,0,-1,,
2026-03-22T14:19:22.591935,3678,51,error,high,lua,Lua error [FRAME_DESYNC]: Severe frame ID mismatch detected,0,0,-1,,
2026-03-22T14:19:30.529485,3679,110,error,high,lua,Lua error [FRAME_DESYNC]: Severe frame ID mismatch detected,0,0,-1,,
2026-03-22T14:20:01.121188,3681,197,error,high,lua,Lua error [FRAME_DESYNC]: Severe frame ID mismatch detected,0,0,-1,,
2026-03-22T14:20:14.664832,3682,172,error,high,lua,Lua error [FRAME_DESYNC]: Severe frame ID mismatch detected,0,0,-1,,
2026-03-22T14:20:18.142739,3683,43,error,high,lua,Lua error [FRAME_DESYNC]: Severe frame ID mismatch detected,0,0,-1,,
2026-03-22T14:20:22.052965,3684,50,error,high,lua,Lua error [FRAME_DESYNC]: Severe frame ID mismatch detected,0,0,-1,,
2026-03-22T14:20:35.879936,3685,199,error,high,lua,Lua error [FRAME_DESYNC]: Severe frame ID mismatch detected,0,0,-1,,
2026-03-22T14:20:46.078420,3686,121,error,high,lua,Lua error [FRAME_DESYNC]: Severe frame ID mismatch detected,0,0,-1,,
2026-03-22T14:21:04.266104,3687,265,error,high,lua,Lua error [FRAME_DESYNC]: Severe frame ID mismatch detected,0,0,-1,,
2026-03-22T14:21:21.653818,3688,253,error,high,lua,Lua error [FRAME_DESYNC]: Severe frame ID mismatch detected,0,0,-1,,
2026-03-22T14:21:32.859182,3689,130,error,high,lua,Lua error [FRAME_DESYNC]: Severe frame ID mismatch detected,0,0,-1,,
2026-03-22T14:21:36.735151,3690,49,error,high,lua,Lua error [FRAME_DESYNC]: Severe frame ID mismatch detected,0,0,-1,,
2026-03-22T14:21:41.072679,3692,57,error,high,lua,Lua error [FRAME_DESYNC]: Severe frame ID mismatch detected,0,0,-1,,
2026-03-22T14:22:06.912859,3692,380,error,high,lua,Lua error [FRAME_DESYNC]: Severe frame ID mismatch detected,0,0,-1,,
2026-03-22T14:22:13.102556,3693,43,error,high,lua,Lua error [FRAME_DESYNC]: Severe frame ID mismatch detected,0,0,-1,,
2026-03-22T14:22:25.632849,3694,179,error,high,lua,Lua error [FRAME_DESYNC]: Severe frame ID mismatch detected,0,0,-1,,
2026-03-22T14:22:29.974352,3695,56,error,high,lua,Lua error [FRAME_DESYNC]: Severe frame ID mismatch detected,0,0,-1,,
2026-03-22T14:22:56.247160,3697,52,error,high,lua,Lua error [FRAME_DESYNC]: Severe frame ID mismatch detected,0,0,-1,,
2026-03-22T14:23:11.704879,3698,223,error,high,lua,Lua error [FRAME_DESYNC]: Severe frame ID mismatch detected,0,0,-1,,
2026-03-22T14:23:34.949606,3699,340,error,high,lua,Lua error [FRAME_DESYNC]: Severe frame ID mismatch detected,0,0,-1,,
2026-03-22T14:23:57.246287,3700,326,error,high,lua,Lua error [FRAME_DESYNC]: Severe frame ID mismatch detected,0,0,-1,,
2026-03-22T14:24:03.104667,3701,42,error,high,lua,Lua error [FRAME_DESYNC]: Severe frame ID mismatch detected,0,0,-1,,
2026-03-22T14:24:06.830546,3702,47,error,high,lua,Lua error [FRAME_DESYNC]: Severe frame ID mismatch detected,0,0,-1,,
2026-03-22T14:24:45.701396,3706,132,error,high,lua,Lua error [FRAME_DESYNC]: Severe frame ID mismatch detected,0,0,-1,,
2026-03-22T14:24:49.692399,3706,52,error,high,lua,Lua error [FRAME_DESYNC]: Severe frame ID mismatch detected,0,0,-1,,
2026-03-22T14:24:53.153345,3707,44,error,high,lua,Lua error [FRAME_DESYNC]: Severe frame ID mismatch detected,0,0,-1,,
2026-03-22T14:24:56.680579,3708,43,error,high,lua,Lua error [FRAME_DESYNC]: Severe frame ID mismatch detected,0,0,-1,,
2026-03-22T14:25:01.490841,3709,63,error,high,lua,Lua error [FRAME_DESYNC]: Severe frame ID mismatch detected,0,0,-1,,
2026-03-22T14:25:17.329956,3710,228,error,high,lua,Lua error [FRAME_DESYNC]: Severe frame ID mismatch detected,0,0,-1,,
2026-03-22T14:25:44.560677,3712,336,error,high,lua,Lua error [FRAME_DESYNC]: Severe frame ID mismatch detected,0,0,-1,,
2026-03-22T14:26:18.246684,3712,497,error,high,lua,Lua error [FRAME_DESYNC]: Severe frame ID mismatch detected,0,0,-1,,
2026-03-22T14:26:45.018025,3713,340,error,high,lua,Lua error [FRAME_DESYNC]: Severe frame ID mismatch detected,0,0,-1,,
2026-03-22T14:26:51.049101,3714,46,error,high,lua,Lua error [FRAME_DESYNC]: Severe frame ID mismatch detected,0,0,-1,,
2026-03-22T14:27:09.035327,3715,261,error,high,lua,Lua error [FRAME_DESYNC]: Severe frame ID mismatch detected,0,0,-1,,
2026-03-22T14:27:12.505777,3716,43,error,high,lua,Lua error [FRAME_DESYNC]: Severe frame ID mismatch detected,0,0,-1,,
2026-03-22T14:27:28.147318,3717,225,error,high,lua,Lua error [FRAME_DESYNC]: Severe frame ID mismatch detected,0,0,-1,,
2026-03-22T14:28:10.227720,3719,335,error,high,lua,Lua error [FRAME_DESYNC]: Severe frame ID mismatch detected,0,0,-1,,
2026-03-22T14:28:17.099503,3720,57,error,high,lua,Lua error [FRAME_DESYNC]: Severe frame ID mismatch detected,0,0,-1,,
2026-03-22T14:28:22.268472,3722,59,error,high,lua,Lua error [FRAME_DESYNC]: Severe frame ID mismatch detected,0,0,-1,,
2026-03-22T14:28:37.771286,3723,225,error,high,lua,Lua error [FRAME_DESYNC]: Severe frame ID mismatch detected,0,0,-1,,
2026-03-22T14:29:04.959171,3723,400,error,high,lua,Lua error [FRAME_DESYNC]: Severe frame ID mismatch detected,0,0,-1,,
2026-03-22T14:29:45.065472,3727,66,error,high,lua,Lua error [FRAME_DESYNC]: Severe frame ID mismatch detected,0,0,-1,,
2026-03-22T14:30:00.964230,3728,207,error,high,lua,Lua error [FRAME_DESYNC]: Severe frame ID mismatch detected,0,0,-1,,
2026-03-22T14:30:26.130828,3730,128,error,high,lua,Lua error [FRAME_DESYNC]: Severe frame ID mismatch detected,0,0,-1,,
2026-03-22T14:30:41.831525,3730,228,error,high,lua,Lua error [FRAME_DESYNC]: Severe frame ID mismatch detected,0,0,-1,,
2026-03-22T14:30:53.223627,3731,135,error,high,lua,Lua error [FRAME_DESYNC]: Severe frame ID mismatch detected,0,0,-1,,
2026-03-22T14:31:19.562900,3732,386,error,high,lua,Lua error [FRAME_DESYNC]: Severe frame ID mismatch detected,0,0,-1,,
2026-03-22T14:31:27.682638,3733,70,error,high,lua,Lua error [FRAME_DESYNC]: Severe frame ID mismatch detected,0,0,-1,,
2026-03-22T14:31:36.623512,3734,125,error,high,lua,Lua error [FRAME_DESYNC]: Severe frame ID mismatch detected,0,0,-1,,
2026-03-22T14:31:46.651880,3735,142,error,high,lua,Lua error [FRAME_DESYNC]: Severe frame ID mismatch detected,0,0,-1,,
2026-03-22T14:31:54.638492,3736,111,error,high,lua,Lua error [FRAME_DESYNC]: Severe frame ID mismatch detected,0,0,-1,,
2026-03-22T14:32:12.235186,3737,253,error,high,lua,Lua error [FRAME_DESYNC]: Severe frame ID mismatch detected,0,0,-1,,
2026-03-22T14:32:30.005969,3738,258,error,high,lua,Lua error [FRAME_DESYNC]: Severe frame ID mismatch detected,0,0,-1,,
2026-03-22T14:32:38.944806,3740,125,error,high,lua,Lua error [FRAME_DESYNC]: Severe frame ID mismatch detected,0,0,-1,,
2026-03-22T14:32:59.173909,3740,296,error,high,lua,Lua error [FRAME_DESYNC]: Severe frame ID mismatch detected,0,0,-1,,
2026-03-22T14:33:07.093704,3741,76,error,high,lua,Lua error [FRAME_DESYNC]: Severe frame ID mismatch detected,0,0,-1,,
2026-03-22T14:33:39.257701,3742,473,error,high,lua,Lua error [FRAME_DESYNC]: Severe frame ID mismatch detected,0,0,-1,,
2026-03-22T14:34:05.730235,3743,337,error,high,lua,Lua error [FRAME_DESYNC]: Severe frame ID mismatch detected,0,0,-1,,
2026-03-22T14:34:12.192120,3744,51,error,high,lua,Lua error [FRAME_DESYNC]: Severe frame ID mismatch detected,0,0,-1,,
2026-03-22T14:34:27.112010,3745,214,error,high,lua,Lua error [FRAME_DESYNC]: Severe frame ID mismatch detected,0,0,-1,,
2026-03-22T14:34:35.653901,3746,119,error,high,lua,Lua error [FRAME_DESYNC]: Severe frame ID mismatch detected,0,0,-1,,
2026-03-22T14:34:39.258155,3747,45,error,high,lua,Lua error [FRAME_DESYNC]: Severe frame ID mismatch detected,0,0,-1,,
2026-03-22T14:34:47.767218,3748,118,error,high,lua,Lua error [FRAME_DESYNC]: Severe frame ID mismatch detected,0,0,-1,,
2026-03-22T14:35:04.532516,3749,243,error,high,lua,Lua error [FRAME_DESYNC]: Severe frame ID mismatch detected,0,0,-1,,
2026-03-22T14:35:31.554187,3751,69,error,high,lua,Lua error [FRAME_DESYNC]: Severe frame ID mismatch detected,0,0,-1,,
2026-03-22T14:35:55.032512,3752,344,error,high,lua,Lua error [FRAME_DESYNC]: Severe frame ID mismatch detected,0,0,-1,,
2026-03-22T14:36:02.486220,3753,64,error,high,lua,Lua error [FRAME_DESYNC]: Severe frame ID mismatch detected,0,0,-1,,
2026-03-22T14:36:32.603666,3754,443,error,high,lua,Lua error [FRAME_DESYNC]: Severe frame ID mismatch detected,0,0,-1,,
2026-03-22T14:36:44.766883,3755,127,error,high,lua,Lua error [FRAME_DESYNC]: Severe frame ID mismatch detected,0,0,-1,,
2026-03-22T14:37:05.488584,3756,302,error,high,lua,Lua error [FRAME_DESYNC]: Severe frame ID mismatch detected,0,0,-1,,
2026-03-22T14:37:28.777356,3757,307,error,high,lua,Lua error [FRAME_DESYNC]: Severe frame ID mismatch detected,0,0,-1,,
2026-03-22T14:37:43.253731,3758,209,error,high,lua,Lua error [FRAME_DESYNC]: Severe frame ID mismatch detected,0,0,-1,,
2026-03-22T14:37:56.713947,3759,192,error,high,lua,Lua error [FRAME_DESYNC]: Severe frame ID mismatch detected,0,0,-1,,
2026-03-22T14:38:06.714004,3760,141,error,high,lua,Lua error [FRAME_DESYNC]: Severe frame ID mismatch detected,0,0,-1,,
2026-03-22T14:38:21.397174,3761,192,error,high,lua,Lua error [FRAME_DESYNC]: Severe frame ID mismatch detected,0,0,-1,,
2026-03-22T14:38:37.495964,3762,233,error,high,lua,Lua error [FRAME_DESYNC]: Severe frame ID mismatch detected,0,0,-1,,
2026-03-22T14:39:09.210641,3764,125,error,high,lua,Lua error [FRAME_DESYNC]: Severe frame ID mismatch detected,0,0,-1,,
2026-03-22T14:39:44.724173,3765,524,error,high,lua,Lua error [FRAME_DESYNC]: Severe frame ID mismatch detected,0,0,-1,,
2026-03-22T14:40:17.036694,3767,178,error,high,lua,Lua error [FRAME_DESYNC]: Severe frame ID mismatch detected,0,0,-1,,
2026-03-22T14:40:27.164227,3768,143,error,high,lua,Lua error [FRAME_DESYNC]: Severe frame ID mismatch detected,0,0,-1,,
2026-03-22T14:40:31.606764,3769,58,error,high,lua,Lua error [FRAME_DESYNC]: Severe frame ID mismatch detected,0,0,-1,,
2026-03-22T14:40:40.260748,3770,120,error,high,lua,Lua error [FRAME_DESYNC]: Severe frame ID mismatch detected,0,0,-1,,
2026-03-22T14:40:55.400906,3771,219,error,high,lua,Lua error [FRAME_DESYNC]: Severe frame ID mismatch detected,0,0,-1,,
2026-03-22T14:41:09.743346,3772,206,error,high,lua,Lua error [FRAME_DESYNC]: Severe frame ID mismatch detected,0,0,-1,,
2026-03-22T14:41:13.953182,3773,54,error,high,lua,Lua error [FRAME_DESYNC]: Severe frame ID mismatch detected,0,0,-1,,
2026-03-22T14:41:26.899468,3775,185,error,high,lua,Lua error [FRAME_DESYNC]: Severe frame ID mismatch detected,0,0,-1,,
2026-03-22T14:41:48.917563,3775,322,error,high,lua,Lua error [FRAME_DESYNC]: Severe frame ID mismatch detected,0,0,-1,,
2026-03-22T14:42:02.106526,3776,152,error,high,lua,Lua error [FRAME_DESYNC]: Severe frame ID mismatch detected,0,0,-1,,
2026-03-22T14:42:24.866202,3778,300,error,high,lua,Lua error [FRAME_DESYNC]: Severe frame ID mismatch detected,0,0,-1,,
2026-03-22T14:42:50.759976,3778,381,error,high,lua,Lua error [FRAME_DESYNC]: Severe frame ID mismatch detected,0,0,-1,,
2026-03-22T14:42:57.271801,3779,49,error,high,lua,Lua error [FRAME_DESYNC]: Severe frame ID mismatch detected,0,0,-1,,
2026-03-22T14:43:03.538392,3780,86,error,high,lua,Lua error [FRAME_DESYNC]: Severe frame ID mismatch detected,0,0,-1,,
2026-03-22T14:43:09.062991,3781,63,error,high,lua,Lua error [FRAME_DESYNC]: Severe frame ID mismatch detected,0,0,-1,,
2026-03-22T14:43:28.177608,3783,248,error,high,lua,Lua error [FRAME_DESYNC]: Severe frame ID mismatch detected,0,0,-1,,
2026-03-22T14:43:48.419288,3784,59,error,high,lua,Lua error [FRAME_DESYNC]: Severe frame ID mismatch detected,0,0,-1,,
2026-03-22T14:44:02.612874,3785,204,error,high,lua,Lua error [FRAME_DESYNC]: Severe frame ID mismatch detected,0,0,-1,,
2026-03-22T14:44:19.862775,3786,250,error,high,lua,Lua error [FRAME_DESYNC]: Severe frame ID mismatch detected,0,0,-1,,
2026-03-22T14:44:25.951758,3787,52,error,high,lua,Lua error [FRAME_DESYNC]: Severe frame ID mismatch detected,0,0,-1,,
2026-03-22T14:44:30.328475,3788,57,error,high,lua,Lua error [FRAME_DESYNC]: Severe frame ID mismatch detected,0,0,-1,,
2026-03-22T14:44:35.436048,3789,67,error,high,lua,Lua error [FRAME_DESYNC]: Severe frame ID mismatch detected,0,0,-1,,
2026-03-22T14:44:39.379056,3790,50,error,high,lua,Lua error [FRAME_DESYNC]: Severe frame ID mismatch detected,0,0,-1,,
2026-03-22T14:45:06.700834,3791,401,error,high,lua,Lua error [FRAME_DESYNC]: Severe frame ID mismatch detected,0,0,-1,,
2026-03-22T14:45:19.712792,3793,144,error,high,lua,Lua error [FRAME_DESYNC]: Severe frame ID mismatch detected,0,0,-1,,
2026-03-22T14:45:34.594278,3793,215,error,high,lua,Lua error [FRAME_DESYNC]: Severe frame ID mismatch detected,0,0,-1,,
2026-03-22T14:45:50.828143,3794,235,error,high,lua,Lua error [FRAME_DESYNC]: Severe frame ID mismatch detected,0,0,-1,,
2026-03-22T14:45:59.786297,3795,126,error,high,lua,Lua error [FRAME_DESYNC]: Severe frame ID mismatch detected,0,0,-1,,
2026-03-22T14:46:12.807341,3796,187,error,high,lua,Lua error [FRAME_DESYNC]: Severe frame ID mismatch detected,0,0,-1,,
2026-03-22T14:46:16.489585,3798,46,error,high,lua,Lua error [FRAME_DESYNC]: Severe frame ID mismatch detected,0,0,-1,,
2026-03-22T14:47:14.224405,3800,297,error,high,lua,Lua error [FRAME_DESYNC]: Severe frame ID mismatch detected,0,0,-1,,
2026-03-22T14:47:36.518653,3801,291,error,high,lua,Lua error [FRAME_DESYNC]: Severe frame ID mismatch detected,0,0,-1,,
2026-03-22T14:47:42.310054,3803,43,error,high,lua,Lua error [FRAME_DESYNC]: Severe frame ID mismatch detected,0,0,-1,,
2026-03-22T14:48:04.872212,3803,331,error,high,lua,Lua error [FRAME_DESYNC]: Severe frame ID mismatch detected,0,0,-1,,
2026-03-22T14:48:44.312888,3805,208,error,high,lua,Lua error [FRAME_DESYNC]: Severe frame ID mismatch detected,0,0,-1,,
2026-03-22T14:48:48.016849,3806,47,error,high,lua,Lua error [FRAME_DESYNC]: Severe frame ID mismatch detected,0,0,-1,,
2026-03-22T14:49:22.144366,3808,285,error,high,lua,Lua error [FRAME_DESYNC]: Severe frame ID mismatch detected,0,0,-1,,
2026-03-22T14:49:25.754597,3809,45,error,high,lua,Lua error [FRAME_DESYNC]: Severe frame ID mismatch detected,0,0,-1,,
2026-03-22T14:49:40.918965,3810,219,error,high,lua,Lua error [FRAME_DESYNC]: Severe frame ID mismatch detected,0,0,-1,,
2026-03-22T14:49:51.345218,3811,148,error,high,lua,Lua error [FRAME_DESYNC]: Severe frame ID mismatch detected,0,0,-1,,
2026-03-22T14:50:12.618592,3813,279,error,high,lua,Lua error [FRAME_DESYNC]: Severe frame ID mismatch detected,0,0,-1,,
2026-03-22T14:50:33.774880,3813,309,error,high,lua,Lua error [FRAME_DESYNC]: Severe frame ID mismatch detected,0,0,-1,,
2026-03-22T14:51:06.121396,3814,444,error,high,lua,Lua error [FRAME_DESYNC]: Severe frame ID mismatch detected,0,0,-1,,
2026-03-22T14:51:25.129699,3815,229,error,high,lua,Lua error [FRAME_DESYNC]: Severe frame ID mismatch detected,0,0,-1,,
2026-03-22T14:51:39.565766,3816,208,error,high,lua,Lua error [FRAME_DESYNC]: Severe frame ID mismatch detected,0,0,-1,,
2026-03-22T14:51:48.551239,3817,126,error,high,lua,Lua error [FRAME_DESYNC]: Severe frame ID mismatch detected,0,0,-1,,
2026-03-22T14:52:14.443713,3818,379,error,high,lua,Lua error [FRAME_DESYNC]: Severe frame ID mismatch detected,0,0,-1,,
2026-03-22T14:52:38.634395,3820,45,error,high,lua,Lua error [FRAME_DESYNC]: Severe frame ID mismatch detected,0,0,-1,,
2026-03-22T14:52:52.095792,3821,185,error,high,lua,Lua error [FRAME_DESYNC]: Severe frame ID mismatch detected,0,0,-1,,
2026-03-22T14:53:12.761655,3822,302,error,high,lua,Lua error [FRAME_DESYNC]: Severe frame ID mismatch detected,0,0,-1,,
2026-03-22T14:53:19.682984,3823,61,error,high,lua,Lua error [FRAME_DESYNC]: Severe frame ID mismatch detected,0,0,-1,,
2026-03-22T14:53:23.723844,3825,51,error,high,lua,Lua error [FRAME_DESYNC]: Severe frame ID mismatch detected,0,0,-1,,
2026-03-22T14:53:27.878301,3825,54,error,high,lua,Lua error [FRAME_DESYNC]: Severe frame ID mismatch detected,0,0,-1,,
2026-03-22T14:53:35.706619,3827,108,error,high,lua,Lua error [FRAME_DESYNC]: Severe frame ID mismatch detected,0,0,-1,,
2026-03-22T14:54:06.456096,3828,228,error,high,lua,Lua error [FRAME_DESYNC]: Severe frame ID mismatch detected,0,0,-1,,
2026-03-22T14:54:10.215705,3829,48,error,high,lua,Lua error [FRAME_DESYNC]: Severe frame ID mismatch detected,0,0,-1,,
2026-03-22T14:54:19.766591,3830,134,error,high,lua,Lua error [FRAME_DESYNC]: Severe frame ID mismatch detected,0,0,-1,,
2026-03-22T14:54:31.032396,3831,160,error,high,lua,Lua error [FRAME_DESYNC]: Severe frame ID mismatch detected,0,0,-1,,
2026-03-22T14:54:44.216322,3833,189,error,high,lua,Lua error [FRAME_DESYNC]: Severe frame ID mismatch detected,0,0,-1,,
2026-03-22T14:54:52.784787,3833,121,error,high,lua,Lua error [FRAME_DESYNC]: Severe frame ID mismatch detected,0,0,-1,,
2026-03-22T14:55:09.368090,3834,240,error,high,lua,Lua error [FRAME_DESYNC]: Severe frame ID mismatch detected,0,0,-1,,
2026-03-22T14:55:31.980558,3835,303,error,high,lua,Lua error [FRAME_DESYNC]: Severe frame ID mismatch detected,0,0,-1,,
2026-03-22T14:55:50.357961,3837,233,error,high,lua,Lua error [FRAME_DESYNC]: Severe frame ID mismatch detected,0,0,-1,,
2026-03-22T14:56:05.231217,3837,215,error,high,lua,Lua error [FRAME_DESYNC]: Severe frame ID mismatch detected,0,0,-1,,
2026-03-22T14:56:14.782084,3839,134,error,high,lua,Lua error [FRAME_DESYNC]: Severe frame ID mismatch detected,0,0,-1,,
2026-03-22T14:56:22.884930,3839,114,error,high,lua,Lua error [FRAME_DESYNC]: Severe frame ID mismatch detected,0,0,-1,,
2026-03-22T14:56:38.639418,3841,203,error,high,lua,Lua error [FRAME_DESYNC]: Severe frame ID mismatch detected,0,0,-1,,
2026-03-22T14:57:02.130659,3841,345,error,high,lua,Lua error [FRAME_DESYNC]: Severe frame ID mismatch detected,0,0,-1,,
2026-03-22T14:57:07.039304,3842,65,error,high,lua,Lua error [FRAME_DESYNC]: Severe frame ID mismatch detected,0,0,-1,,
2026-03-22T14:57:25.143885,3843,263,error,high,lua,Lua error [FRAME_DESYNC]: Severe frame ID mismatch detected,0,0,-1,,
2026-03-22T14:57:48.353959,3844,339,error,high,lua,Lua error [FRAME_DESYNC]: Severe frame ID mismatch detected,0,0,-1,,
2026-03-22T14:57:54.843600,3845,52,error,high,lua,Lua error [FRAME_DESYNC]: Severe frame ID mismatch detected,0,0,-1,,
2026-03-22T14:57:59.003639,3846,54,error,high,lua,Lua error [FRAME_DESYNC]: Severe frame ID mismatch detected,0,0,-1,,
2026-03-22T14:58:02.930224,3847,51,error,high,lua,Lua error [FRAME_DESYNC]: Severe frame ID mismatch detected,0,0,-1,,
2026-03-22T14:58:13.479871,3848,150,error,high,lua,Lua error [FRAME_DESYNC]: Severe frame ID mismatch detected,0,0,-1,,
2026-03-22T14:58:29.236769,3849,228,error,high,lua,Lua error [FRAME_DESYNC]: Severe frame ID mismatch detected,0,0,-1,,
2026-03-22T14:58:33.329536,3850,52,error,high,lua,Lua error [FRAME_DESYNC]: Severe frame ID mismatch detected,0,0,-1,,
2026-03-22T14:58:37.512552,3851,53,error,high,lua,Lua error [FRAME_DESYNC]: Severe frame ID mismatch detected,0,0,-1,,
2026-03-22T14:58:47.540461,3852,141,error,high,lua,Lua error [FRAME_DESYNC]: Severe frame ID mismatch detected,0,0,-1,,
2026-03-22T14:59:06.425146,3853,275,error,high,lua,Lua error [FRAME_DESYNC]: Severe frame ID mismatch detected,0,0,-1,,
2026-03-22T14:59:10.418558,3854,50,error,high,lua,Lua error [FRAME_DESYNC]: Severe frame ID mismatch detected,0,0,-1,,
2026-03-22T14:59:14.512259,3855,53,error,high,lua,Lua error [FRAME_DESYNC]: Severe frame ID mismatch detected,0,0,-1,,
2026-03-22T14:59:30.201953,3856,227,error,high,lua,Lua error [FRAME_DESYNC]: Severe frame ID mismatch detected,0,0,-1,,
2026-03-22T14:59:45.133342,3857,215,error,high,lua,Lua error [FRAME_DESYNC]: Severe frame ID mismatch detected,0,0,-1,,
2026-03-22T14:59:54.212607,3858,128,error,high,lua,Lua error [FRAME_DESYNC]: Severe frame ID mismatch detected,0,0,-1,,
2026-03-22T14:59:58.138926,3859,49,error,high,lua,Lua error [FRAME_DESYNC]: Severe frame ID mismatch detected,0,0,-1,,
2026-03-22T15:00:11.883507,3860,197,error,high,lua,Lua error [FRAME_DESYNC]: Severe frame ID mismatch detected,0,0,-1,,
2026-03-22T15:00:16.657242,3862,40,error,high,lua,Lua error [FRAME_DESYNC]: Severe frame ID mismatch detected,0,0,-1,,
2026-03-22T15:00:20.307945,3862,47,error,high,lua,Lua error [FRAME_DESYNC]: Severe frame ID mismatch detected,0,0,-1,,
2026-03-22T15:00:33.763697,3863,193,error,high,lua,Lua error [FRAME_DESYNC]: Severe frame ID mismatch detected,0,0,-1,,
2026-03-22T15:00:48.472116,3864,212,error,high,lua,Lua error [FRAME_DESYNC]: Severe frame ID mismatch detected,0,0,-1,,
2026-03-22T15:00:53.185169,3866,62,error,high,lua,Lua error [FRAME_DESYNC]: Severe frame ID mismatch detected,0,0,-1,,
2026-03-22T15:01:08.828622,3867,227,error,high,lua,Lua error [FRAME_DESYNC]: Severe frame ID mismatch detected,0,0,-1,,
2026-03-22T15:01:16.692133,3867,110,error,high,lua,Lua error [FRAME_DESYNC]: Severe frame ID mismatch detected,0,0,-1,,
2026-03-22T15:01:25.095330,3868,117,error,high,lua,Lua error [FRAME_DESYNC]: Severe frame ID mismatch detected,0,0,-1,,
2026-03-22T15:01:45.095857,3869,292,error,high,lua,Lua error [FRAME_DESYNC]: Severe frame ID mismatch detected,0,0,-1,,
2026-03-22T15:01:50.791720,3870,42,error,high,lua,Lua error [FRAME_DESYNC]: Severe frame ID mismatch detected,0,0,-1,,
2026-03-22T15:02:00.276909,3871,133,error,high,lua,Lua error [FRAME_DESYNC]: Severe frame ID mismatch detected,0,0,-1,,
2026-03-22T15:02:07.081440,3872,93,error,high,lua,Lua error [FRAME_DESYNC]: Severe frame ID mismatch detected,0,0,-1,,
2026-03-22T15:02:40.803054,3874,163,error,high,lua,Lua error [FRAME_DESYNC]: Severe frame ID mismatch detected,0,0,-1,,
2026-03-22T15:03:00.103984,3875,282,error,high,lua,Lua error [FRAME_DESYNC]: Severe frame ID mismatch detected,0,0,-1,,
2026-03-22T15:03:12.407265,3876,145,error,high,lua,Lua error [FRAME_DESYNC]: Severe frame ID mismatch detected,0,0,-1,,
2026-03-22T15:03:15.985990,3877,44,error,high,lua,Lua error [FRAME_DESYNC]: Severe frame ID mismatch detected,0,0,-1,,
2026-03-22T15:03:34.796204,3879,58,error,high,lua,Lua error [FRAME_DESYNC]: Severe frame ID mismatch detected,0,0,-1,,
2026-03-22T15:03:38.950708,3881,47,error,high,lua,Lua error [FRAME_DESYNC]: Severe frame ID mismatch detected,0,0,-1,,
2026-03-22T15:03:43.392384,3882,58,error,high,lua,Lua error [FRAME_DESYNC]: Severe frame ID mismatch detected,0,0,-1,,
2026-03-22T15:03:46.646037,3882,41,error,high,lua,Lua error [FRAME_DESYNC]: Severe frame ID mismatch detected,0,0,-1,,
2026-03-22T15:03:59.708515,3883,187,error,high,lua,Lua error [FRAME_DESYNC]: Severe frame ID mismatch detected,0,0,-1,,
2026-03-22T15:04:08.062299,3884,116,error,high,lua,Lua error [FRAME_DESYNC]: Severe frame ID mismatch detected,0,0,-1,,
2026-03-22T15:04:11.756075,3885,46,error,high,lua,Lua error [FRAME_DESYNC]: Severe frame ID mismatch detected,0,0,-1,,
2026-03-22T15:04:15.649021,3886,50,error,high,lua,Lua error [FRAME_DESYNC]: Severe frame ID mismatch detected,0,0,-1,,
2026-03-22T15:04:29.010177,3887,191,error,high,lua,Lua error [FRAME_DESYNC]: Severe frame ID mismatch detected,0,0,-1,,
2026-03-22T15:04:32.835843,3888,49,error,high,lua,Lua error [FRAME_DESYNC]: Severe frame ID mismatch detected,0,0,-1,,
2026-03-22T15:04:46.321023,3889,194,error,high,lua,Lua error [FRAME_DESYNC]: Severe frame ID mismatch detected,0,0,-1,,
2026-03-22T15:05:05.773789,3890,283,error,high,lua,Lua error [FRAME_DESYNC]: Severe frame ID mismatch detected,0,0,-1,,
2026-03-22T15:05:21.079089,3892,196,error,high,lua,Lua error [FRAME_DESYNC]: Severe frame ID mismatch detected,0,0,-1,,
2026-03-22T15:05:36.680914,3892,226,error,high,lua,Lua error [FRAME_DESYNC]: Severe frame ID mismatch detected,0,0,-1,,
2026-03-22T15:05:46.064634,3893,103,error,high,lua,Lua error [FRAME_DESYNC]: Severe frame ID mismatch detected,0,0,-1,,
2026-03-22T15:05:55.681997,3894,136,error,high,lua,Lua error [FRAME_DESYNC]: Severe frame ID mismatch detected,0,0,-1,,
2026-03-22T15:06:06.870333,3895,159,error,high,lua,Lua error [FRAME_DESYNC]: Severe frame ID mismatch detected,0,0,-1,,
2026-03-22T15:06:21.861767,3896,216,error,high,lua,Lua error [FRAME_DESYNC]: Severe frame ID mismatch detected,0,0,-1,,
2026-03-22T15:06:29.526065,3897,107,error,high,lua,Lua error [FRAME_DESYNC]: Severe frame ID mismatch detected,0,0,-1,,
2026-03-22T15:07:25.040414,3900,201,error,high,lua,Lua error [FRAME_DESYNC]: Severe frame ID mismatch detected,0,0,-1,,
2026-03-22T15:07:30.291973,3901,46,error,high,lua,Lua error [FRAME_DESYNC]: Severe frame ID mismatch detected,0,0,-1,,
2026-03-22T15:08:20.866472,3904,392,error,high,lua,Lua error [FRAME_DESYNC]: Severe frame ID mismatch detected,0,0,-1,,
2026-03-22T15:08:29.754443,3905,125,error,high,lua,Lua error [FRAME_DESYNC]: Severe frame ID mismatch detected,0,0,-1,,
2026-03-22T15:08:38.213027,3905,119,error,high,lua,Lua error [FRAME_DESYNC]: Severe frame ID mismatch detected,0,0,-1,,
2026-03-22T15:08:49.177700,3907,155,error,high,lua,Lua error [FRAME_DESYNC]: Severe frame ID mismatch detected,0,0,-1,,
2026-03-22T15:08:58.716982,3908,135,error,high,lua,Lua error [FRAME_DESYNC]: Severe frame ID mismatch detected,0,0,-1,,
2026-03-22T15:09:31.460112,3909,137,error,high,lua,Lua error [FRAME_DESYNC]: Severe frame ID mismatch detected,0,0,-1,,
2026-03-22T15:09:58.049102,3910,390,error,high,lua,Lua error [FRAME_DESYNC]: Severe frame ID mismatch detected,0,0,-1,,
2026-03-22T15:10:49.234960,3913,262,error,high,lua,Lua error [FRAME_DESYNC]: Severe frame ID mismatch detected,0,0,-1,,
2026-03-22T15:10:53.326358,3914,52,error,high,lua,Lua error [FRAME_DESYNC]: Severe frame ID mismatch detected,0,0,-1,,
2026-03-22T15:11:19.334845,3915,382,error,high,lua,Lua error [FRAME_DESYNC]: Severe frame ID mismatch detected,0,0,-1,,
2026-03-22T15:11:59.662384,3917,289,error,high,lua,Lua error [FRAME_DESYNC]: Severe frame ID mismatch detected,0,0,-1,,
2026-03-22T15:12:24.987451,3918,338,error,high,lua,Lua error [FRAME_DESYNC]: Severe frame ID mismatch detected,0,0,-1,,
2026-03-22T15:12:47.166806,3920,44,error,high,lua,Lua error [FRAME_DESYNC]: Severe frame ID mismatch detected,0,0,-1,,
2026-03-22T15:12:51.776076,3921,53,error,high,lua,Lua error [FRAME_DESYNC]: Severe frame ID mismatch detected,0,0,-1,,
2026-03-22T15:13:01.266706,3922,133,error,high,lua,Lua error [FRAME_DESYNC]: Severe frame ID mismatch detected,0,0,-1,,
2026-03-22T15:13:14.505285,3923,190,error,high,lua,Lua error [FRAME_DESYNC]: Severe frame ID mismatch detected,0,0,-1,,
2026-03-22T15:13:31.627240,3925,50,error,high,lua,Lua error [FRAME_DESYNC]: Severe frame ID mismatch detected,0,0,-1,,
2026-03-22T15:13:45.619245,3926,201,error,high,lua,Lua error [FRAME_DESYNC]: Severe frame ID mismatch detected,0,0,-1,,
2026-03-22T15:14:00.561641,3927,216,error,high,lua,Lua error [FRAME_DESYNC]: Severe frame ID mismatch detected,0,0,-1,,
2026-03-22T15:14:18.282812,3928,258,error,high,lua,Lua error [FRAME_DESYNC]: Severe frame ID mismatch detected,0,0,-1,,
2026-03-22T15:14:29.618923,3929,132,error,high,lua,Lua error [FRAME_DESYNC]: Severe frame ID mismatch detected,0,0,-1,,
2026-03-22T15:14:54.871405,3931,334,error,high,lua,Lua error [FRAME_DESYNC]: Severe frame ID mismatch detected,0,0,-1,,
2026-03-22T15:15:08.815163,3931,201,error,high,lua,Lua error [FRAME_DESYNC]: Severe frame ID mismatch detected,0,0,-1,,
2026-03-22T15:15:25.971899,3932,248,error,high,lua,Lua error [FRAME_DESYNC]: Severe frame ID mismatch detected,0,0,-1,,
2026-03-22T15:15:33.457309,3933,74,error,high,lua,Lua error [FRAME_DESYNC]: Severe frame ID mismatch detected,0,0,-1,,
2026-03-22T15:15:37.350880,3934,49,error,high,lua,Lua error [FRAME_DESYNC]: Severe frame ID mismatch detected,0,0,-1,,
2026-03-22T15:15:41.277696,3935,50,error,high,lua,Lua error [FRAME_DESYNC]: Severe frame ID mismatch detected,0,0,-1,,
2026-03-22T15:15:58.732040,3936,253,error,high,lua,Lua error [FRAME_DESYNC]: Severe frame ID mismatch detected,0,0,-1,,
2026-03-22T15:16:04.705904,3937,51,error,high,lua,Lua error [FRAME_DESYNC]: Severe frame ID mismatch detected,0,0,-1,,
2026-03-22T15:16:08.241488,3939,45,error,high,lua,Lua error [FRAME_DESYNC]: Severe frame ID mismatch detected,0,0,-1,,
2026-03-22T15:16:12.210235,3939,51,error,high,lua,Lua error [FRAME_DESYNC]: Severe frame ID mismatch detected,0,0,-1,,
2026-03-22T15:16:28.450315,3940,236,error,high,lua,Lua error [FRAME_DESYNC]: Severe frame ID mismatch detected,0,0,-1,,
2026-03-22T15:16:44.955275,3941,212,error,high,lua,Lua error [FRAME_DESYNC]: Severe frame ID mismatch detected,0,0,-1,,
2026-03-22T15:17:02.942867,3942,261,error,high,lua,Lua error [FRAME_DESYNC]: Severe frame ID mismatch detected,0,0,-1,,
2026-03-22T15:17:42.793764,3944,340,error,high,lua,Lua error [FRAME_DESYNC]: Severe frame ID mismatch detected,0,0,-1,,
2026-03-22T15:17:57.174914,3945,207,error,high,lua,Lua error [FRAME_DESYNC]: Severe frame ID mismatch detected,0,0,-1,,
2026-03-22T15:18:00.995934,3946,49,error,high,lua,Lua error [FRAME_DESYNC]: Severe frame ID mismatch detected,0,0,-1,,
2026-03-22T15:18:20.447327,3947,283,error,high,lua,Lua error [FRAME_DESYNC]: Severe frame ID mismatch detected,0,0,-1,,
2026-03-22T15:18:24.762574,3948,56,error,high,lua,Lua error [FRAME_DESYNC]: Severe frame ID mismatch detected,0,0,-1,,
2026-03-22T15:18:47.968254,3949,339,error,high,lua,Lua error [FRAME_DESYNC]: Severe frame ID mismatch detected,0,0,-1,,
2026-03-22T15:18:51.712071,3950,47,error,high,lua,Lua error [FRAME_DESYNC]: Severe frame ID mismatch detected,0,0,-1,,
2026-03-22T15:19:18.850422,3952,359,error,high,lua,Lua error [FRAME_DESYNC]: Severe frame ID mismatch detected,0,0,-1,,
2026-03-22T15:19:55.057356,3953,162,error,high,lua,Lua error [FRAME_DESYNC]: Severe frame ID mismatch detected,0,0,-1,,
2026-03-22T15:20:03.227511,3954,114,error,high,lua,Lua error [FRAME_DESYNC]: Severe frame ID mismatch detected,0,0,-1,,
2026-03-22T15:20:23.443679,3955,295,error,high,lua,Lua error [FRAME_DESYNC]: Severe frame ID mismatch detected,0,0,-1,,
2026-03-22T15:20:29.239220,3956,45,error,high,lua,Lua error [FRAME_DESYNC]: Severe frame ID mismatch detected,0,0,-1,,
2026-03-22T15:21:05.321100,3959,263,error,high,lua,Lua error [FRAME_DESYNC]: Severe frame ID mismatch detected,0,0,-1,,
2026-03-22T15:21:19.783686,3959,209,error,high,lua,Lua error [FRAME_DESYNC]: Severe frame ID mismatch detected,0,0,-1,,
2026-03-22T15:21:51.031684,3961,117,error,high,lua,Lua error [FRAME_DESYNC]: Severe frame ID mismatch detected,0,0,-1,,
2026-03-22T15:22:00.654165,3962,135,error,high,lua,Lua error [FRAME_DESYNC]: Severe frame ID mismatch detected,0,0,-1,,
2026-03-22T15:22:19.500429,3964,245,error,high,lua,Lua error [FRAME_DESYNC]: Severe frame ID mismatch detected,0,0,-1,,
2026-03-22T15:22:24.128191,3964,62,error,high,lua,Lua error [FRAME_DESYNC]: Severe frame ID mismatch detected,0,0,-1,,
2026-03-22T15:22:29.607178,3965,74,error,high,lua,Lua error [FRAME_DESYNC]: Severe frame ID mismatch detected,0,0,-1,,
2026-03-22T15:22:47.095166,3967,253,error,high,lua,Lua error [FRAME_DESYNC]: Severe frame ID mismatch detected,0,0,-1,,
2026-03-22T15:23:17.620785,3967,450,error,high,lua,Lua error [FRAME_DESYNC]: Severe frame ID mismatch detected,0,0,-1,,
2026-03-22T15:23:25.008630,3968,51,error,high,lua,Lua error [FRAME_DESYNC]: Severe frame ID mismatch detected,0,0,-1,,
2026-03-22T15:23:38.020663,3969,186,error,high,lua,Lua error [FRAME_DESYNC]: Severe frame ID mismatch detected,0,0,-1,,
2026-03-22T15:23:55.820594,3972,50,error,high,lua,Lua error [FRAME_DESYNC]: Severe frame ID mismatch detected,0,0,-1,,
2026-03-22T15:24:24.010943,3972,415,error,high,lua,Lua error [FRAME_DESYNC]: Severe frame ID mismatch detected,0,0,-1,,
2026-03-22T15:24:43.445196,3973,238,error,high,lua,Lua error [FRAME_DESYNC]: Severe frame ID mismatch detected,0,0,-1,,
2026-03-22T15:24:46.839706,3974,42,error,high,lua,Lua error [FRAME_DESYNC]: Severe frame ID mismatch detected,0,0,-1,,
2026-03-22T15:25:01.483589,3975,212,error,high,lua,Lua error [FRAME_DESYNC]: Severe frame ID mismatch detected,0,0,-1,,
2026-03-22T15:25:14.947936,3976,193,error,high,lua,Lua error [FRAME_DESYNC]: Severe frame ID mismatch detected,0,0,-1,,
2026-03-22T15:25:56.459956,3978,340,error,high,lua,Lua error [FRAME_DESYNC]: Severe frame ID mismatch detected,0,0,-1,,
2026-03-22T15:26:08.920078,3979,140,error,high,lua,Lua error [FRAME_DESYNC]: Severe frame ID mismatch detected,0,0,-1,,
2026-03-22T15:26:12.898098,3980,50,error,high,lua,Lua error [FRAME_DESYNC]: Severe frame ID mismatch detected,0,0,-1,,
2026-03-22T15:26:16.890343,3981,43,error,high,lua,Lua error [FRAME_DESYNC]: Severe frame ID mismatch detected,0,0,-1,,
2026-03-22T15:26:36.390957,3982,285,error,high,lua,Lua error [FRAME_DESYNC]: Severe frame ID mismatch detected,0,0,-1,,
2026-03-22T15:26:56.142585,3983,256,error,high,lua,Lua error [FRAME_DESYNC]: Severe frame ID mismatch detected,0,0,-1,,
2026-03-22T15:27:13.182494,3985,245,error,high,lua,Lua error [FRAME_DESYNC]: Severe frame ID mismatch detected,0,0,-1,,
2026-03-22T15:27:34.236235,3985,308,error,high,lua,Lua error [FRAME_DESYNC]: Severe frame ID mismatch detected,0,0,-1,,
2026-03-22T15:27:48.993582,3986,212,error,high,lua,Lua error [FRAME_DESYNC]: Severe frame ID mismatch detected,0,0,-1,,
2026-03-22T15:27:53.561707,3987,59,error,high,lua,Lua error [FRAME_DESYNC]: Severe frame ID mismatch detected,0,0,-1,,
2026-03-22T15:27:59.386300,3988,78,error,high,lua,Lua error [FRAME_DESYNC]: Severe frame ID mismatch detected,0,0,-1,,
2026-03-22T15:28:04.340998,3989,65,error,high,lua,Lua error [FRAME_DESYNC]: Severe frame ID mismatch detected,0,0,-1,,
2026-03-22T15:28:25.466689,3990,309,error,high,lua,Lua error [FRAME_DESYNC]: Severe frame ID mismatch detected,0,0,-1,,
2026-03-22T15:28:36.058177,3992,150,error,high,lua,Lua error [FRAME_DESYNC]: Severe frame ID mismatch detected,0,0,-1,,
2026-03-22T15:28:40.481751,3992,58,error,high,lua,Lua error [FRAME_DESYNC]: Severe frame ID mismatch detected,0,0,-1,,
2026-03-22T15:28:45.202371,3993,62,error,high,lua,Lua error [FRAME_DESYNC]: Severe frame ID mismatch detected,0,0,-1,,
2026-03-22T15:28:54.469030,3995,130,error,high,lua,Lua error [FRAME_DESYNC]: Severe frame ID mismatch detected,0,0,-1,,
2026-03-22T15:29:09.684115,3995,220,error,high,lua,Lua error [FRAME_DESYNC]: Severe frame ID mismatch detected,0,0,-1,,
2026-03-22T15:29:24.995988,3996,220,error,high,lua,Lua error [FRAME_DESYNC]: Severe frame ID mismatch detected,0,0,-1,,
2026-03-22T15:29:37.142000,3997,173,error,high,lua,Lua error [FRAME_DESYNC]: Severe frame ID mismatch detected,0,0,-1,,
2026-03-22T15:30:11.668175,3999,224,error,high,lua,Lua error [FRAME_DESYNC]: Severe frame ID mismatch detected,0,0,-1,,
2026-03-22T15:30:27.342670,4000,202,error,high,lua,Lua error [FRAME_DESYNC]: Severe frame ID mismatch detected,0,0,-1,,
2026-03-22T15:30:59.939096,4001,459,error,high,lua,Lua error [FRAME_DESYNC]: Severe frame ID mismatch detected,0,0,-1,,
2026-03-22T15:31:29.579318,4002,373,error,high,lua,Lua error [FRAME_DESYNC]: Severe frame ID mismatch detected,0,0,-1,,
2026-03-22T15:31:48.258181,4003,230,error,high,lua,Lua error [FRAME_DESYNC]: Severe frame ID mismatch detected,0,0,-1,,
2026-03-22T15:32:17.010863,4004,422,error,high,lua,Lua error [FRAME_DESYNC]: Severe frame ID mismatch detected,0,0,-1,,
2026-03-22T15:32:23.765982,4006,48,error,high,lua,Lua error [FRAME_DESYNC]: Severe frame ID mismatch detected,0,0,-1,,
2026-03-22T15:32:28.508160,4006,63,error,high,lua,Lua error [FRAME_DESYNC]: Severe frame ID mismatch detected,0,0,-1,,
2026-03-22T15:32:56.394949,4007,410,error,high,lua,Lua error [FRAME_DESYNC]: Severe frame ID mismatch detected,0,0,-1,,
2026-03-22T15:33:03.684569,4008,57,error,high,lua,Lua error [FRAME_DESYNC]: Severe frame ID mismatch detected,0,0,-1,,
2026-03-22T15:33:21.171380,4009,254,error,high,lua,Lua error [FRAME_DESYNC]: Severe frame ID mismatch detected,0,0,-1,,
2026-03-22T15:33:27.494891,4010,55,error,high,lua,Lua error [FRAME_DESYNC]: Severe frame ID mismatch detected,0,0,-1,,
2026-03-22T15:33:38.591829,4011,158,error,high,lua,Lua error [FRAME_DESYNC]: Severe frame ID mismatch detected,0,0,-1,,
2026-03-22T15:33:57.029051,4012,268,error,high,lua,Lua error [FRAME_DESYNC]: Severe frame ID mismatch detected,0,0,-1,,
2026-03-22T15:34:04.915862,4013,110,error,high,lua,Lua error [FRAME_DESYNC]: Severe frame ID mismatch detected,0,0,-1,,
2026-03-22T15:34:20.206934,4014,221,error,high,lua,Lua error [FRAME_DESYNC]: Severe frame ID mismatch detected,0,0,-1,,
2026-03-22T15:35:08.359495,4015,714,error,high,lua,Lua error [FRAME_DESYNC]: Severe frame ID mismatch detected,0,0,-1,,
2026-03-22T15:35:17.933685,4016,62,error,high,lua,Lua error [FRAME_DESYNC]: Severe frame ID mismatch detected,0,0,-1,,
2026-03-22T15:35:43.086749,4018,329,error,high,lua,Lua error [FRAME_DESYNC]: Severe frame ID mismatch detected,0,0,-1,,
2026-03-22T15:36:04.999780,4018,321,error,high,lua,Lua error [FRAME_DESYNC]: Severe frame ID mismatch detected,0,0,-1,,
2026-03-22T15:36:11.498146,4019,53,error,high,lua,Lua error [FRAME_DESYNC]: Severe frame ID mismatch detected,0,0,-1,,
2026-03-22T15:36:37.527065,4021,344,error,high,lua,Lua error [FRAME_DESYNC]: Severe frame ID mismatch detected,0,0,-1,,
2026-03-22T15:36:46.187591,4021,122,error,high,lua,Lua error [FRAME_DESYNC]: Severe frame ID mismatch detected,0,0,-1,,
2026-03-22T15:37:26.481948,4023,275,error,high,lua,Lua error [FRAME_DESYNC]: Severe frame ID mismatch detected,0,0,-1,,
2026-03-22T15:38:20.258271,4025,265,error,high,lua,Lua error [FRAME_DESYNC]: Severe frame ID mismatch detected,0,0,-1,,
2026-03-22T15:38:48.454292,4027,375,error,high,lua,Lua error [FRAME_DESYNC]: Severe frame ID mismatch detected,0,0,-1,,
2026-03-22T15:38:57.313912,4027,125,error,high,lua,Lua error [FRAME_DESYNC]: Severe frame ID mismatch detected,0,0,-1,,
2026-03-22T15:39:01.429890,4028,53,error,high,lua,Lua error [FRAME_DESYNC]: Severe frame ID mismatch detected,0,0,-1,,
2026-03-22T15:39:26.382306,4029,366,error,high,lua,Lua error [FRAME_DESYNC]: Severe frame ID mismatch detected,0,0,-1,,
2026-03-22T15:39:32.704652,4030,46,error,high,lua,Lua error [FRAME_DESYNC]: Severe frame ID mismatch detected,0,0,-1,,
2026-03-22T15:39:36.831315,4031,53,error,high,lua,Lua error [FRAME_DESYNC]: Severe frame ID mismatch detected,0,0,-1,,
2026-03-22T15:39:47.238369,4032,147,error,high,lua,Lua error [FRAME_DESYNC]: Severe frame ID mismatch detected,0,0,-1,,
2026-03-22T15:40:45.783646,4035,114,error,high,lua,Lua error [FRAME_DESYNC]: Severe frame ID mismatch detected,0,0,-1,,
2026-03-22T15:40:59.184740,4037,193,error,high,lua,Lua error [FRAME_DESYNC]: Severe frame ID mismatch detected,0,0,-1,,
2026-03-22T15:41:17.597223,4037,268,error,high,lua,Lua error [FRAME_DESYNC]: Severe frame ID mismatch detected,0,0,-1,,
2026-03-22T15:41:21.691342,4038,52,error,high,lua,Lua error [FRAME_DESYNC]: Severe frame ID mismatch detected,0,0,-1,,
2026-03-22T15:41:25.451132,4039,47,error,high,lua,Lua error [FRAME_DESYNC]: Severe frame ID mismatch detected,0,0,-1,,
2026-03-22T15:41:47.764307,4040,326,error,high,lua,Lua error [FRAME_DESYNC]: Severe frame ID mismatch detected,0,0,-1,,
2026-03-22T15:42:39.229947,4042,340,error,high,lua,Lua error [FRAME_DESYNC]: Severe frame ID mismatch detected,0,0,-1,,
2026-03-22T15:42:53.838672,4043,173,error,high,lua,Lua error [FRAME_DESYNC]: Severe frame ID mismatch detected,0,0,-1,,
2026-03-22T15:43:17.682025,4045,37,error,high,lua,Lua error [FRAME_DESYNC]: Severe frame ID mismatch detected,0,0,-1,,
2026-03-22T15:43:43.455439,4046,378,error,high,lua,Lua error [FRAME_DESYNC]: Severe frame ID mismatch detected,0,0,-1,,
2026-03-22T15:43:50.982367,4047,64,error,high,lua,Lua error [FRAME_DESYNC]: Severe frame ID mismatch detected,0,0,-1,,
2026-03-22T15:44:01.426378,4048,147,error,high,lua,Lua error [FRAME_DESYNC]: Severe frame ID mismatch detected,0,0,-1,,
2026-03-22T15:44:14.620381,4049,190,error,high,lua,Lua error [FRAME_DESYNC]: Severe frame ID mismatch detected,0,0,-1,,
2026-03-22T15:44:37.600454,4050,336,error,high,lua,Lua error [FRAME_DESYNC]: Severe frame ID mismatch detected,0,0,-1,,
2026-03-22T15:44:54.105693,4051,202,error,high,lua,Lua error [FRAME_DESYNC]: Severe frame ID mismatch detected,0,0,-1,,
2026-03-22T15:45:08.555226,4052,208,error,high,lua,Lua error [FRAME_DESYNC]: Severe frame ID mismatch detected,0,0,-1,,
2026-03-22T15:45:12.375803,4053,49,error,high,lua,Lua error [FRAME_DESYNC]: Severe frame ID mismatch detected,0,0,-1,,
2026-03-22T15:45:18.087973,4055,77,error,high,lua,Lua error [FRAME_DESYNC]: Severe frame ID mismatch detected,0,0,-1,,
2026-03-22T15:45:22.774062,4055,62,error,high,lua,Lua error [FRAME_DESYNC]: Severe frame ID mismatch detected,0,0,-1,,
2026-03-22T15:45:32.913177,4056,143,error,high,lua,Lua error [FRAME_DESYNC]: Severe frame ID mismatch detected,0,0,-1,,
2026-03-22T15:45:41.792872,4057,124,error,high,lua,Lua error [FRAME_DESYNC]: Severe frame ID mismatch detected,0,0,-1,,
2026-03-22T15:45:46.601195,4058,63,error,high,lua,Lua error [FRAME_DESYNC]: Severe frame ID mismatch detected,0,0,-1,,
2026-03-22T15:46:01.779756,4060,219,error,high,lua,Lua error [FRAME_DESYNC]: Severe frame ID mismatch detected,0,0,-1,,
2026-03-22T15:46:06.052577,4060,56,error,high,lua,Lua error [FRAME_DESYNC]: Severe frame ID mismatch detected,0,0,-1,,
2026-03-22T15:46:33.064241,4061,387,error,high,lua,Lua error [FRAME_DESYNC]: Severe frame ID mismatch detected,0,0,-1,,
2026-03-22T15:46:45.206697,4063,130,error,high,lua,Lua error [FRAME_DESYNC]: Severe frame ID mismatch detected,0,0,-1,,
2026-03-22T15:46:59.464592,4063,206,error,high,lua,Lua error [FRAME_DESYNC]: Severe frame ID mismatch detected,0,0,-1,,
2026-03-22T15:47:17.759025,4064,266,error,high,lua,Lua error [FRAME_DESYNC]: Severe frame ID mismatch detected,0,0,-1,,
2026-03-22T15:47:38.599669,4065,272,error,high,lua,Lua error [FRAME_DESYNC]: Severe frame ID mismatch detected,0,0,-1,,
2026-03-22T15:47:56.602592,4066,227,error,high,lua,Lua error [FRAME_DESYNC]: Severe frame ID mismatch detected,0,0,-1,,
2026-03-22T15:48:14.733739,4068,263,error,high,lua,Lua error [FRAME_DESYNC]: Severe frame ID mismatch detected,0,0,-1,,
2026-03-22T15:48:30.213636,4068,225,error,high,lua,Lua error [FRAME_DESYNC]: Severe frame ID mismatch detected,0,0,-1,,
2026-03-22T15:48:35.994476,4069,51,error,high,lua,Lua error [FRAME_DESYNC]: Severe frame ID mismatch detected,0,0,-1,,
2026-03-22T15:49:07.934309,4071,156,error,high,lua,Lua error [FRAME_DESYNC]: Severe frame ID mismatch detected,0,0,-1,,
2026-03-22T15:49:19.755091,4073,168,error,high,lua,Lua error [FRAME_DESYNC]: Severe frame ID mismatch detected,0,0,-1,,
2026-03-22T15:49:36.553845,4073,244,error,high,lua,Lua error [FRAME_DESYNC]: Severe frame ID mismatch detected,0,0,-1,,
2026-03-22T15:49:52.776406,4074,206,error,high,lua,Lua error [FRAME_DESYNC]: Severe frame ID mismatch detected,0,0,-1,,
2026-03-22T15:50:03.959240,4076,158,error,high,lua,Lua error [FRAME_DESYNC]: Severe frame ID mismatch detected,0,0,-1,,
2026-03-22T15:50:12.693753,4076,123,error,high,lua,Lua error [FRAME_DESYNC]: Severe frame ID mismatch detected,0,0,-1,,
2026-03-22T15:50:55.405881,4078,229,error,high,lua,Lua error [FRAME_DESYNC]: Severe frame ID mismatch detected,0,0,-1,,
2026-03-22T15:51:00.549159,4079,42,error,high,lua,Lua error [FRAME_DESYNC]: Severe frame ID mismatch detected,0,0,-1,,
2026-03-22T15:51:05.423118,4080,65,error,high,lua,Lua error [FRAME_DESYNC]: Severe frame ID mismatch detected,0,0,-1,,
2026-03-22T15:51:10.338187,4081,55,error,high,lua,Lua error [FRAME_DESYNC]: Severe frame ID mismatch detected,0,0,-1,,
2026-03-22T15:51:21.047604,4082,152,error,high,lua,Lua error [FRAME_DESYNC]: Severe frame ID mismatch detected,0,0,-1,,
2026-03-22T15:51:55.096367,4083,501,error,high,lua,Lua error [FRAME_DESYNC]: Severe frame ID mismatch detected,0,0,-1,,
2026-03-22T15:52:11.796738,4084,189,error,high,lua,Lua error [FRAME_DESYNC]: Severe frame ID mismatch detected,0,0,-1,,
2026-03-22T15:52:38.374754,4085,389,error,high,lua,Lua error [FRAME_DESYNC]: Severe frame ID mismatch detected,0,0,-1,,
2026-03-22T15:53:14.632571,4086,496,error,high,lua,Lua error [FRAME_DESYNC]: Severe frame ID mismatch detected,0,0,-1,,
2026-03-22T15:53:35.507553,4087,304,error,high,lua,Lua error [FRAME_DESYNC]: Severe frame ID mismatch detected,0,0,-1,,
2026-03-22T15:53:39.184229,4088,46,error,high,lua,Lua error [FRAME_DESYNC]: Severe frame ID mismatch detected,0,0,-1,,
2026-03-22T15:53:44.116283,4090,65,error,high,lua,Lua error [FRAME_DESYNC]: Severe frame ID mismatch detected,0,0,-1,,
2026-03-22T15:54:03.077734,4090,277,error,high,lua,Lua error [FRAME_DESYNC]: Severe frame ID mismatch detected,0,0,-1,,
2026-03-22T15:54:07.154774,4091,52,error,high,lua,Lua error [FRAME_DESYNC]: Severe frame ID mismatch detected,0,0,-1,,
2026-03-22T15:54:28.386232,4092,310,error,high,lua,Lua error [FRAME_DESYNC]: Severe frame ID mismatch detected,0,0,-1,,
2026-03-22T15:55:02.529553,4093,472,error,high,lua,Lua error [FRAME_DESYNC]: Severe frame ID mismatch detected,0,0,-1,,
2026-03-22T15:55:09.401202,4094,43,error,high,lua,Lua error [FRAME_DESYNC]: Severe frame ID mismatch detected,0,0,-1,,
2026-03-22T15:55:13.988499,4096,60,error,high,lua,Lua error [FRAME_DESYNC]: Severe frame ID mismatch detected,0,0,-1,,
2026-03-22T15:55:26.163082,4096,175,error,high,lua,Lua error [FRAME_DESYNC]: Severe frame ID mismatch detected,0,0,-1,,
2026-03-22T15:55:30.106441,4097,50,error,high,lua,Lua error [FRAME_DESYNC]: Severe frame ID mismatch detected,0,0,-1,,
2026-03-22T15:56:05.625142,4098,525,error,high,lua,Lua error [FRAME_DESYNC]: Severe frame ID mismatch detected,0,0,-1,,
2026-03-22T15:56:23.686674,4099,205,error,high,lua,Lua error [FRAME_DESYNC]: Severe frame ID mismatch detected,0,0,-1,,
2026-03-22T15:56:36.573435,4100,185,error,high,lua,Lua error [FRAME_DESYNC]: Severe frame ID mismatch detected,0,0,-1,,
2026-03-22T15:56:41.571997,4101,44,error,high,lua,Lua error [FRAME_DESYNC]: Severe frame ID mismatch detected,0,0,-1,,
2026-03-22T15:56:55.508753,4102,201,error,high,lua,Lua error [FRAME_DESYNC]: Severe frame ID mismatch detected,0,0,-1,,
2026-03-22T15:57:08.320615,4103,184,error,high,lua,Lua error [FRAME_DESYNC]: Severe frame ID mismatch detected,0,0,-1,,
2026-03-22T15:57:22.681007,4104,207,error,high,lua,Lua error [FRAME_DESYNC]: Severe frame ID mismatch detected,0,0,-1,,
2026-03-22T15:57:40.651657,4105,261,error,high,lua,Lua error [FRAME_DESYNC]: Severe frame ID mismatch detected,0,0,-1,,
2026-03-22T15:57:49.220277,4106,120,error,high,lua,Lua error [FRAME_DESYNC]: Severe frame ID mismatch detected,0,0,-1,,
2026-03-22T15:57:57.179583,4108,110,error,high,lua,Lua error [FRAME_DESYNC]: Severe frame ID mismatch detected,0,0,-1,,
2026-03-22T15:58:16.663918,4108,285,error,high,lua,Lua error [FRAME_DESYNC]: Severe frame ID mismatch detected,0,0,-1,,
2026-03-22T15:58:23.685343,4109,65,error,high,lua,Lua error [FRAME_DESYNC]: Severe frame ID mismatch detected,0,0,-1,,
2026-03-22T15:58:52.273689,4111,379,error,high,lua,Lua error [FRAME_DESYNC]: Severe frame ID mismatch detected,0,0,-1,,
2026-03-22T15:59:02.689823,4111,148,error,high,lua,Lua error [FRAME_DESYNC]: Severe frame ID mismatch detected,0,0,-1,,
2026-03-22T15:59:11.815929,4112,128,error,high,lua,Lua error [FRAME_DESYNC]: Severe frame ID mismatch detected,0,0,-1,,
2026-03-22T15:59:34.761905,4113,335,error,high,lua,Lua error [FRAME_DESYNC]: Severe frame ID mismatch detected,0,0,-1,,
2026-03-22T15:59:47.978540,4114,149,error,high,lua,Lua error [FRAME_DESYNC]: Severe frame ID mismatch detected,0,0,-1,,
2026-03-22T15:59:51.783832,4115,48,error,high,lua,Lua error [FRAME_DESYNC]: Severe frame ID mismatch detected,0,0,-1,,
2026-03-22T16:00:00.152435,4117,116,error,high,lua,Lua error [FRAME_DESYNC]: Severe frame ID mismatch detected,0,0,-1,,
2026-03-22T16:00:20.544354,4117,298,error,high,lua,Lua error [FRAME_DESYNC]: Severe frame ID mismatch detected,0,0,-1,,
2026-03-22T16:00:40.398550,4119,230,error,high,lua,Lua error [FRAME_DESYNC]: Severe frame ID mismatch detected,0,0,-1,,
2026-03-22T16:01:03.534770,4120,339,error,high,lua,Lua error [FRAME_DESYNC]: Severe frame ID mismatch detected,0,0,-1,,
2026-03-22T16:01:06.993006,4120,44,error,high,lua,Lua error [FRAME_DESYNC]: Severe frame ID mismatch detected,0,0,-1,,
2026-03-22T16:01:15.145696,4121,105,error,high,lua,Lua error [FRAME_DESYNC]: Severe frame ID mismatch detected,0,0,-1,,
2026-03-22T16:01:37.175532,4122,322,error,high,lua,Lua error [FRAME_DESYNC]: Severe frame ID mismatch detected,0,0,-1,,
2026-03-22T16:01:49.794045,4123,146,error,high,lua,Lua error [FRAME_DESYNC]: Severe frame ID mismatch detected,0,0,-1,,
2026-03-22T16:02:06.277482,4124,238,error,high,lua,Lua error [FRAME_DESYNC]: Severe frame ID mismatch detected,0,0,-1,,
2026-03-22T16:02:13.148510,4125,66,error,high,lua,Lua error [FRAME_DESYNC]: Severe frame ID mismatch detected,0,0,-1,,
2026-03-22T16:02:17.342942,4126,54,error,high,lua,Lua error [FRAME_DESYNC]: Severe frame ID mismatch detected,0,0,-1,,
2026-03-22T16:02:20.936791,4127,45,error,high,lua,Lua error [FRAME_DESYNC]: Severe frame ID mismatch detected,0,0,-1,,
2026-03-22T16:02:24.712847,4128,48,error,high,lua,Lua error [FRAME_DESYNC]: Severe frame ID mismatch detected,0,0,-1,,
2026-03-22T16:02:33.798192,4129,127,error,high,lua,Lua error [FRAME_DESYNC]: Severe frame ID mismatch detected,0,0,-1,,
2026-03-22T16:03:04.364426,4130,450,error,high,lua,Lua error [FRAME_DESYNC]: Severe frame ID mismatch detected,0,0,-1,,
2026-03-22T16:03:47.090370,4133,316,error,high,lua,Lua error [FRAME_DESYNC]: Severe frame ID mismatch detected,0,0,-1,,
2026-03-22T16:04:07.786645,4133,303,error,high,lua,Lua error [FRAME_DESYNC]: Severe frame ID mismatch detected,0,0,-1,,
2026-03-22T16:04:19.024243,4134,127,error,high,lua,Lua error [FRAME_DESYNC]: Severe frame ID mismatch detected,0,0,-1,,
2026-03-22T16:04:34.376190,4135,221,error,high,lua,Lua error [FRAME_DESYNC]: Severe frame ID mismatch detected,0,0,-1,,
2026-03-22T16:04:38.868259,4136,59,error,high,lua,Lua error [FRAME_DESYNC]: Severe frame ID mismatch detected,0,0,-1,,
2026-03-22T16:04:41.952961,4137,36,error,high,lua,Lua error [FRAME_DESYNC]: Severe frame ID mismatch detected,0,0,-1,,
2026-03-22T16:05:08.052931,4138,383,error,high,lua,Lua error [FRAME_DESYNC]: Severe frame ID mismatch detected,0,0,-1,,
2026-03-22T16:05:24.808368,4139,203,error,high,lua,Lua error [FRAME_DESYNC]: Severe frame ID mismatch detected,0,0,-1,,
2026-03-22T16:05:41.048115,4140,235,error,high,lua,Lua error [FRAME_DESYNC]: Severe frame ID mismatch detected,0,0,-1,,
2026-03-22T16:05:56.406248,4141,192,error,high,lua,Lua error [FRAME_DESYNC]: Severe frame ID mismatch detected,0,0,-1,,
2026-03-22T16:06:00.302083,4142,50,error,high,lua,Lua error [FRAME_DESYNC]: Severe frame ID mismatch detected,0,0,-1,,
2026-03-22T16:06:32.280747,4144,229,error,high,lua,Lua error [FRAME_DESYNC]: Severe frame ID mismatch detected,0,0,-1,,
2026-03-22T16:06:45.058926,4145,183,error,high,lua,Lua error [FRAME_DESYNC]: Severe frame ID mismatch detected,0,0,-1,,
2026-03-22T16:07:04.143734,4146,278,error,high,lua,Lua error [FRAME_DESYNC]: Severe frame ID mismatch detected,0,0,-1,,
2026-03-22T16:07:23.999959,4147,289,error,high,lua,Lua error [FRAME_DESYNC]: Severe frame ID mismatch detected,0,0,-1,,
2026-03-22T16:07:42.530392,4148,237,error,high,lua,Lua error [FRAME_DESYNC]: Severe frame ID mismatch detected,0,0,-1,,
2026-03-22T16:07:50.583581,4149,112,error,high,lua,Lua error [FRAME_DESYNC]: Severe frame ID mismatch detected,0,0,-1,,
2026-03-22T16:08:15.791501,4150,370,error,high,lua,Lua error [FRAME_DESYNC]: Severe frame ID mismatch detected,0,0,-1,,
2026-03-22T16:08:21.782614,4151,41,error,high,lua,Lua error [FRAME_DESYNC]: Severe frame ID mismatch detected,0,0,-1,,
2026-03-22T16:08:53.766578,4153,426,error,high,lua,Lua error [FRAME_DESYNC]: Severe frame ID mismatch detected,0,0,-1,,
2026-03-22T16:08:57.639271,4153,50,error,high,lua,Lua error [FRAME_DESYNC]: Severe frame ID mismatch detected,0,0,-1,,
2026-03-22T16:09:15.492707,4154,260,error,high,lua,Lua error [FRAME_DESYNC]: Severe frame ID mismatch detected,0,0,-1,,
2026-03-22T16:09:24.401707,4155,125,error,high,lua,Lua error [FRAME_DESYNC]: Severe frame ID mismatch detected,0,0,-1,,
2026-03-22T16:09:39.420352,4156,217,error,high,lua,Lua error [FRAME_DESYNC]: Severe frame ID mismatch detected,0,0,-1,,
2026-03-22T16:09:50.391205,4157,156,error,high,lua,Lua error [FRAME_DESYNC]: Severe frame ID mismatch detected,0,0,-1,,
2026-03-22T16:09:59.436922,4159,126,error,high,lua,Lua error [FRAME_DESYNC]: Severe frame ID mismatch detected,0,0,-1,,
2026-03-22T16:10:08.876801,4159,134,error,high,lua,Lua error [FRAME_DESYNC]: Severe frame ID mismatch detected,0,0,-1,,
2026-03-22T16:10:19.053830,4160,144,error,high,lua,Lua error [FRAME_DESYNC]: Severe frame ID mismatch detected,0,0,-1,,
2026-03-22T16:10:43.597321,4162,62,error,high,lua,Lua error [FRAME_DESYNC]: Severe frame ID mismatch detected,0,0,-1,,
2026-03-22T16:11:13.397274,4164,163,error,high,lua,Lua error [FRAME_DESYNC]: Severe frame ID mismatch detected,0,0,-1,,
2026-03-22T16:11:31.466890,4165,263,error,high,lua,Lua error [FRAME_DESYNC]: Severe frame ID mismatch detected,0,0,-1,,
2026-03-22T16:11:37.374353,4166,48,error,high,lua,Lua error [FRAME_DESYNC]: Severe frame ID mismatch detected,0,0,-1,,
2026-03-22T16:11:46.394002,4167,127,error,high,lua,Lua error [FRAME_DESYNC]: Severe frame ID mismatch detected,0,0,-1,,
2026-03-22T16:11:50.485954,4168,52,error,high,lua,Lua error [FRAME_DESYNC]: Severe frame ID mismatch detected,0,0,-1,,
2026-03-22T16:12:00.187942,4169,136,error,high,lua,Lua error [FRAME_DESYNC]: Severe frame ID mismatch detected,0,0,-1,,
2026-03-22T16:12:06.760716,4170,90,error,high,lua,Lua error [FRAME_DESYNC]: Severe frame ID mismatch detected,0,0,-1,,
2026-03-22T16:12:10.635943,4171,49,error,high,lua,Lua error [FRAME_DESYNC]: Severe frame ID mismatch detected,0,0,-1,,
2026-03-22T16:12:34.413261,4172,348,error,high,lua,Lua error [FRAME_DESYNC]: Severe frame ID mismatch detected,0,0,-1,,
2026-03-22T16:12:50.060763,4173,188,error,high,lua,Lua error [FRAME_DESYNC]: Severe frame ID mismatch detected,0,0,-1,,
2026-03-22T16:13:02.600184,4174,179,error,high,lua,Lua error [FRAME_DESYNC]: Severe frame ID mismatch detected,0,0,-1,,
2026-03-22T16:13:20.526797,4175,261,error,high,lua,Lua error [FRAME_DESYNC]: Severe frame ID mismatch detected,0,0,-1,,
2026-03-22T16:13:35.511874,4176,216,error,high,lua,Lua error [FRAME_DESYNC]: Severe frame ID mismatch detected,0,0,-1,,
2026-03-22T16:14:01.309208,4177,378,error,high,lua,Lua error [FRAME_DESYNC]: Severe frame ID mismatch detected,0,0,-1,,
2026-03-22T16:14:30.736829,4179,122,error,high,lua,Lua error [FRAME_DESYNC]: Severe frame ID mismatch detected,0,0,-1,,
2026-03-22T16:14:54.222896,4180,344,error,high,lua,Lua error [FRAME_DESYNC]: Severe frame ID mismatch detected,0,0,-1,,
2026-03-22T16:15:23.399191,4181,391,error,high,lua,Lua error [FRAME_DESYNC]: Severe frame ID mismatch detected,0,0,-1,,
2026-03-22T16:15:52.251390,4182,382,error,high,lua,Lua error [FRAME_DESYNC]: Severe frame ID mismatch detected,0,0,-1,,
2026-03-22T16:15:58.059355,4183,38,error,high,lua,Lua error [FRAME_DESYNC]: Severe frame ID mismatch detected,0,0,-1,,
2026-03-22T16:16:12.052150,4184,201,error,high,lua,Lua error [FRAME_DESYNC]: Severe frame ID mismatch detected,0,0,-1,,
2026-03-22T16:16:23.084066,4185,156,error,high,lua,Lua error [FRAME_DESYNC]: Severe frame ID mismatch detected,0,0,-1,,
2026-03-22T16:16:27.350892,4186,55,error,high,lua,Lua error [FRAME_DESYNC]: Severe frame ID mismatch detected,0,0,-1,,
2026-03-22T16:16:36.179113,4187,124,error,high,lua,Lua error [FRAME_DESYNC]: Severe frame ID mismatch detected,0,0,-1,,
2026-03-22T16:16:55.579934,4188,282,error,high,lua,Lua error [FRAME_DESYNC]: Severe frame ID mismatch detected,0,0,-1,,
2026-03-22T16:17:24.914329,4190,133,error,high,lua,Lua error [FRAME_DESYNC]: Severe frame ID mismatch detected,0,0,-1,,
2026-03-22T16:17:39.674350,4191,213,error,high,lua,Lua error [FRAME_DESYNC]: Severe frame ID mismatch detected,0,0,-1,,
2026-03-22T16:17:48.515519,4192,124,error,high,lua,Lua error [FRAME_DESYNC]: Severe frame ID mismatch detected,0,0,-1,,
2026-03-22T16:17:52.394065,4193,49,error,high,lua,Lua error [FRAME_DESYNC]: Severe frame ID mismatch detected,0,0,-1,,
2026-03-22T16:18:23.256775,4195,257,error,high,lua,Lua error [FRAME_DESYNC]: Severe frame ID mismatch detected,0,0,-1,,
2026-03-22T16:19:01.324019,4198,62,error,high,lua,Lua error [FRAME_DESYNC]: Severe frame ID mismatch detected,0,0,-1,,
2026-03-22T16:19:18.809651,4198,255,error,high,lua,Lua error [FRAME_DESYNC]: Severe frame ID mismatch detected,0,0,-1,,
2026-03-22T16:19:24.954619,4199,54,error,high,lua,Lua error [FRAME_DESYNC]: Severe frame ID mismatch detected,0,0,-1,,
2026-03-22T16:19:52.686487,4200,407,error,high,lua,Lua error [FRAME_DESYNC]: Severe frame ID mismatch detected,0,0,-1,,
2026-03-22T16:20:03.983995,4201,115,error,high,lua,Lua error [FRAME_DESYNC]: Severe frame ID mismatch detected,0,0,-1,,
2026-03-22T16:20:08.449031,4202,57,error,high,lua,Lua error [FRAME_DESYNC]: Severe frame ID mismatch detected,0,0,-1,,
2026-03-22T16:20:11.954329,4203,44,error,high,lua,Lua error [FRAME_DESYNC]: Severe frame ID mismatch detected,0,0,-1,,
2026-03-22T16:20:30.706187,4204,273,error,high,lua,Lua error [FRAME_DESYNC]: Severe frame ID mismatch detected,0,0,-1,,
2026-03-22T16:21:00.540543,4206,118,error,high,lua,Lua error [FRAME_DESYNC]: Severe frame ID mismatch detected,0,0,-1,,
2026-03-22T16:21:09.052843,4208,118,error,high,lua,Lua error [FRAME_DESYNC]: Severe frame ID mismatch detected,0,0,-1,,
2026-03-22T16:21:29.433273,4208,298,error,high,lua,Lua error [FRAME_DESYNC]: Severe frame ID mismatch detected,0,0,-1,,
2026-03-22T16:21:35.615626,4210,49,error,high,lua,Lua error [FRAME_DESYNC]: Severe frame ID mismatch detected,0,0,-1,,
2026-03-22T16:21:40.440917,4211,64,error,high,lua,Lua error [FRAME_DESYNC]: Severe frame ID mismatch detected,0,0,-1,,
2026-03-22T16:22:08.627431,4211,415,error,high,lua,Lua error [FRAME_DESYNC]: Severe frame ID mismatch detected,0,0,-1,,
2026-03-22T16:22:15.100296,4212,42,error,high,lua,Lua error [FRAME_DESYNC]: Severe frame ID mismatch detected,0,0,-1,,
2026-03-22T16:22:25.183435,4213,142,error,high,lua,Lua error [FRAME_DESYNC]: Severe frame ID mismatch detected,0,0,-1,,
2026-03-22T16:22:29.226497,4214,52,error,high,lua,Lua error [FRAME_DESYNC]: Severe frame ID mismatch detected,0,0,-1,,
2026-03-22T16:22:33.126124,4215,50,error,high,lua,Lua error [FRAME_DESYNC]: Severe frame ID mismatch detected,0,0,-1,,
2026-03-22T16:22:46.615002,4216,193,error,high,lua,Lua error [FRAME_DESYNC]: Severe frame ID mismatch detected,0,0,-1,,
2026-03-22T16:23:00.714537,4217,179,error,high,lua,Lua error [FRAME_DESYNC]: Severe frame ID mismatch detected,0,0,-1,,
2026-03-22T16:23:16.189471,4218,223,error,high,lua,Lua error [FRAME_DESYNC]: Severe frame ID mismatch detected,0,0,-1,,
2026-03-22T16:23:22.687612,4219,89,error,high,lua,Lua error [FRAME_DESYNC]: Severe frame ID mismatch detected,0,0,-1,,
2026-03-22T16:23:31.289995,4220,120,error,high,lua,Lua error [FRAME_DESYNC]: Severe frame ID mismatch detected,0,0,-1,,
2026-03-22T16:23:41.640289,4221,130,error,high,lua,Lua error [FRAME_DESYNC]: Severe frame ID mismatch detected,0,0,-1,,
2026-03-22T16:23:45.317383,4222,46,error,high,lua,Lua error [FRAME_DESYNC]: Severe frame ID mismatch detected,0,0,-1,,
2026-03-22T16:24:00.625658,4223,221,error,high,lua,Lua error [FRAME_DESYNC]: Severe frame ID mismatch detected,0,0,-1,,
2026-03-22T16:24:03.703353,4224,37,error,high,lua,Lua error [FRAME_DESYNC]: Severe frame ID mismatch detected,0,0,-1,,
2026-03-22T16:24:06.988970,4225,40,error,high,lua,Lua error [FRAME_DESYNC]: Severe frame ID mismatch detected,0,0,-1,,
2026-03-22T16:24:12.739387,4226,77,error,high,lua,Lua error [FRAME_DESYNC]: Severe frame ID mismatch detected,0,0,-1,,
2026-03-22T16:24:22.872630,4227,143,error,high,lua,Lua error [FRAME_DESYNC]: Severe frame ID mismatch detected,0,0,-1,,
2026-03-22T16:24:36.948743,4228,202,error,high,lua,Lua error [FRAME_DESYNC]: Severe frame ID mismatch detected,0,0,-1,,
2026-03-22T16:24:40.342417,4229,43,error,high,lua,Lua error [FRAME_DESYNC]: Severe frame ID mismatch detected,0,0,-1,,
2026-03-22T16:24:43.803284,4230,43,error,high,lua,Lua error [FRAME_DESYNC]: Severe frame ID mismatch detected,0,0,-1,,
2026-03-22T16:24:57.119781,4232,192,error,high,lua,Lua error [FRAME_DESYNC]: Severe frame ID mismatch detected,0,0,-1,,
2026-03-22T16:25:14.842219,4232,258,error,high,lua,Lua error [FRAME_DESYNC]: Severe frame ID mismatch detected,0,0,-1,,
2026-03-22T16:25:43.394409,4233,420,error,high,lua,Lua error [FRAME_DESYNC]: Severe frame ID mismatch detected,0,0,-1,,
2026-03-22T16:25:50.876705,4234,56,error,high,lua,Lua error [FRAME_DESYNC]: Severe frame ID mismatch detected,0,0,-1,,
2026-03-22T16:25:59.395514,4235,119,error,high,lua,Lua error [FRAME_DESYNC]: Severe frame ID mismatch detected,0,0,-1,,
2026-03-22T16:26:14.654752,4236,220,error,high,lua,Lua error [FRAME_DESYNC]: Severe frame ID mismatch detected,0,0,-1,,
2026-03-22T16:26:21.524476,4237,68,error,high,lua,Lua error [FRAME_DESYNC]: Severe frame ID mismatch detected,0,0,-1,,
2026-03-22T16:26:57.381788,4240,359,error,high,lua,Lua error [FRAME_DESYNC]: Severe frame ID mismatch detected,0,0,-1,,
2026-03-22T16:27:00.892387,4240,45,error,high,lua,Lua error [FRAME_DESYNC]: Severe frame ID mismatch detected,0,0,-1,,
2026-03-22T16:27:04.870459,4241,44,error,high,lua,Lua error [FRAME_DESYNC]: Severe frame ID mismatch detected,0,0,-1,,
2026-03-22T16:27:16.965905,4242,172,error,high,lua,Lua error [FRAME_DESYNC]: Severe frame ID mismatch detected,0,0,-1,,
2026-03-22T16:27:34.886554,4243,261,error,high,lua,Lua error [FRAME_DESYNC]: Severe frame ID mismatch detected,0,0,-1,,
2026-03-22T16:27:44.811776,4244,108,error,high,lua,Lua error [FRAME_DESYNC]: Severe frame ID mismatch detected,0,0,-1,,
2026-03-22T16:27:49.446229,4245,61,error,high,lua,Lua error [FRAME_DESYNC]: Severe frame ID mismatch detected,0,0,-1,,
2026-03-22T16:27:52.973178,4246,45,error,high,lua,Lua error [FRAME_DESYNC]: Severe frame ID mismatch detected,0,0,-1,,
2026-03-22T16:28:04.377715,4247,162,error,high,lua,Lua error [FRAME_DESYNC]: Severe frame ID mismatch detected,0,0,-1,,
2026-03-22T16:28:07.654579,4249,40,error,high,lua,Lua error [FRAME_DESYNC]: Severe frame ID mismatch detected,0,0,-1,,
2026-03-22T16:28:11.609245,4249,51,error,high,lua,Lua error [FRAME_DESYNC]: Severe frame ID mismatch detected,0,0,-1,,
2026-03-22T16:28:15.213374,4251,44,error,high,lua,Lua error [FRAME_DESYNC]: Severe frame ID mismatch detected,0,0,-1,,
2026-03-22T16:28:23.630901,4252,118,error,high,lua,Lua error [FRAME_DESYNC]: Severe frame ID mismatch detected,0,0,-1,,
2026-03-22T16:28:41.866565,4252,266,error,high,lua,Lua error [FRAME_DESYNC]: Severe frame ID mismatch detected,0,0,-1,,
2026-03-22T16:28:46.207379,4253,56,error,high,lua,Lua error [FRAME_DESYNC]: Severe frame ID mismatch detected,0,0,-1,,
2026-03-22T16:29:07.350860,4254,308,error,high,lua,Lua error [FRAME_DESYNC]: Severe frame ID mismatch detected,0,0,-1,,
2026-03-22T16:29:32.408671,4255,331,error,high,lua,Lua error [FRAME_DESYNC]: Severe frame ID mismatch detected,0,0,-1,,
2026-03-22T16:29:38.410252,4257,42,error,high,lua,Lua error [FRAME_DESYNC]: Severe frame ID mismatch detected,0,0,-1,,
2026-03-22T16:29:59.504037,4257,308,error,high,lua,Lua error [FRAME_DESYNC]: Severe frame ID mismatch detected,0,0,-1,,
2026-03-22T16:30:05.353981,4258,45,error,high,lua,Lua error [FRAME_DESYNC]: Severe frame ID mismatch detected,0,0,-1,,
2026-03-22T16:30:09.463301,4259,52,error,high,lua,Lua error [FRAME_DESYNC]: Severe frame ID mismatch detected,0,0,-1,,
2026-03-22T16:30:22.574550,4260,188,error,high,lua,Lua error [FRAME_DESYNC]: Severe frame ID mismatch detected,0,0,-1,,
2026-03-22T16:30:28.257032,4262,54,error,high,lua,Lua error [FRAME_DESYNC]: Severe frame ID mismatch detected,0,0,-1,,
2026-03-22T16:30:36.286623,4262,112,error,high,lua,Lua error [FRAME_DESYNC]: Severe frame ID mismatch detected,0,0,-1,,
2026-03-22T16:31:02.658618,4263,387,error,high,lua,Lua error [FRAME_DESYNC]: Severe frame ID mismatch detected,0,0,-1,,
2026-03-22T16:31:30.512553,4264,368,error,high,lua,Lua error [FRAME_DESYNC]: Severe frame ID mismatch detected,0,0,-1,,
2026-03-22T16:31:37.950908,4265,62,error,high,lua,Lua error [FRAME_DESYNC]: Severe frame ID mismatch detected,0,0,-1,,
2026-03-22T16:31:41.848287,4267,49,error,high,lua,Lua error [FRAME_DESYNC]: Severe frame ID mismatch detected,0,0,-1,,
2026-03-22T16:32:24.323199,4268,357,error,high,lua,Lua error [FRAME_DESYNC]: Severe frame ID mismatch detected,0,0,-1,,
2026-03-22T16:32:32.333598,4269,70,error,high,lua,Lua error [FRAME_DESYNC]: Severe frame ID mismatch detected,0,0,-1,,
2026-03-22T16:32:45.421162,4270,187,error,high,lua,Lua error [FRAME_DESYNC]: Severe frame ID mismatch detected,0,0,-1,,
2026-03-22T16:32:48.915705,4271,43,error,high,lua,Lua error [FRAME_DESYNC]: Severe frame ID mismatch detected,0,0,-1,,
2026-03-22T16:32:56.656503,4273,106,error,high,lua,Lua error [FRAME_DESYNC]: Severe frame ID mismatch detected,0,0,-1,,
2026-03-22T16:33:11.312978,4274,212,error,high,lua,Lua error [FRAME_DESYNC]: Severe frame ID mismatch detected,0,0,-1,,
2026-03-22T16:33:17.684727,4274,88,error,high,lua,Lua error [FRAME_DESYNC]: Severe frame ID mismatch detected,0,0,-1,,
2026-03-22T16:33:43.158740,4275,373,error,high,lua,Lua error [FRAME_DESYNC]: Severe frame ID mismatch detected,0,0,-1,,
2026-03-22T16:33:53.336719,4277,104,error,high,lua,Lua error [FRAME_DESYNC]: Severe frame ID mismatch detected,0,0,-1,,
2026-03-22T16:34:12.177323,4278,36,error,high,lua,Lua error [FRAME_DESYNC]: Severe frame ID mismatch detected,0,0,-1,,
2026-03-22T16:34:31.180364,4279,277,error,high,lua,Lua error [FRAME_DESYNC]: Severe frame ID mismatch detected,0,0,-1,,
2026-03-22T16:35:13.442872,4282,117,error,high,lua,Lua error [FRAME_DESYNC]: Severe frame ID mismatch detected,0,0,-1,,
2026-03-22T16:35:27.635541,4283,204,error,high,lua,Lua error [FRAME_DESYNC]: Severe frame ID mismatch detected,0,0,-1,,
2026-03-22T16:36:02.644513,4285,248,error,high,lua,Lua error [FRAME_DESYNC]: Severe frame ID mismatch detected,0,0,-1,,
2026-03-22T16:36:11.169388,4287,119,error,high,lua,Lua error [FRAME_DESYNC]: Severe frame ID mismatch detected,0,0,-1,,
2026-03-22T16:36:27.437002,4287,236,error,high,lua,Lua error [FRAME_DESYNC]: Severe frame ID mismatch detected,0,0,-1,,
2026-03-22T16:36:58.485245,4289,45,error,high,lua,Lua error [FRAME_DESYNC]: Severe frame ID mismatch detected,0,0,-1,,
2026-03-22T16:37:35.191037,4291,267,error,high,lua,Lua error [FRAME_DESYNC]: Severe frame ID mismatch detected,0,0,-1,,
2026-03-22T16:37:50.182716,4292,186,error,high,lua,Lua error [FRAME_DESYNC]: Severe frame ID mismatch detected,0,0,-1,,
2026-03-22T16:38:05.540468,4293,221,error,high,lua,Lua error [FRAME_DESYNC]: Severe frame ID mismatch detected,0,0,-1,,
2026-03-22T16:38:10.415895,4294,65,error,high,lua,Lua error [FRAME_DESYNC]: Severe frame ID mismatch detected,0,0,-1,,
2026-03-22T16:38:18.736218,4295,116,error,high,lua,Lua error [FRAME_DESYNC]: Severe frame ID mismatch detected,0,0,-1,,
2026-03-22T16:38:38.718769,4296,291,error,high,lua,Lua error [FRAME_DESYNC]: Severe frame ID mismatch detected,0,0,-1,,
2026-03-22T16:39:01.182100,4297,297,error,high,lua,Lua error [FRAME_DESYNC]: Severe frame ID mismatch detected,0,0,-1,,
2026-03-22T16:39:04.975126,4298,48,error,high,lua,Lua error [FRAME_DESYNC]: Severe frame ID mismatch detected,0,0,-1,,
2026-03-22T16:39:13.632103,4300,121,error,high,lua,Lua error [FRAME_DESYNC]: Severe frame ID mismatch detected,0,0,-1,,
2026-03-22T16:39:39.451313,4301,120,error,high,lua,Lua error [FRAME_DESYNC]: Severe frame ID mismatch detected,0,0,-1,,
2026-03-22T16:39:47.355289,4303,110,error,high,lua,Lua error [FRAME_DESYNC]: Severe frame ID mismatch detected,0,0,-1,,
2026-03-22T16:39:51.515496,4303,54,error,high,lua,Lua error [FRAME_DESYNC]: Severe frame ID mismatch detected,0,0,-1,,
2026-03-22T16:40:07.261242,4304,226,error,high,lua,Lua error [FRAME_DESYNC]: Severe frame ID mismatch detected,0,0,-1,,
2026-03-22T16:40:34.715246,4305,376,error,high,lua,Lua error [FRAME_DESYNC]: Severe frame ID mismatch detected,0,0,-1,,
2026-03-22T16:40:41.370517,4306,50,error,high,lua,Lua error [FRAME_DESYNC]: Severe frame ID mismatch detected,0,0,-1,,
2026-03-22T16:40:55.563071,4307,203,error,high,lua,Lua error [FRAME_DESYNC]: Severe frame ID mismatch detected,0,0,-1,,
2026-03-22T16:41:04.448107,4308,125,error,high,lua,Lua error [FRAME_DESYNC]: Severe frame ID mismatch detected,0,0,-1,,
2026-03-22T16:41:08.082575,4309,46,error,high,lua,Lua error [FRAME_DESYNC]: Severe frame ID mismatch detected,0,0,-1,,
2026-03-22T16:41:26.052140,4310,262,error,high,lua,Lua error [FRAME_DESYNC]: Severe frame ID mismatch detected,0,0,-1,,
2026-03-22T16:41:32.402470,4311,56,error,high,lua,Lua error [FRAME_DESYNC]: Severe frame ID mismatch detected,0,0,-1,,
2026-03-22T16:41:56.828097,4312,358,error,high,lua,Lua error [FRAME_DESYNC]: Severe frame ID mismatch detected,0,0,-1,,
2026-03-22T16:42:22.119312,4313,333,error,high,lua,Lua error [FRAME_DESYNC]: Severe frame ID mismatch detected,0,0,-1,,
2026-03-22T16:42:57.832539,4315,262,error,high,lua,Lua error [FRAME_DESYNC]: Severe frame ID mismatch detected,0,0,-1,,
2026-03-22T16:43:20.372816,4317,295,error,high,lua,Lua error [FRAME_DESYNC]: Severe frame ID mismatch detected,0,0,-1,,
2026-03-22T16:43:34.666887,4318,207,error,high,lua,Lua error [FRAME_DESYNC]: Severe frame ID mismatch detected,0,0,-1,,
2026-03-22T16:43:44.383619,4318,138,error,high,lua,Lua error [FRAME_DESYNC]: Severe frame ID mismatch detected,0,0,-1,,
2026-03-22T16:43:55.098643,4319,151,error,high,lua,Lua error [FRAME_DESYNC]: Severe frame ID mismatch detected,0,0,-1,,
2026-03-22T16:44:04.849281,4320,137,error,high,lua,Lua error [FRAME_DESYNC]: Severe frame ID mismatch detected,0,0,-1,,
2026-03-22T16:44:21.571594,4321,224,error,high,lua,Lua error [FRAME_DESYNC]: Severe frame ID mismatch detected,0,0,-1,,
2026-03-22T16:45:04.500058,4323,327,error,high,lua,Lua error [FRAME_DESYNC]: Severe frame ID mismatch detected,0,0,-1,,
2026-03-22T16:45:22.853508,4324,228,error,high,lua,Lua error [FRAME_DESYNC]: Severe frame ID mismatch detected,0,0,-1,,
2026-03-22T16:45:44.687769,4326,319,error,high,lua,Lua error [FRAME_DESYNC]: Severe frame ID mismatch detected,0,0,-1,,
2026-03-22T16:46:00.807079,4327,49,error,high,lua,Lua error [FRAME_DESYNC]: Severe frame ID mismatch detected,0,0,-1,,
2026-03-22T16:46:05.282416,4328,58,error,high,lua,Lua error [FRAME_DESYNC]: Severe frame ID mismatch detected,0,0,-1,,
2026-03-22T16:46:33.552637,4329,415,error,high,lua,Lua error [FRAME_DESYNC]: Severe frame ID mismatch detected,0,0,-1,,
2026-03-22T16:47:06.115334,4331,237,error,high,lua,Lua error [FRAME_DESYNC]: Severe frame ID mismatch detected,0,0,-1,,
2026-03-22T16:47:25.648665,4333,231,error,high,lua,Lua error [FRAME_DESYNC]: Severe frame ID mismatch detected,0,0,-1,,
2026-03-22T16:48:05.685037,4334,227,error,high,lua,Lua error [FRAME_DESYNC]: Severe frame ID mismatch detected,0,0,-1,,
2026-03-22T16:48:22.455341,4335,243,error,high,lua,Lua error [FRAME_DESYNC]: Severe frame ID mismatch detected,0,0,-1,,
2026-03-22T16:48:45.541579,4338,65,error,high,lua,Lua error [FRAME_DESYNC]: Severe frame ID mismatch detected,0,0,-1,,
2026-03-22T16:49:03.843309,4338,267,error,high,lua,Lua error [FRAME_DESYNC]: Severe frame ID mismatch detected,0,0,-1,,
2026-03-22T16:49:09.799715,4339,50,error,high,lua,Lua error [FRAME_DESYNC]: Severe frame ID mismatch detected,0,0,-1,,
2026-03-22T16:49:15.448353,4341,66,error,high,lua,Lua error [FRAME_DESYNC]: Severe frame ID mismatch detected,0,0,-1,,
2026-03-22T16:49:24.876093,4341,133,error,high,lua,Lua error [FRAME_DESYNC]: Severe frame ID mismatch detected,0,0,-1,,
2026-03-22T16:49:59.311104,4343,48,error,high,lua,Lua error [FRAME_DESYNC]: Severe frame ID mismatch detected,0,0,-1,,
2026-03-22T16:50:02.845473,4345,43,error,high,lua,Lua error [FRAME_DESYNC]: Severe frame ID mismatch detected,0,0,-1,,
2026-03-22T16:50:07.087295,4346,56,error,high,lua,Lua error [FRAME_DESYNC]: Severe frame ID mismatch detected,0,0,-1,,
2026-03-22T16:50:12.795717,4346,78,error,high,lua,Lua error [FRAME_DESYNC]: Severe frame ID mismatch detected,0,0,-1,,
2026-03-22T16:50:20.642725,4347,109,error,high,lua,Lua error [FRAME_DESYNC]: Severe frame ID mismatch detected,0,0,-1,,
2026-03-22T16:50:38.169157,4348,255,error,high,lua,Lua error [FRAME_DESYNC]: Severe frame ID mismatch detected,0,0,-1,,
2026-03-22T16:51:11.778227,4351,198,error,high,lua,Lua error [FRAME_DESYNC]: Severe frame ID mismatch detected,0,0,-1,,
2026-03-22T16:51:29.446110,4351,258,error,high,lua,Lua error [FRAME_DESYNC]: Severe frame ID mismatch detected,0,0,-1,,
2026-03-22T16:51:36.411985,4353,66,error,high,lua,Lua error [FRAME_DESYNC]: Severe frame ID mismatch detected,0,0,-1,,
2026-03-22T16:51:51.724806,4353,222,error,high,lua,Lua error [FRAME_DESYNC]: Severe frame ID mismatch detected,0,0,-1,,
2026-03-22T16:52:07.283408,4354,200,error,high,lua,Lua error [FRAME_DESYNC]: Severe frame ID mismatch detected,0,0,-1,,
2026-03-22T16:52:22.480017,4356,219,error,high,lua,Lua error [FRAME_DESYNC]: Severe frame ID mismatch detected,0,0,-1,,
2026-03-22T16:52:26.359012,4356,50,error,high,lua,Lua error [FRAME_DESYNC]: Severe frame ID mismatch detected,0,0,-1,,
2026-03-22T16:52:44.977172,4357,270,error,high,lua,Lua error [FRAME_DESYNC]: Severe frame ID mismatch detected,0,0,-1,,
2026-03-22T16:52:48.896695,4358,49,error,high,lua,Lua error [FRAME_DESYNC]: Severe frame ID mismatch detected,0,0,-1,,
2026-03-22T16:52:52.390846,4359,44,error,high,lua,Lua error [FRAME_DESYNC]: Severe frame ID mismatch detected,0,0,-1,,
2026-03-22T16:53:00.337950,4361,97,error,high,lua,Lua error [FRAME_DESYNC]: Severe frame ID mismatch detected,0,0,-1,,
2026-03-22T16:53:03.972040,4361,47,error,high,lua,Lua error [FRAME_DESYNC]: Severe frame ID mismatch detected,0,0,-1,,
2026-03-22T16:53:07.589989,4363,45,error,high,lua,Lua error [FRAME_DESYNC]: Severe frame ID mismatch detected,0,0,-1,,
2026-03-22T16:53:11.493145,4363,50,error,high,lua,Lua error [FRAME_DESYNC]: Severe frame ID mismatch detected,0,0,-1,,
2026-03-22T16:53:14.920652,4364,42,error,high,lua,Lua error [FRAME_DESYNC]: Severe frame ID mismatch detected,0,0,-1,,
2026-03-22T16:53:59.446666,4366,225,error,high,lua,Lua error [FRAME_DESYNC]: Severe frame ID mismatch detected,0,0,-1,,
2026-03-22T16:54:04.788093,4367,71,error,high,lua,Lua error [FRAME_DESYNC]: Severe frame ID mismatch detected,0,0,-1,,
2026-03-22T16:54:14.488144,4368,136,error,high,lua,Lua error [FRAME_DESYNC]: Severe frame ID mismatch detected,0,0,-1,,
2026-03-22T16:54:32.475085,4369,261,error,high,lua,Lua error [FRAME_DESYNC]: Severe frame ID mismatch detected,0,0,-1,,
2026-03-22T16:54:56.086806,4371,50,error,high,lua,Lua error [FRAME_DESYNC]: Severe frame ID mismatch detected,0,0,-1,,
2026-03-22T16:55:12.159289,4373,59,error,high,lua,Lua error [FRAME_DESYNC]: Severe frame ID mismatch detected,0,0,-1,,
2026-03-22T16:55:16.190391,4375,51,error,high,lua,Lua error [FRAME_DESYNC]: Severe frame ID mismatch detected,0,0,-1,,
2026-03-22T16:55:33.346240,4375,250,error,high,lua,Lua error [FRAME_DESYNC]: Severe frame ID mismatch detected,0,0,-1,,
2026-03-22T16:55:46.768182,4377,193,error,high,lua,Lua error [FRAME_DESYNC]: Severe frame ID mismatch detected,0,0,-1,,
2026-03-22T16:55:50.336193,4377,45,error,high,lua,Lua error [FRAME_DESYNC]: Severe frame ID mismatch detected,0,0,-1,,
2026-03-22T16:55:54.439886,4378,53,error,high,lua,Lua error [FRAME_DESYNC]: Severe frame ID mismatch detected,0,0,-1,,
2026-03-22T16:56:14.073038,4379,286,error,high,lua,Lua error [FRAME_DESYNC]: Severe frame ID mismatch detected,0,0,-1,,
2026-03-22T16:56:34.460517,4381,239,error,high,lua,Lua error [FRAME_DESYNC]: Severe frame ID mismatch detected,0,0,-1,,
2026-03-22T16:56:54.822688,4381,298,error,high,lua,Lua error [FRAME_DESYNC]: Severe frame ID mismatch detected,0,0,-1,,
2026-03-22T16:57:16.769909,4382,287,error,high,lua,Lua error [FRAME_DESYNC]: Severe frame ID mismatch detected,0,0,-1,,
2026-03-22T16:57:26.675210,4384,140,error,high,lua,Lua error [FRAME_DESYNC]: Severe frame ID mismatch detected,0,0,-1,,
2026-03-22T16:57:56.509059,4385,56,error,high,lua,Lua error [FRAME_DESYNC]: Severe frame ID mismatch detected,0,0,-1,,
2026-03-22T16:57:59.898621,4386,41,error,high,lua,Lua error [FRAME_DESYNC]: Severe frame ID mismatch detected,0,0,-1,,
2026-03-22T16:58:06.736898,4387,94,error,high,lua,Lua error [FRAME_DESYNC]: Severe frame ID mismatch detected,0,0,-1,,
2026-03-22T16:58:21.012419,4388,205,error,high,lua,Lua error [FRAME_DESYNC]: Severe frame ID mismatch detected,0,0,-1,,
2026-03-22T16:58:24.900814,4390,48,error,high,lua,Lua error [FRAME_DESYNC]: Severe frame ID mismatch detected,0,0,-1,,
2026-03-22T16:58:37.254272,4390,177,error,high,lua,Lua error [FRAME_DESYNC]: Severe frame ID mismatch detected,0,0,-1,,
2026-03-22T16:59:05.322402,4391,412,error,high,lua,Lua error [FRAME_DESYNC]: Severe frame ID mismatch detected,0,0,-1,,
2026-03-22T16:59:23.426746,4392,218,error,high,lua,Lua error [FRAME_DESYNC]: Severe frame ID mismatch detected,0,0,-1,,
2026-03-22T16:59:37.419122,4393,173,error,high,lua,Lua error [FRAME_DESYNC]: Severe frame ID mismatch detected,0,0,-1,,
2026-03-22T17:00:04.492084,4394,397,error,high,lua,Lua error [FRAME_DESYNC]: Severe frame ID mismatch detected,0,0,-1,,
2026-03-22T17:00:11.135749,4395,48,error,high,lua,Lua error [FRAME_DESYNC]: Severe frame ID mismatch detected,0,0,-1,,
2026-03-22T17:00:55.489484,4397,402,error,high,lua,Lua error [FRAME_DESYNC]: Severe frame ID mismatch detected,0,0,-1,,
2026-03-22T17:01:06.210158,4399,108,error,high,lua,Lua error [FRAME_DESYNC]: Severe frame ID mismatch detected,0,0,-1,,
2026-03-22T17:01:27.535303,4399,312,error,high,lua,Lua error [FRAME_DESYNC]: Severe frame ID mismatch detected,0,0,-1,,
2026-03-22T17:01:41.645336,4400,170,error,high,lua,Lua error [FRAME_DESYNC]: Severe frame ID mismatch detected,0,0,-1,,
2026-03-22T17:02:20.412733,4402,500,error,high,lua,Lua error [FRAME_DESYNC]: Severe frame ID mismatch detected,0,0,-1,,
2026-03-22T17:02:39.688089,4402,281,error,high,lua,Lua error [FRAME_DESYNC]: Severe frame ID mismatch detected,0,0,-1,,
2026-03-22T17:02:45.706240,4403,48,error,high,lua,Lua error [FRAME_DESYNC]: Severe frame ID mismatch detected,0,0,-1,,
2026-03-22T17:02:49.183487,4404,44,error,high,lua,Lua error [FRAME_DESYNC]: Severe frame ID mismatch detected,0,0,-1,,
2026-03-22T17:03:02.678860,4406,193,error,high,lua,Lua error [FRAME_DESYNC]: Severe frame ID mismatch detected,0,0,-1,,
2026-03-22T17:03:15.872172,4406,190,error,high,lua,Lua error [FRAME_DESYNC]: Severe frame ID mismatch detected,0,0,-1,,
2026-03-22T17:03:26.446973,4408,126,error,high,lua,Lua error [FRAME_DESYNC]: Severe frame ID mismatch detected,0,0,-1,,
2026-03-22T17:03:35.456684,4408,127,error,high,lua,Lua error [FRAME_DESYNC]: Severe frame ID mismatch detected,0,0,-1,,
2026-03-22T17:03:45.068735,4409,134,error,high,lua,Lua error [FRAME_DESYNC]: Severe frame ID mismatch detected,0,0,-1,,
2026-03-22T17:03:48.097202,4410,37,error,high,lua,Lua error [FRAME_DESYNC]: Severe frame ID mismatch detected,0,0,-1,,
2026-03-22T17:03:54.952894,4411,94,error,high,lua,Lua error [FRAME_DESYNC]: Severe frame ID mismatch detected,0,0,-1,,
2026-03-22T17:03:59.311846,4412,56,error,high,lua,Lua error [FRAME_DESYNC]: Severe frame ID mismatch detected,0,0,-1,,
2026-03-22T17:04:06.383646,4413,98,error,high,lua,Lua error [FRAME_DESYNC]: Severe frame ID mismatch detected,0,0,-1,,
2026-03-22T17:04:33.304338,4415,38,error,high,lua,Lua error [FRAME_DESYNC]: Severe frame ID mismatch detected,0,0,-1,,
2026-03-22T17:04:37.819352,4416,59,error,high,lua,Lua error [FRAME_DESYNC]: Severe frame ID mismatch detected,0,0,-1,,
2026-03-22T17:04:51.361986,4418,193,error,high,lua,Lua error [FRAME_DESYNC]: Severe frame ID mismatch detected,0,0,-1,,
2026-03-22T17:04:56.390192,4419,67,error,high,lua,Lua error [FRAME_DESYNC]: Severe frame ID mismatch detected,0,0,-1,,
2026-03-22T17:05:04.426734,4419,113,error,high,lua,Lua error [FRAME_DESYNC]: Severe frame ID mismatch detected,0,0,-1,,
2026-03-22T17:05:07.897293,4420,44,error,high,lua,Lua error [FRAME_DESYNC]: Severe frame ID mismatch detected,0,0,-1,,
2026-03-22T17:05:24.210907,4421,228,error,high,lua,Lua error [FRAME_DESYNC]: Severe frame ID mismatch detected,0,0,-1,,
2026-03-22T17:05:39.295039,4422,218,error,high,lua,Lua error [FRAME_DESYNC]: Severe frame ID mismatch detected,0,0,-1,,
2026-03-22T17:06:05.567945,4423,385,error,high,lua,Lua error [FRAME_DESYNC]: Severe frame ID mismatch detected,0,0,-1,,
2026-03-22T17:06:12.889605,4424,59,error,high,lua,Lua error [FRAME_DESYNC]: Severe frame ID mismatch detected,0,0,-1,,
2026-03-22T17:06:20.948280,4425,112,error,high,lua,Lua error [FRAME_DESYNC]: Severe frame ID mismatch detected,0,0,-1,,
2026-03-22T17:07:07.699597,4427,179,error,high,lua,Lua error [FRAME_DESYNC]: Severe frame ID mismatch detected,0,0,-1,,
2026-03-22T17:07:35.352471,4428,407,error,high,lua,Lua error [FRAME_DESYNC]: Severe frame ID mismatch detected,0,0,-1,,
2026-03-22T17:07:54.370922,4429,233,error,high,lua,Lua error [FRAME_DESYNC]: Severe frame ID mismatch detected,0,0,-1,,
2026-03-22T17:08:07.001725,4430,181,error,high,lua,Lua error [FRAME_DESYNC]: Severe frame ID mismatch detected,0,0,-1,,
2026-03-22T17:08:13.507004,4431,89,error,high,lua,Lua error [FRAME_DESYNC]: Severe frame ID mismatch detected,0,0,-1,,
2026-03-22T17:08:24.005379,4432,148,error,high,lua,Lua error [FRAME_DESYNC]: Severe frame ID mismatch detected,0,0,-1,,
2026-03-22T17:08:38.697390,4434,212,error,high,lua,Lua error [FRAME_DESYNC]: Severe frame ID mismatch detected,0,0,-1,,
2026-03-22T17:08:48.098673,4434,133,error,high,lua,Lua error [FRAME_DESYNC]: Severe frame ID mismatch detected,0,0,-1,,
2026-03-22T17:08:58.432348,4435,146,error,high,lua,Lua error [FRAME_DESYNC]: Severe frame ID mismatch detected,0,0,-1,,
2026-03-22T17:09:08.282297,4436,140,error,high,lua,Lua error [FRAME_DESYNC]: Severe frame ID mismatch detected,0,0,-1,,
2026-03-22T17:09:17.707930,4438,132,error,high,lua,Lua error [FRAME_DESYNC]: Severe frame ID mismatch detected,0,0,-1,,
2026-03-22T17:09:23.425493,4438,78,error,high,lua,Lua error [FRAME_DESYNC]: Severe frame ID mismatch detected,0,0,-1,,
2026-03-22T17:09:27.150304,4439,48,error,high,lua,Lua error [FRAME_DESYNC]: Severe frame ID mismatch detected,0,0,-1,,
2026-03-22T17:09:41.460510,4440,206,error,high,lua,Lua error [FRAME_DESYNC]: Severe frame ID mismatch detected,0,0,-1,,
2026-03-22T17:09:47.284319,4441,53,error,high,lua,Lua error [FRAME_DESYNC]: Severe frame ID mismatch detected,0,0,-1,,
2026-03-22T17:09:52.075784,4442,63,error,high,lua,Lua error [FRAME_DESYNC]: Severe frame ID mismatch detected,0,0,-1,,
2026-03-22T17:09:55.287304,4443,39,error,high,lua,Lua error [FRAME_DESYNC]: Severe frame ID mismatch detected,0,0,-1,,
2026-03-22T17:10:06.585466,4444,161,error,high,lua,Lua error [FRAME_DESYNC]: Severe frame ID mismatch detected,0,0,-1,,
2026-03-22T17:10:19.065397,4445,179,error,high,lua,Lua error [FRAME_DESYNC]: Severe frame ID mismatch detected,0,0,-1,,
2026-03-22T17:10:33.977790,4447,215,error,high,lua,Lua error [FRAME_DESYNC]: Severe frame ID mismatch detected,0,0,-1,,
2026-03-22T17:11:00.296806,4447,387,error,high,lua,Lua error [FRAME_DESYNC]: Severe frame ID mismatch detected,0,0,-1,,
2026-03-22T17:11:20.130170,4448,289,error,high,lua,Lua error [FRAME_DESYNC]: Severe frame ID mismatch detected,0,0,-1,,
2026-03-22T17:11:28.094631,4450,78,error,high,lua,Lua error [FRAME_DESYNC]: Severe frame ID mismatch detected,0,0,-1,,
2026-03-22T17:12:07.351334,4451,318,error,high,lua,Lua error [FRAME_DESYNC]: Severe frame ID mismatch detected,0,0,-1,,
2026-03-22T17:12:23.930167,4452,239,error,high,lua,Lua error [FRAME_DESYNC]: Severe frame ID mismatch detected,0,0,-1,,
2026-03-22T17:12:33.791610,4453,113,error,high,lua,Lua error [FRAME_DESYNC]: Severe frame ID mismatch detected,0,0,-1,,
2026-03-22T17:12:44.416994,4455,150,error,high,lua,Lua error [FRAME_DESYNC]: Severe frame ID mismatch detected,0,0,-1,,
2026-03-22T17:12:48.159050,4455,48,error,high,lua,Lua error [FRAME_DESYNC]: Severe frame ID mismatch detected,0,0,-1,,
2026-03-22T17:13:07.335420,4456,279,error,high,lua,Lua error [FRAME_DESYNC]: Severe frame ID mismatch detected,0,0,-1,,
2026-03-22T17:13:17.435907,4458,113,error,high,lua,Lua error [FRAME_DESYNC]: Severe frame ID mismatch detected,0,0,-1,,
2026-03-22T17:13:32.011495,4458,211,error,high,lua,Lua error [FRAME_DESYNC]: Severe frame ID mismatch detected,0,0,-1,,
2026-03-22T17:13:51.867465,4459,289,error,high,lua,Lua error [FRAME_DESYNC]: Severe frame ID mismatch detected,0,0,-1,,
2026-03-22T17:13:55.404736,4461,37,error,high,lua,Lua error [FRAME_DESYNC]: Severe frame ID mismatch detected,0,0,-1,,
2026-03-22T17:14:17.052865,4461,317,error,high,lua,Lua error [FRAME_DESYNC]: Severe frame ID mismatch detected,0,0,-1,,
2026-03-22T17:14:38.334826,4462,275,error,high,lua,Lua error [FRAME_DESYNC]: Severe frame ID mismatch detected,0,0,-1,,
2026-03-22T17:14:49.356685,4463,125,error,high,lua,Lua error [FRAME_DESYNC]: Severe frame ID mismatch detected,0,0,-1,,
2026-03-22T17:14:57.153630,4464,109,error,high,lua,Lua error [FRAME_DESYNC]: Severe frame ID mismatch detected,0,0,-1,,
2026-03-22T17:15:33.913581,4466,543,error,high,lua,Lua error [FRAME_DESYNC]: Severe frame ID mismatch detected,0,0,-1,,
2026-03-22T17:15:37.652667,4466,48,error,high,lua,Lua error [FRAME_DESYNC]: Severe frame ID mismatch detected,0,0,-1,,
2026-03-22T17:15:40.964775,4467,40,error,high,lua,Lua error [FRAME_DESYNC]: Severe frame ID mismatch detected,0,0,-1,,
2026-03-22T17:16:01.014123,4468,292,error,high,lua,Lua error [FRAME_DESYNC]: Severe frame ID mismatch detected,0,0,-1,,
2026-03-22T17:16:04.558311,4469,44,error,high,lua,Lua error [FRAME_DESYNC]: Severe frame ID mismatch detected,0,0,-1,,
2026-03-22T17:16:13.333153,4470,122,error,high,lua,Lua error [FRAME_DESYNC]: Severe frame ID mismatch detected,0,0,-1,,
2026-03-22T17:16:33.975778,4472,51,error,high,lua,Lua error [FRAME_DESYNC]: Severe frame ID mismatch detected,0,0,-1,,
2026-03-22T17:16:37.886491,4473,49,error,high,lua,Lua error [FRAME_DESYNC]: Severe frame ID mismatch detected,0,0,-1,,
2026-03-22T17:16:47.144822,4474,130,error,high,lua,Lua error [FRAME_DESYNC]: Severe frame ID mismatch detected,0,0,-1,,
2026-03-22T17:17:18.186218,4475,456,error,high,lua,Lua error [FRAME_DESYNC]: Severe frame ID mismatch detected,0,0,-1,,
2026-03-22T17:17:27.270946,4476,128,error,high,lua,Lua error [FRAME_DESYNC]: Severe frame ID mismatch detected,0,0,-1,,
2026-03-22T17:17:36.955479,4477,137,error,high,lua,Lua error [FRAME_DESYNC]: Severe frame ID mismatch detected,0,0,-1,,
2026-03-22T17:17:54.709725,4479,93,error,high,lua,Lua error [FRAME_DESYNC]: Severe frame ID mismatch detected,0,0,-1,,
2026-03-22T17:18:10.915377,4480,235,error,high,lua,Lua error [FRAME_DESYNC]: Severe frame ID mismatch detected,0,0,-1,,
2026-03-22T17:18:36.472913,4481,346,error,high,lua,Lua error [FRAME_DESYNC]: Severe frame ID mismatch detected,0,0,-1,,
2026-03-22T17:18:56.822375,4482,256,error,high,lua,Lua error [FRAME_DESYNC]: Severe frame ID mismatch detected,0,0,-1,,
2026-03-22T17:19:20.316900,4483,316,error,high,lua,Lua error [FRAME_DESYNC]: Severe frame ID mismatch detected,0,0,-1,,
2026-03-22T17:19:25.924612,4484,38,error,high,lua,Lua error [FRAME_DESYNC]: Severe frame ID mismatch detected,0,0,-1,,
2026-03-22T17:19:31.848820,4485,79,error,high,lua,Lua error [FRAME_DESYNC]: Severe frame ID mismatch detected,0,0,-1,,
2026-03-22T17:19:42.453103,4486,150,error,high,lua,Lua error [FRAME_DESYNC]: Severe frame ID mismatch detected,0,0,-1,,
2026-03-22T17:19:51.054907,4487,120,error,high,lua,Lua error [FRAME_DESYNC]: Severe frame ID mismatch detected,0,0,-1,,
2026-03-22T17:20:10.634257,4488,286,error,high,lua,Lua error [FRAME_DESYNC]: Severe frame ID mismatch detected,0,0,-1,,
2026-03-22T17:20:22.766831,4490,172,error,high,lua,Lua error [FRAME_DESYNC]: Severe frame ID mismatch detected,0,0,-1,,
2026-03-22T17:20:31.185792,4490,118,error,high,lua,Lua error [FRAME_DESYNC]: Severe frame ID mismatch detected,0,0,-1,,
2026-03-22T17:20:40.862685,4491,137,error,high,lua,Lua error [FRAME_DESYNC]: Severe frame ID mismatch detected,0,0,-1,,
2026-03-22T17:20:55.043310,4492,204,error,high,lua,Lua error [FRAME_DESYNC]: Severe frame ID mismatch detected,0,0,-1,,
2026-03-22T17:20:59.231997,4493,54,error,high,lua,Lua error [FRAME_DESYNC]: Severe frame ID mismatch detected,0,0,-1,,
2026-03-22T17:21:23.692899,4494,359,error,high,lua,Lua error [FRAME_DESYNC]: Severe frame ID mismatch detected,0,0,-1,,
2026-03-22T17:21:42.676750,4495,235,error,high,lua,Lua error [FRAME_DESYNC]: Severe frame ID mismatch detected,0,0,-1,,
2026-03-22T17:22:11.314128,4496,393,error,high,lua,Lua error [FRAME_DESYNC]: Severe frame ID mismatch detected,0,0,-1,,
2026-03-22T17:22:17.683956,4498,43,error,high,lua,Lua error [FRAME_DESYNC]: Severe frame ID mismatch detected,0,0,-1,,
2026-03-22T17:22:26.188387,4498,120,error,high,lua,Lua error [FRAME_DESYNC]: Severe frame ID mismatch detected,0,0,-1,,
2026-03-22T17:22:41.447405,4499,219,error,high,lua,Lua error [FRAME_DESYNC]: Severe frame ID mismatch detected,0,0,-1,,
2026-03-22T17:22:47.253192,4500,52,error,high,lua,Lua error [FRAME_DESYNC]: Severe frame ID mismatch detected,0,0,-1,,
2026-03-22T17:22:51.945860,4501,53,error,high,lua,Lua error [FRAME_DESYNC]: Severe frame ID mismatch detected,0,0,-1,,
2026-03-22T17:23:24.824227,4502,483,error,high,lua,Lua error [FRAME_DESYNC]: Severe frame ID mismatch detected,0,0,-1,,
2026-03-22T17:23:36.174323,4503,106,error,high,lua,Lua error [FRAME_DESYNC]: Severe frame ID mismatch detected,0,0,-1,,
2026-03-22T17:23:48.407637,4504,175,error,high,lua,Lua error [FRAME_DESYNC]: Severe frame ID mismatch detected,0,0,-1,,
2026-03-22T17:23:56.694766,4505,115,error,high,lua,Lua error [FRAME_DESYNC]: Severe frame ID mismatch detected,0,0,-1,,
2026-03-22T17:24:05.240164,4506,119,error,high,lua,Lua error [FRAME_DESYNC]: Severe frame ID mismatch detected,0,0,-1,,
2026-03-22T17:24:09.000738,4507,47,error,high,lua,Lua error [FRAME_DESYNC]: Severe frame ID mismatch detected,0,0,-1,,
2026-03-22T17:24:34.775451,4508,377,error,high,lua,Lua error [FRAME_DESYNC]: Severe frame ID mismatch detected,0,0,-1,,
2026-03-22T17:24:38.385055,4510,45,error,high,lua,Lua error [FRAME_DESYNC]: Severe frame ID mismatch detected,0,0,-1,,
2026-03-22T17:24:41.846514,4510,44,error,high,lua,Lua error [FRAME_DESYNC]: Severe frame ID mismatch detected,0,0,-1,,
2026-03-22T17:24:47.654467,4511,78,error,high,lua,Lua error [FRAME_DESYNC]: Severe frame ID mismatch detected,0,0,-1,,
2026-03-22T17:25:07.520094,4512,290,error,high,lua,Lua error [FRAME_DESYNC]: Severe frame ID mismatch detected,0,0,-1,,
2026-03-22T17:25:18.835277,4513,161,error,high,lua,Lua error [FRAME_DESYNC]: Severe frame ID mismatch detected,0,0,-1,,
2026-03-22T17:25:41.214820,4514,327,error,high,lua,Lua error [FRAME_DESYNC]: Severe frame ID mismatch detected,0,0,-1,,
2026-03-22T17:25:59.872793,4515,236,error,high,lua,Lua error [FRAME_DESYNC]: Severe frame ID mismatch detected,0,0,-1,,
2026-03-22T17:26:03.395118,4516,43,error,high,lua,Lua error [FRAME_DESYNC]: Severe frame ID mismatch detected,0,0,-1,,
2026-03-22T17:26:16.538957,4517,188,error,high,lua,Lua error [FRAME_DESYNC]: Severe frame ID mismatch detected,0,0,-1,,
2026-03-22T17:26:20.183216,4518,46,error,high,lua,Lua error [FRAME_DESYNC]: Severe frame ID mismatch detected,0,0,-1,,
2026-03-22T17:26:29.301237,4519,128,error,high,lua,Lua error [FRAME_DESYNC]: Severe frame ID mismatch detected,0,0,-1,,
2026-03-22T17:26:34.065065,4521,54,error,high,lua,Lua error [FRAME_DESYNC]: Severe frame ID mismatch detected,0,0,-1,,
2026-03-22T17:26:47.261262,4521,190,error,high,lua,Lua error [FRAME_DESYNC]: Severe frame ID mismatch detected,0,0,-1,,
2026-03-22T17:26:50.848729,4522,45,error,high,lua,Lua error [FRAME_DESYNC]: Severe frame ID mismatch detected,0,0,-1,,
2026-03-22T17:27:01.198410,4523,146,error,high,lua,Lua error [FRAME_DESYNC]: Severe frame ID mismatch detected,0,0,-1,,
2026-03-22T17:27:22.094356,4525,272,error,high,lua,Lua error [FRAME_DESYNC]: Severe frame ID mismatch detected,0,0,-1,,
2026-03-22T17:27:25.896575,4525,49,error,high,lua,Lua error [FRAME_DESYNC]: Severe frame ID mismatch detected,0,0,-1,,
2026-03-22T17:27:41.548327,4527,226,error,high,lua,Lua error [FRAME_DESYNC]: Severe frame ID mismatch detected,0,0,-1,,
2026-03-22T17:27:55.992631,4527,208,error,high,lua,Lua error [FRAME_DESYNC]: Severe frame ID mismatch detected,0,0,-1,,
2026-03-22T17:28:27.712653,4529,423,error,high,lua,Lua error [FRAME_DESYNC]: Severe frame ID mismatch detected,0,0,-1,,
2026-03-22T17:28:53.008763,4530,337,error,high,lua,Lua error [FRAME_DESYNC]: Severe frame ID mismatch detected,0,0,-1,,
2026-03-22T17:28:56.841370,4530,49,error,high,lua,Lua error [FRAME_DESYNC]: Severe frame ID mismatch detected,0,0,-1,,
2026-03-22T17:29:00.218218,4531,42,error,high,lua,Lua error [FRAME_DESYNC]: Severe frame ID mismatch detected,0,0,-1,,
2026-03-22T17:29:33.246850,4532,486,error,high,lua,Lua error [FRAME_DESYNC]: Severe frame ID mismatch detected,0,0,-1,,
2026-03-22T17:30:17.290335,4533,597,error,high,lua,Lua error [FRAME_DESYNC]: Severe frame ID mismatch detected,0,0,-1,,
2026-03-22T17:30:24.529213,4534,36,error,high,lua,Lua error [FRAME_DESYNC]: Severe frame ID mismatch detected,0,0,-1,,
2026-03-22T17:30:27.939375,4535,43,error,high,lua,Lua error [FRAME_DESYNC]: Severe frame ID mismatch detected,0,0,-1,,
2026-03-22T17:30:32.986260,4536,67,error,high,lua,Lua error [FRAME_DESYNC]: Severe frame ID mismatch detected,0,0,-1,,
2026-03-22T17:31:07.340793,4538,192,error,high,lua,Lua error [FRAME_DESYNC]: Severe frame ID mismatch detected,0,0,-1,,
2026-03-22T17:31:15.393698,4539,112,error,high,lua,Lua error [FRAME_DESYNC]: Severe frame ID mismatch detected,0,0,-1,,
2026-03-22T17:31:42.386638,4541,356,error,high,lua,Lua error [FRAME_DESYNC]: Severe frame ID mismatch detected,0,0,-1,,
2026-03-22T17:31:58.039596,4541,227,error,high,lua,Lua error [FRAME_DESYNC]: Severe frame ID mismatch detected,0,0,-1,,
2026-03-22T17:32:01.472780,4542,43,error,high,lua,Lua error [FRAME_DESYNC]: Severe frame ID mismatch detected,0,0,-1,,
2026-03-22T17:32:22.800565,4543,312,error,high,lua,Lua error [FRAME_DESYNC]: Severe frame ID mismatch detected,0,0,-1,,
2026-03-22T17:32:28.938755,4544,48,error,high,lua,Lua error [FRAME_DESYNC]: Severe frame ID mismatch detected,0,0,-1,,
2026-03-22T17:32:41.151195,4545,175,error,high,lua,Lua error [FRAME_DESYNC]: Severe frame ID mismatch detected,0,0,-1,,
2026-03-22T17:33:01.291148,4546,272,error,high,lua,Lua error [FRAME_DESYNC]: Severe frame ID mismatch detected,0,0,-1,,
2026-03-22T17:33:23.215222,4547,290,error,high,lua,Lua error [FRAME_DESYNC]: Severe frame ID mismatch detected,0,0,-1,,
2026-03-22T17:34:05.201603,4549,339,error,high,lua,Lua error [FRAME_DESYNC]: Severe frame ID mismatch detected,0,0,-1,,
2026-03-22T17:34:21.319772,4550,197,error,high,lua,Lua error [FRAME_DESYNC]: Severe frame ID mismatch detected,0,0,-1,,
2026-03-22T17:34:29.771378,4551,118,error,high,lua,Lua error [FRAME_DESYNC]: Severe frame ID mismatch detected,0,0,-1,,
2026-03-22T17:34:33.215359,4552,43,error,high,lua,Lua error [FRAME_DESYNC]: Severe frame ID mismatch detected,0,0,-1,,
2026-03-22T17:34:54.151591,4554,305,error,high,lua,Lua error [FRAME_DESYNC]: Severe frame ID mismatch detected,0,0,-1,,
2026-03-22T17:35:03.764729,4554,136,error,high,lua,Lua error [FRAME_DESYNC]: Severe frame ID mismatch detected,0,0,-1,,
2026-03-22T17:35:23.261226,4556,283,error,high,lua,Lua error [FRAME_DESYNC]: Severe frame ID mismatch detected,0,0,-1,,
2026-03-22T17:35:26.327618,4556,38,error,high,lua,Lua error [FRAME_DESYNC]: Severe frame ID mismatch detected,0,0,-1,,
2026-03-22T17:35:34.239587,4558,110,error,high,lua,Lua error [FRAME_DESYNC]: Severe frame ID mismatch detected,0,0,-1,,
2026-03-22T17:35:39.339518,4558,68,error,high,lua,Lua error [FRAME_DESYNC]: Severe frame ID mismatch detected,0,0,-1,,
2026-03-22T17:35:43.466593,4559,53,error,high,lua,Lua error [FRAME_DESYNC]: Severe frame ID mismatch detected,0,0,-1,,
2026-03-22T17:35:47.514447,4560,52,error,high,lua,Lua error [FRAME_DESYNC]: Severe frame ID mismatch detected,0,0,-1,,
2026-03-22T17:36:15.443030,4561,400,error,high,lua,Lua error [FRAME_DESYNC]: Severe frame ID mismatch detected,0,0,-1,,
2026-03-22T17:36:21.732859,4562,42,error,high,lua,Lua error [FRAME_DESYNC]: Severe frame ID mismatch detected,0,0,-1,,
2026-03-22T17:36:30.590173,4564,125,error,high,lua,Lua error [FRAME_DESYNC]: Severe frame ID mismatch detected,0,0,-1,,
2026-03-22T17:36:36.192642,4564,76,error,high,lua,Lua error [FRAME_DESYNC]: Severe frame ID mismatch detected,0,0,-1,,
2026-03-22T17:36:42.847194,4565,91,error,high,lua,Lua error [FRAME_DESYNC]: Severe frame ID mismatch detected,0,0,-1,,
2026-03-22T17:37:07.542394,4567,363,error,high,lua,Lua error [FRAME_DESYNC]: Severe frame ID mismatch detected,0,0,-1,,
2026-03-22T17:37:10.720421,4567,40,error,high,lua,Lua error [FRAME_DESYNC]: Severe frame ID mismatch detected,0,0,-1,,
2026-03-22T17:37:30.435629,4568,288,error,high,lua,Lua error [FRAME_DESYNC]: Severe frame ID mismatch detected,0,0,-1,,
2026-03-22T17:37:46.425423,4569,230,error,high,lua,Lua error [FRAME_DESYNC]: Severe frame ID mismatch detected,0,0,-1,,
2026-03-22T17:38:10.341149,4571,350,error,high,lua,Lua error [FRAME_DESYNC]: Severe frame ID mismatch detected,0,0,-1,,
2026-03-22T17:38:24.861336,4571,210,error,high,lua,Lua error [FRAME_DESYNC]: Severe frame ID mismatch detected,0,0,-1,,
2026-03-22T17:38:31.384133,4572,88,error,high,lua,Lua error [FRAME_DESYNC]: Severe frame ID mismatch detected,0,0,-1,,
2026-03-22T17:39:15.411852,4574,330,error,high,lua,Lua error [FRAME_DESYNC]: Severe frame ID mismatch detected,0,0,-1,,
2026-03-22T17:39:38.722462,4575,304,error,high,lua,Lua error [FRAME_DESYNC]: Severe frame ID mismatch detected,0,0,-1,,
2026-03-22T17:39:42.034932,4577,40,error,high,lua,Lua error [FRAME_DESYNC]: Severe frame ID mismatch detected,0,0,-1,,
2026-03-22T17:39:57.731075,4577,227,error,high,lua,Lua error [FRAME_DESYNC]: Severe frame ID mismatch detected,0,0,-1,,
2026-03-22T17:40:03.131733,4578,45,error,high,lua,Lua error [FRAME_DESYNC]: Severe frame ID mismatch detected,0,0,-1,,
2026-03-22T17:40:08.274873,4579,68,error,high,lua,Lua error [FRAME_DESYNC]: Severe frame ID mismatch detected,0,0,-1,,
2026-03-22T17:40:34.546327,4580,385,error,high,lua,Lua error [FRAME_DESYNC]: Severe frame ID mismatch detected,0,0,-1,,
2026-03-22T17:40:44.820613,4581,102,error,high,lua,Lua error [FRAME_DESYNC]: Severe frame ID mismatch detected,0,0,-1,,
2026-03-22T17:40:53.732070,4582,125,error,high,lua,Lua error [FRAME_DESYNC]: Severe frame ID mismatch detected,0,0,-1,,
2026-03-22T17:40:57.691431,4583,50,error,high,lua,Lua error [FRAME_DESYNC]: Severe frame ID mismatch detected,0,0,-1,,
2026-03-22T17:41:12.000864,4584,206,error,high,lua,Lua error [FRAME_DESYNC]: Severe frame ID mismatch detected,0,0,-1,,
2026-03-22T17:41:23.582127,4585,164,error,high,lua,Lua error [FRAME_DESYNC]: Severe frame ID mismatch detected,0,0,-1,,
2026-03-22T17:41:27.615366,4586,52,error,high,lua,Lua error [FRAME_DESYNC]: Severe frame ID mismatch detected,0,0,-1,,
2026-03-22T17:41:31.335404,4587,47,error,high,lua,Lua error [FRAME_DESYNC]: Severe frame ID mismatch detected,0,0,-1,,
2026-03-22T17:41:35.611686,4588,55,error,high,lua,Lua error [FRAME_DESYNC]: Severe frame ID mismatch detected,0,0,-1,,
2026-03-22T17:41:39.246346,4589,45,error,high,lua,Lua error [FRAME_DESYNC]: Severe frame ID mismatch detected,0,0,-1,,
2026-03-22T17:41:53.334070,4590,202,error,high,lua,Lua error [FRAME_DESYNC]: Severe frame ID mismatch detected,0,0,-1,,
2026-03-22T17:42:03.132873,4591,137,error,high,lua,Lua error [FRAME_DESYNC]: Severe frame ID mismatch detected,0,0,-1,,
2026-03-22T17:42:06.910010,4592,47,error,high,lua,Lua error [FRAME_DESYNC]: Severe frame ID mismatch detected,0,0,-1,,
2026-03-22T17:42:10.687983,4593,47,error,high,lua,Lua error [FRAME_DESYNC]: Severe frame ID mismatch detected,0,0,-1,,
2026-03-22T17:42:45.828997,4595,143,error,high,lua,Lua error [FRAME_DESYNC]: Severe frame ID mismatch detected,0,0,-1,,
2026-03-22T17:43:00.837516,4596,216,error,high,lua,Lua error [FRAME_DESYNC]: Severe frame ID mismatch detected,0,0,-1,,
2026-03-22T17:43:24.897450,4598,148,error,high,lua,Lua error [FRAME_DESYNC]: Severe frame ID mismatch detected,0,0,-1,,
2026-03-22T17:43:33.050723,4599,113,error,high,lua,Lua error [FRAME_DESYNC]: Severe frame ID mismatch detected,0,0,-1,,
2026-03-22T17:43:37.981999,4600,66,error,high,lua,Lua error [FRAME_DESYNC]: Severe frame ID mismatch detected,0,0,-1,,
2026-03-22T17:43:47.993841,4601,132,error,high,lua,Lua error [FRAME_DESYNC]: Severe frame ID mismatch detected,0,0,-1,,
2026-03-22T17:43:51.403585,4602,43,error,high,lua,Lua error [FRAME_DESYNC]: Severe frame ID mismatch detected,0,0,-1,,
2026-03-22T17:44:02.673697,4603,160,error,high,lua,Lua error [FRAME_DESYNC]: Severe frame ID mismatch detected,0,0,-1,,
2026-03-22T17:44:25.021092,4604,326,error,high,lua,Lua error [FRAME_DESYNC]: Severe frame ID mismatch detected,0,0,-1,,
2026-03-22T17:44:44.372126,4606,282,error,high,lua,Lua error [FRAME_DESYNC]: Severe frame ID mismatch detected,0,0,-1,,
2026-03-22T17:44:54.215875,4606,140,error,high,lua,Lua error [FRAME_DESYNC]: Severe frame ID mismatch detected,0,0,-1,,
2026-03-22T17:44:58.093071,4607,50,error,high,lua,Lua error [FRAME_DESYNC]: Severe frame ID mismatch detected,0,0,-1,,
2026-03-22T17:45:06.312289,4608,115,error,high,lua,Lua error [FRAME_DESYNC]: Severe frame ID mismatch detected,0,0,-1,,
2026-03-22T17:45:10.222907,4609,50,error,high,lua,Lua error [FRAME_DESYNC]: Severe frame ID mismatch detected,0,0,-1,,
2026-03-22T17:45:14.755824,4610,59,error,high,lua,Lua error [FRAME_DESYNC]: Severe frame ID mismatch detected,0,0,-1,,
2026-03-22T17:45:24.814889,4611,142,error,high,lua,Lua error [FRAME_DESYNC]: Severe frame ID mismatch detected,0,0,-1,,
2026-03-22T17:45:53.601851,4613,108,error,high,lua,Lua error [FRAME_DESYNC]: Severe frame ID mismatch detected,0,0,-1,,
2026-03-22T17:46:07.311561,4614,196,error,high,lua,Lua error [FRAME_DESYNC]: Severe frame ID mismatch detected,0,0,-1,,
2026-03-22T17:46:40.655814,4616,237,error,high,lua,Lua error [FRAME_DESYNC]: Severe frame ID mismatch detected,0,0,-1,,
2026-03-22T17:46:56.114289,4617,222,error,high,lua,Lua error [FRAME_DESYNC]: Severe frame ID mismatch detected,0,0,-1,,
2026-03-22T17:47:16.213607,4618,292,error,high,lua,Lua error [FRAME_DESYNC]: Severe frame ID mismatch detected,0,0,-1,,
2026-03-22T17:47:33.024851,4620,214,error,high,lua,Lua error [FRAME_DESYNC]: Severe frame ID mismatch detected,0,0,-1,,
2026-03-22T17:47:40.297307,4620,101,error,high,lua,Lua error [FRAME_DESYNC]: Severe frame ID mismatch detected,0,0,-1,,
2026-03-22T17:47:44.720882,4622,44,error,high,lua,Lua error [FRAME_DESYNC]: Severe frame ID mismatch detected,0,0,-1,,
2026-03-22T17:47:51.943027,4623,100,error,high,lua,Lua error [FRAME_DESYNC]: Severe frame ID mismatch detected,0,0,-1,,
2026-03-22T17:48:00.042167,4623,113,error,high,lua,Lua error [FRAME_DESYNC]: Severe frame ID mismatch detected,0,0,-1,,
2026-03-22T17:48:04.151185,4624,53,error,high,lua,Lua error [FRAME_DESYNC]: Severe frame ID mismatch detected,0,0,-1,,
2026-03-22T17:48:12.271344,4625,112,error,high,lua,Lua error [FRAME_DESYNC]: Severe frame ID mismatch detected,0,0,-1,,
2026-03-22T17:48:32.172491,4626,290,error,high,lua,Lua error [FRAME_DESYNC]: Severe frame ID mismatch detected,0,0,-1,,
2026-03-22T17:48:35.565328,4627,41,error,high,lua,Lua error [FRAME_DESYNC]: Severe frame ID mismatch detected,0,0,-1,,
2026-03-22T17:48:51.721756,4628,234,error,high,lua,Lua error [FRAME_DESYNC]: Severe frame ID mismatch detected,0,0,-1,,
2026-03-22T17:49:03.320010,4629,140,error,high,lua,Lua error [FRAME_DESYNC]: Severe frame ID mismatch detected,0,0,-1,,
2026-03-22T17:49:07.435962,4630,52,error,high,lua,Lua error [FRAME_DESYNC]: Severe frame ID mismatch detected,0,0,-1,,
2026-03-22T17:49:16.963860,4631,134,error,high,lua,Lua error [FRAME_DESYNC]: Severe frame ID mismatch detected,0,0,-1,,
2026-03-22T17:49:33.535818,4632,240,error,high,lua,Lua error [FRAME_DESYNC]: Severe frame ID mismatch detected,0,0,-1,,
2026-03-22T17:49:44.303262,4633,124,error,high,lua,Lua error [FRAME_DESYNC]: Severe frame ID mismatch detected,0,0,-1,,
2026-03-22T17:49:48.317603,4635,51,error,high,lua,Lua error [FRAME_DESYNC]: Severe frame ID mismatch detected,0,0,-1,,
2026-03-22T17:49:52.322043,4635,52,error,high,lua,Lua error [FRAME_DESYNC]: Severe frame ID mismatch detected,0,0,-1,,
2026-03-22T17:50:26.714254,4637,347,error,high,lua,Lua error [FRAME_DESYNC]: Severe frame ID mismatch detected,0,0,-1,,
2026-03-22T17:50:33.450355,4639,55,error,high,lua,Lua error [FRAME_DESYNC]: Severe frame ID mismatch detected,0,0,-1,,
2026-03-22T17:50:49.617175,4640,235,error,high,lua,Lua error [FRAME_DESYNC]: Severe frame ID mismatch detected,0,0,-1,,
2026-03-22T17:50:59.160886,4640,135,error,high,lua,Lua error [FRAME_DESYNC]: Severe frame ID mismatch detected,0,0,-1,,
2026-03-22T17:51:08.495241,4641,115,error,high,lua,Lua error [FRAME_DESYNC]: Severe frame ID mismatch detected,0,0,-1,,
2026-03-22T17:51:21.223932,4642,181,error,high,lua,Lua error [FRAME_DESYNC]: Severe frame ID mismatch detected,0,0,-1,,
2026-03-22T17:51:38.469148,4644,250,error,high,lua,Lua error [FRAME_DESYNC]: Severe frame ID mismatch detected,0,0,-1,,
2026-03-22T17:51:41.840356,4644,43,error,high,lua,Lua error [FRAME_DESYNC]: Severe frame ID mismatch detected,0,0,-1,,
2026-03-22T17:51:50.442609,4645,120,error,high,lua,Lua error [FRAME_DESYNC]: Severe frame ID mismatch detected,0,0,-1,,
2026-03-22T17:51:59.011320,4646,120,error,high,lua,Lua error [FRAME_DESYNC]: Severe frame ID mismatch detected,0,0,-1,,
2026-03-22T17:52:30.548525,4647,465,error,high,lua,Lua error [FRAME_DESYNC]: Severe frame ID mismatch detected,0,0,-1,,
2026-03-22T17:52:38.965904,4649,118,error,high,lua,Lua error [FRAME_DESYNC]: Severe frame ID mismatch detected,0,0,-1,,
2026-03-22T17:53:02.323449,4649,342,error,high,lua,Lua error [FRAME_DESYNC]: Severe frame ID mismatch detected,0,0,-1,,
2026-03-22T17:53:27.997864,4650,339,error,high,lua,Lua error [FRAME_DESYNC]: Severe frame ID mismatch detected,0,0,-1,,
2026-03-22T17:53:45.351742,4651,212,error,high,lua,Lua error [FRAME_DESYNC]: Severe frame ID mismatch detected,0,0,-1,,
2026-03-22T17:54:12.523169,4653,127,error,high,lua,Lua error [FRAME_DESYNC]: Severe frame ID mismatch detected,0,0,-1,,
2026-03-22T17:54:29.434935,4655,244,error,high,lua,Lua error [FRAME_DESYNC]: Severe frame ID mismatch detected,0,0,-1,,
2026-03-22T17:54:33.262303,4655,49,error,high,lua,Lua error [FRAME_DESYNC]: Severe frame ID mismatch detected,0,0,-1,,
2026-03-22T17:54:37.399542,4656,53,error,high,lua,Lua error [FRAME_DESYNC]: Severe frame ID mismatch detected,0,0,-1,,
2026-03-22T17:54:41.726512,4657,56,error,high,lua,Lua error [FRAME_DESYNC]: Severe frame ID mismatch detected,0,0,-1,,
2026-03-22T17:54:56.451796,4658,212,error,high,lua,Lua error [FRAME_DESYNC]: Severe frame ID mismatch detected,0,0,-1,,
2026-03-22T17:55:05.715689,4660,130,error,high,lua,Lua error [FRAME_DESYNC]: Severe frame ID mismatch detected,0,0,-1,,
2026-03-22T17:55:17.415717,4660,167,error,high,lua,Lua error [FRAME_DESYNC]: Severe frame ID mismatch detected,0,0,-1,,
2026-03-22T17:55:44.295047,4661,375,error,high,lua,Lua error [FRAME_DESYNC]: Severe frame ID mismatch detected,0,0,-1,,
2026-03-22T17:55:58.037867,4662,197,error,high,lua,Lua error [FRAME_DESYNC]: Severe frame ID mismatch detected,0,0,-1,,
2026-03-22T17:56:14.254828,4663,234,error,high,lua,Lua error [FRAME_DESYNC]: Severe frame ID mismatch detected,0,0,-1,,
2026-03-22T17:56:17.865513,4664,46,error,high,lua,Lua error [FRAME_DESYNC]: Severe frame ID mismatch detected,0,0,-1,,
2026-03-22T17:56:35.669105,4665,259,error,high,lua,Lua error [FRAME_DESYNC]: Severe frame ID mismatch detected,0,0,-1,,
2026-03-22T17:56:39.347529,4666,46,error,high,lua,Lua error [FRAME_DESYNC]: Severe frame ID mismatch detected,0,0,-1,,
2026-03-22T17:56:52.724775,4667,193,error,high,lua,Lua error [FRAME_DESYNC]: Severe frame ID mismatch detected,0,0,-1,,
2026-03-22T17:56:56.120162,4668,42,error,high,lua,Lua error [FRAME_DESYNC]: Severe frame ID mismatch detected,0,0,-1,,
2026-03-22T17:57:11.350206,4669,219,error,high,lua,Lua error [FRAME_DESYNC]: Severe frame ID mismatch detected,0,0,-1,,
2026-03-22T17:57:29.929223,4670,246,error,high,lua,Lua error [FRAME_DESYNC]: Severe frame ID mismatch detected,0,0,-1,,
2026-03-22T17:57:47.800351,4671,230,error,high,lua,Lua error [FRAME_DESYNC]: Severe frame ID mismatch detected,0,0,-1,,
2026-03-22T17:57:52.869701,4673,39,error,high,lua,Lua error [FRAME_DESYNC]: Severe frame ID mismatch detected,0,0,-1,,
2026-03-22T17:58:19.947900,4673,398,error,high,lua,Lua error [FRAME_DESYNC]: Severe frame ID mismatch detected,0,0,-1,,
2026-03-22T17:58:31.544842,4674,123,error,high,lua,Lua error [FRAME_DESYNC]: Severe frame ID mismatch detected,0,0,-1,,
2026-03-22T17:58:41.767426,4675,145,error,high,lua,Lua error [FRAME_DESYNC]: Severe frame ID mismatch detected,0,0,-1,,
2026-03-22T17:58:45.920377,4676,54,error,high,lua,Lua error [FRAME_DESYNC]: Severe frame ID mismatch detected,0,0,-1,,
2026-03-22T17:58:59.197812,4677,191,error,high,lua,Lua error [FRAME_DESYNC]: Severe frame ID mismatch detected,0,0,-1,,
2026-03-22T17:59:03.041918,4678,50,error,high,lua,Lua error [FRAME_DESYNC]: Severe frame ID mismatch detected,0,0,-1,,
2026-03-22T17:59:06.961981,4679,50,error,high,lua,Lua error [FRAME_DESYNC]: Severe frame ID mismatch detected,0,0,-1,,
2026-03-22T17:59:16.685704,4680,137,error,high,lua,Lua error [FRAME_DESYNC]: Severe frame ID mismatch detected,0,0,-1,,
2026-03-22T17:59:33.891243,4681,231,error,high,lua,Lua error [FRAME_DESYNC]: Severe frame ID mismatch detected,0,0,-1,,
2026-03-22T17:59:52.726073,4682,274,error,high,lua,Lua error [FRAME_DESYNC]: Severe frame ID mismatch detected,0,0,-1,,
2026-03-22T18:00:04.824000,4684,172,error,high,lua,Lua error [FRAME_DESYNC]: Severe frame ID mismatch detected,0,0,-1,,
2026-03-22T18:00:30.863082,4684,383,error,high,lua,Lua error [FRAME_DESYNC]: Severe frame ID mismatch detected,0,0,-1,,
2026-03-22T18:00:42.510129,4685,124,error,high,lua,Lua error [FRAME_DESYNC]: Severe frame ID mismatch detected,0,0,-1,,
2026-03-22T18:00:51.004594,4687,118,error,high,lua,Lua error [FRAME_DESYNC]: Severe frame ID mismatch detected,0,0,-1,,
2026-03-22T18:00:55.048539,4687,52,error,high,lua,Lua error [FRAME_DESYNC]: Severe frame ID mismatch detected,0,0,-1,,
2026-03-22T18:00:58.849431,4688,49,error,high,lua,Lua error [FRAME_DESYNC]: Severe frame ID mismatch detected,0,0,-1,,
2026-03-22T18:01:02.877192,4689,51,error,high,lua,Lua error [FRAME_DESYNC]: Severe frame ID mismatch detected,0,0,-1,,
2026-03-22T18:01:17.003287,4690,203,error,high,lua,Lua error [FRAME_DESYNC]: Severe frame ID mismatch detected,0,0,-1,,
2026-03-22T18:01:31.252271,4691,205,error,high,lua,Lua error [FRAME_DESYNC]: Severe frame ID mismatch detected,0,0,-1,,
2026-03-22T18:01:53.242753,4693,58,error,high,lua,Lua error [FRAME_DESYNC]: Severe frame ID mismatch detected,0,0,-1,,
2026-03-22T18:01:56.654548,4694,43,error,high,lua,Lua error [FRAME_DESYNC]: Severe frame ID mismatch detected,0,0,-1,,
2026-03-22T18:02:06.271050,4695,135,error,high,lua,Lua error [FRAME_DESYNC]: Severe frame ID mismatch detected,0,0,-1,,
2026-03-22T18:02:32.833321,4697,54,error,high,lua,Lua error [FRAME_DESYNC]: Severe frame ID mismatch detected,0,0,-1,,
2026-03-22T18:02:37.436504,4698,60,error,high,lua,Lua error [FRAME_DESYNC]: Severe frame ID mismatch detected,0,0,-1,,
2026-03-22T18:03:08.325383,4699,454,error,high,lua,Lua error [FRAME_DESYNC]: Severe frame ID mismatch detected,0,0,-1,,
2026-03-22T18:03:16.456169,4700,65,error,high,lua,Lua error [FRAME_DESYNC]: Severe frame ID mismatch detected,0,0,-1,,
2026-03-22T18:03:57.206158,4702,228,error,high,lua,Lua error [FRAME_DESYNC]: Severe frame ID mismatch detected,0,0,-1,,
2026-03-22T18:04:01.215770,4703,52,error,high,lua,Lua error [FRAME_DESYNC]: Severe frame ID mismatch detected,0,0,-1,,
2026-03-22T18:04:27.550604,4704,386,error,high,lua,Lua error [FRAME_DESYNC]: Severe frame ID mismatch detected,0,0,-1,,
2026-03-22T18:04:41.277754,4705,153,error,high,lua,Lua error [FRAME_DESYNC]: Severe frame ID mismatch detected,0,0,-1,,
2026-03-22T18:04:57.700180,4706,237,error,high,lua,Lua error [FRAME_DESYNC]: Severe frame ID mismatch detected,0,0,-1,,
2026-03-22T18:05:03.148491,4707,46,error,high,lua,Lua error [FRAME_DESYNC]: Severe frame ID mismatch detected,0,0,-1,,
2026-03-22T18:05:19.403762,4708,236,error,high,lua,Lua error [FRAME_DESYNC]: Severe frame ID mismatch detected,0,0,-1,,
2026-03-22T18:05:25.443217,4709,51,error,high,lua,Lua error [FRAME_DESYNC]: Severe frame ID mismatch detected,0,0,-1,,
2026-03-22T18:05:30.262611,4710,63,error,high,lua,Lua error [FRAME_DESYNC]: Severe frame ID mismatch detected,0,0,-1,,
2026-03-22T18:05:39.947749,4711,136,error,high,lua,Lua error [FRAME_DESYNC]: Severe frame ID mismatch detected,0,0,-1,,
2026-03-22T18:05:43.795194,4713,48,error,high,lua,Lua error [FRAME_DESYNC]: Severe frame ID mismatch detected,0,0,-1,,
2026-03-22T18:05:56.170418,4713,178,error,high,lua,Lua error [FRAME_DESYNC]: Severe frame ID mismatch detected,0,0,-1,,
2026-03-22T18:06:17.224224,4715,308,error,high,lua,Lua error [FRAME_DESYNC]: Severe frame ID mismatch detected,0,0,-1,,
2026-03-22T18:06:24.307453,4715,98,error,high,lua,Lua error [FRAME_DESYNC]: Severe frame ID mismatch detected,0,0,-1,,
2026-03-22T18:06:29.064890,4716,62,error,high,lua,Lua error [FRAME_DESYNC]: Severe frame ID mismatch detected,0,0,-1,,
2026-03-22T18:06:48.806235,4718,258,error,high,lua,Lua error [FRAME_DESYNC]: Severe frame ID mismatch detected,0,0,-1,,
2026-03-22T18:06:51.977780,4718,39,error,high,lua,Lua error [FRAME_DESYNC]: Severe frame ID mismatch detected,0,0,-1,,
2026-03-22T18:07:11.317721,4719,282,error,high,lua,Lua error [FRAME_DESYNC]: Severe frame ID mismatch detected,0,0,-1,,
2026-03-22T18:07:30.663411,4720,251,error,high,lua,Lua error [FRAME_DESYNC]: Severe frame ID mismatch detected,0,0,-1,,
2026-03-22T18:07:47.707615,4721,219,error,high,lua,Lua error [FRAME_DESYNC]: Severe frame ID mismatch detected,0,0,-1,,
2026-03-22T18:08:14.690666,4722,396,error,high,lua,Lua error [FRAME_DESYNC]: Severe frame ID mismatch detected,0,0,-1,,
2026-03-22T18:08:21.662545,4723,53,error,high,lua,Lua error [FRAME_DESYNC]: Severe frame ID mismatch detected,0,0,-1,,
2026-03-22T18:08:26.260573,4724,60,error,high,lua,Lua error [FRAME_DESYNC]: Severe frame ID mismatch detected,0,0,-1,,
2026-03-22T18:08:32.160961,4726,80,error,high,lua,Lua error [FRAME_DESYNC]: Severe frame ID mismatch detected,0,0,-1,,
2026-03-22T18:08:55.488841,4726,342,error,high,lua,Lua error [FRAME_DESYNC]: Severe frame ID mismatch detected,0,0,-1,,
2026-03-22T18:09:04.142206,4727,121,error,high,lua,Lua error [FRAME_DESYNC]: Severe frame ID mismatch detected,0,0,-1,,
2026-03-22T18:09:13.841957,4728,136,error,high,lua,Lua error [FRAME_DESYNC]: Severe frame ID mismatch detected,0,0,-1,,
2026-03-22T18:09:23.974861,4729,143,error,high,lua,Lua error [FRAME_DESYNC]: Severe frame ID mismatch detected,0,0,-1,,
2026-03-22T18:09:34.823679,4730,154,error,high,lua,Lua error [FRAME_DESYNC]: Severe frame ID mismatch detected,0,0,-1,,
2026-03-22T18:09:38.933495,4731,53,error,high,lua,Lua error [FRAME_DESYNC]: Severe frame ID mismatch detected,0,0,-1,,
2026-03-22T18:09:47.937232,4732,125,error,high,lua,Lua error [FRAME_DESYNC]: Severe frame ID mismatch detected,0,0,-1,,
2026-03-22T18:09:52.544388,4733,61,error,high,lua,Lua error [FRAME_DESYNC]: Severe frame ID mismatch detected,0,0,-1,,
2026-03-22T18:10:07.458451,4734,214,error,high,lua,Lua error [FRAME_DESYNC]: Severe frame ID mismatch detected,0,0,-1,,
2026-03-22T18:10:15.146999,4735,106,error,high,lua,Lua error [FRAME_DESYNC]: Severe frame ID mismatch detected,0,0,-1,,
2026-03-22T18:10:24.365588,4736,129,error,high,lua,Lua error [FRAME_DESYNC]: Severe frame ID mismatch detected,0,0,-1,,
2026-03-22T18:10:50.850208,4738,351,error,high,lua,Lua error [FRAME_DESYNC]: Severe frame ID mismatch detected,0,0,-1,,
2026-03-22T18:10:56.777778,4739,81,error,high,lua,Lua error [FRAME_DESYNC]: Severe frame ID mismatch detected,0,0,-1,,
2026-03-22T18:11:18.706803,4739,321,error,high,lua,Lua error [FRAME_DESYNC]: Severe frame ID mismatch detected,0,0,-1,,
2026-03-22T18:11:47.281948,4741,347,error,high,lua,Lua error [FRAME_DESYNC]: Severe frame ID mismatch detected,0,0,-1,,
2026-03-22T18:11:50.842609,4741,45,error,high,lua,Lua error [FRAME_DESYNC]: Severe frame ID mismatch detected,0,0,-1,,
2026-03-22T18:12:21.502703,4743,54,error,high,lua,Lua error [FRAME_DESYNC]: Severe frame ID mismatch detected,0,0,-1,,
2026-03-22T18:12:56.894104,4745,266,error,high,lua,Lua error [FRAME_DESYNC]: Severe frame ID mismatch detected,0,0,-1,,
2026-03-22T18:13:13.150570,4746,208,error,high,lua,Lua error [FRAME_DESYNC]: Severe frame ID mismatch detected,0,0,-1,,
2026-03-22T18:13:17.792786,4747,61,error,high,lua,Lua error [FRAME_DESYNC]: Severe frame ID mismatch detected,0,0,-1,,
2026-03-22T18:13:21.470916,4748,46,error,high,lua,Lua error [FRAME_DESYNC]: Severe frame ID mismatch detected,0,0,-1,,
2026-03-22T18:13:25.331804,4749,49,error,high,lua,Lua error [FRAME_DESYNC]: Severe frame ID mismatch detected,0,0,-1,,
2026-03-22T18:13:28.925319,4750,46,error,high,lua,Lua error [FRAME_DESYNC]: Severe frame ID mismatch detected,0,0,-1,,
2026-03-22T18:13:38.562934,4752,136,error,high,lua,Lua error [FRAME_DESYNC]: Severe frame ID mismatch detected,0,0,-1,,
2026-03-22T18:14:07.928241,4752,433,error,high,lua,Lua error [FRAME_DESYNC]: Severe frame ID mismatch detected,0,0,-1,,
2026-03-22T18:14:28.143486,4753,248,error,high,lua,Lua error [FRAME_DESYNC]: Severe frame ID mismatch detected,0,0,-1,,
2026-03-22T18:14:34.139561,4754,53,error,high,lua,Lua error [FRAME_DESYNC]: Severe frame ID mismatch detected,0,0,-1,,
2026-03-22T18:14:43.342741,4755,129,error,high,lua,Lua error [FRAME_DESYNC]: Severe frame ID mismatch detected,0,0,-1,,
2026-03-22T18:15:04.632843,4756,310,error,high,lua,Lua error [FRAME_DESYNC]: Severe frame ID mismatch detected,0,0,-1,,
2026-03-22T18:15:42.403005,4758,122,error,high,lua,Lua error [FRAME_DESYNC]: Severe frame ID mismatch detected,0,0,-1,,
2026-03-22T18:15:46.247211,4760,48,error,high,lua,Lua error [FRAME_DESYNC]: Severe frame ID mismatch detected,0,0,-1,,
2026-03-22T18:16:00.274927,4760,202,error,high,lua,Lua error [FRAME_DESYNC]: Severe frame ID mismatch detected,0,0,-1,,
2026-03-22T18:16:11.188866,4761,133,error,high,lua,Lua error [FRAME_DESYNC]: Severe frame ID mismatch detected,0,0,-1,,
2026-03-22T18:16:28.094184,4762,245,error,high,lua,Lua error [FRAME_DESYNC]: Severe frame ID mismatch detected,0,0,-1,,
2026-03-22T18:16:33.635798,4763,46,error,high,lua,Lua error [FRAME_DESYNC]: Severe frame ID mismatch detected,0,0,-1,,
2026-03-22T18:16:36.984934,4764,42,error,high,lua,Lua error [FRAME_DESYNC]: Severe frame ID mismatch detected,0,0,-1,,
2026-03-22T18:16:40.856829,4766,49,error,high,lua,Lua error [FRAME_DESYNC]: Severe frame ID mismatch detected,0,0,-1,,
2026-03-22T18:16:48.077746,4766,100,error,high,lua,Lua error [FRAME_DESYNC]: Severe frame ID mismatch detected,0,0,-1,,
2026-03-22T18:16:51.372828,4767,40,error,high,lua,Lua error [FRAME_DESYNC]: Severe frame ID mismatch detected,0,0,-1,,
2026-03-22T18:16:55.664914,4768,55,error,high,lua,Lua error [FRAME_DESYNC]: Severe frame ID mismatch detected,0,0,-1,,
2026-03-22T18:17:22.564179,4771,46,error,high,lua,Lua error [FRAME_DESYNC]: Severe frame ID mismatch detected,0,0,-1,,
2026-03-22T18:17:30.895588,4771,117,error,high,lua,Lua error [FRAME_DESYNC]: Severe frame ID mismatch detected,0,0,-1,,
2026-03-22T18:18:00.281800,4772,432,error,high,lua,Lua error [FRAME_DESYNC]: Severe frame ID mismatch detected,0,0,-1,,
2026-03-22T18:18:10.590750,4773,100,error,high,lua,Lua error [FRAME_DESYNC]: Severe frame ID mismatch detected,0,0,-1,,
2026-03-22T18:18:17.595730,4774,96,error,high,lua,Lua error [FRAME_DESYNC]: Severe frame ID mismatch detected,0,0,-1,,
2026-03-22T18:18:33.803485,4775,235,error,high,lua,Lua error [FRAME_DESYNC]: Severe frame ID mismatch detected,0,0,-1,,
2026-03-22T18:18:36.880731,4776,38,error,high,lua,Lua error [FRAME_DESYNC]: Severe frame ID mismatch detected,0,0,-1,,
2026-03-22T18:18:45.323079,4777,118,error,high,lua,Lua error [FRAME_DESYNC]: Severe frame ID mismatch detected,0,0,-1,,
2026-03-22T18:18:55.017306,4778,137,error,high,lua,Lua error [FRAME_DESYNC]: Severe frame ID mismatch detected,0,0,-1,,
2026-03-22T18:19:19.001641,4779,350,error,high,lua,Lua error [FRAME_DESYNC]: Severe frame ID mismatch detected,0,0,-1,,
2026-03-22T18:19:37.274341,4781,203,error,high,lua,Lua error [FRAME_DESYNC]: Severe frame ID mismatch detected,0,0,-1,,
2026-03-22T18:19:40.408135,4781,39,error,high,lua,Lua error [FRAME_DESYNC]: Severe frame ID mismatch detected,0,0,-1,,
2026-03-22T18:19:52.738554,4782,176,error,high,lua,Lua error [FRAME_DESYNC]: Severe frame ID mismatch detected,0,0,-1,,
2026-03-22T18:19:56.284359,4783,44,error,high,lua,Lua error [FRAME_DESYNC]: Severe frame ID mismatch detected,0,0,-1,,
2026-03-22T18:20:13.769751,4784,254,error,high,lua,Lua error [FRAME_DESYNC]: Severe frame ID mismatch detected,0,0,-1,,
2026-03-22T18:20:29.506835,4786,198,error,high,lua,Lua error [FRAME_DESYNC]: Severe frame ID mismatch detected,0,0,-1,,
2026-03-22T18:20:51.066462,4786,316,error,high,lua,Lua error [FRAME_DESYNC]: Severe frame ID mismatch detected,0,0,-1,,
2026-03-22T18:21:03.705017,4787,181,error,high,lua,Lua error [FRAME_DESYNC]: Severe frame ID mismatch detected,0,0,-1,,
2026-03-22T18:21:07.763346,4788,51,error,high,lua,Lua error [FRAME_DESYNC]: Severe frame ID mismatch detected,0,0,-1,,
2026-03-22T18:21:11.824105,4789,52,error,high,lua,Lua error [FRAME_DESYNC]: Severe frame ID mismatch detected,0,0,-1,,
2026-03-22T18:21:15.284454,4790,43,error,high,lua,Lua error [FRAME_DESYNC]: Severe frame ID mismatch detected,0,0,-1,,
2026-03-22T18:21:19.044519,4791,48,error,high,lua,Lua error [FRAME_DESYNC]: Severe frame ID mismatch detected,0,0,-1,,
2026-03-22T18:21:22.390202,4792,42,error,high,lua,Lua error [FRAME_DESYNC]: Severe frame ID mismatch detected,0,0,-1,,
2026-03-22T18:21:26.200239,4793,48,error,high,lua,Lua error [FRAME_DESYNC]: Severe frame ID mismatch detected,0,0,-1,,
2026-03-22T18:21:29.745840,4794,44,error,high,lua,Lua error [FRAME_DESYNC]: Severe frame ID mismatch detected,0,0,-1,,
2026-03-22T18:21:33.571394,4795,49,error,high,lua,Lua error [FRAME_DESYNC]: Severe frame ID mismatch detected,0,0,-1,,
2026-03-22T18:21:46.822574,4796,190,error,high,lua,Lua error [FRAME_DESYNC]: Severe frame ID mismatch detected,0,0,-1,,
2026-03-22T18:21:53.977037,4798,98,error,high,lua,Lua error [FRAME_DESYNC]: Severe frame ID mismatch detected,0,0,-1,,
2026-03-22T18:22:06.289247,4798,176,error,high,lua,Lua error [FRAME_DESYNC]: Severe frame ID mismatch detected,0,0,-1,,
2026-03-22T18:22:11.513283,4799,69,error,high,lua,Lua error [FRAME_DESYNC]: Severe frame ID mismatch detected,0,0,-1,,
2026-03-22T18:22:20.389381,4801,110,error,high,lua,Lua error [FRAME_DESYNC]: Severe frame ID mismatch detected,0,0,-1,,
2026-03-22T18:22:23.887427,4801,45,error,high,lua,Lua error [FRAME_DESYNC]: Severe frame ID mismatch detected,0,0,-1,,
2026-03-22T18:22:31.924376,4802,113,error,high,lua,Lua error [FRAME_DESYNC]: Severe frame ID mismatch detected,0,0,-1,,
2026-03-22T18:22:35.184874,4803,41,error,high,lua,Lua error [FRAME_DESYNC]: Severe frame ID mismatch detected,0,0,-1,,
2026-03-22T18:22:50.160440,4804,216,error,high,lua,Lua error [FRAME_DESYNC]: Severe frame ID mismatch detected,0,0,-1,,
2026-03-22T18:23:12.929986,4807,47,error,high,lua,Lua error [FRAME_DESYNC]: Severe frame ID mismatch detected,0,0,-1,,
2026-03-22T18:23:23.188708,4807,146,error,high,lua,Lua error [FRAME_DESYNC]: Severe frame ID mismatch detected,0,0,-1,,
2026-03-22T18:23:35.169180,4808,171,error,high,lua,Lua error [FRAME_DESYNC]: Severe frame ID mismatch detected,0,0,-1,,
2026-03-22T18:23:43.856161,4809,99,error,high,lua,Lua error [FRAME_DESYNC]: Severe frame ID mismatch detected,0,0,-1,,
2026-03-22T18:24:04.826388,4811,275,error,high,lua,Lua error [FRAME_DESYNC]: Severe frame ID mismatch detected,0,0,-1,,
2026-03-22T18:24:08.864851,4811,52,error,high,lua,Lua error [FRAME_DESYNC]: Severe frame ID mismatch detected,0,0,-1,,
2026-03-22T18:24:33.805550,4812,366,error,high,lua,Lua error [FRAME_DESYNC]: Severe frame ID mismatch detected,0,0,-1,,
2026-03-22T18:24:51.409329,4813,215,error,high,lua,Lua error [FRAME_DESYNC]: Severe frame ID mismatch detected,0,0,-1,,
2026-03-22T18:24:55.609150,4815,53,error,high,lua,Lua error [FRAME_DESYNC]: Severe frame ID mismatch detected,0,0,-1,,
2026-03-22T18:24:58.898802,4816,41,error,high,lua,Lua error [FRAME_DESYNC]: Severe frame ID mismatch detected,0,0,-1,,
2026-03-22T18:25:20.833581,4816,321,error,high,lua,Lua error [FRAME_DESYNC]: Severe frame ID mismatch detected,0,0,-1,,
2026-03-22T18:25:34.172603,4817,155,error,high,lua,Lua error [FRAME_DESYNC]: Severe frame ID mismatch detected,0,0,-1,,
2026-03-22T18:25:43.755605,4818,135,error,high,lua,Lua error [FRAME_DESYNC]: Severe frame ID mismatch detected,0,0,-1,,
2026-03-22T18:26:10.462009,4819,392,error,high,lua,Lua error [FRAME_DESYNC]: Severe frame ID mismatch detected,0,0,-1,,
2026-03-22T18:26:31.149913,4820,261,error,high,lua,Lua error [FRAME_DESYNC]: Severe frame ID mismatch detected,0,0,-1,,
2026-03-22T18:26:42.974693,4821,137,error,high,lua,Lua error [FRAME_DESYNC]: Severe frame ID mismatch detected,0,0,-1,,
2026-03-22T18:26:52.807677,4822,138,error,high,lua,Lua error [FRAME_DESYNC]: Severe frame ID mismatch detected,0,0,-1,,
2026-03-22T18:26:56.257879,4824,43,error,high,lua,Lua error [FRAME_DESYNC]: Severe frame ID mismatch detected,0,0,-1,,
2026-03-22T18:27:17.855660,4824,317,error,high,lua,Lua error [FRAME_DESYNC]: Severe frame ID mismatch detected,0,0,-1,,
2026-03-22T18:27:30.103048,4825,138,error,high,lua,Lua error [FRAME_DESYNC]: Severe frame ID mismatch detected,0,0,-1,,
2026-03-22T18:27:37.151812,4826,96,error,high,lua,Lua error [FRAME_DESYNC]: Severe frame ID mismatch detected,0,0,-1,,
2026-03-22T18:27:57.373673,4828,54,error,high,lua,Lua error [FRAME_DESYNC]: Severe frame ID mismatch detected,0,0,-1,,
2026-03-22T18:28:01.433464,4829,52,error,high,lua,Lua error [FRAME_DESYNC]: Severe frame ID mismatch detected,0,0,-1,,
2026-03-22T18:28:42.127452,4831,305,error,high,lua,Lua error [FRAME_DESYNC]: Severe frame ID mismatch detected,0,0,-1,,
2026-03-22T18:28:53.115123,4832,157,error,high,lua,Lua error [FRAME_DESYNC]: Severe frame ID mismatch detected,0,0,-1,,
2026-03-22T18:29:06.952187,4833,198,error,high,lua,Lua error [FRAME_DESYNC]: Severe frame ID mismatch detected,0,0,-1,,
2026-03-22T18:29:32.560030,4835,158,error,high,lua,Lua error [FRAME_DESYNC]: Severe frame ID mismatch detected,0,0,-1,,
2026-03-22T18:29:57.141077,4836,359,error,high,lua,Lua error [FRAME_DESYNC]: Severe frame ID mismatch detected,0,0,-1,,
2026-03-22T18:30:02.826872,4837,38,error,high,lua,Lua error [FRAME_DESYNC]: Severe frame ID mismatch detected,0,0,-1,,
2026-03-22T18:30:06.409796,4838,45,error,high,lua,Lua error [FRAME_DESYNC]: Severe frame ID mismatch detected,0,0,-1,,
2026-03-22T18:30:14.257438,4839,108,error,high,lua,Lua error [FRAME_DESYNC]: Severe frame ID mismatch detected,0,0,-1,,
2026-03-22T18:30:19.665415,4840,73,error,high,lua,Lua error [FRAME_DESYNC]: Severe frame ID mismatch detected,0,0,-1,,
2026-03-22T18:30:42.990293,4842,297,error,high,lua,Lua error [FRAME_DESYNC]: Severe frame ID mismatch detected,0,0,-1,,
2026-03-22T18:31:03.359728,4842,297,error,high,lua,Lua error [FRAME_DESYNC]: Severe frame ID mismatch detected,0,0,-1,,
2026-03-22T18:31:15.311636,4844,170,error,high,lua,Lua error [FRAME_DESYNC]: Severe frame ID mismatch detected,0,0,-1,,
2026-03-22T18:31:29.382840,4844,203,error,high,lua,Lua error [FRAME_DESYNC]: Severe frame ID mismatch detected,0,0,-1,,
2026-03-22T18:31:37.436413,4846,112,error,high,lua,Lua error [FRAME_DESYNC]: Severe frame ID mismatch detected,0,0,-1,,
2026-03-22T18:31:42.213271,4847,63,error,high,lua,Lua error [FRAME_DESYNC]: Severe frame ID mismatch detected,0,0,-1,,
2026-03-22T18:31:57.344890,4848,219,error,high,lua,Lua error [FRAME_DESYNC]: Severe frame ID mismatch detected,0,0,-1,,
2026-03-22T18:32:18.900492,4849,38,error,high,lua,Lua error [FRAME_DESYNC]: Severe frame ID mismatch detected,0,0,-1,,
2026-03-22T18:32:30.830971,4850,170,error,high,lua,Lua error [FRAME_DESYNC]: Severe frame ID mismatch detected,0,0,-1,,
2026-03-22T18:33:05.073965,4853,51,error,high,lua,Lua error [FRAME_DESYNC]: Severe frame ID mismatch detected,0,0,-1,,
2026-03-22T18:33:08.851317,4854,47,error,high,lua,Lua error [FRAME_DESYNC]: Severe frame ID mismatch detected,0,0,-1,,
2026-03-22T18:33:19.599903,4855,152,error,high,lua,Lua error [FRAME_DESYNC]: Severe frame ID mismatch detected,0,0,-1,,
2026-03-22T18:34:04.258924,4857,268,error,high,lua,Lua error [FRAME_DESYNC]: Severe frame ID mismatch detected,0,0,-1,,
2026-03-22T18:34:43.546470,4859,198,error,high,lua,Lua error [FRAME_DESYNC]: Severe frame ID mismatch detected,0,0,-1,,
2026-03-22T18:35:19.768231,4861,122,error,high,lua,Lua error [FRAME_DESYNC]: Severe frame ID mismatch detected,0,0,-1,,
2026-03-22T18:35:23.470340,4863,47,error,high,lua,Lua error [FRAME_DESYNC]: Severe frame ID mismatch detected,0,0,-1,,
2026-03-22T18:35:27.962237,4863,59,error,high,lua,Lua error [FRAME_DESYNC]: Severe frame ID mismatch detected,0,0,-1,,
2026-03-22T18:35:47.156151,4864,279,error,high,lua,Lua error [FRAME_DESYNC]: Severe frame ID mismatch detected,0,0,-1,,
2026-03-22T18:36:16.441193,4866,389,error,high,lua,Lua error [FRAME_DESYNC]: Severe frame ID mismatch detected,0,0,-1,,
2026-03-22T18:36:42.197600,4866,379,error,high,lua,Lua error [FRAME_DESYNC]: Severe frame ID mismatch detected,0,0,-1,,
2026-03-22T18:36:50.233637,4867,71,error,high,lua,Lua error [FRAME_DESYNC]: Severe frame ID mismatch detected,0,0,-1,,
2026-03-22T18:36:59.352638,4868,128,error,high,lua,Lua error [FRAME_DESYNC]: Severe frame ID mismatch detected,0,0,-1,,
2026-03-22T18:37:03.096094,4869,47,error,high,lua,Lua error [FRAME_DESYNC]: Severe frame ID mismatch detected,0,0,-1,,
2026-03-22T18:37:07.488447,4870,56,error,high,lua,Lua error [FRAME_DESYNC]: Severe frame ID mismatch detected,0,0,-1,,
2026-03-22T18:37:27.405454,4871,290,error,high,lua,Lua error [FRAME_DESYNC]: Severe frame ID mismatch detected,0,0,-1,,
2026-03-22T18:37:55.459058,4873,46,error,high,lua,Lua error [FRAME_DESYNC]: Severe frame ID mismatch detected,0,0,-1,,
2026-03-22T18:37:58.703521,4874,39,error,high,lua,Lua error [FRAME_DESYNC]: Severe frame ID mismatch detected,0,0,-1,,
2026-03-22T18:38:19.003547,4875,296,error,high,lua,Lua error [FRAME_DESYNC]: Severe frame ID mismatch detected,0,0,-1,,
2026-03-22T18:38:29.769473,4876,119,error,high,lua,Lua error [FRAME_DESYNC]: Severe frame ID mismatch detected,0,0,-1,,
2026-03-22T18:38:46.742973,4878,246,error,high,lua,Lua error [FRAME_DESYNC]: Severe frame ID mismatch detected,0,0,-1,,
2026-03-22T18:39:18.597333,4879,422,error,high,lua,Lua error [FRAME_DESYNC]: Severe frame ID mismatch detected,0,0,-1,,
2026-03-22T18:39:35.610384,4879,247,error,high,lua,Lua error [FRAME_DESYNC]: Severe frame ID mismatch detected,0,0,-1,,
2026-03-22T18:39:40.918123,4880,42,error,high,lua,Lua error [FRAME_DESYNC]: Severe frame ID mismatch detected,0,0,-1,,
2026-03-22T18:39:48.705894,4881,101,error,high,lua,Lua error [FRAME_DESYNC]: Severe frame ID mismatch detected,0,0,-1,,
2026-03-22T18:39:55.276864,4883,89,error,high,lua,Lua error [FRAME_DESYNC]: Severe frame ID mismatch detected,0,0,-1,,
2026-03-22T18:40:26.724831,4883,464,error,high,lua,Lua error [FRAME_DESYNC]: Severe frame ID mismatch detected,0,0,-1,,
2026-03-22T18:40:48.922815,4884,277,error,high,lua,Lua error [FRAME_DESYNC]: Severe frame ID mismatch detected,0,0,-1,,
2026-03-22T18:41:32.217464,4886,262,error,high,lua,Lua error [FRAME_DESYNC]: Severe frame ID mismatch detected,0,0,-1,,
2026-03-22T18:41:39.920228,4887,107,error,high,lua,Lua error [FRAME_DESYNC]: Severe frame ID mismatch detected,0,0,-1,,
2026-03-22T18:41:43.347967,4888,42,error,high,lua,Lua error [FRAME_DESYNC]: Severe frame ID mismatch detected,0,0,-1,,
2026-03-22T18:42:08.191254,4889,364,error,high,lua,Lua error [FRAME_DESYNC]: Severe frame ID mismatch detected,0,0,-1,,
2026-03-22T18:42:26.726580,4890,269,error,high,lua,Lua error [FRAME_DESYNC]: Severe frame ID mismatch detected,0,0,-1,,
2026-03-22T18:42:38.306899,4891,134,error,high,lua,Lua error [FRAME_DESYNC]: Severe frame ID mismatch detected,0,0,-1,,
2026-03-22T18:43:14.852264,4892,540,error,high,lua,Lua error [FRAME_DESYNC]: Severe frame ID mismatch detected,0,0,-1,,
2026-03-22T18:43:45.828061,4893,398,error,high,lua,Lua error [FRAME_DESYNC]: Severe frame ID mismatch detected,0,0,-1,,
2026-03-22T18:44:33.432272,4895,234,error,high,lua,Lua error [FRAME_DESYNC]: Severe frame ID mismatch detected,0,0,-1,,
2026-03-22T18:44:48.615294,4896,219,error,high,lua,Lua error [FRAME_DESYNC]: Severe frame ID mismatch detected,0,0,-1,,
2026-03-22T18:45:01.619191,4897,187,error,high,lua,Lua error [FRAME_DESYNC]: Severe frame ID mismatch detected,0,0,-1,,
2026-03-22T18:45:12.833922,4898,159,error,high,lua,Lua error [FRAME_DESYNC]: Severe frame ID mismatch detected,0,0,-1,,
2026-03-22T18:45:39.013070,4900,68,error,high,lua,Lua error [FRAME_DESYNC]: Severe frame ID mismatch detected,0,0,-1,,
2026-03-22T18:45:43.665854,4901,51,error,high,lua,Lua error [FRAME_DESYNC]: Severe frame ID mismatch detected,0,0,-1,,
2026-03-22T18:45:51.908595,4902,115,error,high,lua,Lua error [FRAME_DESYNC]: Severe frame ID mismatch detected,0,0,-1,,
2026-03-22T18:45:59.406308,4903,104,error,high,lua,Lua error [FRAME_DESYNC]: Severe frame ID mismatch detected,0,0,-1,,
2026-03-22T18:46:18.142023,4904,272,error,high,lua,Lua error [FRAME_DESYNC]: Severe frame ID mismatch detected,0,0,-1,,
2026-03-22T18:46:26.395760,4905,115,error,high,lua,Lua error [FRAME_DESYNC]: Severe frame ID mismatch detected,0,0,-1,,
2026-03-22T18:46:31.187645,4906,63,error,high,lua,Lua error [FRAME_DESYNC]: Severe frame ID mismatch detected,0,0,-1,,
2026-03-22T18:47:19.940483,4909,115,error,high,lua,Lua error [FRAME_DESYNC]: Severe frame ID mismatch detected,0,0,-1,,
2026-03-22T18:47:38.659954,4910,272,error,high,lua,Lua error [FRAME_DESYNC]: Severe frame ID mismatch detected,0,0,-1,,
2026-03-22T18:47:49.008180,4911,146,error,high,lua,Lua error [FRAME_DESYNC]: Severe frame ID mismatch detected,0,0,-1,,
2026-03-22T18:48:15.582284,4912,390,error,high,lua,Lua error [FRAME_DESYNC]: Severe frame ID mismatch detected,0,0,-1,,
2026-03-22T18:48:38.178152,4913,285,error,high,lua,Lua error [FRAME_DESYNC]: Severe frame ID mismatch detected,0,0,-1,,
2026-03-22T18:48:49.275623,4914,125,error,high,lua,Lua error [FRAME_DESYNC]: Severe frame ID mismatch detected,0,0,-1,,
2026-03-22T18:49:06.862368,4915,255,error,high,lua,Lua error [FRAME_DESYNC]: Severe frame ID mismatch detected,0,0,-1,,
2026-03-22T18:49:27.361514,4917,270,error,high,lua,Lua error [FRAME_DESYNC]: Severe frame ID mismatch detected,0,0,-1,,
2026-03-22T18:49:57.079293,4918,250,error,high,lua,Lua error [FRAME_DESYNC]: Severe frame ID mismatch detected,0,0,-1,,
2026-03-22T18:50:18.611008,4919,286,error,high,lua,Lua error [FRAME_DESYNC]: Severe frame ID mismatch detected,0,0,-1,,
2026-03-22T18:50:24.800514,4920,52,error,high,lua,Lua error [FRAME_DESYNC]: Severe frame ID mismatch detected,0,0,-1,,
2026-03-22T18:50:29.731426,4921,56,error,high,lua,Lua error [FRAME_DESYNC]: Severe frame ID mismatch detected,0,0,-1,,
2026-03-22T18:50:50.064791,4923,41,error,high,lua,Lua error [FRAME_DESYNC]: Severe frame ID mismatch detected,0,0,-1,,
2026-03-22T18:51:01.006451,4924,156,error,high,lua,Lua error [FRAME_DESYNC]: Severe frame ID mismatch detected,0,0,-1,,
2026-03-22T18:51:10.657395,4925,136,error,high,lua,Lua error [FRAME_DESYNC]: Severe frame ID mismatch detected,0,0,-1,,
2026-03-22T18:51:20.713285,4927,142,error,high,lua,Lua error [FRAME_DESYNC]: Severe frame ID mismatch detected,0,0,-1,,
2026-03-22T18:51:34.245061,4928,195,error,high,lua,Lua error [FRAME_DESYNC]: Severe frame ID mismatch detected,0,0,-1,,
2026-03-22T18:51:37.768484,4928,45,error,high,lua,Lua error [FRAME_DESYNC]: Severe frame ID mismatch detected,0,0,-1,,
2026-03-22T18:51:51.209645,4929,193,error,high,lua,Lua error [FRAME_DESYNC]: Severe frame ID mismatch detected,0,0,-1,,
2026-03-22T18:52:18.978086,4930,409,error,high,lua,Lua error [FRAME_DESYNC]: Severe frame ID mismatch detected,0,0,-1,,
2026-03-22T18:52:26.349112,4931,59,error,high,lua,Lua error [FRAME_DESYNC]: Severe frame ID mismatch detected,0,0,-1,,
2026-03-22T18:52:30.581139,4932,55,error,high,lua,Lua error [FRAME_DESYNC]: Severe frame ID mismatch detected,0,0,-1,,
2026-03-22T18:52:38.878360,4933,116,error,high,lua,Lua error [FRAME_DESYNC]: Severe frame ID mismatch detected,0,0,-1,,
2026-03-22T18:52:57.370636,4934,269,error,high,lua,Lua error [FRAME_DESYNC]: Severe frame ID mismatch detected,0,0,-1,,
2026-03-22T18:53:22.954686,4935,345,error,high,lua,Lua error [FRAME_DESYNC]: Severe frame ID mismatch detected,0,0,-1,,
2026-03-22T18:53:26.831039,4936,50,error,high,lua,Lua error [FRAME_DESYNC]: Severe frame ID mismatch detected,0,0,-1,,
2026-03-22T18:53:38.951092,4937,172,error,high,lua,Lua error [FRAME_DESYNC]: Severe frame ID mismatch detected,0,0,-1,,
2026-03-22T18:53:54.768896,4938,229,error,high,lua,Lua error [FRAME_DESYNC]: Severe frame ID mismatch detected,0,0,-1,,
2026-03-22T18:54:07.181605,4939,177,error,high,lua,Lua error [FRAME_DESYNC]: Severe frame ID mismatch detected,0,0,-1,,
2026-03-22T18:54:10.516027,4940,40,error,high,lua,Lua error [FRAME_DESYNC]: Severe frame ID mismatch detected,0,0,-1,,
2026-03-22T18:54:14.868788,4941,49,error,high,lua,Lua error [FRAME_DESYNC]: Severe frame ID mismatch detected,0,0,-1,,
2026-03-22T18:54:18.329442,4942,43,error,high,lua,Lua error [FRAME_DESYNC]: Severe frame ID mismatch detected,0,0,-1,,
2026-03-22T18:54:46.825207,4945,74,error,high,lua,Lua error [FRAME_DESYNC]: Severe frame ID mismatch detected,0,0,-1,,
2026-03-22T18:54:51.973685,4945,69,error,high,lua,Lua error [FRAME_DESYNC]: Severe frame ID mismatch detected,0,0,-1,,
2026-03-22T18:54:55.317806,4946,41,error,high,lua,Lua error [FRAME_DESYNC]: Severe frame ID mismatch detected,0,0,-1,,
2026-03-22T18:55:19.289081,4948,317,error,high,lua,Lua error [FRAME_DESYNC]: Severe frame ID mismatch detected,0,0,-1,,
2026-03-22T18:55:23.672303,4948,58,error,high,lua,Lua error [FRAME_DESYNC]: Severe frame ID mismatch detected,0,0,-1,,
2026-03-22T18:55:43.122183,4949,283,error,high,lua,Lua error [FRAME_DESYNC]: Severe frame ID mismatch detected,0,0,-1,,
2026-03-22T18:56:09.898680,4951,353,error,high,lua,Lua error [FRAME_DESYNC]: Severe frame ID mismatch detected,0,0,-1,,
2026-03-22T18:56:19.278730,4951,133,error,high,lua,Lua error [FRAME_DESYNC]: Severe frame ID mismatch detected,0,0,-1,,
2026-03-22T18:56:40.743084,4953,155,error,high,lua,Lua error [FRAME_DESYNC]: Severe frame ID mismatch detected,0,0,-1,,
2026-03-22T18:56:44.386828,4954,46,error,high,lua,Lua error [FRAME_DESYNC]: Severe frame ID mismatch detected,0,0,-1,,
2026-03-22T18:56:52.212966,4956,108,error,high,lua,Lua error [FRAME_DESYNC]: Severe frame ID mismatch detected,0,0,-1,,
2026-03-22T18:57:05.485204,4956,191,error,high,lua,Lua error [FRAME_DESYNC]: Severe frame ID mismatch detected,0,0,-1,,
2026-03-22T18:57:20.313692,4957,214,error,high,lua,Lua error [FRAME_DESYNC]: Severe frame ID mismatch detected,0,0,-1,,
2026-03-22T18:57:47.033440,4958,392,error,high,lua,Lua error [FRAME_DESYNC]: Severe frame ID mismatch detected,0,0,-1,,
2026-03-22T18:58:03.673216,4959,199,error,high,lua,Lua error [FRAME_DESYNC]: Severe frame ID mismatch detected,0,0,-1,,
2026-03-22T18:58:13.839736,4960,144,error,high,lua,Lua error [FRAME_DESYNC]: Severe frame ID mismatch detected,0,0,-1,,
2026-03-22T18:58:39.714037,4961,361,error,high,lua,Lua error [FRAME_DESYNC]: Severe frame ID mismatch detected,0,0,-1,,
2026-03-22T18:58:52.741722,4962,148,error,high,lua,Lua error [FRAME_DESYNC]: Severe frame ID mismatch detected,0,0,-1,,
2026-03-22T18:58:56.141770,4963,41,error,high,lua,Lua error [FRAME_DESYNC]: Severe frame ID mismatch detected,0,0,-1,,
2026-03-22T18:59:08.981537,4965,184,error,high,lua,Lua error [FRAME_DESYNC]: Severe frame ID mismatch detected,0,0,-1,,
2026-03-22T18:59:18.564851,4965,136,error,high,lua,Lua error [FRAME_DESYNC]: Severe frame ID mismatch detected,0,0,-1,,
2026-03-22T18:59:37.189375,4967,271,error,high,lua,Lua error [FRAME_DESYNC]: Severe frame ID mismatch detected,0,0,-1,,
2026-03-22T18:59:41.843971,4967,62,error,high,lua,Lua error [FRAME_DESYNC]: Severe frame ID mismatch detected,0,0,-1,,
2026-03-22T18:59:46.042935,4969,54,error,high,lua,Lua error [FRAME_DESYNC]: Severe frame ID mismatch detected,0,0,-1,,
2026-03-22T18:59:49.436635,4970,43,error,high,lua,Lua error [FRAME_DESYNC]: Severe frame ID mismatch detected,0,0,-1,,
2026-03-22T19:00:11.977514,4970,330,error,high,lua,Lua error [FRAME_DESYNC]: Severe frame ID mismatch detected,0,0,-1,,
2026-03-22T19:00:18.165833,4971,48,error,high,lua,Lua error [FRAME_DESYNC]: Severe frame ID mismatch detected,0,0,-1,,
2026-03-22T19:00:21.918775,4972,47,error,high,lua,Lua error [FRAME_DESYNC]: Severe frame ID mismatch detected,0,0,-1,,
2026-03-22T19:00:26.502312,4973,60,error,high,lua,Lua error [FRAME_DESYNC]: Severe frame ID mismatch detected,0,0,-1,,
2026-03-22T19:00:40.612818,4974,204,error,high,lua,Lua error [FRAME_DESYNC]: Severe frame ID mismatch detected,0,0,-1,,
2026-03-22T19:00:43.674224,4975,37,error,high,lua,Lua error [FRAME_DESYNC]: Severe frame ID mismatch detected,0,0,-1,,
2026-03-22T19:01:17.268704,4976,496,error,high,lua,Lua error [FRAME_DESYNC]: Severe frame ID mismatch detected,0,0,-1,,
2026-03-22T19:01:45.737530,4978,62,error,high,lua,Lua error [FRAME_DESYNC]: Severe frame ID mismatch detected,0,0,-1,,
2026-03-22T19:01:54.539828,4979,124,error,high,lua,Lua error [FRAME_DESYNC]: Severe frame ID mismatch detected,0,0,-1,,
2026-03-22T19:02:45.378016,4981,381,error,high,lua,Lua error [FRAME_DESYNC]: Severe frame ID mismatch detected,0,0,-1,,
2026-03-22T19:03:05.539180,4983,41,error,high,lua,Lua error [FRAME_DESYNC]: Severe frame ID mismatch detected,0,0,-1,,
2026-03-22T19:03:09.465065,4984,50,error,high,lua,Lua error [FRAME_DESYNC]: Severe frame ID mismatch detected,0,0,-1,,
2026-03-22T19:03:17.186099,4985,107,error,high,lua,Lua error [FRAME_DESYNC]: Severe frame ID mismatch detected,0,0,-1,,
2026-03-22T19:03:21.835282,4986,61,error,high,lua,Lua error [FRAME_DESYNC]: Severe frame ID mismatch detected,0,0,-1,,
2026-03-22T19:03:41.634258,4987,287,error,high,lua,Lua error [FRAME_DESYNC]: Severe frame ID mismatch detected,0,0,-1,,
2026-03-22T19:03:57.890647,4988,204,error,high,lua,Lua error [FRAME_DESYNC]: Severe frame ID mismatch detected,0,0,-1,,
2026-03-22T19:04:24.019624,4989,359,error,high,lua,Lua error [FRAME_DESYNC]: Severe frame ID mismatch detected,0,0,-1,,
2026-03-22T19:04:38.756254,4990,173,error,high,lua,Lua error [FRAME_DESYNC]: Severe frame ID mismatch detected,0,0,-1,,
2026-03-22T19:04:42.301956,4991,45,error,high,lua,Lua error [FRAME_DESYNC]: Severe frame ID mismatch detected,0,0,-1,,
2026-03-22T19:04:50.087525,4992,107,error,high,lua,Lua error [FRAME_DESYNC]: Severe frame ID mismatch detected,0,0,-1,,
2026-03-22T19:04:54.829215,4993,62,error,high,lua,Lua error [FRAME_DESYNC]: Severe frame ID mismatch detected,0,0,-1,,
2026-03-22T19:04:57.982279,4994,38,error,high,lua,Lua error [FRAME_DESYNC]: Severe frame ID mismatch detected,0,0,-1,,
2026-03-22T19:05:19.654507,4995,317,error,high,lua,Lua error [FRAME_DESYNC]: Severe frame ID mismatch detected,0,0,-1,,
2026-03-22T19:05:37.691337,4996,225,error,high,lua,Lua error [FRAME_DESYNC]: Severe frame ID mismatch detected,0,0,-1,,
2026-03-22T19:06:16.262959,4997,570,error,high,lua,Lua error [FRAME_DESYNC]: Severe frame ID mismatch detected,0,0,-1,,
2026-03-22T19:06:30.792826,4998,150,error,high,lua,Lua error [FRAME_DESYNC]: Severe frame ID mismatch detected,0,0,-1,,
2026-03-22T19:06:48.823676,4999,262,error,high,lua,Lua error [FRAME_DESYNC]: Severe frame ID mismatch detected,0,0,-1,,
2026-03-22T19:06:52.641137,5000,49,error,high,lua,Lua error [FRAME_DESYNC]: Severe frame ID mismatch detected,0,0,-1,,
2026-03-22T19:06:56.876675,5001,47,error,high,lua,Lua error [FRAME_DESYNC]: Severe frame ID mismatch detected,0,0,-1,,
2026-03-22T19:07:09.662696,5002,181,error,high,lua,Lua error [FRAME_DESYNC]: Severe frame ID mismatch detected,0,0,-1,,
2026-03-22T19:07:22.723557,5003,187,error,high,lua,Lua error [FRAME_DESYNC]: Severe frame ID mismatch detected,0,0,-1,,
2026-03-22T19:07:28.469768,5005,57,error,high,lua,Lua error [FRAME_DESYNC]: Severe frame ID mismatch detected,0,0,-1,,
2026-03-22T19:07:35.680908,5006,100,error,high,lua,Lua error [FRAME_DESYNC]: Severe frame ID mismatch detected,0,0,-1,,
2026-03-22T19:08:00.039897,5006,357,error,high,lua,Lua error [FRAME_DESYNC]: Severe frame ID mismatch detected,0,0,-1,,
2026-03-22T19:08:06.036401,5007,42,error,high,lua,Lua error [FRAME_DESYNC]: Severe frame ID mismatch detected,0,0,-1,,
2026-03-22T19:08:09.541137,5008,43,error,high,lua,Lua error [FRAME_DESYNC]: Severe frame ID mismatch detected,0,0,-1,,
2026-03-22T19:08:17.443579,5009,109,error,high,lua,Lua error [FRAME_DESYNC]: Severe frame ID mismatch detected,0,0,-1,,
2026-03-22T19:08:29.656929,5010,174,error,high,lua,Lua error [FRAME_DESYNC]: Severe frame ID mismatch detected,0,0,-1,,
2026-03-22T19:08:47.476863,5011,259,error,high,lua,Lua error [FRAME_DESYNC]: Severe frame ID mismatch detected,0,0,-1,,
2026-03-22T19:08:50.812232,5012,41,error,high,lua,Lua error [FRAME_DESYNC]: Severe frame ID mismatch detected,0,0,-1,,
2026-03-22T19:09:00.206679,5013,132,error,high,lua,Lua error [FRAME_DESYNC]: Severe frame ID mismatch detected,0,0,-1,,
2026-03-22T19:09:03.983089,5014,48,error,high,lua,Lua error [FRAME_DESYNC]: Severe frame ID mismatch detected,0,0,-1,,
2026-03-22T19:09:23.084321,5015,279,error,high,lua,Lua error [FRAME_DESYNC]: Severe frame ID mismatch detected,0,0,-1,,
2026-03-22T19:09:28.676032,5016,44,error,high,lua,Lua error [FRAME_DESYNC]: Severe frame ID mismatch detected,0,0,-1,,
2026-03-22T19:09:32.435374,5017,47,error,high,lua,Lua error [FRAME_DESYNC]: Severe frame ID mismatch detected,0,0,-1,,
2026-03-22T19:09:46.945523,5018,208,error,high,lua,Lua error [FRAME_DESYNC]: Severe frame ID mismatch detected,0,0,-1,,
2026-03-22T19:09:55.564809,5019,121,error,high,lua,Lua error [FRAME_DESYNC]: Severe frame ID mismatch detected,0,0,-1,,
2026-03-22T19:10:11.821596,5021,43,error,high,lua,Lua error [FRAME_DESYNC]: Severe frame ID mismatch detected,0,0,-1,,
2026-03-22T19:10:30.606250,5022,273,error,high,lua,Lua error [FRAME_DESYNC]: Severe frame ID mismatch detected,0,0,-1,,
2026-03-22T19:11:04.599615,5024,139,error,high,lua,Lua error [FRAME_DESYNC]: Severe frame ID mismatch detected,0,0,-1,,
2026-03-22T19:11:18.449407,5026,199,error,high,lua,Lua error [FRAME_DESYNC]: Severe frame ID mismatch detected,0,0,-1,,
2026-03-22T19:11:32.603196,5026,204,error,high,lua,Lua error [FRAME_DESYNC]: Severe frame ID mismatch detected,0,0,-1,,
2026-03-22T19:11:56.146952,5027,344,error,high,lua,Lua error [FRAME_DESYNC]: Severe frame ID mismatch detected,0,0,-1,,
2026-03-22T19:12:18.177322,5028,284,error,high,lua,Lua error [FRAME_DESYNC]: Severe frame ID mismatch detected,0,0,-1,,
2026-03-22T19:12:24.616708,5029,55,error,high,lua,Lua error [FRAME_DESYNC]: Severe frame ID mismatch detected,0,0,-1,,
2026-03-22T19:12:45.937387,5030,311,error,high,lua,Lua error [FRAME_DESYNC]: Severe frame ID mismatch detected,0,0,-1,,
2026-03-22T19:12:51.739561,5031,44,error,high,lua,Lua error [FRAME_DESYNC]: Severe frame ID mismatch detected,0,0,-1,,
2026-03-22T19:13:05.532052,5033,198,error,high,lua,Lua error [FRAME_DESYNC]: Severe frame ID mismatch detected,0,0,-1,,
2026-03-22T19:13:10.281749,5034,63,error,high,lua,Lua error [FRAME_DESYNC]: Severe frame ID mismatch detected,0,0,-1,,
2026-03-22T19:13:18.583941,5034,116,error,high,lua,Lua error [FRAME_DESYNC]: Severe frame ID mismatch detected,0,0,-1,,
2026-03-22T19:13:22.404719,5036,49,error,high,lua,Lua error [FRAME_DESYNC]: Severe frame ID mismatch detected,0,0,-1,,
2026-03-22T19:13:26.720294,5036,57,error,high,lua,Lua error [FRAME_DESYNC]: Severe frame ID mismatch detected,0,0,-1,,
2026-03-22T19:13:49.032344,5038,141,error,high,lua,Lua error [FRAME_DESYNC]: Severe frame ID mismatch detected,0,0,-1,,
2026-03-22T19:13:58.611552,5039,135,error,high,lua,Lua error [FRAME_DESYNC]: Severe frame ID mismatch detected,0,0,-1,,
2026-03-22T19:14:24.551233,5040,380,error,high,lua,Lua error [FRAME_DESYNC]: Severe frame ID mismatch detected,0,0,-1,,
2026-03-22T19:14:31.074756,5041,48,error,high,lua,Lua error [FRAME_DESYNC]: Severe frame ID mismatch detected,0,0,-1,,
2026-03-22T19:14:34.368109,5042,41,error,high,lua,Lua error [FRAME_DESYNC]: Severe frame ID mismatch detected,0,0,-1,,
2026-03-22T19:14:46.997205,5043,180,error,high,lua,Lua error [FRAME_DESYNC]: Severe frame ID mismatch detected,0,0,-1,,
2026-03-22T19:14:58.278268,5044,138,error,high,lua,Lua error [FRAME_DESYNC]: Severe frame ID mismatch detected,0,0,-1,,
2026-03-22T19:15:06.538433,5045,115,error,high,lua,Lua error [FRAME_DESYNC]: Severe frame ID mismatch detected,0,0,-1,,
2026-03-22T19:15:09.859472,5046,41,error,high,lua,Lua error [FRAME_DESYNC]: Severe frame ID mismatch detected,0,0,-1,,
2026-03-22T19:15:17.552394,5047,107,error,high,lua,Lua error [FRAME_DESYNC]: Severe frame ID mismatch detected,0,0,-1,,
2026-03-22T19:15:21.123865,5048,44,error,high,lua,Lua error [FRAME_DESYNC]: Severe frame ID mismatch detected,0,0,-1,,
2026-03-22T19:15:24.019148,5049,35,error,high,lua,Lua error [FRAME_DESYNC]: Severe frame ID mismatch detected,0,0,-1,,
2026-03-22T19:15:31.779322,5051,108,error,high,lua,Lua error [FRAME_DESYNC]: Severe frame ID mismatch detected,0,0,-1,,
2026-03-22T19:15:53.303940,5051,315,error,high,lua,Lua error [FRAME_DESYNC]: Severe frame ID mismatch detected,0,0,-1,,
2026-03-22T19:16:05.020007,5052,131,error,high,lua,Lua error [FRAME_DESYNC]: Severe frame ID mismatch detected,0,0,-1,,
2026-03-22T19:16:14.892640,5053,140,error,high,lua,Lua error [FRAME_DESYNC]: Severe frame ID mismatch detected,0,0,-1,,
2026-03-22T19:16:18.811754,5054,50,error,high,lua,Lua error [FRAME_DESYNC]: Severe frame ID mismatch detected,0,0,-1,,
2026-03-22T19:16:23.088538,5055,55,error,high,lua,Lua error [FRAME_DESYNC]: Severe frame ID mismatch detected,0,0,-1,,
2026-03-22T19:16:41.890756,5057,44,error,high,lua,Lua error [FRAME_DESYNC]: Severe frame ID mismatch detected,0,0,-1,,
2026-03-22T19:16:52.206518,5058,147,error,high,lua,Lua error [FRAME_DESYNC]: Severe frame ID mismatch detected,0,0,-1,,
2026-03-22T19:17:07.497977,5059,221,error,high,lua,Lua error [FRAME_DESYNC]: Severe frame ID mismatch detected,0,0,-1,,
2026-03-22T19:17:24.519390,5060,220,error,high,lua,Lua error [FRAME_DESYNC]: Severe frame ID mismatch detected,0,0,-1,,
2026-03-22T19:17:30.964847,5061,62,error,high,lua,Lua error [FRAME_DESYNC]: Severe frame ID mismatch detected,0,0,-1,,
2026-03-22T19:17:41.325489,5063,147,error,high,lua,Lua error [FRAME_DESYNC]: Severe frame ID mismatch detected,0,0,-1,,
2026-03-22T19:18:09.229439,5065,109,error,high,lua,Lua error [FRAME_DESYNC]: Severe frame ID mismatch detected,0,0,-1,,
2026-03-22T19:18:12.549938,5065,41,error,high,lua,Lua error [FRAME_DESYNC]: Severe frame ID mismatch detected,0,0,-1,,
2026-03-22T19:18:20.217519,5066,106,error,high,lua,Lua error [FRAME_DESYNC]: Severe frame ID mismatch detected,0,0,-1,,
2026-03-22T19:18:37.099273,5067,245,error,high,lua,Lua error [FRAME_DESYNC]: Severe frame ID mismatch detected,0,0,-1,,
2026-03-22T19:18:46.939473,5068,138,error,high,lua,Lua error [FRAME_DESYNC]: Severe frame ID mismatch detected,0,0,-1,,
2026-03-22T19:18:54.503705,5069,104,error,high,lua,Lua error [FRAME_DESYNC]: Severe frame ID mismatch detected,0,0,-1,,
2026-03-22T19:19:01.109470,5070,90,error,high,lua,Lua error [FRAME_DESYNC]: Severe frame ID mismatch detected,0,0,-1,,
2026-03-22T19:19:13.146825,5071,172,error,high,lua,Lua error [FRAME_DESYNC]: Severe frame ID mismatch detected,0,0,-1,,
2026-03-22T19:19:30.560308,5072,252,error,high,lua,Lua error [FRAME_DESYNC]: Severe frame ID mismatch detected,0,0,-1,,
2026-03-22T19:19:36.826895,5074,57,error,high,lua,Lua error [FRAME_DESYNC]: Severe frame ID mismatch detected,0,0,-1,,
2026-03-22T19:19:54.437392,5074,256,error,high,lua,Lua error [FRAME_DESYNC]: Severe frame ID mismatch detected,0,0,-1,,
2026-03-22T19:20:16.817061,5075,297,error,high,lua,Lua error [FRAME_DESYNC]: Severe frame ID mismatch detected,0,0,-1,,
2026-03-22T19:20:36.435298,5076,285,error,high,lua,Lua error [FRAME_DESYNC]: Severe frame ID mismatch detected,0,0,-1,,
2026-03-22T19:20:44.607670,5078,113,error,high,lua,Lua error [FRAME_DESYNC]: Severe frame ID mismatch detected,0,0,-1,,
2026-03-22T19:20:48.935235,5079,57,error,high,lua,Lua error [FRAME_DESYNC]: Severe frame ID mismatch detected,0,0,-1,,
2026-03-22T19:20:53.074278,5079,54,error,high,lua,Lua error [FRAME_DESYNC]: Severe frame ID mismatch detected,0,0,-1,,
2026-03-22T19:20:56.459056,5080,42,error,high,lua,Lua error [FRAME_DESYNC]: Severe frame ID mismatch detected,0,0,-1,,
2026-03-22T19:21:15.087692,5082,37,error,high,lua,Lua error [FRAME_DESYNC]: Severe frame ID mismatch detected,0,0,-1,,
2026-03-22T19:21:31.627407,5083,239,error,high,lua,Lua error [FRAME_DESYNC]: Severe frame ID mismatch detected,0,0,-1,,
2026-03-22T19:21:35.586389,5084,50,error,high,lua,Lua error [FRAME_DESYNC]: Severe frame ID mismatch detected,0,0,-1,,
2026-03-22T19:22:06.335987,5085,453,error,high,lua,Lua error [FRAME_DESYNC]: Severe frame ID mismatch detected,0,0,-1,,
2026-03-22T19:22:47.051438,5087,140,error,high,lua,Lua error [FRAME_DESYNC]: Severe frame ID mismatch detected,0,0,-1,,
2026-03-22T19:22:55.774635,5089,123,error,high,lua,Lua error [FRAME_DESYNC]: Severe frame ID mismatch detected,0,0,-1,,
2026-03-22T19:23:19.985862,5090,120,error,high,lua,Lua error [FRAME_DESYNC]: Severe frame ID mismatch detected,0,0,-1,,
2026-03-22T19:23:30.369078,5091,147,error,high,lua,Lua error [FRAME_DESYNC]: Severe frame ID mismatch detected,0,0,-1,,
2026-03-22T19:23:34.262057,5092,49,error,high,lua,Lua error [FRAME_DESYNC]: Severe frame ID mismatch detected,0,0,-1,,
2026-03-22T19:23:40.828928,5093,89,error,high,lua,Lua error [FRAME_DESYNC]: Severe frame ID mismatch detected,0,0,-1,,
2026-03-22T19:23:49.314458,5094,119,error,high,lua,Lua error [FRAME_DESYNC]: Severe frame ID mismatch detected,0,0,-1,,
2026-03-22T19:23:58.050204,5095,122,error,high,lua,Lua error [FRAME_DESYNC]: Severe frame ID mismatch detected,0,0,-1,,
2026-03-22T19:24:21.298345,5097,340,error,high,lua,Lua error [FRAME_DESYNC]: Severe frame ID mismatch detected,0,0,-1,,
2026-03-22T19:24:36.271337,5097,217,error,high,lua,Lua error [FRAME_DESYNC]: Severe frame ID mismatch detected,0,0,-1,,
2026-03-22T19:24:49.614910,5098,192,error,high,lua,Lua error [FRAME_DESYNC]: Severe frame ID mismatch detected,0,0,-1,,
2026-03-22T19:25:14.058100,5100,43,error,high,lua,Lua error [FRAME_DESYNC]: Severe frame ID mismatch detected,0,0,-1,,
2026-03-22T19:25:18.440505,5101,49,error,high,lua,Lua error [FRAME_DESYNC]: Severe frame ID mismatch detected,0,0,-1,,
2026-03-22T19:25:32.726355,5102,205,error,high,lua,Lua error [FRAME_DESYNC]: Severe frame ID mismatch detected,0,0,-1,,
2026-03-22T19:26:17.518733,5104,348,error,high,lua,Lua error [FRAME_DESYNC]: Severe frame ID mismatch detected,0,0,-1,,
2026-03-22T19:26:20.997132,5106,43,error,high,lua,Lua error [FRAME_DESYNC]: Severe frame ID mismatch detected,0,0,-1,,
2026-03-22T19:26:30.364163,5106,133,error,high,lua,Lua error [FRAME_DESYNC]: Severe frame ID mismatch detected,0,0,-1,,
2026-03-22T19:26:33.393149,5107,37,error,high,lua,Lua error [FRAME_DESYNC]: Severe frame ID mismatch detected,0,0,-1,,
2026-03-22T19:26:51.645453,5108,265,error,high,lua,Lua error [FRAME_DESYNC]: Severe frame ID mismatch detected,0,0,-1,,
2026-03-22T19:27:11.175090,5110,259,error,high,lua,Lua error [FRAME_DESYNC]: Severe frame ID mismatch detected,0,0,-1,,
2026-03-22T19:27:15.632129,5111,59,error,high,lua,Lua error [FRAME_DESYNC]: Severe frame ID mismatch detected,0,0,-1,,
2026-03-22T19:27:31.829993,5111,235,error,high,lua,Lua error [FRAME_DESYNC]: Severe frame ID mismatch detected,0,0,-1,,
2026-03-22T19:28:03.250159,5113,216,error,high,lua,Lua error [FRAME_DESYNC]: Severe frame ID mismatch detected,0,0,-1,,
2026-03-22T19:28:22.795008,5115,57,error,high,lua,Lua error [FRAME_DESYNC]: Severe frame ID mismatch detected,0,0,-1,,
2026-03-22T19:28:42.950550,5116,294,error,high,lua,Lua error [FRAME_DESYNC]: Severe frame ID mismatch detected,0,0,-1,,
2026-03-22T19:29:03.993128,5117,307,error,high,lua,Lua error [FRAME_DESYNC]: Severe frame ID mismatch detected,0,0,-1,,
2026-03-22T19:29:17.487078,5118,161,error,high,lua,Lua error [FRAME_DESYNC]: Severe frame ID mismatch detected,0,0,-1,,
2026-03-22T19:29:33.494795,5119,231,error,high,lua,Lua error [FRAME_DESYNC]: Severe frame ID mismatch detected,0,0,-1,,
2026-03-22T19:29:43.211647,5120,109,error,high,lua,Lua error [FRAME_DESYNC]: Severe frame ID mismatch detected,0,0,-1,,
2026-03-22T19:29:48.355123,5121,53,error,high,lua,Lua error [FRAME_DESYNC]: Severe frame ID mismatch detected,0,0,-1,,
2026-03-22T19:29:55.540468,5122,99,error,high,lua,Lua error [FRAME_DESYNC]: Severe frame ID mismatch detected,0,0,-1,,
2026-03-22T19:30:00.149799,5123,60,error,high,lua,Lua error [FRAME_DESYNC]: Severe frame ID mismatch detected,0,0,-1,,
2026-03-22T19:30:09.484470,5124,131,error,high,lua,Lua error [FRAME_DESYNC]: Severe frame ID mismatch detected,0,0,-1,,
2026-03-22T19:30:23.235235,5125,197,error,high,lua,Lua error [FRAME_DESYNC]: Severe frame ID mismatch detected,0,0,-1,,
2026-03-22T19:30:32.463571,5126,129,error,high,lua,Lua error [FRAME_DESYNC]: Severe frame ID mismatch detected,0,0,-1,,
2026-03-22T19:30:50.356499,5128,38,error,high,lua,Lua error [FRAME_DESYNC]: Severe frame ID mismatch detected,0,0,-1,,
2026-03-22T19:30:53.527740,5129,39,error,high,lua,Lua error [FRAME_DESYNC]: Severe frame ID mismatch detected,0,0,-1,,
2026-03-22T19:31:01.431251,5130,110,error,high,lua,Lua error [FRAME_DESYNC]: Severe frame ID mismatch detected,0,0,-1,,
2026-03-22T19:31:18.609664,5131,250,error,high,lua,Lua error [FRAME_DESYNC]: Severe frame ID mismatch detected,0,0,-1,,
2026-03-22T19:31:29.767965,5132,130,error,high,lua,Lua error [FRAME_DESYNC]: Severe frame ID mismatch detected,0,0,-1,,
2026-03-22T19:31:32.936708,5133,39,error,high,lua,Lua error [FRAME_DESYNC]: Severe frame ID mismatch detected,0,0,-1,,
2026-03-22T19:31:51.098935,5134,264,error,high,lua,Lua error [FRAME_DESYNC]: Severe frame ID mismatch detected,0,0,-1,,
2026-03-22T19:32:04.094436,5135,186,error,high,lua,Lua error [FRAME_DESYNC]: Severe frame ID mismatch detected,0,0,-1,,
2026-03-22T19:32:19.635313,5136,224,error,high,lua,Lua error [FRAME_DESYNC]: Severe frame ID mismatch detected,0,0,-1,,
2026-03-22T19:32:40.140668,5137,298,error,high,lua,Lua error [FRAME_DESYNC]: Severe frame ID mismatch detected,0,0,-1,,
2026-03-22T19:32:50.052681,5138,139,error,high,lua,Lua error [FRAME_DESYNC]: Severe frame ID mismatch detected,0,0,-1,,
2026-03-22T19:33:11.123647,5140,57,error,high,lua,Lua error [FRAME_DESYNC]: Severe frame ID mismatch detected,0,0,-1,,
2026-03-22T19:33:18.820046,5141,98,error,high,lua,Lua error [FRAME_DESYNC]: Severe frame ID mismatch detected,0,0,-1,,
2026-03-22T19:33:36.959829,5143,235,error,high,lua,Lua error [FRAME_DESYNC]: Severe frame ID mismatch detected,0,0,-1,,
2026-03-22T19:33:40.051940,5143,38,error,high,lua,Lua error [FRAME_DESYNC]: Severe frame ID mismatch detected,0,0,-1,,
2026-03-22T19:33:55.542970,5144,223,error,high,lua,Lua error [FRAME_DESYNC]: Severe frame ID mismatch detected,0,0,-1,,
2026-03-22T19:34:16.475862,5145,305,error,high,lua,Lua error [FRAME_DESYNC]: Severe frame ID mismatch detected,0,0,-1,,
2026-03-22T19:34:47.706209,5146,426,error,high,lua,Lua error [FRAME_DESYNC]: Severe frame ID mismatch detected,0,0,-1,,
2026-03-22T19:35:03.230499,5147,180,error,high,lua,Lua error [FRAME_DESYNC]: Severe frame ID mismatch detected,0,0,-1,,
2026-03-22T19:35:07.473438,5148,55,error,high,lua,Lua error [FRAME_DESYNC]: Severe frame ID mismatch detected,0,0,-1,,
2026-03-22T19:35:41.750005,5150,226,error,high,lua,Lua error [FRAME_DESYNC]: Severe frame ID mismatch detected,0,0,-1,,
2026-03-22T19:35:49.839700,5151,112,error,high,lua,Lua error [FRAME_DESYNC]: Severe frame ID mismatch detected,0,0,-1,,
2026-03-22T19:36:15.766544,5153,182,error,high,lua,Lua error [FRAME_DESYNC]: Severe frame ID mismatch detected,0,0,-1,,
2026-03-22T19:36:34.878774,5154,279,error,high,lua,Lua error [FRAME_DESYNC]: Severe frame ID mismatch detected,0,0,-1,,
2026-03-22T19:36:59.339258,5156,52,error,high,lua,Lua error [FRAME_DESYNC]: Severe frame ID mismatch detected,0,0,-1,,
2026-03-22T19:37:08.413212,5157,128,error,high,lua,Lua error [FRAME_DESYNC]: Severe frame ID mismatch detected,0,0,-1,,
2026-03-22T19:37:22.538679,5158,203,error,high,lua,Lua error [FRAME_DESYNC]: Severe frame ID mismatch detected,0,0,-1,,
2026-03-22T19:37:26.376506,5159,49,error,high,lua,Lua error [FRAME_DESYNC]: Severe frame ID mismatch detected,0,0,-1,,
2026-03-22T19:37:38.906075,5160,179,error,high,lua,Lua error [FRAME_DESYNC]: Severe frame ID mismatch detected,0,0,-1,,
2026-03-22T19:37:51.135295,5161,154,error,high,lua,Lua error [FRAME_DESYNC]: Severe frame ID mismatch detected,0,0,-1,,
2026-03-22T19:37:56.734304,5163,75,error,high,lua,Lua error [FRAME_DESYNC]: Severe frame ID mismatch detected,0,0,-1,,
2026-03-22T19:38:05.678375,5163,126,error,high,lua,Lua error [FRAME_DESYNC]: Severe frame ID mismatch detected,0,0,-1,,
2026-03-22T19:38:20.120353,5164,208,error,high,lua,Lua error [FRAME_DESYNC]: Severe frame ID mismatch detected,0,0,-1,,
2026-03-22T19:38:43.598430,5165,344,error,high,lua,Lua error [FRAME_DESYNC]: Severe frame ID mismatch detected,0,0,-1,,
2026-03-22T19:38:47.042455,5166,42,error,high,lua,Lua error [FRAME_DESYNC]: Severe frame ID mismatch detected,0,0,-1,,
2026-03-22T19:38:50.121288,5167,38,error,high,lua,Lua error [FRAME_DESYNC]: Severe frame ID mismatch detected,0,0,-1,,
2026-03-22T19:39:17.786146,5169,365,error,high,lua,Lua error [FRAME_DESYNC]: Severe frame ID mismatch detected,0,0,-1,,
2026-03-22T19:39:23.089702,5169,71,error,high,lua,Lua error [FRAME_DESYNC]: Severe frame ID mismatch detected,0,0,-1,,
2026-03-22T19:39:36.044651,5170,186,error,high,lua,Lua error [FRAME_DESYNC]: Severe frame ID mismatch detected,0,0,-1,,
2026-03-22T19:39:42.224185,5171,84,error,high,lua,Lua error [FRAME_DESYNC]: Severe frame ID mismatch detected,0,0,-1,,
2026-03-22T19:39:49.595953,5173,101,error,high,lua,Lua error [FRAME_DESYNC]: Severe frame ID mismatch detected,0,0,-1,,
2026-03-22T19:39:58.698806,5173,128,error,high,lua,Lua error [FRAME_DESYNC]: Severe frame ID mismatch detected,0,0,-1,,
2026-03-22T19:40:07.825113,5174,128,error,high,lua,Lua error [FRAME_DESYNC]: Severe frame ID mismatch detected,0,0,-1,,
2026-03-22T19:40:19.988509,5175,174,error,high,lua,Lua error [FRAME_DESYNC]: Severe frame ID mismatch detected,0,0,-1,,
2026-03-22T19:40:39.572664,5176,285,error,high,lua,Lua error [FRAME_DESYNC]: Severe frame ID mismatch detected,0,0,-1,,
2026-03-22T19:40:49.506550,5177,107,error,high,lua,Lua error [FRAME_DESYNC]: Severe frame ID mismatch detected,0,0,-1,,
2026-03-22T19:40:53.633404,5178,52,error,high,lua,Lua error [FRAME_DESYNC]: Severe frame ID mismatch detected,0,0,-1,,
2026-03-22T19:40:57.210161,5179,45,error,high,lua,Lua error [FRAME_DESYNC]: Severe frame ID mismatch detected,0,0,-1,,
2026-03-22T19:41:00.621361,5180,42,error,high,lua,Lua error [FRAME_DESYNC]: Severe frame ID mismatch detected,0,0,-1,,
2026-03-22T19:41:10.405881,5181,131,error,high,lua,Lua error [FRAME_DESYNC]: Severe frame ID mismatch detected,0,0,-1,,
2026-03-22T19:41:14.847657,5182,58,error,high,lua,Lua error [FRAME_DESYNC]: Severe frame ID mismatch detected,0,0,-1,,
2026-03-22T19:41:24.115268,5183,130,error,high,lua,Lua error [FRAME_DESYNC]: Severe frame ID mismatch detected,0,0,-1,,
2026-03-22T19:41:43.982577,5184,290,error,high,lua,Lua error [FRAME_DESYNC]: Severe frame ID mismatch detected,0,0,-1,,
2026-03-22T19:41:51.909446,5185,110,error,high,lua,Lua error [FRAME_DESYNC]: Severe frame ID mismatch detected,0,0,-1,,
2026-03-22T19:42:06.411813,5186,209,error,high,lua,Lua error [FRAME_DESYNC]: Severe frame ID mismatch detected,0,0,-1,,
2026-03-22T19:42:10.043818,5188,45,error,high,lua,Lua error [FRAME_DESYNC]: Severe frame ID mismatch detected,0,0,-1,,
2026-03-22T19:42:33.999371,5189,107,error,high,lua,Lua error [FRAME_DESYNC]: Severe frame ID mismatch detected,0,0,-1,,
2026-03-22T19:42:46.978031,5190,186,error,high,lua,Lua error [FRAME_DESYNC]: Severe frame ID mismatch detected,0,0,-1,,
2026-03-22T19:42:53.107607,5191,83,error,high,lua,Lua error [FRAME_DESYNC]: Severe frame ID mismatch detected,0,0,-1,,
2026-03-22T19:43:02.524019,5193,132,error,high,lua,Lua error [FRAME_DESYNC]: Severe frame ID mismatch detected,0,0,-1,,
2026-03-22T19:43:07.088933,5193,60,error,high,lua,Lua error [FRAME_DESYNC]: Severe frame ID mismatch detected,0,0,-1,,
2026-03-22T19:43:16.995389,5194,141,error,high,lua,Lua error [FRAME_DESYNC]: Severe frame ID mismatch detected,0,0,-1,,
2026-03-22T19:43:20.622558,5195,46,error,high,lua,Lua error [FRAME_DESYNC]: Severe frame ID mismatch detected,0,0,-1,,
2026-03-22T19:43:24.616501,5196,51,error,high,lua,Lua error [FRAME_DESYNC]: Severe frame ID mismatch detected,0,0,-1,,
2026-03-22T19:43:32.785326,5197,114,error,high,lua,Lua error [FRAME_DESYNC]: Severe frame ID mismatch detected,0,0,-1,,
2026-03-22T19:43:41.321488,5198,119,error,high,lua,Lua error [FRAME_DESYNC]: Severe frame ID mismatch detected,0,0,-1,,
2026-03-22T19:43:58.732011,5199,253,error,high,lua,Lua error [FRAME_DESYNC]: Severe frame ID mismatch detected,0,0,-1,,
2026-03-22T19:44:04.072740,5200,41,error,high,lua,Lua error [FRAME_DESYNC]: Severe frame ID mismatch detected,0,0,-1,,
2026-03-22T19:44:12.918578,5201,118,error,high,lua,Lua error [FRAME_DESYNC]: Severe frame ID mismatch detected,0,0,-1,,
2026-03-22T19:44:34.383585,5202,314,error,high,lua,Lua error [FRAME_DESYNC]: Severe frame ID mismatch detected,0,0,-1,,
2026-03-22T19:44:41.837620,5203,103,error,high,lua,Lua error [FRAME_DESYNC]: Severe frame ID mismatch detected,0,0,-1,,
2026-03-22T19:44:56.513735,5204,211,error,high,lua,Lua error [FRAME_DESYNC]: Severe frame ID mismatch detected,0,0,-1,,
2026-03-22T19:45:00.713215,5205,53,error,high,lua,Lua error [FRAME_DESYNC]: Severe frame ID mismatch detected,0,0,-1,,
2026-03-22T19:45:11.112436,5207,147,error,high,lua,Lua error [FRAME_DESYNC]: Severe frame ID mismatch detected,0,0,-1,,
2026-03-22T19:45:21.431620,5208,147,error,high,lua,Lua error [FRAME_DESYNC]: Severe frame ID mismatch detected,0,0,-1,,
2026-03-22T19:45:30.229849,5208,124,error,high,lua,Lua error [FRAME_DESYNC]: Severe frame ID mismatch detected,0,0,-1,,
2026-03-22T19:45:53.495812,5210,340,error,high,lua,Lua error [FRAME_DESYNC]: Severe frame ID mismatch detected,0,0,-1,,
2026-03-22T19:45:56.520002,5210,37,error,high,lua,Lua error [FRAME_DESYNC]: Severe frame ID mismatch detected,0,0,-1,,
2026-03-22T19:46:00.058538,5211,44,error,high,lua,Lua error [FRAME_DESYNC]: Severe frame ID mismatch detected,0,0,-1,,
2026-03-22T19:46:08.744151,5213,121,error,high,lua,Lua error [FRAME_DESYNC]: Severe frame ID mismatch detected,0,0,-1,,
2026-03-22T19:46:12.920074,5213,55,error,high,lua,Lua error [FRAME_DESYNC]: Severe frame ID mismatch detected,0,0,-1,,
2026-03-22T19:46:19.675917,5214,93,error,high,lua,Lua error [FRAME_DESYNC]: Severe frame ID mismatch detected,0,0,-1,,
2026-03-22T19:46:23.075609,5215,42,error,high,lua,Lua error [FRAME_DESYNC]: Severe frame ID mismatch detected,0,0,-1,,
2026-03-22T19:46:26.898074,5216,49,error,high,lua,Lua error [FRAME_DESYNC]: Severe frame ID mismatch detected,0,0,-1,,
2026-03-22T19:46:51.789321,5217,365,error,high,lua,Lua error [FRAME_DESYNC]: Severe frame ID mismatch detected,0,0,-1,,
2026-03-22T19:46:58.235056,5218,47,error,high,lua,Lua error [FRAME_DESYNC]: Severe frame ID mismatch detected,0,0,-1,,
2026-03-22T19:47:06.903899,5219,121,error,high,lua,Lua error [FRAME_DESYNC]: Severe frame ID mismatch detected,0,0,-1,,
2026-03-22T19:47:26.398010,5220,284,error,high,lua,Lua error [FRAME_DESYNC]: Severe frame ID mismatch detected,0,0,-1,,
2026-03-22T19:47:57.286572,5223,228,error,high,lua,Lua error [FRAME_DESYNC]: Severe frame ID mismatch detected,0,0,-1,,
2026-03-22T19:48:00.996138,5223,48,error,high,lua,Lua error [FRAME_DESYNC]: Severe frame ID mismatch detected,0,0,-1,,
2026-03-22T19:48:10.010133,5224,127,error,high,lua,Lua error [FRAME_DESYNC]: Severe frame ID mismatch detected,0,0,-1,,
2026-03-22T19:48:18.960986,5225,126,error,high,lua,Lua error [FRAME_DESYNC]: Severe frame ID mismatch detected,0,0,-1,,
2026-03-22T19:48:22.611023,5226,45,error,high,lua,Lua error [FRAME_DESYNC]: Severe frame ID mismatch detected,0,0,-1,,
2026-03-22T19:48:37.031446,5227,208,error,high,lua,Lua error [FRAME_DESYNC]: Severe frame ID mismatch detected,0,0,-1,,
2026-03-22T19:48:48.812210,5228,144,error,high,lua,Lua error [FRAME_DESYNC]: Severe frame ID mismatch detected,0,0,-1,,
2026-03-22T19:48:56.132654,5229,101,error,high,lua,Lua error [FRAME_DESYNC]: Severe frame ID mismatch detected,0,0,-1,,
2026-03-22T19:49:05.018094,5230,125,error,high,lua,Lua error [FRAME_DESYNC]: Severe frame ID mismatch detected,0,0,-1,,
2026-03-22T19:49:24.452584,5231,282,error,high,lua,Lua error [FRAME_DESYNC]: Severe frame ID mismatch detected,0,0,-1,,
2026-03-22T19:49:29.643487,5232,37,error,high,lua,Lua error [FRAME_DESYNC]: Severe frame ID mismatch detected,0,0,-1,,
2026-03-22T19:49:38.712473,5233,126,error,high,lua,Lua error [FRAME_DESYNC]: Severe frame ID mismatch detected,0,0,-1,,
2026-03-22T19:49:52.073666,5234,191,error,high,lua,Lua error [FRAME_DESYNC]: Severe frame ID mismatch detected,0,0,-1,,
2026-03-22T19:50:11.507440,5236,282,error,high,lua,Lua error [FRAME_DESYNC]: Severe frame ID mismatch detected,0,0,-1,,
2026-03-22T19:50:39.960917,5236,419,error,high,lua,Lua error [FRAME_DESYNC]: Severe frame ID mismatch detected,0,0,-1,,
2026-03-22T19:50:54.353747,5237,207,error,high,lua,Lua error [FRAME_DESYNC]: Severe frame ID mismatch detected,0,0,-1,,
2026-03-22T19:50:57.820790,5238,42,error,high,lua,Lua error [FRAME_DESYNC]: Severe frame ID mismatch detected,0,0,-1,,
2026-03-22T19:51:01.048679,5239,39,error,high,lua,Lua error [FRAME_DESYNC]: Severe frame ID mismatch detected,0,0,-1,,
2026-03-22T19:51:14.726145,5240,196,error,high,lua,Lua error [FRAME_DESYNC]: Severe frame ID mismatch detected,0,0,-1,,
2026-03-22T19:51:19.877326,5241,44,error,high,lua,Lua error [FRAME_DESYNC]: Severe frame ID mismatch detected,0,0,-1,,
2026-03-22T19:51:26.840464,5243,96,error,high,lua,Lua error [FRAME_DESYNC]: Severe frame ID mismatch detected,0,0,-1,,
2026-03-22T19:51:34.519715,5243,107,error,high,lua,Lua error [FRAME_DESYNC]: Severe frame ID mismatch detected,0,0,-1,,
2026-03-22T19:51:38.396743,5244,50,error,high,lua,Lua error [FRAME_DESYNC]: Severe frame ID mismatch detected,0,0,-1,,
2026-03-22T19:52:04.121046,5245,378,error,high,lua,Lua error [FRAME_DESYNC]: Severe frame ID mismatch detected,0,0,-1,,
2026-03-22T19:52:29.345397,5246,370,error,high,lua,Lua error [FRAME_DESYNC]: Severe frame ID mismatch detected,0,0,-1,,
2026-03-22T19:52:48.281514,5247,235,error,high,lua,Lua error [FRAME_DESYNC]: Severe frame ID mismatch detected,0,0,-1,,
2026-03-22T19:53:02.596070,5249,206,error,high,lua,Lua error [FRAME_DESYNC]: Severe frame ID mismatch detected,0,0,-1,,
2026-03-22T19:53:20.461312,5249,260,error,high,lua,Lua error [FRAME_DESYNC]: Severe frame ID mismatch detected,0,0,-1,,
2026-03-22T19:53:39.767698,5250,251,error,high,lua,Lua error [FRAME_DESYNC]: Severe frame ID mismatch detected,0,0,-1,,
2026-03-22T19:53:45.403512,5251,45,error,high,lua,Lua error [FRAME_DESYNC]: Severe frame ID mismatch detected,0,0,-1,,
2026-03-22T19:54:07.433288,5252,322,error,high,lua,Lua error [FRAME_DESYNC]: Severe frame ID mismatch detected,0,0,-1,,
2026-03-22T19:54:21.420099,5253,200,error,high,lua,Lua error [FRAME_DESYNC]: Severe frame ID mismatch detected,0,0,-1,,
2026-03-22T19:54:32.358332,5254,156,error,high,lua,Lua error [FRAME_DESYNC]: Severe frame ID mismatch detected,0,0,-1,,
2026-03-22T19:54:49.363457,5255,247,error,high,lua,Lua error [FRAME_DESYNC]: Severe frame ID mismatch detected,0,0,-1,,
2026-03-22T19:54:54.223305,5256,65,error,high,lua,Lua error [FRAME_DESYNC]: Severe frame ID mismatch detected,0,0,-1,,
2026-03-22T19:55:17.516640,5258,340,error,high,lua,Lua error [FRAME_DESYNC]: Severe frame ID mismatch detected,0,0,-1,,
2026-03-22T19:55:24.804541,5258,102,error,high,lua,Lua error [FRAME_DESYNC]: Severe frame ID mismatch detected,0,0,-1,,
2026-03-22T19:55:35.192282,5260,147,error,high,lua,Lua error [FRAME_DESYNC]: Severe frame ID mismatch detected,0,0,-1,,
2026-03-22T19:55:43.390410,5260,115,error,high,lua,Lua error [FRAME_DESYNC]: Severe frame ID mismatch detected,0,0,-1,,
2026-03-22T19:55:59.115253,5261,212,error,high,lua,Lua error [FRAME_DESYNC]: Severe frame ID mismatch detected,0,0,-1,,
2026-03-22T19:56:09.530292,5262,121,error,high,lua,Lua error [FRAME_DESYNC]: Severe frame ID mismatch detected,0,0,-1,,
2026-03-22T19:56:39.630610,5264,49,error,high,lua,Lua error [FRAME_DESYNC]: Severe frame ID mismatch detected,0,0,-1,,
2026-03-22T19:56:48.616067,5265,126,error,high,lua,Lua error [FRAME_DESYNC]: Severe frame ID mismatch detected,0,0,-1,,
2026-03-22T19:57:08.999079,5266,297,error,high,lua,Lua error [FRAME_DESYNC]: Severe frame ID mismatch detected,0,0,-1,,
2026-03-22T19:57:12.550617,5267,44,error,high,lua,Lua error [FRAME_DESYNC]: Severe frame ID mismatch detected,0,0,-1,,
2026-03-22T19:57:16.719582,5268,54,error,high,lua,Lua error [FRAME_DESYNC]: Severe frame ID mismatch detected,0,0,-1,,
2026-03-22T19:57:40.019539,5269,342,error,high,lua,Lua error [FRAME_DESYNC]: Severe frame ID mismatch detected,0,0,-1,,
2026-03-22T19:57:59.356697,5271,281,error,high,lua,Lua error [FRAME_DESYNC]: Severe frame ID mismatch detected,0,0,-1,,
2026-03-22T19:58:03.475020,5271,53,error,high,lua,Lua error [FRAME_DESYNC]: Severe frame ID mismatch detected,0,0,-1,,
2026-03-22T19:58:07.675296,5272,54,error,high,lua,Lua error [FRAME_DESYNC]: Severe frame ID mismatch detected,0,0,-1,,
2026-03-22T19:58:31.195629,5273,344,error,high,lua,Lua error [FRAME_DESYNC]: Severe frame ID mismatch detected,0,0,-1,,
2026-03-22T19:58:41.118256,5274,140,error,high,lua,Lua error [FRAME_DESYNC]: Severe frame ID mismatch detected,0,0,-1,,
2026-03-22T19:58:55.439859,5275,206,error,high,lua,Lua error [FRAME_DESYNC]: Severe frame ID mismatch detected,0,0,-1,,
2026-03-22T19:58:59.282653,5276,48,error,high,lua,Lua error [FRAME_DESYNC]: Severe frame ID mismatch detected,0,0,-1,,
2026-03-22T19:59:02.744182,5277,42,error,high,lua,Lua error [FRAME_DESYNC]: Severe frame ID mismatch detected,0,0,-1,,
2026-03-22T19:59:23.901594,5279,279,error,high,lua,Lua error [FRAME_DESYNC]: Severe frame ID mismatch detected,0,0,-1,,
2026-03-22T19:59:32.726844,5279,124,error,high,lua,Lua error [FRAME_DESYNC]: Severe frame ID mismatch detected,0,0,-1,,
2026-03-22T19:59:37.119539,5280,57,error,high,lua,Lua error [FRAME_DESYNC]: Severe frame ID mismatch detected,0,0,-1,,
2026-03-22T19:59:56.073520,5281,265,error,high,lua,Lua error [FRAME_DESYNC]: Severe frame ID mismatch detected,0,0,-1,,
2026-03-22T20:00:16.241450,5283,265,error,high,lua,Lua error [FRAME_DESYNC]: Severe frame ID mismatch detected,0,0,-1,,
2026-03-22T20:00:20.203627,5284,52,error,high,lua,Lua error [FRAME_DESYNC]: Severe frame ID mismatch detected,0,0,-1,,
2026-03-22T20:00:23.575699,5284,43,error,high,lua,Lua error [FRAME_DESYNC]: Severe frame ID mismatch detected,0,0,-1,,
2026-03-22T20:00:28.584208,5286,66,error,high,lua,Lua error [FRAME_DESYNC]: Severe frame ID mismatch detected,0,0,-1,,
2026-03-22T20:00:38.436081,5286,140,error,high,lua,Lua error [FRAME_DESYNC]: Severe frame ID mismatch detected,0,0,-1,,
2026-03-22T20:00:54.461218,5288,232,error,high,lua,Lua error [FRAME_DESYNC]: Severe frame ID mismatch detected,0,0,-1,,
2026-03-22T20:01:00.565820,5288,83,error,high,lua,Lua error [FRAME_DESYNC]: Severe frame ID mismatch detected,0,0,-1,,
2026-03-22T20:01:24.292920,5289,348,error,high,lua,Lua error [FRAME_DESYNC]: Severe frame ID mismatch detected,0,0,-1,,
2026-03-22T20:01:43.627387,5290,244,error,high,lua,Lua error [FRAME_DESYNC]: Severe frame ID mismatch detected,0,0,-1,,
2026-03-22T20:01:49.217611,5291,75,error,high,lua,Lua error [FRAME_DESYNC]: Severe frame ID mismatch detected,0,0,-1,,
2026-03-22T20:01:52.495151,5292,40,error,high,lua,Lua error [FRAME_DESYNC]: Severe frame ID mismatch detected,0,0,-1,,
2026-03-22T20:02:08.208111,5293,227,error,high,lua,Lua error [FRAME_DESYNC]: Severe frame ID mismatch detected,0,0,-1,,
2026-03-22T20:02:28.475652,5294,295,error,high,lua,Lua error [FRAME_DESYNC]: Severe frame ID mismatch detected,0,0,-1,,
2026-03-22T20:02:42.478704,5295,202,error,high,lua,Lua error [FRAME_DESYNC]: Severe frame ID mismatch detected,0,0,-1,,
2026-03-22T20:02:56.905835,5297,208,error,high,lua,Lua error [FRAME_DESYNC]: Severe frame ID mismatch detected,0,0,-1,,
2026-03-22T20:03:08.635752,5297,168,error,high,lua,Lua error [FRAME_DESYNC]: Severe frame ID mismatch detected,0,0,-1,,
2026-03-22T20:03:24.726371,5298,232,error,high,lua,Lua error [FRAME_DESYNC]: Severe frame ID mismatch detected,0,0,-1,,
2026-03-22T20:03:42.837586,5299,261,error,high,lua,Lua error [FRAME_DESYNC]: Severe frame ID mismatch detected,0,0,-1,,
2026-03-22T20:04:10.971366,5301,344,error,high,lua,Lua error [FRAME_DESYNC]: Severe frame ID mismatch detected,0,0,-1,,
2026-03-22T20:04:14.684636,5301,48,error,high,lua,Lua error [FRAME_DESYNC]: Severe frame ID mismatch detected,0,0,-1,,
2026-03-22T20:04:18.502951,5302,47,error,high,lua,Lua error [FRAME_DESYNC]: Severe frame ID mismatch detected,0,0,-1,,
2026-03-22T20:04:34.618240,5303,233,error,high,lua,Lua error [FRAME_DESYNC]: Severe frame ID mismatch detected,0,0,-1,,
2026-03-22T20:04:40.980335,5304,87,error,high,lua,Lua error [FRAME_DESYNC]: Severe frame ID mismatch detected,0,0,-1,,
2026-03-22T20:05:15.199820,5306,304,error,high,lua,Lua error [FRAME_DESYNC]: Severe frame ID mismatch detected,0,0,-1,,
2026-03-22T20:05:42.721033,5307,371,error,high,lua,Lua error [FRAME_DESYNC]: Severe frame ID mismatch detected,0,0,-1,,
2026-03-22T20:05:46.171269,5308,43,error,high,lua,Lua error [FRAME_DESYNC]: Severe frame ID mismatch detected,0,0,-1,,
2026-03-22T20:05:57.613477,5309,162,error,high,lua,Lua error [FRAME_DESYNC]: Severe frame ID mismatch detected,0,0,-1,,
2026-03-22T20:06:22.893563,5310,370,error,high,lua,Lua error [FRAME_DESYNC]: Severe frame ID mismatch detected,0,0,-1,,
2026-03-22T20:06:30.142304,5311,60,error,high,lua,Lua error [FRAME_DESYNC]: Severe frame ID mismatch detected,0,0,-1,,
2026-03-22T20:07:24.984888,5314,298,error,high,lua,Lua error [FRAME_DESYNC]: Severe frame ID mismatch detected,0,0,-1,,
2026-03-22T20:07:39.045185,5315,203,error,high,lua,Lua error [FRAME_DESYNC]: Severe frame ID mismatch detected,0,0,-1,,
2026-03-22T20:07:43.322596,5316,55,error,high,lua,Lua error [FRAME_DESYNC]: Severe frame ID mismatch detected,0,0,-1,,
2026-03-22T20:07:58.347195,5317,217,error,high,lua,Lua error [FRAME_DESYNC]: Severe frame ID mismatch detected,0,0,-1,,
2026-03-22T20:08:02.213563,5318,49,error,high,lua,Lua error [FRAME_DESYNC]: Severe frame ID mismatch detected,0,0,-1,,
2026-03-22T20:08:06.422944,5319,54,error,high,lua,Lua error [FRAME_DESYNC]: Severe frame ID mismatch detected,0,0,-1,,
2026-03-22T20:08:14.303035,5320,109,error,high,lua,Lua error [FRAME_DESYNC]: Severe frame ID mismatch detected,0,0,-1,,
2026-03-22T20:08:25.668422,5321,149,error,high,lua,Lua error [FRAME_DESYNC]: Severe frame ID mismatch detected,0,0,-1,,
2026-03-22T20:08:29.017821,5322,41,error,high,lua,Lua error [FRAME_DESYNC]: Severe frame ID mismatch detected,0,0,-1,,
2026-03-22T20:08:50.892318,5323,320,error,high,lua,Lua error [FRAME_DESYNC]: Severe frame ID mismatch detected,0,0,-1,,
2026-03-22T20:09:03.172363,5324,140,error,high,lua,Lua error [FRAME_DESYNC]: Severe frame ID mismatch detected,0,0,-1,,
2026-03-22T20:09:16.632884,5325,193,error,high,lua,Lua error [FRAME_DESYNC]: Severe frame ID mismatch detected,0,0,-1,,
2026-03-22T20:10:03.139801,5327,343,error,high,lua,Lua error [FRAME_DESYNC]: Severe frame ID mismatch detected,0,0,-1,,
2026-03-22T20:10:19.172380,5329,192,error,high,lua,Lua error [FRAME_DESYNC]: Severe frame ID mismatch detected,0,0,-1,,
2026-03-22T20:10:22.292015,5329,39,error,high,lua,Lua error [FRAME_DESYNC]: Severe frame ID mismatch detected,0,0,-1,,
2026-03-22T20:10:30.610146,5330,115,error,high,lua,Lua error [FRAME_DESYNC]: Severe frame ID mismatch detected,0,0,-1,,
2026-03-22T20:10:35.470196,5331,64,error,high,lua,Lua error [FRAME_DESYNC]: Severe frame ID mismatch detected,0,0,-1,,
2026-03-22T20:10:39.162792,5332,47,error,high,lua,Lua error [FRAME_DESYNC]: Severe frame ID mismatch detected,0,0,-1,,
2026-03-22T20:10:48.115115,5333,125,error,high,lua,Lua error [FRAME_DESYNC]: Severe frame ID mismatch detected,0,0,-1,,
2026-03-22T20:11:10.127954,5334,321,error,high,lua,Lua error [FRAME_DESYNC]: Severe frame ID mismatch detected,0,0,-1,,
2026-03-22T20:11:26.351129,5335,200,error,high,lua,Lua error [FRAME_DESYNC]: Severe frame ID mismatch detected,0,0,-1,,
2026-03-22T20:11:40.278506,5336,199,error,high,lua,Lua error [FRAME_DESYNC]: Severe frame ID mismatch detected,0,0,-1,,
2026-03-22T20:12:14.676754,5338,172,error,high,lua,Lua error [FRAME_DESYNC]: Severe frame ID mismatch detected,0,0,-1,,
2026-03-22T20:12:41.664163,5340,357,error,high,lua,Lua error [FRAME_DESYNC]: Severe frame ID mismatch detected,0,0,-1,,
2026-03-22T20:12:55.154494,5340,194,error,high,lua,Lua error [FRAME_DESYNC]: Severe frame ID mismatch detected,0,0,-1,,
2026-03-22T20:13:19.131735,5341,328,error,high,lua,Lua error [FRAME_DESYNC]: Severe frame ID mismatch detected,0,0,-1,,
2026-03-22T20:13:39.032032,5342,253,error,high,lua,Lua error [FRAME_DESYNC]: Severe frame ID mismatch detected,0,0,-1,,
2026-03-22T20:13:53.191422,5343,204,error,high,lua,Lua error [FRAME_DESYNC]: Severe frame ID mismatch detected,0,0,-1,,
2026-03-22T20:14:00.147476,5344,96,error,high,lua,Lua error [FRAME_DESYNC]: Severe frame ID mismatch detected,0,0,-1,,
2026-03-22T20:14:03.525029,5345,42,error,high,lua,Lua error [FRAME_DESYNC]: Severe frame ID mismatch detected,0,0,-1,,
2026-03-22T20:14:06.918371,5346,42,error,high,lua,Lua error [FRAME_DESYNC]: Severe frame ID mismatch detected,0,0,-1,,
2026-03-22T20:14:15.938542,5347,126,error,high,lua,Lua error [FRAME_DESYNC]: Severe frame ID mismatch detected,0,0,-1,,
2026-03-22T20:14:40.535635,5348,361,error,high,lua,Lua error [FRAME_DESYNC]: Severe frame ID mismatch detected,0,0,-1,,
2026-03-22T20:14:51.828855,5349,124,error,high,lua,Lua error [FRAME_DESYNC]: Severe frame ID mismatch detected,0,0,-1,,
2026-03-22T20:14:56.204574,5350,57,error,high,lua,Lua error [FRAME_DESYNC]: Severe frame ID mismatch detected,0,0,-1,,
2026-03-22T20:15:23.358673,5351,398,error,high,lua,Lua error [FRAME_DESYNC]: Severe frame ID mismatch detected,0,0,-1,,
2026-03-22T20:15:40.380467,5352,203,error,high,lua,Lua error [FRAME_DESYNC]: Severe frame ID mismatch detected,0,0,-1,,
2026-03-22T20:15:57.053094,5353,241,error,high,lua,Lua error [FRAME_DESYNC]: Severe frame ID mismatch detected,0,0,-1,,
2026-03-22T20:16:05.555912,5354,118,error,high,lua,Lua error [FRAME_DESYNC]: Severe frame ID mismatch detected,0,0,-1,,
2026-03-22T20:16:12.566459,5355,96,error,high,lua,Lua error [FRAME_DESYNC]: Severe frame ID mismatch detected,0,0,-1,,
2026-03-22T20:16:43.095212,5356,450,error,high,lua,Lua error [FRAME_DESYNC]: Severe frame ID mismatch detected,0,0,-1,,
2026-03-22T20:16:50.647599,5357,57,error,high,lua,Lua error [FRAME_DESYNC]: Severe frame ID mismatch detected,0,0,-1,,
2026-03-22T20:16:54.975266,5359,56,error,high,lua,Lua error [FRAME_DESYNC]: Severe frame ID mismatch detected,0,0,-1,,
2026-03-22T20:17:30.548901,5359,526,error,high,lua,Lua error [FRAME_DESYNC]: Severe frame ID mismatch detected,0,0,-1,,
2026-03-22T20:17:45.346096,5360,153,error,high,lua,Lua error [FRAME_DESYNC]: Severe frame ID mismatch detected,0,0,-1,,
2026-03-22T20:18:00.084005,5361,193,error,high,lua,Lua error [FRAME_DESYNC]: Severe frame ID mismatch detected,0,0,-1,,
2026-03-22T20:18:08.152669,5362,112,error,high,lua,Lua error [FRAME_DESYNC]: Severe frame ID mismatch detected,0,0,-1,,
2026-03-22T20:18:16.373139,5363,115,error,high,lua,Lua error [FRAME_DESYNC]: Severe frame ID mismatch detected,0,0,-1,,
2026-03-22T20:18:19.799817,5364,43,error,high,lua,Lua error [FRAME_DESYNC]: Severe frame ID mismatch detected,0,0,-1,,
2026-03-22T20:19:03.379020,5366,373,error,high,lua,Lua error [FRAME_DESYNC]: Severe frame ID mismatch detected,0,0,-1,,
2026-03-22T20:19:20.998968,5367,256,error,high,lua,Lua error [FRAME_DESYNC]: Severe frame ID mismatch detected,0,0,-1,,
2026-03-22T20:19:37.471131,5368,239,error,high,lua,Lua error [FRAME_DESYNC]: Severe frame ID mismatch detected,0,0,-1,,
2026-03-22T20:19:41.215673,5369,47,error,high,lua,Lua error [FRAME_DESYNC]: Severe frame ID mismatch detected,0,0,-1,,
2026-03-22T20:20:02.031069,5370,303,error,high,lua,Lua error [FRAME_DESYNC]: Severe frame ID mismatch detected,0,0,-1,,
2026-03-22T20:20:06.257672,5371,54,error,high,lua,Lua error [FRAME_DESYNC]: Severe frame ID mismatch detected,0,0,-1,,
2026-03-22T20:20:15.458703,5372,128,error,high,lua,Lua error [FRAME_DESYNC]: Severe frame ID mismatch detected,0,0,-1,,
2026-03-22T20:20:50.184689,5373,512,error,high,lua,Lua error [FRAME_DESYNC]: Severe frame ID mismatch detected,0,0,-1,,
2026-03-22T20:21:06.042412,5375,175,error,high,lua,Lua error [FRAME_DESYNC]: Severe frame ID mismatch detected,0,0,-1,,
2026-03-22T20:21:09.604339,5376,45,error,high,lua,Lua error [FRAME_DESYNC]: Severe frame ID mismatch detected,0,0,-1,,
2026-03-22T20:21:13.612866,5376,52,error,high,lua,Lua error [FRAME_DESYNC]: Severe frame ID mismatch detected,0,0,-1,,
2026-03-22T20:21:28.410343,5377,213,error,high,lua,Lua error [FRAME_DESYNC]: Severe frame ID mismatch detected,0,0,-1,,
2026-03-22T20:21:41.366053,5378,185,error,high,lua,Lua error [FRAME_DESYNC]: Severe frame ID mismatch detected,0,0,-1,,
2026-03-22T20:21:51.100651,5379,138,error,high,lua,Lua error [FRAME_DESYNC]: Severe frame ID mismatch detected,0,0,-1,,
2026-03-22T20:22:24.749969,5381,234,error,high,lua,Lua error [FRAME_DESYNC]: Severe frame ID mismatch detected,0,0,-1,,
2026-03-22T20:22:59.953756,5383,273,error,high,lua,Lua error [FRAME_DESYNC]: Severe frame ID mismatch detected,0,0,-1,,
2026-03-22T20:23:03.596602,5384,46,error,high,lua,Lua error [FRAME_DESYNC]: Severe frame ID mismatch detected,0,0,-1,,
2026-03-22T20:23:07.192403,5386,45,error,high,lua,Lua error [FRAME_DESYNC]: Severe frame ID mismatch detected,0,0,-1,,
2026-03-22T20:23:24.878906,5386,258,error,high,lua,Lua error [FRAME_DESYNC]: Severe frame ID mismatch detected,0,0,-1,,
2026-03-22T20:24:02.533032,5388,325,error,high,lua,Lua error [FRAME_DESYNC]: Severe frame ID mismatch detected,0,0,-1,,
2026-03-22T20:24:06.998569,5389,58,error,high,lua,Lua error [FRAME_DESYNC]: Severe frame ID mismatch detected,0,0,-1,,
2026-03-22T20:24:21.618831,5390,211,error,high,lua,Lua error [FRAME_DESYNC]: Severe frame ID mismatch detected,0,0,-1,,
2026-03-22T20:24:49.903957,5392,129,error,high,lua,Lua error [FRAME_DESYNC]: Severe frame ID mismatch detected,0,0,-1,,
2026-03-22T20:24:57.798355,5394,109,error,high,lua,Lua error [FRAME_DESYNC]: Severe frame ID mismatch detected,0,0,-1,,
2026-03-22T20:25:05.002580,5394,100,error,high,lua,Lua error [FRAME_DESYNC]: Severe frame ID mismatch detected,0,0,-1,,
2026-03-22T20:25:15.435641,5395,147,error,high,lua,Lua error [FRAME_DESYNC]: Severe frame ID mismatch detected,0,0,-1,,
2026-03-22T20:25:30.110801,5396,211,error,high,lua,Lua error [FRAME_DESYNC]: Severe frame ID mismatch detected,0,0,-1,,
2026-03-22T20:25:55.878704,5398,180,error,high,lua,Lua error [FRAME_DESYNC]: Severe frame ID mismatch detected,0,0,-1,,
2026-03-22T20:26:19.123278,5401,44,error,high,lua,Lua error [FRAME_DESYNC]: Severe frame ID mismatch detected,0,0,-1,,
2026-03-22T20:26:23.499590,5401,58,error,high,lua,Lua error [FRAME_DESYNC]: Severe frame ID mismatch detected,0,0,-1,,
2026-03-22T20:26:40.610479,5402,248,error,high,lua,Lua error [FRAME_DESYNC]: Severe frame ID mismatch detected,0,0,-1,,
2026-03-22T20:27:03.433026,5404,39,error,high,lua,Lua error [FRAME_DESYNC]: Severe frame ID mismatch detected,0,0,-1,,
2026-03-22T20:27:17.516997,5406,202,error,high,lua,Lua error [FRAME_DESYNC]: Severe frame ID mismatch detected,0,0,-1,,
2026-03-22T20:27:21.127187,5406,46,error,high,lua,Lua error [FRAME_DESYNC]: Severe frame ID mismatch detected,0,0,-1,,
2026-03-22T20:27:26.468101,5408,71,error,high,lua,Lua error [FRAME_DESYNC]: Severe frame ID mismatch detected,0,0,-1,,
2026-03-22T20:27:29.822603,5408,42,error,high,lua,Lua error [FRAME_DESYNC]: Severe frame ID mismatch detected,0,0,-1,,
2026-03-22T20:28:05.514591,5410,299,error,high,lua,Lua error [FRAME_DESYNC]: Severe frame ID mismatch detected,0,0,-1,,
2026-03-22T20:28:26.035427,5411,262,error,high,lua,Lua error [FRAME_DESYNC]: Severe frame ID mismatch detected,0,0,-1,,
2026-03-22T20:28:37.561919,5412,134,error,high,lua,Lua error [FRAME_DESYNC]: Severe frame ID mismatch detected,0,0,-1,,
2026-03-22T20:28:50.788694,5413,189,error,high,lua,Lua error [FRAME_DESYNC]: Severe frame ID mismatch detected,0,0,-1,,
2026-03-22T20:28:58.776275,5414,111,error,high,lua,Lua error [FRAME_DESYNC]: Severe frame ID mismatch detected,0,0,-1,,
2026-03-22T20:29:12.885766,5415,203,error,high,lua,Lua error [FRAME_DESYNC]: Severe frame ID mismatch detected,0,0,-1,,
2026-03-22T20:29:16.595852,5416,47,error,high,lua,Lua error [FRAME_DESYNC]: Severe frame ID mismatch detected,0,0,-1,,
2026-03-22T20:29:35.881000,5417,280,error,high,lua,Lua error [FRAME_DESYNC]: Severe frame ID mismatch detected,0,0,-1,,
2026-03-22T20:29:42.537368,5418,91,error,high,lua,Lua error [FRAME_DESYNC]: Severe frame ID mismatch detected,0,0,-1,,
2026-03-22T20:30:07.650820,5419,368,error,high,lua,Lua error [FRAME_DESYNC]: Severe frame ID mismatch detected,0,0,-1,,
2026-03-22T20:30:13.951885,5420,46,error,high,lua,Lua error [FRAME_DESYNC]: Severe frame ID mismatch detected,0,0,-1,,
2026-03-22T20:30:22.837008,5421,116,error,high,lua,Lua error [FRAME_DESYNC]: Severe frame ID mismatch detected,0,0,-1,,
2026-03-22T20:30:58.111249,5423,53,error,high,lua,Lua error [FRAME_DESYNC]: Severe frame ID mismatch detected,0,0,-1,,
2026-03-22T20:31:18.210670,5425,264,error,high,lua,Lua error [FRAME_DESYNC]: Severe frame ID mismatch detected,0,0,-1,,
2026-03-22T20:31:27.246126,5425,128,error,high,lua,Lua error [FRAME_DESYNC]: Severe frame ID mismatch detected,0,0,-1,,
2026-03-22T20:31:31.107352,5426,50,error,high,lua,Lua error [FRAME_DESYNC]: Severe frame ID mismatch detected,0,0,-1,,
2026-03-22T20:31:39.958652,5427,123,error,high,lua,Lua error [FRAME_DESYNC]: Severe frame ID mismatch detected,0,0,-1,,
2026-03-22T20:32:01.141465,5428,309,error,high,lua,Lua error [FRAME_DESYNC]: Severe frame ID mismatch detected,0,0,-1,,
2026-03-22T20:32:26.221470,5430,301,error,high,lua,Lua error [FRAME_DESYNC]: Severe frame ID mismatch detected,0,0,-1,,
2026-03-22T20:32:29.610207,5430,43,error,high,lua,Lua error [FRAME_DESYNC]: Severe frame ID mismatch detected,0,0,-1,,
2026-03-22T20:32:49.357548,5432,258,error,high,lua,Lua error [FRAME_DESYNC]: Severe frame ID mismatch detected,0,0,-1,,
2026-03-22T20:33:10.774990,5433,39,error,high,lua,Lua error [FRAME_DESYNC]: Severe frame ID mismatch detected,0,0,-1,,
2026-03-22T20:33:26.606437,5434,229,error,high,lua,Lua error [FRAME_DESYNC]: Severe frame ID mismatch detected,0,0,-1,,
2026-03-22T20:33:31.540278,5435,39,error,high,lua,Lua error [FRAME_DESYNC]: Severe frame ID mismatch detected,0,0,-1,,
2026-03-22T20:33:36.049382,5436,59,error,high,lua,Lua error [FRAME_DESYNC]: Severe frame ID mismatch detected,0,0,-1,,
2026-03-22T20:33:45.435319,5437,132,error,high,lua,Lua error [FRAME_DESYNC]: Severe frame ID mismatch detected,0,0,-1,,
2026-03-22T20:33:48.967603,5438,44,error,high,lua,Lua error [FRAME_DESYNC]: Severe frame ID mismatch detected,0,0,-1,,
2026-03-22T20:33:52.610089,5440,46,error,high,lua,Lua error [FRAME_DESYNC]: Severe frame ID mismatch detected,0,0,-1,,
2026-03-22T20:34:08.738544,5440,234,error,high,lua,Lua error [FRAME_DESYNC]: Severe frame ID mismatch detected,0,0,-1,,
2026-03-22T20:34:13.896571,5442,44,error,high,lua,Lua error [FRAME_DESYNC]: Severe frame ID mismatch detected,0,0,-1,,
2026-03-22T20:34:17.040481,5442,39,error,high,lua,Lua error [FRAME_DESYNC]: Severe frame ID mismatch detected,0,0,-1,,
2026-03-22T20:34:26.266355,5443,129,error,high,lua,Lua error [FRAME_DESYNC]: Severe frame ID mismatch detected,0,0,-1,,
2026-03-22T20:34:33.721245,5444,103,error,high,lua,Lua error [FRAME_DESYNC]: Severe frame ID mismatch detected,0,0,-1,,
2026-03-22T20:34:38.688552,5446,65,error,high,lua,Lua error [FRAME_DESYNC]: Severe frame ID mismatch detected,0,0,-1,,
2026-03-22T20:34:46.307016,5446,106,error,high,lua,Lua error [FRAME_DESYNC]: Severe frame ID mismatch detected,0,0,-1,,
2026-03-22T20:35:03.804272,5447,255,error,high,lua,Lua error [FRAME_DESYNC]: Severe frame ID mismatch detected,0,0,-1,,
2026-03-22T20:35:12.790431,5448,126,error,high,lua,Lua error [FRAME_DESYNC]: Severe frame ID mismatch detected,0,0,-1,,
2026-03-22T20:35:28.202034,5450,223,error,high,lua,Lua error [FRAME_DESYNC]: Severe frame ID mismatch detected,0,0,-1,,
2026-03-22T20:35:32.050437,5450,49,error,high,lua,Lua error [FRAME_DESYNC]: Severe frame ID mismatch detected,0,0,-1,,
2026-03-22T20:35:36.235779,5451,53,error,high,lua,Lua error [FRAME_DESYNC]: Severe frame ID mismatch detected,0,0,-1,,
2026-03-22T20:35:51.865607,5452,226,error,high,lua,Lua error [FRAME_DESYNC]: Severe frame ID mismatch detected,0,0,-1,,
2026-03-22T20:35:55.824323,5454,50,error,high,lua,Lua error [FRAME_DESYNC]: Severe frame ID mismatch detected,0,0,-1,,
2026-03-22T20:36:08.165223,5455,177,error,high,lua,Lua error [FRAME_DESYNC]: Severe frame ID mismatch detected,0,0,-1,,
2026-03-22T20:36:28.330837,5455,295,error,high,lua,Lua error [FRAME_DESYNC]: Severe frame ID mismatch detected,0,0,-1,,
2026-03-22T20:36:47.423156,5456,243,error,high,lua,Lua error [FRAME_DESYNC]: Severe frame ID mismatch detected,0,0,-1,,
2026-03-22T20:37:16.850907,5458,169,error,high,lua,Lua error [FRAME_DESYNC]: Severe frame ID mismatch detected,0,0,-1,,
2026-03-22T20:37:35.127122,5459,265,error,high,lua,Lua error [FRAME_DESYNC]: Severe frame ID mismatch detected,0,0,-1,,
2026-03-22T20:37:41.859688,5460,92,error,high,lua,Lua error [FRAME_DESYNC]: Severe frame ID mismatch detected,0,0,-1,,
2026-03-22T20:37:48.932172,5461,85,error,high,lua,Lua error [FRAME_DESYNC]: Severe frame ID mismatch detected,0,0,-1,,
2026-03-22T20:37:52.807742,5462,49,error,high,lua,Lua error [FRAME_DESYNC]: Severe frame ID mismatch detected,0,0,-1,,
2026-03-22T20:37:59.830078,5463,96,error,high,lua,Lua error [FRAME_DESYNC]: Severe frame ID mismatch detected,0,0,-1,,
2026-03-22T20:38:03.291550,5464,42,error,high,lua,Lua error [FRAME_DESYNC]: Severe frame ID mismatch detected,0,0,-1,,
2026-03-22T20:38:19.097505,5465,229,error,high,lua,Lua error [FRAME_DESYNC]: Severe frame ID mismatch detected,0,0,-1,,
2026-03-22T20:38:28.323280,5466,104,error,high,lua,Lua error [FRAME_DESYNC]: Severe frame ID mismatch detected,0,0,-1,,
2026-03-22T20:38:39.564188,5467,161,error,high,lua,Lua error [FRAME_DESYNC]: Severe frame ID mismatch detected,0,0,-1,,
2026-03-22T20:38:47.800736,5468,114,error,high,lua,Lua error [FRAME_DESYNC]: Severe frame ID mismatch detected,0,0,-1,,
2026-03-22T20:39:03.547517,5469,228,error,high,lua,Lua error [FRAME_DESYNC]: Severe frame ID mismatch detected,0,0,-1,,
2026-03-22T20:39:21.643945,5470,262,error,high,lua,Lua error [FRAME_DESYNC]: Severe frame ID mismatch detected,0,0,-1,,
2026-03-22T20:39:33.991254,5471,147,error,high,lua,Lua error [FRAME_DESYNC]: Severe frame ID mismatch detected,0,0,-1,,
2026-03-22T20:39:48.557302,5472,210,error,high,lua,Lua error [FRAME_DESYNC]: Severe frame ID mismatch detected,0,0,-1,,
2026-03-22T20:40:04.107020,5473,225,error,high,lua,Lua error [FRAME_DESYNC]: Severe frame ID mismatch detected,0,0,-1,,
2026-03-22T20:40:08.943233,5475,38,error,high,lua,Lua error [FRAME_DESYNC]: Severe frame ID mismatch detected,0,0,-1,,
2026-03-22T20:40:12.942250,5475,52,error,high,lua,Lua error [FRAME_DESYNC]: Severe frame ID mismatch detected,0,0,-1,,
2026-03-22T20:40:32.160632,5476,279,error,high,lua,Lua error [FRAME_DESYNC]: Severe frame ID mismatch detected,0,0,-1,,
2026-03-22T20:40:49.032755,5477,244,error,high,lua,Lua error [FRAME_DESYNC]: Severe frame ID mismatch detected,0,0,-1,,
2026-03-22T20:40:59.465642,5478,121,error,high,lua,Lua error [FRAME_DESYNC]: Severe frame ID mismatch detected,0,0,-1,,
2026-03-22T20:41:13.126762,5479,197,error,high,lua,Lua error [FRAME_DESYNC]: Severe frame ID mismatch detected,0,0,-1,,
2026-03-22T20:41:21.529978,5480,117,error,high,lua,Lua error [FRAME_DESYNC]: Severe frame ID mismatch detected,0,0,-1,,
2026-03-22T20:41:25.728373,5481,38,error,high,lua,Lua error [FRAME_DESYNC]: Severe frame ID mismatch detected,0,0,-1,,
2026-03-22T20:41:37.685739,5482,171,error,high,lua,Lua error [FRAME_DESYNC]: Severe frame ID mismatch detected,0,0,-1,,
2026-03-22T20:41:47.126009,5483,133,error,high,lua,Lua error [FRAME_DESYNC]: Severe frame ID mismatch detected,0,0,-1,,
2026-03-22T20:41:55.556816,5484,117,error,high,lua,Lua error [FRAME_DESYNC]: Severe frame ID mismatch detected,0,0,-1,,
2026-03-22T20:41:59.433884,5485,49,error,high,lua,Lua error [FRAME_DESYNC]: Severe frame ID mismatch detected,0,0,-1,,
2026-03-22T20:42:07.187092,5486,108,error,high,lua,Lua error [FRAME_DESYNC]: Severe frame ID mismatch detected,0,0,-1,,
2026-03-22T20:42:23.932078,5488,217,error,high,lua,Lua error [FRAME_DESYNC]: Severe frame ID mismatch detected,0,0,-1,,
2026-03-22T20:42:36.088872,5488,174,error,high,lua,Lua error [FRAME_DESYNC]: Severe frame ID mismatch detected,0,0,-1,,
2026-03-22T20:42:40.177543,5490,52,error,high,lua,Lua error [FRAME_DESYNC]: Severe frame ID mismatch detected,0,0,-1,,
2026-03-22T20:42:43.959455,5490,49,error,high,lua,Lua error [FRAME_DESYNC]: Severe frame ID mismatch detected,0,0,-1,,
2026-03-22T20:43:08.487533,5492,137,error,high,lua,Lua error [FRAME_DESYNC]: Severe frame ID mismatch detected,0,0,-1,,
2026-03-22T20:43:12.362513,5493,50,error,high,lua,Lua error [FRAME_DESYNC]: Severe frame ID mismatch detected,0,0,-1,,
2026-03-22T20:43:38.402245,5494,382,error,high,lua,Lua error [FRAME_DESYNC]: Severe frame ID mismatch detected,0,0,-1,,
2026-03-22T20:43:53.394231,5495,175,error,high,lua,Lua error [FRAME_DESYNC]: Severe frame ID mismatch detected,0,0,-1,,
2026-03-22T20:44:10.756658,5496,252,error,high,lua,Lua error [FRAME_DESYNC]: Severe frame ID mismatch detected,0,0,-1,,
2026-03-22T20:44:50.616285,5498,215,error,high,lua,Lua error [FRAME_DESYNC]: Severe frame ID mismatch detected,0,0,-1,,
2026-03-22T20:44:54.447699,5499,48,error,high,lua,Lua error [FRAME_DESYNC]: Severe frame ID mismatch detected,0,0,-1,,
2026-03-22T20:44:58.303045,5501,41,error,high,lua,Lua error [FRAME_DESYNC]: Severe frame ID mismatch detected,0,0,-1,,
2026-03-22T20:45:01.948013,5501,47,error,high,lua,Lua error [FRAME_DESYNC]: Severe frame ID mismatch detected,0,0,-1,,
2026-03-22T20:45:12.054020,5502,142,error,high,lua,Lua error [FRAME_DESYNC]: Severe frame ID mismatch detected,0,0,-1,,
2026-03-22T20:45:25.940668,5503,200,error,high,lua,Lua error [FRAME_DESYNC]: Severe frame ID mismatch detected,0,0,-1,,
2026-03-22T20:45:31.315376,5504,72,error,high,lua,Lua error [FRAME_DESYNC]: Severe frame ID mismatch detected,0,0,-1,,
2026-03-22T20:45:34.610568,5505,41,error,high,lua,Lua error [FRAME_DESYNC]: Severe frame ID mismatch detected,0,0,-1,,
2026-03-22T20:45:47.621842,5506,187,error,high,lua,Lua error [FRAME_DESYNC]: Severe frame ID mismatch detected,0,0,-1,,
2026-03-22T20:45:56.624207,5507,127,error,high,lua,Lua error [FRAME_DESYNC]: Severe frame ID mismatch detected,0,0,-1,,
2026-03-22T20:46:10.950486,5508,206,error,high,lua,Lua error [FRAME_DESYNC]: Severe frame ID mismatch detected,0,0,-1,,
2026-03-22T20:46:16.475120,5509,50,error,high,lua,Lua error [FRAME_DESYNC]: Severe frame ID mismatch detected,0,0,-1,,
2026-03-22T20:46:20.300752,5510,48,error,high,lua,Lua error [FRAME_DESYNC]: Severe frame ID mismatch detected,0,0,-1,,
2026-03-22T20:46:24.411758,5511,53,error,high,lua,Lua error [FRAME_DESYNC]: Severe frame ID mismatch detected,0,0,-1,,
2026-03-22T20:46:31.632108,5512,100,error,high,lua,Lua error [FRAME_DESYNC]: Severe frame ID mismatch detected,0,0,-1,,
2026-03-22T20:46:41.116962,5513,133,error,high,lua,Lua error [FRAME_DESYNC]: Severe frame ID mismatch detected,0,0,-1,,
2026-03-22T20:46:44.378832,5514,40,error,high,lua,Lua error [FRAME_DESYNC]: Severe frame ID mismatch detected,0,0,-1,,
2026-03-22T20:46:53.219907,5515,124,error,high,lua,Lua error [FRAME_DESYNC]: Severe frame ID mismatch detected,0,0,-1,,
2026-03-22T20:47:06.292158,5516,188,error,high,lua,Lua error [FRAME_DESYNC]: Severe frame ID mismatch detected,0,0,-1,,
2026-03-22T20:47:09.852152,5517,44,error,high,lua,Lua error [FRAME_DESYNC]: Severe frame ID mismatch detected,0,0,-1,,
2026-03-22T20:47:20.169236,5518,147,error,high,lua,Lua error [FRAME_DESYNC]: Severe frame ID mismatch detected,0,0,-1,,
2026-03-22T20:47:23.570619,5519,42,error,high,lua,Lua error [FRAME_DESYNC]: Severe frame ID mismatch detected,0,0,-1,,
2026-03-22T20:47:37.956023,5520,207,error,high,lua,Lua error [FRAME_DESYNC]: Severe frame ID mismatch detected,0,0,-1,,
2026-03-22T20:47:55.184038,5521,221,error,high,lua,Lua error [FRAME_DESYNC]: Severe frame ID mismatch detected,0,0,-1,,
2026-03-22T20:47:58.820534,5523,45,error,high,lua,Lua error [FRAME_DESYNC]: Severe frame ID mismatch detected,0,0,-1,,
2026-03-22T20:48:11.746899,5523,186,error,high,lua,Lua error [FRAME_DESYNC]: Severe frame ID mismatch detected,0,0,-1,,
2026-03-22T20:48:16.882403,5524,68,error,high,lua,Lua error [FRAME_DESYNC]: Severe frame ID mismatch detected,0,0,-1,,
2026-03-22T20:48:29.260202,5525,177,error,high,lua,Lua error [FRAME_DESYNC]: Severe frame ID mismatch detected,0,0,-1,,
2026-03-22T20:48:43.509591,5527,205,error,high,lua,Lua error [FRAME_DESYNC]: Severe frame ID mismatch detected,0,0,-1,,
2026-03-22T20:48:46.797818,5527,42,error,high,lua,Lua error [FRAME_DESYNC]: Severe frame ID mismatch detected,0,0,-1,,
2026-03-22T20:49:10.809221,5529,110,error,high,lua,Lua error [FRAME_DESYNC]: Severe frame ID mismatch detected,0,0,-1,,
2026-03-22T20:49:14.289446,5531,43,error,high,lua,Lua error [FRAME_DESYNC]: Severe frame ID mismatch detected,0,0,-1,,
2026-03-22T20:49:22.938713,5531,122,error,high,lua,Lua error [FRAME_DESYNC]: Severe frame ID mismatch detected,0,0,-1,,
2026-03-22T20:49:35.900223,5532,186,error,high,lua,Lua error [FRAME_DESYNC]: Severe frame ID mismatch detected,0,0,-1,,
2026-03-22T20:49:43.721456,5533,109,error,high,lua,Lua error [FRAME_DESYNC]: Severe frame ID mismatch detected,0,0,-1,,
2026-03-22T20:49:47.835814,5534,53,error,high,lua,Lua error [FRAME_DESYNC]: Severe frame ID mismatch detected,0,0,-1,,
2026-03-22T20:49:51.441665,5535,45,error,high,lua,Lua error [FRAME_DESYNC]: Severe frame ID mismatch detected,0,0,-1,,
2026-03-22T20:49:54.785998,5536,41,error,high,lua,Lua error [FRAME_DESYNC]: Severe frame ID mismatch detected,0,0,-1,,
2026-03-22T20:50:01.940751,5537,98,error,high,lua,Lua error [FRAME_DESYNC]: Severe frame ID mismatch detected,0,0,-1,,
2026-03-22T20:50:14.754416,5538,184,error,high,lua,Lua error [FRAME_DESYNC]: Severe frame ID mismatch detected,0,0,-1,,
2026-03-22T20:50:34.869251,5540,47,error,high,lua,Lua error [FRAME_DESYNC]: Severe frame ID mismatch detected,0,0,-1,,
2026-03-22T20:50:38.828997,5541,43,error,high,lua,Lua error [FRAME_DESYNC]: Severe frame ID mismatch detected,0,0,-1,,
2026-03-22T20:51:07.388367,5542,421,error,high,lua,Lua error [FRAME_DESYNC]: Severe frame ID mismatch detected,0,0,-1,,
2026-03-22T20:51:15.708034,5543,116,error,high,lua,Lua error [FRAME_DESYNC]: Severe frame ID mismatch detected,0,0,-1,,
2026-03-22T20:51:29.562545,5545,198,error,high,lua,Lua error [FRAME_DESYNC]: Severe frame ID mismatch detected,0,0,-1,,
2026-03-22T20:51:37.133197,5545,106,error,high,lua,Lua error [FRAME_DESYNC]: Severe frame ID mismatch detected,0,0,-1,,
2026-03-22T20:52:01.576475,5546,358,error,high,lua,Lua error [FRAME_DESYNC]: Severe frame ID mismatch detected,0,0,-1,,
2026-03-22T20:52:16.800840,5547,179,error,high,lua,Lua error [FRAME_DESYNC]: Severe frame ID mismatch detected,0,0,-1,,
2026-03-22T20:52:41.426483,5548,360,error,high,lua,Lua error [FRAME_DESYNC]: Severe frame ID mismatch detected,0,0,-1,,
2026-03-22T20:52:52.082917,5550,151,error,high,lua,Lua error [FRAME_DESYNC]: Severe frame ID mismatch detected,0,0,-1,,
2026-03-22T20:52:55.603004,5551,45,error,high,lua,Lua error [FRAME_DESYNC]: Severe frame ID mismatch detected,0,0,-1,,
2026-03-22T20:53:13.306621,5551,258,error,high,lua,Lua error [FRAME_DESYNC]: Severe frame ID mismatch detected,0,0,-1,,
2026-03-22T20:53:25.903246,5552,150,error,high,lua,Lua error [FRAME_DESYNC]: Severe frame ID mismatch detected,0,0,-1,,
2026-03-22T20:53:50.867782,5553,366,error,high,lua,Lua error [FRAME_DESYNC]: Severe frame ID mismatch detected,0,0,-1,,
2026-03-22T20:54:01.163117,5555,106,error,high,lua,Lua error [FRAME_DESYNC]: Severe frame ID mismatch detected,0,0,-1,,
2026-03-22T20:54:33.357581,5556,230,error,high,lua,Lua error [FRAME_DESYNC]: Severe frame ID mismatch detected,0,0,-1,,
2026-03-22T20:54:42.932065,5558,135,error,high,lua,Lua error [FRAME_DESYNC]: Severe frame ID mismatch detected,0,0,-1,,
2026-03-22T20:54:51.085571,5559,114,error,high,lua,Lua error [FRAME_DESYNC]: Severe frame ID mismatch detected,0,0,-1,,
2026-03-22T20:54:57.700868,5559,91,error,high,lua,Lua error [FRAME_DESYNC]: Severe frame ID mismatch detected,0,0,-1,,
2026-03-22T20:55:04.988947,5560,100,error,high,lua,Lua error [FRAME_DESYNC]: Severe frame ID mismatch detected,0,0,-1,,
2026-03-22T20:55:28.000112,5562,53,error,high,lua,Lua error [FRAME_DESYNC]: Severe frame ID mismatch detected,0,0,-1,,
2026-03-22T20:55:31.364157,5564,41,error,high,lua,Lua error [FRAME_DESYNC]: Severe frame ID mismatch detected,0,0,-1,,
2026-03-22T20:55:47.334831,5564,232,error,high,lua,Lua error [FRAME_DESYNC]: Severe frame ID mismatch detected,0,0,-1,,
2026-03-22T20:55:50.996892,5565,46,error,high,lua,Lua error [FRAME_DESYNC]: Severe frame ID mismatch detected,0,0,-1,,
2026-03-22T20:56:08.240750,5567,250,error,high,lua,Lua error [FRAME_DESYNC]: Severe frame ID mismatch detected,0,0,-1,,
2026-03-22T20:56:11.984714,5567,48,error,high,lua,Lua error [FRAME_DESYNC]: Severe frame ID mismatch detected,0,0,-1,,
2026-03-22T20:56:16.271189,5568,56,error,high,lua,Lua error [FRAME_DESYNC]: Severe frame ID mismatch detected,0,0,-1,,
2026-03-22T20:56:38.555897,5570,112,error,high,lua,Lua error [FRAME_DESYNC]: Severe frame ID mismatch detected,0,0,-1,,
2026-03-22T20:56:42.500672,5571,50,error,high,lua,Lua error [FRAME_DESYNC]: Severe frame ID mismatch detected,0,0,-1,,
2026-03-22T20:56:45.861761,5572,41,error,high,lua,Lua error [FRAME_DESYNC]: Severe frame ID mismatch detected,0,0,-1,,
2026-03-22T20:56:56.737468,5573,154,error,high,lua,Lua error [FRAME_DESYNC]: Severe frame ID mismatch detected,0,0,-1,,
2026-03-22T20:57:00.565781,5574,49,error,high,lua,Lua error [FRAME_DESYNC]: Severe frame ID mismatch detected,0,0,-1,,
2026-03-22T20:57:15.622739,5576,37,error,high,lua,Lua error [FRAME_DESYNC]: Severe frame ID mismatch detected,0,0,-1,,
2026-03-22T20:57:34.247303,5577,271,error,high,lua,Lua error [FRAME_DESYNC]: Severe frame ID mismatch detected,0,0,-1,,
2026-03-22T20:57:52.211912,5578,230,error,high,lua,Lua error [FRAME_DESYNC]: Severe frame ID mismatch detected,0,0,-1,,
2026-03-22T20:57:56.787380,5579,60,error,high,lua,Lua error [FRAME_DESYNC]: Severe frame ID mismatch detected,0,0,-1,,
2026-03-22T20:58:19.632992,5580,334,error,high,lua,Lua error [FRAME_DESYNC]: Severe frame ID mismatch detected,0,0,-1,,
2026-03-22T20:58:25.978482,5581,50,error,high,lua,Lua error [FRAME_DESYNC]: Severe frame ID mismatch detected,0,0,-1,,
2026-03-22T20:58:50.788551,5583,163,error,high,lua,Lua error [FRAME_DESYNC]: Severe frame ID mismatch detected,0,0,-1,,
2026-03-22T20:59:10.073940,5585,252,error,high,lua,Lua error [FRAME_DESYNC]: Severe frame ID mismatch detected,0,0,-1,,
2026-03-22T20:59:17.671027,5585,106,error,high,lua,Lua error [FRAME_DESYNC]: Severe frame ID mismatch detected,0,0,-1,,
2026-03-22T20:59:21.703122,5586,52,error,high,lua,Lua error [FRAME_DESYNC]: Severe frame ID mismatch detected,0,0,-1,,
2026-03-22T20:59:30.704279,5588,126,error,high,lua,Lua error [FRAME_DESYNC]: Severe frame ID mismatch detected,0,0,-1,,
2026-03-22T20:59:35.779726,5588,68,error,high,lua,Lua error [FRAME_DESYNC]: Severe frame ID mismatch detected,0,0,-1,,
2026-03-22T20:59:53.244681,5589,254,error,high,lua,Lua error [FRAME_DESYNC]: Severe frame ID mismatch detected,0,0,-1,,
2026-03-22T20:59:58.827555,5591,46,error,high,lua,Lua error [FRAME_DESYNC]: Severe frame ID mismatch detected,0,0,-1,,
2026-03-22T21:00:09.201727,5591,148,error,high,lua,Lua error [FRAME_DESYNC]: Severe frame ID mismatch detected,0,0,-1,,
2026-03-22T21:00:15.940801,5592,92,error,high,lua,Lua error [FRAME_DESYNC]: Severe frame ID mismatch detected,0,0,-1,,
2026-03-22T21:00:21.606503,5594,76,error,high,lua,Lua error [FRAME_DESYNC]: Severe frame ID mismatch detected,0,0,-1,,
2026-03-22T21:00:36.140092,5594,210,error,high,lua,Lua error [FRAME_DESYNC]: Severe frame ID mismatch detected,0,0,-1,,
2026-03-22T21:00:41.371603,5595,70,error,high,lua,Lua error [FRAME_DESYNC]: Severe frame ID mismatch detected,0,0,-1,,
2026-03-22T21:00:48.869270,5596,103,error,high,lua,Lua error [FRAME_DESYNC]: Severe frame ID mismatch detected,0,0,-1,,
2026-03-22T21:00:53.710912,5597,64,error,high,lua,Lua error [FRAME_DESYNC]: Severe frame ID mismatch detected,0,0,-1,,
2026-03-22T21:01:20.500807,5598,393,error,high,lua,Lua error [FRAME_DESYNC]: Severe frame ID mismatch detected,0,0,-1,,
2026-03-22T21:01:34.643372,5599,203,error,high,lua,Lua error [FRAME_DESYNC]: Severe frame ID mismatch detected,0,0,-1,,
2026-03-22T21:01:46.829636,5600,174,error,high,lua,Lua error [FRAME_DESYNC]: Severe frame ID mismatch detected,0,0,-1,,
2026-03-22T21:02:16.257558,5602,38,error,high,lua,Lua error [FRAME_DESYNC]: Severe frame ID mismatch detected,0,0,-1,,
2026-03-22T21:02:50.459086,5605,47,error,high,lua,Lua error [FRAME_DESYNC]: Severe frame ID mismatch detected,0,0,-1,,
2026-03-22T21:03:29.255528,5607,519,error,high,lua,Lua error [FRAME_DESYNC]: Severe frame ID mismatch detected,0,0,-1,,
2026-03-22T21:03:37.607082,5607,117,error,high,lua,Lua error [FRAME_DESYNC]: Severe frame ID mismatch detected,0,0,-1,,
2026-03-22T21:03:45.687094,5608,112,error,high,lua,Lua error [FRAME_DESYNC]: Severe frame ID mismatch detected,0,0,-1,,
2026-03-22T21:03:49.481027,5610,48,error,high,lua,Lua error [FRAME_DESYNC]: Severe frame ID mismatch detected,0,0,-1,,
2026-03-22T21:03:53.924494,5610,58,error,high,lua,Lua error [FRAME_DESYNC]: Severe frame ID mismatch detected,0,0,-1,,
2026-03-22T21:03:57.473412,5612,44,error,high,lua,Lua error [FRAME_DESYNC]: Severe frame ID mismatch detected,0,0,-1,,
2026-03-22T21:04:05.838513,5612,117,error,high,lua,Lua error [FRAME_DESYNC]: Severe frame ID mismatch detected,0,0,-1,,
2026-03-22T21:04:13.791872,5613,110,error,high,lua,Lua error [FRAME_DESYNC]: Severe frame ID mismatch detected,0,0,-1,,
2026-03-22T21:05:38.102460,5615,54,error,high,lua,Lua error [FRAME_DESYNC]: Severe frame ID mismatch detected,0,0,-1,,
2026-03-22T21:05:48.800529,5616,152,error,high,lua,Lua error [FRAME_DESYNC]: Severe frame ID mismatch detected,0,0,-1,,
2026-03-22T21:06:09.069817,5618,295,error,high,lua,Lua error [FRAME_DESYNC]: Severe frame ID mismatch detected,0,0,-1,,
2026-03-22T21:06:12.387142,5619,42,error,high,lua,Lua error [FRAME_DESYNC]: Severe frame ID mismatch detected,0,0,-1,,
2026-03-22T21:06:16.288622,5619,50,error,high,lua,Lua error [FRAME_DESYNC]: Severe frame ID mismatch detected,0,0,-1,,
2026-03-22T21:06:26.188173,5620,140,error,high,lua,Lua error [FRAME_DESYNC]: Severe frame ID mismatch detected,0,0,-1,,
2026-03-22T21:06:42.128532,5621,212,error,high,lua,Lua error [FRAME_DESYNC]: Severe frame ID mismatch detected,0,0,-1,,
2026-03-22T21:06:45.956268,5622,48,error,high,lua,Lua error [FRAME_DESYNC]: Severe frame ID mismatch detected,0,0,-1,,
2026-03-22T21:06:53.082305,5623,98,error,high,lua,Lua error [FRAME_DESYNC]: Severe frame ID mismatch detected,0,0,-1,,
2026-03-22T21:07:13.134456,5624,291,error,high,lua,Lua error [FRAME_DESYNC]: Severe frame ID mismatch detected,0,0,-1,,
2026-03-22T21:07:21.530267,5625,117,error,high,lua,Lua error [FRAME_DESYNC]: Severe frame ID mismatch detected,0,0,-1,,
2026-03-22T21:07:40.888188,5626,281,error,high,lua,Lua error [FRAME_DESYNC]: Severe frame ID mismatch detected,0,0,-1,,
2026-03-22T21:07:54.508827,5627,165,error,high,lua,Lua error [FRAME_DESYNC]: Severe frame ID mismatch detected,0,0,-1,,
2026-03-22T21:08:02.762916,5628,115,error,high,lua,Lua error [FRAME_DESYNC]: Severe frame ID mismatch detected,0,0,-1,,
2026-03-22T21:08:09.816726,5629,97,error,high,lua,Lua error [FRAME_DESYNC]: Severe frame ID mismatch detected,0,0,-1,,
2026-03-22T21:08:24.082362,5630,205,error,high,lua,Lua error [FRAME_DESYNC]: Severe frame ID mismatch detected,0,0,-1,,
2026-03-22T21:08:27.921987,5632,48,error,high,lua,Lua error [FRAME_DESYNC]: Severe frame ID mismatch detected,0,0,-1,,
2026-03-22T21:08:30.898072,5633,37,error,high,lua,Lua error [FRAME_DESYNC]: Severe frame ID mismatch detected,0,0,-1,,
2026-03-22T21:08:34.825226,5633,51,error,high,lua,Lua error [FRAME_DESYNC]: Severe frame ID mismatch detected,0,0,-1,,
2026-03-22T21:08:39.940077,5634,68,error,high,lua,Lua error [FRAME_DESYNC]: Severe frame ID mismatch detected,0,0,-1,,
2026-03-22T21:08:44.792649,5635,64,error,high,lua,Lua error [FRAME_DESYNC]: Severe frame ID mismatch detected,0,0,-1,,
2026-03-22T21:08:47.920774,5636,38,error,high,lua,Lua error [FRAME_DESYNC]: Severe frame ID mismatch detected,0,0,-1,,
2026-03-22T21:09:06.572275,5637,271,error,high,lua,Lua error [FRAME_DESYNC]: Severe frame ID mismatch detected,0,0,-1,,
2026-03-22T21:09:14.581806,5638,111,error,high,lua,Lua error [FRAME_DESYNC]: Severe frame ID mismatch detected,0,0,-1,,
2026-03-22T21:09:23.184934,5639,120,error,high,lua,Lua error [FRAME_DESYNC]: Severe frame ID mismatch detected,0,0,-1,,
2026-03-22T21:09:34.310272,5640,158,error,high,lua,Lua error [FRAME_DESYNC]: Severe frame ID mismatch detected,0,0,-1,,
2026-03-22T21:09:52.163953,5641,239,error,high,lua,Lua error [FRAME_DESYNC]: Severe frame ID mismatch detected,0,0,-1,,
2026-03-22T21:09:58.345214,5642,55,error,high,lua,Lua error [FRAME_DESYNC]: Severe frame ID mismatch detected,0,0,-1,,
2026-03-22T21:10:06.373572,5643,111,error,high,lua,Lua error [FRAME_DESYNC]: Severe frame ID mismatch detected,0,0,-1,,
2026-03-22T21:10:32.952430,5645,350,error,high,lua,Lua error [FRAME_DESYNC]: Severe frame ID mismatch detected,0,0,-1,,
2026-03-22T21:10:36.223893,5645,41,error,high,lua,Lua error [FRAME_DESYNC]: Severe frame ID mismatch detected,0,0,-1,,
2026-03-22T21:10:39.674406,5646,43,error,high,lua,Lua error [FRAME_DESYNC]: Severe frame ID mismatch detected,0,0,-1,,
2026-03-22T21:10:43.030045,5647,42,error,high,lua,Lua error [FRAME_DESYNC]: Severe frame ID mismatch detected,0,0,-1,,
2026-03-22T21:10:53.196655,5648,143,error,high,lua,Lua error [FRAME_DESYNC]: Severe frame ID mismatch detected,0,0,-1,,
2026-03-22T21:10:56.681409,5650,43,error,high,lua,Lua error [FRAME_DESYNC]: Severe frame ID mismatch detected,0,0,-1,,
2026-03-22T21:11:03.452408,5650,93,error,high,lua,Lua error [FRAME_DESYNC]: Severe frame ID mismatch detected,0,0,-1,,
2026-03-22T21:11:26.523966,5651,338,error,high,lua,Lua error [FRAME_DESYNC]: Severe frame ID mismatch detected,0,0,-1,,
2026-03-22T21:11:33.479742,5652,60,error,high,lua,Lua error [FRAME_DESYNC]: Severe frame ID mismatch detected,0,0,-1,,
2026-03-22T21:11:44.411504,5653,155,error,high,lua,Lua error [FRAME_DESYNC]: Severe frame ID mismatch detected,0,0,-1,,
2026-03-22T21:11:50.933672,5654,89,error,high,lua,Lua error [FRAME_DESYNC]: Severe frame ID mismatch detected,0,0,-1,,
2026-03-22T21:12:07.113500,5655,233,error,high,lua,Lua error [FRAME_DESYNC]: Severe frame ID mismatch detected,0,0,-1,,
2026-03-22T21:12:24.307806,5657,223,error,high,lua,Lua error [FRAME_DESYNC]: Severe frame ID mismatch detected,0,0,-1,,
2026-03-22T21:12:37.524341,5658,190,error,high,lua,Lua error [FRAME_DESYNC]: Severe frame ID mismatch detected,0,0,-1,,
2026-03-22T21:12:45.550305,5658,112,error,high,lua,Lua error [FRAME_DESYNC]: Severe frame ID mismatch detected,0,0,-1,,
2026-03-22T21:12:48.788425,5659,39,error,high,lua,Lua error [FRAME_DESYNC]: Severe frame ID mismatch detected,0,0,-1,,
2026-03-22T21:12:52.415094,5660,46,error,high,lua,Lua error [FRAME_DESYNC]: Severe frame ID mismatch detected,0,0,-1,,
2026-03-22T21:12:56.315983,5662,41,error,high,lua,Lua error [FRAME_DESYNC]: Severe frame ID mismatch detected,0,0,-1,,
2026-03-22T21:12:59.604074,5662,41,error,high,lua,Lua error [FRAME_DESYNC]: Severe frame ID mismatch detected,0,0,-1,,
2026-03-22T21:13:04.212264,5663,60,error,high,lua,Lua error [FRAME_DESYNC]: Severe frame ID mismatch detected,0,0,-1,,
2026-03-22T21:13:08.805424,5664,61,error,high,lua,Lua error [FRAME_DESYNC]: Severe frame ID mismatch detected,0,0,-1,,
2026-03-22T21:13:28.411253,5665,285,error,high,lua,Lua error [FRAME_DESYNC]: Severe frame ID mismatch detected,0,0,-1,,
2026-03-22T21:13:34.312284,5666,49,error,high,lua,Lua error [FRAME_DESYNC]: Severe frame ID mismatch detected,0,0,-1,,
2026-03-22T21:13:37.374570,5667,37,error,high,lua,Lua error [FRAME_DESYNC]: Severe frame ID mismatch detected,0,0,-1,,
2026-03-22T21:13:44.415040,5669,96,error,high,lua,Lua error [FRAME_DESYNC]: Severe frame ID mismatch detected,0,0,-1,,
2026-03-22T21:13:48.072670,5669,47,error,high,lua,Lua error [FRAME_DESYNC]: Severe frame ID mismatch detected,0,0,-1,,
2026-03-22T21:14:08.705693,5670,300,error,high,lua,Lua error [FRAME_DESYNC]: Severe frame ID mismatch detected,0,0,-1,,
2026-03-22T21:14:17.812512,5671,94,error,high,lua,Lua error [FRAME_DESYNC]: Severe frame ID mismatch detected,0,0,-1,,
2026-03-22T21:14:43.669941,5673,342,error,high,lua,Lua error [FRAME_DESYNC]: Severe frame ID mismatch detected,0,0,-1,,
2026-03-22T21:14:46.659173,5673,37,error,high,lua,Lua error [FRAME_DESYNC]: Severe frame ID mismatch detected,0,0,-1,,
2026-03-22T21:15:09.671401,5674,336,error,high,lua,Lua error [FRAME_DESYNC]: Severe frame ID mismatch detected,0,0,-1,,
2026-03-22T21:15:18.906296,5675,92,error,high,lua,Lua error [FRAME_DESYNC]: Severe frame ID mismatch detected,0,0,-1,,
2026-03-22T21:15:26.997615,5676,113,error,high,lua,Lua error [FRAME_DESYNC]: Severe frame ID mismatch detected,0,0,-1,,
2026-03-22T21:15:30.586124,5677,45,error,high,lua,Lua error [FRAME_DESYNC]: Severe frame ID mismatch detected,0,0,-1,,
2026-03-22T21:15:49.471732,5678,275,error,high,lua,Lua error [FRAME_DESYNC]: Severe frame ID mismatch detected,0,0,-1,,
2026-03-22T21:16:05.702826,5679,202,error,high,lua,Lua error [FRAME_DESYNC]: Severe frame ID mismatch detected,0,0,-1,,
2026-03-22T21:16:13.903382,5680,114,error,high,lua,Lua error [FRAME_DESYNC]: Severe frame ID mismatch detected,0,0,-1,,
2026-03-22T21:16:18.823756,5681,50,error,high,lua,Lua error [FRAME_DESYNC]: Severe frame ID mismatch detected,0,0,-1,,
2026-03-22T21:16:22.383519,5682,44,error,high,lua,Lua error [FRAME_DESYNC]: Severe frame ID mismatch detected,0,0,-1,,
2026-03-22T21:16:25.899991,5683,44,error,high,lua,Lua error [FRAME_DESYNC]: Severe frame ID mismatch detected,0,0,-1,,
2026-03-22T21:16:29.927543,5685,51,error,high,lua,Lua error [FRAME_DESYNC]: Severe frame ID mismatch detected,0,0,-1,,
2026-03-22T21:16:33.298866,5685,43,error,high,lua,Lua error [FRAME_DESYNC]: Severe frame ID mismatch detected,0,0,-1,,
2026-03-22T21:16:44.065587,5686,153,error,high,lua,Lua error [FRAME_DESYNC]: Severe frame ID mismatch detected,0,0,-1,,
2026-03-22T21:16:51.702491,5687,106,error,high,lua,Lua error [FRAME_DESYNC]: Severe frame ID mismatch detected,0,0,-1,,
2026-03-22T21:17:00.004641,5688,116,error,high,lua,Lua error [FRAME_DESYNC]: Severe frame ID mismatch detected,0,0,-1,,
2026-03-22T21:17:08.241067,5689,114,error,high,lua,Lua error [FRAME_DESYNC]: Severe frame ID mismatch detected,0,0,-1,,
2026-03-22T21:17:20.046359,5690,169,error,high,lua,Lua error [FRAME_DESYNC]: Severe frame ID mismatch detected,0,0,-1,,
2026-03-22T21:17:24.913696,5691,42,error,high,lua,Lua error [FRAME_DESYNC]: Severe frame ID mismatch detected,0,0,-1,,
2026-03-22T21:17:33.450466,5692,119,error,high,lua,Lua error [FRAME_DESYNC]: Severe frame ID mismatch detected,0,0,-1,,
2026-03-22T21:17:47.476659,5693,200,error,high,lua,Lua error [FRAME_DESYNC]: Severe frame ID mismatch detected,0,0,-1,,
2026-03-22T21:17:50.761982,5694,39,error,high,lua,Lua error [FRAME_DESYNC]: Severe frame ID mismatch detected,0,0,-1,,
2026-03-22T21:17:59.278196,5696,119,error,high,lua,Lua error [FRAME_DESYNC]: Severe frame ID mismatch detected,0,0,-1,,
2026-03-22T21:18:06.927000,5696,107,error,high,lua,Lua error [FRAME_DESYNC]: Severe frame ID mismatch detected,0,0,-1,,
2026-03-22T21:18:21.785656,5697,214,error,high,lua,Lua error [FRAME_DESYNC]: Severe frame ID mismatch detected,0,0,-1,,
2026-03-22T21:18:25.463806,5698,46,error,high,lua,Lua error [FRAME_DESYNC]: Severe frame ID mismatch detected,0,0,-1,,
2026-03-22T21:18:29.006961,5699,44,error,high,lua,Lua error [FRAME_DESYNC]: Severe frame ID mismatch detected,0,0,-1,,
2026-03-22T21:18:41.669277,5700,180,error,high,lua,Lua error [FRAME_DESYNC]: Severe frame ID mismatch detected,0,0,-1,,
2026-03-22T21:18:52.435276,5701,132,error,high,lua,Lua error [FRAME_DESYNC]: Severe frame ID mismatch detected,0,0,-1,,
2026-03-22T21:19:05.230664,5702,183,error,high,lua,Lua error [FRAME_DESYNC]: Severe frame ID mismatch detected,0,0,-1,,
2026-03-22T21:19:25.265425,5704,44,error,high,lua,Lua error [FRAME_DESYNC]: Severe frame ID mismatch detected,0,0,-1,,
2026-03-22T21:19:28.907637,5705,46,error,high,lua,Lua error [FRAME_DESYNC]: Severe frame ID mismatch detected,0,0,-1,,
2026-03-22T21:19:33.167269,5706,56,error,high,lua,Lua error [FRAME_DESYNC]: Severe frame ID mismatch detected,0,0,-1,,
2026-03-22T21:19:52.819545,5707,286,error,high,lua,Lua error [FRAME_DESYNC]: Severe frame ID mismatch detected,0,0,-1,,
2026-03-22T21:20:09.740104,5708,212,error,high,lua,Lua error [FRAME_DESYNC]: Severe frame ID mismatch detected,0,0,-1,,
2026-03-22T21:20:34.465558,5709,337,error,high,lua,Lua error [FRAME_DESYNC]: Severe frame ID mismatch detected,0,0,-1,,
2026-03-22T21:20:40.716721,5711,48,error,high,lua,Lua error [FRAME_DESYNC]: Severe frame ID mismatch detected,0,0,-1,,
2026-03-22T21:21:04.305814,5712,311,error,high,lua,Lua error [FRAME_DESYNC]: Severe frame ID mismatch detected,0,0,-1,,
2026-03-22T21:21:13.151590,5712,125,error,high,lua,Lua error [FRAME_DESYNC]: Severe frame ID mismatch detected,0,0,-1,,
2026-03-22T21:21:24.033818,5713,154,error,high,lua,Lua error [FRAME_DESYNC]: Severe frame ID mismatch detected,0,0,-1,,
2026-03-22T21:21:43.934538,5714,269,error,high,lua,Lua error [FRAME_DESYNC]: Severe frame ID mismatch detected,0,0,-1,,
2026-03-22T21:22:26.689361,5716,239,error,high,lua,Lua error [FRAME_DESYNC]: Severe frame ID mismatch detected,0,0,-1,,
2026-03-22T21:22:32.821406,5717,55,error,high,lua,Lua error [FRAME_DESYNC]: Severe frame ID mismatch detected,0,0,-1,,
2026-03-22T21:22:55.781852,5718,337,error,high,lua,Lua error [FRAME_DESYNC]: Severe frame ID mismatch detected,0,0,-1,,
2026-03-22T21:23:06.230911,5719,113,error,high,lua,Lua error [FRAME_DESYNC]: Severe frame ID mismatch detected,0,0,-1,,
2026-03-22T21:23:52.644126,5722,339,error,high,lua,Lua error [FRAME_DESYNC]: Severe frame ID mismatch detected,0,0,-1,,
2026-03-22T21:23:55.852383,5723,40,error,high,lua,Lua error [FRAME_DESYNC]: Severe frame ID mismatch detected,0,0,-1,,
2026-03-22T21:24:41.213178,5725,146,error,high,lua,Lua error [FRAME_DESYNC]: Severe frame ID mismatch detected,0,0,-1,,
2026-03-22T21:24:55.915957,5726,211,error,high,lua,Lua error [FRAME_DESYNC]: Severe frame ID mismatch detected,0,0,-1,,
2026-03-22T21:25:14.801317,5728,225,error,high,lua,Lua error [FRAME_DESYNC]: Severe frame ID mismatch detected,0,0,-1,,
2026-03-22T21:25:30.891527,5728,233,error,high,lua,Lua error [FRAME_DESYNC]: Severe frame ID mismatch detected,0,0,-1,,
2026-03-22T21:26:06.132859,5730,330,error,high,lua,Lua error [FRAME_DESYNC]: Severe frame ID mismatch detected,0,0,-1,,
2026-03-22T21:26:12.011577,5731,43,error,high,lua,Lua error [FRAME_DESYNC]: Severe frame ID mismatch detected,0,0,-1,,
2026-03-22T21:26:17.348174,5732,70,error,high,lua,Lua error [FRAME_DESYNC]: Severe frame ID mismatch detected,0,0,-1,,
2026-03-22T21:26:29.551865,5734,174,error,high,lua,Lua error [FRAME_DESYNC]: Severe frame ID mismatch detected,0,0,-1,,
2026-03-22T21:26:43.078073,5734,195,error,high,lua,Lua error [FRAME_DESYNC]: Severe frame ID mismatch detected,0,0,-1,,
2026-03-22T21:26:57.693620,5736,189,error,high,lua,Lua error [FRAME_DESYNC]: Severe frame ID mismatch detected,0,0,-1,,
2026-03-22T21:27:11.291192,5736,196,error,high,lua,Lua error [FRAME_DESYNC]: Severe frame ID mismatch detected,0,0,-1,,
2026-03-22T21:27:21.796282,5737,149,error,high,lua,Lua error [FRAME_DESYNC]: Severe frame ID mismatch detected,0,0,-1,,
2026-03-22T21:27:32.079967,5738,145,error,high,lua,Lua error [FRAME_DESYNC]: Severe frame ID mismatch detected,0,0,-1,,
2026-03-22T21:28:07.137837,5740,222,error,high,lua,Lua error [FRAME_DESYNC]: Severe frame ID mismatch detected,0,0,-1,,
2026-03-22T21:29:03.852242,5743,394,error,high,lua,Lua error [FRAME_DESYNC]: Severe frame ID mismatch detected,0,0,-1,,
2026-03-22T21:29:12.240591,5743,118,error,high,lua,Lua error [FRAME_DESYNC]: Severe frame ID mismatch detected,0,0,-1,,
2026-03-22T21:29:15.701662,5745,43,error,high,lua,Lua error [FRAME_DESYNC]: Severe frame ID mismatch detected,0,0,-1,,
2026-03-22T21:29:19.911266,5745,55,error,high,lua,Lua error [FRAME_DESYNC]: Severe frame ID mismatch detected,0,0,-1,,
2026-03-22T21:29:28.763207,5746,125,error,high,lua,Lua error [FRAME_DESYNC]: Severe frame ID mismatch detected,0,0,-1,,
2026-03-22T21:29:32.490963,5747,46,error,high,lua,Lua error [FRAME_DESYNC]: Severe frame ID mismatch detected,0,0,-1,,
2026-03-22T21:29:56.706657,5750,159,error,high,lua,Lua error [FRAME_DESYNC]: Severe frame ID mismatch detected,0,0,-1,,
2026-03-22T21:30:33.457271,5751,219,error,high,lua,Lua error [FRAME_DESYNC]: Severe frame ID mismatch detected,0,0,-1,,
2026-03-22T21:30:45.652646,5752,148,error,high,lua,Lua error [FRAME_DESYNC]: Severe frame ID mismatch detected,0,0,-1,,
2026-03-22T21:30:49.579543,5753,49,error,high,lua,Lua error [FRAME_DESYNC]: Severe frame ID mismatch detected,0,0,-1,,
2026-03-22T21:30:58.831178,5754,131,error,high,lua,Lua error [FRAME_DESYNC]: Severe frame ID mismatch detected,0,0,-1,,
2026-03-22T21:31:01.992365,5755,39,error,high,lua,Lua error [FRAME_DESYNC]: Severe frame ID mismatch detected,0,0,-1,,
2026-03-22T21:31:19.303015,5756,251,error,high,lua,Lua error [FRAME_DESYNC]: Severe frame ID mismatch detected,0,0,-1,,
2026-03-22T21:31:33.839019,5757,209,error,high,lua,Lua error [FRAME_DESYNC]: Severe frame ID mismatch detected,0,0,-1,,
2026-03-22T21:31:45.403183,5758,139,error,high,lua,Lua error [FRAME_DESYNC]: Severe frame ID mismatch detected,0,0,-1,,
2026-03-22T21:32:03.073933,5760,256,error,high,lua,Lua error [FRAME_DESYNC]: Severe frame ID mismatch detected,0,0,-1,,
2026-03-22T21:32:11.809153,5761,109,error,high,lua,Lua error [FRAME_DESYNC]: Severe frame ID mismatch detected,0,0,-1,,
2026-03-22T21:32:25.561227,5762,198,error,high,lua,Lua error [FRAME_DESYNC]: Severe frame ID mismatch detected,0,0,-1,,
2026-03-22T21:32:48.606052,5762,338,error,high,lua,Lua error [FRAME_DESYNC]: Severe frame ID mismatch detected,0,0,-1,,
2026-03-22T21:33:08.506880,5763,253,error,high,lua,Lua error [FRAME_DESYNC]: Severe frame ID mismatch detected,0,0,-1,,
2026-03-22T21:33:18.216403,5764,136,error,high,lua,Lua error [FRAME_DESYNC]: Severe frame ID mismatch detected,0,0,-1,,
2026-03-22T21:33:35.021756,5766,218,error,high,lua,Lua error [FRAME_DESYNC]: Severe frame ID mismatch detected,0,0,-1,,
2026-03-22T21:34:02.626695,5766,406,error,high,lua,Lua error [FRAME_DESYNC]: Severe frame ID mismatch detected,0,0,-1,,
2026-03-22T21:34:26.433289,5768,270,error,high,lua,Lua error [FRAME_DESYNC]: Severe frame ID mismatch detected,0,0,-1,,
2026-03-22T21:34:43.508764,5768,249,error,high,lua,Lua error [FRAME_DESYNC]: Severe frame ID mismatch detected,0,0,-1,,
2026-03-22T21:34:54.090308,5769,123,error,high,lua,Lua error [FRAME_DESYNC]: Severe frame ID mismatch detected,0,0,-1,,
2026-03-22T21:35:00.204494,5770,83,error,high,lua,Lua error [FRAME_DESYNC]: Severe frame ID mismatch detected,0,0,-1,,
2026-03-22T21:35:08.915711,5771,121,error,high,lua,Lua error [FRAME_DESYNC]: Severe frame ID mismatch detected,0,0,-1,,
2026-03-22T21:35:24.240740,5772,221,error,high,lua,Lua error [FRAME_DESYNC]: Severe frame ID mismatch detected,0,0,-1,,
2026-03-22T21:35:44.024625,5773,262,error,high,lua,Lua error [FRAME_DESYNC]: Severe frame ID mismatch detected,0,0,-1,,
2026-03-22T21:35:58.734718,5774,180,error,high,lua,Lua error [FRAME_DESYNC]: Severe frame ID mismatch detected,0,0,-1,,
2026-03-22T21:36:01.811975,5775,38,error,high,lua,Lua error [FRAME_DESYNC]: Severe frame ID mismatch detected,0,0,-1,,
2026-03-22T21:36:05.621636,5776,49,error,high,lua,Lua error [FRAME_DESYNC]: Severe frame ID mismatch detected,0,0,-1,,
2026-03-22T21:36:08.966403,5777,40,error,high,lua,Lua error [FRAME_DESYNC]: Severe frame ID mismatch detected,0,0,-1,,
2026-03-22T21:36:18.966220,5778,141,error,high,lua,Lua error [FRAME_DESYNC]: Severe frame ID mismatch detected,0,0,-1,,
2026-03-22T21:36:23.343494,5779,56,error,high,lua,Lua error [FRAME_DESYNC]: Severe frame ID mismatch detected,0,0,-1,,
2026-03-22T21:36:32.577196,5780,129,error,high,lua,Lua error [FRAME_DESYNC]: Severe frame ID mismatch detected,0,0,-1,,
2026-03-22T21:36:37.587552,5781,50,error,high,lua,Lua error [FRAME_DESYNC]: Severe frame ID mismatch detected,0,0,-1,,
2026-03-22T21:36:43.874984,5782,85,error,high,lua,Lua error [FRAME_DESYNC]: Severe frame ID mismatch detected,0,0,-1,,
2026-03-22T21:37:18.084786,5784,182,error,high,lua,Lua error [FRAME_DESYNC]: Severe frame ID mismatch detected,0,0,-1,,
2026-03-22T21:37:25.423042,5785,101,error,high,lua,Lua error [FRAME_DESYNC]: Severe frame ID mismatch detected,0,0,-1,,
2026-03-22T21:37:29.749128,5786,56,error,high,lua,Lua error [FRAME_DESYNC]: Severe frame ID mismatch detected,0,0,-1,,
2026-03-22T21:37:43.948278,5787,203,error,high,lua,Lua error [FRAME_DESYNC]: Severe frame ID mismatch detected,0,0,-1,,
2026-03-22T21:37:47.436272,5788,44,error,high,lua,Lua error [FRAME_DESYNC]: Severe frame ID mismatch detected,0,0,-1,,
2026-03-22T21:37:50.947189,5789,43,error,high,lua,Lua error [FRAME_DESYNC]: Severe frame ID mismatch detected,0,0,-1,,
2026-03-22T21:38:10.154586,5791,42,error,high,lua,Lua error [FRAME_DESYNC]: Severe frame ID mismatch detected,0,0,-1,,
2026-03-22T21:38:13.593432,5792,43,error,high,lua,Lua error [FRAME_DESYNC]: Severe frame ID mismatch detected,0,0,-1,,
2026-03-22T21:38:18.141022,5794,59,error,high,lua,Lua error [FRAME_DESYNC]: Severe frame ID mismatch detected,0,0,-1,,
2026-03-22T21:38:25.596334,5794,104,error,high,lua,Lua error [FRAME_DESYNC]: Severe frame ID mismatch detected,0,0,-1,,
2026-03-22T21:38:33.359890,5795,107,error,high,lua,Lua error [FRAME_DESYNC]: Severe frame ID mismatch detected,0,0,-1,,
2026-03-22T21:38:56.405325,5796,337,error,high,lua,Lua error [FRAME_DESYNC]: Severe frame ID mismatch detected,0,0,-1,,
2026-03-22T21:39:10.032485,5797,196,error,high,lua,Lua error [FRAME_DESYNC]: Severe frame ID mismatch detected,0,0,-1,,
2026-03-22T21:39:13.743931,5798,47,error,high,lua,Lua error [FRAME_DESYNC]: Severe frame ID mismatch detected,0,0,-1,,
2026-03-22T21:39:23.278074,5799,134,error,high,lua,Lua error [FRAME_DESYNC]: Severe frame ID mismatch detected,0,0,-1,,
2026-03-22T21:39:26.339241,5800,37,error,high,lua,Lua error [FRAME_DESYNC]: Severe frame ID mismatch detected,0,0,-1,,
2026-03-22T21:39:40.970364,5801,205,error,high,lua,Lua error [FRAME_DESYNC]: Severe frame ID mismatch detected,0,0,-1,,
2026-03-22T21:39:58.004478,5802,247,error,high,lua,Lua error [FRAME_DESYNC]: Severe frame ID mismatch detected,0,0,-1,,
2026-03-22T21:40:17.389756,5803,255,error,high,lua,Lua error [FRAME_DESYNC]: Severe frame ID mismatch detected,0,0,-1,,
2026-03-22T21:40:32.629146,5804,220,error,high,lua,Lua error [FRAME_DESYNC]: Severe frame ID mismatch detected,0,0,-1,,
2026-03-22T21:40:55.210803,5806,271,error,high,lua,Lua error [FRAME_DESYNC]: Severe frame ID mismatch detected,0,0,-1,,
2026-03-22T21:40:58.469629,5806,41,error,high,lua,Lua error [FRAME_DESYNC]: Severe frame ID mismatch detected,0,0,-1,,
2026-03-22T21:41:13.734241,5807,220,error,high,lua,Lua error [FRAME_DESYNC]: Severe frame ID mismatch detected,0,0,-1,,
2026-03-22T21:41:29.851436,5808,234,error,high,lua,Lua error [FRAME_DESYNC]: Severe frame ID mismatch detected,0,0,-1,,
2026-03-22T21:41:35.508169,5809,48,error,high,lua,Lua error [FRAME_DESYNC]: Severe frame ID mismatch detected,0,0,-1,,
2026-03-22T21:41:38.936288,5810,42,error,high,lua,Lua error [FRAME_DESYNC]: Severe frame ID mismatch detected,0,0,-1,,
2026-03-22T21:41:56.724797,5811,258,error,high,lua,Lua error [FRAME_DESYNC]: Severe frame ID mismatch detected,0,0,-1,,
2026-03-22T21:42:06.214637,5813,133,error,high,lua,Lua error [FRAME_DESYNC]: Severe frame ID mismatch detected,0,0,-1,,
2026-03-22T21:42:10.572738,5813,57,error,high,lua,Lua error [FRAME_DESYNC]: Severe frame ID mismatch detected,0,0,-1,,
2026-03-22T21:42:25.808576,5814,220,error,high,lua,Lua error [FRAME_DESYNC]: Severe frame ID mismatch detected,0,0,-1,,
2026-03-22T21:42:30.949995,5815,42,error,high,lua,Lua error [FRAME_DESYNC]: Severe frame ID mismatch detected,0,0,-1,,
2026-03-22T21:42:38.532250,5817,105,error,high,lua,Lua error [FRAME_DESYNC]: Severe frame ID mismatch detected,0,0,-1,,
2026-03-22T21:42:42.233332,5817,47,error,high,lua,Lua error [FRAME_DESYNC]: Severe frame ID mismatch detected,0,0,-1,,
2026-03-22T21:42:52.314571,5818,142,error,high,lua,Lua error [FRAME_DESYNC]: Severe frame ID mismatch detected,0,0,-1,,
2026-03-22T21:43:00.243131,5820,110,error,high,lua,Lua error [FRAME_DESYNC]: Severe frame ID mismatch detected,0,0,-1,,
2026-03-22T21:43:04.102207,5820,50,error,high,lua,Lua error [FRAME_DESYNC]: Severe frame ID mismatch detected,0,0,-1,,
2026-03-22T21:43:25.627328,5821,306,error,high,lua,Lua error [FRAME_DESYNC]: Severe frame ID mismatch detected,0,0,-1,,
2026-03-22T21:43:31.032901,5822,39,error,high,lua,Lua error [FRAME_DESYNC]: Severe frame ID mismatch detected,0,0,-1,,
2026-03-22T21:43:34.728025,5824,46,error,high,lua,Lua error [FRAME_DESYNC]: Severe frame ID mismatch detected,0,0,-1,,
2026-03-22T21:43:49.952445,5824,220,error,high,lua,Lua error [FRAME_DESYNC]: Severe frame ID mismatch detected,0,0,-1,,
2026-03-22T21:43:53.347001,5825,42,error,high,lua,Lua error [FRAME_DESYNC]: Severe frame ID mismatch detected,0,0,-1,,
2026-03-22T21:44:14.168754,5827,59,error,high,lua,Lua error [FRAME_DESYNC]: Severe frame ID mismatch detected,0,0,-1,,
2026-03-22T21:44:17.644931,5828,44,error,high,lua,Lua error [FRAME_DESYNC]: Severe frame ID mismatch detected,0,0,-1,,
2026-03-22T21:44:26.541649,5829,125,error,high,lua,Lua error [FRAME_DESYNC]: Severe frame ID mismatch detected,0,0,-1,,
2026-03-22T21:44:33.446239,5830,94,error,high,lua,Lua error [FRAME_DESYNC]: Severe frame ID mismatch detected,0,0,-1,,
2026-03-22T21:44:46.391294,5831,186,error,high,lua,Lua error [FRAME_DESYNC]: Severe frame ID mismatch detected,0,0,-1,,
2026-03-22T21:45:02.232422,5832,229,error,high,lua,Lua error [FRAME_DESYNC]: Severe frame ID mismatch detected,0,0,-1,,
2026-03-22T21:45:07.633431,5834,46,error,high,lua,Lua error [FRAME_DESYNC]: Severe frame ID mismatch detected,0,0,-1,,
2026-03-22T21:45:22.248741,5834,211,error,high,lua,Lua error [FRAME_DESYNC]: Severe frame ID mismatch detected,0,0,-1,,
2026-03-22T21:45:32.781316,5836,149,error,high,lua,Lua error [FRAME_DESYNC]: Severe frame ID mismatch detected,0,0,-1,,
2026-03-22T21:45:41.407573,5837,121,error,high,lua,Lua error [FRAME_DESYNC]: Severe frame ID mismatch detected,0,0,-1,,
2026-03-22T21:46:06.810555,5837,373,error,high,lua,Lua error [FRAME_DESYNC]: Severe frame ID mismatch detected,0,0,-1,,
2026-03-22T21:46:10.835605,5838,52,error,high,lua,Lua error [FRAME_DESYNC]: Severe frame ID mismatch detected,0,0,-1,,
2026-03-22T21:46:14.768254,5839,50,error,high,lua,Lua error [FRAME_DESYNC]: Severe frame ID mismatch detected,0,0,-1,,
2026-03-22T21:46:25.083612,5841,129,error,high,lua,Lua error [FRAME_DESYNC]: Severe frame ID mismatch detected,0,0,-1,,
2026-03-22T21:46:28.989033,5841,50,error,high,lua,Lua error [FRAME_DESYNC]: Severe frame ID mismatch detected,0,0,-1,,
2026-03-22T21:46:32.448675,5842,42,error,high,lua,Lua error [FRAME_DESYNC]: Severe frame ID mismatch detected,0,0,-1,,
2026-03-22T21:47:16.115799,5844,445,error,high,lua,Lua error [FRAME_DESYNC]: Severe frame ID mismatch detected,0,0,-1,,
2026-03-22T21:47:22.754546,5845,43,error,high,lua,Lua error [FRAME_DESYNC]: Severe frame ID mismatch detected,0,0,-1,,
2026-03-22T21:47:44.296936,5847,42,error,high,lua,Lua error [FRAME_DESYNC]: Severe frame ID mismatch detected,0,0,-1,,
2026-03-22T21:48:01.351949,5848,247,error,high,lua,Lua error [FRAME_DESYNC]: Severe frame ID mismatch detected,0,0,-1,,
2026-03-22T21:48:12.501031,5849,131,error,high,lua,Lua error [FRAME_DESYNC]: Severe frame ID mismatch detected,0,0,-1,,
2026-03-22T21:48:31.851375,5850,282,error,high,lua,Lua error [FRAME_DESYNC]: Severe frame ID mismatch detected,0,0,-1,,
2026-03-22T21:48:54.786954,5851,303,error,high,lua,Lua error [FRAME_DESYNC]: Severe frame ID mismatch detected,0,0,-1,,
2026-03-22T21:48:58.757543,5852,50,error,high,lua,Lua error [FRAME_DESYNC]: Severe frame ID mismatch detected,0,0,-1,,
2026-03-22T21:49:06.994518,5853,115,error,high,lua,Lua error [FRAME_DESYNC]: Severe frame ID mismatch detected,0,0,-1,,
2026-03-22T21:49:41.989726,5856,231,error,high,lua,Lua error [FRAME_DESYNC]: Severe frame ID mismatch detected,0,0,-1,,
2026-03-22T21:50:04.113606,5857,292,error,high,lua,Lua error [FRAME_DESYNC]: Severe frame ID mismatch detected,0,0,-1,,
2026-03-22T21:50:13.070047,5858,126,error,high,lua,Lua error [FRAME_DESYNC]: Severe frame ID mismatch detected,0,0,-1,,
2026-03-22T21:50:22.273010,5859,130,error,high,lua,Lua error [FRAME_DESYNC]: Severe frame ID mismatch detected,0,0,-1,,
2026-03-22T21:50:31.586529,5859,132,error,high,lua,Lua error [FRAME_DESYNC]: Severe frame ID mismatch detected,0,0,-1,,
2026-03-22T21:50:40.638470,5860,127,error,high,lua,Lua error [FRAME_DESYNC]: Severe frame ID mismatch detected,0,0,-1,,
2026-03-22T21:50:48.791431,5861,97,error,high,lua,Lua error [FRAME_DESYNC]: Severe frame ID mismatch detected,0,0,-1,,
2026-03-22T21:51:10.877478,5862,322,error,high,lua,Lua error [FRAME_DESYNC]: Severe frame ID mismatch detected,0,0,-1,,
2026-03-22T21:51:22.235871,5863,127,error,high,lua,Lua error [FRAME_DESYNC]: Severe frame ID mismatch detected,0,0,-1,,
2026-03-22T21:51:25.946245,5864,46,error,high,lua,Lua error [FRAME_DESYNC]: Severe frame ID mismatch detected,0,0,-1,,
2026-03-22T21:51:40.314178,5865,206,error,high,lua,Lua error [FRAME_DESYNC]: Severe frame ID mismatch detected,0,0,-1,,
2026-03-22T21:51:58.958309,5866,271,error,high,lua,Lua error [FRAME_DESYNC]: Severe frame ID mismatch detected,0,0,-1,,
2026-03-22T21:52:09.057853,5867,114,error,high,lua,Lua error [FRAME_DESYNC]: Severe frame ID mismatch detected,0,0,-1,,
2026-03-22T21:52:36.454004,5868,401,error,high,lua,Lua error [FRAME_DESYNC]: Severe frame ID mismatch detected,0,0,-1,,
2026-03-22T21:53:04.216652,5869,364,error,high,lua,Lua error [FRAME_DESYNC]: Severe frame ID mismatch detected,0,0,-1,,
2026-03-22T21:53:21.404950,5870,249,error,high,lua,Lua error [FRAME_DESYNC]: Severe frame ID mismatch detected,0,0,-1,,
2026-03-22T21:53:24.849832,5871,42,error,high,lua,Lua error [FRAME_DESYNC]: Severe frame ID mismatch detected,0,0,-1,,
2026-03-22T21:53:44.100859,5872,280,error,high,lua,Lua error [FRAME_DESYNC]: Severe frame ID mismatch detected,0,0,-1,,
2026-03-22T21:54:05.881279,5873,287,error,high,lua,Lua error [FRAME_DESYNC]: Severe frame ID mismatch detected,0,0,-1,,
2026-03-22T21:54:24.965950,5874,247,error,high,lua,Lua error [FRAME_DESYNC]: Severe frame ID mismatch detected,0,0,-1,,
2026-03-22T21:54:46.810820,5877,53,error,high,lua,Lua error [FRAME_DESYNC]: Severe frame ID mismatch detected,0,0,-1,,
2026-03-22T21:54:50.397210,5877,46,error,high,lua,Lua error [FRAME_DESYNC]: Severe frame ID mismatch detected,0,0,-1,,
2026-03-22T21:55:03.851315,5878,193,error,high,lua,Lua error [FRAME_DESYNC]: Severe frame ID mismatch detected,0,0,-1,,
2026-03-22T21:55:32.820515,5880,218,error,high,lua,Lua error [FRAME_DESYNC]: Severe frame ID mismatch detected,0,0,-1,,
2026-03-22T21:55:48.184445,5881,196,error,high,lua,Lua error [FRAME_DESYNC]: Severe frame ID mismatch detected,0,0,-1,,
2026-03-22T21:55:58.262871,5882,143,error,high,lua,Lua error [FRAME_DESYNC]: Severe frame ID mismatch detected,0,0,-1,,
2026-03-22T21:56:14.707151,5883,237,error,high,lua,Lua error [FRAME_DESYNC]: Severe frame ID mismatch detected,0,0,-1,,
2026-03-22T21:56:18.783093,5884,52,error,high,lua,Lua error [FRAME_DESYNC]: Severe frame ID mismatch detected,0,0,-1,,
2026-03-22T21:56:32.354841,5885,195,error,high,lua,Lua error [FRAME_DESYNC]: Severe frame ID mismatch detected,0,0,-1,,
2026-03-22T21:56:36.647900,5886,55,error,high,lua,Lua error [FRAME_DESYNC]: Severe frame ID mismatch detected,0,0,-1,,
2026-03-22T21:56:41.130044,5887,58,error,high,lua,Lua error [FRAME_DESYNC]: Severe frame ID mismatch detected,0,0,-1,,
2026-03-22T21:56:52.298012,5889,159,error,high,lua,Lua error [FRAME_DESYNC]: Severe frame ID mismatch detected,0,0,-1,,
2026-03-22T21:57:07.746293,5889,223,error,high,lua,Lua error [FRAME_DESYNC]: Severe frame ID mismatch detected,0,0,-1,,
2026-03-22T21:57:11.447725,5891,46,error,high,lua,Lua error [FRAME_DESYNC]: Severe frame ID mismatch detected,0,0,-1,,
2026-03-22T21:57:24.235579,5892,184,error,high,lua,Lua error [FRAME_DESYNC]: Severe frame ID mismatch detected,0,0,-1,,
2026-03-22T21:57:43.220785,5892,277,error,high,lua,Lua error [FRAME_DESYNC]: Severe frame ID mismatch detected,0,0,-1,,
2026-03-22T21:57:49.277129,5893,49,error,high,lua,Lua error [FRAME_DESYNC]: Severe frame ID mismatch detected,0,0,-1,,
2026-03-22T21:57:58.894371,5894,135,error,high,lua,Lua error [FRAME_DESYNC]: Severe frame ID mismatch detected,0,0,-1,,
2026-03-22T21:58:08.944617,5895,142,error,high,lua,Lua error [FRAME_DESYNC]: Severe frame ID mismatch detected,0,0,-1,,
2026-03-22T21:58:23.171269,5896,205,error,high,lua,Lua error [FRAME_DESYNC]: Severe frame ID mismatch detected,0,0,-1,,
2026-03-22T21:58:40.093490,5897,245,error,high,lua,Lua error [FRAME_DESYNC]: Severe frame ID mismatch detected,0,0,-1,,
2026-03-22T21:58:49.195077,5898,128,error,high,lua,Lua error [FRAME_DESYNC]: Severe frame ID mismatch detected,0,0,-1,,
2026-03-22T21:59:09.617769,5899,298,error,high,lua,Lua error [FRAME_DESYNC]: Severe frame ID mismatch detected,0,0,-1,,
2026-03-22T21:59:22.423172,5900,152,error,high,lua,Lua error [FRAME_DESYNC]: Severe frame ID mismatch detected,0,0,-1,,
2026-03-22T21:59:29.406070,5902,76,error,high,lua,Lua error [FRAME_DESYNC]: Severe frame ID mismatch detected,0,0,-1,,
2026-03-22T21:59:37.216546,5902,109,error,high,lua,Lua error [FRAME_DESYNC]: Severe frame ID mismatch detected,0,0,-1,,
2026-03-22T21:59:46.950959,5903,137,error,high,lua,Lua error [FRAME_DESYNC]: Severe frame ID mismatch detected,0,0,-1,,
2026-03-22T21:59:55.883803,5904,125,error,high,lua,Lua error [FRAME_DESYNC]: Severe frame ID mismatch detected,0,0,-1,,
2026-03-22T22:00:06.740536,5906,154,error,high,lua,Lua error [FRAME_DESYNC]: Severe frame ID mismatch detected,0,0,-1,,
2026-03-22T22:00:10.485690,5906,48,error,high,lua,Lua error [FRAME_DESYNC]: Severe frame ID mismatch detected,0,0,-1,,
2026-03-22T22:00:18.777157,5908,115,error,high,lua,Lua error [FRAME_DESYNC]: Severe frame ID mismatch detected,0,0,-1,,
2026-03-22T22:00:42.873235,5908,353,error,high,lua,Lua error [FRAME_DESYNC]: Severe frame ID mismatch detected,0,0,-1,,
2026-03-22T22:00:49.145726,5909,47,error,high,lua,Lua error [FRAME_DESYNC]: Severe frame ID mismatch detected,0,0,-1,,
2026-03-22T22:01:12.946908,5911,348,error,high,lua,Lua error [FRAME_DESYNC]: Severe frame ID mismatch detected,0,0,-1,,
2026-03-22T22:01:38.998362,5912,348,error,high,lua,Lua error [FRAME_DESYNC]: Severe frame ID mismatch detected,0,0,-1,,
2026-03-22T22:01:46.601057,5912,106,error,high,lua,Lua error [FRAME_DESYNC]: Severe frame ID mismatch detected,0,0,-1,,
2026-03-22T22:02:01.542862,5913,216,error,high,lua,Lua error [FRAME_DESYNC]: Severe frame ID mismatch detected,0,0,-1,,
2026-03-22T22:02:16.035276,5914,208,error,high,lua,Lua error [FRAME_DESYNC]: Severe frame ID mismatch detected,0,0,-1,,
2026-03-22T22:02:19.612651,5915,44,error,high,lua,Lua error [FRAME_DESYNC]: Severe frame ID mismatch detected,0,0,-1,,
2026-03-22T22:02:29.262781,5916,136,error,high,lua,Lua error [FRAME_DESYNC]: Severe frame ID mismatch detected,0,0,-1,,
2026-03-22T22:02:51.126755,5917,319,error,high,lua,Lua error [FRAME_DESYNC]: Severe frame ID mismatch detected,0,0,-1,,
2026-03-22T22:03:11.948354,5918,303,error,high,lua,Lua error [FRAME_DESYNC]: Severe frame ID mismatch detected,0,0,-1,,
2026-03-22T22:03:23.556385,5919,133,error,high,lua,Lua error [FRAME_DESYNC]: Severe frame ID mismatch detected,0,0,-1,,
2026-03-22T22:03:44.529790,5920,304,error,high,lua,Lua error [FRAME_DESYNC]: Severe frame ID mismatch detected,0,0,-1,,
2026-03-22T22:03:50.316957,5922,42,error,high,lua,Lua error [FRAME_DESYNC]: Severe frame ID mismatch detected,0,0,-1,,
2026-03-22T22:03:59.238593,5922,126,error,high,lua,Lua error [FRAME_DESYNC]: Severe frame ID mismatch detected,0,0,-1,,
2026-03-22T22:04:08.639364,5924,132,error,high,lua,Lua error [FRAME_DESYNC]: Severe frame ID mismatch detected,0,0,-1,,
2026-03-22T22:04:23.332936,5924,213,error,high,lua,Lua error [FRAME_DESYNC]: Severe frame ID mismatch detected,0,0,-1,,
2026-03-22T22:04:39.444744,5925,233,error,high,lua,Lua error [FRAME_DESYNC]: Severe frame ID mismatch detected,0,0,-1,,
2026-03-22T22:04:50.605496,5926,132,error,high,lua,Lua error [FRAME_DESYNC]: Severe frame ID mismatch detected,0,0,-1,,
2026-03-22T22:05:10.669815,5927,292,error,high,lua,Lua error [FRAME_DESYNC]: Severe frame ID mismatch detected,0,0,-1,,
2026-03-22T22:05:31.452020,5928,303,error,high,lua,Lua error [FRAME_DESYNC]: Severe frame ID mismatch detected,0,0,-1,,
2026-03-22T22:05:45.584952,5929,203,error,high,lua,Lua error [FRAME_DESYNC]: Severe frame ID mismatch detected,0,0,-1,,
2026-03-22T22:05:50.055556,5930,58,error,high,lua,Lua error [FRAME_DESYNC]: Severe frame ID mismatch detected,0,0,-1,,
2026-03-22T22:05:59.090833,5931,128,error,high,lua,Lua error [FRAME_DESYNC]: Severe frame ID mismatch detected,0,0,-1,,
2026-03-22T22:06:06.261718,5932,98,error,high,lua,Lua error [FRAME_DESYNC]: Severe frame ID mismatch detected,0,0,-1,,
2026-03-22T22:06:24.815231,5933,270,error,high,lua,Lua error [FRAME_DESYNC]: Severe frame ID mismatch detected,0,0,-1,,
2026-03-22T22:06:30.432588,5935,44,error,high,lua,Lua error [FRAME_DESYNC]: Severe frame ID mismatch detected,0,0,-1,,
2026-03-22T22:06:37.026845,5935,91,error,high,lua,Lua error [FRAME_DESYNC]: Severe frame ID mismatch detected,0,0,-1,,
2026-03-22T22:06:56.318663,5936,281,error,high,lua,Lua error [FRAME_DESYNC]: Severe frame ID mismatch detected,0,0,-1,,
2026-03-22T22:07:07.411340,5937,126,error,high,lua,Lua error [FRAME_DESYNC]: Severe frame ID mismatch detected,0,0,-1,,
2026-03-22T22:07:22.268781,5938,214,error,high,lua,Lua error [FRAME_DESYNC]: Severe frame ID mismatch detected,0,0,-1,,
2026-03-22T22:07:44.731859,5939,303,error,high,lua,Lua error [FRAME_DESYNC]: Severe frame ID mismatch detected,0,0,-1,,
2026-03-22T22:07:50.912511,5940,48,error,high,lua,Lua error [FRAME_DESYNC]: Severe frame ID mismatch detected,0,0,-1,,
2026-03-22T22:07:55.530188,5941,53,error,high,lua,Lua error [FRAME_DESYNC]: Severe frame ID mismatch detected,0,0,-1,,
2026-03-22T22:08:00.777581,5943,70,error,high,lua,Lua error [FRAME_DESYNC]: Severe frame ID mismatch detected,0,0,-1,,
2026-03-22T22:08:08.526404,5943,108,error,high,lua,Lua error [FRAME_DESYNC]: Severe frame ID mismatch detected,0,0,-1,,
2026-03-22T22:08:21.986392,5944,193,error,high,lua,Lua error [FRAME_DESYNC]: Severe frame ID mismatch detected,0,0,-1,,
2026-03-22T22:08:31.892161,5946,140,error,high,lua,Lua error [FRAME_DESYNC]: Severe frame ID mismatch detected,0,0,-1,,
2026-03-22T22:08:52.679268,5947,273,error,high,lua,Lua error [FRAME_DESYNC]: Severe frame ID mismatch detected,0,0,-1,,
2026-03-22T22:09:13.251154,5947,300,error,high,lua,Lua error [FRAME_DESYNC]: Severe frame ID mismatch detected,0,0,-1,,
2026-03-22T22:09:30.140189,5948,212,error,high,lua,Lua error [FRAME_DESYNC]: Severe frame ID mismatch detected,0,0,-1,,
2026-03-22T22:09:37.487969,5950,75,error,high,lua,Lua error [FRAME_DESYNC]: Severe frame ID mismatch detected,0,0,-1,,
2026-03-22T22:10:03.916879,5950,388,error,high,lua,Lua error [FRAME_DESYNC]: Severe frame ID mismatch detected,0,0,-1,,
2026-03-22T22:10:20.597543,5952,201,error,high,lua,Lua error [FRAME_DESYNC]: Severe frame ID mismatch detected,0,0,-1,,
2026-03-22T22:10:28.093747,5952,104,error,high,lua,Lua error [FRAME_DESYNC]: Severe frame ID mismatch detected,0,0,-1,,
2026-03-22T22:10:48.765991,5954,271,error,high,lua,Lua error [FRAME_DESYNC]: Severe frame ID mismatch detected,0,0,-1,,
2026-03-22T22:11:03.186344,5954,209,error,high,lua,Lua error [FRAME_DESYNC]: Severe frame ID mismatch detected,0,0,-1,,
2026-03-22T22:11:17.628035,5955,184,error,high,lua,Lua error [FRAME_DESYNC]: Severe frame ID mismatch detected,0,0,-1,,
2026-03-22T22:11:33.102858,5956,223,error,high,lua,Lua error [FRAME_DESYNC]: Severe frame ID mismatch detected,0,0,-1,,
