timestamp,episode,step,event_type,severity,component,message,mario_x,mario_y,action_taken,game_state,stack_trace
2026-03-21T02:17:38.692447,17,164,error,high,lua,Lua error [FRAME_DESYNC]: Severe frame ID mismatch detected,0,0,-1,,
2026-03-21T02:22:13.508388,51,15,error,high,lua,Lua error [FRAME_DESYNC]: Severe frame ID mismatch detected,0,0,-1,,
2026-03-21T02:22:13.584305,51,18,error,high,lua,Lua error [FRAME_DESYNC]: Severe frame ID mismatch detected,0,0,-1,,
2026-03-21T02:22:13.584995,51,18,error,high,lua,Lua error [FRAME_DESYNC]: Severe frame ID mismatch detected,0,0,-1,,
2026-03-21T02:22:13.594067,51,18,error,high,lua,Lua error [FRAME_DESYNC]: Severe frame ID mismatch detected,0,0,-1,,
2026-03-21T02:22:13.594577,51,18,error,high,lua,Lua error [FRAME_DESYNC]: Severe frame ID mismatch detected,0,0,-1,,
2026-03-21T02:22:13.595014,51,18,error,high,lua,Lua error [FRAME_DESYNC]: Severe frame ID mismatch detected,0,0,-1,,
2026-03-21T02:22:13.595432,51,18,error,high,lua,Lua error [FRAME_DESYNC]: Severe frame ID mismatch detected,0,0,-1,,
2026-03-21T02:22:13.595786,51,18,error,high,lua,Lua error [FRAME_DESYNC]: Severe frame ID mismatch detected,0,0,-1,,
2026-03-21T02:22:13.596136,51,18,error,high,lua,Lua error [FRAME_DESYNC]: Severe frame ID mismatch detected,0,0,-1,,
2026-03-21T02:22:13.596460,51,18,error,high,lua,Lua error [FRAME_DESYNC]: Severe frame ID mismatch detected,0,0,-1,,
2026-03-21T02:22:13.596985,51,18,error,high,lua,Lua error [FRAME_DESYNC]: Severe frame ID mismatch detected,0,0,-1,,
2026-03-21T02:22:13.597474,51,18,error,high,lua,Lua error [FRAME_DESYNC]: Severe frame ID mismatch detected,0,0,-1,,
2026-03-21T02:22:13.597901,51,18,error,high,lua,Lua error [FRAME_DESYNC]: Severe frame ID mismatch detected,0,0,-1,,
2026-03-21T02:22:13.598334,51,18,error,high,lua,Lua error [FRAME_DESYNC]: Severe frame ID mismatch detected,0,0,-1,,
2026-03-21T02:22:13.598755,51,18,error,high,lua,Lua error [FRAME_DESYNC]: Severe frame ID mismatch detected,0,0,-1,,
2026-03-21T02:22:13.599217,51,18,error,high,lua,Lua error [FRAME_DESYNC]: Severe frame ID mismatch detected,0,0,-1,,
2026-03-21T02:22:13.599499,51,18,error,high,lua,Lua error [FRAME_DESYNC]: Severe frame ID mismatch detected,0,0,-1,,
2026-03-21T02:22:13.599782,51,18,error,high,lua,Lua error [FRAME_DESYNC]: Severe frame ID mismatch detected,0,0,-1,,
2026-03-21T02:22:13.600151,51,18,error,high,lua,Lua error [FRAME_DESYNC]: Severe frame ID mismatch detected,0,0,-1,,
2026-03-21T02:22:13.600457,51,18,error,high,lua,Lua error [FRAME_DESYNC]: Severe frame ID mismatch detected,0,0,-1,,
2026-03-21T02:22:13.600713,51,18,error,high,lua,Lua error [FRAME_DESYNC]: Severe frame ID mismatch detected,0,0,-1,,
2026-03-21T02:22:13.600997,51,18,error,high,lua,Lua error [FRAME_DESYNC]: Severe frame ID mismatch detected,0,0,-1,,
2026-03-21T02:22:13.601231,51,18,error,high,lua,Lua error [FRAME_DESYNC]: Severe frame ID mismatch detected,0,0,-1,,
2026-03-21T02:22:13.601503,51,18,error,high,lua,Lua error [FRAME_DESYNC]: Severe frame ID mismatch detected,0,0,-1,,
2026-03-21T02:22:13.601759,51,18,error,high,lua,Lua error [FRAME_DESYNC]: Severe frame ID mismatch detected,0,0,-1,,
2026-03-21T02:22:13.602053,51,18,error,high,lua,Lua error [FRAME_DESYNC]: Severe frame ID mismatch detected,0,0,-1,,
2026-03-21T02:22:13.602305,51,18,error,high,lua,Lua error [FRAME_DESYNC]: Severe frame ID mismatch detected,0,0,-1,,
2026-03-21T02:22:13.602579,51,18,error,high,lua,Lua error [FRAME_DESYNC]: Severe frame ID mismatch detected,0,0,-1,,
2026-03-21T02:22:13.602865,51,18,error,high,lua,Lua error [FRAME_DESYNC]: Severe frame ID mismatch detected,0,0,-1,,
2026-03-21T02:22:13.603099,51,18,error,high,lua,Lua error [FRAME_DESYNC]: Severe frame ID mismatch detected,0,0,-1,,
2026-03-21T02:22:13.603335,51,18,error,high,lua,Lua error [FRAME_DESYNC]: Severe frame ID mismatch detected,0,0,-1,,
2026-03-21T02:22:13.676620,51,21,error,high,lua,Lua error [FRAME_DESYNC]: Severe frame ID mismatch detected,0,0,-1,,
2026-03-21T02:22:13.677223,51,21,error,high,lua,Lua error [FRAME_DESYNC]: Severe frame ID mismatch detected,0,0,-1,,
2026-03-21T02:22:13.677600,51,21,error,high,lua,Lua error [FRAME_DESYNC]: Severe frame ID mismatch detected,0,0,-1,,
2026-03-21T02:22:13.677874,51,21,error,high,lua,Lua error [FRAME_DESYNC]: Severe frame ID mismatch detected,0,0,-1,,
2026-03-21T02:22:13.678123,51,21,error,high,lua,Lua error [FRAME_DESYNC]: Severe frame ID mismatch detected,0,0,-1,,
2026-03-21T02:22:13.678339,51,21,error,high,lua,Lua error [FRAME_DESYNC]: Severe frame ID mismatch detected,0,0,-1,,
2026-03-21T02:22:13.678582,51,21,error,high,lua,Lua error [FRAME_DESYNC]: Severe frame ID mismatch detected,0,0,-1,,
2026-03-21T02:22:13.678935,51,21,error,high,lua,Lua error [FRAME_DESYNC]: Severe frame ID mismatch detected,0,0,-1,,
2026-03-21T02:22:13.679266,51,21,error,high,lua,Lua error [FRAME_DESYNC]: Severe frame ID mismatch detected,0,0,-1,,
2026-03-21T02:22:13.679564,51,21,error,high,lua,Lua error [FRAME_DESYNC]: Severe frame ID mismatch detected,0,0,-1,,
2026-03-21T02:22:13.679908,51,21,error,high,lua,Lua error [FRAME_DESYNC]: Severe frame ID mismatch detected,0,0,-1,,
2026-03-21T02:22:13.680198,51,21,error,high,lua,Lua error [FRAME_DESYNC]: Severe frame ID mismatch detected,0,0,-1,,
2026-03-21T02:22:13.680431,51,21,error,high,lua,Lua error [FRAME_DESYNC]: Severe frame ID mismatch detected,0,0,-1,,
2026-03-21T02:22:13.680674,51,21,error,high,lua,Lua error [FRAME_DESYNC]: Severe frame ID mismatch detected,0,0,-1,,
2026-03-21T02:22:13.680939,51,21,error,high,lua,Lua error [FRAME_DESYNC]: Severe frame ID mismatch detected,0,0,-1,,
2026-03-21T02:22:13.681172,51,21,error,high,lua,Lua error [FRAME_DESYNC]: Severe frame ID mismatch detected,0,0,-1,,
2026-03-21T02:22:13.681534,51,21,error,high,lua,Lua error [FRAME_DESYNC]: Severe frame ID mismatch detected,0,0,-1,,
2026-03-21T02:22:13.681839,51,21,error,high,lua,Lua error [FRAME_DESYNC]: Severe frame ID mismatch detected,0,0,-1,,
2026-03-21T02:22:13.682142,51,21,error,high,lua,Lua error [FRAME_DESYNC]: Severe frame ID mismatch detected,0,0,-1,,
2026-03-21T02:22:13.682534,51,21,error,high,lua,Lua error [FRAME_DESYNC]: Severe frame ID mismatch detected,0,0,-1,,
2026-03-21T02:22:13.682859,51,21,error,high,lua,Lua error [FRAME_DESYNC]: Severe frame ID mismatch detected,0,0,-1,,
2026-03-21T02:22:13.683228,51,21,error,high,lua,Lua error [FRAME_DESYNC]: Severe frame ID mismatch detected,0,0,-1,,
2026-03-21T02:22:13.683563,51,21,error,high,lua,Lua error [FRAME_DESYNC]: Severe frame ID mismatch detected,0,0,-1,,
2026-03-21T02:22:13.683847,51,21,error,high,lua,Lua error [FRAME_DESYNC]: Severe frame ID mismatch detected,0,0,-1,,
2026-03-21T02:22:13.684122,51,21,error,high,lua,Lua error [FRAME_DESYNC]: Severe frame ID mismatch detected,0,0,-1,,
2026-03-21T02:22:13.684366,51,21,error,high,lua,Lua error [FRAME_DESYNC]: Severe frame ID mismatch detected,0,0,-1,,
2026-03-21T02:22:13.708673,51,22,error,high,lua,Lua error [FRAME_DESYNC]: Severe frame ID mismatch detected,0,0,-1,,
2026-03-21T02:22:13.709262,51,22,error,high,lua,Lua error [FRAME_DESYNC]: Severe frame ID mismatch detected,0,0,-1,,
2026-03-21T02:22:13.709621,51,22,error,high,lua,Lua error [FRAME_DESYNC]: Severe frame ID mismatch detected,0,0,-1,,
2026-03-21T02:22:13.709939,51,22,error,high,lua,Lua error [FRAME_DESYNC]: Severe frame ID mismatch detected,0,0,-1,,
2026-03-21T02:22:13.710305,51,22,error,high,lua,Lua error [FRAME_DESYNC]: Severe frame ID mismatch detected,0,0,-1,,
2026-03-21T02:22:13.710597,51,22,error,high,lua,Lua error [FRAME_DESYNC]: Severe frame ID mismatch detected,0,0,-1,,
2026-03-21T02:22:13.710901,51,22,error,high,lua,Lua error [FRAME_DESYNC]: Severe frame ID mismatch detected,0,0,-1,,
2026-03-21T02:22:13.711202,51,22,error,high,lua,Lua error [FRAME_DESYNC]: Severe frame ID mismatch detected,0,0,-1,,
2026-03-21T02:22:13.711827,51,22,error,high,lua,Lua error [FRAME_DESYNC]: Severe frame ID mismatch detected,0,0,-1,,
2026-03-21T02:22:13.712117,51,22,error,high,lua,Lua error [FRAME_DESYNC]: Severe frame ID mismatch detected,0,0,-1,,
2026-03-21T02:22:13.712402,51,22,error,high,lua,Lua error [FRAME_DESYNC]: Severe frame ID mismatch detected,0,0,-1,,
2026-03-21T02:22:13.712681,51,22,error,high,lua,Lua error [FRAME_DESYNC]: Severe frame ID mismatch detected,0,0,-1,,
2026-03-21T02:22:13.712959,51,22,error,high,lua,Lua error [FRAME_DESYNC]: Severe frame ID mismatch detected,0,0,-1,,
2026-03-21T02:22:13.713400,51,22,error,high,lua,Lua error [FRAME_DESYNC]: Severe frame ID mismatch detected,0,0,-1,,
2026-03-21T02:22:13.737484,51,23,error,high,lua,Lua error [FRAME_DESYNC]: Severe frame ID mismatch detected,0,0,-1,,
2026-03-21T02:22:13.738019,51,23,error,high,lua,Lua error [FRAME_DESYNC]: Severe frame ID mismatch detected,0,0,-1,,
2026-03-21T02:22:13.738583,51,23,error,high,lua,Lua error [FRAME_DESYNC]: Severe frame ID mismatch detected,0,0,-1,,
2026-03-21T02:22:13.739000,51,23,error,high,lua,Lua error [FRAME_DESYNC]: Severe frame ID mismatch detected,0,0,-1,,
2026-03-21T02:22:13.739283,51,23,error,high,lua,Lua error [FRAME_DESYNC]: Severe frame ID mismatch detected,0,0,-1,,
2026-03-21T02:22:13.739603,51,23,error,high,lua,Lua error [FRAME_DESYNC]: Severe frame ID mismatch detected,0,0,-1,,
2026-03-21T02:22:13.739901,51,23,error,high,lua,Lua error [FRAME_DESYNC]: Severe frame ID mismatch detected,0,0,-1,,
2026-03-21T02:22:13.740181,51,23,error,high,lua,Lua error [FRAME_DESYNC]: Severe frame ID mismatch detected,0,0,-1,,
2026-03-21T02:22:13.740516,51,23,error,high,lua,Lua error [FRAME_DESYNC]: Persistent frame desyncs detected,0,0,-1,,
2026-03-21T02:22:13.740801,51,23,error,high,lua,Lua error [FRAME_DESYNC]: Persistent frame desyncs detected,0,0,-1,,
2026-03-21T02:22:13.741052,51,23,error,high,lua,Lua error [FRAME_DESYNC]: Persistent frame desyncs detected,0,0,-1,,
2026-03-21T02:22:13.741393,51,23,error,high,lua,Lua error [FRAME_DESYNC]: Persistent frame desyncs detected,0,0,-1,,
2026-03-21T02:22:13.742010,51,23,error,high,lua,Lua error [FRAME_DESYNC]: Persistent frame desyncs detected,0,0,-1,,
2026-03-21T02:22:13.742291,51,23,error,high,lua,Lua error [FRAME_DESYNC]: Persistent frame desyncs detected,0,0,-1,,
2026-03-21T02:22:13.742529,51,23,error,high,lua,Lua error [FRAME_DESYNC]: Persistent frame desyncs detected,0,0,-1,,
2026-03-21T02:22:13.742783,51,23,error,high,lua,Lua error [FRAME_DESYNC]: Persistent frame desyncs detected,0,0,-1,,
2026-03-21T02:22:13.767074,51,24,error,high,lua,Lua error [FRAME_DESYNC]: Persistent frame desyncs detected,0,0,-1,,
2026-03-21T02:22:13.767529,51,24,error,high,lua,Lua error [FRAME_DESYNC]: Persistent frame desyncs detected,0,0,-1,,
2026-03-21T02:22:13.767949,51,24,error,high,lua,Lua error [FRAME_DESYNC]: Persistent frame desyncs detected,0,0,-1,,
2026-03-21T02:24:20.595718,60,96,error,high,lua,Lua error [FRAME_DESYNC]: Severe frame ID mismatch detected,0,0,-1,,
2026-03-21T02:25:34.689817,69,135,error,high,lua,Lua error [FRAME_DESYNC]: Severe frame ID mismatch detected,0,0,-1,,
2026-03-21T02:26:21.264137,71,258,error,high,lua,Lua error [FRAME_DESYNC]: Severe frame ID mismatch detected,0,0,-1,,
2026-03-21T02:26:58.363243,74,92,error,high,lua,Lua error [FRAME_DESYNC]: Severe frame ID mismatch detected,0,0,-1,,
2026-03-21T02:27:38.181572,78,319,error,high,lua,Lua error [FRAME_DESYNC]: Severe frame ID mismatch detected,0,0,-1,,
2026-03-21T02:33:16.153297,106,156,error,high,lua,Lua error [FRAME_DESYNC]: Severe frame ID mismatch detected,0,0,-1,,
2026-03-21T02:33:32.892150,108,112,error,high,lua,Lua error [FRAME_DESYNC]: Severe frame ID mismatch detected,0,0,-1,,
2026-03-21T02:34:53.800908,116,102,error,high,lua,Lua error [FRAME_DESYNC]: Severe frame ID mismatch detected,0,0,-1,,
2026-03-21T02:35:15.720091,118,142,error,high,lua,Lua error [FRAME_DESYNC]: Severe frame ID mismatch detected,0,0,-1,,
2026-03-21T02:35:45.257296,120,56,error,high,lua,Lua error [FRAME_DESYNC]: Severe frame ID mismatch detected,0,0,-1,,
2026-03-21T02:36:41.928710,124,165,error,high,lua,Lua error [FRAME_DESYNC]: Severe frame ID mismatch detected,0,0,-1,,
2026-03-21T02:37:27.559684,129,132,error,high,lua,Lua error [FRAME_DESYNC]: Severe frame ID mismatch detected,0,0,-1,,
2026-03-21T02:37:39.026725,130,161,error,high,lua,Lua error [FRAME_DESYNC]: Severe frame ID mismatch detected,0,0,-1,,
2026-03-21T02:37:50.647473,131,162,error,high,lua,Lua error [FRAME_DESYNC]: Severe frame ID mismatch detected,0,0,-1,,
2026-03-21T02:40:21.170431,141,65,error,high,lua,Lua error [FRAME_DESYNC]: Severe frame ID mismatch detected,0,0,-1,,
2026-03-21T02:42:06.296424,149,170,error,high,lua,Lua error [FRAME_DESYNC]: Severe frame ID mismatch detected,0,0,-1,,
2026-03-21T02:42:06.297689,149,170,error,high,lua,Lua error [FRAME_DESYNC]: Severe frame ID mismatch detected,0,0,-1,,
2026-03-21T02:49:52.654664,181,83,error,high,lua,Lua error [FRAME_DESYNC]: Severe frame ID mismatch detected,0,0,-1,,
2026-03-21T02:50:23.434567,185,112,error,high,lua,Lua error [FRAME_DESYNC]: Severe frame ID mismatch detected,0,0,-1,,
2026-03-21T02:52:20.089138,190,57,error,high,lua,Lua error [FRAME_DESYNC]: Severe frame ID mismatch detected,0,0,-1,,
2026-03-21T02:55:08.733976,199,106,error,high,lua,Lua error [FRAME_DESYNC]: Severe frame ID mismatch detected,0,0,-1,,
2026-03-21T02:55:18.660081,200,136,error,high,lua,Lua error [FRAME_DESYNC]: Severe frame ID mismatch detected,0,0,-1,,
2026-03-21T02:58:09.461312,213,143,error,high,lua,Lua error [FRAME_DESYNC]: Severe frame ID mismatch detected,0,0,-1,,
2026-03-21T02:58:19.225737,213,138,error,high,lua,Lua error [FRAME_DESYNC]: Severe frame ID mismatch detected,0,0,-1,,
2026-03-21T03:02:30.460963,225,60,error,high,lua,Lua error [FRAME_DESYNC]: Severe frame ID mismatch detected,0,0,-1,,
2026-03-21T03:04:34.529677,229,73,error,high,lua,Lua error [FRAME_DESYNC]: Severe frame ID mismatch detected,0,0,-1,,
2026-03-21T03:07:09.252880,237,178,error,high,lua,Lua error [FRAME_DESYNC]: Severe frame ID mismatch detected,0,0,-1,,
2026-03-21T03:08:27.099211,243,121,error,high,lua,Lua error [FRAME_DESYNC]: Severe frame ID mismatch detected,0,0,-1,,
2026-03-21T03:08:31.577232,244,57,error,high,lua,Lua error [FRAME_DESYNC]: Severe frame ID mismatch detected,0,0,-1,,
2026-03-21T03:09:00.145865,245,167,error,high,lua,Lua error [FRAME_DESYNC]: Severe frame ID mismatch detected,0,0,-1,,
2026-03-21T03:09:19.647810,248,139,error,high,lua,Lua error [FRAME_DESYNC]: Severe frame ID mismatch detected,0,0,-1,,
2026-03-21T03:09:19.648209,248,139,error,high,lua,Lua error [FRAME_DESYNC]: Severe frame ID mismatch detected,0,0,-1,,
2026-03-21T03:11:10.891013,252,100,error,high,lua,Lua error [FRAME_DESYNC]: Severe frame ID mismatch detected,0,0,-1,,
2026-03-21T03:13:09.093359,257,70,error,high,lua,Lua error [FRAME_DESYNC]: Severe frame ID mismatch detected,0,0,-1,,
2026-03-21T03:14:24.966904,261,98,error,high,lua,Lua error [FRAME_DESYNC]: Severe frame ID mismatch detected,0,0,-1,,
2026-03-21T03:14:44.868020,263,197,error,high,lua,Lua error [FRAME_DESYNC]: Severe frame ID mismatch detected,0,0,-1,,
2026-03-21T03:14:52.721647,264,106,error,high,lua,Lua error [FRAME_DESYNC]: Severe frame ID mismatch detected,0,0,-1,,
2026-03-21T03:15:42.941380,268,528,error,high,lua,Lua error [FRAME_DESYNC]: Severe frame ID mismatch detected,0,0,-1,,
2026-03-21T03:18:39.359729,278,112,error,high,lua,Lua error [FRAME_DESYNC]: Severe frame ID mismatch detected,0,0,-1,,
2026-03-21T03:20:05.699866,283,83,error,high,lua,Lua error [FRAME_DESYNC]: Severe frame ID mismatch detected,0,0,-1,,
2026-03-21T03:23:05.634164,292,121,error,high,lua,Lua error [FRAME_DESYNC]: Severe frame ID mismatch detected,0,0,-1,,
2026-03-21T03:23:49.434944,297,52,error,high,lua,Lua error [FRAME_DESYNC]: Severe frame ID mismatch detected,0,0,-1,,
2026-03-21T03:23:55.216907,298,76,error,high,lua,Lua error [FRAME_DESYNC]: Severe frame ID mismatch detected,0,0,-1,,
2026-03-21T03:26:10.560535,307,61,error,high,lua,Lua error [FRAME_DESYNC]: Severe frame ID mismatch detected,0,0,-1,,
2026-03-21T03:27:15.997827,309,113,error,high,lua,Lua error [FRAME_DESYNC]: Severe frame ID mismatch detected,0,0,-1,,
2026-03-21T03:28:02.727761,313,127,error,high,lua,Lua error [FRAME_DESYNC]: Severe frame ID mismatch detected,0,0,-1,,
2026-03-21T03:30:43.197192,320,65,error,high,lua,Lua error [FRAME_DESYNC]: Severe frame ID mismatch detected,0,0,-1,,
2026-03-21T03:33:09.626152,326,539,error,high,lua,Lua error [FRAME_DESYNC]: Severe frame ID mismatch detected,0,0,-1,,
2026-03-21T03:33:16.826242,327,96,error,high,lua,Lua error [FRAME_DESYNC]: Severe frame ID mismatch detected,0,0,-1,,
2026-03-21T03:33:38.660438,328,317,error,high,lua,Lua error [FRAME_DESYNC]: Severe frame ID mismatch detected,0,0,-1,,
2026-03-21T03:34:16.154301,330,167,error,high,lua,Lua error [FRAME_DESYNC]: Severe frame ID mismatch detected,0,0,-1,,
2026-03-21T03:35:03.725934,332,436,error,high,lua,Lua error [FRAME_DESYNC]: Severe frame ID mismatch detected,0,0,-1,,
2026-03-21T03:35:30.339783,335,168,error,high,lua,Lua error [FRAME_DESYNC]: Severe frame ID mismatch detected,0,0,-1,,
2026-03-21T03:35:30.340292,335,168,error,high,lua,Lua error [FRAME_DESYNC]: Severe frame ID mismatch detected,0,0,-1,,
2026-03-21T03:35:38.550777,335,109,error,high,lua,Lua error [FRAME_DESYNC]: Severe frame ID mismatch detected,0,0,-1,,
2026-03-21T03:35:38.551249,335,109,error,high,lua,Lua error [FRAME_DESYNC]: Severe frame ID mismatch detected,0,0,-1,,
2026-03-21T03:36:31.130829,338,140,error,high,lua,Lua error [FRAME_DESYNC]: Severe frame ID mismatch detected,0,0,-1,,
2026-03-21T03:36:39.889568,340,118,error,high,lua,Lua error [FRAME_DESYNC]: Severe frame ID mismatch detected,0,0,-1,,
2026-03-21T03:38:14.959769,343,184,error,high,lua,Lua error [FRAME_DESYNC]: Severe frame ID mismatch detected,0,0,-1,,
2026-03-21T03:38:27.720817,344,180,error,high,lua,Lua error [FRAME_DESYNC]: Severe frame ID mismatch detected,0,0,-1,,
2026-03-21T03:38:36.205837,345,115,error,high,lua,Lua error [FRAME_DESYNC]: Severe frame ID mismatch detected,0,0,-1,,
2026-03-21T03:40:31.717798,351,119,error,high,lua,Lua error [FRAME_DESYNC]: Severe frame ID mismatch detected,0,0,-1,,
2026-03-21T03:41:05.491771,353,149,error,high,lua,Lua error [FRAME_DESYNC]: Severe frame ID mismatch detected,0,0,-1,,
2026-03-21T03:42:10.607597,356,78,error,high,lua,Lua error [FRAME_DESYNC]: Severe frame ID mismatch detected,0,0,-1,,
2026-03-21T03:42:18.719890,357,108,error,high,lua,Lua error [FRAME_DESYNC]: Severe frame ID mismatch detected,0,0,-1,,
2026-03-21T03:42:18.720466,357,108,error,high,lua,Lua error [FRAME_DESYNC]: Severe frame ID mismatch detected,0,0,-1,,
2026-03-21T03:43:43.629306,361,133,error,high,lua,Lua error [FRAME_DESYNC]: Severe frame ID mismatch detected,0,0,-1,,
2026-03-21T03:43:51.515548,362,108,error,high,lua,Lua error [FRAME_DESYNC]: Severe frame ID mismatch detected,0,0,-1,,
2026-03-21T03:45:21.319702,366,137,error,high,lua,Lua error [FRAME_DESYNC]: Severe frame ID mismatch detected,0,0,-1,,
2026-03-21T03:46:18.710953,368,130,error,high,lua,Lua error [FRAME_DESYNC]: Severe frame ID mismatch detected,0,0,-1,,
2026-03-21T03:46:29.170735,369,142,error,high,lua,Lua error [FRAME_DESYNC]: Severe frame ID mismatch detected,0,0,-1,,
2026-03-21T03:47:00.505228,373,55,error,high,lua,Lua error [FRAME_DESYNC]: Severe frame ID mismatch detected,0,0,-1,,
2026-03-21T03:48:56.766581,379,120,error,high,lua,Lua error [FRAME_DESYNC]: Severe frame ID mismatch detected,0,0,-1,,
2026-03-21T03:49:23.332996,381,132,error,high,lua,Lua error [FRAME_DESYNC]: Severe frame ID mismatch detected,0,0,-1,,
2026-03-21T03:49:54.349729,383,78,error,high,lua,Lua error [FRAME_DESYNC]: Severe frame ID mismatch detected,0,0,-1,,
2026-03-21T03:50:39.888547,385,257,error,high,lua,Lua error [FRAME_DESYNC]: Severe frame ID mismatch detected,0,0,-1,,
2026-03-21T03:51:14.614411,388,73,error,high,lua,Lua error [FRAME_DESYNC]: Severe frame ID mismatch detected,0,0,-1,,
2026-03-21T03:51:50.104503,391,182,error,high,lua,Lua error [FRAME_DESYNC]: Severe frame ID mismatch detected,0,0,-1,,
2026-03-21T03:52:52.784211,396,146,error,high,lua,Lua error [FRAME_DESYNC]: Severe frame ID mismatch detected,0,0,-1,,
2026-03-21T03:53:29.256937,399,234,error,high,lua,Lua error [FRAME_DESYNC]: Severe frame ID mismatch detected,0,0,-1,,
2026-03-21T03:56:32.668715,406,142,error,high,lua,Lua error [FRAME_DESYNC]: Severe frame ID mismatch detected,0,0,-1,,
2026-03-21T03:56:38.148892,407,70,error,high,lua,Lua error [FRAME_DESYNC]: Severe frame ID mismatch detected,0,0,-1,,
2026-03-21T03:57:12.786330,410,162,error,high,lua,Lua error [FRAME_DESYNC]: Severe frame ID mismatch detected,0,0,-1,,
2026-03-21T03:59:18.956634,415,324,error,high,lua,Lua error [FRAME_DESYNC]: Severe frame ID mismatch detected,0,0,-1,,
2026-03-21T04:01:13.452300,421,80,error,high,lua,Lua error [FRAME_DESYNC]: Severe frame ID mismatch detected,0,0,-1,,
2026-03-21T04:01:38.933129,424,80,error,high,lua,Lua error [FRAME_DESYNC]: Severe frame ID mismatch detected,0,0,-1,,
2026-03-21T04:01:44.184865,424,70,error,high,lua,Lua error [FRAME_DESYNC]: Severe frame ID mismatch detected,0,0,-1,,
2026-03-21T04:05:47.096533,439,108,error,high,lua,Lua error [FRAME_DESYNC]: Severe frame ID mismatch detected,0,0,-1,,
2026-03-21T04:05:52.769821,440,74,error,high,lua,Lua error [FRAME_DESYNC]: Severe frame ID mismatch detected,0,0,-1,,
2026-03-21T04:08:15.099867,446,109,error,high,lua,Lua error [FRAME_DESYNC]: Severe frame ID mismatch detected,0,0,-1,,
2026-03-21T04:08:49.043757,448,121,error,high,lua,Lua error [FRAME_DESYNC]: Severe frame ID mismatch detected,0,0,-1,,
2026-03-21T04:10:27.230845,453,120,error,high,lua,Lua error [FRAME_DESYNC]: Severe frame ID mismatch detected,0,0,-1,,
2026-03-21T04:12:46.387081,461,171,error,high,lua,Lua error [FRAME_DESYNC]: Severe frame ID mismatch detected,0,0,-1,,
2026-03-21T04:12:53.843353,461,100,error,high,lua,Lua error [FRAME_DESYNC]: Severe frame ID mismatch detected,0,0,-1,,
2026-03-21T04:13:39.545201,464,84,error,high,lua,Lua error [FRAME_DESYNC]: Severe frame ID mismatch detected,0,0,-1,,
2026-03-21T04:14:43.704763,468,98,error,high,lua,Lua error [FRAME_DESYNC]: Severe frame ID mismatch detected,0,0,-1,,
2026-03-21T04:15:16.344813,469,480,error,high,lua,Lua error [FRAME_DESYNC]: Severe frame ID mismatch detected,0,0,-1,,
2026-03-21T04:15:38.863581,471,82,error,high,lua,Lua error [FRAME_DESYNC]: Severe frame ID mismatch detected,0,0,-1,,
2026-03-21T04:16:34.060773,475,169,error,high,lua,Lua error [FRAME_DESYNC]: Severe frame ID mismatch detected,0,0,-1,,
2026-03-21T04:19:47.406275,483,90,error,high,lua,Lua error [FRAME_DESYNC]: Severe frame ID mismatch detected,0,0,-1,,
2026-03-21T04:20:02.010183,484,208,error,high,lua,Lua error [FRAME_DESYNC]: Severe frame ID mismatch detected,0,0,-1,,
2026-03-21T04:20:06.675594,485,61,error,high,lua,Lua error [FRAME_DESYNC]: Severe frame ID mismatch detected,0,0,-1,,
2026-03-21T04:20:13.397120,487,89,error,high,lua,Lua error [FRAME_DESYNC]: Severe frame ID mismatch detected,0,0,-1,,
2026-03-21T04:20:13.397498,487,89,error,high,lua,Lua error [FRAME_DESYNC]: Severe frame ID mismatch detected,0,0,-1,,
2026-03-21T04:24:58.502106,500,175,error,high,lua,Lua error [FRAME_DESYNC]: Severe frame ID mismatch detected,0,0,-1,,
2026-03-21T04:25:03.835712,502,70,error,high,lua,Lua error [FRAME_DESYNC]: Severe frame ID mismatch detected,0,0,-1,,
2026-03-21T04:25:35.215999,502,454,error,high,lua,Lua error [FRAME_DESYNC]: Severe frame ID mismatch detected,0,0,-1,,
2026-03-21T04:26:48.677514,506,79,error,high,lua,Lua error [FRAME_DESYNC]: Severe frame ID mismatch detected,0,0,-1,,
2026-03-21T04:27:46.489050,509,426,error,high,lua,Lua error [FRAME_DESYNC]: Severe frame ID mismatch detected,0,0,-1,,
2026-03-21T04:32:38.439371,522,71,error,high,lua,Lua error [FRAME_DESYNC]: Severe frame ID mismatch detected,0,0,-1,,
2026-03-21T04:32:43.987344,523,73,error,high,lua,Lua error [FRAME_DESYNC]: Severe frame ID mismatch detected,0,0,-1,,
2026-03-21T04:33:14.076805,525,80,error,high,lua,Lua error [FRAME_DESYNC]: Severe frame ID mismatch detected,0,0,-1,,
2026-03-21T04:33:33.760396,527,69,error,high,lua,Lua error [FRAME_DESYNC]: Severe frame ID mismatch detected,0,0,-1,,
2026-03-21T04:33:33.760873,527,69,error,high,lua,Lua error [FRAME_DESYNC]: Severe frame ID mismatch detected,0,0,-1,,
2026-03-21T04:36:48.067721,536,743,error,high,lua,Lua error [FRAME_DESYNC]: Severe frame ID mismatch detected,0,0,-1,,
2026-03-21T04:37:19.978861,537,103,error,high,lua,Lua error [FRAME_DESYNC]: Severe frame ID mismatch detected,0,0,-1,,
2026-03-21T04:37:59.806050,539,299,error,high,lua,Lua error [FRAME_DESYNC]: Severe frame ID mismatch detected,0,0,-1,,
2026-03-21T04:38:06.421013,540,87,error,high,lua,Lua error [FRAME_DESYNC]: Severe frame ID mismatch detected,0,0,-1,,
2026-03-21T04:38:49.586476,542,270,error,high,lua,Lua error [FRAME_DESYNC]: Severe frame ID mismatch detected,0,0,-1,,
2026-03-21T04:38:53.955955,544,55,error,high,lua,Lua error [FRAME_DESYNC]: Severe frame ID mismatch detected,0,0,-1,,
2026-03-21T04:41:12.010135,550,213,error,high,lua,Lua error [FRAME_DESYNC]: Severe frame ID mismatch detected,0,0,-1,,
2026-03-21T04:42:16.022956,552,67,error,high,lua,Lua error [FRAME_DESYNC]: Severe frame ID mismatch detected,0,0,-1,,
2026-03-21T04:44:04.414082,553,1581,error,high,lua,Lua error [FRAME_DESYNC]: Severe frame ID mismatch detected,0,0,-1,,
2026-03-21T04:44:50.648237,554,669,error,high,lua,Lua error [FRAME_DESYNC]: Severe frame ID mismatch detected,0,0,-1,,
2026-03-21T04:45:43.625800,557,126,error,high,lua,Lua error [FRAME_DESYNC]: Severe frame ID mismatch detected,0,0,-1,,
2026-03-21T04:47:46.461078,564,141,error,high,lua,Lua error [FRAME_DESYNC]: Severe frame ID mismatch detected,0,0,-1,,
2026-03-21T04:47:52.734090,565,82,error,high,lua,Lua error [FRAME_DESYNC]: Severe frame ID mismatch detected,0,0,-1,,
2026-03-21T04:47:52.734511,565,82,error,high,lua,Lua error [FRAME_DESYNC]: Severe frame ID mismatch detected,0,0,-1,,
2026-03-21T04:48:32.429310,567,344,error,high,lua,Lua error [FRAME_DESYNC]: Severe frame ID mismatch detected,0,0,-1,,
2026-03-21T04:49:44.792773,568,1038,error,high,lua,Lua error [FRAME_DESYNC]: Severe frame ID mismatch detected,0,0,-1,,
2026-03-21T04:50:08.742507,569,350,error,high,lua,Lua error [FRAME_DESYNC]: Severe frame ID mismatch detected,0,0,-1,,
2026-03-21T04:50:31.169742,570,316,error,high,lua,Lua error [FRAME_DESYNC]: Severe frame ID mismatch detected,0,0,-1,,
2026-03-21T04:51:33.186457,573,62,error,high,lua,Lua error [FRAME_DESYNC]: Severe frame ID mismatch detected,0,0,-1,,
2026-03-21T04:51:41.485222,574,109,error,high,lua,Lua error [FRAME_DESYNC]: Severe frame ID mismatch detected,0,0,-1,,
2026-03-21T04:54:18.842859,581,66,error,high,lua,Lua error [FRAME_DESYNC]: Severe frame ID mismatch detected,0,0,-1,,
2026-03-21T04:55:13.614409,583,211,error,high,lua,Lua error [FRAME_DESYNC]: Severe frame ID mismatch detected,0,0,-1,,
2026-03-21T04:55:21.000336,584,98,error,high,lua,Lua error [FRAME_DESYNC]: Severe frame ID mismatch detected,0,0,-1,,
2026-03-21T04:55:29.137379,585,112,error,high,lua,Lua error [FRAME_DESYNC]: Severe frame ID mismatch detected,0,0,-1,,
2026-03-21T04:56:05.587540,587,231,error,high,lua,Lua error [FRAME_DESYNC]: Severe frame ID mismatch detected,0,0,-1,,
2026-03-21T04:57:51.093124,592,58,error,high,lua,Lua error [FRAME_DESYNC]: Severe frame ID mismatch detected,0,0,-1,,
2026-03-21T04:58:48.698673,594,79,error,high,lua,Lua error [FRAME_DESYNC]: Severe frame ID mismatch detected,0,0,-1,,
2026-03-21T04:59:16.679741,595,411,error,high,lua,Lua error [FRAME_DESYNC]: Severe frame ID mismatch detected,0,0,-1,,
2026-03-21T05:00:25.977435,597,119,error,high,lua,Lua error [FRAME_DESYNC]: Severe frame ID mismatch detected,0,0,-1,,
2026-03-21T05:00:45.234987,599,59,error,high,lua,Lua error [FRAME_DESYNC]: Severe frame ID mismatch detected,0,0,-1,,
2026-03-21T05:01:31.951404,601,297,error,high,lua,Lua error [FRAME_DESYNC]: Severe frame ID mismatch detected,0,0,-1,,
2026-03-21T05:01:41.191794,602,126,error,high,lua,Lua error [FRAME_DESYNC]: Severe frame ID mismatch detected,0,0,-1,,
2026-03-21T05:01:48.803018,603,106,error,high,lua,Lua error [FRAME_DESYNC]: Severe frame ID mismatch detected,0,0,-1,,
2026-03-21T05:01:54.489996,604,75,error,high,lua,Lua error [FRAME_DESYNC]: Severe frame ID mismatch detected,0,0,-1,,
2026-03-21T05:01:59.611175,605,65,error,high,lua,Lua error [FRAME_DESYNC]: Severe frame ID mismatch detected,0,0,-1,,
2026-03-21T05:02:09.891890,606,140,error,high,lua,Lua error [FRAME_DESYNC]: Severe frame ID mismatch detected,0,0,-1,,
2026-03-21T05:02:42.950096,608,111,error,high,lua,Lua error [FRAME_DESYNC]: Severe frame ID mismatch detected,0,0,-1,,
2026-03-21T05:03:23.017129,610,193,error,high,lua,Lua error [FRAME_DESYNC]: Severe frame ID mismatch detected,0,0,-1,,
2026-03-21T05:03:29.765921,611,87,error,high,lua,Lua error [FRAME_DESYNC]: Severe frame ID mismatch detected,0,0,-1,,
2026-03-21T05:04:25.301112,613,478,error,high,lua,Lua error [FRAME_DESYNC]: Severe frame ID mismatch detected,0,0,-1,,
2026-03-21T05:04:35.014761,614,131,error,high,lua,Lua error [FRAME_DESYNC]: Severe frame ID mismatch detected,0,0,-1,,
2026-03-21T05:06:21.251452,617,819,error,high,lua,Lua error [FRAME_DESYNC]: Severe frame ID mismatch detected,0,0,-1,,
2026-03-21T05:06:27.575313,618,82,error,high,lua,Lua error [FRAME_DESYNC]: Severe frame ID mismatch detected,0,0,-1,,
2026-03-21T05:07:46.324569,622,234,error,high,lua,Lua error [FRAME_DESYNC]: Severe frame ID mismatch detected,0,0,-1,,
2026-03-21T05:08:17.958534,624,53,error,high,lua,Lua error [FRAME_DESYNC]: Severe frame ID mismatch detected,0,0,-1,,
2026-03-21T05:08:27.059280,625,123,error,high,lua,Lua error [FRAME_DESYNC]: Severe frame ID mismatch detected,0,0,-1,,
2026-03-21T05:08:31.830844,626,62,error,high,lua,Lua error [FRAME_DESYNC]: Severe frame ID mismatch detected,0,0,-1,,
2026-03-21T05:08:50.037735,627,255,error,high,lua,Lua error [FRAME_DESYNC]: Severe frame ID mismatch detected,0,0,-1,,
2026-03-21T05:09:39.778059,629,88,error,high,lua,Lua error [FRAME_DESYNC]: Severe frame ID mismatch detected,0,0,-1,,
2026-03-21T05:10:24.039740,631,149,error,high,lua,Lua error [FRAME_DESYNC]: Severe frame ID mismatch detected,0,0,-1,,
2026-03-21T05:10:42.301971,632,252,error,high,lua,Lua error [FRAME_DESYNC]: Severe frame ID mismatch detected,0,0,-1,,
2026-03-21T05:10:47.276682,633,65,error,high,lua,Lua error [FRAME_DESYNC]: Severe frame ID mismatch detected,0,0,-1,,
2026-03-21T05:10:56.078473,634,119,error,high,lua,Lua error [FRAME_DESYNC]: Severe frame ID mismatch detected,0,0,-1,,
2026-03-21T05:12:49.515929,639,110,error,high,lua,Lua error [FRAME_DESYNC]: Severe frame ID mismatch detected,0,0,-1,,
2026-03-21T05:13:36.420084,640,694,error,high,lua,Lua error [FRAME_DESYNC]: Severe frame ID mismatch detected,0,0,-1,,
2026-03-21T05:14:29.557434,643,256,error,high,lua,Lua error [FRAME_DESYNC]: Severe frame ID mismatch detected,0,0,-1,,
2026-03-21T05:14:34.316629,644,60,error,high,lua,Lua error [FRAME_DESYNC]: Severe frame ID mismatch detected,0,0,-1,,
2026-03-21T05:14:42.242386,645,107,error,high,lua,Lua error [FRAME_DESYNC]: Severe frame ID mismatch detected,0,0,-1,,
2026-03-21T05:16:41.015815,650,56,error,high,lua,Lua error [FRAME_DESYNC]: Severe frame ID mismatch detected,0,0,-1,,
2026-03-21T05:16:56.586314,651,225,error,high,lua,Lua error [FRAME_DESYNC]: Severe frame ID mismatch detected,0,0,-1,,
2026-03-21T05:17:38.120897,653,58,error,high,lua,Lua error [FRAME_DESYNC]: Severe frame ID mismatch detected,0,0,-1,,
2026-03-21T05:18:51.189701,655,78,error,high,lua,Lua error [FRAME_DESYNC]: Severe frame ID mismatch detected,0,0,-1,,
2026-03-21T05:20:26.032166,659,471,error,high,lua,Lua error [FRAME_DESYNC]: Severe frame ID mismatch detected,0,0,-1,,
2026-03-21T05:21:37.783461,663,51,error,high,lua,Lua error [FRAME_DESYNC]: Severe frame ID mismatch detected,0,0,-1,,
2026-03-21T05:21:37.783903,663,51,error,high,lua,Lua error [FRAME_DESYNC]: Severe frame ID mismatch detected,0,0,-1,,
2026-03-21T05:21:44.518494,663,88,error,high,lua,Lua error [FRAME_DESYNC]: Severe frame ID mismatch detected,0,0,-1,,
2026-03-21T05:23:21.358038,668,42,error,high,lua,Lua error [FRAME_DESYNC]: Severe frame ID mismatch detected,0,0,-1,,
2026-03-21T05:24:29.387153,670,377,error,high,lua,Lua error [FRAME_DESYNC]: Severe frame ID mismatch detected,0,0,-1,,
2026-03-21T05:24:35.673342,671,82,error,high,lua,Lua error [FRAME_DESYNC]: Severe frame ID mismatch detected,0,0,-1,,
2026-03-21T05:24:40.260089,672,60,error,high,lua,Lua error [FRAME_DESYNC]: Severe frame ID mismatch detected,0,0,-1,,
2026-03-21T05:24:45.490289,673,67,error,high,lua,Lua error [FRAME_DESYNC]: Severe frame ID mismatch detected,0,0,-1,,
2026-03-21T05:27:56.308784,680,83,error,high,lua,Lua error [FRAME_DESYNC]: Severe frame ID mismatch detected,0,0,-1,,
2026-03-21T05:28:18.753282,681,65,error,high,lua,Lua error [FRAME_DESYNC]: Severe frame ID mismatch detected,0,0,-1,,
2026-03-21T05:30:05.819314,683,891,error,high,lua,Lua error [FRAME_DESYNC]: Severe frame ID mismatch detected,0,0,-1,,
2026-03-21T05:30:46.474488,685,112,error,high,lua,Lua error [FRAME_DESYNC]: Severe frame ID mismatch detected,0,0,-1,,
2026-03-21T05:30:51.077971,686,58,error,high,lua,Lua error [FRAME_DESYNC]: Severe frame ID mismatch detected,0,0,-1,,
2026-03-21T05:31:14.039743,687,330,error,high,lua,Lua error [FRAME_DESYNC]: Severe frame ID mismatch detected,0,0,-1,,
2026-03-21T05:31:18.895257,688,60,error,high,lua,Lua error [FRAME_DESYNC]: Severe frame ID mismatch detected,0,0,-1,,
2026-03-21T05:34:47.590145,696,73,error,high,lua,Lua error [FRAME_DESYNC]: Severe frame ID mismatch detected,0,0,-1,,
2026-03-21T05:34:52.427287,697,62,error,high,lua,Lua error [FRAME_DESYNC]: Severe frame ID mismatch detected,0,0,-1,,
2026-03-21T05:36:28.440657,703,91,error,high,lua,Lua error [FRAME_DESYNC]: Severe frame ID mismatch detected,0,0,-1,,
2026-03-21T05:36:49.782689,703,311,error,high,lua,Lua error [FRAME_DESYNC]: Severe frame ID mismatch detected,0,0,-1,,
2026-03-21T05:37:33.026679,705,184,error,high,lua,Lua error [FRAME_DESYNC]: Severe frame ID mismatch detected,0,0,-1,,
2026-03-21T05:38:24.867854,708,93,error,high,lua,Lua error [FRAME_DESYNC]: Severe frame ID mismatch detected,0,0,-1,,
2026-03-21T05:40:41.091293,713,80,error,high,lua,Lua error [FRAME_DESYNC]: Severe frame ID mismatch detected,0,0,-1,,
2026-03-21T05:40:46.356502,713,70,error,high,lua,Lua error [FRAME_DESYNC]: Severe frame ID mismatch detected,0,0,-1,,
2026-03-21T05:40:51.671237,714,67,error,high,lua,Lua error [FRAME_DESYNC]: Severe frame ID mismatch detected,0,0,-1,,
2026-03-21T05:41:18.394653,716,112,error,high,lua,Lua error [FRAME_DESYNC]: Severe frame ID mismatch detected,0,0,-1,,
2026-03-21T05:41:36.489163,717,261,error,high,lua,Lua error [FRAME_DESYNC]: Severe frame ID mismatch detected,0,0,-1,,
2026-03-21T05:42:29.024512,719,201,error,high,lua,Lua error [FRAME_DESYNC]: Severe frame ID mismatch detected,0,0,-1,,
2026-03-21T05:42:57.544196,722,102,error,high,lua,Lua error [FRAME_DESYNC]: Severe frame ID mismatch detected,0,0,-1,,
2026-03-21T05:43:41.914678,724,93,error,high,lua,Lua error [FRAME_DESYNC]: Severe frame ID mismatch detected,0,0,-1,,
2026-03-21T05:44:25.299129,726,275,error,high,lua,Lua error [FRAME_DESYNC]: Severe frame ID mismatch detected,0,0,-1,,
2026-03-21T05:44:31.272414,728,77,error,high,lua,Lua error [FRAME_DESYNC]: Severe frame ID mismatch detected,0,0,-1,,
2026-03-21T05:44:40.333960,728,127,error,high,lua,Lua error [FRAME_DESYNC]: Severe frame ID mismatch detected,0,0,-1,,
2026-03-21T05:44:46.157641,729,77,error,high,lua,Lua error [FRAME_DESYNC]: Severe frame ID mismatch detected,0,0,-1,,
2026-03-21T05:44:55.393941,730,126,error,high,lua,Lua error [FRAME_DESYNC]: Severe frame ID mismatch detected,0,0,-1,,
2026-03-21T05:44:55.394405,730,126,error,high,lua,Lua error [FRAME_DESYNC]: Severe frame ID mismatch detected,0,0,-1,,
2026-03-21T05:45:06.707394,732,56,error,high,lua,Lua error [FRAME_DESYNC]: Severe frame ID mismatch detected,0,0,-1,,
2026-03-21T05:46:16.508373,735,129,error,high,lua,Lua error [FRAME_DESYNC]: Severe frame ID mismatch detected,0,0,-1,,
2026-03-21T05:46:22.215231,735,76,error,high,lua,Lua error [FRAME_DESYNC]: Severe frame ID mismatch detected,0,0,-1,,
2026-03-21T05:47:44.737014,737,1174,error,high,lua,Lua error [FRAME_DESYNC]: Severe frame ID mismatch detected,0,0,-1,,
2026-03-21T05:47:51.905120,737,99,error,high,lua,Lua error [FRAME_DESYNC]: Severe frame ID mismatch detected,0,0,-1,,
2026-03-21T05:49:01.557430,742,84,error,high,lua,Lua error [FRAME_DESYNC]: Severe frame ID mismatch detected,0,0,-1,,
2026-03-21T05:49:08.189129,744,87,error,high,lua,Lua error [FRAME_DESYNC]: Severe frame ID mismatch detected,0,0,-1,,
2026-03-21T05:49:22.920534,744,206,error,high,lua,Lua error [FRAME_DESYNC]: Severe frame ID mismatch detected,0,0,-1,,
2026-03-21T05:49:27.319794,745,56,error,high,lua,Lua error [FRAME_DESYNC]: Severe frame ID mismatch detected,0,0,-1,,
2026-03-21T05:50:45.004628,747,113,error,high,lua,Lua error [FRAME_DESYNC]: Severe frame ID mismatch detected,0,0,-1,,
2026-03-21T05:50:52.998411,748,110,error,high,lua,Lua error [FRAME_DESYNC]: Severe frame ID mismatch detected,0,0,-1,,
2026-03-21T05:50:57.937936,749,65,error,high,lua,Lua error [FRAME_DESYNC]: Severe frame ID mismatch detected,0,0,-1,,
2026-03-21T05:51:03.602560,751,73,error,high,lua,Lua error [FRAME_DESYNC]: Severe frame ID mismatch detected,0,0,-1,,
2026-03-21T05:51:10.420312,751,92,error,high,lua,Lua error [FRAME_DESYNC]: Severe frame ID mismatch detected,0,0,-1,,
2026-03-21T05:51:26.144213,752,225,error,high,lua,Lua error [FRAME_DESYNC]: Severe frame ID mismatch detected,0,0,-1,,
2026-03-21T05:51:56.909252,754,56,error,high,lua,Lua error [FRAME_DESYNC]: Severe frame ID mismatch detected,0,0,-1,,
2026-03-21T05:53:02.090803,758,83,error,high,lua,Lua error [FRAME_DESYNC]: Severe frame ID mismatch detected,0,0,-1,,
2026-03-21T05:53:06.643363,759,57,error,high,lua,Lua error [FRAME_DESYNC]: Severe frame ID mismatch detected,0,0,-1,,
2026-03-21T05:53:28.358741,761,61,error,high,lua,Lua error [FRAME_DESYNC]: Severe frame ID mismatch detected,0,0,-1,,
2026-03-21T05:53:32.434511,762,50,error,high,lua,Lua error [FRAME_DESYNC]: Severe frame ID mismatch detected,0,0,-1,,
2026-03-21T05:53:56.453759,764,54,error,high,lua,Lua error [FRAME_DESYNC]: Severe frame ID mismatch detected,0,0,-1,,
2026-03-21T05:54:01.686096,765,67,error,high,lua,Lua error [FRAME_DESYNC]: Severe frame ID mismatch detected,0,0,-1,,
2026-03-21T05:54:37.919942,767,66,error,high,lua,Lua error [FRAME_DESYNC]: Severe frame ID mismatch detected,0,0,-1,,
2026-03-21T05:55:26.317894,770,90,error,high,lua,Lua error [FRAME_DESYNC]: Severe frame ID mismatch detected,0,0,-1,,
2026-03-21T05:57:52.820560,775,349,error,high,lua,Lua error [FRAME_DESYNC]: Severe frame ID mismatch detected,0,0,-1,,
2026-03-21T05:58:41.914471,776,198,error,high,lua,Lua error [FRAME_DESYNC]: Severe frame ID mismatch detected,0,0,-1,,
2026-03-21T05:58:47.131780,778,68,error,high,lua,Lua error [FRAME_DESYNC]: Severe frame ID mismatch detected,0,0,-1,,
2026-03-21T05:58:56.662024,778,132,error,high,lua,Lua error [FRAME_DESYNC]: Severe frame ID mismatch detected,0,0,-1,,
2026-03-21T05:59:03.573271,779,94,error,high,lua,Lua error [FRAME_DESYNC]: Severe frame ID mismatch detected,0,0,-1,,
2026-03-21T06:01:06.058230,782,342,error,high,lua,Lua error [FRAME_DESYNC]: Severe frame ID mismatch detected,0,0,-1,,
2026-03-21T06:01:20.740294,783,206,error,high,lua,Lua error [FRAME_DESYNC]: Severe frame ID mismatch detected,0,0,-1,,
2026-03-21T06:01:32.839668,785,168,error,high,lua,Lua error [FRAME_DESYNC]: Severe frame ID mismatch detected,0,0,-1,,
2026-03-21T06:03:21.006800,787,69,error,high,lua,Lua error [FRAME_DESYNC]: Severe frame ID mismatch detected,0,0,-1,,
2026-03-21T06:04:33.391399,790,85,error,high,lua,Lua error [FRAME_DESYNC]: Severe frame ID mismatch detected,0,0,-1,,
2026-03-21T06:06:04.290338,791,1309,error,high,lua,Lua error [FRAME_DESYNC]: Severe frame ID mismatch detected,0,0,-1,,
2026-03-21T06:06:51.867631,795,68,error,high,lua,Lua error [FRAME_DESYNC]: Severe frame ID mismatch detected,0,0,-1,,
2026-03-21T06:06:58.254904,796,87,error,high,lua,Lua error [FRAME_DESYNC]: Severe frame ID mismatch detected,0,0,-1,,
2026-03-21T06:07:12.699620,796,202,error,high,lua,Lua error [FRAME_DESYNC]: Severe frame ID mismatch detected,0,0,-1,,
2026-03-21T06:07:46.626082,798,263,error,high,lua,Lua error [FRAME_DESYNC]: Severe frame ID mismatch detected,0,0,-1,,
2026-03-21T06:07:52.830786,800,83,error,high,lua,Lua error [FRAME_DESYNC]: Severe frame ID mismatch detected,0,0,-1,,
2026-03-21T06:07:57.424700,801,57,error,high,lua,Lua error [FRAME_DESYNC]: Severe frame ID mismatch detected,0,0,-1,,
2026-03-21T06:08:09.919418,801,175,error,high,lua,Lua error [FRAME_DESYNC]: Severe frame ID mismatch detected,0,0,-1,,
2026-03-21T06:08:44.590634,803,127,error,high,lua,Lua error [FRAME_DESYNC]: Severe frame ID mismatch detected,0,0,-1,,
2026-03-21T06:09:03.822155,804,272,error,high,lua,Lua error [FRAME_DESYNC]: Severe frame ID mismatch detected,0,0,-1,,
2026-03-21T06:12:00.552031,809,459,error,high,lua,Lua error [FRAME_DESYNC]: Severe frame ID mismatch detected,0,0,-1,,
2026-03-21T06:12:05.845781,809,68,error,high,lua,Lua error [FRAME_DESYNC]: Severe frame ID mismatch detected,0,0,-1,,
2026-03-21T06:12:05.846403,809,68,error,high,lua,Lua error [FRAME_DESYNC]: Severe frame ID mismatch detected,0,0,-1,,
2026-03-21T06:12:14.413780,811,118,error,high,lua,Lua error [FRAME_DESYNC]: Severe frame ID mismatch detected,0,0,-1,,
2026-03-21T06:12:37.630517,812,49,error,high,lua,Lua error [FRAME_DESYNC]: Severe frame ID mismatch detected,0,0,-1,,
2026-03-21T06:13:29.169025,816,66,error,high,lua,Lua error [FRAME_DESYNC]: Severe frame ID mismatch detected,0,0,-1,,
2026-03-21T06:14:28.819114,820,117,error,high,lua,Lua error [FRAME_DESYNC]: Severe frame ID mismatch detected,0,0,-1,,
2026-03-21T06:14:50.375873,821,302,error,high,lua,Lua error [FRAME_DESYNC]: Severe frame ID mismatch detected,0,0,-1,,
2026-03-21T06:14:58.253920,822,109,error,high,lua,Lua error [FRAME_DESYNC]: Severe frame ID mismatch detected,0,0,-1,,
2026-03-21T06:15:17.875955,823,275,error,high,lua,Lua error [FRAME_DESYNC]: Severe frame ID mismatch detected,0,0,-1,,
2026-03-21T06:15:23.800687,824,77,error,high,lua,Lua error [FRAME_DESYNC]: Severe frame ID mismatch detected,0,0,-1,,
2026-03-21T06:15:23.801163,824,77,error,high,lua,Lua error [FRAME_DESYNC]: Severe frame ID mismatch detected,0,0,-1,,
2026-03-21T06:16:19.043208,828,115,error,high,lua,Lua error [FRAME_DESYNC]: Severe frame ID mismatch detected,0,0,-1,,
2026-03-21T06:16:54.433338,830,278,error,high,lua,Lua error [FRAME_DESYNC]: Severe frame ID mismatch detected,0,0,-1,,
2026-03-21T06:17:43.418901,833,62,error,high,lua,Lua error [FRAME_DESYNC]: Severe frame ID mismatch detected,0,0,-1,,
2026-03-21T06:17:49.287223,834,76,error,high,lua,Lua error [FRAME_DESYNC]: Severe frame ID mismatch detected,0,0,-1,,
2026-03-21T06:18:10.285982,836,52,error,high,lua,Lua error [FRAME_DESYNC]: Severe frame ID mismatch detected,0,0,-1,,
2026-03-21T06:18:53.829922,839,71,error,high,lua,Lua error [FRAME_DESYNC]: Severe frame ID mismatch detected,0,0,-1,,
2026-03-21T06:19:00.901761,840,93,error,high,lua,Lua error [FRAME_DESYNC]: Severe frame ID mismatch detected,0,0,-1,,
2026-03-21T06:19:05.786850,841,64,error,high,lua,Lua error [FRAME_DESYNC]: Severe frame ID mismatch detected,0,0,-1,,
2026-03-21T06:19:18.365849,843,90,error,high,lua,Lua error [FRAME_DESYNC]: Severe frame ID mismatch detected,0,0,-1,,
2026-03-21T06:19:54.812550,846,129,error,high,lua,Lua error [FRAME_DESYNC]: Severe frame ID mismatch detected,0,0,-1,,
2026-03-21T06:21:14.751139,850,44,error,high,lua,Lua error [FRAME_DESYNC]: Severe frame ID mismatch detected,0,0,-1,,
2026-03-21T06:21:18.539386,851,46,error,high,lua,Lua error [FRAME_DESYNC]: Severe frame ID mismatch detected,0,0,-1,,
2026-03-21T06:21:24.279430,852,74,error,high,lua,Lua error [FRAME_DESYNC]: Severe frame ID mismatch detected,0,0,-1,,
2026-03-21T06:21:42.632652,853,265,error,high,lua,Lua error [FRAME_DESYNC]: Severe frame ID mismatch detected,0,0,-1,,
2026-03-21T06:22:24.585534,857,68,error,high,lua,Lua error [FRAME_DESYNC]: Severe frame ID mismatch detected,0,0,-1,,
2026-03-21T06:24:39.568057,863,80,error,high,lua,Lua error [FRAME_DESYNC]: Severe frame ID mismatch detected,0,0,-1,,
2026-03-21T06:24:57.246162,865,60,error,high,lua,Lua error [FRAME_DESYNC]: Severe frame ID mismatch detected,0,0,-1,,
2026-03-21T06:25:42.301572,866,313,error,high,lua,Lua error [FRAME_DESYNC]: Severe frame ID mismatch detected,0,0,-1,,
2026-03-21T06:25:57.290914,867,209,error,high,lua,Lua error [FRAME_DESYNC]: Severe frame ID mismatch detected,0,0,-1,,
2026-03-21T06:26:21.192238,869,349,error,high,lua,Lua error [FRAME_DESYNC]: Severe frame ID mismatch detected,0,0,-1,,
2026-03-21T06:26:26.533213,870,71,error,high,lua,Lua error [FRAME_DESYNC]: Severe frame ID mismatch detected,0,0,-1,,
2026-03-21T06:26:36.633333,870,141,error,high,lua,Lua error [FRAME_DESYNC]: Severe frame ID mismatch detected,0,0,-1,,
2026-03-21T06:26:36.634320,870,141,error,high,lua,Lua error [FRAME_DESYNC]: Severe frame ID mismatch detected,0,0,-1,,
2026-03-21T06:29:25.305814,878,64,error,high,lua,Lua error [FRAME_DESYNC]: Severe frame ID mismatch detected,0,0,-1,,
2026-03-21T06:29:39.575604,880,204,error,high,lua,Lua error [FRAME_DESYNC]: Severe frame ID mismatch detected,0,0,-1,,
2026-03-21T06:30:33.133837,880,793,error,high,lua,Lua error [FRAME_DESYNC]: Severe frame ID mismatch detected,0,0,-1,,
2026-03-21T06:31:40.510188,883,339,error,high,lua,Lua error [FRAME_DESYNC]: Severe frame ID mismatch detected,0,0,-1,,
2026-03-21T06:31:40.510721,883,339,error,high,lua,Lua error [FRAME_DESYNC]: Severe frame ID mismatch detected,0,0,-1,,
2026-03-21T06:31:40.511100,883,339,error,high,lua,Lua error [FRAME_DESYNC]: Severe frame ID mismatch detected,0,0,-1,,
2026-03-21T06:32:55.180621,886,78,error,high,lua,Lua error [FRAME_DESYNC]: Severe frame ID mismatch detected,0,0,-1,,
2026-03-21T06:32:59.847371,888,58,error,high,lua,Lua error [FRAME_DESYNC]: Severe frame ID mismatch detected,0,0,-1,,
2026-03-21T06:33:29.196839,888,431,error,high,lua,Lua error [FRAME_DESYNC]: Severe frame ID mismatch detected,0,0,-1,,
2026-03-21T06:34:37.073856,890,713,error,high,lua,Lua error [FRAME_DESYNC]: Severe frame ID mismatch detected,0,0,-1,,
2026-03-21T06:34:57.536121,892,53,error,high,lua,Lua error [FRAME_DESYNC]: Severe frame ID mismatch detected,0,0,-1,,
2026-03-21T06:35:06.234514,893,118,error,high,lua,Lua error [FRAME_DESYNC]: Severe frame ID mismatch detected,0,0,-1,,
2026-03-21T06:35:12.446052,894,84,error,high,lua,Lua error [FRAME_DESYNC]: Severe frame ID mismatch detected,0,0,-1,,
2026-03-21T06:35:25.347591,895,184,error,high,lua,Lua error [FRAME_DESYNC]: Severe frame ID mismatch detected,0,0,-1,,
2026-03-21T06:36:10.456095,898,146,error,high,lua,Lua error [FRAME_DESYNC]: Severe frame ID mismatch detected,0,0,-1,,
2026-03-21T06:36:35.584941,900,364,error,high,lua,Lua error [FRAME_DESYNC]: Severe frame ID mismatch detected,0,0,-1,,
2026-03-21T06:36:46.237064,901,145,error,high,lua,Lua error [FRAME_DESYNC]: Severe frame ID mismatch detected,0,0,-1,,
2026-03-21T06:36:49.823743,902,45,error,high,lua,Lua error [FRAME_DESYNC]: Severe frame ID mismatch detected,0,0,-1,,
2026-03-21T06:37:16.685543,902,383,error,high,lua,Lua error [FRAME_DESYNC]: Severe frame ID mismatch detected,0,0,-1,,
2026-03-21T06:38:58.273254,905,684,error,high,lua,Lua error [FRAME_DESYNC]: Severe frame ID mismatch detected,0,0,-1,,
2026-03-21T06:39:07.232611,907,125,error,high,lua,Lua error [FRAME_DESYNC]: Severe frame ID mismatch detected,0,0,-1,,
2026-03-21T06:39:43.443669,908,57,error,high,lua,Lua error [FRAME_DESYNC]: Severe frame ID mismatch detected,0,0,-1,,
2026-03-21T06:39:50.958959,909,99,error,high,lua,Lua error [FRAME_DESYNC]: Severe frame ID mismatch detected,0,0,-1,,
2026-03-21T06:40:04.118101,910,186,error,high,lua,Lua error [FRAME_DESYNC]: Severe frame ID mismatch detected,0,0,-1,,
2026-03-21T06:40:18.294478,911,203,error,high,lua,Lua error [FRAME_DESYNC]: Severe frame ID mismatch detected,0,0,-1,,
2026-03-21T06:40:22.670749,912,54,error,high,lua,Lua error [FRAME_DESYNC]: Severe frame ID mismatch detected,0,0,-1,,
2026-03-21T06:40:47.073599,914,70,error,high,lua,Lua error [FRAME_DESYNC]: Severe frame ID mismatch detected,0,0,-1,,
2026-03-21T06:40:56.914164,915,138,error,high,lua,Lua error [FRAME_DESYNC]: Severe frame ID mismatch detected,0,0,-1,,
2026-03-21T06:41:02.211432,916,70,error,high,lua,Lua error [FRAME_DESYNC]: Severe frame ID mismatch detected,0,0,-1,,
2026-03-21T06:42:31.357594,919,464,error,high,lua,Lua error [FRAME_DESYNC]: Severe frame ID mismatch detected,0,0,-1,,
2026-03-21T06:42:31.358346,919,464,error,high,lua,Lua error [FRAME_DESYNC]: Severe frame ID mismatch detected,0,0,-1,,
2026-03-21T06:42:35.726323,920,54,error,high,lua,Lua error [FRAME_DESYNC]: Severe frame ID mismatch detected,0,0,-1,,
2026-03-21T06:42:59.661582,922,57,error,high,lua,Lua error [FRAME_DESYNC]: Severe frame ID mismatch detected,0,0,-1,,
2026-03-21T06:43:34.733368,923,506,error,high,lua,Lua error [FRAME_DESYNC]: Severe frame ID mismatch detected,0,0,-1,,
2026-03-21T06:43:48.611778,924,191,error,high,lua,Lua error [FRAME_DESYNC]: Severe frame ID mismatch detected,0,0,-1,,
2026-03-21T06:44:03.019255,926,46,error,high,lua,Lua error [FRAME_DESYNC]: Severe frame ID mismatch detected,0,0,-1,,
2026-03-21T06:44:07.270797,928,53,error,high,lua,Lua error [FRAME_DESYNC]: Severe frame ID mismatch detected,0,0,-1,,
2026-03-21T06:44:11.807318,928,57,error,high,lua,Lua error [FRAME_DESYNC]: Severe frame ID mismatch detected,0,0,-1,,
2026-03-21T06:44:46.981041,930,87,error,high,lua,Lua error [FRAME_DESYNC]: Severe frame ID mismatch detected,0,0,-1,,
2026-03-21T06:45:27.770100,932,42,error,high,lua,Lua error [FRAME_DESYNC]: Severe frame ID mismatch detected,0,0,-1,,
2026-03-21T06:45:27.770720,932,42,error,high,lua,Lua error [FRAME_DESYNC]: Severe frame ID mismatch detected,0,0,-1,,
2026-03-21T06:45:32.311038,933,56,error,high,lua,Lua error [FRAME_DESYNC]: Severe frame ID mismatch detected,0,0,-1,,
2026-03-21T06:46:17.048127,936,371,error,high,lua,Lua error [FRAME_DESYNC]: Severe frame ID mismatch detected,0,0,-1,,
2026-03-21T06:46:26.603106,937,135,error,high,lua,Lua error [FRAME_DESYNC]: Severe frame ID mismatch detected,0,0,-1,,
2026-03-21T06:47:05.960119,938,90,error,high,lua,Lua error [FRAME_DESYNC]: Severe frame ID mismatch detected,0,0,-1,,
2026-03-21T06:47:46.838855,940,300,error,high,lua,Lua error [FRAME_DESYNC]: Severe frame ID mismatch detected,0,0,-1,,
2026-03-21T06:47:57.831466,941,156,error,high,lua,Lua error [FRAME_DESYNC]: Severe frame ID mismatch detected,0,0,-1,,
2026-03-21T06:48:01.564167,942,44,error,high,lua,Lua error [FRAME_DESYNC]: Severe frame ID mismatch detected,0,0,-1,,
2026-03-21T06:48:06.733923,943,69,error,high,lua,Lua error [FRAME_DESYNC]: Severe frame ID mismatch detected,0,0,-1,,
2026-03-21T06:48:23.292829,945,232,error,high,lua,Lua error [FRAME_DESYNC]: Severe frame ID mismatch detected,0,0,-1,,
2026-03-21T06:48:29.752178,946,86,error,high,lua,Lua error [FRAME_DESYNC]: Severe frame ID mismatch detected,0,0,-1,,
2026-03-21T06:48:44.271104,946,203,error,high,lua,Lua error [FRAME_DESYNC]: Severe frame ID mismatch detected,0,0,-1,,
2026-03-21T06:49:10.943596,947,385,error,high,lua,Lua error [FRAME_DESYNC]: Severe frame ID mismatch detected,0,0,-1,,
2026-03-21T06:50:27.367624,950,570,error,high,lua,Lua error [FRAME_DESYNC]: Severe frame ID mismatch detected,0,0,-1,,
2026-03-21T06:50:59.658431,952,206,error,high,lua,Lua error [FRAME_DESYNC]: Severe frame ID mismatch detected,0,0,-1,,
2026-03-21T06:51:36.657131,953,525,error,high,lua,Lua error [FRAME_DESYNC]: Severe frame ID mismatch detected,0,0,-1,,
2026-03-21T06:51:50.283436,955,193,error,high,lua,Lua error [FRAME_DESYNC]: Severe frame ID mismatch detected,0,0,-1,,
2026-03-21T06:52:04.144979,956,199,error,high,lua,Lua error [FRAME_DESYNC]: Severe frame ID mismatch detected,0,0,-1,,
2026-03-21T06:52:26.359208,956,311,error,high,lua,Lua error [FRAME_DESYNC]: Severe frame ID mismatch detected,0,0,-1,,
2026-03-21T06:52:48.367041,957,308,error,high,lua,Lua error [FRAME_DESYNC]: Severe frame ID mismatch detected,0,0,-1,,
2026-03-21T06:52:58.151908,959,132,error,high,lua,Lua error [FRAME_DESYNC]: Severe frame ID mismatch detected,0,0,-1,,
2026-03-21T06:53:02.399521,960,54,error,high,lua,Lua error [FRAME_DESYNC]: Severe frame ID mismatch detected,0,0,-1,,
2026-03-21T06:53:47.489842,961,428,error,high,lua,Lua error [FRAME_DESYNC]: Severe frame ID mismatch detected,0,0,-1,,
2026-03-21T06:54:27.190769,963,276,error,high,lua,Lua error [FRAME_DESYNC]: Severe frame ID mismatch detected,0,0,-1,,
2026-03-21T06:54:48.865526,964,302,error,high,lua,Lua error [FRAME_DESYNC]: Severe frame ID mismatch detected,0,0,-1,,
2026-03-21T06:56:28.306241,967,557,error,high,lua,Lua error [FRAME_DESYNC]: Severe frame ID mismatch detected,0,0,-1,,
2026-03-21T06:57:17.175106,970,79,error,high,lua,Lua error [FRAME_DESYNC]: Severe frame ID mismatch detected,0,0,-1,,
2026-03-21T06:57:32.567817,972,210,error,high,lua,Lua error [FRAME_DESYNC]: Severe frame ID mismatch detected,0,0,-1,,
2026-03-21T06:57:32.568366,972,210,error,high,lua,Lua error [FRAME_DESYNC]: Severe frame ID mismatch detected,0,0,-1,,
2026-03-21T06:57:37.445444,972,61,error,high,lua,Lua error [FRAME_DESYNC]: Severe frame ID mismatch detected,0,0,-1,,
2026-03-21T06:58:00.730493,973,339,error,high,lua,Lua error [FRAME_DESYNC]: Severe frame ID mismatch detected,0,0,-1,,
2026-03-21T06:58:04.762006,975,51,error,high,lua,Lua error [FRAME_DESYNC]: Severe frame ID mismatch detected,0,0,-1,,
2026-03-21T06:59:06.169049,977,167,error,high,lua,Lua error [FRAME_DESYNC]: Severe frame ID mismatch detected,0,0,-1,,
2026-03-21T06:59:25.096971,978,274,error,high,lua,Lua error [FRAME_DESYNC]: Severe frame ID mismatch detected,0,0,-1,,
2026-03-21T07:01:38.942986,986,67,error,high,lua,Lua error [FRAME_DESYNC]: Severe frame ID mismatch detected,0,0,-1,,
2026-03-21T07:02:18.954858,987,78,error,high,lua,Lua error [FRAME_DESYNC]: Severe frame ID mismatch detected,0,0,-1,,
2026-03-21T07:03:20.366162,990,401,error,high,lua,Lua error [FRAME_DESYNC]: Severe frame ID mismatch detected,0,0,-1,,
2026-03-21T07:04:25.081569,992,745,error,high,lua,Lua error [FRAME_DESYNC]: Severe frame ID mismatch detected,0,0,-1,,
2026-03-21T07:04:29.290050,993,52,error,high,lua,Lua error [FRAME_DESYNC]: Severe frame ID mismatch detected,0,0,-1,,
2026-03-21T07:05:45.575998,995,718,error,high,lua,Lua error [FRAME_DESYNC]: Severe frame ID mismatch detected,0,0,-1,,
2026-03-21T07:06:44.311480,997,286,error,high,lua,Lua error [FRAME_DESYNC]: Severe frame ID mismatch detected,0,0,-1,,
2026-03-21T07:06:57.474014,998,183,error,high,lua,Lua error [FRAME_DESYNC]: Severe frame ID mismatch detected,0,0,-1,,
2026-03-21T07:07:14.977089,999,253,error,high,lua,Lua error [FRAME_DESYNC]: Severe frame ID mismatch detected,0,0,-1,,
2026-03-21T07:07:43.729722,1000,418,error,high,lua,Lua error [FRAME_DESYNC]: Severe frame ID mismatch detected,0,0,-1,,
2026-03-21T07:07:51.796784,1001,111,error,high,lua,Lua error [FRAME_DESYNC]: Severe frame ID mismatch detected,0,0,-1,,
2026-03-21T07:08:00.451811,1002,118,error,high,lua,Lua error [FRAME_DESYNC]: Severe frame ID mismatch detected,0,0,-1,,
2026-03-21T07:08:05.277534,1003,61,error,high,lua,Lua error [FRAME_DESYNC]: Severe frame ID mismatch detected,0,0,-1,,
2026-03-21T07:08:21.218697,1004,222,error,high,lua,Lua error [FRAME_DESYNC]: Severe frame ID mismatch detected,0,0,-1,,
2026-03-21T07:09:00.385920,1005,565,error,high,lua,Lua error [FRAME_DESYNC]: Severe frame ID mismatch detected,0,0,-1,,
2026-03-21T07:10:02.698656,1007,225,error,high,lua,Lua error [FRAME_DESYNC]: Severe frame ID mismatch detected,0,0,-1,,
2026-03-21T07:10:51.999891,1008,701,error,high,lua,Lua error [FRAME_DESYNC]: Severe frame ID mismatch detected,0,0,-1,,
2026-03-21T07:11:33.411623,1009,589,error,high,lua,Lua error [FRAME_DESYNC]: Severe frame ID mismatch detected,0,0,-1,,
2026-03-21T07:12:52.201021,1013,98,error,high,lua,Lua error [FRAME_DESYNC]: Severe frame ID mismatch detected,0,0,-1,,
2026-03-21T07:14:14.416277,1016,209,error,high,lua,Lua error [FRAME_DESYNC]: Severe frame ID mismatch detected,0,0,-1,,
2026-03-21T07:14:18.868418,1016,55,error,high,lua,Lua error [FRAME_DESYNC]: Severe frame ID mismatch detected,0,0,-1,,
2026-03-21T07:14:46.386980,1017,389,error,high,lua,Lua error [FRAME_DESYNC]: Severe frame ID mismatch detected,0,0,-1,,
2026-03-21T07:15:05.749725,1020,55,error,high,lua,Lua error [FRAME_DESYNC]: Severe frame ID mismatch detected,0,0,-1,,
2026-03-21T07:15:21.752962,1021,60,error,high,lua,Lua error [FRAME_DESYNC]: Severe frame ID mismatch detected,0,0,-1,,
2026-03-21T07:15:26.993686,1022,68,error,high,lua,Lua error [FRAME_DESYNC]: Severe frame ID mismatch detected,0,0,-1,,
2026-03-21T07:16:17.894186,1026,173,error,high,lua,Lua error [FRAME_DESYNC]: Severe frame ID mismatch detected,0,0,-1,,
2026-03-21T07:16:17.894797,1026,173,error,high,lua,Lua error [FRAME_DESYNC]: Severe frame ID mismatch detected,0,0,-1,,
2026-03-21T07:17:12.824094,1026,782,error,high,lua,Lua error [FRAME_DESYNC]: Severe frame ID mismatch detected,0,0,-1,,
2026-03-21T07:17:18.026020,1027,65,error,high,lua,Lua error [FRAME_DESYNC]: Severe frame ID mismatch detected,0,0,-1,,
2026-03-21T07:17:53.300871,1028,517,error,high,lua,Lua error [FRAME_DESYNC]: Severe frame ID mismatch detected,0,0,-1,,
2026-03-21T07:19:04.965204,1030,1022,error,high,lua,Lua error [FRAME_DESYNC]: Severe frame ID mismatch detected,0,0,-1,,
2026-03-21T07:19:25.980586,1030,300,error,high,lua,Lua error [FRAME_DESYNC]: Severe frame ID mismatch detected,0,0,-1,,
2026-03-21T07:19:45.803379,1032,280,error,high,lua,Lua error [FRAME_DESYNC]: Severe frame ID mismatch detected,0,0,-1,,
2026-03-21T07:21:00.755669,1034,516,error,high,lua,Lua error [FRAME_DESYNC]: Severe frame ID mismatch detected,0,0,-1,,
2026-03-21T07:21:15.497515,1035,210,error,high,lua,Lua error [FRAME_DESYNC]: Severe frame ID mismatch detected,0,0,-1,,
2026-03-21T07:21:31.052085,1036,213,error,high,lua,Lua error [FRAME_DESYNC]: Severe frame ID mismatch detected,0,0,-1,,
2026-03-21T07:21:54.742680,1038,122,error,high,lua,Lua error [FRAME_DESYNC]: Severe frame ID mismatch detected,0,0,-1,,
2026-03-21T07:22:00.201852,1039,69,error,high,lua,Lua error [FRAME_DESYNC]: Severe frame ID mismatch detected,0,0,-1,,
2026-03-21T07:22:05.197687,1040,63,error,high,lua,Lua error [FRAME_DESYNC]: Severe frame ID mismatch detected,0,0,-1,,
2026-03-21T07:22:28.203985,1041,335,error,high,lua,Lua error [FRAME_DESYNC]: Severe frame ID mismatch detected,0,0,-1,,
2026-03-21T07:22:45.420847,1043,240,error,high,lua,Lua error [FRAME_DESYNC]: Severe frame ID mismatch detected,0,0,-1,,
2026-03-21T07:23:07.688343,1043,319,error,high,lua,Lua error [FRAME_DESYNC]: Severe frame ID mismatch detected,0,0,-1,,
2026-03-21T07:23:55.838963,1045,54,error,high,lua,Lua error [FRAME_DESYNC]: Severe frame ID mismatch detected,0,0,-1,,
2026-03-21T07:24:06.757629,1046,154,error,high,lua,Lua error [FRAME_DESYNC]: Severe frame ID mismatch detected,0,0,-1,,
2026-03-21T07:26:31.033647,1052,58,error,high,lua,Lua error [FRAME_DESYNC]: Severe frame ID mismatch detected,0,0,-1,,
2026-03-21T07:28:31.739712,1058,81,error,high,lua,Lua error [FRAME_DESYNC]: Severe frame ID mismatch detected,0,0,-1,,
2026-03-21T07:30:44.377835,1065,228,error,high,lua,Lua error [FRAME_DESYNC]: Severe frame ID mismatch detected,0,0,-1,,
2026-03-21T07:30:50.270434,1065,78,error,high,lua,Lua error [FRAME_DESYNC]: Severe frame ID mismatch detected,0,0,-1,,
2026-03-21T07:32:15.062811,1069,106,error,high,lua,Lua error [FRAME_DESYNC]: Severe frame ID mismatch detected,0,0,-1,,
2026-03-21T07:32:19.023245,1070,49,error,high,lua,Lua error [FRAME_DESYNC]: Severe frame ID mismatch detected,0,0,-1,,
2026-03-21T07:32:49.589352,1072,173,error,high,lua,Lua error [FRAME_DESYNC]: Severe frame ID mismatch detected,0,0,-1,,
2026-03-21T07:33:02.156801,1073,179,error,high,lua,Lua error [FRAME_DESYNC]: Severe frame ID mismatch detected,0,0,-1,,
2026-03-21T07:34:15.851199,1076,430,error,high,lua,Lua error [FRAME_DESYNC]: Severe frame ID mismatch detected,0,0,-1,,
2026-03-21T07:34:46.811951,1079,91,error,high,lua,Lua error [FRAME_DESYNC]: Severe frame ID mismatch detected,0,0,-1,,
2026-03-21T07:34:50.977514,1079,52,error,high,lua,Lua error [FRAME_DESYNC]: Severe frame ID mismatch detected,0,0,-1,,
2026-03-21T07:35:06.778634,1080,222,error,high,lua,Lua error [FRAME_DESYNC]: Severe frame ID mismatch detected,0,0,-1,,
2026-03-21T07:35:11.269795,1081,56,error,high,lua,Lua error [FRAME_DESYNC]: Severe frame ID mismatch detected,0,0,-1,,
2026-03-21T07:36:43.057132,1088,76,error,high,lua,Lua error [FRAME_DESYNC]: Severe frame ID mismatch detected,0,0,-1,,
2026-03-21T07:37:37.493285,1090,55,error,high,lua,Lua error [FRAME_DESYNC]: Severe frame ID mismatch detected,0,0,-1,,
2026-03-21T07:38:06.661653,1092,187,error,high,lua,Lua error [FRAME_DESYNC]: Severe frame ID mismatch detected,0,0,-1,,
2026-03-21T07:38:10.372628,1093,46,error,high,lua,Lua error [FRAME_DESYNC]: Severe frame ID mismatch detected,0,0,-1,,
2026-03-21T07:39:20.520900,1095,55,error,high,lua,Lua error [FRAME_DESYNC]: Severe frame ID mismatch detected,0,0,-1,,
2026-03-21T07:40:06.812215,1097,57,error,high,lua,Lua error [FRAME_DESYNC]: Severe frame ID mismatch detected,0,0,-1,,
2026-03-21T07:40:11.222752,1098,57,error,high,lua,Lua error [FRAME_DESYNC]: Severe frame ID mismatch detected,0,0,-1,,
2026-03-21T07:41:30.373263,1102,56,error,high,lua,Lua error [FRAME_DESYNC]: Severe frame ID mismatch detected,0,0,-1,,
2026-03-21T07:42:23.102959,1106,104,error,high,lua,Lua error [FRAME_DESYNC]: Severe frame ID mismatch detected,0,0,-1,,
2026-03-21T07:42:44.783611,1107,302,error,high,lua,Lua error [FRAME_DESYNC]: Severe frame ID mismatch detected,0,0,-1,,
2026-03-21T07:43:54.634189,1111,79,error,high,lua,Lua error [FRAME_DESYNC]: Severe frame ID mismatch detected,0,0,-1,,
2026-03-21T07:44:12.638963,1112,251,error,high,lua,Lua error [FRAME_DESYNC]: Severe frame ID mismatch detected,0,0,-1,,
2026-03-21T07:44:31.445282,1113,267,error,high,lua,Lua error [FRAME_DESYNC]: Severe frame ID mismatch detected,0,0,-1,,
2026-03-21T07:44:36.331631,1115,62,error,high,lua,Lua error [FRAME_DESYNC]: Severe frame ID mismatch detected,0,0,-1,,
2026-03-21T07:44:49.443251,1115,184,error,high,lua,Lua error [FRAME_DESYNC]: Severe frame ID mismatch detected,0,0,-1,,
2026-03-21T07:45:12.887347,1116,342,error,high,lua,Lua error [FRAME_DESYNC]: Severe frame ID mismatch detected,0,0,-1,,
2026-03-21T07:45:54.499972,1118,357,error,high,lua,Lua error [FRAME_DESYNC]: Severe frame ID mismatch detected,0,0,-1,,
2026-03-21T07:46:11.262984,1119,231,error,high,lua,Lua error [FRAME_DESYNC]: Severe frame ID mismatch detected,0,0,-1,,
2026-03-21T07:46:11.263373,1119,231,error,high,lua,Lua error [FRAME_DESYNC]: Severe frame ID mismatch detected,0,0,-1,,
2026-03-21T07:46:27.579866,1120,234,error,high,lua,Lua error [FRAME_DESYNC]: Severe frame ID mismatch detected,0,0,-1,,
2026-03-21T07:48:01.591584,1124,43,error,high,lua,Lua error [FRAME_DESYNC]: Severe frame ID mismatch detected,0,0,-1,,
2026-03-21T07:48:36.491384,1125,495,error,high,lua,Lua error [FRAME_DESYNC]: Severe frame ID mismatch detected,0,0,-1,,
2026-03-21T07:49:03.743653,1128,74,error,high,lua,Lua error [FRAME_DESYNC]: Severe frame ID mismatch detected,0,0,-1,,
2026-03-21T07:50:39.034520,1131,150,error,high,lua,Lua error [FRAME_DESYNC]: Severe frame ID mismatch detected,0,0,-1,,
2026-03-21T07:50:53.985441,1133,207,error,high,lua,Lua error [FRAME_DESYNC]: Severe frame ID mismatch detected,0,0,-1,,
2026-03-21T07:51:16.416144,1133,326,error,high,lua,Lua error [FRAME_DESYNC]: Severe frame ID mismatch detected,0,0,-1,,
2026-03-21T07:51:28.770912,1135,165,error,high,lua,Lua error [FRAME_DESYNC]: Severe frame ID mismatch detected,0,0,-1,,
2026-03-21T07:51:32.667403,1135,47,error,high,lua,Lua error [FRAME_DESYNC]: Severe frame ID mismatch detected,0,0,-1,,
2026-03-21T07:51:57.988372,1137,167,error,high,lua,Lua error [FRAME_DESYNC]: Severe frame ID mismatch detected,0,0,-1,,
2026-03-21T07:51:57.988877,1137,167,error,high,lua,Lua error [FRAME_DESYNC]: Severe frame ID mismatch detected,0,0,-1,,
2026-03-21T07:52:03.023824,1138,62,error,high,lua,Lua error [FRAME_DESYNC]: Severe frame ID mismatch detected,0,0,-1,,
2026-03-21T07:52:08.822346,1139,77,error,high,lua,Lua error [FRAME_DESYNC]: Severe frame ID mismatch detected,0,0,-1,,
2026-03-21T07:53:41.637141,1143,264,error,high,lua,Lua error [FRAME_DESYNC]: Severe frame ID mismatch detected,0,0,-1,,
2026-03-21T07:53:52.035713,1144,140,error,high,lua,Lua error [FRAME_DESYNC]: Severe frame ID mismatch detected,0,0,-1,,
2026-03-21T07:56:32.945674,1151,54,error,high,lua,Lua error [FRAME_DESYNC]: Severe frame ID mismatch detected,0,0,-1,,
2026-03-21T07:56:37.455311,1152,58,error,high,lua,Lua error [FRAME_DESYNC]: Severe frame ID mismatch detected,0,0,-1,,
2026-03-21T07:56:57.832365,1153,291,error,high,lua,Lua error [FRAME_DESYNC]: Severe frame ID mismatch detected,0,0,-1,,
2026-03-21T07:58:31.381191,1155,409,error,high,lua,Lua error [FRAME_DESYNC]: Severe frame ID mismatch detected,0,0,-1,,
2026-03-21T07:59:04.093043,1157,241,error,high,lua,Lua error [FRAME_DESYNC]: Severe frame ID mismatch detected,0,0,-1,,
2026-03-21T07:59:52.180817,1161,44,error,high,lua,Lua error [FRAME_DESYNC]: Severe frame ID mismatch detected,0,0,-1,,
2026-03-21T07:59:57.014169,1162,60,error,high,lua,Lua error [FRAME_DESYNC]: Severe frame ID mismatch detected,0,0,-1,,
2026-03-21T08:00:14.499892,1163,252,error,high,lua,Lua error [FRAME_DESYNC]: Severe frame ID mismatch detected,0,0,-1,,
2026-03-21T08:00:41.267764,1165,64,error,high,lua,Lua error [FRAME_DESYNC]: Severe frame ID mismatch detected,0,0,-1,,
2026-03-21T08:00:57.846336,1166,231,error,high,lua,Lua error [FRAME_DESYNC]: Severe frame ID mismatch detected,0,0,-1,,
2026-03-21T08:01:23.598172,1168,177,error,high,lua,Lua error [FRAME_DESYNC]: Severe frame ID mismatch detected,0,0,-1,,
2026-03-21T08:02:32.152934,1171,66,error,high,lua,Lua error [FRAME_DESYNC]: Severe frame ID mismatch detected,0,0,-1,,
2026-03-21T08:02:38.276133,1172,80,error,high,lua,Lua error [FRAME_DESYNC]: Severe frame ID mismatch detected,0,0,-1,,
2026-03-21T08:03:24.684926,1174,469,error,high,lua,Lua error [FRAME_DESYNC]: Severe frame ID mismatch detected,0,0,-1,,
2026-03-21T08:04:27.877951,1176,519,error,high,lua,Lua error [FRAME_DESYNC]: Severe frame ID mismatch detected,0,0,-1,,
2026-03-21T08:04:41.634754,1177,197,error,high,lua,Lua error [FRAME_DESYNC]: Severe frame ID mismatch detected,0,0,-1,,
2026-03-21T08:05:03.406604,1178,309,error,high,lua,Lua error [FRAME_DESYNC]: Severe frame ID mismatch detected,0,0,-1,,
2026-03-21T08:05:36.468284,1180,73,error,high,lua,Lua error [FRAME_DESYNC]: Severe frame ID mismatch detected,0,0,-1,,
2026-03-21T08:05:41.011971,1181,56,error,high,lua,Lua error [FRAME_DESYNC]: Severe frame ID mismatch detected,0,0,-1,,
2026-03-21T08:05:46.535068,1182,74,error,high,lua,Lua error [FRAME_DESYNC]: Severe frame ID mismatch detected,0,0,-1,,
2026-03-21T08:06:21.123607,1184,206,error,high,lua,Lua error [FRAME_DESYNC]: Severe frame ID mismatch detected,0,0,-1,,
2026-03-21T08:07:24.132368,1189,62,error,high,lua,Lua error [FRAME_DESYNC]: Severe frame ID mismatch detected,0,0,-1,,
2026-03-21T08:08:44.567470,1193,142,error,high,lua,Lua error [FRAME_DESYNC]: Severe frame ID mismatch detected,0,0,-1,,
2026-03-21T08:09:03.674454,1195,77,error,high,lua,Lua error [FRAME_DESYNC]: Severe frame ID mismatch detected,0,0,-1,,
2026-03-21T08:09:55.695628,1198,104,error,high,lua,Lua error [FRAME_DESYNC]: Severe frame ID mismatch detected,0,0,-1,,
2026-03-21T08:10:12.934430,1200,43,error,high,lua,Lua error [FRAME_DESYNC]: Severe frame ID mismatch detected,0,0,-1,,
2026-03-21T08:12:04.141143,1205,185,error,high,lua,Lua error [FRAME_DESYNC]: Severe frame ID mismatch detected,0,0,-1,,
2026-03-21T08:12:36.304406,1208,66,error,high,lua,Lua error [FRAME_DESYNC]: Severe frame ID mismatch detected,0,0,-1,,
2026-03-21T08:12:42.494166,1208,82,error,high,lua,Lua error [FRAME_DESYNC]: Severe frame ID mismatch detected,0,0,-1,,
2026-03-21T08:13:30.740903,1211,214,error,high,lua,Lua error [FRAME_DESYNC]: Severe frame ID mismatch detected,0,0,-1,,
2026-03-21T08:13:33.804628,1212,37,error,high,lua,Lua error [FRAME_DESYNC]: Severe frame ID mismatch detected,0,0,-1,,
2026-03-21T08:14:45.204936,1213,1044,error,high,lua,Lua error [FRAME_DESYNC]: Severe frame ID mismatch detected,0,0,-1,,
2026-03-21T08:15:04.543460,1216,63,error,high,lua,Lua error [FRAME_DESYNC]: Severe frame ID mismatch detected,0,0,-1,,
2026-03-21T08:15:23.522487,1217,60,error,high,lua,Lua error [FRAME_DESYNC]: Severe frame ID mismatch detected,0,0,-1,,
2026-03-21T08:15:52.466342,1220,48,error,high,lua,Lua error [FRAME_DESYNC]: Severe frame ID mismatch detected,0,0,-1,,
2026-03-21T08:16:07.473315,1220,206,error,high,lua,Lua error [FRAME_DESYNC]: Severe frame ID mismatch detected,0,0,-1,,
2026-03-21T08:16:12.828330,1221,68,error,high,lua,Lua error [FRAME_DESYNC]: Severe frame ID mismatch detected,0,0,-1,,
2026-03-21T08:17:50.651886,1225,695,error,high,lua,Lua error [FRAME_DESYNC]: Severe frame ID mismatch detected,0,0,-1,,
2026-03-21T08:18:39.145067,1228,133,error,high,lua,Lua error [FRAME_DESYNC]: Severe frame ID mismatch detected,0,0,-1,,
2026-03-21T08:18:43.966179,1229,61,error,high,lua,Lua error [FRAME_DESYNC]: Severe frame ID mismatch detected,0,0,-1,,
2026-03-21T08:18:48.007894,1230,50,error,high,lua,Lua error [FRAME_DESYNC]: Severe frame ID mismatch detected,0,0,-1,,
2026-03-21T08:18:53.485641,1231,71,error,high,lua,Lua error [FRAME_DESYNC]: Severe frame ID mismatch detected,0,0,-1,,
2026-03-21T08:19:28.277495,1234,53,error,high,lua,Lua error [FRAME_DESYNC]: Severe frame ID mismatch detected,0,0,-1,,
2026-03-21T08:19:39.407747,1235,158,error,high,lua,Lua error [FRAME_DESYNC]: Severe frame ID mismatch detected,0,0,-1,,
2026-03-21T08:19:56.546818,1238,41,error,high,lua,Lua error [FRAME_DESYNC]: Severe frame ID mismatch detected,0,0,-1,,
2026-03-21T08:19:56.547417,1238,41,error,high,lua,Lua error [FRAME_DESYNC]: Severe frame ID mismatch detected,0,0,-1,,
2026-03-21T08:20:25.615112,1238,419,error,high,lua,Lua error [FRAME_DESYNC]: Severe frame ID mismatch detected,0,0,-1,,
2026-03-21T08:21:01.812076,1240,84,error,high,lua,Lua error [FRAME_DESYNC]: Severe frame ID mismatch detected,0,0,-1,,
2026-03-21T08:21:25.567566,1242,51,error,high,lua,Lua error [FRAME_DESYNC]: Severe frame ID mismatch detected,0,0,-1,,
2026-03-21T08:21:31.148540,1243,70,error,high,lua,Lua error [FRAME_DESYNC]: Severe frame ID mismatch detected,0,0,-1,,
2026-03-21T08:22:01.643700,1246,66,error,high,lua,Lua error [FRAME_DESYNC]: Severe frame ID mismatch detected,0,0,-1,,
2026-03-21T08:22:07.023158,1247,68,error,high,lua,Lua error [FRAME_DESYNC]: Severe frame ID mismatch detected,0,0,-1,,
2026-03-21T08:22:42.646106,1248,67,error,high,lua,Lua error [FRAME_DESYNC]: Severe frame ID mismatch detected,0,0,-1,,
2026-03-21T08:22:52.698624,1249,141,error,high,lua,Lua error [FRAME_DESYNC]: Severe frame ID mismatch detected,0,0,-1,,
2026-03-21T08:23:43.930834,1250,723,error,high,lua,Lua error [FRAME_DESYNC]: Severe frame ID mismatch detected,0,0,-1,,
2026-03-21T08:23:48.748988,1251,60,error,high,lua,Lua error [FRAME_DESYNC]: Severe frame ID mismatch detected,0,0,-1,,
2026-03-21T08:24:27.138117,1254,62,error,high,lua,Lua error [FRAME_DESYNC]: Severe frame ID mismatch detected,0,0,-1,,
2026-03-21T08:24:54.114015,1257,141,error,high,lua,Lua error [FRAME_DESYNC]: Severe frame ID mismatch detected,0,0,-1,,
2026-03-21T08:24:57.957895,1258,49,error,high,lua,Lua error [FRAME_DESYNC]: Severe frame ID mismatch detected,0,0,-1,,
2026-03-21T08:25:02.282820,1258,56,error,high,lua,Lua error [FRAME_DESYNC]: Severe frame ID mismatch detected,0,0,-1,,
2026-03-21T08:25:07.029216,1259,63,error,high,lua,Lua error [FRAME_DESYNC]: Severe frame ID mismatch detected,0,0,-1,,
2026-03-21T08:25:21.684984,1260,210,error,high,lua,Lua error [FRAME_DESYNC]: Severe frame ID mismatch detected,0,0,-1,,
2026-03-21T08:25:48.767081,1262,174,error,high,lua,Lua error [FRAME_DESYNC]: Severe frame ID mismatch detected,0,0,-1,,
2026-03-21T08:25:59.755773,1264,147,error,high,lua,Lua error [FRAME_DESYNC]: Severe frame ID mismatch detected,0,0,-1,,
2026-03-21T08:26:03.560199,1264,47,error,high,lua,Lua error [FRAME_DESYNC]: Severe frame ID mismatch detected,0,0,-1,,
2026-03-21T08:26:37.370693,1266,228,error,high,lua,Lua error [FRAME_DESYNC]: Severe frame ID mismatch detected,0,0,-1,,
2026-03-21T08:26:41.830285,1267,58,error,high,lua,Lua error [FRAME_DESYNC]: Severe frame ID mismatch detected,0,0,-1,,
2026-03-21T08:26:46.176041,1269,55,error,high,lua,Lua error [FRAME_DESYNC]: Severe frame ID mismatch detected,0,0,-1,,
2026-03-21T08:27:01.146487,1270,212,error,high,lua,Lua error [FRAME_DESYNC]: Severe frame ID mismatch detected,0,0,-1,,
2026-03-21T08:27:16.014473,1270,211,error,high,lua,Lua error [FRAME_DESYNC]: Severe frame ID mismatch detected,0,0,-1,,
2026-03-21T08:27:40.948960,1272,53,error,high,lua,Lua error [FRAME_DESYNC]: Severe frame ID mismatch detected,0,0,-1,,
2026-03-21T08:28:03.927801,1273,334,error,high,lua,Lua error [FRAME_DESYNC]: Severe frame ID mismatch detected,0,0,-1,,
2026-03-21T08:28:36.324678,1274,473,error,high,lua,Lua error [FRAME_DESYNC]: Severe frame ID mismatch detected,0,0,-1,,
2026-03-21T08:29:01.006655,1276,126,error,high,lua,Lua error [FRAME_DESYNC]: Severe frame ID mismatch detected,0,0,-1,,
2026-03-21T08:29:06.141955,1277,65,error,high,lua,Lua error [FRAME_DESYNC]: Severe frame ID mismatch detected,0,0,-1,,
2026-03-21T08:29:10.088316,1279,48,error,high,lua,Lua error [FRAME_DESYNC]: Severe frame ID mismatch detected,0,0,-1,,
2026-03-21T08:29:14.233503,1279,52,error,high,lua,Lua error [FRAME_DESYNC]: Severe frame ID mismatch detected,0,0,-1,,
2026-03-21T08:29:17.678636,1281,42,error,high,lua,Lua error [FRAME_DESYNC]: Severe frame ID mismatch detected,0,0,-1,,
2026-03-21T08:29:22.535767,1282,60,error,high,lua,Lua error [FRAME_DESYNC]: Severe frame ID mismatch detected,0,0,-1,,
2026-03-21T08:30:38.408518,1284,221,error,high,lua,Lua error [FRAME_DESYNC]: Severe frame ID mismatch detected,0,0,-1,,
2026-03-21T08:30:42.965504,1285,59,error,high,lua,Lua error [FRAME_DESYNC]: Severe frame ID mismatch detected,0,0,-1,,
2026-03-21T08:31:26.508862,1287,379,error,high,lua,Lua error [FRAME_DESYNC]: Severe frame ID mismatch detected,0,0,-1,,
2026-03-21T08:31:33.295178,1288,90,error,high,lua,Lua error [FRAME_DESYNC]: Severe frame ID mismatch detected,0,0,-1,,
2026-03-21T08:32:46.017198,1293,328,error,high,lua,Lua error [FRAME_DESYNC]: Severe frame ID mismatch detected,0,0,-1,,
2026-03-21T08:32:50.272982,1293,54,error,high,lua,Lua error [FRAME_DESYNC]: Severe frame ID mismatch detected,0,0,-1,,
2026-03-21T08:32:54.355138,1294,51,error,high,lua,Lua error [FRAME_DESYNC]: Severe frame ID mismatch detected,0,0,-1,,
2026-03-21T08:33:28.593147,1295,494,error,high,lua,Lua error [FRAME_DESYNC]: Severe frame ID mismatch detected,0,0,-1,,
2026-03-21T08:33:58.243488,1296,414,error,high,lua,Lua error [FRAME_DESYNC]: Severe frame ID mismatch detected,0,0,-1,,
2026-03-21T08:34:17.898519,1299,52,error,high,lua,Lua error [FRAME_DESYNC]: Severe frame ID mismatch detected,0,0,-1,,
2026-03-21T08:34:38.710737,1300,128,error,high,lua,Lua error [FRAME_DESYNC]: Severe frame ID mismatch detected,0,0,-1,,
2026-03-21T08:34:51.527566,1301,176,error,high,lua,Lua error [FRAME_DESYNC]: Severe frame ID mismatch detected,0,0,-1,,
2026-03-21T08:36:38.664816,1304,605,error,high,lua,Lua error [FRAME_DESYNC]: Severe frame ID mismatch detected,0,0,-1,,
2026-03-21T08:36:58.446970,1305,280,error,high,lua,Lua error [FRAME_DESYNC]: Severe frame ID mismatch detected,0,0,-1,,
2026-03-21T08:37:22.579604,1306,352,error,high,lua,Lua error [FRAME_DESYNC]: Severe frame ID mismatch detected,0,0,-1,,
2026-03-21T08:37:51.843413,1308,414,error,high,lua,Lua error [FRAME_DESYNC]: Severe frame ID mismatch detected,0,0,-1,,
2026-03-21T08:37:56.187528,1308,56,error,high,lua,Lua error [FRAME_DESYNC]: Severe frame ID mismatch detected,0,0,-1,,
2026-03-21T08:38:28.511583,1309,456,error,high,lua,Lua error [FRAME_DESYNC]: Severe frame ID mismatch detected,0,0,-1,,
2026-03-21T08:39:21.819709,1312,58,error,high,lua,Lua error [FRAME_DESYNC]: Severe frame ID mismatch detected,0,0,-1,,
2026-03-21T08:39:31.426178,1313,135,error,high,lua,Lua error [FRAME_DESYNC]: Severe frame ID mismatch detected,0,0,-1,,
2026-03-21T08:39:43.084750,1314,154,error,high,lua,Lua error [FRAME_DESYNC]: Severe frame ID mismatch detected,0,0,-1,,
2026-03-21T08:39:47.806839,1315,62,error,high,lua,Lua error [FRAME_DESYNC]: Severe frame ID mismatch detected,0,0,-1,,
2026-03-21T08:41:33.092550,1320,58,error,high,lua,Lua error [FRAME_DESYNC]: Severe frame ID mismatch detected,0,0,-1,,
2026-03-21T08:41:53.190083,1322,280,error,high,lua,Lua error [FRAME_DESYNC]: Severe frame ID mismatch detected,0,0,-1,,
2026-03-21T08:42:23.910820,1323,254,error,high,lua,Lua error [FRAME_DESYNC]: Severe frame ID mismatch detected,0,0,-1,,
2026-03-21T08:42:28.483392,1325,58,error,high,lua,Lua error [FRAME_DESYNC]: Severe frame ID mismatch detected,0,0,-1,,
2026-03-21T08:42:43.761064,1325,218,error,high,lua,Lua error [FRAME_DESYNC]: Severe frame ID mismatch detected,0,0,-1,,
2026-03-21T08:43:04.144666,1326,290,error,high,lua,Lua error [FRAME_DESYNC]: Severe frame ID mismatch detected,0,0,-1,,
2026-03-21T08:44:19.020972,1329,225,error,high,lua,Lua error [FRAME_DESYNC]: Severe frame ID mismatch detected,0,0,-1,,
2026-03-21T08:44:49.479868,1330,431,error,high,lua,Lua error [FRAME_DESYNC]: Severe frame ID mismatch detected,0,0,-1,,
2026-03-21T08:45:20.436471,1332,235,error,high,lua,Lua error [FRAME_DESYNC]: Severe frame ID mismatch detected,0,0,-1,,
2026-03-21T08:45:45.445453,1333,365,error,high,lua,Lua error [FRAME_DESYNC]: Severe frame ID mismatch detected,0,0,-1,,
2026-03-21T08:45:51.534944,1334,78,error,high,lua,Lua error [FRAME_DESYNC]: Severe frame ID mismatch detected,0,0,-1,,
2026-03-21T08:47:17.332669,1338,317,error,high,lua,Lua error [FRAME_DESYNC]: Severe frame ID mismatch detected,0,0,-1,,
2026-03-21T08:47:21.719656,1339,53,error,high,lua,Lua error [FRAME_DESYNC]: Severe frame ID mismatch detected,0,0,-1,,
2026-03-21T08:47:41.338042,1341,66,error,high,lua,Lua error [FRAME_DESYNC]: Severe frame ID mismatch detected,0,0,-1,,
2026-03-21T08:47:45.813263,1342,58,error,high,lua,Lua error [FRAME_DESYNC]: Severe frame ID mismatch detected,0,0,-1,,
2026-03-21T08:47:45.813742,1342,58,error,high,lua,Lua error [FRAME_DESYNC]: Severe frame ID mismatch detected,0,0,-1,,
2026-03-21T08:48:42.271882,1345,80,error,high,lua,Lua error [FRAME_DESYNC]: Severe frame ID mismatch detected,0,0,-1,,
2026-03-21T08:49:04.467834,1346,317,error,high,lua,Lua error [FRAME_DESYNC]: Severe frame ID mismatch detected,0,0,-1,,
2026-03-21T08:50:11.606604,1349,322,error,high,lua,Lua error [FRAME_DESYNC]: Severe frame ID mismatch detected,0,0,-1,,
2026-03-21T08:50:15.436171,1351,47,error,high,lua,Lua error [FRAME_DESYNC]: Severe frame ID mismatch detected,0,0,-1,,
2026-03-21T08:50:39.011230,1351,340,error,high,lua,Lua error [FRAME_DESYNC]: Severe frame ID mismatch detected,0,0,-1,,
2026-03-21T08:51:02.872439,1353,67,error,high,lua,Lua error [FRAME_DESYNC]: Severe frame ID mismatch detected,0,0,-1,,
2026-03-21T08:51:07.680574,1354,62,error,high,lua,Lua error [FRAME_DESYNC]: Severe frame ID mismatch detected,0,0,-1,,
2026-03-21T08:51:21.644694,1355,192,error,high,lua,Lua error [FRAME_DESYNC]: Severe frame ID mismatch detected,0,0,-1,,
2026-03-21T08:51:44.858936,1357,64,error,high,lua,Lua error [FRAME_DESYNC]: Severe frame ID mismatch detected,0,0,-1,,
2026-03-21T08:52:30.590073,1359,390,error,high,lua,Lua error [FRAME_DESYNC]: Severe frame ID mismatch detected,0,0,-1,,
2026-03-21T08:52:46.518199,1360,228,error,high,lua,Lua error [FRAME_DESYNC]: Severe frame ID mismatch detected,0,0,-1,,
2026-03-21T08:53:16.660250,1362,121,error,high,lua,Lua error [FRAME_DESYNC]: Severe frame ID mismatch detected,0,0,-1,,
2026-03-21T08:53:21.301784,1363,56,error,high,lua,Lua error [FRAME_DESYNC]: Severe frame ID mismatch detected,0,0,-1,,
2026-03-21T08:53:42.244688,1364,288,error,high,lua,Lua error [FRAME_DESYNC]: Severe frame ID mismatch detected,0,0,-1,,
2026-03-21T08:53:54.539729,1365,174,error,high,lua,Lua error [FRAME_DESYNC]: Severe frame ID mismatch detected,0,0,-1,,
2026-03-21T08:53:58.588644,1366,49,error,high,lua,Lua error [FRAME_DESYNC]: Severe frame ID mismatch detected,0,0,-1,,
2026-03-21T08:54:13.758515,1367,208,error,high,lua,Lua error [FRAME_DESYNC]: Severe frame ID mismatch detected,0,0,-1,,
2026-03-21T08:54:30.719101,1368,245,error,high,lua,Lua error [FRAME_DESYNC]: Severe frame ID mismatch detected,0,0,-1,,
2026-03-21T08:54:49.816844,1369,267,error,high,lua,Lua error [FRAME_DESYNC]: Severe frame ID mismatch detected,0,0,-1,,
2026-03-21T08:54:54.509610,1370,61,error,high,lua,Lua error [FRAME_DESYNC]: Severe frame ID mismatch detected,0,0,-1,,
2026-03-21T08:55:12.011843,1371,247,error,high,lua,Lua error [FRAME_DESYNC]: Severe frame ID mismatch detected,0,0,-1,,
2026-03-21T08:55:16.306553,1372,52,error,high,lua,Lua error [FRAME_DESYNC]: Severe frame ID mismatch detected,0,0,-1,,
2026-03-21T08:55:16.307077,1372,52,error,high,lua,Lua error [FRAME_DESYNC]: Severe frame ID mismatch detected,0,0,-1,,
2026-03-21T08:55:45.270660,1373,405,error,high,lua,Lua error [FRAME_DESYNC]: Severe frame ID mismatch detected,0,0,-1,,
2026-03-21T08:55:53.482374,1374,109,error,high,lua,Lua error [FRAME_DESYNC]: Severe frame ID mismatch detected,0,0,-1,,
2026-03-21T08:55:53.482861,1374,109,error,high,lua,Lua error [FRAME_DESYNC]: Severe frame ID mismatch detected,0,0,-1,,
2026-03-21T08:56:03.627502,1376,142,error,high,lua,Lua error [FRAME_DESYNC]: Severe frame ID mismatch detected,0,0,-1,,
2026-03-21T08:56:08.508367,1377,62,error,high,lua,Lua error [FRAME_DESYNC]: Severe frame ID mismatch detected,0,0,-1,,
2026-03-21T08:56:49.029055,1378,161,error,high,lua,Lua error [FRAME_DESYNC]: Severe frame ID mismatch detected,0,0,-1,,
2026-03-21T08:56:57.746742,1380,117,error,high,lua,Lua error [FRAME_DESYNC]: Severe frame ID mismatch detected,0,0,-1,,
2026-03-21T08:57:21.629333,1381,79,error,high,lua,Lua error [FRAME_DESYNC]: Severe frame ID mismatch detected,0,0,-1,,
2026-03-21T08:57:48.939784,1382,373,error,high,lua,Lua error [FRAME_DESYNC]: Severe frame ID mismatch detected,0,0,-1,,
2026-03-21T08:59:01.472281,1386,103,error,high,lua,Lua error [FRAME_DESYNC]: Severe frame ID mismatch detected,0,0,-1,,
2026-03-21T08:59:24.699419,1387,322,error,high,lua,Lua error [FRAME_DESYNC]: Severe frame ID mismatch detected,0,0,-1,,
2026-03-21T08:59:29.209318,1388,57,error,high,lua,Lua error [FRAME_DESYNC]: Severe frame ID mismatch detected,0,0,-1,,
2026-03-21T08:59:47.476983,1390,251,error,high,lua,Lua error [FRAME_DESYNC]: Severe frame ID mismatch detected,0,0,-1,,
2026-03-21T09:00:20.222572,1391,480,error,high,lua,Lua error [FRAME_DESYNC]: Severe frame ID mismatch detected,0,0,-1,,
2026-03-21T09:00:30.652594,1391,141,error,high,lua,Lua error [FRAME_DESYNC]: Severe frame ID mismatch detected,0,0,-1,,
2026-03-21T09:00:54.779328,1392,339,error,high,lua,Lua error [FRAME_DESYNC]: Severe frame ID mismatch detected,0,0,-1,,
2026-03-21T09:01:09.054585,1394,198,error,high,lua,Lua error [FRAME_DESYNC]: Severe frame ID mismatch detected,0,0,-1,,
2026-03-21T09:01:37.673865,1395,164,error,high,lua,Lua error [FRAME_DESYNC]: Severe frame ID mismatch detected,0,0,-1,,
2026-03-21T09:02:00.920509,1397,72,error,high,lua,Lua error [FRAME_DESYNC]: Severe frame ID mismatch detected,0,0,-1,,
2026-03-21T09:02:30.558436,1399,167,error,high,lua,Lua error [FRAME_DESYNC]: Severe frame ID mismatch detected,0,0,-1,,
2026-03-21T09:02:52.505910,1400,312,error,high,lua,Lua error [FRAME_DESYNC]: Severe frame ID mismatch detected,0,0,-1,,
2026-03-21T09:02:56.843998,1401,55,error,high,lua,Lua error [FRAME_DESYNC]: Severe frame ID mismatch detected,0,0,-1,,
2026-03-21T09:03:45.208989,1404,137,error,high,lua,Lua error [FRAME_DESYNC]: Severe frame ID mismatch detected,0,0,-1,,
2026-03-21T09:03:49.153736,1405,46,error,high,lua,Lua error [FRAME_DESYNC]: Severe frame ID mismatch detected,0,0,-1,,
2026-03-21T09:04:15.403097,1408,49,error,high,lua,Lua error [FRAME_DESYNC]: Severe frame ID mismatch detected,0,0,-1,,
2026-03-21T09:04:48.048770,1409,479,error,high,lua,Lua error [FRAME_DESYNC]: Severe frame ID mismatch detected,0,0,-1,,
2026-03-21T09:04:53.596018,1410,75,error,high,lua,Lua error [FRAME_DESYNC]: Severe frame ID mismatch detected,0,0,-1,,
2026-03-21T09:04:58.188226,1410,59,error,high,lua,Lua error [FRAME_DESYNC]: Severe frame ID mismatch detected,0,0,-1,,
2026-03-21T09:05:01.865818,1412,46,error,high,lua,Lua error [FRAME_DESYNC]: Severe frame ID mismatch detected,0,0,-1,,
2026-03-21T09:05:50.146554,1413,411,error,high,lua,Lua error [FRAME_DESYNC]: Severe frame ID mismatch detected,0,0,-1,,
2026-03-21T09:05:54.727878,1414,57,error,high,lua,Lua error [FRAME_DESYNC]: Severe frame ID mismatch detected,0,0,-1,,
2026-03-21T09:06:27.990313,1416,465,error,high,lua,Lua error [FRAME_DESYNC]: Severe frame ID mismatch detected,0,0,-1,,
2026-03-21T09:06:33.370030,1416,70,error,high,lua,Lua error [FRAME_DESYNC]: Severe frame ID mismatch detected,0,0,-1,,
2026-03-21T09:06:56.935871,1417,331,error,high,lua,Lua error [FRAME_DESYNC]: Severe frame ID mismatch detected,0,0,-1,,
2026-03-21T09:07:01.894529,1418,63,error,high,lua,Lua error [FRAME_DESYNC]: Severe frame ID mismatch detected,0,0,-1,,
2026-03-21T09:07:27.235694,1419,356,error,high,lua,Lua error [FRAME_DESYNC]: Severe frame ID mismatch detected,0,0,-1,,
2026-03-21T09:07:46.384540,1422,44,error,high,lua,Lua error [FRAME_DESYNC]: Severe frame ID mismatch detected,0,0,-1,,
2026-03-21T09:08:20.381082,1423,305,error,high,lua,Lua error [FRAME_DESYNC]: Severe frame ID mismatch detected,0,0,-1,,
2026-03-21T09:08:24.895008,1425,56,error,high,lua,Lua error [FRAME_DESYNC]: Severe frame ID mismatch detected,0,0,-1,,
2026-03-21T09:08:28.876356,1425,51,error,high,lua,Lua error [FRAME_DESYNC]: Severe frame ID mismatch detected,0,0,-1,,
2026-03-21T09:08:43.972150,1426,207,error,high,lua,Lua error [FRAME_DESYNC]: Severe frame ID mismatch detected,0,0,-1,,
2026-03-21T09:08:48.257913,1427,51,error,high,lua,Lua error [FRAME_DESYNC]: Severe frame ID mismatch detected,0,0,-1,,
2026-03-21T09:09:25.278027,1430,76,error,high,lua,Lua error [FRAME_DESYNC]: Severe frame ID mismatch detected,0,0,-1,,
2026-03-21T09:09:39.793474,1431,197,error,high,lua,Lua error [FRAME_DESYNC]: Severe frame ID mismatch detected,0,0,-1,,
2026-03-21T09:10:23.112364,1433,384,error,high,lua,Lua error [FRAME_DESYNC]: Severe frame ID mismatch detected,0,0,-1,,
2026-03-21T09:10:27.461119,1434,53,error,high,lua,Lua error [FRAME_DESYNC]: Severe frame ID mismatch detected,0,0,-1,,
2026-03-21T09:10:46.428571,1436,51,error,high,lua,Lua error [FRAME_DESYNC]: Severe frame ID mismatch detected,0,0,-1,,
2026-03-21T09:10:57.791927,1438,157,error,high,lua,Lua error [FRAME_DESYNC]: Severe frame ID mismatch detected,0,0,-1,,
2026-03-21T09:11:20.948943,1439,63,error,high,lua,Lua error [FRAME_DESYNC]: Severe frame ID mismatch detected,0,0,-1,,
2026-03-21T09:12:17.305860,1442,234,error,high,lua,Lua error [FRAME_DESYNC]: Severe frame ID mismatch detected,0,0,-1,,
2026-03-21T09:13:13.235937,1443,631,error,high,lua,Lua error [FRAME_DESYNC]: Severe frame ID mismatch detected,0,0,-1,,
2026-03-21T09:13:30.033801,1444,235,error,high,lua,Lua error [FRAME_DESYNC]: Severe frame ID mismatch detected,0,0,-1,,
2026-03-21T09:14:11.933095,1446,219,error,high,lua,Lua error [FRAME_DESYNC]: Severe frame ID mismatch detected,0,0,-1,,
2026-03-21T09:14:38.223473,1447,384,error,high,lua,Lua error [FRAME_DESYNC]: Severe frame ID mismatch detected,0,0,-1,,
2026-03-21T09:14:42.066530,1448,47,error,high,lua,Lua error [FRAME_DESYNC]: Severe frame ID mismatch detected,0,0,-1,,
2026-03-21T09:14:58.028941,1449,230,error,high,lua,Lua error [FRAME_DESYNC]: Severe frame ID mismatch detected,0,0,-1,,
2026-03-21T09:15:02.647816,1450,57,error,high,lua,Lua error [FRAME_DESYNC]: Severe frame ID mismatch detected,0,0,-1,,
2026-03-21T09:15:10.175909,1451,104,error,high,lua,Lua error [FRAME_DESYNC]: Severe frame ID mismatch detected,0,0,-1,,
2026-03-21T09:15:51.917622,1453,56,error,high,lua,Lua error [FRAME_DESYNC]: Severe frame ID mismatch detected,0,0,-1,,
2026-03-21T09:16:05.163188,1454,181,error,high,lua,Lua error [FRAME_DESYNC]: Severe frame ID mismatch detected,0,0,-1,,
2026-03-21T09:16:13.315792,1455,108,error,high,lua,Lua error [FRAME_DESYNC]: Severe frame ID mismatch detected,0,0,-1,,
2026-03-21T09:16:25.157936,1456,166,error,high,lua,Lua error [FRAME_DESYNC]: Severe frame ID mismatch detected,0,0,-1,,
2026-03-21T09:17:11.933312,1458,429,error,high,lua,Lua error [FRAME_DESYNC]: Severe frame ID mismatch detected,0,0,-1,,
2026-03-21T09:17:44.377314,1460,65,error,high,lua,Lua error [FRAME_DESYNC]: Severe frame ID mismatch detected,0,0,-1,,
2026-03-21T09:17:48.675442,1461,55,error,high,lua,Lua error [FRAME_DESYNC]: Severe frame ID mismatch detected,0,0,-1,,
2026-03-21T09:18:31.314975,1465,52,error,high,lua,Lua error [FRAME_DESYNC]: Severe frame ID mismatch detected,0,0,-1,,
2026-03-21T09:18:58.947926,1465,406,error,high,lua,Lua error [FRAME_DESYNC]: Severe frame ID mismatch detected,0,0,-1,,
2026-03-21T09:18:58.948415,1465,406,error,high,lua,Lua error [FRAME_DESYNC]: Severe frame ID mismatch detected,0,0,-1,,
2026-03-21T09:19:03.722147,1466,62,error,high,lua,Lua error [FRAME_DESYNC]: Severe frame ID mismatch detected,0,0,-1,,
2026-03-21T09:19:16.850683,1467,186,error,high,lua,Lua error [FRAME_DESYNC]: Severe frame ID mismatch detected,0,0,-1,,
2026-03-21T09:19:33.126516,1469,232,error,high,lua,Lua error [FRAME_DESYNC]: Severe frame ID mismatch detected,0,0,-1,,
2026-03-21T09:19:39.879215,1469,92,error,high,lua,Lua error [FRAME_DESYNC]: Severe frame ID mismatch detected,0,0,-1,,
2026-03-21T09:19:46.216914,1470,85,error,high,lua,Lua error [FRAME_DESYNC]: Severe frame ID mismatch detected,0,0,-1,,
2026-03-21T09:19:50.145285,1471,50,error,high,lua,Lua error [FRAME_DESYNC]: Severe frame ID mismatch detected,0,0,-1,,
2026-03-21T09:20:38.544551,1474,421,error,high,lua,Lua error [FRAME_DESYNC]: Severe frame ID mismatch detected,0,0,-1,,
2026-03-21T09:21:08.300132,1475,194,error,high,lua,Lua error [FRAME_DESYNC]: Severe frame ID mismatch detected,0,0,-1,,
2026-03-21T09:21:21.568651,1477,180,error,high,lua,Lua error [FRAME_DESYNC]: Severe frame ID mismatch detected,0,0,-1,,
2026-03-21T09:21:47.584291,1478,100,error,high,lua,Lua error [FRAME_DESYNC]: Severe frame ID mismatch detected,0,0,-1,,
2026-03-21T09:22:04.233994,1480,226,error,high,lua,Lua error [FRAME_DESYNC]: Severe frame ID mismatch detected,0,0,-1,,
2026-03-21T09:22:20.813286,1480,228,error,high,lua,Lua error [FRAME_DESYNC]: Severe frame ID mismatch detected,0,0,-1,,
2026-03-21T09:22:24.690195,1481,47,error,high,lua,Lua error [FRAME_DESYNC]: Severe frame ID mismatch detected,0,0,-1,,
2026-03-21T09:23:10.796778,1482,682,error,high,lua,Lua error [FRAME_DESYNC]: Severe frame ID mismatch detected,0,0,-1,,
2026-03-21T09:23:19.937393,1484,119,error,high,lua,Lua error [FRAME_DESYNC]: Severe frame ID mismatch detected,0,0,-1,,
2026-03-21T09:23:43.709890,1484,346,error,high,lua,Lua error [FRAME_DESYNC]: Severe frame ID mismatch detected,0,0,-1,,
2026-03-21T09:23:52.361239,1485,115,error,high,lua,Lua error [FRAME_DESYNC]: Severe frame ID mismatch detected,0,0,-1,,
2026-03-21T09:24:24.275369,1487,214,error,high,lua,Lua error [FRAME_DESYNC]: Severe frame ID mismatch detected,0,0,-1,,
2026-03-21T09:24:29.084279,1488,61,error,high,lua,Lua error [FRAME_DESYNC]: Severe frame ID mismatch detected,0,0,-1,,
2026-03-21T09:25:54.825701,1492,60,error,high,lua,Lua error [FRAME_DESYNC]: Severe frame ID mismatch detected,0,0,-1,,
2026-03-21T09:26:22.462462,1493,392,error,high,lua,Lua error [FRAME_DESYNC]: Severe frame ID mismatch detected,0,0,-1,,
2026-03-21T09:26:48.680579,1495,69,error,high,lua,Lua error [FRAME_DESYNC]: Severe frame ID mismatch detected,0,0,-1,,
2026-03-21T09:26:52.963408,1496,53,error,high,lua,Lua error [FRAME_DESYNC]: Severe frame ID mismatch detected,0,0,-1,,
2026-03-21T09:27:11.548443,1497,270,error,high,lua,Lua error [FRAME_DESYNC]: Severe frame ID mismatch detected,0,0,-1,,
2026-03-21T09:27:22.064719,1498,147,error,high,lua,Lua error [FRAME_DESYNC]: Severe frame ID mismatch detected,0,0,-1,,
2026-03-21T09:28:07.905285,1501,51,error,high,lua,Lua error [FRAME_DESYNC]: Severe frame ID mismatch detected,0,0,-1,,
2026-03-21T09:28:18.659887,1502,144,error,high,lua,Lua error [FRAME_DESYNC]: Severe frame ID mismatch detected,0,0,-1,,
2026-03-21T09:28:18.660349,1502,144,error,high,lua,Lua error [FRAME_DESYNC]: Severe frame ID mismatch detected,0,0,-1,,
2026-03-21T09:28:54.162409,1504,212,error,high,lua,Lua error [FRAME_DESYNC]: Severe frame ID mismatch detected,0,0,-1,,
2026-03-21T09:29:15.562871,1506,56,error,high,lua,Lua error [FRAME_DESYNC]: Severe frame ID mismatch detected,0,0,-1,,
2026-03-21T09:29:42.232399,1508,54,error,high,lua,Lua error [FRAME_DESYNC]: Severe frame ID mismatch detected,0,0,-1,,
2026-03-21T09:30:06.009924,1509,345,error,high,lua,Lua error [FRAME_DESYNC]: Severe frame ID mismatch detected,0,0,-1,,
2026-03-21T09:31:07.940728,1511,281,error,high,lua,Lua error [FRAME_DESYNC]: Severe frame ID mismatch detected,0,0,-1,,
2026-03-21T09:31:22.772080,1512,213,error,high,lua,Lua error [FRAME_DESYNC]: Severe frame ID mismatch detected,0,0,-1,,
2026-03-21T09:31:58.785996,1513,511,error,high,lua,Lua error [FRAME_DESYNC]: Severe frame ID mismatch detected,0,0,-1,,
2026-03-21T09:32:32.454471,1516,212,error,high,lua,Lua error [FRAME_DESYNC]: Severe frame ID mismatch detected,0,0,-1,,
2026-03-21T09:32:50.470815,1516,253,error,high,lua,Lua error [FRAME_DESYNC]: Severe frame ID mismatch detected,0,0,-1,,
2026-03-21T09:33:20.078104,1517,434,error,high,lua,Lua error [FRAME_DESYNC]: Severe frame ID mismatch detected,0,0,-1,,
2026-03-21T09:33:49.697225,1519,429,error,high,lua,Lua error [FRAME_DESYNC]: Severe frame ID mismatch detected,0,0,-1,,
2026-03-21T09:33:53.316585,1519,46,error,high,lua,Lua error [FRAME_DESYNC]: Severe frame ID mismatch detected,0,0,-1,,
2026-03-21T09:33:57.926101,1520,56,error,high,lua,Lua error [FRAME_DESYNC]: Severe frame ID mismatch detected,0,0,-1,,
2026-03-21T09:34:01.830592,1521,46,error,high,lua,Lua error [FRAME_DESYNC]: Severe frame ID mismatch detected,0,0,-1,,
2026-03-21T09:34:07.559823,1522,76,error,high,lua,Lua error [FRAME_DESYNC]: Severe frame ID mismatch detected,0,0,-1,,
2026-03-21T09:34:19.894862,1523,175,error,high,lua,Lua error [FRAME_DESYNC]: Severe frame ID mismatch detected,0,0,-1,,
2026-03-21T09:34:36.614892,1524,228,error,high,lua,Lua error [FRAME_DESYNC]: Severe frame ID mismatch detected,0,0,-1,,
2026-03-21T09:34:40.541592,1526,48,error,high,lua,Lua error [FRAME_DESYNC]: Severe frame ID mismatch detected,0,0,-1,,
2026-03-21T09:34:44.941279,1526,58,error,high,lua,Lua error [FRAME_DESYNC]: Severe frame ID mismatch detected,0,0,-1,,
2026-03-21T09:34:54.521241,1527,134,error,high,lua,Lua error [FRAME_DESYNC]: Severe frame ID mismatch detected,0,0,-1,,
2026-03-21T09:35:24.128885,1529,57,error,high,lua,Lua error [FRAME_DESYNC]: Severe frame ID mismatch detected,0,0,-1,,
2026-03-21T09:35:24.129342,1529,57,error,high,lua,Lua error [FRAME_DESYNC]: Severe frame ID mismatch detected,0,0,-1,,
2026-03-21T09:35:48.773297,1532,117,error,high,lua,Lua error [FRAME_DESYNC]: Severe frame ID mismatch detected,0,0,-1,,
2026-03-21T09:36:08.112990,1532,268,error,high,lua,Lua error [FRAME_DESYNC]: Severe frame ID mismatch detected,0,0,-1,,
2026-03-21T09:36:26.187044,1533,262,error,high,lua,Lua error [FRAME_DESYNC]: Severe frame ID mismatch detected,0,0,-1,,
2026-03-21T09:36:42.903863,1534,229,error,high,lua,Lua error [FRAME_DESYNC]: Severe frame ID mismatch detected,0,0,-1,,
2026-03-21T09:37:28.016275,1536,196,error,high,lua,Lua error [FRAME_DESYNC]: Severe frame ID mismatch detected,0,0,-1,,
2026-03-21T09:37:46.192316,1538,56,error,high,lua,Lua error [FRAME_DESYNC]: Severe frame ID mismatch detected,0,0,-1,,
2026-03-21T09:38:10.036192,1540,55,error,high,lua,Lua error [FRAME_DESYNC]: Severe frame ID mismatch detected,0,0,-1,,
2026-03-21T09:38:54.119433,1542,242,error,high,lua,Lua error [FRAME_DESYNC]: Severe frame ID mismatch detected,0,0,-1,,
2026-03-21T09:38:54.120067,1542,242,error,high,lua,Lua error [FRAME_DESYNC]: Severe frame ID mismatch detected,0,0,-1,,
2026-03-21T09:38:58.860935,1544,61,error,high,lua,Lua error [FRAME_DESYNC]: Severe frame ID mismatch detected,0,0,-1,,
2026-03-21T09:39:29.422059,1545,197,error,high,lua,Lua error [FRAME_DESYNC]: Severe frame ID mismatch detected,0,0,-1,,
2026-03-21T09:39:47.678332,1547,260,error,high,lua,Lua error [FRAME_DESYNC]: Severe frame ID mismatch detected,0,0,-1,,
2026-03-21T09:39:51.925174,1547,52,error,high,lua,Lua error [FRAME_DESYNC]: Severe frame ID mismatch detected,0,0,-1,,
2026-03-21T09:39:56.196563,1548,53,error,high,lua,Lua error [FRAME_DESYNC]: Severe frame ID mismatch detected,0,0,-1,,
2026-03-21T09:40:00.356783,1550,53,error,high,lua,Lua error [FRAME_DESYNC]: Severe frame ID mismatch detected,0,0,-1,,
2026-03-21T09:40:29.089048,1550,421,error,high,lua,Lua error [FRAME_DESYNC]: Severe frame ID mismatch detected,0,0,-1,,
2026-03-21T09:40:34.030777,1551,63,error,high,lua,Lua error [FRAME_DESYNC]: Severe frame ID mismatch detected,0,0,-1,,
2026-03-21T09:41:05.745965,1553,173,error,high,lua,Lua error [FRAME_DESYNC]: Severe frame ID mismatch detected,0,0,-1,,
2026-03-21T09:41:10.837335,1554,65,error,high,lua,Lua error [FRAME_DESYNC]: Severe frame ID mismatch detected,0,0,-1,,
2026-03-21T09:41:32.478354,1556,55,error,high,lua,Lua error [FRAME_DESYNC]: Severe frame ID mismatch detected,0,0,-1,,
2026-03-21T09:41:43.774791,1557,160,error,high,lua,Lua error [FRAME_DESYNC]: Severe frame ID mismatch detected,0,0,-1,,
2026-03-21T09:41:58.677932,1558,207,error,high,lua,Lua error [FRAME_DESYNC]: Severe frame ID mismatch detected,0,0,-1,,
2026-03-21T09:42:21.320176,1559,317,error,high,lua,Lua error [FRAME_DESYNC]: Severe frame ID mismatch detected,0,0,-1,,
2026-03-21T09:42:55.058439,1560,495,error,high,lua,Lua error [FRAME_DESYNC]: Severe frame ID mismatch detected,0,0,-1,,
2026-03-21T09:42:59.473153,1561,55,error,high,lua,Lua error [FRAME_DESYNC]: Severe frame ID mismatch detected,0,0,-1,,
2026-03-21T09:43:03.440735,1562,49,error,high,lua,Lua error [FRAME_DESYNC]: Severe frame ID mismatch detected,0,0,-1,,
2026-03-21T09:43:11.520096,1563,111,error,high,lua,Lua error [FRAME_DESYNC]: Severe frame ID mismatch detected,0,0,-1,,
2026-03-21T09:43:17.300625,1565,73,error,high,lua,Lua error [FRAME_DESYNC]: Severe frame ID mismatch detected,0,0,-1,,
2026-03-21T09:43:22.723649,1565,73,error,high,lua,Lua error [FRAME_DESYNC]: Severe frame ID mismatch detected,0,0,-1,,
2026-03-21T09:43:27.735249,1566,67,error,high,lua,Lua error [FRAME_DESYNC]: Severe frame ID mismatch detected,0,0,-1,,
2026-03-21T09:43:58.863995,1568,58,error,high,lua,Lua error [FRAME_DESYNC]: Severe frame ID mismatch detected,0,0,-1,,
2026-03-21T09:44:06.861908,1569,111,error,high,lua,Lua error [FRAME_DESYNC]: Severe frame ID mismatch detected,0,0,-1,,
2026-03-21T09:44:16.456198,1571,128,error,high,lua,Lua error [FRAME_DESYNC]: Severe frame ID mismatch detected,0,0,-1,,
2026-03-21T09:44:52.708245,1572,48,error,high,lua,Lua error [FRAME_DESYNC]: Severe frame ID mismatch detected,0,0,-1,,
2026-03-21T09:45:06.226139,1573,189,error,high,lua,Lua error [FRAME_DESYNC]: Severe frame ID mismatch detected,0,0,-1,,
2026-03-21T09:45:16.535878,1574,145,error,high,lua,Lua error [FRAME_DESYNC]: Severe frame ID mismatch detected,0,0,-1,,
2026-03-21T09:45:21.977693,1576,71,error,high,lua,Lua error [FRAME_DESYNC]: Severe frame ID mismatch detected,0,0,-1,,
2026-03-21T09:45:32.364463,1576,147,error,high,lua,Lua error [FRAME_DESYNC]: Severe frame ID mismatch detected,0,0,-1,,
2026-03-21T09:45:52.642314,1577,276,error,high,lua,Lua error [FRAME_DESYNC]: Severe frame ID mismatch detected,0,0,-1,,
2026-03-21T09:45:59.591320,1578,89,error,high,lua,Lua error [FRAME_DESYNC]: Severe frame ID mismatch detected,0,0,-1,,
2026-03-21T09:46:03.805894,1580,53,error,high,lua,Lua error [FRAME_DESYNC]: Severe frame ID mismatch detected,0,0,-1,,
2026-03-21T09:46:55.066933,1580,724,error,high,lua,Lua error [FRAME_DESYNC]: Severe frame ID mismatch detected,0,0,-1,,
2026-03-21T09:47:05.515320,1581,147,error,high,lua,Lua error [FRAME_DESYNC]: Severe frame ID mismatch detected,0,0,-1,,
2026-03-21T09:47:42.720534,1582,543,error,high,lua,Lua error [FRAME_DESYNC]: Severe frame ID mismatch detected,0,0,-1,,
2026-03-21T09:48:06.551199,1585,79,error,high,lua,Lua error [FRAME_DESYNC]: Severe frame ID mismatch detected,0,0,-1,,
2026-03-21T09:48:22.321931,1585,218,error,high,lua,Lua error [FRAME_DESYNC]: Severe frame ID mismatch detected,0,0,-1,,
2026-03-21T09:48:30.079556,1587,102,error,high,lua,Lua error [FRAME_DESYNC]: Severe frame ID mismatch detected,0,0,-1,,
2026-03-21T09:48:40.574591,1587,143,error,high,lua,Lua error [FRAME_DESYNC]: Severe frame ID mismatch detected,0,0,-1,,
2026-03-21T09:48:51.279167,1588,152,error,high,lua,Lua error [FRAME_DESYNC]: Severe frame ID mismatch detected,0,0,-1,,
2026-03-21T09:48:55.455878,1589,53,error,high,lua,Lua error [FRAME_DESYNC]: Severe frame ID mismatch detected,0,0,-1,,
2026-03-21T09:48:58.805564,1590,41,error,high,lua,Lua error [FRAME_DESYNC]: Severe frame ID mismatch detected,0,0,-1,,
2026-03-21T09:49:35.306776,1593,63,error,high,lua,Lua error [FRAME_DESYNC]: Severe frame ID mismatch detected,0,0,-1,,
2026-03-21T09:49:39.178879,1594,47,error,high,lua,Lua error [FRAME_DESYNC]: Severe frame ID mismatch detected,0,0,-1,,
2026-03-21T09:50:33.676734,1597,66,error,high,lua,Lua error [FRAME_DESYNC]: Severe frame ID mismatch detected,0,0,-1,,
2026-03-21T09:50:47.320063,1598,196,error,high,lua,Lua error [FRAME_DESYNC]: Severe frame ID mismatch detected,0,0,-1,,
2026-03-21T09:51:00.815840,1598,189,error,high,lua,Lua error [FRAME_DESYNC]: Severe frame ID mismatch detected,0,0,-1,,
2026-03-21T09:51:04.293343,1599,41,error,high,lua,Lua error [FRAME_DESYNC]: Severe frame ID mismatch detected,0,0,-1,,
2026-03-21T09:51:19.678178,1600,218,error,high,lua,Lua error [FRAME_DESYNC]: Severe frame ID mismatch detected,0,0,-1,,
2026-03-21T09:51:31.164981,1601,150,error,high,lua,Lua error [FRAME_DESYNC]: Severe frame ID mismatch detected,0,0,-1,,
2026-03-21T09:52:14.722203,1603,46,error,high,lua,Lua error [FRAME_DESYNC]: Severe frame ID mismatch detected,0,0,-1,,
2026-03-21T09:52:18.912671,1604,52,error,high,lua,Lua error [FRAME_DESYNC]: Severe frame ID mismatch detected,0,0,-1,,
2026-03-21T09:52:28.132710,1605,128,error,high,lua,Lua error [FRAME_DESYNC]: Severe frame ID mismatch detected,0,0,-1,,
2026-03-21T09:52:35.832736,1607,106,error,high,lua,Lua error [FRAME_DESYNC]: Severe frame ID mismatch detected,0,0,-1,,
2026-03-21T09:53:08.551053,1608,195,error,high,lua,Lua error [FRAME_DESYNC]: Severe frame ID mismatch detected,0,0,-1,,
2026-03-21T09:53:26.550730,1609,258,error,high,lua,Lua error [FRAME_DESYNC]: Severe frame ID mismatch detected,0,0,-1,,
2026-03-21T09:53:41.422881,1611,199,error,high,lua,Lua error [FRAME_DESYNC]: Severe frame ID mismatch detected,0,0,-1,,
2026-03-21T09:54:06.191850,1611,362,error,high,lua,Lua error [FRAME_DESYNC]: Severe frame ID mismatch detected,0,0,-1,,
2026-03-21T09:54:22.059600,1612,228,error,high,lua,Lua error [FRAME_DESYNC]: Severe frame ID mismatch detected,0,0,-1,,
2026-03-21T09:54:27.455804,1613,68,error,high,lua,Lua error [FRAME_DESYNC]: Severe frame ID mismatch detected,0,0,-1,,
2026-03-21T09:54:27.456241,1613,68,error,high,lua,Lua error [FRAME_DESYNC]: Severe frame ID mismatch detected,0,0,-1,,
2026-03-21T09:54:49.114107,1615,49,error,high,lua,Lua error [FRAME_DESYNC]: Severe frame ID mismatch detected,0,0,-1,,
2026-03-21T09:55:01.987221,1616,179,error,high,lua,Lua error [FRAME_DESYNC]: Severe frame ID mismatch detected,0,0,-1,,
2026-03-21T09:55:05.536907,1617,44,error,high,lua,Lua error [FRAME_DESYNC]: Severe frame ID mismatch detected,0,0,-1,,
2026-03-21T09:55:24.278944,1618,272,error,high,lua,Lua error [FRAME_DESYNC]: Severe frame ID mismatch detected,0,0,-1,,
2026-03-21T09:55:27.866790,1619,43,error,high,lua,Lua error [FRAME_DESYNC]: Severe frame ID mismatch detected,0,0,-1,,
2026-03-21T09:55:53.546198,1620,374,error,high,lua,Lua error [FRAME_DESYNC]: Severe frame ID mismatch detected,0,0,-1,,
2026-03-21T09:56:19.572825,1622,185,error,high,lua,Lua error [FRAME_DESYNC]: Severe frame ID mismatch detected,0,0,-1,,
2026-03-21T09:56:23.996634,1623,56,error,high,lua,Lua error [FRAME_DESYNC]: Severe frame ID mismatch detected,0,0,-1,,
2026-03-21T09:57:08.215652,1626,239,error,high,lua,Lua error [FRAME_DESYNC]: Severe frame ID mismatch detected,0,0,-1,,
2026-03-21T09:57:19.298298,1627,150,error,high,lua,Lua error [FRAME_DESYNC]: Severe frame ID mismatch detected,0,0,-1,,
2026-03-21T09:57:25.089030,1629,77,error,high,lua,Lua error [FRAME_DESYNC]: Severe frame ID mismatch detected,0,0,-1,,
2026-03-21T09:57:40.932811,1629,227,error,high,lua,Lua error [FRAME_DESYNC]: Severe frame ID mismatch detected,0,0,-1,,
2026-03-21T09:58:04.134821,1630,335,error,high,lua,Lua error [FRAME_DESYNC]: Severe frame ID mismatch detected,0,0,-1,,
2026-03-21T09:58:09.037645,1632,61,error,high,lua,Lua error [FRAME_DESYNC]: Severe frame ID mismatch detected,0,0,-1,,
2026-03-21T09:58:42.625639,1634,195,error,high,lua,Lua error [FRAME_DESYNC]: Severe frame ID mismatch detected,0,0,-1,,
2026-03-21T09:59:05.936293,1634,338,error,high,lua,Lua error [FRAME_DESYNC]: Severe frame ID mismatch detected,0,0,-1,,
2026-03-21T09:59:19.691952,1635,193,error,high,lua,Lua error [FRAME_DESYNC]: Severe frame ID mismatch detected,0,0,-1,,
2026-03-21T09:59:50.587756,1636,452,error,high,lua,Lua error [FRAME_DESYNC]: Severe frame ID mismatch detected,0,0,-1,,
2026-03-21T10:00:18.543881,1637,391,error,high,lua,Lua error [FRAME_DESYNC]: Severe frame ID mismatch detected,0,0,-1,,
2026-03-21T10:00:49.534823,1638,439,error,high,lua,Lua error [FRAME_DESYNC]: Severe frame ID mismatch detected,0,0,-1,,
2026-03-21T10:01:11.736580,1639,314,error,high,lua,Lua error [FRAME_DESYNC]: Severe frame ID mismatch detected,0,0,-1,,
2026-03-21T10:01:29.177395,1640,238,error,high,lua,Lua error [FRAME_DESYNC]: Severe frame ID mismatch detected,0,0,-1,,
2026-03-21T10:01:33.737087,1641,55,error,high,lua,Lua error [FRAME_DESYNC]: Severe frame ID mismatch detected,0,0,-1,,
2026-03-21T10:01:37.086745,1643,39,error,high,lua,Lua error [FRAME_DESYNC]: Severe frame ID mismatch detected,0,0,-1,,
2026-03-21T10:01:37.087100,1643,39,error,high,lua,Lua error [FRAME_DESYNC]: Severe frame ID mismatch detected,0,0,-1,,
2026-03-21T10:02:09.839816,1645,58,error,high,lua,Lua error [FRAME_DESYNC]: Severe frame ID mismatch detected,0,0,-1,,
2026-03-21T10:02:35.250735,1645,356,error,high,lua,Lua error [FRAME_DESYNC]: Severe frame ID mismatch detected,0,0,-1,,
2026-03-21T10:02:46.948569,1647,166,error,high,lua,Lua error [FRAME_DESYNC]: Severe frame ID mismatch detected,0,0,-1,,
2026-03-21T10:03:13.234505,1647,375,error,high,lua,Lua error [FRAME_DESYNC]: Severe frame ID mismatch detected,0,0,-1,,
2026-03-21T10:03:17.376240,1648,53,error,high,lua,Lua error [FRAME_DESYNC]: Severe frame ID mismatch detected,0,0,-1,,
2026-03-21T10:03:22.329235,1649,62,error,high,lua,Lua error [FRAME_DESYNC]: Severe frame ID mismatch detected,0,0,-1,,
2026-03-21T10:03:34.918199,1650,179,error,high,lua,Lua error [FRAME_DESYNC]: Severe frame ID mismatch detected,0,0,-1,,
2026-03-21T10:04:03.832383,1651,402,error,high,lua,Lua error [FRAME_DESYNC]: Severe frame ID mismatch detected,0,0,-1,,
2026-03-21T10:04:23.716080,1652,286,error,high,lua,Lua error [FRAME_DESYNC]: Severe frame ID mismatch detected,0,0,-1,,
2026-03-21T10:04:48.981235,1653,350,error,high,lua,Lua error [FRAME_DESYNC]: Severe frame ID mismatch detected,0,0,-1,,
2026-03-21T10:04:59.822990,1654,149,error,high,lua,Lua error [FRAME_DESYNC]: Severe frame ID mismatch detected,0,0,-1,,
2026-03-21T10:05:04.548674,1656,61,error,high,lua,Lua error [FRAME_DESYNC]: Severe frame ID mismatch detected,0,0,-1,,
2026-03-21T10:05:09.574046,1657,66,error,high,lua,Lua error [FRAME_DESYNC]: Severe frame ID mismatch detected,0,0,-1,,
2026-03-21T10:05:56.429420,1657,691,error,high,lua,Lua error [FRAME_DESYNC]: Severe frame ID mismatch detected,0,0,-1,,
2026-03-21T10:06:05.875602,1658,129,error,high,lua,Lua error [FRAME_DESYNC]: Severe frame ID mismatch detected,0,0,-1,,
2026-03-21T10:06:20.522429,1659,210,error,high,lua,Lua error [FRAME_DESYNC]: Severe frame ID mismatch detected,0,0,-1,,
2026-03-21T10:06:51.393846,1661,269,error,high,lua,Lua error [FRAME_DESYNC]: Severe frame ID mismatch detected,0,0,-1,,
2026-03-21T10:07:06.151585,1663,208,error,high,lua,Lua error [FRAME_DESYNC]: Severe frame ID mismatch detected,0,0,-1,,
2026-03-21T10:08:17.923400,1665,336,error,high,lua,Lua error [FRAME_DESYNC]: Severe frame ID mismatch detected,0,0,-1,,
2026-03-21T10:09:08.267264,1667,264,error,high,lua,Lua error [FRAME_DESYNC]: Severe frame ID mismatch detected,0,0,-1,,
2026-03-21T10:09:23.294408,1668,212,error,high,lua,Lua error [FRAME_DESYNC]: Severe frame ID mismatch detected,0,0,-1,,
2026-03-21T10:10:16.955932,1670,344,error,high,lua,Lua error [FRAME_DESYNC]: Severe frame ID mismatch detected,0,0,-1,,
2026-03-21T10:10:37.127967,1671,278,error,high,lua,Lua error [FRAME_DESYNC]: Severe frame ID mismatch detected,0,0,-1,,
2026-03-21T10:11:34.826909,1674,350,error,high,lua,Lua error [FRAME_DESYNC]: Severe frame ID mismatch detected,0,0,-1,,
2026-03-21T10:11:38.146970,1675,41,error,high,lua,Lua error [FRAME_DESYNC]: Severe frame ID mismatch detected,0,0,-1,,
2026-03-21T10:11:42.636294,1677,53,error,high,lua,Lua error [FRAME_DESYNC]: Severe frame ID mismatch detected,0,0,-1,,
2026-03-21T10:11:47.944163,1677,71,error,high,lua,Lua error [FRAME_DESYNC]: Severe frame ID mismatch detected,0,0,-1,,
2026-03-21T10:12:17.692712,1679,436,error,high,lua,Lua error [FRAME_DESYNC]: Severe frame ID mismatch detected,0,0,-1,,
2026-03-21T10:12:28.474157,1679,145,error,high,lua,Lua error [FRAME_DESYNC]: Severe frame ID mismatch detected,0,0,-1,,
2026-03-21T10:13:07.977847,1681,322,error,high,lua,Lua error [FRAME_DESYNC]: Severe frame ID mismatch detected,0,0,-1,,
2026-03-21T10:13:28.037417,1682,291,error,high,lua,Lua error [FRAME_DESYNC]: Severe frame ID mismatch detected,0,0,-1,,
2026-03-21T10:13:51.172518,1684,57,error,high,lua,Lua error [FRAME_DESYNC]: Severe frame ID mismatch detected,0,0,-1,,
2026-03-21T10:14:14.147087,1687,103,error,high,lua,Lua error [FRAME_DESYNC]: Severe frame ID mismatch detected,0,0,-1,,
2026-03-21T10:14:47.482880,1688,477,error,high,lua,Lua error [FRAME_DESYNC]: Severe frame ID mismatch detected,0,0,-1,,
2026-03-21T10:15:19.782406,1689,230,error,high,lua,Lua error [FRAME_DESYNC]: Severe frame ID mismatch detected,0,0,-1,,
2026-03-21T10:15:40.205455,1690,295,error,high,lua,Lua error [FRAME_DESYNC]: Severe frame ID mismatch detected,0,0,-1,,
2026-03-21T10:15:43.925307,1691,44,error,high,lua,Lua error [FRAME_DESYNC]: Severe frame ID mismatch detected,0,0,-1,,
2026-03-21T10:15:47.762892,1692,46,error,high,lua,Lua error [FRAME_DESYNC]: Severe frame ID mismatch detected,0,0,-1,,
2026-03-21T10:16:01.589873,1693,188,error,high,lua,Lua error [FRAME_DESYNC]: Severe frame ID mismatch detected,0,0,-1,,
2026-03-21T10:16:08.240853,1694,90,error,high,lua,Lua error [FRAME_DESYNC]: Severe frame ID mismatch detected,0,0,-1,,
2026-03-21T10:16:26.315085,1695,245,error,high,lua,Lua error [FRAME_DESYNC]: Severe frame ID mismatch detected,0,0,-1,,
2026-03-21T10:16:31.135210,1696,62,error,high,lua,Lua error [FRAME_DESYNC]: Severe frame ID mismatch detected,0,0,-1,,
2026-03-21T10:16:31.135631,1696,62,error,high,lua,Lua error [FRAME_DESYNC]: Severe frame ID mismatch detected,0,0,-1,,
2026-03-21T10:16:44.136539,1697,184,error,high,lua,Lua error [FRAME_DESYNC]: Severe frame ID mismatch detected,0,0,-1,,
2026-03-21T10:17:04.928784,1699,59,error,high,lua,Lua error [FRAME_DESYNC]: Severe frame ID mismatch detected,0,0,-1,,
2026-03-21T10:17:08.988986,1700,51,error,high,lua,Lua error [FRAME_DESYNC]: Severe frame ID mismatch detected,0,0,-1,,
2026-03-21T10:17:35.367081,1702,107,error,high,lua,Lua error [FRAME_DESYNC]: Severe frame ID mismatch detected,0,0,-1,,
2026-03-21T10:17:45.480814,1703,135,error,high,lua,Lua error [FRAME_DESYNC]: Severe frame ID mismatch detected,0,0,-1,,
2026-03-21T10:18:01.020110,1705,223,error,high,lua,Lua error [FRAME_DESYNC]: Severe frame ID mismatch detected,0,0,-1,,
2026-03-21T10:18:15.206046,1706,203,error,high,lua,Lua error [FRAME_DESYNC]: Severe frame ID mismatch detected,0,0,-1,,
2026-03-21T10:18:33.155975,1706,250,error,high,lua,Lua error [FRAME_DESYNC]: Severe frame ID mismatch detected,0,0,-1,,
2026-03-21T10:18:37.724452,1707,56,error,high,lua,Lua error [FRAME_DESYNC]: Severe frame ID mismatch detected,0,0,-1,,
2026-03-21T10:19:03.698333,1708,376,error,high,lua,Lua error [FRAME_DESYNC]: Severe frame ID mismatch detected,0,0,-1,,
2026-03-21T10:19:08.828143,1710,66,error,high,lua,Lua error [FRAME_DESYNC]: Severe frame ID mismatch detected,0,0,-1,,
2026-03-21T10:19:13.305348,1710,55,error,high,lua,Lua error [FRAME_DESYNC]: Severe frame ID mismatch detected,0,0,-1,,
2026-03-21T10:20:06.078368,1712,520,error,high,lua,Lua error [FRAME_DESYNC]: Severe frame ID mismatch detected,0,0,-1,,
2026-03-21T10:20:10.188528,1713,52,error,high,lua,Lua error [FRAME_DESYNC]: Severe frame ID mismatch detected,0,0,-1,,
2026-03-21T10:20:30.778038,1714,300,error,high,lua,Lua error [FRAME_DESYNC]: Severe frame ID mismatch detected,0,0,-1,,
2026-03-21T10:20:51.935574,1715,302,error,high,lua,Lua error [FRAME_DESYNC]: Severe frame ID mismatch detected,0,0,-1,,
2026-03-21T10:21:08.608249,1716,241,error,high,lua,Lua error [FRAME_DESYNC]: Severe frame ID mismatch detected,0,0,-1,,
2026-03-21T10:21:23.235402,1717,204,error,high,lua,Lua error [FRAME_DESYNC]: Severe frame ID mismatch detected,0,0,-1,,
2026-03-21T10:21:27.543459,1718,53,error,high,lua,Lua error [FRAME_DESYNC]: Severe frame ID mismatch detected,0,0,-1,,
2026-03-21T10:21:48.875845,1719,293,error,high,lua,Lua error [FRAME_DESYNC]: Severe frame ID mismatch detected,0,0,-1,,
2026-03-21T10:21:54.266673,1720,67,error,high,lua,Lua error [FRAME_DESYNC]: Severe frame ID mismatch detected,0,0,-1,,
2026-03-21T10:22:30.372496,1722,332,error,high,lua,Lua error [FRAME_DESYNC]: Severe frame ID mismatch detected,0,0,-1,,
2026-03-21T10:22:50.271775,1724,47,error,high,lua,Lua error [FRAME_DESYNC]: Severe frame ID mismatch detected,0,0,-1,,
2026-03-21T10:24:00.506208,1727,435,error,high,lua,Lua error [FRAME_DESYNC]: Severe frame ID mismatch detected,0,0,-1,,
2026-03-21T10:24:28.077227,1728,402,error,high,lua,Lua error [FRAME_DESYNC]: Severe frame ID mismatch detected,0,0,-1,,
2026-03-21T10:24:36.264391,1729,109,error,high,lua,Lua error [FRAME_DESYNC]: Severe frame ID mismatch detected,0,0,-1,,
2026-03-21T10:24:47.262284,1730,150,error,high,lua,Lua error [FRAME_DESYNC]: Severe frame ID mismatch detected,0,0,-1,,
2026-03-21T10:25:05.731865,1731,261,error,high,lua,Lua error [FRAME_DESYNC]: Severe frame ID mismatch detected,0,0,-1,,
2026-03-21T10:25:10.590811,1732,63,error,high,lua,Lua error [FRAME_DESYNC]: Severe frame ID mismatch detected,0,0,-1,,
2026-03-21T10:25:27.605763,1733,245,error,high,lua,Lua error [FRAME_DESYNC]: Severe frame ID mismatch detected,0,0,-1,,
2026-03-21T10:26:10.340959,1735,192,error,high,lua,Lua error [FRAME_DESYNC]: Severe frame ID mismatch detected,0,0,-1,,
2026-03-21T10:26:15.399235,1736,67,error,high,lua,Lua error [FRAME_DESYNC]: Severe frame ID mismatch detected,0,0,-1,,
2026-03-21T10:26:18.967429,1738,42,error,high,lua,Lua error [FRAME_DESYNC]: Severe frame ID mismatch detected,0,0,-1,,
2026-03-21T10:26:28.733908,1738,138,error,high,lua,Lua error [FRAME_DESYNC]: Severe frame ID mismatch detected,0,0,-1,,
2026-03-21T10:26:42.587311,1739,192,error,high,lua,Lua error [FRAME_DESYNC]: Severe frame ID mismatch detected,0,0,-1,,
2026-03-21T10:27:10.741656,1740,412,error,high,lua,Lua error [FRAME_DESYNC]: Severe frame ID mismatch detected,0,0,-1,,
2026-03-21T10:27:15.305902,1741,59,error,high,lua,Lua error [FRAME_DESYNC]: Severe frame ID mismatch detected,0,0,-1,,
2026-03-21T10:27:40.664821,1743,107,error,high,lua,Lua error [FRAME_DESYNC]: Severe frame ID mismatch detected,0,0,-1,,
2026-03-21T10:28:22.384411,1744,613,error,high,lua,Lua error [FRAME_DESYNC]: Severe frame ID mismatch detected,0,0,-1,,
2026-03-21T10:28:50.292254,1745,388,error,high,lua,Lua error [FRAME_DESYNC]: Severe frame ID mismatch detected,0,0,-1,,
2026-03-21T10:29:22.905013,1746,473,error,high,lua,Lua error [FRAME_DESYNC]: Severe frame ID mismatch detected,0,0,-1,,
2026-03-21T10:29:43.188478,1748,42,error,high,lua,Lua error [FRAME_DESYNC]: Severe frame ID mismatch detected,0,0,-1,,
2026-03-21T10:29:51.380089,1749,108,error,high,lua,Lua error [FRAME_DESYNC]: Severe frame ID mismatch detected,0,0,-1,,
2026-03-21T10:29:55.822836,1750,55,error,high,lua,Lua error [FRAME_DESYNC]: Severe frame ID mismatch detected,0,0,-1,,
2026-03-21T10:30:10.565165,1751,211,error,high,lua,Lua error [FRAME_DESYNC]: Severe frame ID mismatch detected,0,0,-1,,
2026-03-21T10:31:09.502032,1753,319,error,high,lua,Lua error [FRAME_DESYNC]: Severe frame ID mismatch detected,0,0,-1,,
2026-03-21T10:31:14.462086,1754,63,error,high,lua,Lua error [FRAME_DESYNC]: Severe frame ID mismatch detected,0,0,-1,,
2026-03-21T10:31:43.937482,1755,428,error,high,lua,Lua error [FRAME_DESYNC]: Severe frame ID mismatch detected,0,0,-1,,
2026-03-21T10:31:53.505337,1756,134,error,high,lua,Lua error [FRAME_DESYNC]: Severe frame ID mismatch detected,0,0,-1,,
2026-03-21T10:31:57.149369,1758,44,error,high,lua,Lua error [FRAME_DESYNC]: Severe frame ID mismatch detected,0,0,-1,,
2026-03-21T10:32:20.267596,1758,327,error,high,lua,Lua error [FRAME_DESYNC]: Severe frame ID mismatch detected,0,0,-1,,
2026-03-21T10:32:25.258527,1759,63,error,high,lua,Lua error [FRAME_DESYNC]: Severe frame ID mismatch detected,0,0,-1,,
2026-03-21T10:32:29.949113,1761,60,error,high,lua,Lua error [FRAME_DESYNC]: Severe frame ID mismatch detected,0,0,-1,,
2026-03-21T10:32:42.962714,1762,187,error,high,lua,Lua error [FRAME_DESYNC]: Severe frame ID mismatch detected,0,0,-1,,
2026-03-21T10:32:52.291233,1762,131,error,high,lua,Lua error [FRAME_DESYNC]: Severe frame ID mismatch detected,0,0,-1,,
2026-03-21T10:33:53.800624,1767,41,error,high,lua,Lua error [FRAME_DESYNC]: Severe frame ID mismatch detected,0,0,-1,,
2026-03-21T10:34:16.508742,1768,316,error,high,lua,Lua error [FRAME_DESYNC]: Severe frame ID mismatch detected,0,0,-1,,
2026-03-21T10:34:16.509243,1768,316,error,high,lua,Lua error [FRAME_DESYNC]: Severe frame ID mismatch detected,0,0,-1,,
2026-03-21T10:34:29.891674,1768,191,error,high,lua,Lua error [FRAME_DESYNC]: Severe frame ID mismatch detected,0,0,-1,,
2026-03-21T10:34:38.782233,1769,123,error,high,lua,Lua error [FRAME_DESYNC]: Severe frame ID mismatch detected,0,0,-1,,
2026-03-21T10:34:42.475412,1770,45,error,high,lua,Lua error [FRAME_DESYNC]: Severe frame ID mismatch detected,0,0,-1,,
2026-03-21T10:35:04.844648,1772,48,error,high,lua,Lua error [FRAME_DESYNC]: Severe frame ID mismatch detected,0,0,-1,,
2026-03-21T10:35:23.255850,1773,253,error,high,lua,Lua error [FRAME_DESYNC]: Severe frame ID mismatch detected,0,0,-1,,
2026-03-21T10:36:04.025503,1774,599,error,high,lua,Lua error [FRAME_DESYNC]: Severe frame ID mismatch detected,0,0,-1,,
2026-03-21T10:36:07.354497,1775,39,error,high,lua,Lua error [FRAME_DESYNC]: Severe frame ID mismatch detected,0,0,-1,,
2026-03-21T10:36:11.712780,1777,54,error,high,lua,Lua error [FRAME_DESYNC]: Severe frame ID mismatch detected,0,0,-1,,
2026-03-21T10:36:15.005033,1777,39,error,high,lua,Lua error [FRAME_DESYNC]: Severe frame ID mismatch detected,0,0,-1,,
2026-03-21T10:36:51.202933,1779,271,error,high,lua,Lua error [FRAME_DESYNC]: Severe frame ID mismatch detected,0,0,-1,,
2026-03-21T10:36:54.796597,1780,43,error,high,lua,Lua error [FRAME_DESYNC]: Severe frame ID mismatch detected,0,0,-1,,
2026-03-21T10:36:59.008058,1782,52,error,high,lua,Lua error [FRAME_DESYNC]: Severe frame ID mismatch detected,0,0,-1,,
2026-03-21T10:37:11.766982,1782,178,error,high,lua,Lua error [FRAME_DESYNC]: Severe frame ID mismatch detected,0,0,-1,,
2026-03-21T10:38:02.856225,1785,243,error,high,lua,Lua error [FRAME_DESYNC]: Severe frame ID mismatch detected,0,0,-1,,
2026-03-21T10:38:21.447604,1786,257,error,high,lua,Lua error [FRAME_DESYNC]: Severe frame ID mismatch detected,0,0,-1,,
2026-03-21T10:38:24.962520,1787,44,error,high,lua,Lua error [FRAME_DESYNC]: Severe frame ID mismatch detected,0,0,-1,,
2026-03-21T10:38:28.772090,1788,46,error,high,lua,Lua error [FRAME_DESYNC]: Severe frame ID mismatch detected,0,0,-1,,
2026-03-21T10:38:42.556848,1789,196,error,high,lua,Lua error [FRAME_DESYNC]: Severe frame ID mismatch detected,0,0,-1,,
2026-03-21T10:38:46.525852,1790,50,error,high,lua,Lua error [FRAME_DESYNC]: Severe frame ID mismatch detected,0,0,-1,,
2026-03-21T10:38:50.232000,1791,46,error,high,lua,Lua error [FRAME_DESYNC]: Severe frame ID mismatch detected,0,0,-1,,
2026-03-21T10:39:13.874043,1792,338,error,high,lua,Lua error [FRAME_DESYNC]: Severe frame ID mismatch detected,0,0,-1,,
2026-03-21T10:39:37.233147,1793,318,error,high,lua,Lua error [FRAME_DESYNC]: Severe frame ID mismatch detected,0,0,-1,,
2026-03-21T10:40:03.409629,1794,382,error,high,lua,Lua error [FRAME_DESYNC]: Severe frame ID mismatch detected,0,0,-1,,
2026-03-21T10:40:07.403144,1795,51,error,high,lua,Lua error [FRAME_DESYNC]: Severe frame ID mismatch detected,0,0,-1,,
2026-03-21T10:40:13.528466,1796,79,error,high,lua,Lua error [FRAME_DESYNC]: Severe frame ID mismatch detected,0,0,-1,,
2026-03-21T10:40:22.860624,1797,130,error,high,lua,Lua error [FRAME_DESYNC]: Severe frame ID mismatch detected,0,0,-1,,
2026-03-21T10:40:27.003672,1798,51,error,high,lua,Lua error [FRAME_DESYNC]: Severe frame ID mismatch detected,0,0,-1,,
2026-03-21T10:40:47.024426,1801,55,error,high,lua,Lua error [FRAME_DESYNC]: Severe frame ID mismatch detected,0,0,-1,,
2026-03-21T10:40:52.278339,1801,69,error,high,lua,Lua error [FRAME_DESYNC]: Severe frame ID mismatch detected,0,0,-1,,
2026-03-21T10:41:02.153955,1802,138,error,high,lua,Lua error [FRAME_DESYNC]: Severe frame ID mismatch detected,0,0,-1,,
2026-03-21T10:41:06.804215,1803,58,error,high,lua,Lua error [FRAME_DESYNC]: Severe frame ID mismatch detected,0,0,-1,,
2026-03-21T10:41:11.136330,1805,55,error,high,lua,Lua error [FRAME_DESYNC]: Severe frame ID mismatch detected,0,0,-1,,
2026-03-21T10:41:27.841139,1805,230,error,high,lua,Lua error [FRAME_DESYNC]: Severe frame ID mismatch detected,0,0,-1,,
2026-03-21T10:41:41.912979,1806,199,error,high,lua,Lua error [FRAME_DESYNC]: Severe frame ID mismatch detected,0,0,-1,,
2026-03-21T10:41:45.557296,1807,45,error,high,lua,Lua error [FRAME_DESYNC]: Severe frame ID mismatch detected,0,0,-1,,
2026-03-21T10:41:49.245194,1809,44,error,high,lua,Lua error [FRAME_DESYNC]: Severe frame ID mismatch detected,0,0,-1,,
2026-03-21T10:43:04.211029,1810,223,error,high,lua,Lua error [FRAME_DESYNC]: Severe frame ID mismatch detected,0,0,-1,,
2026-03-21T10:43:13.843804,1811,132,error,high,lua,Lua error [FRAME_DESYNC]: Severe frame ID mismatch detected,0,0,-1,,
2026-03-21T10:43:23.145882,1812,125,error,high,lua,Lua error [FRAME_DESYNC]: Severe frame ID mismatch detected,0,0,-1,,
2026-03-21T10:43:31.298144,1813,111,error,high,lua,Lua error [FRAME_DESYNC]: Severe frame ID mismatch detected,0,0,-1,,
2026-03-21T10:43:45.957599,1814,208,error,high,lua,Lua error [FRAME_DESYNC]: Severe frame ID mismatch detected,0,0,-1,,
2026-03-21T10:43:50.166501,1816,51,error,high,lua,Lua error [FRAME_DESYNC]: Severe frame ID mismatch detected,0,0,-1,,
2026-03-21T10:44:16.238311,1817,53,error,high,lua,Lua error [FRAME_DESYNC]: Severe frame ID mismatch detected,0,0,-1,,
2026-03-21T10:44:30.907724,1818,202,error,high,lua,Lua error [FRAME_DESYNC]: Severe frame ID mismatch detected,0,0,-1,,
2026-03-21T10:44:58.262637,1820,185,error,high,lua,Lua error [FRAME_DESYNC]: Severe frame ID mismatch detected,0,0,-1,,
2026-03-21T10:45:05.711781,1822,100,error,high,lua,Lua error [FRAME_DESYNC]: Severe frame ID mismatch detected,0,0,-1,,
2026-03-21T10:45:20.566617,1822,212,error,high,lua,Lua error [FRAME_DESYNC]: Severe frame ID mismatch detected,0,0,-1,,
2026-03-21T10:45:25.150179,1824,56,error,high,lua,Lua error [FRAME_DESYNC]: Severe frame ID mismatch detected,0,0,-1,,
2026-03-21T10:46:00.910072,1825,112,error,high,lua,Lua error [FRAME_DESYNC]: Severe frame ID mismatch detected,0,0,-1,,
2026-03-21T10:46:20.495406,1827,41,error,high,lua,Lua error [FRAME_DESYNC]: Severe frame ID mismatch detected,0,0,-1,,
2026-03-21T10:46:28.488835,1829,105,error,high,lua,Lua error [FRAME_DESYNC]: Severe frame ID mismatch detected,0,0,-1,,
2026-03-21T10:47:04.705039,1831,50,error,high,lua,Lua error [FRAME_DESYNC]: Severe frame ID mismatch detected,0,0,-1,,
2026-03-21T10:47:10.325412,1832,76,error,high,lua,Lua error [FRAME_DESYNC]: Severe frame ID mismatch detected,0,0,-1,,
2026-03-21T10:47:43.017997,1833,479,error,high,lua,Lua error [FRAME_DESYNC]: Severe frame ID mismatch detected,0,0,-1,,
2026-03-21T10:47:55.765316,1834,173,error,high,lua,Lua error [FRAME_DESYNC]: Severe frame ID mismatch detected,0,0,-1,,
2026-03-21T10:48:57.707835,1835,153,error,high,lua,Lua error [FRAME_DESYNC]: Severe frame ID mismatch detected,0,0,-1,,
2026-03-21T10:49:46.947281,1838,424,error,high,lua,Lua error [FRAME_DESYNC]: Severe frame ID mismatch detected,0,0,-1,,
2026-03-21T10:49:46.947810,1838,424,error,high,lua,Lua error [FRAME_DESYNC]: Severe frame ID mismatch detected,0,0,-1,,
2026-03-21T10:49:55.134416,1838,110,error,high,lua,Lua error [FRAME_DESYNC]: Severe frame ID mismatch detected,0,0,-1,,
2026-03-21T10:50:00.346672,1839,67,error,high,lua,Lua error [FRAME_DESYNC]: Severe frame ID mismatch detected,0,0,-1,,
2026-03-21T10:50:17.513739,1840,238,error,high,lua,Lua error [FRAME_DESYNC]: Severe frame ID mismatch detected,0,0,-1,,
2026-03-21T10:50:36.875323,1841,274,error,high,lua,Lua error [FRAME_DESYNC]: Severe frame ID mismatch detected,0,0,-1,,
2026-03-21T10:50:45.883694,1842,123,error,high,lua,Lua error [FRAME_DESYNC]: Severe frame ID mismatch detected,0,0,-1,,
2026-03-21T10:51:08.123632,1845,55,error,high,lua,Lua error [FRAME_DESYNC]: Severe frame ID mismatch detected,0,0,-1,,
2026-03-21T10:51:30.203618,1846,56,error,high,lua,Lua error [FRAME_DESYNC]: Severe frame ID mismatch detected,0,0,-1,,
2026-03-21T10:51:33.648637,1847,42,error,high,lua,Lua error [FRAME_DESYNC]: Severe frame ID mismatch detected,0,0,-1,,
2026-03-21T10:51:56.643877,1848,318,error,high,lua,Lua error [FRAME_DESYNC]: Severe frame ID mismatch detected,0,0,-1,,
2026-03-21T10:52:22.807903,1850,361,error,high,lua,Lua error [FRAME_DESYNC]: Severe frame ID mismatch detected,0,0,-1,,
2026-03-21T10:52:44.226207,1851,295,error,high,lua,Lua error [FRAME_DESYNC]: Severe frame ID mismatch detected,0,0,-1,,
2026-03-21T10:52:44.226772,1851,295,error,high,lua,Lua error [FRAME_DESYNC]: Severe frame ID mismatch detected,0,0,-1,,
2026-03-21T10:53:01.025886,1851,235,error,high,lua,Lua error [FRAME_DESYNC]: Severe frame ID mismatch detected,0,0,-1,,
2026-03-21T10:53:05.053397,1852,50,error,high,lua,Lua error [FRAME_DESYNC]: Severe frame ID mismatch detected,0,0,-1,,
2026-03-21T10:53:29.372984,1853,350,error,high,lua,Lua error [FRAME_DESYNC]: Severe frame ID mismatch detected,0,0,-1,,
2026-03-21T10:53:29.373429,1853,350,error,high,lua,Lua error [FRAME_DESYNC]: Severe frame ID mismatch detected,0,0,-1,,
2026-03-21T10:53:49.063639,1855,49,error,high,lua,Lua error [FRAME_DESYNC]: Severe frame ID mismatch detected,0,0,-1,,
2026-03-21T10:54:02.719041,1856,187,error,high,lua,Lua error [FRAME_DESYNC]: Severe frame ID mismatch detected,0,0,-1,,
2026-03-21T10:54:07.927276,1857,66,error,high,lua,Lua error [FRAME_DESYNC]: Severe frame ID mismatch detected,0,0,-1,,
2026-03-21T10:54:12.323233,1859,55,error,high,lua,Lua error [FRAME_DESYNC]: Severe frame ID mismatch detected,0,0,-1,,
2026-03-21T10:54:16.899713,1860,57,error,high,lua,Lua error [FRAME_DESYNC]: Severe frame ID mismatch detected,0,0,-1,,
2026-03-21T10:54:20.730384,1860,47,error,high,lua,Lua error [FRAME_DESYNC]: Severe frame ID mismatch detected,0,0,-1,,
2026-03-21T10:54:48.565615,1862,405,error,high,lua,Lua error [FRAME_DESYNC]: Severe frame ID mismatch detected,0,0,-1,,
2026-03-21T10:54:52.473988,1862,50,error,high,lua,Lua error [FRAME_DESYNC]: Severe frame ID mismatch detected,0,0,-1,,
2026-03-21T10:55:48.031800,1864,51,error,high,lua,Lua error [FRAME_DESYNC]: Severe frame ID mismatch detected,0,0,-1,,
2026-03-21T10:56:11.120899,1865,324,error,high,lua,Lua error [FRAME_DESYNC]: Severe frame ID mismatch detected,0,0,-1,,
2026-03-21T10:56:15.180884,1866,49,error,high,lua,Lua error [FRAME_DESYNC]: Severe frame ID mismatch detected,0,0,-1,,
2026-03-21T10:56:26.013410,1867,149,error,high,lua,Lua error [FRAME_DESYNC]: Severe frame ID mismatch detected,0,0,-1,,
2026-03-21T10:56:34.914834,1868,120,error,high,lua,Lua error [FRAME_DESYNC]: Severe frame ID mismatch detected,0,0,-1,,
2026-03-21T10:56:59.092455,1870,133,error,high,lua,Lua error [FRAME_DESYNC]: Severe frame ID mismatch detected,0,0,-1,,
2026-03-21T10:57:51.805903,1872,430,error,high,lua,Lua error [FRAME_DESYNC]: Severe frame ID mismatch detected,0,0,-1,,
2026-03-21T10:58:02.149245,1873,139,error,high,lua,Lua error [FRAME_DESYNC]: Severe frame ID mismatch detected,0,0,-1,,
2026-03-21T10:58:11.528957,1875,124,error,high,lua,Lua error [FRAME_DESYNC]: Severe frame ID mismatch detected,0,0,-1,,
2026-03-21T10:58:15.886462,1875,57,error,high,lua,Lua error [FRAME_DESYNC]: Severe frame ID mismatch detected,0,0,-1,,
2026-03-21T10:58:27.583988,1876,157,error,high,lua,Lua error [FRAME_DESYNC]: Severe frame ID mismatch detected,0,0,-1,,
2026-03-21T10:58:54.566502,1877,393,error,high,lua,Lua error [FRAME_DESYNC]: Severe frame ID mismatch detected,0,0,-1,,
2026-03-21T10:59:03.282409,1879,116,error,high,lua,Lua error [FRAME_DESYNC]: Severe frame ID mismatch detected,0,0,-1,,
2026-03-21T10:59:07.118594,1880,49,error,high,lua,Lua error [FRAME_DESYNC]: Severe frame ID mismatch detected,0,0,-1,,
2026-03-21T10:59:20.222339,1880,180,error,high,lua,Lua error [FRAME_DESYNC]: Severe frame ID mismatch detected,0,0,-1,,
2026-03-21T11:00:02.254270,1881,617,error,high,lua,Lua error [FRAME_DESYNC]: Severe frame ID mismatch detected,0,0,-1,,
2026-03-21T11:00:18.161812,1883,43,error,high,lua,Lua error [FRAME_DESYNC]: Severe frame ID mismatch detected,0,0,-1,,
2026-03-21T11:00:40.577531,1885,50,error,high,lua,Lua error [FRAME_DESYNC]: Severe frame ID mismatch detected,0,0,-1,,
2026-03-21T11:00:44.784225,1886,51,error,high,lua,Lua error [FRAME_DESYNC]: Severe frame ID mismatch detected,0,0,-1,,
2026-03-21T11:00:47.928385,1887,36,error,high,lua,Lua error [FRAME_DESYNC]: Severe frame ID mismatch detected,0,0,-1,,
2026-03-21T11:00:52.688307,1888,62,error,high,lua,Lua error [FRAME_DESYNC]: Severe frame ID mismatch detected,0,0,-1,,
2026-03-21T11:00:56.528013,1889,47,error,high,lua,Lua error [FRAME_DESYNC]: Severe frame ID mismatch detected,0,0,-1,,
2026-03-21T11:01:27.390188,1892,60,error,high,lua,Lua error [FRAME_DESYNC]: Severe frame ID mismatch detected,0,0,-1,,
2026-03-21T11:02:00.758983,1893,489,error,high,lua,Lua error [FRAME_DESYNC]: Severe frame ID mismatch detected,0,0,-1,,
2026-03-21T11:02:07.413217,1894,90,error,high,lua,Lua error [FRAME_DESYNC]: Severe frame ID mismatch detected,0,0,-1,,
2026-03-21T11:02:36.063139,1895,417,error,high,lua,Lua error [FRAME_DESYNC]: Severe frame ID mismatch detected,0,0,-1,,
2026-03-21T11:02:39.868363,1896,48,error,high,lua,Lua error [FRAME_DESYNC]: Severe frame ID mismatch detected,0,0,-1,,
2026-03-21T11:02:43.905962,1897,49,error,high,lua,Lua error [FRAME_DESYNC]: Severe frame ID mismatch detected,0,0,-1,,
2026-03-21T11:02:47.830504,1898,50,error,high,lua,Lua error [FRAME_DESYNC]: Severe frame ID mismatch detected,0,0,-1,,
2026-03-21T11:02:52.289251,1899,57,error,high,lua,Lua error [FRAME_DESYNC]: Severe frame ID mismatch detected,0,0,-1,,
2026-03-21T11:03:02.262359,1900,137,error,high,lua,Lua error [FRAME_DESYNC]: Severe frame ID mismatch detected,0,0,-1,,
2026-03-21T11:03:11.440561,1901,129,error,high,lua,Lua error [FRAME_DESYNC]: Severe frame ID mismatch detected,0,0,-1,,
2026-03-21T11:03:36.360776,1902,340,error,high,lua,Lua error [FRAME_DESYNC]: Severe frame ID mismatch detected,0,0,-1,,
2026-03-21T11:03:56.643395,1903,275,error,high,lua,Lua error [FRAME_DESYNC]: Severe frame ID mismatch detected,0,0,-1,,
2026-03-21T11:03:56.643742,1903,275,error,high,lua,Lua error [FRAME_DESYNC]: Severe frame ID mismatch detected,0,0,-1,,
2026-03-21T11:04:01.309003,1905,61,error,high,lua,Lua error [FRAME_DESYNC]: Severe frame ID mismatch detected,0,0,-1,,
2026-03-21T11:04:05.412126,1905,53,error,high,lua,Lua error [FRAME_DESYNC]: Severe frame ID mismatch detected,0,0,-1,,
2026-03-21T11:04:22.594594,1906,248,error,high,lua,Lua error [FRAME_DESYNC]: Severe frame ID mismatch detected,0,0,-1,,
2026-03-21T11:04:30.990443,1908,115,error,high,lua,Lua error [FRAME_DESYNC]: Severe frame ID mismatch detected,0,0,-1,,
2026-03-21T11:04:54.281072,1909,44,error,high,lua,Lua error [FRAME_DESYNC]: Severe frame ID mismatch detected,0,0,-1,,
2026-03-21T11:05:16.899419,1910,315,error,high,lua,Lua error [FRAME_DESYNC]: Severe frame ID mismatch detected,0,0,-1,,
2026-03-21T11:05:20.174401,1911,39,error,high,lua,Lua error [FRAME_DESYNC]: Severe frame ID mismatch detected,0,0,-1,,
2026-03-21T11:05:20.174763,1911,39,error,high,lua,Lua error [FRAME_DESYNC]: Severe frame ID mismatch detected,0,0,-1,,
2026-03-21T11:06:03.605335,1913,404,error,high,lua,Lua error [FRAME_DESYNC]: Severe frame ID mismatch detected,0,0,-1,,
2026-03-21T11:06:06.977307,1914,39,error,high,lua,Lua error [FRAME_DESYNC]: Severe frame ID mismatch detected,0,0,-1,,
2026-03-21T11:06:10.558115,1916,42,error,high,lua,Lua error [FRAME_DESYNC]: Severe frame ID mismatch detected,0,0,-1,,
2026-03-21T11:06:29.664669,1916,278,error,high,lua,Lua error [FRAME_DESYNC]: Severe frame ID mismatch detected,0,0,-1,,
2026-03-21T11:06:34.765464,1917,64,error,high,lua,Lua error [FRAME_DESYNC]: Severe frame ID mismatch detected,0,0,-1,,
2026-03-21T11:06:39.567577,1919,57,error,high,lua,Lua error [FRAME_DESYNC]: Severe frame ID mismatch detected,0,0,-1,,
2026-03-21T11:06:48.547555,1919,126,error,high,lua,Lua error [FRAME_DESYNC]: Severe frame ID mismatch detected,0,0,-1,,
2026-03-21T11:06:52.802999,1921,53,error,high,lua,Lua error [FRAME_DESYNC]: Severe frame ID mismatch detected,0,0,-1,,
2026-03-21T11:07:15.271109,1922,322,error,high,lua,Lua error [FRAME_DESYNC]: Severe frame ID mismatch detected,0,0,-1,,
2026-03-21T11:07:56.928178,1923,136,error,high,lua,Lua error [FRAME_DESYNC]: Severe frame ID mismatch detected,0,0,-1,,
2026-03-21T11:08:24.745755,1924,408,error,high,lua,Lua error [FRAME_DESYNC]: Severe frame ID mismatch detected,0,0,-1,,
2026-03-21T11:08:46.521812,1926,46,error,high,lua,Lua error [FRAME_DESYNC]: Severe frame ID mismatch detected,0,0,-1,,
2026-03-21T11:09:17.647900,1929,159,error,high,lua,Lua error [FRAME_DESYNC]: Severe frame ID mismatch detected,0,0,-1,,
2026-03-21T11:09:33.817703,1929,219,error,high,lua,Lua error [FRAME_DESYNC]: Severe frame ID mismatch detected,0,0,-1,,
2026-03-21T11:09:43.352119,1930,124,error,high,lua,Lua error [FRAME_DESYNC]: Severe frame ID mismatch detected,0,0,-1,,
2026-03-21T11:09:47.383939,1931,49,error,high,lua,Lua error [FRAME_DESYNC]: Severe frame ID mismatch detected,0,0,-1,,
2026-03-21T11:09:56.446865,1932,121,error,high,lua,Lua error [FRAME_DESYNC]: Severe frame ID mismatch detected,0,0,-1,,
2026-03-21T11:10:12.733027,1933,234,error,high,lua,Lua error [FRAME_DESYNC]: Severe frame ID mismatch detected,0,0,-1,,
2026-03-21T11:10:26.447038,1934,195,error,high,lua,Lua error [FRAME_DESYNC]: Severe frame ID mismatch detected,0,0,-1,,
2026-03-21T11:10:30.191394,1935,46,error,high,lua,Lua error [FRAME_DESYNC]: Severe frame ID mismatch detected,0,0,-1,,
2026-03-21T11:10:40.358513,1936,142,error,high,lua,Lua error [FRAME_DESYNC]: Severe frame ID mismatch detected,0,0,-1,,
2026-03-21T11:10:45.266059,1937,64,error,high,lua,Lua error [FRAME_DESYNC]: Severe frame ID mismatch detected,0,0,-1,,
2026-03-21T11:11:02.453811,1939,241,error,high,lua,Lua error [FRAME_DESYNC]: Severe frame ID mismatch detected,0,0,-1,,
2026-03-21T11:11:12.221372,1939,135,error,high,lua,Lua error [FRAME_DESYNC]: Severe frame ID mismatch detected,0,0,-1,,
2026-03-21T11:11:21.143975,1941,118,error,high,lua,Lua error [FRAME_DESYNC]: Severe frame ID mismatch detected,0,0,-1,,
2026-03-21T11:11:24.567933,1941,43,error,high,lua,Lua error [FRAME_DESYNC]: Severe frame ID mismatch detected,0,0,-1,,
2026-03-21T11:11:42.699937,1942,244,error,high,lua,Lua error [FRAME_DESYNC]: Severe frame ID mismatch detected,0,0,-1,,
2026-03-21T11:11:46.873822,1943,52,error,high,lua,Lua error [FRAME_DESYNC]: Severe frame ID mismatch detected,0,0,-1,,
2026-03-21T11:12:08.479497,1944,298,error,high,lua,Lua error [FRAME_DESYNC]: Severe frame ID mismatch detected,0,0,-1,,
2026-03-21T11:12:50.824886,1946,259,error,high,lua,Lua error [FRAME_DESYNC]: Severe frame ID mismatch detected,0,0,-1,,
2026-03-21T11:13:04.852107,1947,196,error,high,lua,Lua error [FRAME_DESYNC]: Severe frame ID mismatch detected,0,0,-1,,
2026-03-21T11:13:23.481935,1948,271,error,high,lua,Lua error [FRAME_DESYNC]: Severe frame ID mismatch detected,0,0,-1,,
2026-03-21T11:13:27.355720,1950,47,error,high,lua,Lua error [FRAME_DESYNC]: Severe frame ID mismatch detected,0,0,-1,,
2026-03-21T11:13:31.015336,1950,44,error,high,lua,Lua error [FRAME_DESYNC]: Severe frame ID mismatch detected,0,0,-1,,
2026-03-21T11:14:10.686856,1951,562,error,high,lua,Lua error [FRAME_DESYNC]: Severe frame ID mismatch detected,0,0,-1,,
2026-03-21T11:14:14.653311,1953,50,error,high,lua,Lua error [FRAME_DESYNC]: Severe frame ID mismatch detected,0,0,-1,,
2026-03-21T11:14:30.115986,1954,213,error,high,lua,Lua error [FRAME_DESYNC]: Severe frame ID mismatch detected,0,0,-1,,
2026-03-21T11:14:48.000032,1955,259,error,high,lua,Lua error [FRAME_DESYNC]: Severe frame ID mismatch detected,0,0,-1,,
2026-03-21T11:15:00.062794,1955,167,error,high,lua,Lua error [FRAME_DESYNC]: Severe frame ID mismatch detected,0,0,-1,,
2026-03-21T11:15:22.894389,1956,319,error,high,lua,Lua error [FRAME_DESYNC]: Severe frame ID mismatch detected,0,0,-1,,
2026-03-21T11:15:22.894867,1956,319,error,high,lua,Lua error [FRAME_DESYNC]: Severe frame ID mismatch detected,0,0,-1,,
2026-03-21T11:15:43.061395,1958,47,error,high,lua,Lua error [FRAME_DESYNC]: Severe frame ID mismatch detected,0,0,-1,,
2026-03-21T11:15:46.715686,1959,43,error,high,lua,Lua error [FRAME_DESYNC]: Severe frame ID mismatch detected,0,0,-1,,
2026-03-21T11:15:46.716069,1959,43,error,high,lua,Lua error [FRAME_DESYNC]: Severe frame ID mismatch detected,0,0,-1,,
2026-03-21T11:16:11.346303,1961,50,error,high,lua,Lua error [FRAME_DESYNC]: Severe frame ID mismatch detected,0,0,-1,,
2026-03-21T11:16:28.410231,1964,38,error,high,lua,Lua error [FRAME_DESYNC]: Severe frame ID mismatch detected,0,0,-1,,
2026-03-21T11:16:33.943711,1965,70,error,high,lua,Lua error [FRAME_DESYNC]: Severe frame ID mismatch detected,0,0,-1,,
2026-03-21T11:16:59.594997,1966,67,error,high,lua,Lua error [FRAME_DESYNC]: Severe frame ID mismatch detected,0,0,-1,,
2026-03-21T11:17:02.856882,1967,39,error,high,lua,Lua error [FRAME_DESYNC]: Severe frame ID mismatch detected,0,0,-1,,
2026-03-21T11:17:14.620086,1968,166,error,high,lua,Lua error [FRAME_DESYNC]: Severe frame ID mismatch detected,0,0,-1,,
2026-03-21T11:17:39.782786,1969,368,error,high,lua,Lua error [FRAME_DESYNC]: Severe frame ID mismatch detected,0,0,-1,,
2026-03-21T11:17:51.879412,1971,170,error,high,lua,Lua error [FRAME_DESYNC]: Severe frame ID mismatch detected,0,0,-1,,
2026-03-21T11:18:21.465574,1972,114,error,high,lua,Lua error [FRAME_DESYNC]: Severe frame ID mismatch detected,0,0,-1,,
2026-03-21T11:18:25.235903,1973,47,error,high,lua,Lua error [FRAME_DESYNC]: Severe frame ID mismatch detected,0,0,-1,,
2026-03-21T11:18:29.584444,1974,52,error,high,lua,Lua error [FRAME_DESYNC]: Severe frame ID mismatch detected,0,0,-1,,
2026-03-21T11:19:07.060162,1976,328,error,high,lua,Lua error [FRAME_DESYNC]: Severe frame ID mismatch detected,0,0,-1,,
2026-03-21T11:19:33.058246,1977,370,error,high,lua,Lua error [FRAME_DESYNC]: Severe frame ID mismatch detected,0,0,-1,,
2026-03-21T11:19:37.399448,1978,55,error,high,lua,Lua error [FRAME_DESYNC]: Severe frame ID mismatch detected,0,0,-1,,
2026-03-21T11:20:10.780728,1980,474,error,high,lua,Lua error [FRAME_DESYNC]: Severe frame ID mismatch detected,0,0,-1,,
2026-03-21T11:20:14.432421,1980,47,error,high,lua,Lua error [FRAME_DESYNC]: Severe frame ID mismatch detected,0,0,-1,,
2026-03-21T11:20:18.782094,1981,54,error,high,lua,Lua error [FRAME_DESYNC]: Severe frame ID mismatch detected,0,0,-1,,
2026-03-21T11:20:33.290531,1982,200,error,high,lua,Lua error [FRAME_DESYNC]: Severe frame ID mismatch detected,0,0,-1,,
2026-03-21T11:21:28.453213,1984,201,error,high,lua,Lua error [FRAME_DESYNC]: Severe frame ID mismatch detected,0,0,-1,,
2026-03-21T11:21:38.983594,1985,148,error,high,lua,Lua error [FRAME_DESYNC]: Severe frame ID mismatch detected,0,0,-1,,
2026-03-21T11:21:58.344504,1986,269,error,high,lua,Lua error [FRAME_DESYNC]: Severe frame ID mismatch detected,0,0,-1,,
2026-03-21T11:22:08.217236,1987,137,error,high,lua,Lua error [FRAME_DESYNC]: Severe frame ID mismatch detected,0,0,-1,,
2026-03-21T11:22:29.885918,1989,43,error,high,lua,Lua error [FRAME_DESYNC]: Severe frame ID mismatch detected,0,0,-1,,
2026-03-21T11:22:46.142536,1990,223,error,high,lua,Lua error [FRAME_DESYNC]: Severe frame ID mismatch detected,0,0,-1,,
2026-03-21T11:23:15.725890,1992,422,error,high,lua,Lua error [FRAME_DESYNC]: Severe frame ID mismatch detected,0,0,-1,,
2026-03-21T11:23:25.604305,1992,132,error,high,lua,Lua error [FRAME_DESYNC]: Severe frame ID mismatch detected,0,0,-1,,
2026-03-21T11:23:44.693254,1994,275,error,high,lua,Lua error [FRAME_DESYNC]: Severe frame ID mismatch detected,0,0,-1,,
2026-03-21T11:23:54.939182,1994,140,error,high,lua,Lua error [FRAME_DESYNC]: Severe frame ID mismatch detected,0,0,-1,,
2026-03-21T11:23:59.732237,1996,59,error,high,lua,Lua error [FRAME_DESYNC]: Severe frame ID mismatch detected,0,0,-1,,
2026-03-21T11:24:04.424141,1996,62,error,high,lua,Lua error [FRAME_DESYNC]: Severe frame ID mismatch detected,0,0,-1,,
2026-03-21T11:24:15.941495,1997,156,error,high,lua,Lua error [FRAME_DESYNC]: Severe frame ID mismatch detected,0,0,-1,,
2026-03-21T11:24:20.298198,1998,54,error,high,lua,Lua error [FRAME_DESYNC]: Severe frame ID mismatch detected,0,0,-1,,
2026-03-21T11:24:30.315633,1999,134,error,high,lua,Lua error [FRAME_DESYNC]: Severe frame ID mismatch detected,0,0,-1,,
2026-03-21T11:24:40.729748,2000,146,error,high,lua,Lua error [FRAME_DESYNC]: Severe frame ID mismatch detected,0,0,-1,,
2026-03-21T11:24:44.566186,2001,48,error,high,lua,Lua error [FRAME_DESYNC]: Severe frame ID mismatch detected,0,0,-1,,
2026-03-21T11:25:04.794081,2003,285,error,high,lua,Lua error [FRAME_DESYNC]: Severe frame ID mismatch detected,0,0,-1,,
2026-03-21T11:25:37.839832,2003,486,error,high,lua,Lua error [FRAME_DESYNC]: Severe frame ID mismatch detected,0,0,-1,,
2026-03-21T11:25:47.526583,2004,130,error,high,lua,Lua error [FRAME_DESYNC]: Severe frame ID mismatch detected,0,0,-1,,
2026-03-21T11:26:08.291286,2005,302,error,high,lua,Lua error [FRAME_DESYNC]: Severe frame ID mismatch detected,0,0,-1,,
2026-03-21T11:26:17.186575,2006,119,error,high,lua,Lua error [FRAME_DESYNC]: Severe frame ID mismatch detected,0,0,-1,,
2026-03-21T11:26:25.790596,2008,120,error,high,lua,Lua error [FRAME_DESYNC]: Severe frame ID mismatch detected,0,0,-1,,
2026-03-21T11:26:47.120731,2010,46,error,high,lua,Lua error [FRAME_DESYNC]: Severe frame ID mismatch detected,0,0,-1,,
2026-03-21T11:26:51.180995,2010,51,error,high,lua,Lua error [FRAME_DESYNC]: Severe frame ID mismatch detected,0,0,-1,,
2026-03-21T11:27:01.364185,2011,142,error,high,lua,Lua error [FRAME_DESYNC]: Severe frame ID mismatch detected,0,0,-1,,
2026-03-21T11:27:44.940900,2013,420,error,high,lua,Lua error [FRAME_DESYNC]: Severe frame ID mismatch detected,0,0,-1,,
2026-03-21T11:28:08.228149,2014,319,error,high,lua,Lua error [FRAME_DESYNC]: Severe frame ID mismatch detected,0,0,-1,,
2026-03-21T11:28:12.281535,2015,52,error,high,lua,Lua error [FRAME_DESYNC]: Severe frame ID mismatch detected,0,0,-1,,
2026-03-21T11:28:30.632069,2016,265,error,high,lua,Lua error [FRAME_DESYNC]: Severe frame ID mismatch detected,0,0,-1,,
2026-03-21T11:28:37.038361,2017,87,error,high,lua,Lua error [FRAME_DESYNC]: Severe frame ID mismatch detected,0,0,-1,,
2026-03-21T11:28:40.990892,2018,48,error,high,lua,Lua error [FRAME_DESYNC]: Severe frame ID mismatch detected,0,0,-1,,
2026-03-21T11:28:44.242314,2019,37,error,high,lua,Lua error [FRAME_DESYNC]: Severe frame ID mismatch detected,0,0,-1,,
2026-03-21T11:29:00.565258,2020,235,error,high,lua,Lua error [FRAME_DESYNC]: Severe frame ID mismatch detected,0,0,-1,,
2026-03-21T11:29:05.324166,2021,61,error,high,lua,Lua error [FRAME_DESYNC]: Severe frame ID mismatch detected,0,0,-1,,
2026-03-21T11:29:27.720305,2022,323,error,high,lua,Lua error [FRAME_DESYNC]: Severe frame ID mismatch detected,0,0,-1,,
2026-03-21T11:29:31.646971,2023,49,error,high,lua,Lua error [FRAME_DESYNC]: Severe frame ID mismatch detected,0,0,-1,,
2026-03-21T11:29:36.062478,2024,53,error,high,lua,Lua error [FRAME_DESYNC]: Severe frame ID mismatch detected,0,0,-1,,
2026-03-21T11:29:39.819727,2025,44,error,high,lua,Lua error [FRAME_DESYNC]: Severe frame ID mismatch detected,0,0,-1,,
2026-03-21T11:30:02.817650,2026,322,error,high,lua,Lua error [FRAME_DESYNC]: Severe frame ID mismatch detected,0,0,-1,,
2026-03-21T11:30:26.373736,2028,57,error,high,lua,Lua error [FRAME_DESYNC]: Severe frame ID mismatch detected,0,0,-1,,
2026-03-21T11:31:07.737732,2031,91,error,high,lua,Lua error [FRAME_DESYNC]: Severe frame ID mismatch detected,0,0,-1,,
2026-03-21T11:31:12.303198,2032,58,error,high,lua,Lua error [FRAME_DESYNC]: Severe frame ID mismatch detected,0,0,-1,,
2026-03-21T11:31:52.070291,2034,344,error,high,lua,Lua error [FRAME_DESYNC]: Severe frame ID mismatch detected,0,0,-1,,
2026-03-21T11:32:05.625702,2035,191,error,high,lua,Lua error [FRAME_DESYNC]: Severe frame ID mismatch detected,0,0,-1,,
2026-03-21T11:32:15.109663,2036,133,error,high,lua,Lua error [FRAME_DESYNC]: Severe frame ID mismatch detected,0,0,-1,,
2026-03-21T11:32:30.207138,2038,208,error,high,lua,Lua error [FRAME_DESYNC]: Severe frame ID mismatch detected,0,0,-1,,
2026-03-21T11:32:33.645079,2038,43,error,high,lua,Lua error [FRAME_DESYNC]: Severe frame ID mismatch detected,0,0,-1,,
2026-03-21T11:32:46.823351,2039,182,error,high,lua,Lua error [FRAME_DESYNC]: Severe frame ID mismatch detected,0,0,-1,,
2026-03-21T11:32:50.406987,2041,44,error,high,lua,Lua error [FRAME_DESYNC]: Severe frame ID mismatch detected,0,0,-1,,
2026-03-21T11:33:05.975025,2041,225,error,high,lua,Lua error [FRAME_DESYNC]: Severe frame ID mismatch detected,0,0,-1,,
2026-03-21T11:33:15.976782,2042,139,error,high,lua,Lua error [FRAME_DESYNC]: Severe frame ID mismatch detected,0,0,-1,,
2026-03-21T11:33:36.525215,2043,282,error,high,lua,Lua error [FRAME_DESYNC]: Severe frame ID mismatch detected,0,0,-1,,
2026-03-21T11:33:57.872562,2044,291,error,high,lua,Lua error [FRAME_DESYNC]: Severe frame ID mismatch detected,0,0,-1,,
2026-03-21T11:33:57.873113,2044,291,error,high,lua,Lua error [FRAME_DESYNC]: Severe frame ID mismatch detected,0,0,-1,,
2026-03-21T11:34:18.857578,2046,97,error,high,lua,Lua error [FRAME_DESYNC]: Severe frame ID mismatch detected,0,0,-1,,
2026-03-21T11:34:50.551315,2047,444,error,high,lua,Lua error [FRAME_DESYNC]: Severe frame ID mismatch detected,0,0,-1,,
2026-03-21T11:35:03.830552,2048,187,error,high,lua,Lua error [FRAME_DESYNC]: Severe frame ID mismatch detected,0,0,-1,,
2026-03-21T11:35:24.413440,2050,41,error,high,lua,Lua error [FRAME_DESYNC]: Severe frame ID mismatch detected,0,0,-1,,
2026-03-21T11:35:47.065069,2052,43,error,high,lua,Lua error [FRAME_DESYNC]: Severe frame ID mismatch detected,0,0,-1,,
2026-03-21T11:35:51.340875,2053,54,error,high,lua,Lua error [FRAME_DESYNC]: Severe frame ID mismatch detected,0,0,-1,,
2026-03-21T11:35:54.970807,2054,45,error,high,lua,Lua error [FRAME_DESYNC]: Severe frame ID mismatch detected,0,0,-1,,
2026-03-21T11:36:06.296528,2056,153,error,high,lua,Lua error [FRAME_DESYNC]: Severe frame ID mismatch detected,0,0,-1,,
2026-03-21T11:36:30.519197,2056,354,error,high,lua,Lua error [FRAME_DESYNC]: Severe frame ID mismatch detected,0,0,-1,,
2026-03-21T11:36:34.582105,2058,48,error,high,lua,Lua error [FRAME_DESYNC]: Severe frame ID mismatch detected,0,0,-1,,
2026-03-21T11:36:38.028953,2058,41,error,high,lua,Lua error [FRAME_DESYNC]: Severe frame ID mismatch detected,0,0,-1,,
2026-03-21T11:36:41.938055,2060,48,error,high,lua,Lua error [FRAME_DESYNC]: Severe frame ID mismatch detected,0,0,-1,,
2026-03-21T11:36:45.028395,2060,38,error,high,lua,Lua error [FRAME_DESYNC]: Severe frame ID mismatch detected,0,0,-1,,
2026-03-21T11:36:58.696102,2062,189,error,high,lua,Lua error [FRAME_DESYNC]: Severe frame ID mismatch detected,0,0,-1,,
2026-03-21T11:37:03.281445,2062,59,error,high,lua,Lua error [FRAME_DESYNC]: Severe frame ID mismatch detected,0,0,-1,,
2026-03-21T11:37:38.043618,2064,284,error,high,lua,Lua error [FRAME_DESYNC]: Severe frame ID mismatch detected,0,0,-1,,
2026-03-21T11:37:50.962016,2065,178,error,high,lua,Lua error [FRAME_DESYNC]: Severe frame ID mismatch detected,0,0,-1,,
2026-03-21T11:38:09.707438,2066,271,error,high,lua,Lua error [FRAME_DESYNC]: Severe frame ID mismatch detected,0,0,-1,,
2026-03-21T11:38:28.175198,2067,256,error,high,lua,Lua error [FRAME_DESYNC]: Severe frame ID mismatch detected,0,0,-1,,
2026-03-21T11:38:32.126016,2069,50,error,high,lua,Lua error [FRAME_DESYNC]: Severe frame ID mismatch detected,0,0,-1,,
2026-03-21T11:38:46.580154,2070,207,error,high,lua,Lua error [FRAME_DESYNC]: Severe frame ID mismatch detected,0,0,-1,,
2026-03-21T11:39:18.742330,2072,43,error,high,lua,Lua error [FRAME_DESYNC]: Severe frame ID mismatch detected,0,0,-1,,
2026-03-21T11:39:22.909401,2073,53,error,high,lua,Lua error [FRAME_DESYNC]: Severe frame ID mismatch detected,0,0,-1,,
2026-03-21T11:39:31.488334,2074,111,error,high,lua,Lua error [FRAME_DESYNC]: Severe frame ID mismatch detected,0,0,-1,,
2026-03-21T11:40:00.707596,2077,52,error,high,lua,Lua error [FRAME_DESYNC]: Severe frame ID mismatch detected,0,0,-1,,
2026-03-21T11:40:11.105852,2079,141,error,high,lua,Lua error [FRAME_DESYNC]: Severe frame ID mismatch detected,0,0,-1,,
2026-03-21T11:40:15.435921,2080,54,error,high,lua,Lua error [FRAME_DESYNC]: Severe frame ID mismatch detected,0,0,-1,,
2026-03-21T11:40:40.474198,2080,348,error,high,lua,Lua error [FRAME_DESYNC]: Severe frame ID mismatch detected,0,0,-1,,
2026-03-21T11:40:44.590487,2082,49,error,high,lua,Lua error [FRAME_DESYNC]: Severe frame ID mismatch detected,0,0,-1,,
2026-03-21T11:40:47.734065,2083,39,error,high,lua,Lua error [FRAME_DESYNC]: Severe frame ID mismatch detected,0,0,-1,,
2026-03-21T11:40:54.260387,2084,87,error,high,lua,Lua error [FRAME_DESYNC]: Severe frame ID mismatch detected,0,0,-1,,
2026-03-21T11:41:06.220803,2084,171,error,high,lua,Lua error [FRAME_DESYNC]: Severe frame ID mismatch detected,0,0,-1,,
2026-03-21T11:41:10.469100,2085,51,error,high,lua,Lua error [FRAME_DESYNC]: Severe frame ID mismatch detected,0,0,-1,,
2026-03-21T11:41:19.068660,2086,112,error,high,lua,Lua error [FRAME_DESYNC]: Severe frame ID mismatch detected,0,0,-1,,
2026-03-21T11:41:22.918177,2087,45,error,high,lua,Lua error [FRAME_DESYNC]: Severe frame ID mismatch detected,0,0,-1,,
2026-03-21T11:41:35.708546,2088,170,error,high,lua,Lua error [FRAME_DESYNC]: Severe frame ID mismatch detected,0,0,-1,,
2026-03-21T11:42:03.129030,2089,400,error,high,lua,Lua error [FRAME_DESYNC]: Severe frame ID mismatch detected,0,0,-1,,
2026-03-21T11:42:22.830028,2091,43,error,high,lua,Lua error [FRAME_DESYNC]: Severe frame ID mismatch detected,0,0,-1,,
2026-03-21T11:42:22.830430,2091,43,error,high,lua,Lua error [FRAME_DESYNC]: Severe frame ID mismatch detected,0,0,-1,,
2026-03-21T11:42:49.102670,2093,136,error,high,lua,Lua error [FRAME_DESYNC]: Severe frame ID mismatch detected,0,0,-1,,
2026-03-21T11:43:04.643797,2095,49,error,high,lua,Lua error [FRAME_DESYNC]: Severe frame ID mismatch detected,0,0,-1,,
2026-03-21T11:43:07.855270,2096,38,error,high,lua,Lua error [FRAME_DESYNC]: Severe frame ID mismatch detected,0,0,-1,,
2026-03-21T11:43:33.462640,2097,359,error,high,lua,Lua error [FRAME_DESYNC]: Severe frame ID mismatch detected,0,0,-1,,
2026-03-21T11:43:43.579452,2098,137,error,high,lua,Lua error [FRAME_DESYNC]: Severe frame ID mismatch detected,0,0,-1,,
2026-03-21T11:43:56.497331,2099,183,error,high,lua,Lua error [FRAME_DESYNC]: Severe frame ID mismatch detected,0,0,-1,,
2026-03-21T11:44:16.758095,2100,279,error,high,lua,Lua error [FRAME_DESYNC]: Severe frame ID mismatch detected,0,0,-1,,
2026-03-21T11:44:16.758745,2100,279,error,high,lua,Lua error [FRAME_DESYNC]: Severe frame ID mismatch detected,0,0,-1,,
2026-03-21T11:44:38.843274,2101,307,error,high,lua,Lua error [FRAME_DESYNC]: Severe frame ID mismatch detected,0,0,-1,,
2026-03-21T11:44:43.003123,2102,54,error,high,lua,Lua error [FRAME_DESYNC]: Severe frame ID mismatch detected,0,0,-1,,
2026-03-21T11:44:46.841894,2103,48,error,high,lua,Lua error [FRAME_DESYNC]: Severe frame ID mismatch detected,0,0,-1,,
2026-03-21T11:44:53.180303,2104,84,error,high,lua,Lua error [FRAME_DESYNC]: Severe frame ID mismatch detected,0,0,-1,,
2026-03-21T11:45:06.161025,2105,180,error,high,lua,Lua error [FRAME_DESYNC]: Severe frame ID mismatch detected,0,0,-1,,
2026-03-21T11:45:27.761589,2106,299,error,high,lua,Lua error [FRAME_DESYNC]: Severe frame ID mismatch detected,0,0,-1,,
2026-03-21T11:45:47.025187,2108,62,error,high,lua,Lua error [FRAME_DESYNC]: Severe frame ID mismatch detected,0,0,-1,,
2026-03-21T11:46:16.795241,2109,416,error,high,lua,Lua error [FRAME_DESYNC]: Severe frame ID mismatch detected,0,0,-1,,
2026-03-21T11:46:20.868076,2110,51,error,high,lua,Lua error [FRAME_DESYNC]: Severe frame ID mismatch detected,0,0,-1,,
2026-03-21T11:46:39.359809,2111,252,error,high,lua,Lua error [FRAME_DESYNC]: Severe frame ID mismatch detected,0,0,-1,,
2026-03-21T11:46:48.961442,2112,135,error,high,lua,Lua error [FRAME_DESYNC]: Severe frame ID mismatch detected,0,0,-1,,
2026-03-21T11:46:52.848268,2113,47,error,high,lua,Lua error [FRAME_DESYNC]: Severe frame ID mismatch detected,0,0,-1,,
2026-03-21T11:46:56.401666,2114,43,error,high,lua,Lua error [FRAME_DESYNC]: Severe frame ID mismatch detected,0,0,-1,,
2026-03-21T11:47:23.953104,2115,401,error,high,lua,Lua error [FRAME_DESYNC]: Severe frame ID mismatch detected,0,0,-1,,
2026-03-21T11:47:38.068773,2116,191,error,high,lua,Lua error [FRAME_DESYNC]: Severe frame ID mismatch detected,0,0,-1,,
2026-03-21T11:47:51.468793,2117,190,error,high,lua,Lua error [FRAME_DESYNC]: Severe frame ID mismatch detected,0,0,-1,,
2026-03-21T11:48:15.504129,2119,334,error,high,lua,Lua error [FRAME_DESYNC]: Severe frame ID mismatch detected,0,0,-1,,
2026-03-21T11:48:29.504690,2119,200,error,high,lua,Lua error [FRAME_DESYNC]: Severe frame ID mismatch detected,0,0,-1,,
2026-03-21T11:48:33.748252,2120,53,error,high,lua,Lua error [FRAME_DESYNC]: Severe frame ID mismatch detected,0,0,-1,,
2026-03-21T11:48:42.832577,2121,122,error,high,lua,Lua error [FRAME_DESYNC]: Severe frame ID mismatch detected,0,0,-1,,
2026-03-21T11:49:07.310770,2122,348,error,high,lua,Lua error [FRAME_DESYNC]: Severe frame ID mismatch detected,0,0,-1,,
2026-03-21T11:49:10.861856,2123,44,error,high,lua,Lua error [FRAME_DESYNC]: Severe frame ID mismatch detected,0,0,-1,,
2026-03-21T11:49:29.783171,2124,262,error,high,lua,Lua error [FRAME_DESYNC]: Severe frame ID mismatch detected,0,0,-1,,
2026-03-21T11:49:47.759670,2125,250,error,high,lua,Lua error [FRAME_DESYNC]: Severe frame ID mismatch detected,0,0,-1,,
2026-03-21T11:49:51.542422,2127,44,error,high,lua,Lua error [FRAME_DESYNC]: Severe frame ID mismatch detected,0,0,-1,,
2026-03-21T11:49:55.395582,2127,49,error,high,lua,Lua error [FRAME_DESYNC]: Severe frame ID mismatch detected,0,0,-1,,
2026-03-21T11:49:58.923064,2128,43,error,high,lua,Lua error [FRAME_DESYNC]: Severe frame ID mismatch detected,0,0,-1,,
2026-03-21T11:50:30.903672,2130,241,error,high,lua,Lua error [FRAME_DESYNC]: Severe frame ID mismatch detected,0,0,-1,,
2026-03-21T11:50:44.465182,2131,187,error,high,lua,Lua error [FRAME_DESYNC]: Severe frame ID mismatch detected,0,0,-1,,
2026-03-21T11:51:02.194764,2132,257,error,high,lua,Lua error [FRAME_DESYNC]: Severe frame ID mismatch detected,0,0,-1,,
2026-03-21T11:51:17.276390,2133,210,error,high,lua,Lua error [FRAME_DESYNC]: Severe frame ID mismatch detected,0,0,-1,,
2026-03-21T11:51:33.058725,2134,214,error,high,lua,Lua error [FRAME_DESYNC]: Severe frame ID mismatch detected,0,0,-1,,
2026-03-21T11:51:37.176765,2135,52,error,high,lua,Lua error [FRAME_DESYNC]: Severe frame ID mismatch detected,0,0,-1,,
2026-03-21T11:52:00.844372,2137,55,error,high,lua,Lua error [FRAME_DESYNC]: Severe frame ID mismatch detected,0,0,-1,,
2026-03-21T11:52:10.587811,2138,136,error,high,lua,Lua error [FRAME_DESYNC]: Severe frame ID mismatch detected,0,0,-1,,
2026-03-21T11:52:15.030525,2139,55,error,high,lua,Lua error [FRAME_DESYNC]: Severe frame ID mismatch detected,0,0,-1,,
2026-03-21T11:52:19.855909,2140,62,error,high,lua,Lua error [FRAME_DESYNC]: Severe frame ID mismatch detected,0,0,-1,,
2026-03-21T11:52:53.883257,2142,242,error,high,lua,Lua error [FRAME_DESYNC]: Severe frame ID mismatch detected,0,0,-1,,
2026-03-21T11:52:57.776179,2143,49,error,high,lua,Lua error [FRAME_DESYNC]: Severe frame ID mismatch detected,0,0,-1,,
2026-03-21T11:53:01.825777,2144,50,error,high,lua,Lua error [FRAME_DESYNC]: Severe frame ID mismatch detected,0,0,-1,,
2026-03-21T11:53:13.490645,2146,165,error,high,lua,Lua error [FRAME_DESYNC]: Severe frame ID mismatch detected,0,0,-1,,
2026-03-21T11:53:40.544522,2147,165,error,high,lua,Lua error [FRAME_DESYNC]: Severe frame ID mismatch detected,0,0,-1,,
2026-03-21T11:53:43.733884,2148,37,error,high,lua,Lua error [FRAME_DESYNC]: Severe frame ID mismatch detected,0,0,-1,,
2026-03-21T11:54:01.139962,2149,238,error,high,lua,Lua error [FRAME_DESYNC]: Severe frame ID mismatch detected,0,0,-1,,
2026-03-21T11:54:22.041941,2150,291,error,high,lua,Lua error [FRAME_DESYNC]: Severe frame ID mismatch detected,0,0,-1,,
2026-03-21T11:54:31.063462,2151,118,error,high,lua,Lua error [FRAME_DESYNC]: Severe frame ID mismatch detected,0,0,-1,,
2026-03-21T11:54:51.984931,2152,296,error,high,lua,Lua error [FRAME_DESYNC]: Severe frame ID mismatch detected,0,0,-1,,
2026-03-21T11:55:35.282306,2155,292,error,high,lua,Lua error [FRAME_DESYNC]: Severe frame ID mismatch detected,0,0,-1,,
2026-03-21T11:55:35.282660,2155,292,error,high,lua,Lua error [FRAME_DESYNC]: Severe frame ID mismatch detected,0,0,-1,,
2026-03-21T11:55:49.045511,2155,190,error,high,lua,Lua error [FRAME_DESYNC]: Severe frame ID mismatch detected,0,0,-1,,
2026-03-21T11:55:53.983785,2156,62,error,high,lua,Lua error [FRAME_DESYNC]: Severe frame ID mismatch detected,0,0,-1,,
2026-03-21T11:56:27.558724,2157,475,error,high,lua,Lua error [FRAME_DESYNC]: Severe frame ID mismatch detected,0,0,-1,,
2026-03-21T11:56:39.439650,2158,166,error,high,lua,Lua error [FRAME_DESYNC]: Severe frame ID mismatch detected,0,0,-1,,
2026-03-21T11:56:54.141036,2159,205,error,high,lua,Lua error [FRAME_DESYNC]: Severe frame ID mismatch detected,0,0,-1,,
2026-03-21T11:57:55.732014,2161,122,error,high,lua,Lua error [FRAME_DESYNC]: Severe frame ID mismatch detected,0,0,-1,,
2026-03-21T11:57:55.732498,2161,122,error,high,lua,Lua error [FRAME_DESYNC]: Severe frame ID mismatch detected,0,0,-1,,
2026-03-21T11:58:06.134403,2163,146,error,high,lua,Lua error [FRAME_DESYNC]: Severe frame ID mismatch detected,0,0,-1,,
2026-03-21T11:58:20.491030,2163,194,error,high,lua,Lua error [FRAME_DESYNC]: Severe frame ID mismatch detected,0,0,-1,,
2026-03-21T11:58:24.324831,2164,45,error,high,lua,Lua error [FRAME_DESYNC]: Severe frame ID mismatch detected,0,0,-1,,
2026-03-21T11:58:24.325282,2164,45,error,high,lua,Lua error [FRAME_DESYNC]: Severe frame ID mismatch detected,0,0,-1,,
2026-03-21T11:58:46.880734,2165,311,error,high,lua,Lua error [FRAME_DESYNC]: Severe frame ID mismatch detected,0,0,-1,,
2026-03-21T11:58:46.881218,2165,311,error,high,lua,Lua error [FRAME_DESYNC]: Severe frame ID mismatch detected,0,0,-1,,
2026-03-21T11:59:24.152406,2167,280,error,high,lua,Lua error [FRAME_DESYNC]: Severe frame ID mismatch detected,0,0,-1,,
2026-03-21T11:59:35.300217,2168,156,error,high,lua,Lua error [FRAME_DESYNC]: Severe frame ID mismatch detected,0,0,-1,,
2026-03-21T11:59:47.680008,2169,174,error,high,lua,Lua error [FRAME_DESYNC]: Severe frame ID mismatch detected,0,0,-1,,
2026-03-21T12:00:07.299363,2171,51,error,high,lua,Lua error [FRAME_DESYNC]: Severe frame ID mismatch detected,0,0,-1,,
2026-03-21T12:00:31.798078,2173,164,error,high,lua,Lua error [FRAME_DESYNC]: Severe frame ID mismatch detected,0,0,-1,,
2026-03-21T12:00:46.872583,2174,215,error,high,lua,Lua error [FRAME_DESYNC]: Severe frame ID mismatch detected,0,0,-1,,
2026-03-21T12:01:05.549044,2176,271,error,high,lua,Lua error [FRAME_DESYNC]: Severe frame ID mismatch detected,0,0,-1,,
2026-03-21T12:01:08.847156,2177,41,error,high,lua,Lua error [FRAME_DESYNC]: Severe frame ID mismatch detected,0,0,-1,,
2026-03-21T12:01:31.259144,2177,314,error,high,lua,Lua error [FRAME_DESYNC]: Severe frame ID mismatch detected,0,0,-1,,
2026-03-21T12:01:50.866403,2178,274,error,high,lua,Lua error [FRAME_DESYNC]: Severe frame ID mismatch detected,0,0,-1,,
2026-03-21T12:01:54.754284,2179,48,error,high,lua,Lua error [FRAME_DESYNC]: Severe frame ID mismatch detected,0,0,-1,,
2026-03-21T12:02:05.040998,2180,139,error,high,lua,Lua error [FRAME_DESYNC]: Severe frame ID mismatch detected,0,0,-1,,
2026-03-21T12:02:08.684859,2181,45,error,high,lua,Lua error [FRAME_DESYNC]: Severe frame ID mismatch detected,0,0,-1,,
2026-03-21T12:02:11.758196,2182,36,error,high,lua,Lua error [FRAME_DESYNC]: Severe frame ID mismatch detected,0,0,-1,,
2026-03-21T12:02:15.619822,2183,47,error,high,lua,Lua error [FRAME_DESYNC]: Severe frame ID mismatch detected,0,0,-1,,
2026-03-21T12:02:36.339029,2185,291,error,high,lua,Lua error [FRAME_DESYNC]: Severe frame ID mismatch detected,0,0,-1,,
2026-03-21T12:02:40.578767,2185,53,error,high,lua,Lua error [FRAME_DESYNC]: Severe frame ID mismatch detected,0,0,-1,,
2026-03-21T12:02:44.291495,2187,46,error,high,lua,Lua error [FRAME_DESYNC]: Severe frame ID mismatch detected,0,0,-1,,
2026-03-21T12:02:54.461657,2187,139,error,high,lua,Lua error [FRAME_DESYNC]: Severe frame ID mismatch detected,0,0,-1,,
2026-03-21T12:02:58.591352,2188,51,error,high,lua,Lua error [FRAME_DESYNC]: Severe frame ID mismatch detected,0,0,-1,,
2026-03-21T12:03:44.085728,2191,427,error,high,lua,Lua error [FRAME_DESYNC]: Severe frame ID mismatch detected,0,0,-1,,
2026-03-21T12:03:52.158118,2191,112,error,high,lua,Lua error [FRAME_DESYNC]: Severe frame ID mismatch detected,0,0,-1,,
2026-03-21T12:03:56.796757,2193,60,error,high,lua,Lua error [FRAME_DESYNC]: Severe frame ID mismatch detected,0,0,-1,,
2026-03-21T12:04:34.918857,2195,50,error,high,lua,Lua error [FRAME_DESYNC]: Severe frame ID mismatch detected,0,0,-1,,
2026-03-21T12:05:00.415412,2195,374,error,high,lua,Lua error [FRAME_DESYNC]: Severe frame ID mismatch detected,0,0,-1,,
2026-03-21T12:05:32.174258,2198,269,error,high,lua,Lua error [FRAME_DESYNC]: Severe frame ID mismatch detected,0,0,-1,,
2026-03-21T12:05:35.518907,2199,39,error,high,lua,Lua error [FRAME_DESYNC]: Severe frame ID mismatch detected,0,0,-1,,
2026-03-21T12:05:59.589384,2201,48,error,high,lua,Lua error [FRAME_DESYNC]: Severe frame ID mismatch detected,0,0,-1,,
2026-03-21T12:06:03.034228,2201,43,error,high,lua,Lua error [FRAME_DESYNC]: Severe frame ID mismatch detected,0,0,-1,,
2026-03-21T12:06:12.634491,2202,134,error,high,lua,Lua error [FRAME_DESYNC]: Severe frame ID mismatch detected,0,0,-1,,
2026-03-21T12:06:30.206085,2204,44,error,high,lua,Lua error [FRAME_DESYNC]: Severe frame ID mismatch detected,0,0,-1,,
2026-03-21T12:06:41.170503,2205,154,error,high,lua,Lua error [FRAME_DESYNC]: Severe frame ID mismatch detected,0,0,-1,,
2026-03-21T12:06:45.014195,2206,48,error,high,lua,Lua error [FRAME_DESYNC]: Severe frame ID mismatch detected,0,0,-1,,
2026-03-21T12:06:57.743819,2207,179,error,high,lua,Lua error [FRAME_DESYNC]: Severe frame ID mismatch detected,0,0,-1,,
2026-03-21T12:07:26.301374,2209,217,error,high,lua,Lua error [FRAME_DESYNC]: Severe frame ID mismatch detected,0,0,-1,,
2026-03-21T12:07:36.462204,2210,143,error,high,lua,Lua error [FRAME_DESYNC]: Severe frame ID mismatch detected,0,0,-1,,
2026-03-21T12:08:18.781249,2212,222,error,high,lua,Lua error [FRAME_DESYNC]: Severe frame ID mismatch detected,0,0,-1,,
2026-03-21T12:08:37.553089,2213,267,error,high,lua,Lua error [FRAME_DESYNC]: Severe frame ID mismatch detected,0,0,-1,,
2026-03-21T12:08:46.033756,2214,115,error,high,lua,Lua error [FRAME_DESYNC]: Severe frame ID mismatch detected,0,0,-1,,
2026-03-21T12:08:53.051703,2215,95,error,high,lua,Lua error [FRAME_DESYNC]: Severe frame ID mismatch detected,0,0,-1,,
2026-03-21T12:09:08.095086,2216,214,error,high,lua,Lua error [FRAME_DESYNC]: Severe frame ID mismatch detected,0,0,-1,,
2026-03-21T12:09:51.726056,2219,294,error,high,lua,Lua error [FRAME_DESYNC]: Severe frame ID mismatch detected,0,0,-1,,
2026-03-21T12:10:02.769432,2219,157,error,high,lua,Lua error [FRAME_DESYNC]: Severe frame ID mismatch detected,0,0,-1,,
2026-03-21T12:10:37.214209,2221,321,error,high,lua,Lua error [FRAME_DESYNC]: Severe frame ID mismatch detected,0,0,-1,,
2026-03-21T12:11:05.271733,2223,411,error,high,lua,Lua error [FRAME_DESYNC]: Severe frame ID mismatch detected,0,0,-1,,
2026-03-21T12:11:28.333177,2223,321,error,high,lua,Lua error [FRAME_DESYNC]: Severe frame ID mismatch detected,0,0,-1,,
2026-03-21T12:11:41.123024,2224,181,error,high,lua,Lua error [FRAME_DESYNC]: Severe frame ID mismatch detected,0,0,-1,,
2026-03-21T12:12:12.872532,2225,439,error,high,lua,Lua error [FRAME_DESYNC]: Severe frame ID mismatch detected,0,0,-1,,
2026-03-21T12:12:17.664028,2227,59,error,high,lua,Lua error [FRAME_DESYNC]: Severe frame ID mismatch detected,0,0,-1,,
2026-03-21T12:12:36.171307,2227,254,error,high,lua,Lua error [FRAME_DESYNC]: Severe frame ID mismatch detected,0,0,-1,,
2026-03-21T12:12:53.968962,2228,246,error,high,lua,Lua error [FRAME_DESYNC]: Severe frame ID mismatch detected,0,0,-1,,
2026-03-21T12:12:57.729614,2229,47,error,high,lua,Lua error [FRAME_DESYNC]: Severe frame ID mismatch detected,0,0,-1,,
2026-03-21T12:13:21.756336,2231,153,error,high,lua,Lua error [FRAME_DESYNC]: Severe frame ID mismatch detected,0,0,-1,,
2026-03-21T12:13:45.017391,2232,337,error,high,lua,Lua error [FRAME_DESYNC]: Severe frame ID mismatch detected,0,0,-1,,
2026-03-21T12:13:49.481544,2233,54,error,high,lua,Lua error [FRAME_DESYNC]: Severe frame ID mismatch detected,0,0,-1,,
2026-03-21T12:13:52.987538,2234,43,error,high,lua,Lua error [FRAME_DESYNC]: Severe frame ID mismatch detected,0,0,-1,,
2026-03-21T12:14:20.540299,2235,385,error,high,lua,Lua error [FRAME_DESYNC]: Severe frame ID mismatch detected,0,0,-1,,
2026-03-21T12:14:34.169070,2236,189,error,high,lua,Lua error [FRAME_DESYNC]: Severe frame ID mismatch detected,0,0,-1,,
2026-03-21T12:15:00.236983,2237,373,error,high,lua,Lua error [FRAME_DESYNC]: Severe frame ID mismatch detected,0,0,-1,,
2026-03-21T12:15:07.750609,2238,102,error,high,lua,Lua error [FRAME_DESYNC]: Severe frame ID mismatch detected,0,0,-1,,
2026-03-21T12:15:32.988436,2239,363,error,high,lua,Lua error [FRAME_DESYNC]: Severe frame ID mismatch detected,0,0,-1,,
2026-03-21T12:15:36.682926,2240,43,error,high,lua,Lua error [FRAME_DESYNC]: Severe frame ID mismatch detected,0,0,-1,,
2026-03-21T12:15:44.086879,2241,94,error,high,lua,Lua error [FRAME_DESYNC]: Severe frame ID mismatch detected,0,0,-1,,
2026-03-21T12:16:34.869436,2244,158,error,high,lua,Lua error [FRAME_DESYNC]: Severe frame ID mismatch detected,0,0,-1,,
2026-03-21T12:16:34.869838,2244,158,error,high,lua,Lua error [FRAME_DESYNC]: Severe frame ID mismatch detected,0,0,-1,,
2026-03-21T12:16:51.131070,2245,235,error,high,lua,Lua error [FRAME_DESYNC]: Severe frame ID mismatch detected,0,0,-1,,
2026-03-21T12:16:55.124560,2246,50,error,high,lua,Lua error [FRAME_DESYNC]: Severe frame ID mismatch detected,0,0,-1,,
2026-03-21T12:16:58.383199,2247,39,error,high,lua,Lua error [FRAME_DESYNC]: Severe frame ID mismatch detected,0,0,-1,,
2026-03-21T12:17:05.801403,2248,101,error,high,lua,Lua error [FRAME_DESYNC]: Severe frame ID mismatch detected,0,0,-1,,
2026-03-21T12:17:09.495513,2249,44,error,high,lua,Lua error [FRAME_DESYNC]: Severe frame ID mismatch detected,0,0,-1,,
2026-03-21T12:17:12.895419,2250,42,error,high,lua,Lua error [FRAME_DESYNC]: Severe frame ID mismatch detected,0,0,-1,,
2026-03-21T12:17:31.329051,2251,264,error,high,lua,Lua error [FRAME_DESYNC]: Severe frame ID mismatch detected,0,0,-1,,
2026-03-21T12:17:44.248714,2252,182,error,high,lua,Lua error [FRAME_DESYNC]: Severe frame ID mismatch detected,0,0,-1,,
2026-03-21T12:17:53.106220,2253,121,error,high,lua,Lua error [FRAME_DESYNC]: Severe frame ID mismatch detected,0,0,-1,,
2026-03-21T12:18:06.667388,2254,193,error,high,lua,Lua error [FRAME_DESYNC]: Severe frame ID mismatch detected,0,0,-1,,
2026-03-21T12:18:16.106466,2255,124,error,high,lua,Lua error [FRAME_DESYNC]: Severe frame ID mismatch detected,0,0,-1,,
2026-03-21T12:18:25.208401,2256,126,error,high,lua,Lua error [FRAME_DESYNC]: Severe frame ID mismatch detected,0,0,-1,,
2026-03-21T12:18:38.836275,2257,185,error,high,lua,Lua error [FRAME_DESYNC]: Severe frame ID mismatch detected,0,0,-1,,
2026-03-21T12:18:51.431841,2259,179,error,high,lua,Lua error [FRAME_DESYNC]: Severe frame ID mismatch detected,0,0,-1,,
2026-03-21T12:19:12.696275,2259,302,error,high,lua,Lua error [FRAME_DESYNC]: Severe frame ID mismatch detected,0,0,-1,,
2026-03-21T12:19:16.634456,2260,49,error,high,lua,Lua error [FRAME_DESYNC]: Severe frame ID mismatch detected,0,0,-1,,
2026-03-21T12:19:34.732971,2261,262,error,high,lua,Lua error [FRAME_DESYNC]: Severe frame ID mismatch detected,0,0,-1,,
2026-03-21T12:19:38.770382,2263,50,error,high,lua,Lua error [FRAME_DESYNC]: Severe frame ID mismatch detected,0,0,-1,,
2026-03-21T12:20:07.282329,2263,403,error,high,lua,Lua error [FRAME_DESYNC]: Severe frame ID mismatch detected,0,0,-1,,
2026-03-21T12:20:19.132137,2264,163,error,high,lua,Lua error [FRAME_DESYNC]: Severe frame ID mismatch detected,0,0,-1,,
2026-03-21T12:20:31.582016,2265,178,error,high,lua,Lua error [FRAME_DESYNC]: Severe frame ID mismatch detected,0,0,-1,,
2026-03-21T12:20:52.734064,2266,304,error,high,lua,Lua error [FRAME_DESYNC]: Severe frame ID mismatch detected,0,0,-1,,
2026-03-21T12:21:08.149453,2267,222,error,high,lua,Lua error [FRAME_DESYNC]: Severe frame ID mismatch detected,0,0,-1,,
2026-03-21T12:21:16.501688,2268,111,error,high,lua,Lua error [FRAME_DESYNC]: Severe frame ID mismatch detected,0,0,-1,,
2026-03-21T12:21:37.814846,2269,292,error,high,lua,Lua error [FRAME_DESYNC]: Severe frame ID mismatch detected,0,0,-1,,
2026-03-21T12:21:41.693528,2270,46,error,high,lua,Lua error [FRAME_DESYNC]: Severe frame ID mismatch detected,0,0,-1,,
2026-03-21T12:21:45.836439,2271,50,error,high,lua,Lua error [FRAME_DESYNC]: Severe frame ID mismatch detected,0,0,-1,,
2026-03-21T12:21:54.172460,2272,116,error,high,lua,Lua error [FRAME_DESYNC]: Severe frame ID mismatch detected,0,0,-1,,
2026-03-21T12:22:10.928040,2274,44,error,high,lua,Lua error [FRAME_DESYNC]: Severe frame ID mismatch detected,0,0,-1,,
2026-03-21T12:22:14.445698,2275,43,error,high,lua,Lua error [FRAME_DESYNC]: Severe frame ID mismatch detected,0,0,-1,,
2026-03-21T12:23:00.465823,2276,646,error,high,lua,Lua error [FRAME_DESYNC]: Severe frame ID mismatch detected,0,0,-1,,
2026-03-21T12:23:12.808759,2277,168,error,high,lua,Lua error [FRAME_DESYNC]: Severe frame ID mismatch detected,0,0,-1,,
2026-03-21T12:23:17.108034,2278,51,error,high,lua,Lua error [FRAME_DESYNC]: Severe frame ID mismatch detected,0,0,-1,,
2026-03-21T12:24:25.588436,2281,394,error,high,lua,Lua error [FRAME_DESYNC]: Severe frame ID mismatch detected,0,0,-1,,
2026-03-21T12:24:25.588868,2281,394,error,high,lua,Lua error [FRAME_DESYNC]: Severe frame ID mismatch detected,0,0,-1,,
2026-03-21T12:24:59.881475,2283,225,error,high,lua,Lua error [FRAME_DESYNC]: Severe frame ID mismatch detected,0,0,-1,,
2026-03-21T12:25:29.365638,2284,416,error,high,lua,Lua error [FRAME_DESYNC]: Severe frame ID mismatch detected,0,0,-1,,
2026-03-21T12:26:00.048013,2285,449,error,high,lua,Lua error [FRAME_DESYNC]: Severe frame ID mismatch detected,0,0,-1,,
2026-03-21T12:26:09.116194,2286,126,error,high,lua,Lua error [FRAME_DESYNC]: Severe frame ID mismatch detected,0,0,-1,,
2026-03-21T12:26:24.235551,2287,217,error,high,lua,Lua error [FRAME_DESYNC]: Severe frame ID mismatch detected,0,0,-1,,
2026-03-21T12:26:28.852137,2288,59,error,high,lua,Lua error [FRAME_DESYNC]: Severe frame ID mismatch detected,0,0,-1,,
2026-03-21T12:26:49.261198,2290,38,error,high,lua,Lua error [FRAME_DESYNC]: Severe frame ID mismatch detected,0,0,-1,,
2026-03-21T12:26:53.082820,2291,49,error,high,lua,Lua error [FRAME_DESYNC]: Severe frame ID mismatch detected,0,0,-1,,
2026-03-21T12:27:20.830562,2293,123,error,high,lua,Lua error [FRAME_DESYNC]: Severe frame ID mismatch detected,0,0,-1,,
2026-03-21T12:27:25.008211,2294,49,error,high,lua,Lua error [FRAME_DESYNC]: Severe frame ID mismatch detected,0,0,-1,,
2026-03-21T12:27:28.491861,2295,40,error,high,lua,Lua error [FRAME_DESYNC]: Severe frame ID mismatch detected,0,0,-1,,
2026-03-21T12:27:32.482721,2296,47,error,high,lua,Lua error [FRAME_DESYNC]: Severe frame ID mismatch detected,0,0,-1,,
2026-03-21T12:27:47.935800,2297,220,error,high,lua,Lua error [FRAME_DESYNC]: Severe frame ID mismatch detected,0,0,-1,,
2026-03-21T12:27:52.728526,2298,60,error,high,lua,Lua error [FRAME_DESYNC]: Severe frame ID mismatch detected,0,0,-1,,
2026-03-21T12:28:04.724720,2299,168,error,high,lua,Lua error [FRAME_DESYNC]: Severe frame ID mismatch detected,0,0,-1,,
2026-03-21T12:28:13.826158,2300,126,error,high,lua,Lua error [FRAME_DESYNC]: Severe frame ID mismatch detected,0,0,-1,,
2026-03-21T12:28:30.650330,2301,228,error,high,lua,Lua error [FRAME_DESYNC]: Severe frame ID mismatch detected,0,0,-1,,
2026-03-21T12:28:44.790506,2302,193,error,high,lua,Lua error [FRAME_DESYNC]: Severe frame ID mismatch detected,0,0,-1,,
2026-03-21T12:28:54.126394,2303,126,error,high,lua,Lua error [FRAME_DESYNC]: Severe frame ID mismatch detected,0,0,-1,,
2026-03-21T12:29:07.343713,2305,189,error,high,lua,Lua error [FRAME_DESYNC]: Severe frame ID mismatch detected,0,0,-1,,
2026-03-21T12:29:10.541598,2305,39,error,high,lua,Lua error [FRAME_DESYNC]: Severe frame ID mismatch detected,0,0,-1,,
2026-03-21T12:29:14.331950,2306,47,error,high,lua,Lua error [FRAME_DESYNC]: Severe frame ID mismatch detected,0,0,-1,,
2026-03-21T12:29:22.499075,2307,107,error,high,lua,Lua error [FRAME_DESYNC]: Severe frame ID mismatch detected,0,0,-1,,
2026-03-21T12:29:26.506559,2308,50,error,high,lua,Lua error [FRAME_DESYNC]: Severe frame ID mismatch detected,0,0,-1,,
2026-03-21T12:29:34.650337,2309,107,error,high,lua,Lua error [FRAME_DESYNC]: Severe frame ID mismatch detected,0,0,-1,,
2026-03-21T12:30:12.314722,2311,244,error,high,lua,Lua error [FRAME_DESYNC]: Severe frame ID mismatch detected,0,0,-1,,
2026-03-21T12:30:19.567523,2312,98,error,high,lua,Lua error [FRAME_DESYNC]: Severe frame ID mismatch detected,0,0,-1,,
2026-03-21T12:30:33.029291,2313,190,error,high,lua,Lua error [FRAME_DESYNC]: Severe frame ID mismatch detected,0,0,-1,,
2026-03-21T12:30:33.029799,2313,190,error,high,lua,Lua error [FRAME_DESYNC]: Severe frame ID mismatch detected,0,0,-1,,
2026-03-21T12:31:03.124694,2315,193,error,high,lua,Lua error [FRAME_DESYNC]: Severe frame ID mismatch detected,0,0,-1,,
2026-03-21T12:31:37.678930,2317,257,error,high,lua,Lua error [FRAME_DESYNC]: Severe frame ID mismatch detected,0,0,-1,,
2026-03-21T12:31:46.207889,2318,119,error,high,lua,Lua error [FRAME_DESYNC]: Severe frame ID mismatch detected,0,0,-1,,
2026-03-21T12:32:10.218639,2319,347,error,high,lua,Lua error [FRAME_DESYNC]: Severe frame ID mismatch detected,0,0,-1,,
2026-03-21T12:32:41.649013,2321,130,error,high,lua,Lua error [FRAME_DESYNC]: Severe frame ID mismatch detected,0,0,-1,,
2026-03-21T12:33:06.526915,2322,354,error,high,lua,Lua error [FRAME_DESYNC]: Severe frame ID mismatch detected,0,0,-1,,
2026-03-21T12:33:10.706057,2323,52,error,high,lua,Lua error [FRAME_DESYNC]: Severe frame ID mismatch detected,0,0,-1,,
2026-03-21T12:33:55.798635,2324,661,error,high,lua,Lua error [FRAME_DESYNC]: Severe frame ID mismatch detected,0,0,-1,,
2026-03-21T12:33:59.466549,2325,46,error,high,lua,Lua error [FRAME_DESYNC]: Severe frame ID mismatch detected,0,0,-1,,
2026-03-21T12:34:03.403125,2326,50,error,high,lua,Lua error [FRAME_DESYNC]: Severe frame ID mismatch detected,0,0,-1,,
2026-03-21T12:34:28.737396,2328,136,error,high,lua,Lua error [FRAME_DESYNC]: Severe frame ID mismatch detected,0,0,-1,,
2026-03-21T12:34:46.732510,2329,260,error,high,lua,Lua error [FRAME_DESYNC]: Severe frame ID mismatch detected,0,0,-1,,
2026-03-21T12:34:58.206332,2330,157,error,high,lua,Lua error [FRAME_DESYNC]: Severe frame ID mismatch detected,0,0,-1,,
2026-03-21T12:35:01.965558,2331,45,error,high,lua,Lua error [FRAME_DESYNC]: Severe frame ID mismatch detected,0,0,-1,,
2026-03-21T12:35:23.655158,2332,302,error,high,lua,Lua error [FRAME_DESYNC]: Severe frame ID mismatch detected,0,0,-1,,
2026-03-21T12:36:07.629035,2334,356,error,high,lua,Lua error [FRAME_DESYNC]: Severe frame ID mismatch detected,0,0,-1,,
2026-03-21T12:36:28.855968,2335,291,error,high,lua,Lua error [FRAME_DESYNC]: Severe frame ID mismatch detected,0,0,-1,,
2026-03-21T12:36:44.196360,2336,211,error,high,lua,Lua error [FRAME_DESYNC]: Severe frame ID mismatch detected,0,0,-1,,
2026-03-21T12:36:54.728871,2338,146,error,high,lua,Lua error [FRAME_DESYNC]: Severe frame ID mismatch detected,0,0,-1,,
2026-03-21T12:37:05.345290,2338,149,error,high,lua,Lua error [FRAME_DESYNC]: Severe frame ID mismatch detected,0,0,-1,,
2026-03-21T12:37:18.561615,2339,183,error,high,lua,Lua error [FRAME_DESYNC]: Severe frame ID mismatch detected,0,0,-1,,
2026-03-21T12:37:25.974967,2340,101,error,high,lua,Lua error [FRAME_DESYNC]: Severe frame ID mismatch detected,0,0,-1,,
2026-03-21T12:37:35.915679,2342,134,error,high,lua,Lua error [FRAME_DESYNC]: Severe frame ID mismatch detected,0,0,-1,,
2026-03-21T12:38:07.747342,2343,140,error,high,lua,Lua error [FRAME_DESYNC]: Severe frame ID mismatch detected,0,0,-1,,
2026-03-21T12:38:26.044066,2344,256,error,high,lua,Lua error [FRAME_DESYNC]: Severe frame ID mismatch detected,0,0,-1,,
2026-03-21T12:38:49.759075,2346,346,error,high,lua,Lua error [FRAME_DESYNC]: Severe frame ID mismatch detected,0,0,-1,,
2026-03-21T12:39:09.293189,2346,273,error,high,lua,Lua error [FRAME_DESYNC]: Severe frame ID mismatch detected,0,0,-1,,
2026-03-21T12:39:38.467493,2349,191,error,high,lua,Lua error [FRAME_DESYNC]: Severe frame ID mismatch detected,0,0,-1,,
2026-03-21T12:39:42.648152,2349,52,error,high,lua,Lua error [FRAME_DESYNC]: Severe frame ID mismatch detected,0,0,-1,,
2026-03-21T12:39:56.084479,2350,182,error,high,lua,Lua error [FRAME_DESYNC]: Severe frame ID mismatch detected,0,0,-1,,
2026-03-21T12:40:09.290188,2351,179,error,high,lua,Lua error [FRAME_DESYNC]: Severe frame ID mismatch detected,0,0,-1,,
2026-03-21T12:40:24.960185,2352,225,error,high,lua,Lua error [FRAME_DESYNC]: Severe frame ID mismatch detected,0,0,-1,,
2026-03-21T12:40:43.942072,2353,261,error,high,lua,Lua error [FRAME_DESYNC]: Severe frame ID mismatch detected,0,0,-1,,
2026-03-21T12:40:57.559632,2354,189,error,high,lua,Lua error [FRAME_DESYNC]: Severe frame ID mismatch detected,0,0,-1,,
2026-03-21T12:41:11.832521,2355,204,error,high,lua,Lua error [FRAME_DESYNC]: Severe frame ID mismatch detected,0,0,-1,,
2026-03-21T12:41:19.227150,2357,101,error,high,lua,Lua error [FRAME_DESYNC]: Severe frame ID mismatch detected,0,0,-1,,
2026-03-21T12:41:23.471112,2357,55,error,high,lua,Lua error [FRAME_DESYNC]: Severe frame ID mismatch detected,0,0,-1,,
2026-03-21T12:41:26.837313,2359,37,error,high,lua,Lua error [FRAME_DESYNC]: Severe frame ID mismatch detected,0,0,-1,,
2026-03-21T12:41:57.585908,2359,427,error,high,lua,Lua error [FRAME_DESYNC]: Severe frame ID mismatch detected,0,0,-1,,
2026-03-21T12:42:41.472877,2363,41,error,high,lua,Lua error [FRAME_DESYNC]: Severe frame ID mismatch detected,0,0,-1,,
2026-03-21T12:42:45.280843,2364,47,error,high,lua,Lua error [FRAME_DESYNC]: Severe frame ID mismatch detected,0,0,-1,,
2026-03-21T12:42:56.634846,2364,156,error,high,lua,Lua error [FRAME_DESYNC]: Severe frame ID mismatch detected,0,0,-1,,
2026-03-21T12:43:08.579091,2365,165,error,high,lua,Lua error [FRAME_DESYNC]: Severe frame ID mismatch detected,0,0,-1,,
2026-03-21T12:43:11.836454,2367,39,error,high,lua,Lua error [FRAME_DESYNC]: Severe frame ID mismatch detected,0,0,-1,,
2026-03-21T12:43:46.817511,2368,283,error,high,lua,Lua error [FRAME_DESYNC]: Severe frame ID mismatch detected,0,0,-1,,
2026-03-21T12:43:50.255909,2369,40,error,high,lua,Lua error [FRAME_DESYNC]: Severe frame ID mismatch detected,0,0,-1,,
2026-03-21T12:43:53.999891,2370,43,error,high,lua,Lua error [FRAME_DESYNC]: Severe frame ID mismatch detected,0,0,-1,,
2026-03-21T12:44:00.522530,2371,86,error,high,lua,Lua error [FRAME_DESYNC]: Severe frame ID mismatch detected,0,0,-1,,
2026-03-21T12:44:08.958676,2372,117,error,high,lua,Lua error [FRAME_DESYNC]: Severe frame ID mismatch detected,0,0,-1,,
2026-03-21T12:44:17.648608,2373,116,error,high,lua,Lua error [FRAME_DESYNC]: Severe frame ID mismatch detected,0,0,-1,,
2026-03-21T12:44:28.648349,2374,156,error,high,lua,Lua error [FRAME_DESYNC]: Severe frame ID mismatch detected,0,0,-1,,
2026-03-21T12:44:32.528732,2375,48,error,high,lua,Lua error [FRAME_DESYNC]: Severe frame ID mismatch detected,0,0,-1,,
2026-03-21T12:44:56.816458,2378,56,error,high,lua,Lua error [FRAME_DESYNC]: Severe frame ID mismatch detected,0,0,-1,,
2026-03-21T12:44:59.724009,2378,35,error,high,lua,Lua error [FRAME_DESYNC]: Severe frame ID mismatch detected,0,0,-1,,
2026-03-21T12:44:59.724448,2378,35,error,high,lua,Lua error [FRAME_DESYNC]: Severe frame ID mismatch detected,0,0,-1,,
2026-03-21T12:45:12.225652,2379,178,error,high,lua,Lua error [FRAME_DESYNC]: Severe frame ID mismatch detected,0,0,-1,,
2026-03-21T12:45:16.413071,2380,50,error,high,lua,Lua error [FRAME_DESYNC]: Severe frame ID mismatch detected,0,0,-1,,
2026-03-21T12:45:34.067838,2381,239,error,high,lua,Lua error [FRAME_DESYNC]: Severe frame ID mismatch detected,0,0,-1,,
2026-03-21T12:45:37.948213,2382,48,error,high,lua,Lua error [FRAME_DESYNC]: Severe frame ID mismatch detected,0,0,-1,,
2026-03-21T12:45:42.393674,2383,54,error,high,lua,Lua error [FRAME_DESYNC]: Severe frame ID mismatch detected,0,0,-1,,
2026-03-21T12:46:34.120273,2386,331,error,high,lua,Lua error [FRAME_DESYNC]: Severe frame ID mismatch detected,0,0,-1,,
2026-03-21T12:46:49.514966,2386,211,error,high,lua,Lua error [FRAME_DESYNC]: Severe frame ID mismatch detected,0,0,-1,,
2026-03-21T12:46:54.090280,2387,56,error,high,lua,Lua error [FRAME_DESYNC]: Severe frame ID mismatch detected,0,0,-1,,
2026-03-21T12:46:57.890454,2388,47,error,high,lua,Lua error [FRAME_DESYNC]: Severe frame ID mismatch detected,0,0,-1,,
2026-03-21T12:47:01.450985,2389,42,error,high,lua,Lua error [FRAME_DESYNC]: Severe frame ID mismatch detected,0,0,-1,,
2026-03-21T12:47:08.914403,2390,97,error,high,lua,Lua error [FRAME_DESYNC]: Severe frame ID mismatch detected,0,0,-1,,
2026-03-21T12:47:31.273020,2391,325,error,high,lua,Lua error [FRAME_DESYNC]: Severe frame ID mismatch detected,0,0,-1,,
2026-03-21T12:47:39.958516,2392,113,error,high,lua,Lua error [FRAME_DESYNC]: Severe frame ID mismatch detected,0,0,-1,,
2026-03-21T12:47:49.825096,2393,131,error,high,lua,Lua error [FRAME_DESYNC]: Severe frame ID mismatch detected,0,0,-1,,
2026-03-21T12:48:04.086080,2394,202,error,high,lua,Lua error [FRAME_DESYNC]: Severe frame ID mismatch detected,0,0,-1,,
2026-03-21T12:48:12.837463,2395,122,error,high,lua,Lua error [FRAME_DESYNC]: Severe frame ID mismatch detected,0,0,-1,,
2026-03-21T12:48:28.363072,2396,212,error,high,lua,Lua error [FRAME_DESYNC]: Severe frame ID mismatch detected,0,0,-1,,
2026-03-21T12:48:39.553907,2397,158,error,high,lua,Lua error [FRAME_DESYNC]: Severe frame ID mismatch detected,0,0,-1,,
2026-03-21T12:49:16.128565,2399,270,error,high,lua,Lua error [FRAME_DESYNC]: Severe frame ID mismatch detected,0,0,-1,,
2026-03-21T12:49:43.386793,2401,59,error,high,lua,Lua error [FRAME_DESYNC]: Severe frame ID mismatch detected,0,0,-1,,
2026-03-21T12:49:47.036969,2403,43,error,high,lua,Lua error [FRAME_DESYNC]: Severe frame ID mismatch detected,0,0,-1,,
2026-03-21T12:50:00.148128,2403,187,error,high,lua,Lua error [FRAME_DESYNC]: Severe frame ID mismatch detected,0,0,-1,,
2026-03-21T12:50:15.107253,2404,205,error,high,lua,Lua error [FRAME_DESYNC]: Severe frame ID mismatch detected,0,0,-1,,
2026-03-21T12:50:23.820158,2406,120,error,high,lua,Lua error [FRAME_DESYNC]: Severe frame ID mismatch detected,0,0,-1,,
2026-03-21T12:50:47.531542,2406,345,error,high,lua,Lua error [FRAME_DESYNC]: Severe frame ID mismatch detected,0,0,-1,,
2026-03-21T12:51:13.043998,2407,363,error,high,lua,Lua error [FRAME_DESYNC]: Severe frame ID mismatch detected,0,0,-1,,
2026-03-21T12:51:41.806985,2408,419,error,high,lua,Lua error [FRAME_DESYNC]: Severe frame ID mismatch detected,0,0,-1,,
2026-03-21T12:51:51.075168,2409,123,error,high,lua,Lua error [FRAME_DESYNC]: Severe frame ID mismatch detected,0,0,-1,,
2026-03-21T12:51:54.804029,2410,45,error,high,lua,Lua error [FRAME_DESYNC]: Severe frame ID mismatch detected,0,0,-1,,
2026-03-21T12:52:09.067296,2411,192,error,high,lua,Lua error [FRAME_DESYNC]: Severe frame ID mismatch detected,0,0,-1,,
2026-03-21T12:52:19.422421,2413,138,error,high,lua,Lua error [FRAME_DESYNC]: Severe frame ID mismatch detected,0,0,-1,,
2026-03-21T12:52:46.084199,2414,152,error,high,lua,Lua error [FRAME_DESYNC]: Severe frame ID mismatch detected,0,0,-1,,
2026-03-21T12:52:54.409695,2415,115,error,high,lua,Lua error [FRAME_DESYNC]: Severe frame ID mismatch detected,0,0,-1,,
2026-03-21T12:53:06.333308,2416,169,error,high,lua,Lua error [FRAME_DESYNC]: Severe frame ID mismatch detected,0,0,-1,,
2026-03-21T12:53:26.606323,2418,290,error,high,lua,Lua error [FRAME_DESYNC]: Severe frame ID mismatch detected,0,0,-1,,
2026-03-21T12:53:48.074226,2418,313,error,high,lua,Lua error [FRAME_DESYNC]: Severe frame ID mismatch detected,0,0,-1,,
2026-03-21T12:53:52.141867,2419,49,error,high,lua,Lua error [FRAME_DESYNC]: Severe frame ID mismatch detected,0,0,-1,,
2026-03-21T12:54:06.763074,2420,209,error,high,lua,Lua error [FRAME_DESYNC]: Severe frame ID mismatch detected,0,0,-1,,
2026-03-21T12:54:14.121473,2421,94,error,high,lua,Lua error [FRAME_DESYNC]: Severe frame ID mismatch detected,0,0,-1,,
2026-03-21T12:54:22.507134,2422,112,error,high,lua,Lua error [FRAME_DESYNC]: Severe frame ID mismatch detected,0,0,-1,,
2026-03-21T12:54:26.018063,2423,42,error,high,lua,Lua error [FRAME_DESYNC]: Severe frame ID mismatch detected,0,0,-1,,
2026-03-21T12:54:29.666298,2425,42,error,high,lua,Lua error [FRAME_DESYNC]: Severe frame ID mismatch detected,0,0,-1,,
2026-03-21T12:54:29.666772,2425,42,error,high,lua,Lua error [FRAME_DESYNC]: Severe frame ID mismatch detected,0,0,-1,,
2026-03-21T12:54:42.807096,2425,181,error,high,lua,Lua error [FRAME_DESYNC]: Severe frame ID mismatch detected,0,0,-1,,
2026-03-21T12:54:54.726503,2426,162,error,high,lua,Lua error [FRAME_DESYNC]: Severe frame ID mismatch detected,0,0,-1,,
2026-03-21T12:55:10.394773,2427,221,error,high,lua,Lua error [FRAME_DESYNC]: Severe frame ID mismatch detected,0,0,-1,,
2026-03-21T12:55:30.245209,2428,287,error,high,lua,Lua error [FRAME_DESYNC]: Severe frame ID mismatch detected,0,0,-1,,
2026-03-21T12:55:34.488458,2429,54,error,high,lua,Lua error [FRAME_DESYNC]: Severe frame ID mismatch detected,0,0,-1,,
2026-03-21T12:55:53.678672,2430,262,error,high,lua,Lua error [FRAME_DESYNC]: Severe frame ID mismatch detected,0,0,-1,,
2026-03-21T12:55:57.866556,2431,51,error,high,lua,Lua error [FRAME_DESYNC]: Severe frame ID mismatch detected,0,0,-1,,
2026-03-21T12:56:09.918379,2432,171,error,high,lua,Lua error [FRAME_DESYNC]: Severe frame ID mismatch detected,0,0,-1,,
2026-03-21T12:56:13.779373,2433,46,error,high,lua,Lua error [FRAME_DESYNC]: Severe frame ID mismatch detected,0,0,-1,,
2026-03-21T12:56:17.686128,2434,47,error,high,lua,Lua error [FRAME_DESYNC]: Severe frame ID mismatch detected,0,0,-1,,
2026-03-21T12:56:21.976241,2435,52,error,high,lua,Lua error [FRAME_DESYNC]: Severe frame ID mismatch detected,0,0,-1,,
2026-03-21T12:57:28.218268,2438,276,error,high,lua,Lua error [FRAME_DESYNC]: Severe frame ID mismatch detected,0,0,-1,,
2026-03-21T12:57:46.421288,2440,263,error,high,lua,Lua error [FRAME_DESYNC]: Severe frame ID mismatch detected,0,0,-1,,
2026-03-21T12:57:50.318576,2441,49,error,high,lua,Lua error [FRAME_DESYNC]: Severe frame ID mismatch detected,0,0,-1,,
2026-03-21T12:58:04.171559,2441,191,error,high,lua,Lua error [FRAME_DESYNC]: Severe frame ID mismatch detected,0,0,-1,,
2026-03-21T12:58:08.152638,2442,47,error,high,lua,Lua error [FRAME_DESYNC]: Severe frame ID mismatch detected,0,0,-1,,
2026-03-21T12:58:22.125689,2443,199,error,high,lua,Lua error [FRAME_DESYNC]: Severe frame ID mismatch detected,0,0,-1,,
2026-03-21T12:58:56.404017,2445,251,error,high,lua,Lua error [FRAME_DESYNC]: Severe frame ID mismatch detected,0,0,-1,,
2026-03-21T12:59:11.463812,2447,206,error,high,lua,Lua error [FRAME_DESYNC]: Severe frame ID mismatch detected,0,0,-1,,
2026-03-21T12:59:11.464156,2447,206,error,high,lua,Lua error [FRAME_DESYNC]: Severe frame ID mismatch detected,0,0,-1,,
2026-03-21T12:59:15.354682,2447,47,error,high,lua,Lua error [FRAME_DESYNC]: Severe frame ID mismatch detected,0,0,-1,,
2026-03-21T12:59:39.215410,2448,346,error,high,lua,Lua error [FRAME_DESYNC]: Severe frame ID mismatch detected,0,0,-1,,
2026-03-21T13:00:01.711065,2449,314,error,high,lua,Lua error [FRAME_DESYNC]: Severe frame ID mismatch detected,0,0,-1,,
2026-03-21T13:00:29.332422,2450,400,error,high,lua,Lua error [FRAME_DESYNC]: Severe frame ID mismatch detected,0,0,-1,,
2026-03-21T13:00:33.192601,2451,48,error,high,lua,Lua error [FRAME_DESYNC]: Severe frame ID mismatch detected,0,0,-1,,
2026-03-21T13:00:41.216036,2453,111,error,high,lua,Lua error [FRAME_DESYNC]: Severe frame ID mismatch detected,0,0,-1,,
2026-03-21T13:00:50.567957,2454,129,error,high,lua,Lua error [FRAME_DESYNC]: Severe frame ID mismatch detected,0,0,-1,,
2026-03-21T13:01:06.570533,2454,231,error,high,lua,Lua error [FRAME_DESYNC]: Severe frame ID mismatch detected,0,0,-1,,
2026-03-21T13:01:32.549413,2456,185,error,high,lua,Lua error [FRAME_DESYNC]: Severe frame ID mismatch detected,0,0,-1,,
2026-03-21T13:01:43.475666,2457,147,error,high,lua,Lua error [FRAME_DESYNC]: Severe frame ID mismatch detected,0,0,-1,,
2026-03-21T13:01:56.304632,2458,183,error,high,lua,Lua error [FRAME_DESYNC]: Severe frame ID mismatch detected,0,0,-1,,
2026-03-21T13:02:17.801800,2460,297,error,high,lua,Lua error [FRAME_DESYNC]: Severe frame ID mismatch detected,0,0,-1,,
2026-03-21T13:02:32.617524,2460,204,error,high,lua,Lua error [FRAME_DESYNC]: Severe frame ID mismatch detected,0,0,-1,,
2026-03-21T13:02:46.470915,2461,198,error,high,lua,Lua error [FRAME_DESYNC]: Severe frame ID mismatch detected,0,0,-1,,
2026-03-21T13:02:50.920221,2462,55,error,high,lua,Lua error [FRAME_DESYNC]: Severe frame ID mismatch detected,0,0,-1,,
2026-03-21T13:03:12.084366,2464,308,error,high,lua,Lua error [FRAME_DESYNC]: Severe frame ID mismatch detected,0,0,-1,,
2026-03-21T13:03:32.633864,2465,97,error,high,lua,Lua error [FRAME_DESYNC]: Severe frame ID mismatch detected,0,0,-1,,
2026-03-21T13:03:57.856579,2467,350,error,high,lua,Lua error [FRAME_DESYNC]: Severe frame ID mismatch detected,0,0,-1,,
2026-03-21T13:04:16.761928,2468,263,error,high,lua,Lua error [FRAME_DESYNC]: Severe frame ID mismatch detected,0,0,-1,,
2026-03-21T13:04:31.460780,2468,202,error,high,lua,Lua error [FRAME_DESYNC]: Severe frame ID mismatch detected,0,0,-1,,
2026-03-21T13:05:00.679524,2469,408,error,high,lua,Lua error [FRAME_DESYNC]: Severe frame ID mismatch detected,0,0,-1,,
2026-03-21T13:05:09.156136,2470,115,error,high,lua,Lua error [FRAME_DESYNC]: Severe frame ID mismatch detected,0,0,-1,,
2026-03-21T13:05:18.050179,2471,118,error,high,lua,Lua error [FRAME_DESYNC]: Severe frame ID mismatch detected,0,0,-1,,
2026-03-21T13:05:52.677329,2472,478,error,high,lua,Lua error [FRAME_DESYNC]: Severe frame ID mismatch detected,0,0,-1,,
2026-03-21T13:06:01.379269,2473,120,error,high,lua,Lua error [FRAME_DESYNC]: Severe frame ID mismatch detected,0,0,-1,,
2026-03-21T13:06:20.822943,2474,268,error,high,lua,Lua error [FRAME_DESYNC]: Severe frame ID mismatch detected,0,0,-1,,
2026-03-21T13:06:31.278744,2475,141,error,high,lua,Lua error [FRAME_DESYNC]: Severe frame ID mismatch detected,0,0,-1,,
2026-03-21T13:06:34.650195,2477,40,error,high,lua,Lua error [FRAME_DESYNC]: Severe frame ID mismatch detected,0,0,-1,,
2026-03-21T13:07:00.159433,2477,373,error,high,lua,Lua error [FRAME_DESYNC]: Severe frame ID mismatch detected,0,0,-1,,
2026-03-21T13:07:03.995176,2479,48,error,high,lua,Lua error [FRAME_DESYNC]: Severe frame ID mismatch detected,0,0,-1,,
2026-03-21T13:07:12.310668,2480,116,error,high,lua,Lua error [FRAME_DESYNC]: Severe frame ID mismatch detected,0,0,-1,,
2026-03-21T13:07:16.525691,2480,55,error,high,lua,Lua error [FRAME_DESYNC]: Severe frame ID mismatch detected,0,0,-1,,
2026-03-21T13:07:49.399473,2481,482,error,high,lua,Lua error [FRAME_DESYNC]: Severe frame ID mismatch detected,0,0,-1,,
2026-03-21T13:07:53.010672,2483,44,error,high,lua,Lua error [FRAME_DESYNC]: Severe frame ID mismatch detected,0,0,-1,,
2026-03-21T13:07:56.754765,2483,46,error,high,lua,Lua error [FRAME_DESYNC]: Severe frame ID mismatch detected,0,0,-1,,
2026-03-21T13:08:19.727171,2484,320,error,high,lua,Lua error [FRAME_DESYNC]: Severe frame ID mismatch detected,0,0,-1,,
2026-03-21T13:08:36.716223,2485,243,error,high,lua,Lua error [FRAME_DESYNC]: Severe frame ID mismatch detected,0,0,-1,,
2026-03-21T13:09:10.165231,2487,218,error,high,lua,Lua error [FRAME_DESYNC]: Severe frame ID mismatch detected,0,0,-1,,
2026-03-21T13:09:20.044456,2488,138,error,high,lua,Lua error [FRAME_DESYNC]: Severe frame ID mismatch detected,0,0,-1,,
2026-03-21T13:09:50.261192,2490,176,error,high,lua,Lua error [FRAME_DESYNC]: Severe frame ID mismatch detected,0,0,-1,,
2026-03-21T13:09:54.104423,2491,45,error,high,lua,Lua error [FRAME_DESYNC]: Severe frame ID mismatch detected,0,0,-1,,
2026-03-21T13:09:54.105058,2491,45,error,high,lua,Lua error [FRAME_DESYNC]: Severe frame ID mismatch detected,0,0,-1,,
2026-03-21T13:09:57.886685,2492,45,error,high,lua,Lua error [FRAME_DESYNC]: Severe frame ID mismatch detected,0,0,-1,,
2026-03-21T13:10:16.900803,2493,275,error,high,lua,Lua error [FRAME_DESYNC]: Severe frame ID mismatch detected,0,0,-1,,
2026-03-21T13:10:22.042515,2494,64,error,high,lua,Lua error [FRAME_DESYNC]: Severe frame ID mismatch detected,0,0,-1,,
2026-03-21T13:10:39.702501,2495,243,error,high,lua,Lua error [FRAME_DESYNC]: Severe frame ID mismatch detected,0,0,-1,,
2026-03-21T13:10:53.865746,2496,203,error,high,lua,Lua error [FRAME_DESYNC]: Severe frame ID mismatch detected,0,0,-1,,
2026-03-21T13:10:58.275530,2497,55,error,high,lua,Lua error [FRAME_DESYNC]: Severe frame ID mismatch detected,0,0,-1,,
2026-03-21T13:11:26.334932,2499,198,error,high,lua,Lua error [FRAME_DESYNC]: Severe frame ID mismatch detected,0,0,-1,,
2026-03-21T13:11:36.984177,2500,149,error,high,lua,Lua error [FRAME_DESYNC]: Severe frame ID mismatch detected,0,0,-1,,
2026-03-21T13:11:40.594431,2501,43,error,high,lua,Lua error [FRAME_DESYNC]: Severe frame ID mismatch detected,0,0,-1,,
2026-03-21T13:11:51.793428,2502,156,error,high,lua,Lua error [FRAME_DESYNC]: Severe frame ID mismatch detected,0,0,-1,,
2026-03-21T13:12:00.012505,2503,113,error,high,lua,Lua error [FRAME_DESYNC]: Severe frame ID mismatch detected,0,0,-1,,
2026-03-21T13:12:03.448012,2504,40,error,high,lua,Lua error [FRAME_DESYNC]: Severe frame ID mismatch detected,0,0,-1,,
2026-03-21T13:12:07.636914,2505,51,error,high,lua,Lua error [FRAME_DESYNC]: Severe frame ID mismatch detected,0,0,-1,,
2026-03-21T13:12:15.554100,2506,109,error,high,lua,Lua error [FRAME_DESYNC]: Severe frame ID mismatch detected,0,0,-1,,
2026-03-21T13:12:15.554598,2506,109,error,high,lua,Lua error [FRAME_DESYNC]: Severe frame ID mismatch detected,0,0,-1,,
2026-03-21T13:12:24.028622,2507,117,error,high,lua,Lua error [FRAME_DESYNC]: Severe frame ID mismatch detected,0,0,-1,,
2026-03-21T13:12:45.833890,2508,301,error,high,lua,Lua error [FRAME_DESYNC]: Severe frame ID mismatch detected,0,0,-1,,
2026-03-21T13:12:58.853883,2509,186,error,high,lua,Lua error [FRAME_DESYNC]: Severe frame ID mismatch detected,0,0,-1,,
2026-03-21T13:13:03.726241,2511,62,error,high,lua,Lua error [FRAME_DESYNC]: Severe frame ID mismatch detected,0,0,-1,,
2026-03-21T13:13:27.087674,2511,329,error,high,lua,Lua error [FRAME_DESYNC]: Severe frame ID mismatch detected,0,0,-1,,
2026-03-21T13:13:37.117613,2512,139,error,high,lua,Lua error [FRAME_DESYNC]: Severe frame ID mismatch detected,0,0,-1,,
2026-03-21T13:13:55.986392,2514,41,error,high,lua,Lua error [FRAME_DESYNC]: Severe frame ID mismatch detected,0,0,-1,,
2026-03-21T13:13:59.766631,2516,46,error,high,lua,Lua error [FRAME_DESYNC]: Severe frame ID mismatch detected,0,0,-1,,
2026-03-21T13:14:12.380250,2517,173,error,high,lua,Lua error [FRAME_DESYNC]: Severe frame ID mismatch detected,0,0,-1,,
2026-03-21T13:14:48.373097,2518,162,error,high,lua,Lua error [FRAME_DESYNC]: Severe frame ID mismatch detected,0,0,-1,,
2026-03-21T13:15:33.127124,2520,51,error,high,lua,Lua error [FRAME_DESYNC]: Severe frame ID mismatch detected,0,0,-1,,
2026-03-21T13:15:42.363532,2521,121,error,high,lua,Lua error [FRAME_DESYNC]: Severe frame ID mismatch detected,0,0,-1,,
2026-03-21T13:16:03.990758,2522,296,error,high,lua,Lua error [FRAME_DESYNC]: Severe frame ID mismatch detected,0,0,-1,,
2026-03-21T13:16:16.708606,2523,181,error,high,lua,Lua error [FRAME_DESYNC]: Severe frame ID mismatch detected,0,0,-1,,
2026-03-21T13:16:29.776556,2525,184,error,high,lua,Lua error [FRAME_DESYNC]: Severe frame ID mismatch detected,0,0,-1,,
2026-03-21T13:17:12.643580,2526,372,error,high,lua,Lua error [FRAME_DESYNC]: Severe frame ID mismatch detected,0,0,-1,,
2026-03-21T13:17:30.330755,2527,253,error,high,lua,Lua error [FRAME_DESYNC]: Severe frame ID mismatch detected,0,0,-1,,
2026-03-21T13:17:45.249013,2528,199,error,high,lua,Lua error [FRAME_DESYNC]: Severe frame ID mismatch detected,0,0,-1,,
2026-03-21T13:17:49.516600,2529,51,error,high,lua,Lua error [FRAME_DESYNC]: Severe frame ID mismatch detected,0,0,-1,,
2026-03-21T13:18:06.106184,2530,238,error,high,lua,Lua error [FRAME_DESYNC]: Severe frame ID mismatch detected,0,0,-1,,
2026-03-21T13:18:21.007481,2531,201,error,high,lua,Lua error [FRAME_DESYNC]: Severe frame ID mismatch detected,0,0,-1,,
2026-03-21T13:18:42.295706,2532,309,error,high,lua,Lua error [FRAME_DESYNC]: Severe frame ID mismatch detected,0,0,-1,,
2026-03-21T13:19:23.903462,2534,267,error,high,lua,Lua error [FRAME_DESYNC]: Severe frame ID mismatch detected,0,0,-1,,
2026-03-21T13:19:27.630209,2535,46,error,high,lua,Lua error [FRAME_DESYNC]: Severe frame ID mismatch detected,0,0,-1,,
2026-03-21T13:19:32.243767,2536,58,error,high,lua,Lua error [FRAME_DESYNC]: Severe frame ID mismatch detected,0,0,-1,,
2026-03-21T13:19:41.355409,2537,128,error,high,lua,Lua error [FRAME_DESYNC]: Severe frame ID mismatch detected,0,0,-1,,
2026-03-21T13:19:55.040781,2538,189,error,high,lua,Lua error [FRAME_DESYNC]: Severe frame ID mismatch detected,0,0,-1,,
2026-03-21T13:20:46.239789,2541,271,error,high,lua,Lua error [FRAME_DESYNC]: Severe frame ID mismatch detected,0,0,-1,,
2026-03-21T13:21:03.033648,2542,242,error,high,lua,Lua error [FRAME_DESYNC]: Severe frame ID mismatch detected,0,0,-1,,
2026-03-21T13:21:12.670072,2543,131,error,high,lua,Lua error [FRAME_DESYNC]: Severe frame ID mismatch detected,0,0,-1,,
2026-03-21T13:21:17.187628,2544,55,error,high,lua,Lua error [FRAME_DESYNC]: Severe frame ID mismatch detected,0,0,-1,,
2026-03-21T13:21:21.048474,2545,45,error,high,lua,Lua error [FRAME_DESYNC]: Severe frame ID mismatch detected,0,0,-1,,
2026-03-21T13:21:29.698034,2546,113,error,high,lua,Lua error [FRAME_DESYNC]: Severe frame ID mismatch detected,0,0,-1,,
2026-03-21T13:21:46.794615,2548,51,error,high,lua,Lua error [FRAME_DESYNC]: Severe frame ID mismatch detected,0,0,-1,,
2026-03-21T13:22:09.384837,2550,47,error,high,lua,Lua error [FRAME_DESYNC]: Severe frame ID mismatch detected,0,0,-1,,
2026-03-21T13:22:12.718226,2551,41,error,high,lua,Lua error [FRAME_DESYNC]: Severe frame ID mismatch detected,0,0,-1,,
2026-03-21T13:22:16.889045,2552,52,error,high,lua,Lua error [FRAME_DESYNC]: Severe frame ID mismatch detected,0,0,-1,,
2026-03-21T13:22:20.551964,2554,44,error,high,lua,Lua error [FRAME_DESYNC]: Severe frame ID mismatch detected,0,0,-1,,
2026-03-21T13:22:24.343454,2554,48,error,high,lua,Lua error [FRAME_DESYNC]: Severe frame ID mismatch detected,0,0,-1,,
2026-03-21T13:22:55.608153,2555,441,error,high,lua,Lua error [FRAME_DESYNC]: Severe frame ID mismatch detected,0,0,-1,,
2026-03-21T13:23:08.569595,2556,184,error,high,lua,Lua error [FRAME_DESYNC]: Severe frame ID mismatch detected,0,0,-1,,
2026-03-21T13:23:22.696099,2557,193,error,high,lua,Lua error [FRAME_DESYNC]: Severe frame ID mismatch detected,0,0,-1,,
2026-03-21T13:23:26.313428,2558,44,error,high,lua,Lua error [FRAME_DESYNC]: Severe frame ID mismatch detected,0,0,-1,,
2026-03-21T13:23:29.618278,2559,40,error,high,lua,Lua error [FRAME_DESYNC]: Severe frame ID mismatch detected,0,0,-1,,
2026-03-21T13:23:33.617313,2560,51,error,high,lua,Lua error [FRAME_DESYNC]: Severe frame ID mismatch detected,0,0,-1,,
2026-03-21T13:23:36.989840,2561,41,error,high,lua,Lua error [FRAME_DESYNC]: Severe frame ID mismatch detected,0,0,-1,,
2026-03-21T13:23:40.904787,2562,47,error,high,lua,Lua error [FRAME_DESYNC]: Severe frame ID mismatch detected,0,0,-1,,
2026-03-21T13:23:50.788582,2563,139,error,high,lua,Lua error [FRAME_DESYNC]: Severe frame ID mismatch detected,0,0,-1,,
2026-03-21T13:24:11.315694,2564,281,error,high,lua,Lua error [FRAME_DESYNC]: Severe frame ID mismatch detected,0,0,-1,,
2026-03-21T13:24:15.064967,2565,47,error,high,lua,Lua error [FRAME_DESYNC]: Severe frame ID mismatch detected,0,0,-1,,
2026-03-21T13:24:30.275751,2566,207,error,high,lua,Lua error [FRAME_DESYNC]: Severe frame ID mismatch detected,0,0,-1,,
2026-03-21T13:24:55.825434,2567,369,error,high,lua,Lua error [FRAME_DESYNC]: Severe frame ID mismatch detected,0,0,-1,,
2026-03-21T13:25:03.723936,2568,107,error,high,lua,Lua error [FRAME_DESYNC]: Severe frame ID mismatch detected,0,0,-1,,
2026-03-21T13:25:26.068174,2569,315,error,high,lua,Lua error [FRAME_DESYNC]: Severe frame ID mismatch detected,0,0,-1,,
2026-03-21T13:25:45.172336,2570,262,error,high,lua,Lua error [FRAME_DESYNC]: Severe frame ID mismatch detected,0,0,-1,,
2026-03-21T13:25:54.477689,2571,130,error,high,lua,Lua error [FRAME_DESYNC]: Severe frame ID mismatch detected,0,0,-1,,
2026-03-21T13:26:05.193234,2572,145,error,high,lua,Lua error [FRAME_DESYNC]: Severe frame ID mismatch detected,0,0,-1,,
2026-03-21T13:26:31.350694,2573,382,error,high,lua,Lua error [FRAME_DESYNC]: Severe frame ID mismatch detected,0,0,-1,,
