episode_id,timestamp,start_time,end_time,duration,max_x_reached,level_progress_percent,level_completed,lives_used,deaths,death_causes,total_reward,avg_reward_per_frame,distance_reward,completion_reward,powerup_reward,enemy_reward,score_reward,coin_reward,death_penalty,movement_penalty,stuck_penalty,score,coins_collected,enemies_killed,powerups_collected,time_remaining,frames_processed,actions_taken,avg_fps,sync_quality,status,termination_reason,curriculum_phase
1,2026-03-25T18:21:32.120949,1774480892.120949,1774480900.3687189,8.247769832611084,54,1.7045454545454544,False,0,0,,-12.299999999999974,-0.025102040816326478,5.4,0.0,0.0,0.0,0.0,0.0,0.0,0.0,0.0,0,0,0,0,0,490,0,59.409999302184154,1.0,terminated,stuck_timeout,exploration
2,2026-03-25T18:21:41.134259,1774480901.1342592,1774480909.169488,8.035228729248047,49,1.5467171717171717,False,0,0,,-20.900000000000063,-0.04336099585062254,4.9,0.0,0.0,0.0,0.0,0.0,0.0,0.0,0.0,0,0,0,0,0,482,0,59.98584685530247,1.0,terminated,stuck_timeout,exploration
3,2026-03-25T18:21:49.892488,1774480909.8924875,1774480915.0016057,5.109118223190308,40,1.2626262626262625,False,0,0,,-23.000000000000096,-0.07615894039735131,4.0,0.0,0.0,0.0,0.0,0.0,0.0,0.0,0.0,0,0,0,0,0,302,0,59.11000427220901,1.0,terminated,stuck_timeout,exploration
4,2026-03-25T18:21:55.666813,1774480915.6668134,1774480924.9892063,9.32239294052124,59,1.8623737373737372,False,0,0,,-12.499999999999963,-0.022522522522522456,5.9,0.0,0.0,0.0,0.0,0.0,0.0,0.0,0.0,0,0,0,0,0,555,0,59.53407065557231,1.0,terminated,stuck_timeout,exploration
5,2026-03-25T18:22:05.753358,1774480925.7533581,1774480938.3394325,12.586074352264404,184,5.808080808080808,False,0,0,,132.20000000000113,0.17440633245382733,18.400000000000002,0.0,0.0,0.0,0.0,0.0,0.0,0.0,0.0,0,0,0,0,0,758,0,60.22529176173392,1.0,terminated,stuck_timeout,exploration
6,2026-03-25T18:22:19.219009,1774480939.219009,1774480944.6380613,5.419052362442017,41,1.2941919191919191,False,0,0,,-19.50000000000005,-0.06074766355140202,4.1000000000000005,0.0,0.0,0.0,0.0,0.0,0.0,0.0,0.0,0,0,0,0,0,321,0,59.23544902883095,1.0,terminated,stuck_timeout,exploration
7,2026-03-25T18:22:25.308701,1774480945.308701,1774480952.9317133,7.62301230430603,66,2.083333333333333,False,0,0,,5.899999999999923,0.012967032967032797,6.6000000000000005,0.0,0.0,0.0,0.0,0.0,0.0,0.0,0.0,0,0,0,0,0,455,0,59.68769061844266,1.0,terminated,stuck_timeout,exploration
8,2026-03-25T18:22:33.649346,1774480953.6493464,1774480973.3855114,19.736165046691895,126,3.977272727272727,False,0,0,,52.59999999999984,0.04446322907861356,12.600000000000001,0.0,0.0,0.0,0.0,0.0,0.0,0.0,0.0,0,0,0,0,0,1183,0,59.94072289126353,1.0,terminated,stuck_timeout,exploration
9,2026-03-25T18:22:54.294317,1774480974.2943168,1774480979.321471,5.027154207229614,40,1.2626262626262625,False,0,0,,-23.20000000000007,-0.07682119205298037,4.0,0.0,0.0,0.0,0.0,0.0,0.0,0.0,0.0,0,0,0,0,0,302,0,60.0737489941506,1.0,terminated,stuck_timeout,exploration
10,2026-03-25T18:23:00.002418,1774480980.0024176,1774480987.468072,7.465654373168945,61,1.9255050505050504,False,0,0,,-3.2000000000000055,-0.0072072072072072195,6.1000000000000005,0.0,0.0,0.0,0.0,0.0,0.0,0.0,0.0,0,0,0,0,0,444,0,59.47234867926726,1.0,terminated,stuck_timeout,exploration
11,2026-03-25T18:23:08.150505,1774480988.1505046,1774480993.762996,5.6124913692474365,43,1.3573232323232325,False,0,0,,-19.900000000000073,-0.0599397590361448,4.3,0.0,0.0,0.0,0.0,0.0,0.0,0.0,0.0,0,0,0,0,0,332,0,59.153765798042905,1.0,terminated,stuck_timeout,exploration
12,2026-03-25T18:23:14.397496,1774480994.3974962,1774481001.5871077,7.189611434936523,50,1.5782828282828283,False,0,0,,-12.299999999999976,-0.028472222222222166,5.0,0.0,0.0,0.0,0.0,0.0,0.0,0.0,0.0,0,0,0,0,0,432,0,60.08669646606766,1.0,terminated,stuck_timeout,exploration
13,2026-03-25T18:23:22.290893,1774481002.290893,1774481011.9495103,9.6586172580719,253,7.986111111111111,False,0,0,,208.0000000000005,0.3592400690846296,25.3,0.0,0.0,0.0,0.0,0.0,0.0,0.0,0.0,0,0,0,0,0,579,0,59.94646899545772,1.0,failed,death,exploration
14,2026-03-25T18:23:32.788248,1774481012.788248,1774481022.0958397,9.307591676712036,81,2.556818181818182,False,0,0,,22.79999999999975,0.04078711985688685,8.1,0.0,0.0,0.0,0.0,0.0,0.0,0.0,0.0,0,0,0,0,0,559,0,60.05850056772905,1.0,terminated,stuck_timeout,exploration
15,2026-03-25T18:23:42.861904,1774481022.8619037,1774481041.323858,18.461954355239868,245,7.733585858585859,False,0,0,,171.8000000000022,0.15533453887884466,24.5,0.0,0.0,0.0,0.0,0.0,0.0,0.0,0.0,0,0,0,0,0,1106,0,59.90698377423381,1.0,terminated,stuck_timeout,exploration
16,2026-03-25T18:24:02.230807,1774481042.2308073,1774481055.9290514,13.698244094848633,116,3.6616161616161618,False,0,0,,37.09999999999972,0.045354523227383516,11.600000000000001,0.0,0.0,0.0,0.0,0.0,0.0,0.0,0.0,0,0,0,0,0,818,0,59.715682852199826,1.0,terminated,stuck_timeout,exploration
17,2026-03-25T18:24:16.761353,1774481056.7613535,1774481064.7284083,7.967054843902588,54,1.7045454545454544,False,0,0,,-13.599999999999985,-0.028752642706131048,5.4,0.0,0.0,0.0,0.0,0.0,0.0,0.0,0.0,0,0,0,0,0,473,0,59.369492148281154,1.0,terminated,stuck_timeout,exploration
18,2026-03-25T18:24:25.418460,1774481065.4184597,1774481074.5820713,9.163611650466919,59,1.8623737373737372,False,0,0,,-16.799999999999983,-0.030490018148820297,5.9,0.0,0.0,0.0,0.0,0.0,0.0,0.0,0.0,0,0,0,0,0,551,0,60.12913041463565,1.0,terminated,stuck_timeout,exploration
19,2026-03-25T18:24:35.355321,1774481075.3553212,1774481083.9331589,8.577837705612183,71,2.241161616161616,False,0,0,,9.49999999999995,0.0184108527131782,7.1000000000000005,0.0,0.0,0.0,0.0,0.0,0.0,0.0,0.0,0,0,0,0,0,516,0,60.155020147140235,1.0,terminated,stuck_timeout,exploration
20,2026-03-25T18:24:44.660131,1774481084.6601305,1774481089.6934981,5.03336763381958,40,1.2626262626262625,False,0,0,,-23.000000000000085,-0.07615894039735127,4.0,0.0,0.0,0.0,0.0,0.0,0.0,0.0,0.0,0,0,0,0,0,302,0,59.999591122817854,1.0,terminated,stuck_timeout,exploration
21,2026-03-25T18:24:50.351305,1774481090.3513055,1774481097.662648,7.311342477798462,72,2.272727272727273,False,0,0,,12.099999999999913,0.027880184331797033,7.2,0.0,0.0,0.0,0.0,0.0,0.0,0.0,0.0,0,0,0,0,0,434,0,59.359823632647405,1.0,terminated,stuck_timeout,exploration
22,2026-03-25T18:24:58.336818,1774481098.3368185,1774481105.638235,7.301416635513306,56,1.7676767676767675,False,0,0,,-8.999999999999954,-0.020689655172413685,5.6000000000000005,0.0,0.0,0.0,0.0,0.0,0.0,0.0,0.0,0,0,0,0,0,435,0,59.57747951051125,1.0,terminated,stuck_timeout,exploration
23,2026-03-25T18:25:06.300775,1774481106.3007746,1774481125.877074,19.57629942893982,195,6.15530303030303,False,0,0,,127.00000000000013,0.10826939471440761,19.5,0.0,0.0,0.0,0.0,0.0,0.0,0.0,0.0,0,0,0,0,0,1173,0,59.91939407434398,1.0,failed,death,exploration
24,2026-03-25T18:25:26.772843,1774481126.7728434,1774481145.2716298,18.498786449432373,231,7.291666666666667,False,0,0,,150.10000000000358,0.1354693140794256,23.1,0.0,0.0,0.0,0.0,0.0,0.0,0.0,0.0,0,0,0,0,0,1108,0,59.89582089769994,1.0,terminated,stuck_timeout,exploration
25,2026-03-25T18:25:46.231931,1774481146.2319314,1774481151.3502645,5.118333101272583,40,1.2626262626262625,False,0,0,,-20.700000000000074,-0.06854304635761614,4.0,0.0,0.0,0.0,0.0,0.0,0.0,0.0,0.0,0,0,0,0,0,302,0,59.003584570319006,1.0,terminated,stuck_timeout,exploration
26,2026-03-25T18:25:52.016380,1774481152.0163798,1774481162.5841837,10.567803859710693,226,7.133838383838384,False,0,0,,188.40000000000063,0.29952305246422994,22.6,0.0,0.0,0.0,0.0,0.0,0.0,0.0,0.0,0,0,0,0,0,629,0,59.5204082466023,1.0,failed,death,exploration
27,2026-03-25T18:26:03.388025,1774481163.3880253,1774481170.0565305,6.6685051918029785,41,1.2941919191919191,False,0,0,,-23.500000000000092,-0.0590452261306535,4.1000000000000005,0.0,0.0,0.0,0.0,0.0,0.0,0.0,0.0,0,0,0,0,0,398,0,59.683540546572154,1.0,terminated,stuck_timeout,exploration
28,2026-03-25T18:26:10.804745,1774481170.8047454,1774481179.0493295,8.244584083557129,283,8.933080808080808,False,0,0,,268.0,0.5469387755102041,28.3,0.0,0.0,0.0,0.0,0.0,0.0,0.0,0.0,0,0,0,0,0,490,0,59.43295562686399,1.0,failed,death,exploration
29,2026-03-25T18:26:19.831572,1774481179.8315718,1774481196.2281046,16.396532773971558,211,6.660353535353536,False,0,0,,138.30000000000118,0.14040609137055957,21.1,0.0,0.0,0.0,0.0,0.0,0.0,0.0,0.0,0,0,0,0,0,985,0,60.073676159366094,1.0,terminated,stuck_timeout,exploration
30,2026-03-25T18:26:37.313624,1774481197.3136241,1774481209.679898,12.366273880004883,155,4.892676767676768,False,0,0,,98.80000000000072,0.1333333333333343,15.5,0.0,0.0,0.0,0.0,0.0,0.0,0.0,0.0,0,0,0,0,0,741,0,59.92104066190287,1.0,terminated,stuck_timeout,exploration
31,2026-03-25T18:26:50.638341,1774481210.6383412,1774481215.845807,5.207465887069702,41,1.2941919191919191,False,0,0,,-21.500000000000078,-0.06869009584664562,4.1000000000000005,0.0,0.0,0.0,0.0,0.0,0.0,0.0,0.0,0,0,0,0,0,313,0,60.106010636994974,1.0,terminated,stuck_timeout,exploration
32,2026-03-25T18:26:56.603676,1774481216.6036763,1774481230.0738206,13.470144271850586,119,3.756313131313131,False,0,0,,32.49999999999966,0.04017305315203913,11.9,0.0,0.0,0.0,0.0,0.0,0.0,0.0,0.0,0,0,0,0,0,809,0,60.05874797426027,1.0,terminated,stuck_timeout,exploration
33,2026-03-25T18:27:11.004641,1774481231.0046406,1774481252.77056,21.76591944694519,447,14.109848484848486,False,0,0,,380.2999999999904,0.29208909370198954,44.7,0.0,0.0,0.0,0.0,0.0,0.0,0.0,0.0,0,0,0,0,0,1302,0,59.818286251295184,1.0,terminated,stuck_timeout,exploration
34,2026-03-25T18:27:34.047184,1774481254.0471845,1774481265.8614187,11.814234256744385,76,2.398989898989899,False,0,0,,-1.8000000000000052,-0.002560455192034147,7.6000000000000005,0.0,0.0,0.0,0.0,0.0,0.0,0.0,0.0,0,0,0,0,0,703,0,59.50449133837674,1.0,terminated,stuck_timeout,exploration
35,2026-03-25T18:27:46.784101,1774481266.7841015,1774481272.879102,6.095000505447388,40,1.2626262626262625,False,0,0,,-24.00000000000007,-0.06629834254143666,4.0,0.0,0.0,0.0,0.0,0.0,0.0,0.0,0.0,0,0,0,0,0,362,0,59.39294011156581,1.0,terminated,stuck_timeout,exploration
36,2026-03-25T18:27:53.647869,1774481273.647869,1774481289.9902692,16.342400074005127,126,3.977272727272727,False,0,0,,55.99999999999966,0.05731832139201603,12.600000000000001,0.0,0.0,0.0,0.0,0.0,0.0,0.0,0.0,0,0,0,0,0,977,0,59.78314051643217,1.0,terminated,stuck_timeout,exploration
37,2026-03-25T18:28:11.194307,1774481291.1943066,1774481296.2706192,5.07631254196167,40,1.2626262626262625,False,0,0,,-22.900000000000112,-0.0758278145695368,4.0,0.0,0.0,0.0,0.0,0.0,0.0,0.0,0.0,0,0,0,0,0,302,0,59.492002807868154,1.0,terminated,stuck_timeout,exploration
38,2026-03-25T18:28:17.001219,1774481297.0012193,1774481311.2465286,14.245309352874756,53,1.672979797979798,False,0,0,,-34.300000000000225,-0.04025821596244158,5.300000000000001,0.0,0.0,0.0,0.0,0.0,0.0,0.0,0.0,0,0,0,0,0,852,0,59.80916095922222,1.0,terminated,stuck_timeout,exploration
39,2026-03-25T18:28:32.205410,1774481312.2054102,1774481317.3248258,5.119415521621704,40,1.2626262626262625,False,0,0,,-20.700000000000077,-0.06854304635761616,4.0,0.0,0.0,0.0,0.0,0.0,0.0,0.0,0.0,0,0,0,0,0,302,0,58.99110918512312,1.0,terminated,stuck_timeout,exploration
40,2026-03-25T18:28:38.089134,1774481318.0891337,1774481333.7481258,15.658992052078247,311,9.816919191919192,False,0,0,,249.00000000000207,0.2651757188498425,31.1,0.0,0.0,0.0,0.0,0.0,0.0,0.0,0.0,0,0,0,0,0,939,0,59.96554547553888,1.0,terminated,stuck_timeout,exploration
41,2026-03-25T18:28:54.751976,1774481334.7519758,1774481342.8328948,8.080919027328491,107,3.3775252525252526,False,0,0,,45.599999999999724,0.09460580912863013,10.700000000000001,0.0,0.0,0.0,0.0,0.0,0.0,0.0,0.0,0,0,0,0,0,482,0,59.646681073024766,1.0,terminated,stuck_timeout,exploration
42,2026-03-25T18:29:03.656543,1774481343.656543,1774481349.5356953,5.879152297973633,49,1.5467171717171717,False,0,0,,-15.199999999999955,-0.0434285714285713,4.9,0.0,0.0,0.0,0.0,0.0,0.0,0.0,0.0,0,0,0,0,0,350,0,59.532392130857794,1.0,terminated,stuck_timeout,exploration
43,2026-03-25T18:29:10.317899,1774481350.317899,1774481355.3275287,5.009629726409912,40,1.2626262626262625,False,0,0,,-24.20000000000007,-0.08013245033112606,4.0,0.0,0.0,0.0,0.0,0.0,0.0,0.0,0.0,0,0,0,0,0,302,0,60.283896513929484,1.0,terminated,stuck_timeout,exploration
44,2026-03-25T18:29:16.041462,1774481356.041462,1774481368.1195357,12.078073740005493,107,3.3775252525252526,False,0,0,,35.29999999999955,0.04882434301521376,10.700000000000001,0.0,0.0,0.0,0.0,0.0,0.0,0.0,0.0,0,0,0,0,0,723,0,59.8605386557005,1.0,terminated,stuck_timeout,exploration
45,2026-03-25T18:29:29.220580,1774481369.22058,1774481383.1307726,13.910192489624023,187,5.902777777777778,False,0,0,,126.70000000000054,0.15173652694610842,18.7,0.0,0.0,0.0,0.0,0.0,0.0,0.0,0.0,0,0,0,0,0,835,0,60.0279256108676,1.0,failed,death,exploration
46,2026-03-25T18:29:44.184410,1774481384.18441,1774481389.9436083,5.759198188781738,45,1.4204545454545454,False,0,0,,-19.200000000000035,-0.05565217391304358,4.5,0.0,0.0,0.0,0.0,0.0,0.0,0.0,0.0,0,0,0,0,0,345,0,59.90417219397323,1.0,terminated,stuck_timeout,exploration
47,2026-03-25T18:29:50.698306,1774481390.698306,1774481404.4354234,13.737117290496826,127,4.008838383838384,False,0,0,,49.59999999999944,0.060121212121211444,12.700000000000001,0.0,0.0,0.0,0.0,0.0,0.0,0.0,0.0,0,0,0,0,0,825,0,60.05626817867568,1.0,terminated,stuck_timeout,exploration
48,2026-03-25T18:30:05.419939,1774481405.419939,1774481414.8177671,9.397828102111816,67,2.11489898989899,False,0,0,,-7.999999999999923,-0.014260249554367064,6.7,0.0,0.0,0.0,0.0,0.0,0.0,0.0,0.0,0,0,0,0,0,561,0,59.69464368835772,1.0,terminated,stuck_timeout,exploration
49,2026-03-25T18:30:15.667388,1774481415.667388,1774481446.2184339,30.551045894622803,435,13.731060606060606,False,0,0,,359.8999999999925,0.1961307901907316,43.5,0.0,0.0,0.0,0.0,0.0,0.0,0.0,0.0,0,0,0,0,0,1835,0,60.06341014737478,1.0,terminated,stuck_timeout,exploration
50,2026-03-25T18:30:47.584656,1774481447.5846555,1774481457.1648636,9.58020806312561,105,3.3143939393939394,False,0,0,,37.09999999999965,0.06497373029772269,10.5,0.0,0.0,0.0,0.0,0.0,0.0,0.0,0.0,0,0,0,0,0,571,0,59.602045825892766,1.0,terminated,stuck_timeout,exploration
51,2026-03-25T18:30:58.072802,1774481458.0728023,1774481463.186575,5.113772630691528,40,1.2626262626262625,False,0,0,,-22.50000000000008,-0.07450331125827842,4.0,0.0,0.0,0.0,0.0,0.0,0.0,0.0,0.0,0,0,0,0,0,302,0,59.05620406106342,1.0,terminated,stuck_timeout,exploration
52,2026-03-25T18:31:03.692533,1774481463.6925333,1774481468.8594282,5.166894912719727,40,1.2626262626262625,False,0,0,,-23.00000000000009,-0.07615894039735129,4.0,0.0,0.0,0.0,0.0,0.0,0.0,0.0,0.0,0,0,0,0,0,302,0,58.44903082053097,1.0,terminated,stuck_timeout,exploration
53,2026-03-25T18:31:09.369817,1774481469.369817,1774481477.4034734,8.033656358718872,109,3.4406565656565657,False,0,0,,53.89999999999991,0.11205821205821188,10.9,0.0,0.0,0.0,0.0,0.0,0.0,0.0,0.0,0,0,0,0,0,481,0,59.87311113674585,1.0,terminated,stuck_timeout,exploration
54,2026-03-25T18:31:17.909391,1774481477.909391,1774481483.010394,5.101003170013428,40,1.2626262626262625,False,0,0,,-24.000000000000117,-0.07947019867549708,4.0,0.0,0.0,0.0,0.0,0.0,0.0,0.0,0.0,0,0,0,0,0,302,0,59.20404083952079,1.0,terminated,stuck_timeout,exploration
55,2026-03-25T18:31:23.515507,1774481483.5155067,1774481488.5819354,5.0664286613464355,40,1.2626262626262625,False,0,0,,-21.30000000000009,-0.07052980132450361,4.0,0.0,0.0,0.0,0.0,0.0,0.0,0.0,0.0,0,0,0,0,0,302,0,59.60806323082453,1.0,terminated,stuck_timeout,exploration
56,2026-03-25T18:31:29.092882,1774481489.0928822,1774481496.6766293,7.583747148513794,61,1.9255050505050504,False,0,0,,-0.7000000000000286,-0.00154185022026438,6.1000000000000005,0.0,0.0,0.0,0.0,0.0,0.0,0.0,0.0,0,0,0,0,0,454,0,59.86486510022576,1.0,terminated,stuck_timeout,exploration
57,2026-03-25T18:31:37.194253,1774481497.194253,1774481508.7636383,11.569385290145874,286,9.027777777777777,False,0,0,,253.09999999999997,0.3668115942028985,28.6,0.0,0.0,0.0,0.0,0.0,0.0,0.0,0.0,0,0,0,0,0,690,0,59.64016088112319,1.0,failed,death,exploration
58,2026-03-25T18:31:51.710113,1774481511.7101128,1774481529.1172676,17.40715479850769,75,2.367424242424242,False,0,0,,-18.800000000000058,-0.01802492809204224,7.5,0.0,0.0,0.0,0.0,0.0,0.0,0.0,0.0,0,0,0,0,0,1043,0,59.91789077956703,1.0,terminated,stuck_timeout,exploration
59,2026-03-25T18:32:09.631368,1774481529.6313682,1774481534.6343315,5.002963304519653,40,1.2626262626262625,False,0,0,,-22.600000000000108,-0.07483443708609307,4.0,0.0,0.0,0.0,0.0,0.0,0.0,0.0,0.0,0,0,0,0,0,302,0,60.364224484152146,1.0,terminated,stuck_timeout,exploration
60,2026-03-25T18:32:15.141846,1774481535.1418457,1774481546.7541897,11.612344026565552,227,7.16540404040404,False,0,0,,178.10000000000178,0.25736994219653436,22.700000000000003,0.0,0.0,0.0,0.0,0.0,0.0,0.0,0.0,0,0,0,0,0,692,0,59.591758426801,1.0,terminated,stuck_timeout,exploration
61,2026-03-25T18:32:28.695046,1774481548.6950464,1774481557.3605165,8.665470123291016,44,1.3888888888888888,False,0,0,,-29.600000000000122,-0.05747572815534004,4.4,0.0,0.0,0.0,0.0,0.0,0.0,0.0,0.0,0,0,0,0,0,515,0,59.43128216619028,1.0,terminated,stuck_timeout,exploration
62,2026-03-25T18:32:37.875648,1774481557.875648,1774481573.587893,15.712244987487793,316,9.974747474747476,False,0,0,,259.9000000000013,0.276489361702129,31.6,0.0,0.0,0.0,0.0,0.0,0.0,0.0,0.0,0,0,0,0,0,940,0,59.825951081373454,1.0,terminated,stuck_timeout,exploration
63,2026-03-25T18:32:55.817753,1774481575.8177533,1774481586.1979187,10.380165338516235,156,4.924242424242424,False,0,0,,103.6000000000009,0.16655948553054808,15.600000000000001,0.0,0.0,0.0,0.0,0.0,0.0,0.0,0.0,0,0,0,0,0,622,0,59.92197423792771,1.0,terminated,stuck_timeout,exploration
64,2026-03-25T18:33:06.713556,1774481586.7135558,1774481591.7407036,5.0271477699279785,40,1.2626262626262625,False,0,0,,-20.800000000000086,-0.06887417218543075,4.0,0.0,0.0,0.0,0.0,0.0,0.0,0.0,0.0,0,0,0,0,0,302,0,60.07382591905123,1.0,terminated,stuck_timeout,exploration
65,2026-03-25T18:33:12.246071,1774481592.246071,1774481597.2960443,5.049973249435425,40,1.2626262626262625,False,0,0,,-23.700000000000045,-0.07847682119205313,4.0,0.0,0.0,0.0,0.0,0.0,0.0,0.0,0.0,0,0,0,0,0,302,0,59.80229697924893,1.0,terminated,stuck_timeout,exploration
66,2026-03-25T18:33:17.799775,1774481597.7997746,1774481629.1506903,31.350915670394897,496,15.656565656565657,False,0,0,,426.29999999999336,0.22687599787120455,49.6,0.0,0.0,0.0,0.0,0.0,0.0,0.0,0.0,0,0,0,0,0,1879,0,59.934453581984705,1.0,terminated,stuck_timeout,exploration
67,2026-03-25T18:33:53.167308,1774481633.1673083,1774481646.2657273,13.098418951034546,223,7.039141414141414,False,0,0,,168.60000000000161,0.21423125794155223,22.3,0.0,0.0,0.0,0.0,0.0,0.0,0.0,0.0,0,0,0,0,0,787,0,60.08358741173421,1.0,terminated,stuck_timeout,exploration
68,2026-03-25T18:34:08.368215,1774481648.3682148,1774481657.277366,8.909151077270508,52,1.6414141414141417,False,0,0,,-12.89999999999997,-0.02433962264150938,5.2,0.0,0.0,0.0,0.0,0.0,0.0,0.0,0.0,0,0,0,0,0,530,0,59.48939415250952,1.0,terminated,stuck_timeout,exploration
69,2026-03-25T18:34:17.792338,1774481657.792338,1774481679.0242,21.23186206817627,222,7.007575757575757,False,0,0,,134.00000000000296,0.10518053375196465,22.200000000000003,0.0,0.0,0.0,0.0,0.0,0.0,0.0,0.0,0,0,0,0,0,1274,0,60.0041577092551,1.0,terminated,stuck_timeout,exploration
70,2026-03-25T18:34:41.868741,1774481681.8687413,1774481687.2771084,5.408367156982422,40,1.2626262626262625,False,0,0,,-24.100000000000108,-0.07461300309597557,4.0,0.0,0.0,0.0,0.0,0.0,0.0,0.0,0.0,0,0,0,0,0,323,0,59.722276728752384,1.0,terminated,stuck_timeout,exploration
71,2026-03-25T18:34:47.799099,1774481687.7990994,1774481699.0011084,11.202008962631226,288,9.090909090909092,False,0,0,,236.9000000000015,0.3541106128550097,28.8,0.0,0.0,0.0,0.0,0.0,0.0,0.0,0.0,0,0,0,0,0,669,0,59.721430524802884,1.0,terminated,stuck_timeout,exploration
72,2026-03-25T18:35:00.829995,1774481700.8299952,1774481711.3807616,10.550766468048096,163,5.14520202020202,False,0,0,,123.50000000000084,0.1963434022257565,16.3,0.0,0.0,0.0,0.0,0.0,0.0,0.0,0.0,0,0,0,0,0,629,0,59.61652188064833,1.0,failed,death,exploration
73,2026-03-25T18:35:11.894739,1774481711.8947387,1774481720.7850583,8.890319585800171,51,1.6098484848484849,False,0,0,,-21.600000000000048,-0.040754716981132165,5.1000000000000005,0.0,0.0,0.0,0.0,0.0,0.0,0.0,0.0,0,0,0,0,0,530,0,59.61540469777133,1.0,terminated,stuck_timeout,exploration
74,2026-03-25T18:35:21.299177,1774481721.2991774,1774481727.1116633,5.812485933303833,268,8.45959595959596,False,0,0,,252.5,0.7318840579710145,26.8,0.0,0.0,0.0,0.0,0.0,0.0,0.0,0.0,0,0,0,0,0,345,0,59.3549823532908,1.0,failed,death,exploration
75,2026-03-25T18:35:28.407904,1774481728.407904,1774481737.225126,8.817222118377686,111,3.5037878787878785,False,0,0,,49.89999999999972,0.09522900763358726,11.100000000000001,0.0,0.0,0.0,0.0,0.0,0.0,0.0,0.0,0,0,0,0,0,524,0,59.429148201657505,1.0,terminated,stuck_timeout,exploration
76,2026-03-25T18:35:37.741353,1774481737.741353,1774481747.4818585,9.740505456924438,112,3.535353535353535,False,0,0,,50.199999999999854,0.08640275387263315,11.200000000000001,0.0,0.0,0.0,0.0,0.0,0.0,0.0,0.0,0,0,0,0,0,581,0,59.64782860287525,1.0,terminated,stuck_timeout,exploration
77,2026-03-25T18:35:47.987956,1774481747.987956,1774481757.5142682,9.526312112808228,71,2.241161616161616,False,0,0,,-6.899999999999955,-0.01216931216931209,7.1000000000000005,0.0,0.0,0.0,0.0,0.0,0.0,0.0,0.0,0,0,0,0,0,567,0,59.519359987970844,1.0,terminated,stuck_timeout,exploration
78,2026-03-25T18:35:58.028251,1774481758.0282514,1774481772.5598645,14.531613111495972,93,2.9356060606060606,False,0,0,,6.999999999999804,0.008027522935779591,9.3,0.0,0.0,0.0,0.0,0.0,0.0,0.0,0.0,0,0,0,0,0,872,0,60.00710267397362,1.0,terminated,stuck_timeout,exploration
79,2026-03-25T18:36:13.078652,1774481773.078652,1774481783.5771964,10.498544454574585,148,4.671717171717172,False,0,0,,92.00000000000105,0.146263910969795,14.8,0.0,0.0,0.0,0.0,0.0,0.0,0.0,0.0,0,0,0,0,0,629,0,59.913067256282616,1.0,terminated,stuck_timeout,exploration
80,2026-03-25T18:36:24.084352,1774481784.0843523,1774481796.2636588,12.179306507110596,95,2.9987373737373737,False,0,0,,11.799999999999816,0.016208791208790957,9.5,0.0,0.0,0.0,0.0,0.0,0.0,0.0,0.0,0,0,0,0,0,728,0,59.773518268464194,1.0,terminated,stuck_timeout,exploration
81,2026-03-25T18:36:38.276753,1774481798.2767527,1774481817.5076787,19.230926036834717,358,11.300505050505052,False,0,0,,302.9999999999938,0.26279271465741005,35.800000000000004,0.0,0.0,0.0,0.0,0.0,0.0,0.0,0.0,0,0,0,0,0,1153,0,59.955511127834185,1.0,terminated,stuck_timeout,exploration
82,2026-03-25T18:37:00.196978,1774481820.1969776,1774481826.723713,6.526735305786133,57,1.7992424242424243,False,0,0,,-3.5999999999999703,-0.009278350515463841,5.7,0.0,0.0,0.0,0.0,0.0,0.0,0.0,0.0,0,0,0,0,0,388,0,59.44779155606742,1.0,terminated,stuck_timeout,exploration
83,2026-03-25T18:37:07.237525,1774481827.237525,1774481832.2510092,5.013484239578247,40,1.2626262626262625,False,0,0,,-23.000000000000092,-0.0761589403973513,4.0,0.0,0.0,0.0,0.0,0.0,0.0,0.0,0.0,0,0,0,0,0,302,0,60.23754849290308,1.0,terminated,stuck_timeout,exploration
84,2026-03-25T18:37:12.761301,1774481832.7613013,1774481846.3562224,13.594921112060547,83,2.619949494949495,False,0,0,,0.500000000000016,0.0006157635467980493,8.3,0.0,0.0,0.0,0.0,0.0,0.0,0.0,0.0,0,0,0,0,0,812,0,59.728187703836355,1.0,terminated,stuck_timeout,exploration
85,2026-03-25T18:37:26.871505,1774481846.8715045,1774481861.2486866,14.377182006835938,209,6.597222222222222,False,0,0,,136.90000000000148,0.15881670533642864,20.900000000000002,0.0,0.0,0.0,0.0,0.0,0.0,0.0,0.0,0,0,0,0,0,862,0,59.95611654565851,1.0,terminated,stuck_timeout,exploration
86,2026-03-25T18:37:43.417787,1774481863.417787,1774481880.010032,16.592244863510132,248,7.828282828282829,False,0,0,,181.6000000000019,0.18251256281407227,24.8,0.0,0.0,0.0,0.0,0.0,0.0,0.0,0.0,0,0,0,0,0,995,0,59.967774594998666,1.0,terminated,stuck_timeout,exploration
87,2026-03-25T18:38:02.380076,1774481882.380076,1774481890.1593764,7.7793004512786865,146,4.608585858585858,False,0,0,,89.900000000001,0.19291845493562446,14.600000000000001,0.0,0.0,0.0,0.0,0.0,0.0,0.0,0.0,0,0,0,0,0,466,0,59.90255845220677,1.0,terminated,stuck_timeout,exploration
88,2026-03-25T18:38:10.667412,1774481890.6674118,1774481896.819198,6.1517860889434814,79,2.493686868686869,False,0,0,,21.399999999999725,0.05815217391304273,7.9,0.0,0.0,0.0,0.0,0.0,0.0,0.0,0.0,0,0,0,0,0,368,0,59.820025384400346,1.0,terminated,stuck_timeout,exploration
89,2026-03-25T18:38:17.332403,1774481897.3324032,1774481906.418187,9.08578372001648,290,9.154040404040405,False,0,0,,267.6,0.4946395563770795,29.0,0.0,0.0,0.0,0.0,0.0,0.0,0.0,0.0,0,0,0,0,0,541,0,59.54357011692314,1.0,failed,death,exploration
90,2026-03-25T18:38:27.981918,1774481907.9819179,1774481916.8005054,8.8185875415802,72,2.272727272727273,False,0,0,,11.199999999999896,0.021132075471697917,7.2,0.0,0.0,0.0,0.0,0.0,0.0,0.0,0.0,0,0,0,0,0,530,0,60.10032757525129,1.0,terminated,stuck_timeout,exploration
91,2026-03-25T18:38:37.306514,1774481917.3065143,1774481929.8504336,12.543919324874878,112,3.535353535353535,False,0,0,,35.0999999999995,0.04673768308921371,11.200000000000001,0.0,0.0,0.0,0.0,0.0,0.0,0.0,0.0,0,0,0,0,0,751,0,59.869645248016695,1.0,terminated,stuck_timeout,exploration
92,2026-03-25T18:38:50.354497,1774481930.3544972,1774481937.250245,6.895747900009155,46,1.452020202020202,False,0,0,,-17.40000000000001,-0.042335766423357686,4.6000000000000005,0.0,0.0,0.0,0.0,0.0,0.0,0.0,0.0,0,0,0,0,0,411,0,59.601946875037925,1.0,terminated,stuck_timeout,exploration
93,2026-03-25T18:38:57.759631,1774481937.7596307,1774481946.7715786,9.011947870254517,274,8.6489898989899,False,0,0,,254.10000000000002,0.4740671641791045,27.400000000000002,0.0,0.0,0.0,0.0,0.0,0.0,0.0,0.0,0,0,0,0,0,536,0,59.476597924979146,1.0,failed,death,exploration
94,2026-03-25T18:39:08.395716,1774481948.3957162,1774481954.773484,6.37776780128479,50,1.5782828282828283,False,0,0,,-14.199999999999978,-0.03756613756613751,5.0,0.0,0.0,0.0,0.0,0.0,0.0,0.0,0.0,0,0,0,0,0,378,0,59.26838539400142,1.0,terminated,stuck_timeout,exploration
95,2026-03-25T18:39:15.284551,1774481955.284551,1774481967.301194,12.016643047332764,56,1.7676767676767675,False,0,0,,-26.500000000000185,-0.036703601108033494,5.6000000000000005,0.0,0.0,0.0,0.0,0.0,0.0,0.0,0.0,0,0,0,0,0,722,0,60.08333584979513,1.0,terminated,stuck_timeout,exploration
96,2026-03-25T18:39:27.812414,1774481967.8124144,1774481975.4014413,7.589026927947998,87,2.746212121212121,False,0,0,,28.2999999999997,0.062334801762113874,8.700000000000001,0.0,0.0,0.0,0.0,0.0,0.0,0.0,0.0,0,0,0,0,0,454,0,59.82321637680067,1.0,terminated,stuck_timeout,exploration
97,2026-03-25T18:39:35.907090,1774481975.9070904,1774481989.9182618,14.011171340942383,84,2.6515151515151514,False,0,0,,19.199999999999783,0.022829964328180477,8.4,0.0,0.0,0.0,0.0,0.0,0.0,0.0,0.0,0,0,0,0,0,841,0,60.02353261803983,1.0,terminated,stuck_timeout,exploration
98,2026-03-25T18:39:50.425812,1774481990.425812,1774481995.5234134,5.097601413726807,40,1.2626262626262625,False,0,0,,-24.0000000000001,-0.07947019867549701,4.0,0.0,0.0,0.0,0.0,0.0,0.0,0.0,0.0,0,0,0,0,0,302,0,59.24354916937508,1.0,terminated,stuck_timeout,exploration
99,2026-03-25T18:39:56.043250,1774481996.0432496,1774482008.060163,12.016913414001465,122,3.8510101010101008,False,0,0,,47.59999999999975,0.06638772663877232,12.200000000000001,0.0,0.0,0.0,0.0,0.0,0.0,0.0,0.0,0,0,0,0,0,717,0,59.66590382224024,1.0,terminated,stuck_timeout,exploration
100,2026-03-25T18:40:08.572205,1774482008.5722048,1774482014.6420374,6.0698325634002686,48,1.5151515151515151,False,0,0,,-16.099999999999994,-0.0448467966573816,4.800000000000001,0.0,0.0,0.0,0.0,0.0,0.0,0.0,0.0,0,0,0,0,0,359,0,59.14495931315958,1.0,terminated,stuck_timeout,exploration
101,2026-03-25T18:40:15.942737,1774482015.942737,1774482030.336989,14.394251823425293,147,4.640151515151516,False,0,0,,78.40000000000094,0.09105691056910678,14.700000000000001,0.0,0.0,0.0,0.0,0.0,0.0,0.0,0.0,0,0,0,0,0,861,0,59.815543771354854,1.0,terminated,stuck_timeout,exploration
102,2026-03-25T18:40:30.853234,1774482030.8532343,1774482038.5126855,7.659451246261597,130,4.103535353535354,False,0,0,,75.60000000000096,0.1643478260869586,13.0,0.0,0.0,0.0,0.0,0.0,0.0,0.0,0.0,0,0,0,0,0,460,0,60.05652170245427,1.0,terminated,stuck_timeout,exploration
103,2026-03-25T18:40:39.028075,1774482039.0280747,1774482048.8621962,9.834121465682983,275,8.680555555555555,False,0,0,,249.5,0.42216582064297803,27.5,0.0,0.0,0.0,0.0,0.0,0.0,0.0,0.0,0,0,0,0,0,591,0,60.0968782074073,1.0,failed,death,exploration
104,2026-03-25T18:40:50.614999,1774482050.6149988,1774482060.9871738,10.372174978256226,241,7.607323232323232,False,0,0,,206.90000000000026,0.33424878836833644,24.1,0.0,0.0,0.0,0.0,0.0,0.0,0.0,0.0,0,0,0,0,0,619,0,59.67890064500884,1.0,failed,death,exploration
105,2026-03-25T18:41:02.665125,1774482062.6651247,1774482075.9030204,13.237895727157593,174,5.492424242424242,False,0,0,,114.50000000000068,0.14475347661188456,17.400000000000002,0.0,0.0,0.0,0.0,0.0,0.0,0.0,0.0,0,0,0,0,0,791,0,59.752699092293085,1.0,failed,death,exploration
106,2026-03-25T18:41:16.414350,1774482076.4143498,1774482082.0284183,5.614068508148193,50,1.5782828282828283,False,0,0,,-14.099999999999998,-0.04246987951807228,5.0,0.0,0.0,0.0,0.0,0.0,0.0,0.0,0.0,0,0,0,0,0,332,0,59.137147955736395,1.0,terminated,stuck_timeout,exploration
107,2026-03-25T18:41:22.538478,1774482082.5384784,1774482088.0865502,5.54807186126709,47,1.4835858585858586,False,0,0,,-16.600000000000037,-0.05030303030303041,4.7,0.0,0.0,0.0,0.0,0.0,0.0,0.0,0.0,0,0,0,0,0,330,0,59.48012359101516,1.0,terminated,stuck_timeout,exploration
108,2026-03-25T18:41:28.598527,1774482088.5985274,1774482094.1808734,5.582345962524414,49,1.5467171717171717,False,0,0,,-15.100000000000003,-0.04548192771084338,4.9,0.0,0.0,0.0,0.0,0.0,0.0,0.0,0.0,0,0,0,0,0,332,0,59.47320395919443,1.0,terminated,stuck_timeout,exploration
109,2026-03-25T18:41:34.697092,1774482094.697092,1774482120.160178,25.463085889816284,462,14.583333333333334,False,0,0,,408.6999999999917,0.2678243774573995,46.2,0.0,0.0,0.0,0.0,0.0,0.0,0.0,0.0,0,0,0,0,0,1526,0,59.92989249627081,1.0,terminated,stuck_timeout,exploration
110,2026-03-25T18:42:03.419041,1774482123.419041,1774482129.5225399,6.103498935699463,70,2.20959595959596,False,0,0,,8.699999999999942,0.023966942148760172,7.0,0.0,0.0,0.0,0.0,0.0,0.0,0.0,0.0,0,0,0,0,0,363,0,59.47408262444468,1.0,terminated,stuck_timeout,exploration
111,2026-03-25T18:42:10.036536,1774482130.0365355,1774482145.6759467,15.639411211013794,101,3.1881313131313127,False,0,0,,6.699999999999927,0.0071428571428570654,10.100000000000001,0.0,0.0,0.0,0.0,0.0,0.0,0.0,0.0,0,0,0,0,0,938,0,59.97668245588614,1.0,terminated,stuck_timeout,exploration
112,2026-03-25T18:42:26.182240,1774482146.1822402,1774482152.742228,6.559987783432007,51,1.6098484848484849,False,0,0,,-9.299999999999947,-0.02384615384615371,5.1000000000000005,0.0,0.0,0.0,0.0,0.0,0.0,0.0,0.0,0,0,0,0,0,390,0,59.451330227319815,1.0,terminated,stuck_timeout,exploration
113,2026-03-25T18:42:33.259182,1774482153.2591817,1774482159.489215,6.2300331592559814,56,1.7676767676767675,False,0,0,,-7.499999999999946,-0.0201612903225805,5.6000000000000005,0.0,0.0,0.0,0.0,0.0,0.0,0.0,0.0,0,0,0,0,0,372,0,59.710757630128874,1.0,terminated,stuck_timeout,exploration
114,2026-03-25T18:42:39.992612,1774482159.9926121,1774482168.0671086,8.074496507644653,75,2.367424242424242,False,0,0,,11.799999999999914,0.024279835390946324,7.5,0.0,0.0,0.0,0.0,0.0,0.0,0.0,0.0,0,0,0,0,0,486,0,60.18951145001698,1.0,terminated,stuck_timeout,exploration
115,2026-03-25T18:42:48.585511,1774482168.5855114,1774482176.652473,8.066961526870728,203,6.407828282828283,False,0,0,,175.50000000000017,0.36486486486486525,20.3,0.0,0.0,0.0,0.0,0.0,0.0,0.0,0.0,0,0,0,0,0,481,0,59.62591967220968,1.0,failed,death,exploration
116,2026-03-25T18:42:58.229197,1774482178.2291965,1774482198.775148,20.54595136642456,104,3.2828282828282833,False,0,0,,0.3999999999997286,0.0003249390739234188,10.4,0.0,0.0,0.0,0.0,0.0,0.0,0.0,0.0,0,0,0,0,0,1231,0,59.9144803784387,1.0,terminated,stuck_timeout,exploration
117,2026-03-25T18:43:19.285366,1774482199.2853663,1774482204.3804917,5.095125436782837,40,1.2626262626262625,False,0,0,,-22.90000000000003,-0.07582781456953652,4.0,0.0,0.0,0.0,0.0,0.0,0.0,0.0,0.0,0,0,0,0,0,302,0,59.27233858067463,1.0,terminated,stuck_timeout,exploration
118,2026-03-25T18:43:24.895695,1774482204.8956952,1774482223.7855334,18.889838218688965,232,7.3232323232323235,False,0,0,,167.00000000000205,0.14752650176678625,23.200000000000003,0.0,0.0,0.0,0.0,0.0,0.0,0.0,0.0,0,0,0,0,0,1132,0,59.92639994555579,1.0,terminated,stuck_timeout,exploration
119,2026-03-25T18:43:46.519077,1774482226.5190773,1774482237.7160933,11.19701600074768,86,2.714646464646465,False,0,0,,8.799999999999924,0.013173652694610665,8.6,0.0,0.0,0.0,0.0,0.0,0.0,0.0,0.0,0,0,0,0,0,668,0,59.658751934925725,1.0,terminated,stuck_timeout,exploration
120,2026-03-25T18:43:58.226144,1774482238.2261436,1774482249.584505,11.35836148262024,162,5.113636363636364,False,0,0,,90.6000000000011,0.13303964757709413,16.2,0.0,0.0,0.0,0.0,0.0,0.0,0.0,0.0,0,0,0,0,0,681,0,59.95583086891696,1.0,terminated,stuck_timeout,exploration
121,2026-03-25T18:44:11.482316,1774482251.482316,1774482269.6694567,18.187140703201294,294,9.280303030303031,False,0,0,,235.70000000000167,0.21604032997250383,29.400000000000002,0.0,0.0,0.0,0.0,0.0,0.0,0.0,0.0,0,0,0,0,0,1091,0,59.9874393564219,1.0,terminated,stuck_timeout,exploration
122,2026-03-25T18:44:32.192407,1774482272.192407,1774482281.596243,9.403836011886597,72,2.272727272727273,False,0,0,,14.399999999999867,0.02544169611307397,7.2,0.0,0.0,0.0,0.0,0.0,0.0,0.0,0.0,0,0,0,0,0,566,0,60.18820397171613,1.0,terminated,stuck_timeout,exploration
123,2026-03-25T18:44:42.107276,1774482282.107276,1774482287.6002915,5.49301552772522,44,1.3888888888888888,False,0,0,,-19.300000000000068,-0.05938461538461559,4.4,0.0,0.0,0.0,0.0,0.0,0.0,0.0,0.0,0,0,0,0,0,325,0,59.166044290173296,1.0,terminated,stuck_timeout,exploration
124,2026-03-25T18:44:48.112741,1774482288.1127405,1774482293.1848059,5.072065353393555,40,1.2626262626262625,False,0,0,,-20.30000000000008,-0.06721854304635788,4.0,0.0,0.0,0.0,0.0,0.0,0.0,0.0,0.0,0,0,0,0,0,302,0,59.541819546536715,1.0,terminated,stuck_timeout,exploration
125,2026-03-25T18:44:53.689266,1774482293.6892657,1774482303.5798812,9.890615463256836,69,2.178030303030303,False,0,0,,-1.1000000000000014,-0.0018518518518518543,6.9,0.0,0.0,0.0,0.0,0.0,0.0,0.0,0.0,0,0,0,0,0,594,0,60.056929946036384,1.0,terminated,stuck_timeout,exploration
126,2026-03-25T18:45:04.095663,1774482304.0956626,1774482315.5102465,11.414583921432495,308,9.722222222222223,False,0,0,,266.4000000000008,0.3906158357771272,30.8,0.0,0.0,0.0,0.0,0.0,0.0,0.0,0.0,0,0,0,0,0,682,0,59.748126142333454,1.0,terminated,stuck_timeout,exploration
127,2026-03-25T18:45:17.248621,1774482317.248621,1774482322.3161442,5.067523241043091,40,1.2626262626262625,False,0,0,,-23.100000000000072,-0.0764900662251658,4.0,0.0,0.0,0.0,0.0,0.0,0.0,0.0,0.0,0,0,0,0,0,302,0,59.595187951784666,1.0,terminated,stuck_timeout,exploration
128,2026-03-25T18:45:22.828392,1774482322.8283923,1774482328.7545125,5.926120281219482,59,1.8623737373737372,False,0,0,,-5.099999999999968,-0.014488636363636271,5.9,0.0,0.0,0.0,0.0,0.0,0.0,0.0,0.0,0,0,0,0,0,352,0,59.3980518950191,1.0,terminated,stuck_timeout,exploration
129,2026-03-25T18:45:29.268886,1774482329.2688856,1774482336.291902,7.023016452789307,116,3.6616161616161618,False,0,0,,57.80000000000012,0.1376190476190479,11.600000000000001,0.0,0.0,0.0,0.0,0.0,0.0,0.0,0.0,0,0,0,0,0,420,0,59.80336267519209,1.0,terminated,stuck_timeout,exploration
130,2026-03-25T18:45:36.808719,1774482336.8087187,1774482341.8171287,5.0084099769592285,40,1.2626262626262625,False,0,0,,-21.80000000000008,-0.07218543046357642,4.0,0.0,0.0,0.0,0.0,0.0,0.0,0.0,0.0,0,0,0,0,0,302,0,60.298578069552164,1.0,terminated,stuck_timeout,exploration
131,2026-03-25T18:45:42.329917,1774482342.329917,1774482348.239427,5.909510135650635,43,1.3573232323232325,False,0,0,,-21.200000000000014,-0.05988700564971755,4.3,0.0,0.0,0.0,0.0,0.0,0.0,0.0,0.0,0,0,0,0,0,354,0,59.903442396080216,1.0,terminated,stuck_timeout,exploration
132,2026-03-25T18:45:48.756652,1774482348.7566519,1774482375.6677945,26.911142587661743,366,11.553030303030303,False,0,0,,281.09999999999377,0.17448789571694212,36.6,0.0,0.0,0.0,0.0,0.0,0.0,0.0,0.0,0,0,0,0,0,1611,0,59.86367894831093,1.0,terminated,stuck_timeout,exploration
133,2026-03-25T18:46:18.963316,1774482378.9633162,1774482384.044315,5.08099889755249,40,1.2626262626262625,False,0,0,,-22.400000000000087,-0.07417218543046386,4.0,0.0,0.0,0.0,0.0,0.0,0.0,0.0,0.0,0,0,0,0,0,302,0,59.43713157376849,1.0,terminated,stuck_timeout,exploration
134,2026-03-25T18:46:24.564429,1774482384.5644293,1774482389.6720178,5.107588529586792,40,1.2626262626262625,False,0,0,,-22.90000000000012,-0.07582781456953681,4.0,0.0,0.0,0.0,0.0,0.0,0.0,0.0,0.0,0,0,0,0,0,302,0,59.12770738100785,1.0,terminated,stuck_timeout,exploration
135,2026-03-25T18:46:30.190713,1774482390.190713,1774482395.4268456,5.236132621765137,41,1.2941919191919191,False,0,0,,-20.900000000000066,-0.0674193548387099,4.1000000000000005,0.0,0.0,0.0,0.0,0.0,0.0,0.0,0.0,0,0,0,0,0,310,0,59.204000813771756,1.0,terminated,stuck_timeout,exploration
136,2026-03-25T18:46:35.940443,1774482395.9404428,1774482402.659784,6.719341278076172,61,1.9255050505050504,False,0,0,,-2.599999999999995,-0.006451612903225794,6.1000000000000005,0.0,0.0,0.0,0.0,0.0,0.0,0.0,0.0,0,0,0,0,0,403,0,59.97611719989668,1.0,terminated,stuck_timeout,exploration
137,2026-03-25T18:46:43.175489,1774482403.1754892,1774482425.573017,22.39752769470215,200,6.313131313131313,False,0,0,,130.2000000000018,0.09701937406855575,20.0,0.0,0.0,0.0,0.0,0.0,0.0,0.0,0.0,0,0,0,0,0,1342,0,59.91732740740993,1.0,terminated,stuck_timeout,exploration
138,2026-03-25T18:47:08.492326,1774482428.4923265,1774482435.601614,7.10928750038147,58,1.8308080808080809,False,0,0,,-4.599999999999971,-0.0108747044917257,5.800000000000001,0.0,0.0,0.0,0.0,0.0,0.0,0.0,0.0,0,0,0,0,0,423,0,59.499633398888804,1.0,terminated,stuck_timeout,exploration
139,2026-03-25T18:47:16.114618,1774482436.1146178,1774482446.9362433,10.821625471115112,278,8.775252525252524,False,0,0,,242.99999999999997,0.3779160186625194,27.8,0.0,0.0,0.0,0.0,0.0,0.0,0.0,0.0,0,0,0,0,0,643,0,59.41806078174522,1.0,failed,death,exploration
140,2026-03-25T18:47:28.792960,1774482448.7929602,1774482454.2985134,5.505553245544434,43,1.3573232323232325,False,0,0,,-17.00000000000003,-0.051671732522796436,4.3,0.0,0.0,0.0,0.0,0.0,0.0,0.0,0.0,0,0,0,0,0,329,0,59.757845456540636,1.0,terminated,stuck_timeout,exploration
141,2026-03-25T18:47:35.547900,1774482455.5479,1774482461.0972557,5.549355745315552,46,1.452020202020202,False,0,0,,-15.600000000000009,-0.047129909365558935,4.6000000000000005,0.0,0.0,0.0,0.0,0.0,0.0,0.0,0.0,0,0,0,0,0,331,0,59.64656352756106,1.0,terminated,stuck_timeout,exploration
142,2026-03-25T18:47:41.612351,1774482461.6123507,1774482491.7462816,30.133930921554565,533,16.82449494949495,False,0,0,,487.1999999999956,0.2693200663349893,53.300000000000004,0.0,0.0,0.0,0.0,0.0,0.0,0.0,0.0,0,0,0,0,0,1809,0,60.03199531814273,1.0,terminated,stuck_timeout,exploration
143,2026-03-25T18:48:15.487429,1774482495.4874287,1774482501.2112427,5.723814010620117,43,1.3573232323232325,False,0,0,,-18.100000000000062,-0.05323529411764724,4.3,0.0,0.0,0.0,0.0,0.0,0.0,0.0,0.0,0,0,0,0,0,340,0,59.400951772568945,1.0,terminated,stuck_timeout,exploration
144,2026-03-25T18:48:21.724841,1774482501.724841,1774482519.4358916,17.711050510406494,194,6.123737373737374,False,0,0,,134.0,0.12653446647780925,19.400000000000002,0.0,0.0,0.0,0.0,0.0,0.0,0.0,0.0,0,0,0,0,0,1059,0,59.793178240769095,1.0,failed,death,exploration
145,2026-03-25T18:48:39.942194,1774482519.9421945,1774482525.072101,5.12990665435791,40,1.2626262626262625,False,0,0,,-24.000000000000124,-0.0794701986754971,4.0,0.0,0.0,0.0,0.0,0.0,0.0,0.0,0.0,0,0,0,0,0,302,0,58.870466920377154,1.0,terminated,stuck_timeout,exploration
146,2026-03-25T18:48:45.586701,1774482525.586701,1774482530.675318,5.0886170864105225,40,1.2626262626262625,False,0,0,,-23.7000000000001,-0.0784768211920533,4.0,0.0,0.0,0.0,0.0,0.0,0.0,0.0,0.0,0,0,0,0,0,302,0,59.348148007935265,1.0,terminated,stuck_timeout,exploration
147,2026-03-25T18:48:51.190294,1774482531.1902936,1774482536.28032,5.090026378631592,40,1.2626262626262625,False,0,0,,-21.60000000000006,-0.07152317880794722,4.0,0.0,0.0,0.0,0.0,0.0,0.0,0.0,0.0,0,0,0,0,0,302,0,59.331716092439976,1.0,terminated,stuck_timeout,exploration
148,2026-03-25T18:48:56.793356,1774482536.7933557,1774482549.0571392,12.26378345489502,145,4.577020202020202,False,0,0,,81.90000000000099,0.11173260572987856,14.5,0.0,0.0,0.0,0.0,0.0,0.0,0.0,0.0,0,0,0,0,0,733,0,59.76948326720717,1.0,terminated,stuck_timeout,exploration
149,2026-03-25T18:49:09.567047,1774482549.567047,1774482556.5488977,6.981850624084473,41,1.2941919191919191,False,0,0,,-25.60000000000011,-0.061244019138756246,4.1000000000000005,0.0,0.0,0.0,0.0,0.0,0.0,0.0,0.0,0,0,0,0,0,418,0,59.86951347226971,1.0,terminated,stuck_timeout,exploration
150,2026-03-25T18:49:17.056906,1774482557.056906,1774482565.12815,8.07124400138855,60,1.893939393939394,False,0,0,,-2.900000000000004,-0.006004140786749491,6.0,0.0,0.0,0.0,0.0,0.0,0.0,0.0,0.0,0,0,0,0,0,483,0,59.84207637842522,1.0,terminated,stuck_timeout,exploration
151,2026-03-25T18:49:25.634670,1774482565.63467,1774482570.6872015,5.052531480789185,40,1.2626262626262625,False,0,0,,-24.200000000000095,-0.08013245033112615,4.0,0.0,0.0,0.0,0.0,0.0,0.0,0.0,0.0,0,0,0,0,0,302,0,59.77201748237872,1.0,terminated,stuck_timeout,exploration
152,2026-03-25T18:49:31.192376,1774482571.1923761,1774482579.7175822,8.525206089019775,64,2.0202020202020203,False,0,0,,-2.6000000000000174,-0.005108055009823217,6.4,0.0,0.0,0.0,0.0,0.0,0.0,0.0,0.0,0,0,0,0,0,509,0,59.70530151236785,1.0,terminated,stuck_timeout,exploration
153,2026-03-25T18:49:40.230322,1774482580.2303224,1774482597.3866696,17.156347274780273,171,5.3977272727272725,False,0,0,,110.89999999999998,0.10756547041707078,17.1,0.0,0.0,0.0,0.0,0.0,0.0,0.0,0.0,0,0,0,0,0,1031,0,60.09437693742442,1.0,failed,death,exploration
154,2026-03-25T18:49:57.896268,1774482597.896268,1774482606.283357,8.387089014053345,110,3.4722222222222223,False,0,0,,50.499999999999815,0.10140562248995946,11.0,0.0,0.0,0.0,0.0,0.0,0.0,0.0,0.0,0,0,0,0,0,498,0,59.3769780153227,1.0,terminated,stuck_timeout,exploration
155,2026-03-25T18:50:06.795362,1774482606.7953622,1774482614.8291378,8.033775568008423,87,2.746212121212121,False,0,0,,23.999999999999723,0.05010438413361111,8.700000000000001,0.0,0.0,0.0,0.0,0.0,0.0,0.0,0.0,0,0,0,0,0,479,0,59.623273757788624,1.0,terminated,stuck_timeout,exploration
156,2026-03-25T18:50:15.344175,1774482615.344175,1774482628.9473023,13.603127241134644,209,6.597222222222222,False,0,0,,155.40000000000165,0.19161528976572337,20.900000000000002,0.0,0.0,0.0,0.0,0.0,0.0,0.0,0.0,0,0,0,0,0,811,0,59.61864397971728,1.0,terminated,stuck_timeout,exploration
157,2026-03-25T18:50:30.949027,1774482630.9490268,1774482642.7646394,11.815612554550171,293,9.248737373737374,False,0,0,,258.90000000000003,0.36567796610169495,29.3,0.0,0.0,0.0,0.0,0.0,0.0,0.0,0.0,0,0,0,0,0,708,0,59.92071902589176,1.0,failed,death,exploration
158,2026-03-25T18:50:44.754678,1774482644.7546775,1774482654.6142035,9.859525918960571,150,4.734848484848484,False,0,0,,94.40000000000099,0.1605442176870765,15.0,0.0,0.0,0.0,0.0,0.0,0.0,0.0,0.0,0,0,0,0,0,588,0,59.63775589546695,1.0,terminated,stuck_timeout,exploration
159,2026-03-25T18:50:55.129426,1774482655.1294255,1774482660.188729,5.059303522109985,40,1.2626262626262625,False,0,0,,-23.600000000000087,-0.0781456953642387,4.0,0.0,0.0,0.0,0.0,0.0,0.0,0.0,0.0,0,0,0,0,0,302,0,59.69201070467714,1.0,terminated,stuck_timeout,exploration
160,2026-03-25T18:51:00.694599,1774482660.6945987,1774482669.2336035,8.539004802703857,174,5.492424242424242,False,0,0,,120.0000000000009,0.2348336594911955,17.400000000000002,0.0,0.0,0.0,0.0,0.0,0.0,0.0,0.0,0,0,0,0,0,511,0,59.84303930104278,1.0,terminated,stuck_timeout,exploration
161,2026-03-25T18:51:10.749383,1774482670.749383,1774482696.798564,26.04918098449707,177,5.587121212121212,False,0,0,,73.70000000000081,0.047183098591549816,17.7,0.0,0.0,0.0,0.0,0.0,0.0,0.0,0.0,0,0,0,0,0,1562,0,59.963497544495155,1.0,terminated,stuck_timeout,exploration
162,2026-03-25T18:51:37.314836,1774482697.3148358,1774482710.4051533,13.090317487716675,168,5.303030303030303,False,0,0,,113.00000000000077,0.14394904458598823,16.8,0.0,0.0,0.0,0.0,0.0,0.0,0.0,0.0,0,0,0,0,0,785,0,59.96798784571927,1.0,failed,death,exploration
163,2026-03-25T18:51:50.913901,1774482710.913901,1774482721.207861,10.293959856033325,70,2.20959595959596,False,0,0,,4.899999999999915,0.007993474714518622,7.0,0.0,0.0,0.0,0.0,0.0,0.0,0.0,0.0,0,0,0,0,0,613,0,59.549484219206335,1.0,terminated,stuck_timeout,exploration
164,2026-03-25T18:52:01.723280,1774482721.7232797,1774482726.7449157,5.021636009216309,40,1.2626262626262625,False,0,0,,-22.8000000000001,-0.07549668874172219,4.0,0.0,0.0,0.0,0.0,0.0,0.0,0.0,0.0,0,0,0,0,0,302,0,60.13976310623338,1.0,terminated,stuck_timeout,exploration
165,2026-03-25T18:52:07.257544,1774482727.2575436,1774482737.3778865,10.12034296989441,186,5.871212121212121,False,0,0,,139.5000000000012,0.23019801980198218,18.6,0.0,0.0,0.0,0.0,0.0,0.0,0.0,0.0,0,0,0,0,0,606,0,59.879393593942865,1.0,terminated,stuck_timeout,exploration
166,2026-03-25T18:52:17.885027,1774482737.8850272,1774482747.409697,9.524669885635376,92,2.904040404040404,False,0,0,,15.599999999999838,0.027225130890052074,9.200000000000001,0.0,0.0,0.0,0.0,0.0,0.0,0.0,0.0,0,0,0,0,0,573,0,60.15956530568787,1.0,terminated,stuck_timeout,exploration
167,2026-03-25T18:52:27.919523,1774482747.9195228,1774482753.3488188,5.429296016693115,46,1.452020202020202,False,0,0,,-16.700000000000035,-0.05122699386503078,4.6000000000000005,0.0,0.0,0.0,0.0,0.0,0.0,0.0,0.0,0,0,0,0,0,326,0,60.044617018056904,1.0,terminated,stuck_timeout,exploration
168,2026-03-25T18:52:33.855417,1774482753.8554168,1774482766.265515,12.410098314285278,189,5.965909090909091,False,0,0,,129.9000000000012,0.17483176312247806,18.900000000000002,0.0,0.0,0.0,0.0,0.0,0.0,0.0,0.0,0,0,0,0,0,743,0,59.87059741055652,1.0,terminated,stuck_timeout,exploration
169,2026-03-25T18:52:46.781951,1774482766.781951,1774482780.9112234,14.1292724609375,135,4.261363636363636,False,0,0,,58.40000000000023,0.06911242603550323,13.5,0.0,0.0,0.0,0.0,0.0,0.0,0.0,0.0,0,0,0,0,0,845,0,59.80491934996155,1.0,terminated,stuck_timeout,exploration
170,2026-03-25T18:53:01.422021,1774482781.4220207,1774482788.5418024,7.119781732559204,47,1.4835858585858586,False,0,0,,-17.000000000000014,-0.03990610328638501,4.7,0.0,0.0,0.0,0.0,0.0,0.0,0.0,0.0,0,0,0,0,0,426,0,59.833294896088674,1.0,terminated,stuck_timeout,exploration
171,2026-03-25T18:53:09.052421,1774482789.0524206,1774482802.3163345,13.263913869857788,105,3.3143939393939394,False,0,0,,29.79999999999967,0.03734335839598956,10.5,0.0,0.0,0.0,0.0,0.0,0.0,0.0,0.0,0,0,0,0,0,798,0,60.163237474984896,1.0,terminated,stuck_timeout,exploration
172,2026-03-25T18:53:22.823993,1774482802.8239932,1774482834.5059648,31.681971549987793,594,18.75,False,0,0,,565.6999999999892,0.29789362822537613,59.400000000000006,0.0,0.0,0.0,0.0,0.0,0.0,0.0,0.0,0,0,0,0,0,1899,0,59.939451590118345,1.0,terminated,stuck_timeout,exploration
173,2026-03-25T18:53:58.341132,1774482838.3411317,1774482849.5188117,11.177680015563965,114,3.5984848484848486,False,0,0,,57.200000000000166,0.08601503759398521,11.4,0.0,0.0,0.0,0.0,0.0,0.0,0.0,0.0,0,0,0,0,0,665,0,59.493562087485444,1.0,terminated,stuck_timeout,exploration
174,2026-03-25T18:54:10.035625,1774482850.0356255,1774482860.9997268,10.964101314544678,209,6.597222222222222,False,0,0,,156.90000000000148,0.23844984802431837,20.900000000000002,0.0,0.0,0.0,0.0,0.0,0.0,0.0,0.0,0,0,0,0,0,658,0,60.01403864511131,1.0,terminated,stuck_timeout,exploration
175,2026-03-25T18:54:22.822405,1774482862.8224046,1774482893.4374952,30.6150906085968,434,13.69949494949495,False,0,0,,361.39999999999145,0.19705561613958095,43.400000000000006,0.0,0.0,0.0,0.0,0.0,0.0,0.0,0.0,0,0,0,0,0,1834,0,59.90509789590522,1.0,terminated,stuck_timeout,exploration
176,2026-03-25T18:54:56.995724,1774482896.9957242,1774482921.608002,24.61227774620056,427,13.478535353535353,False,0,0,,365.1999999999986,0.24996577686515992,42.7,0.0,0.0,0.0,0.0,0.0,0.0,0.0,0.0,0,0,0,0,0,1461,0,59.36061729294994,1.0,terminated,stuck_timeout,exploration
177,2026-03-25T18:55:24.868999,1774482924.868999,1774482937.4955232,12.626524209976196,434,13.69949494949495,False,0,0,,400.8999999999959,0.5295904887714609,43.400000000000006,0.0,0.0,0.0,0.0,0.0,0.0,0.0,0.0,0,0,0,0,0,757,0,59.953157924640536,1.0,terminated,stuck_timeout,exploration
178,2026-03-25T18:55:39.564294,1774482939.5642939,1774482951.7335958,12.169301986694336,139,4.387626262626262,False,0,0,,68.40000000000036,0.09395604395604445,13.9,0.0,0.0,0.0,0.0,0.0,0.0,0.0,0.0,0,0,0,0,0,728,0,59.82265875199582,1.0,terminated,stuck_timeout,exploration
179,2026-03-25T18:55:52.247231,1774482952.2472308,1774482966.963553,14.716322183609009,111,3.5037878787878785,False,0,0,,26.299999999999585,0.029954441913439163,11.100000000000001,0.0,0.0,0.0,0.0,0.0,0.0,0.0,0.0,0,0,0,0,0,878,0,59.66164569146994,1.0,terminated,stuck_timeout,exploration
180,2026-03-25T18:56:07.480649,1774482967.480649,1774482973.1359444,5.655295372009277,45,1.4204545454545454,False,0,0,,-16.800000000000036,-0.049851632047477855,4.5,0.0,0.0,0.0,0.0,0.0,0.0,0.0,0.0,0,0,0,0,0,337,0,59.59016776877329,1.0,terminated,stuck_timeout,exploration
181,2026-03-25T18:56:14.410125,1774482974.4101253,1774482983.8475916,9.437466382980347,64,2.0202020202020203,False,0,0,,-5.999999999999936,-0.010600706713780805,6.4,0.0,0.0,0.0,0.0,0.0,0.0,0.0,0.0,0,0,0,0,0,566,0,59.973723564274835,1.0,terminated,stuck_timeout,exploration
182,2026-03-25T18:56:24.361565,1774482984.3615646,1774482998.6466234,14.285058736801147,123,3.882575757575758,False,0,0,,49.09999999999971,0.05742690058479498,12.3,0.0,0.0,0.0,0.0,0.0,0.0,0.0,0.0,0,0,0,0,0,855,0,59.85274654820636,1.0,terminated,stuck_timeout,exploration
183,2026-03-25T18:56:39.157979,1774482999.1579785,1774483008.1643467,9.006368160247803,45,1.4204545454545454,False,0,0,,-30.800000000000153,-0.057355679702048704,4.5,0.0,0.0,0.0,0.0,0.0,0.0,0.0,0.0,0,0,0,0,0,537,0,59.624477974396385,1.0,terminated,stuck_timeout,exploration
184,2026-03-25T18:56:48.670027,1774483008.670027,1774483013.757374,5.087347030639648,40,1.2626262626262625,False,0,0,,-23.90000000000011,-0.07913907284768248,4.0,0.0,0.0,0.0,0.0,0.0,0.0,0.0,0.0,0,0,0,0,0,302,0,59.36296426824033,1.0,terminated,stuck_timeout,exploration
185,2026-03-25T18:56:54.271144,1774483014.271144,1774483025.1727905,10.901646614074707,246,7.765151515151516,False,0,0,,206.20000000000067,0.31625766871165745,24.6,0.0,0.0,0.0,0.0,0.0,0.0,0.0,0.0,0,0,0,0,0,652,0,59.807478914077734,1.0,failed,death,exploration
186,2026-03-25T18:57:07.014372,1774483027.0143716,1774483040.2811177,13.266746044158936,191,6.029040404040404,False,0,0,,122.40000000000109,0.15415617128463613,19.1,0.0,0.0,0.0,0.0,0.0,0.0,0.0,0.0,0,0,0,0,0,794,0,59.84888814160886,1.0,terminated,stuck_timeout,exploration
187,2026-03-25T18:57:20.791294,1774483040.7912936,1774483046.4641788,5.672885179519653,53,1.672979797979798,False,0,0,,-10.599999999999948,-0.03145400593471795,5.300000000000001,0.0,0.0,0.0,0.0,0.0,0.0,0.0,0.0,0,0,0,0,0,337,0,59.40539766548478,1.0,terminated,stuck_timeout,exploration
188,2026-03-25T18:57:26.975125,1774483046.9751253,1774483053.711206,6.736080646514893,43,1.3573232323232325,False,0,0,,-24.000000000000068,-0.06000000000000017,4.3,0.0,0.0,0.0,0.0,0.0,0.0,0.0,0.0,0,0,0,0,0,400,0,59.38171185746591,1.0,terminated,stuck_timeout,exploration
189,2026-03-25T18:57:34.224642,1774483054.2246418,1774483060.3430715,6.118429660797119,48,1.5151515151515151,False,0,0,,-16.100000000000016,-0.04410958904109593,4.800000000000001,0.0,0.0,0.0,0.0,0.0,0.0,0.0,0.0,0,0,0,0,0,365,0,59.65583004715743,1.0,terminated,stuck_timeout,exploration
190,2026-03-25T18:57:40.857034,1774483060.8570344,1774483069.1194959,8.262461423873901,89,2.8093434343434343,False,0,0,,26.299999999999656,0.053564154786150016,8.9,0.0,0.0,0.0,0.0,0.0,0.0,0.0,0.0,0,0,0,0,0,491,0,59.4253909109075,1.0,terminated,stuck_timeout,exploration
191,2026-03-25T18:57:49.634539,1774483069.6345394,1774483077.699132,8.064592599868774,86,2.714646464646465,False,0,0,,23.899999999999793,0.04927835051546349,8.6,0.0,0.0,0.0,0.0,0.0,0.0,0.0,0.0,0,0,0,0,0,485,0,60.13942973485007,1.0,terminated,stuck_timeout,exploration
192,2026-03-25T18:57:58.203507,1774483078.2035067,1774483083.5363274,5.332820653915405,278,8.775252525252524,False,0,0,,261.7,0.8229559748427673,27.8,0.0,0.0,0.0,0.0,0.0,0.0,0.0,0.0,0,0,0,0,0,318,0,59.630732146696424,1.0,failed,death,exploration
193,2026-03-25T18:58:04.737030,1774483084.73703,1774483089.77793,5.040899991989136,40,1.2626262626262625,False,0,0,,-22.80000000000008,-0.07549668874172212,4.0,0.0,0.0,0.0,0.0,0.0,0.0,0.0,0.0,0,0,0,0,0,302,0,59.909936812856905,1.0,terminated,stuck_timeout,exploration
194,2026-03-25T18:58:10.286735,1774483090.2867346,1774483096.5352862,6.248551607131958,68,2.146464646464646,False,0,0,,3.900000000000053,0.010569105691057054,6.800000000000001,0.0,0.0,0.0,0.0,0.0,0.0,0.0,0.0,0,0,0,0,0,369,0,59.05368526985223,1.0,terminated,stuck_timeout,exploration
195,2026-03-25T18:58:17.050304,1774483097.0503044,1774483102.0916286,5.041324138641357,40,1.2626262626262625,False,0,0,,-21.60000000000009,-0.07152317880794731,4.0,0.0,0.0,0.0,0.0,0.0,0.0,0.0,0.0,0,0,0,0,0,302,0,59.90489635157428,1.0,terminated,stuck_timeout,exploration
196,2026-03-25T18:58:22.597936,1774483102.5979357,1774483116.3001802,13.702244520187378,83,2.619949494949495,False,0,0,,-0.09999999999995168,-0.0001219512195121362,8.3,0.0,0.0,0.0,0.0,0.0,0.0,0.0,0.0,0,0,0,0,0,820,0,59.84421010673852,1.0,terminated,stuck_timeout,exploration
197,2026-03-25T18:58:36.807372,1774483116.8073719,1774483123.1948793,6.387507438659668,49,1.5467171717171717,False,0,0,,-15.100000000000007,-0.039528795811518344,4.9,0.0,0.0,0.0,0.0,0.0,0.0,0.0,0.0,0,0,0,0,0,382,0,59.80423563783082,1.0,terminated,stuck_timeout,exploration
198,2026-03-25T18:58:43.708661,1774483123.708661,1774483135.4737747,11.765113592147827,243,7.670454545454546,False,0,0,,205.20000000000013,0.2927246790299574,24.3,0.0,0.0,0.0,0.0,0.0,0.0,0.0,0.0,0,0,0,0,0,701,0,59.58293513356773,1.0,failed,death,exploration
199,2026-03-25T18:58:57.408698,1774483137.408698,1774483146.4808059,9.072107791900635,78,2.462121212121212,False,0,0,,13.099999999999918,0.02403669724770627,7.800000000000001,0.0,0.0,0.0,0.0,0.0,0.0,0.0,0.0,0,0,0,0,0,545,0,60.0742421167618,1.0,terminated,stuck_timeout,exploration
200,2026-03-25T18:59:06.992011,1774483146.9920113,1774483162.6589787,15.666967391967773,211,6.660353535353536,False,0,0,,144.50000000000045,0.1542155816435437,21.1,0.0,0.0,0.0,0.0,0.0,0.0,0.0,0.0,0,0,0,0,0,937,0,59.8073626220979,1.0,failed,death,exploration
201,2026-03-25T18:59:24.950663,1774483164.950663,1774483170.0533195,5.102656364440918,40,1.2626262626262625,False,0,0,,-24.10000000000008,-0.07980132450331152,4.0,0.0,0.0,0.0,0.0,0.0,0.0,0.0,0.0,0,0,0,0,0,302,0,59.184859498781705,1.0,terminated,stuck_timeout,exploration
202,2026-03-25T18:59:30.567028,1774483170.5670276,1774483176.0586662,5.491638660430908,249,7.859848484848484,False,0,0,,233.9,0.7196923076923077,24.900000000000002,0.0,0.0,0.0,0.0,0.0,0.0,0.0,0.0,0,0,0,0,0,325,0,59.18087844011544,1.0,failed,death,exploration
203,2026-03-25T18:59:37.353155,1774483177.353155,1774483183.6013448,6.248189926147461,40,1.2626262626262625,False,0,0,,-25.20000000000005,-0.06737967914438515,4.0,0.0,0.0,0.0,0.0,0.0,0.0,0.0,0.0,0,0,0,0,0,374,0,59.857335391628006,1.0,terminated,stuck_timeout,exploration
204,2026-03-25T18:59:44.113849,1774483184.1138494,1774483193.3426876,9.228838205337524,67,2.11489898989899,False,0,0,,1.6999999999999371,0.0030685920577616195,6.7,0.0,0.0,0.0,0.0,0.0,0.0,0.0,0.0,0,0,0,0,0,554,0,60.02922444556375,1.0,terminated,stuck_timeout,exploration
205,2026-03-25T18:59:53.849432,1774483193.8494322,1774483200.6208038,6.771371603012085,41,1.2941919191919191,False,0,0,,-25.90000000000012,-0.06442786069651771,4.1000000000000005,0.0,0.0,0.0,0.0,0.0,0.0,0.0,0.0,0,0,0,0,0,402,0,59.367588070514365,1.0,terminated,stuck_timeout,exploration
206,2026-03-25T19:00:01.128285,1774483201.128285,1774483206.1764464,5.048161506652832,40,1.2626262626262625,False,0,0,,-21.60000000000008,-0.07152317880794729,4.0,0.0,0.0,0.0,0.0,0.0,0.0,0.0,0.0,0,0,0,0,0,302,0,59.82375952156098,1.0,terminated,stuck_timeout,exploration
207,2026-03-25T19:00:06.690306,1774483206.690306,1774483211.689766,4.999459981918335,40,1.2626262626262625,False,0,0,,-23.90000000000004,-0.07913907284768226,4.0,0.0,0.0,0.0,0.0,0.0,0.0,0.0,0.0,0,0,0,0,0,302,0,60.4065241230554,1.0,terminated,stuck_timeout,exploration
208,2026-03-25T19:00:12.194458,1774483212.1944585,1774483217.9204032,5.725944757461548,40,1.2626262626262625,False,0,0,,-24.10000000000004,-0.07046783625731005,4.0,0.0,0.0,0.0,0.0,0.0,0.0,0.0,0.0,0,0,0,0,0,342,0,59.72813474219004,1.0,terminated,stuck_timeout,exploration
209,2026-03-25T19:00:18.429004,1774483218.4290044,1774483223.9679482,5.538943767547607,47,1.4835858585858586,False,0,0,,-15.600000000000023,-0.04785276073619639,4.7,0.0,0.0,0.0,0.0,0.0,0.0,0.0,0.0,0,0,0,0,0,326,0,58.85598657094473,1.0,terminated,stuck_timeout,exploration
210,2026-03-25T19:00:24.482251,1774483224.4822507,1774483242.9106658,18.428415060043335,235,7.417929292929292,False,0,0,,169.1000000000023,0.15289330922242522,23.5,0.0,0.0,0.0,0.0,0.0,0.0,0.0,0.0,0,0,0,0,0,1106,0,60.01601311867778,1.0,terminated,stuck_timeout,exploration
211,2026-03-25T19:00:45.541848,1774483245.5418477,1774483250.5568428,5.014995098114014,40,1.2626262626262625,False,0,0,,-22.900000000000077,-0.07582781456953668,4.0,0.0,0.0,0.0,0.0,0.0,0.0,0.0,0.0,0,0,0,0,0,302,0,60.21940083522175,1.0,terminated,stuck_timeout,exploration
212,2026-03-25T19:00:51.069166,1774483251.0691657,1774483256.1468441,5.077678442001343,40,1.2626262626262625,False,0,0,,-24.00000000000011,-0.07947019867549705,4.0,0.0,0.0,0.0,0.0,0.0,0.0,0.0,0.0,0,0,0,0,0,302,0,59.475999405934836,1.0,terminated,stuck_timeout,exploration
213,2026-03-25T19:00:56.658740,1774483256.6587398,1774483277.5626857,20.903945922851562,331,10.448232323232324,False,0,0,,264.00000000000136,0.21019108280254886,33.1,0.0,0.0,0.0,0.0,0.0,0.0,0.0,0.0,0,0,0,0,0,1256,0,60.08434984645548,1.0,terminated,stuck_timeout,exploration
214,2026-03-25T19:01:20.336289,1774483280.336289,1774483305.7623525,25.426063537597656,323,10.195707070707071,False,0,0,,255.80000000000328,0.16784776902887355,32.300000000000004,0.0,0.0,0.0,0.0,0.0,0.0,0.0,0.0,0,0,0,0,0,1524,0,59.938495699361916,1.0,terminated,stuck_timeout,exploration
215,2026-03-25T19:01:49.050151,1774483309.050151,1774483314.3711202,5.320969104766846,41,1.2941919191919191,False,0,0,,-22.700000000000053,-0.07183544303797484,4.1000000000000005,0.0,0.0,0.0,0.0,0.0,0.0,0.0,0.0,0,0,0,0,0,316,0,59.38767802972359,1.0,terminated,stuck_timeout,exploration
216,2026-03-25T19:01:54.889288,1774483314.8892882,1774483320.267956,5.378667831420898,40,1.2626262626262625,False,0,0,,-22.600000000000072,-0.07084639498432625,4.0,0.0,0.0,0.0,0.0,0.0,0.0,0.0,0.0,0,0,0,0,0,319,0,59.30836593709652,1.0,terminated,stuck_timeout,exploration
217,2026-03-25T19:02:00.782465,1774483320.7824647,1774483339.1861582,18.403693437576294,722,22.79040404040404,False,0,0,,732.4999999999993,0.6653042688465025,72.2,0.0,0.0,0.0,0.0,0.0,0.0,0.0,0.0,0,0,0,0,0,1101,0,59.824947841828326,1.0,failed,death,exploration
218,2026-03-25T19:02:21.702091,1774483341.702091,1774483347.44163,5.739538908004761,45,1.4204545454545454,False,0,0,,-16.00000000000003,-0.04678362573099423,4.5,0.0,0.0,0.0,0.0,0.0,0.0,0.0,0.0,0,0,0,0,0,342,0,59.58666810726258,1.0,terminated,stuck_timeout,exploration
219,2026-03-25T19:02:27.955319,1774483347.9553194,1774483355.2862287,7.330909252166748,81,2.556818181818182,False,0,0,,18.699999999999747,0.04249999999999943,8.1,0.0,0.0,0.0,0.0,0.0,0.0,0.0,0.0,0,0,0,0,0,440,0,60.01983994958772,1.0,terminated,stuck_timeout,exploration
220,2026-03-25T19:02:35.792589,1774483355.7925894,1774483360.909038,5.116448640823364,40,1.2626262626262625,False,0,0,,-21.80000000000009,-0.07218543046357645,4.0,0.0,0.0,0.0,0.0,0.0,0.0,0.0,0.0,0,0,0,0,0,302,0,59.02531642561366,1.0,terminated,stuck_timeout,exploration
221,2026-03-25T19:02:42.071998,1774483362.0719976,1774483371.7474341,9.67543649673462,91,2.8724747474747474,False,0,0,,29.199999999999662,0.05060658578856094,9.1,0.0,0.0,0.0,0.0,0.0,0.0,0.0,0.0,0,0,0,0,0,577,0,59.635552379960615,1.0,terminated,stuck_timeout,exploration
222,2026-03-25T19:02:52.262382,1774483372.262382,1774483381.1355476,8.873165607452393,96,3.0303030303030303,False,0,0,,36.79999999999963,0.06930320150659064,9.600000000000001,0.0,0.0,0.0,0.0,0.0,0.0,0.0,0.0,0,0,0,0,0,531,0,59.84335506530204,1.0,terminated,stuck_timeout,exploration
223,2026-03-25T19:03:01.640994,1774483381.6409938,1774483386.7418811,5.100887298583984,40,1.2626262626262625,False,0,0,,-20.30000000000007,-0.06721854304635785,4.0,0.0,0.0,0.0,0.0,0.0,0.0,0.0,0.0,0,0,0,0,0,302,0,59.20538571472374,1.0,terminated,stuck_timeout,exploration
224,2026-03-25T19:03:07.246794,1774483387.2467945,1774483392.3279238,5.081129312515259,40,1.2626262626262625,False,0,0,,-24.100000000000097,-0.07980132450331158,4.0,0.0,0.0,0.0,0.0,0.0,0.0,0.0,0.0,0,0,0,0,0,302,0,59.43560602879128,1.0,terminated,stuck_timeout,exploration
225,2026-03-25T19:03:12.842448,1774483392.8424482,1774483397.9625127,5.1200644969940186,40,1.2626262626262625,False,0,0,,-20.600000000000072,-0.06821192052980156,4.0,0.0,0.0,0.0,0.0,0.0,0.0,0.0,0.0,0,0,0,0,0,302,0,58.98363197910958,1.0,terminated,stuck_timeout,exploration
226,2026-03-25T19:03:18.474895,1774483398.474895,1774483403.5399795,5.065084457397461,40,1.2626262626262625,False,0,0,,-22.300000000000075,-0.07384105960264925,4.0,0.0,0.0,0.0,0.0,0.0,0.0,0.0,0.0,0,0,0,0,0,302,0,59.623882393300406,1.0,terminated,stuck_timeout,exploration
227,2026-03-25T19:03:24.050505,1774483404.0505054,1774483410.7996714,6.749166011810303,62,1.9570707070707072,False,0,0,,0.2000000000000064,0.0004987531172069984,6.2,0.0,0.0,0.0,0.0,0.0,0.0,0.0,0.0,0,0,0,0,0,401,0,59.414748325688514,1.0,terminated,stuck_timeout,exploration
228,2026-03-25T19:03:31.305937,1774483411.3059373,1774483425.835488,14.529550790786743,144,4.545454545454546,False,0,0,,77.70000000000135,0.08982658959537729,14.4,0.0,0.0,0.0,0.0,0.0,0.0,0.0,0.0,0,0,0,0,0,865,0,59.53384330013152,1.0,terminated,stuck_timeout,exploration
229,2026-03-25T19:03:46.341963,1774483426.341963,1774483431.6101758,5.268212795257568,41,1.2941919191919191,False,0,0,,-22.30000000000008,-0.07147435897435923,4.1000000000000005,0.0,0.0,0.0,0.0,0.0,0.0,0.0,0.0,0,0,0,0,0,312,0,59.223120273513175,1.0,terminated,stuck_timeout,exploration
230,2026-03-25T19:03:52.124590,1774483432.1245904,1774483442.710464,10.5858736038208,193,6.092171717171717,False,0,0,,158.4000000000005,0.24944881889763856,19.3,0.0,0.0,0.0,0.0,0.0,0.0,0.0,0.0,0,0,0,0,0,635,0,59.98560192243434,1.0,failed,death,exploration
231,2026-03-25T19:04:03.216341,1774483443.2163408,1774483458.9115336,15.695192813873291,173,5.460858585858586,False,0,0,,124.30000000000061,0.132515991471216,17.3,0.0,0.0,0.0,0.0,0.0,0.0,0.0,0.0,0,0,0,0,0,938,0,59.763521934619575,1.0,failed,death,exploration
232,2026-03-25T19:04:19.416775,1774483459.4167747,1774483471.159461,11.74268627166748,163,5.14520202020202,False,0,0,,90.7000000000008,0.12957142857142973,16.3,0.0,0.0,0.0,0.0,0.0,0.0,0.0,0.0,0,0,0,0,0,700,0,59.611573008549676,1.0,terminated,stuck_timeout,exploration
233,2026-03-25T19:04:31.665857,1774483471.6658573,1774483481.2237518,9.557894468307495,166,5.23989898989899,False,0,0,,109.90000000000074,0.19314586994727723,16.6,0.0,0.0,0.0,0.0,0.0,0.0,0.0,0.0,0,0,0,0,0,569,0,59.53193999857566,1.0,terminated,stuck_timeout,exploration
234,2026-03-25T19:04:41.735164,1774483481.7351637,1774483486.8131402,5.07797646522522,40,1.2626262626262625,False,0,0,,-23.3000000000001,-0.07715231788079503,4.0,0.0,0.0,0.0,0.0,0.0,0.0,0.0,0.0,0,0,0,0,0,302,0,59.47250879718396,1.0,terminated,stuck_timeout,exploration
235,2026-03-25T19:04:47.320413,1774483487.3204134,1774483507.0001175,19.679704189300537,248,7.828282828282829,False,0,0,,162.60000000000298,0.13826530612245153,24.8,0.0,0.0,0.0,0.0,0.0,0.0,0.0,0.0,0,0,0,0,0,1176,0,59.75699577025999,1.0,terminated,stuck_timeout,exploration
236,2026-03-25T19:05:09.751169,1774483509.7511687,1774483524.574846,14.82367730140686,423,13.352272727272727,False,0,0,,398.39999999999554,0.4481439820022447,42.300000000000004,0.0,0.0,0.0,0.0,0.0,0.0,0.0,0.0,0,0,0,0,0,889,0,59.97162390438898,1.0,terminated,stuck_timeout,exploration
237,2026-03-25T19:05:26.961488,1774483526.9614882,1774483539.881867,12.920378684997559,72,2.272727272727273,False,0,0,,-14.600000000000076,-0.018790218790218888,7.2,0.0,0.0,0.0,0.0,0.0,0.0,0.0,0.0,0,0,0,0,0,777,0,60.13755625461738,1.0,terminated,stuck_timeout,exploration
238,2026-03-25T19:05:40.392792,1774483540.3927925,1774483557.1381927,16.745400190353394,594,18.75,False,0,0,,579.9999999999924,0.5776892430278808,59.400000000000006,0.0,0.0,0.0,0.0,0.0,0.0,0.0,0.0,0,0,0,0,0,1004,0,59.95676356414457,1.0,terminated,stuck_timeout,exploration
239,2026-03-25T19:05:59.552195,1774483559.5521946,1774483566.6493387,7.09714412689209,59,1.8623737373737372,False,0,0,,-4.6999999999999975,-0.011137440758293832,5.9,0.0,0.0,0.0,0.0,0.0,0.0,0.0,0.0,0,0,0,0,0,422,0,59.4605368659461,1.0,terminated,stuck_timeout,exploration
240,2026-03-25T19:06:07.166026,1774483567.1660259,1774483577.7452524,10.57922649383545,58,1.8308080808080809,False,0,0,,-16.900000000000016,-0.026656151419558384,5.800000000000001,0.0,0.0,0.0,0.0,0.0,0.0,0.0,0.0,0,0,0,0,0,634,0,59.92876703882216,1.0,terminated,stuck_timeout,exploration
241,2026-03-25T19:06:19.564251,1774483579.5642514,1774483592.8011823,13.236930847167969,232,7.3232323232323235,False,0,0,,191.10000000000002,0.24159292035398233,23.200000000000003,0.0,0.0,0.0,0.0,0.0,0.0,0.0,0.0,0,0,0,0,0,791,0,59.75705464754572,1.0,failed,death,exploration
242,2026-03-25T19:06:34.810072,1774483594.810072,1774483617.6204026,22.810330629348755,540,17.045454545454543,False,0,0,,489.3999999999916,0.35827232796485475,54.0,0.0,0.0,0.0,0.0,0.0,0.0,0.0,0.0,0,0,0,0,0,1366,0,59.885146874743036,1.0,terminated,stuck_timeout,exploration
243,2026-03-25T19:07:00.516225,1774483620.5162253,1774483629.3588753,8.842649936676025,60,1.893939393939394,False,0,0,,-10.799999999999944,-0.020454545454545347,6.0,0.0,0.0,0.0,0.0,0.0,0.0,0.0,0.0,0,0,0,0,0,528,0,59.71060754198266,1.0,terminated,stuck_timeout,exploration
244,2026-03-25T19:07:09.868632,1774483629.8686318,1774483634.9718168,5.103184938430786,40,1.2626262626262625,False,0,0,,-24.000000000000096,-0.07947019867549701,4.0,0.0,0.0,0.0,0.0,0.0,0.0,0.0,0.0,0,0,0,0,0,302,0,59.17872929231212,1.0,terminated,stuck_timeout,exploration
245,2026-03-25T19:07:15.477416,1774483635.477416,1774483647.0001159,11.52269983291626,141,4.450757575757576,False,0,0,,86.70000000000061,0.126017441860466,14.100000000000001,0.0,0.0,0.0,0.0,0.0,0.0,0.0,0.0,0,0,0,0,0,688,0,59.70822897205292,1.0,terminated,stuck_timeout,exploration
246,2026-03-25T19:07:27.508188,1774483647.5081885,1774483652.526674,5.0184855461120605,40,1.2626262626262625,False,0,0,,-20.600000000000065,-0.06821192052980155,4.0,0.0,0.0,0.0,0.0,0.0,0.0,0.0,0.0,0,0,0,0,0,302,0,60.17751714637627,1.0,terminated,stuck_timeout,exploration
247,2026-03-25T19:07:33.031615,1774483653.0316148,1774483664.4200683,11.388453483581543,66,2.083333333333333,False,0,0,,-12.79999999999999,-0.01882352941176469,6.6000000000000005,0.0,0.0,0.0,0.0,0.0,0.0,0.0,0.0,0,0,0,0,0,680,0,59.709599813560246,1.0,terminated,stuck_timeout,exploration
248,2026-03-25T19:07:44.928158,1774483664.9281583,1774483673.5017009,8.573542594909668,144,4.545454545454546,False,0,0,,88.10000000000113,0.17173489278752657,14.4,0.0,0.0,0.0,0.0,0.0,0.0,0.0,0.0,0,0,0,0,0,513,0,59.83524247078229,1.0,terminated,stuck_timeout,exploration
249,2026-03-25T19:07:54.009449,1774483674.0094488,1774483679.2330563,5.223607540130615,40,1.2626262626262625,False,0,0,,-21.60000000000006,-0.06900958466453692,4.0,0.0,0.0,0.0,0.0,0.0,0.0,0.0,0.0,0,0,0,0,0,313,0,59.92027494320018,1.0,terminated,stuck_timeout,exploration
250,2026-03-25T19:07:59.748722,1774483679.7487223,1774483685.46863,5.719907760620117,43,1.3573232323232325,False,0,0,,-18.70000000000005,-0.05516224188790575,4.3,0.0,0.0,0.0,0.0,0.0,0.0,0.0,0.0,0,0,0,0,0,339,0,59.26668998649162,1.0,terminated,stuck_timeout,exploration
251,2026-03-25T19:08:05.974383,1774483685.9743829,1774483693.527525,7.553142070770264,54,1.7045454545454544,False,0,0,,-10.99999999999996,-0.024498886414253806,5.4,0.0,0.0,0.0,0.0,0.0,0.0,0.0,0.0,0,0,0,0,0,449,0,59.445459358903776,1.0,terminated,stuck_timeout,exploration
252,2026-03-25T19:08:14.036299,1774483694.0362992,1774483707.113133,13.076833724975586,144,4.545454545454546,False,0,0,,78.70000000000095,0.1007682458386696,14.4,0.0,0.0,0.0,0.0,0.0,0.0,0.0,0.0,0,0,0,0,0,781,0,59.723937493244996,1.0,terminated,stuck_timeout,exploration
253,2026-03-25T19:08:27.620569,1774483707.620569,1774483722.146192,14.525623083114624,62,1.9570707070707072,False,0,0,,-39.40000000000035,-0.04533947065592675,6.2,0.0,0.0,0.0,0.0,0.0,0.0,0.0,0.0,0,0,0,0,0,869,0,59.82531661655003,1.0,terminated,stuck_timeout,exploration
254,2026-03-25T19:08:42.649743,1774483722.649743,1774483735.3273559,12.677612781524658,123,3.882575757575758,False,0,0,,64.90000000000057,0.08517060367454143,12.3,0.0,0.0,0.0,0.0,0.0,0.0,0.0,0.0,0,0,0,0,0,762,0,60.10595315787512,1.0,terminated,stuck_timeout,exploration
255,2026-03-25T19:08:55.832957,1774483735.8329568,1774483746.3406408,10.507683992385864,125,3.9457070707070705,False,0,0,,55.900000000000034,0.08901273885350323,12.5,0.0,0.0,0.0,0.0,0.0,0.0,0.0,0.0,0,0,0,0,0,628,0,59.76578668097221,1.0,terminated,stuck_timeout,exploration
256,2026-03-25T19:09:06.855513,1774483746.855513,1774483761.0748565,14.219343423843384,244,7.7020202020202015,False,0,0,,198.5000000000017,0.232981220657279,24.400000000000002,0.0,0.0,0.0,0.0,0.0,0.0,0.0,0.0,0,0,0,0,0,852,0,59.91837840918471,1.0,terminated,stuck_timeout,exploration
257,2026-03-25T19:09:23.277112,1774483763.2771118,1774483768.3735535,5.096441745758057,40,1.2626262626262625,False,0,0,,-22.3000000000001,-0.07384105960264933,4.0,0.0,0.0,0.0,0.0,0.0,0.0,0.0,0.0,0,0,0,0,0,302,0,59.25702972105292,1.0,terminated,stuck_timeout,exploration
258,2026-03-25T19:09:28.887115,1774483768.8871155,1774483791.4688613,22.581745862960815,225,7.1022727272727275,False,0,0,,128.70000000000147,0.09498154981549924,22.5,0.0,0.0,0.0,0.0,0.0,0.0,0.0,0.0,0,0,0,0,0,1355,0,60.00421792995675,1.0,terminated,stuck_timeout,exploration
259,2026-03-25T19:09:54.491991,1774483794.4919906,1774483804.509988,10.01799750328064,146,4.608585858585858,False,0,0,,92.80000000000103,0.1544093178036623,14.600000000000001,0.0,0.0,0.0,0.0,0.0,0.0,0.0,0.0,0,0,0,0,0,601,0,59.99202932554014,1.0,terminated,stuck_timeout,exploration
260,2026-03-25T19:10:05.024137,1774483805.0241368,1774483815.3586307,10.33449387550354,56,1.7676767676767675,False,0,0,,-18.40000000000003,-0.02977346278317157,5.6000000000000005,0.0,0.0,0.0,0.0,0.0,0.0,0.0,0.0,0,0,0,0,0,618,0,59.799735472762904,1.0,terminated,stuck_timeout,exploration
261,2026-03-25T19:10:17.103285,1774483817.1032853,1774483827.7063386,10.603053331375122,53,1.672979797979798,False,0,0,,-24.90000000000007,-0.03921259842519696,5.300000000000001,0.0,0.0,0.0,0.0,0.0,0.0,0.0,0.0,0,0,0,0,0,635,0,59.88840951322897,1.0,terminated,stuck_timeout,exploration
262,2026-03-25T19:10:28.218230,1774483828.2182295,1774483833.4708922,5.252662658691406,41,1.2941919191919191,False,0,0,,-23.100000000000044,-0.0747572815533982,4.1000000000000005,0.0,0.0,0.0,0.0,0.0,0.0,0.0,0.0,0,0,0,0,0,309,0,58.82730723030689,1.0,terminated,stuck_timeout,exploration
263,2026-03-25T19:10:33.983837,1774483833.9838367,1774483861.0746157,27.090779066085815,175,5.523989898989899,False,0,0,,64.19999999999973,0.03955637707948228,17.5,0.0,0.0,0.0,0.0,0.0,0.0,0.0,0.0,0,0,0,0,0,1623,0,59.90968351411451,1.0,terminated,stuck_timeout,exploration
264,2026-03-25T19:11:01.587555,1774483861.5875552,1774483868.801748,7.214192867279053,54,1.7045454545454544,False,0,0,,-11.399999999999944,-0.026327944572748136,5.4,0.0,0.0,0.0,0.0,0.0,0.0,0.0,0.0,0,0,0,0,0,433,0,60.0205744379153,1.0,terminated,stuck_timeout,exploration
265,2026-03-25T19:11:09.311676,1774483869.3116758,1774483877.2226698,7.910994052886963,74,2.335858585858586,False,0,0,,9.799999999999944,0.020631578947368303,7.4,0.0,0.0,0.0,0.0,0.0,0.0,0.0,0.0,0,0,0,0,0,475,0,60.04302326920067,1.0,terminated,stuck_timeout,exploration
266,2026-03-25T19:11:17.731419,1774483877.7314186,1774483891.4638438,13.732425212860107,126,3.977272727272727,False,0,0,,44.799999999999734,0.05443499392466553,12.600000000000001,0.0,0.0,0.0,0.0,0.0,0.0,0.0,0.0,0,0,0,0,0,823,0,59.93114742975472,1.0,terminated,stuck_timeout,exploration
267,2026-03-25T19:11:31.977173,1774483891.9771729,1774483907.9211214,15.94394850730896,159,5.018939393939394,False,0,0,,87.80000000000067,0.09164926931106541,15.9,0.0,0.0,0.0,0.0,0.0,0.0,0.0,0.0,0,0,0,0,0,958,0,60.085492596820515,1.0,terminated,stuck_timeout,exploration
268,2026-03-25T19:11:48.424877,1774483908.4248774,1774483916.802949,8.378071546554565,243,7.670454545454546,False,0,0,,217.40000000000018,0.4356713426853711,24.3,0.0,0.0,0.0,0.0,0.0,0.0,0.0,0.0,0,0,0,0,0,499,0,59.560245723278754,1.0,failed,death,exploration
269,2026-03-25T19:11:58.347015,1774483918.3470147,1774483930.1384356,11.791420936584473,308,9.722222222222223,False,0,0,,269.799999999999,0.38215297450424784,30.8,0.0,0.0,0.0,0.0,0.0,0.0,0.0,0.0,0,0,0,0,0,706,0,59.8740392525162,1.0,terminated,stuck_timeout,exploration
270,2026-03-25T19:12:11.990641,1774483931.9906406,1774483941.882256,9.891615390777588,88,2.7777777777777777,False,0,0,,22.69999999999971,0.03860544217687026,8.8,0.0,0.0,0.0,0.0,0.0,0.0,0.0,0.0,0,0,0,0,0,588,0,59.444284555202145,1.0,terminated,stuck_timeout,exploration
271,2026-03-25T19:12:22.398771,1774483942.3987706,1774483951.3861153,8.987344741821289,40,1.2626262626262625,False,0,0,,-38.80000000000024,-0.07225325884543807,4.0,0.0,0.0,0.0,0.0,0.0,0.0,0.0,0.0,0,0,0,0,0,537,0,59.75068448205278,1.0,terminated,stuck_timeout,exploration
272,2026-03-25T19:12:31.895099,1774483951.8950992,1774483957.3590436,5.463944435119629,43,1.3573232323232325,False,0,0,,-20.800000000000036,-0.06341463414634158,4.3,0.0,0.0,0.0,0.0,0.0,0.0,0.0,0.0,0,0,0,0,0,328,0,60.02989303693728,1.0,terminated,stuck_timeout,exploration
273,2026-03-25T19:12:37.866059,1774483957.8660586,1774483964.835393,6.969334363937378,234,7.386363636363637,False,0,0,,205.70000000000067,0.4932853717026395,23.400000000000002,0.0,0.0,0.0,0.0,0.0,0.0,0.0,0.0,0,0,0,0,0,417,0,59.833547685379344,1.0,failed,death,exploration
274,2026-03-25T19:12:46.230463,1774483966.2304628,1774483985.1652408,18.934777975082397,260,8.207070707070708,False,0,0,,179.1000000000028,0.15779735682819632,26.0,0.0,0.0,0.0,0.0,0.0,0.0,0.0,0.0,0,0,0,0,0,1135,0,59.94260938753156,1.0,terminated,stuck_timeout,exploration
275,2026-03-25T19:13:07.721663,1774483987.7216628,1774483993.2611184,5.5394556522369385,45,1.4204545454545454,False,0,0,,-18.300000000000026,-0.05596330275229366,4.5,0.0,0.0,0.0,0.0,0.0,0.0,0.0,0.0,0,0,0,0,0,327,0,59.03107101650884,1.0,terminated,stuck_timeout,exploration
276,2026-03-25T19:13:13.774455,1774483993.774455,1774484000.0665064,6.292051315307617,46,1.452020202020202,False,0,0,,-18.100000000000033,-0.04775725593667555,4.6000000000000005,0.0,0.0,0.0,0.0,0.0,0.0,0.0,0.0,0,0,0,0,0,379,0,60.234728073172235,1.0,terminated,stuck_timeout,exploration
277,2026-03-25T19:13:20.573098,1774484000.5730977,1774484010.9582617,10.385164022445679,46,1.452020202020202,False,0,0,,-41.400000000000375,-0.0668820678513738,4.6000000000000005,0.0,0.0,0.0,0.0,0.0,0.0,0.0,0.0,0,0,0,0,0,619,0,59.60425840768061,1.0,terminated,stuck_timeout,exploration
278,2026-03-25T19:13:31.466412,1774484011.4664118,1774484020.8689115,9.402499675750732,85,2.683080808080808,False,0,0,,22.09999999999989,0.03925399644760194,8.5,0.0,0.0,0.0,0.0,0.0,0.0,0.0,0.0,0,0,0,0,0,563,0,59.87769416807216,1.0,terminated,stuck_timeout,exploration
279,2026-03-25T19:13:41.375379,1774484021.3753786,1774484047.7071416,26.33176302909851,594,18.75,False,0,0,,554.9999999999932,0.35082174462705007,59.400000000000006,0.0,0.0,0.0,0.0,0.0,0.0,0.0,0.0,0,0,0,0,0,1582,0,60.07953201810965,1.0,terminated,stuck_timeout,exploration
280,2026-03-25T19:14:11.150120,1774484051.1501203,1774484064.4746149,13.32449460029602,144,4.545454545454546,False,0,0,,72.10000000000166,0.09023779724656027,14.4,0.0,0.0,0.0,0.0,0.0,0.0,0.0,0.0,0,0,0,0,0,799,0,59.96475093188519,1.0,terminated,stuck_timeout,exploration
281,2026-03-25T19:14:26.628919,1774484066.628919,1774484083.4366493,16.807730436325073,201,6.34469696969697,False,0,0,,120.30000000000095,0.11910891089109005,20.1,0.0,0.0,0.0,0.0,0.0,0.0,0.0,0.0,0,0,0,0,0,1010,0,60.091396862075776,1.0,failed,death,exploration
282,2026-03-25T19:14:45.795119,1774484085.7951186,1774484125.4097142,39.61459565162659,594,18.75,False,0,0,,522.8999999999859,0.22007575757575162,59.400000000000006,0.0,0.0,0.0,0.0,0.0,0.0,0.0,0.0,0,0,0,0,0,2376,0,59.977893524263216,1.0,terminated,stuck_timeout,exploration
283,2026-03-25T19:15:30.033954,1774484130.0339544,1774484137.4942372,7.460282802581787,52,1.6414141414141417,False,0,0,,-10.399999999999952,-0.023476297968397182,5.2,0.0,0.0,0.0,0.0,0.0,0.0,0.0,0.0,0,0,0,0,0,443,0,59.38112692546864,1.0,terminated,stuck_timeout,exploration
284,2026-03-25T19:15:38.024278,1774484138.024278,1774484144.8467083,6.822430372238159,52,1.6414141414141417,False,0,0,,-8.499999999999943,-0.0210396039603959,5.2,0.0,0.0,0.0,0.0,0.0,0.0,0.0,0.0,0,0,0,0,0,404,0,59.21643431407629,1.0,terminated,stuck_timeout,exploration
285,2026-03-25T19:15:45.363595,1774484145.3635952,1774484164.6976285,19.334033250808716,198,6.25,False,0,0,,143.60000000000147,0.12368647717485054,19.8,0.0,0.0,0.0,0.0,0.0,0.0,0.0,0.0,0,0,0,0,0,1161,0,60.049550186401845,1.0,terminated,stuck_timeout,exploration
286,2026-03-25T19:16:05.212437,1774484165.2124374,1774484170.3210824,5.108644962310791,40,1.2626262626262625,False,0,0,,-24.100000000000062,-0.07980132450331147,4.0,0.0,0.0,0.0,0.0,0.0,0.0,0.0,0.0,0,0,0,0,0,302,0,59.11548017684057,1.0,terminated,stuck_timeout,exploration
287,2026-03-25T19:16:10.834388,1774484170.8343878,1774484175.9418998,5.1075119972229,40,1.2626262626262625,False,0,0,,-22.400000000000077,-0.07417218543046383,4.0,0.0,0.0,0.0,0.0,0.0,0.0,0.0,0.0,0,0,0,0,0,302,0,59.128593366830266,1.0,terminated,stuck_timeout,exploration
288,2026-03-25T19:16:16.451540,1774484176.4515398,1774484197.4241729,20.972633123397827,270,8.522727272727272,False,0,0,,196.0000000000019,0.15567911040508492,27.0,0.0,0.0,0.0,0.0,0.0,0.0,0.0,0.0,0,0,0,0,0,1259,0,60.03061192137167,1.0,terminated,stuck_timeout,exploration
289,2026-03-25T19:16:40.234286,1774484200.2342863,1774484212.0967357,11.862449407577515,229,7.228535353535354,False,0,0,,180.0000000000003,0.2524544179523146,22.900000000000002,0.0,0.0,0.0,0.0,0.0,0.0,0.0,0.0,0,0,0,0,0,713,0,60.10563042271428,1.0,failed,death,exploration
290,2026-03-25T19:16:53.931190,1774484213.9311905,1774484219.5774062,5.6462156772613525,48,1.5151515151515151,False,0,0,,-12.399999999999963,-0.037125748502993904,4.800000000000001,0.0,0.0,0.0,0.0,0.0,0.0,0.0,0.0,0,0,0,0,0,334,0,59.15466554795225,1.0,terminated,stuck_timeout,exploration
291,2026-03-25T19:17:00.090274,1774484220.0902743,1774484229.4638646,9.373590230941772,64,2.0202020202020203,False,0,0,,-0.19999999999998241,-0.0003577817531305589,6.4,0.0,0.0,0.0,0.0,0.0,0.0,0.0,0.0,0,0,0,0,0,559,0,59.63563439702834,1.0,terminated,stuck_timeout,exploration
292,2026-03-25T19:17:09.974857,1774484229.9748573,1774484235.1021795,5.127322196960449,40,1.2626262626262625,False,0,0,,-22.70000000000009,-0.0751655629139076,4.0,0.0,0.0,0.0,0.0,0.0,0.0,0.0,0.0,0,0,0,0,0,302,0,58.900140931075086,1.0,terminated,stuck_timeout,exploration
293,2026-03-25T19:17:15.607646,1774484235.6076455,1774484248.379076,12.771430492401123,189,5.965909090909091,False,0,0,,131.09999999999997,0.1718217562254259,18.900000000000002,0.0,0.0,0.0,0.0,0.0,0.0,0.0,0.0,0,0,0,0,0,763,0,59.74272032048231,1.0,failed,death,exploration
294,2026-03-25T19:17:28.896306,1774484248.8963063,1774484257.7071285,8.810822248458862,104,3.2828282828282833,False,0,0,,49.19999999999964,0.09300567107750404,10.4,0.0,0.0,0.0,0.0,0.0,0.0,0.0,0.0,0,0,0,0,0,529,0,60.039799360670294,1.0,terminated,stuck_timeout,exploration
295,2026-03-25T19:17:38.217334,1774484258.2173336,1774484263.228102,5.010768413543701,288,9.090909090909092,False,0,0,,276.8,0.9383050847457628,28.8,0.0,0.0,0.0,0.0,0.0,0.0,0.0,0.0,0,0,0,0,0,295,0,58.87320579467191,1.0,failed,death,exploration
296,2026-03-25T19:17:44.366258,1774484264.3662577,1774484277.1557267,12.789469003677368,184,5.808080808080808,False,0,0,,126.80000000000108,0.16510416666666808,18.400000000000002,0.0,0.0,0.0,0.0,0.0,0.0,0.0,0.0,0,0,0,0,0,768,0,60.04940469218669,1.0,terminated,stuck_timeout,exploration
297,2026-03-25T19:17:57.667870,1774484277.6678698,1774484287.0764782,9.408608436584473,128,4.040404040404041,False,0,0,,68.40000000000059,0.12084805653710351,12.8,0.0,0.0,0.0,0.0,0.0,0.0,0.0,0.0,0,0,0,0,0,566,0,60.157674093350856,1.0,terminated,stuck_timeout,exploration
298,2026-03-25T19:18:07.584522,1774484287.5845225,1774484297.1841452,9.59962272644043,193,6.092171717171717,False,0,0,,144.10000000000122,0.2523642732049058,19.3,0.0,0.0,0.0,0.0,0.0,0.0,0.0,0.0,0,0,0,0,0,571,0,59.481504249878846,1.0,failed,death,exploration
299,2026-03-25T19:18:17.687978,1774484297.6879776,1774484302.7662213,5.078243732452393,40,1.2626262626262625,False,0,0,,-24.200000000000074,-0.08013245033112608,4.0,0.0,0.0,0.0,0.0,0.0,0.0,0.0,0.0,0,0,0,0,0,302,0,59.46937876771774,1.0,terminated,stuck_timeout,exploration
300,2026-03-25T19:18:23.279936,1774484303.2799356,1774484314.6385822,11.358646631240845,225,7.1022727272727275,False,0,0,,159.7000000000019,0.23485294117647337,22.5,0.0,0.0,0.0,0.0,0.0,0.0,0.0,0.0,0,0,0,0,0,680,0,59.86628707417719,1.0,terminated,stuck_timeout,exploration
301,2026-03-25T19:18:36.427201,1774484316.4272013,1774484324.0647616,7.6375603675842285,231,7.291666666666667,False,0,0,,213.9,0.4701098901098901,23.1,0.0,0.0,0.0,0.0,0.0,0.0,0.0,0.0,0,0,0,0,0,455,0,59.57399720611533,1.0,failed,death,exploration
302,2026-03-25T19:18:45.533651,1774484325.533651,1774484331.917254,6.383602857589722,52,1.6414141414141417,False,0,0,,-7.799999999999955,-0.020259740259740144,5.2,0.0,0.0,0.0,0.0,0.0,0.0,0.0,0.0,0,0,0,0,0,385,0,60.31076941797187,1.0,terminated,stuck_timeout,exploration
303,2026-03-25T19:18:52.423378,1774484332.423378,1774484337.4573052,5.0339272022247314,40,1.2626262626262625,False,0,0,,-22.300000000000093,-0.07384105960264932,4.0,0.0,0.0,0.0,0.0,0.0,0.0,0.0,0.0,0,0,0,0,0,302,0,59.99292160334219,1.0,terminated,stuck_timeout,exploration
304,2026-03-25T19:18:57.964250,1774484337.9642498,1774484348.8883579,10.924108028411865,143,4.513888888888888,False,0,0,,82.60000000000112,0.12688172043010923,14.3,0.0,0.0,0.0,0.0,0.0,0.0,0.0,0.0,0,0,0,0,0,651,0,59.59296615401941,1.0,terminated,stuck_timeout,exploration
305,2026-03-25T19:19:09.401508,1774484349.401508,1774484368.3595312,18.958023071289062,286,9.027777777777777,False,0,0,,219.70000000000286,0.19339788732394617,28.6,0.0,0.0,0.0,0.0,0.0,0.0,0.0,0.0,0,0,0,0,0,1136,0,59.921859770305524,1.0,terminated,stuck_timeout,exploration
306,2026-03-25T19:19:31.040002,1774484371.0400016,1774484392.9326408,21.89263916015625,322,10.164141414141415,False,0,0,,240.7000000000014,0.18374045801526825,32.2,0.0,0.0,0.0,0.0,0.0,0.0,0.0,0.0,0,0,0,0,0,1310,0,59.83746365235622,1.0,terminated,stuck_timeout,exploration
307,2026-03-25T19:19:55.829163,1774484395.8291626,1774484401.1287887,5.299626111984253,40,1.2626262626262625,False,0,0,,-24.200000000000063,-0.07707006369426772,4.0,0.0,0.0,0.0,0.0,0.0,0.0,0.0,0.0,0,0,0,0,0,314,0,59.24946276680527,1.0,terminated,stuck_timeout,exploration
308,2026-03-25T19:20:01.642777,1774484401.6427767,1774484406.7699955,5.127218723297119,40,1.2626262626262625,False,0,0,,-21.400000000000066,-0.07086092715231809,4.0,0.0,0.0,0.0,0.0,0.0,0.0,0.0,0.0,0,0,0,0,0,302,0,58.9013296093199,1.0,terminated,stuck_timeout,exploration
309,2026-03-25T19:20:07.282271,1774484407.2822714,1774484428.939681,21.65740966796875,380,11.994949494949495,False,0,0,,337.0999999999957,0.2601080246913547,38.0,0.0,0.0,0.0,0.0,0.0,0.0,0.0,0.0,0,0,0,0,0,1296,0,59.84095142812857,1.0,terminated,stuck_timeout,exploration
310,2026-03-25T19:20:31.806666,1774484431.8066657,1774484440.1042438,8.29757809638977,243,7.670454545454546,False,0,0,,194.90000000000185,0.390581162324653,24.3,0.0,0.0,0.0,0.0,0.0,0.0,0.0,0.0,0,0,0,0,0,499,0,60.13802994118393,1.0,terminated,stuck_timeout,exploration
311,2026-03-25T19:20:41.583554,1774484441.5835536,1774484457.2887013,15.705147743225098,112,3.535353535353535,False,0,0,,22.899999999999764,0.024335812964930675,11.200000000000001,0.0,0.0,0.0,0.0,0.0,0.0,0.0,0.0,0,0,0,0,0,941,0,59.91666015405232,1.0,terminated,stuck_timeout,exploration
312,2026-03-25T19:20:57.794637,1774484457.7946372,1774484477.524158,19.729520797729492,346,10.921717171717171,False,0,0,,290.9999999999936,0.2461928934010098,34.6,0.0,0.0,0.0,0.0,0.0,0.0,0.0,0.0,0,0,0,0,0,1182,0,59.910223472636325,1.0,terminated,stuck_timeout,exploration
313,2026-03-25T19:21:20.287106,1774484480.2871063,1774484486.4906607,6.203554391860962,58,1.8308080808080809,False,0,0,,-1.8999999999999773,-0.005135135135135074,5.800000000000001,0.0,0.0,0.0,0.0,0.0,0.0,0.0,0.0,0,0,0,0,0,370,0,59.643226548547474,1.0,terminated,stuck_timeout,exploration
314,2026-03-25T19:21:27.003975,1774484487.0039754,1774484495.0966113,8.092635869979858,272,8.585858585858585,False,0,0,,254.8,0.5253608247422681,27.200000000000003,0.0,0.0,0.0,0.0,0.0,0.0,0.0,0.0,0,0,0,0,0,485,0,59.93102961658487,1.0,failed,death,exploration
315,2026-03-25T19:21:36.725051,1774484496.725051,1774484501.9706147,5.245563745498657,41,1.2941919191919191,False,0,0,,-20.100000000000087,-0.06504854368932067,4.1000000000000005,0.0,0.0,0.0,0.0,0.0,0.0,0.0,0.0,0,0,0,0,0,309,0,58.906919254419556,1.0,terminated,stuck_timeout,exploration
316,2026-03-25T19:21:42.481604,1774484502.4816036,1774484509.442443,6.96083927154541,77,2.430555555555556,False,0,0,,13.49999999999981,0.032608695652173454,7.7,0.0,0.0,0.0,0.0,0.0,0.0,0.0,0.0,0,0,0,0,0,414,0,59.47558675752699,1.0,terminated,stuck_timeout,exploration
317,2026-03-25T19:21:49.951474,1774484509.9514742,1774484514.96258,5.01110577583313,40,1.2626262626262625,False,0,0,,-24.10000000000011,-0.07980132450331162,4.0,0.0,0.0,0.0,0.0,0.0,0.0,0.0,0.0,0,0,0,0,0,302,0,60.26613955275979,1.0,terminated,stuck_timeout,exploration
318,2026-03-25T19:21:55.467322,1774484515.4673216,1774484526.6335092,11.166187524795532,87,2.746212121212121,False,0,0,,14.599999999999827,0.021791044776119144,8.700000000000001,0.0,0.0,0.0,0.0,0.0,0.0,0.0,0.0,0,0,0,0,0,670,0,60.00257460410764,1.0,terminated,stuck_timeout,exploration
319,2026-03-25T19:22:07.141722,1774484527.1417224,1774484551.1340036,23.992281198501587,252,7.954545454545454,False,0,0,,180.50000000000193,0.12526023594726018,25.200000000000003,0.0,0.0,0.0,0.0,0.0,0.0,0.0,0.0,0,0,0,0,0,1441,0,60.06098328365692,1.0,terminated,stuck_timeout,exploration
320,2026-03-25T19:22:34.305237,1774484554.3052373,1774484573.8875408,19.582303524017334,278,8.775252525252524,False,0,0,,215.30000000000186,0.1835464620630877,27.8,0.0,0.0,0.0,0.0,0.0,0.0,0.0,0.0,0,0,0,0,0,1173,0,59.901022296040765,1.0,terminated,stuck_timeout,exploration
321,2026-03-25T19:22:56.567108,1774484576.5671084,1774484582.7260785,6.15897011756897,52,1.6414141414141417,False,0,0,,-8.999999999999961,-0.024657534246575234,5.2,0.0,0.0,0.0,0.0,0.0,0.0,0.0,0.0,0,0,0,0,0,365,0,59.26315488344511,1.0,terminated,stuck_timeout,exploration
322,2026-03-25T19:23:03.241114,1774484583.2411141,1774484604.8664703,21.625356197357178,594,18.75,False,0,0,,573.8999999999936,0.4431660231660182,59.400000000000006,0.0,0.0,0.0,0.0,0.0,0.0,0.0,0.0,0,0,0,0,0,1295,0,59.88340669081146,1.0,terminated,stuck_timeout,exploration
323,2026-03-25T19:23:27.823345,1774484607.8233454,1774484612.8341322,5.010786771774292,40,1.2626262626262625,False,0,0,,-23.900000000000077,-0.07913907284768237,4.0,0.0,0.0,0.0,0.0,0.0,0.0,0.0,0.0,0,0,0,0,0,302,0,60.269976304153026,1.0,terminated,stuck_timeout,exploration
324,2026-03-25T19:23:33.351708,1774484613.3517084,1774484623.001891,9.650182485580444,180,5.681818181818182,False,0,0,,142.20000000000056,0.24644714038128346,18.0,0.0,0.0,0.0,0.0,0.0,0.0,0.0,0.0,0,0,0,0,0,577,0,59.791615429259345,1.0,failed,death,exploration
325,2026-03-25T19:23:43.513368,1774484623.5133677,1774484639.8774323,16.364064693450928,165,5.208333333333334,False,0,0,,79.30000000000051,0.08100102145046018,16.5,0.0,0.0,0.0,0.0,0.0,0.0,0.0,0.0,0,0,0,0,0,979,0,59.826211784154474,1.0,terminated,stuck_timeout,exploration
326,2026-03-25T19:24:00.390402,1774484640.3904018,1774484645.933369,5.542967081069946,42,1.3257575757575757,False,0,0,,-21.80000000000009,-0.06626139817629206,4.2,0.0,0.0,0.0,0.0,0.0,0.0,0.0,0.0,0,0,0,0,0,329,0,59.35449285340044,1.0,terminated,stuck_timeout,exploration
327,2026-03-25T19:24:06.444616,1774484646.4446156,1774484653.9020805,7.457464933395386,61,1.9255050505050504,False,0,0,,-6.099999999999956,-0.01361607142857133,6.1000000000000005,0.0,0.0,0.0,0.0,0.0,0.0,0.0,0.0,0,0,0,0,0,448,0,60.07403373682717,1.0,terminated,stuck_timeout,exploration
328,2026-03-25T19:24:14.410247,1774484654.4102468,1774484663.8514402,9.441193342208862,52,1.6414141414141417,False,0,0,,-21.80000000000003,-0.0383802816901409,5.2,0.0,0.0,0.0,0.0,0.0,0.0,0.0,0.0,0,0,0,0,0,568,0,60.16188625866131,1.0,terminated,stuck_timeout,exploration
329,2026-03-25T19:24:24.364057,1774484664.3640568,1774484673.444525,9.08046817779541,122,3.8510101010101008,False,0,0,,60.700000000000266,0.11158088235294167,12.200000000000001,0.0,0.0,0.0,0.0,0.0,0.0,0.0,0.0,0,0,0,0,0,544,0,59.908805289384794,1.0,terminated,stuck_timeout,exploration
330,2026-03-25T19:24:33.949891,1774484673.949891,1774484679.6686165,5.7187254428863525,40,1.2626262626262625,False,0,0,,-23.80000000000011,-0.07041420118343228,4.0,0.0,0.0,0.0,0.0,0.0,0.0,0.0,0.0,0,0,0,0,0,338,0,59.10407893780695,1.0,terminated,stuck_timeout,exploration
331,2026-03-25T19:24:40.184119,1774484680.1841185,1774484697.4307172,17.246598720550537,153,4.829545454545454,False,0,0,,103.9000000000008,0.10048355899419807,15.3,0.0,0.0,0.0,0.0,0.0,0.0,0.0,0.0,0,0,0,0,0,1034,0,59.95385042315133,1.0,failed,death,exploration
332,2026-03-25T19:24:57.946971,1774484697.9469707,1774484705.395485,7.448514223098755,84,2.6515151515151514,False,0,0,,26.899999999999707,0.06044943820224653,8.4,0.0,0.0,0.0,0.0,0.0,0.0,0.0,0.0,0,0,0,0,0,445,0,59.74345844974029,1.0,terminated,stuck_timeout,exploration
333,2026-03-25T19:25:05.911666,1774484705.9116662,1774484733.583264,27.671597957611084,457,14.42550505050505,False,0,0,,376.89999999998787,0.22691149909692226,45.7,0.0,0.0,0.0,0.0,0.0,0.0,0.0,0.0,0,0,0,0,0,1661,0,60.02544567698669,1.0,terminated,stuck_timeout,exploration
334,2026-03-25T19:25:37.200373,1774484737.200373,1774484742.294531,5.094158172607422,40,1.2626262626262625,False,0,0,,-21.29999999999997,-0.0705298013245032,4.0,0.0,0.0,0.0,0.0,0.0,0.0,0.0,0.0,0,0,0,0,0,302,0,59.28359304269947,1.0,terminated,stuck_timeout,exploration
335,2026-03-25T19:25:42.809920,1774484742.8099203,1774484759.0272815,16.217361211776733,371,11.710858585858585,False,0,0,,325.6999999999948,0.3357731958762833,37.1,0.0,0.0,0.0,0.0,0.0,0.0,0.0,0.0,0,0,0,0,0,970,0,59.8124434260985,1.0,terminated,stuck_timeout,exploration
336,2026-03-25T19:26:01.461242,1774484761.4612424,1774484768.791573,7.3303306102752686,50,1.5782828282828283,False,0,0,,-11.89999999999997,-0.02710706150341679,5.0,0.0,0.0,0.0,0.0,0.0,0.0,0.0,0.0,0,0,0,0,0,439,0,59.88815830279648,1.0,terminated,stuck_timeout,exploration
337,2026-03-25T19:26:09.300590,1774484769.30059,1774484796.2832778,26.9826877117157,594,18.75,False,0,0,,552.6999999999964,0.34138357010500087,59.400000000000006,0.0,0.0,0.0,0.0,0.0,0.0,0.0,0.0,0,0,0,0,0,1619,0,60.00143563522922,1.0,terminated,stuck_timeout,exploration
338,2026-03-25T19:26:39.680279,1774484799.6802788,1774484804.6988583,5.018579483032227,40,1.2626262626262625,False,0,0,,-23.30000000000006,-0.07715231788079491,4.0,0.0,0.0,0.0,0.0,0.0,0.0,0.0,0.0,0,0,0,0,0,302,0,60.17639075380979,1.0,terminated,stuck_timeout,exploration
339,2026-03-25T19:26:45.216731,1774484805.2167313,1774484830.7912247,25.574493408203125,320,10.1010101010101,False,0,0,,227.1000000000037,0.1478515625000024,32.0,0.0,0.0,0.0,0.0,0.0,0.0,0.0,0.0,0,0,0,0,0,1536,0,60.059840696876584,1.0,terminated,stuck_timeout,exploration
340,2026-03-25T19:27:14.048896,1774484834.0488956,1774484848.1199546,14.071058988571167,122,3.8510101010101008,False,0,0,,55.400000000000034,0.06556213017751483,12.200000000000001,0.0,0.0,0.0,0.0,0.0,0.0,0.0,0.0,0,0,0,0,0,845,0,60.052338682278865,1.0,terminated,stuck_timeout,exploration
341,2026-03-25T19:27:30.311254,1774484850.311254,1774484874.7355068,24.42425274848938,166,5.23989898989899,False,0,0,,68.30000000000048,0.04668489405331543,16.6,0.0,0.0,0.0,0.0,0.0,0.0,0.0,0.0,0,0,0,0,0,1463,0,59.89947840228133,1.0,terminated,stuck_timeout,exploration
342,2026-03-25T19:27:55.253848,1774484875.2538478,1774484880.7598042,5.505956411361694,42,1.3257575757575757,False,0,0,,-20.10000000000008,-0.0610942249240124,4.2,0.0,0.0,0.0,0.0,0.0,0.0,0.0,0.0,0,0,0,0,0,329,0,59.75346977340746,1.0,terminated,stuck_timeout,exploration
343,2026-03-25T19:28:01.270212,1774484881.2702117,1774484907.6282685,26.358056783676147,222,7.007575757575757,False,0,0,,125.1000000000025,0.07912713472485926,22.200000000000003,0.0,0.0,0.0,0.0,0.0,0.0,0.0,0.0,0,0,0,0,0,1581,0,59.981659990167856,1.0,terminated,stuck_timeout,exploration
344,2026-03-25T19:28:31.089764,1774484911.089764,1774484917.582753,6.49298882484436,53,1.672979797979798,False,0,0,,-10.899999999999949,-0.028020565552699096,5.300000000000001,0.0,0.0,0.0,0.0,0.0,0.0,0.0,0.0,0,0,0,0,0,389,0,59.91077614542552,1.0,terminated,stuck_timeout,exploration
345,2026-03-25T19:28:38.092770,1774484918.0927699,1774484940.0172005,21.92443060874939,436,13.762626262626263,False,0,0,,403.69999999999595,0.3065299924069825,43.6,0.0,0.0,0.0,0.0,0.0,0.0,0.0,0.0,0,0,0,0,0,1317,0,60.06997506582562,1.0,terminated,stuck_timeout,exploration
346,2026-03-25T19:29:03.021194,1774484943.021194,1774484951.15495,8.133755922317505,282,8.901515151515152,False,0,0,,260.3,0.5323108384458078,28.200000000000003,0.0,0.0,0.0,0.0,0.0,0.0,0.0,0.0,0,0,0,0,0,489,0,60.119827134015104,1.0,failed,death,exploration
347,2026-03-25T19:29:12.620391,1774484952.6203907,1774484958.389521,5.769130229949951,46,1.452020202020202,False,0,0,,-17.100000000000005,-0.04970930232558141,4.6000000000000005,0.0,0.0,0.0,0.0,0.0,0.0,0.0,0.0,0,0,0,0,0,344,0,59.627705787287155,1.0,terminated,stuck_timeout,exploration
348,2026-03-25T19:29:18.901755,1774484958.9017553,1774484980.08262,21.180864572525024,461,14.551767676767676,False,0,0,,407.89999999999696,0.3211811023622023,46.1,0.0,0.0,0.0,0.0,0.0,0.0,0.0,0.0,0,0,0,0,0,1270,0,59.95978094526857,1.0,terminated,stuck_timeout,exploration
349,2026-03-25T19:29:43.024812,1774484983.024812,1774484991.2950542,8.27024221420288,162,5.113636363636364,False,0,0,,109.40000000000089,0.2214574898785443,16.2,0.0,0.0,0.0,0.0,0.0,0.0,0.0,0.0,0,0,0,0,0,494,0,59.732228779421995,1.0,terminated,stuck_timeout,exploration
350,2026-03-25T19:29:51.808571,1774484991.8085713,1774485029.238527,37.42995572090149,584,18.434343434343432,False,0,0,,508.6999999999995,0.22669340463458088,58.400000000000006,0.0,0.0,0.0,0.0,0.0,0.0,0.0,0.0,0,0,0,0,0,2244,0,59.95198115468019,1.0,terminated,stuck_timeout,exploration
351,2026-03-25T19:30:33.657187,1774485033.6571865,1774485046.9393837,13.28219723701477,405,12.784090909090908,False,0,0,,369.1999999999975,0.4655737704918001,40.5,0.0,0.0,0.0,0.0,0.0,0.0,0.0,0.0,0,0,0,0,0,793,0,59.70397712436245,1.0,terminated,stuck_timeout,exploration
352,2026-03-25T19:30:48.998287,1774485048.9982872,1774485055.510556,6.512268781661987,53,1.672979797979798,False,0,0,,-10.29999999999995,-0.026753246753246623,5.300000000000001,0.0,0.0,0.0,0.0,0.0,0.0,0.0,0.0,0,0,0,0,0,385,0,59.11918148773716,1.0,terminated,stuck_timeout,exploration
353,2026-03-25T19:30:56.026484,1774485056.0264835,1774485062.820304,6.793820381164551,51,1.6098484848484849,False,0,0,,-11.199999999999953,-0.02758620689655161,5.1000000000000005,0.0,0.0,0.0,0.0,0.0,0.0,0.0,0.0,0,0,0,0,0,406,0,59.76019047038836,1.0,terminated,stuck_timeout,exploration
354,2026-03-25T19:31:03.334784,1774485063.3347838,1774485068.4218435,5.087059736251831,40,1.2626262626262625,False,0,0,,-22.500000000000114,-0.07450331125827853,4.0,0.0,0.0,0.0,0.0,0.0,0.0,0.0,0.0,0,0,0,0,0,302,0,59.366316823028896,1.0,terminated,stuck_timeout,exploration
355,2026-03-25T19:31:08.937514,1774485068.9375136,1774485074.1777766,5.240262985229492,41,1.2941919191919191,False,0,0,,-23.10000000000009,-0.07356687898089201,4.1000000000000005,0.0,0.0,0.0,0.0,0.0,0.0,0.0,0.0,0,0,0,0,0,314,0,59.9206568229607,1.0,terminated,stuck_timeout,exploration
356,2026-03-25T19:31:14.692290,1774485074.6922898,1774485081.5839186,6.891628742218018,201,6.34469696969697,False,0,0,,171.20000000000056,0.4165450121654515,20.1,0.0,0.0,0.0,0.0,0.0,0.0,0.0,0.0,0,0,0,0,0,411,0,59.637571229311874,1.0,failed,death,exploration
357,2026-03-25T19:31:22.100549,1774485082.1005485,1774485096.0865638,13.986015319824219,123,3.882575757575758,False,0,0,,46.599999999999724,0.05554231227651934,12.3,0.0,0.0,0.0,0.0,0.0,0.0,0.0,0.0,0,0,0,0,0,839,0,59.98849427905137,1.0,terminated,stuck_timeout,exploration
358,2026-03-25T19:31:36.596720,1774485096.5967195,1774485108.1665335,11.569813966751099,65,2.051767676767677,False,0,0,,-13.099999999999966,-0.018958031837916015,6.5,0.0,0.0,0.0,0.0,0.0,0.0,0.0,0.0,0,0,0,0,0,691,0,59.724382949092366,1.0,terminated,stuck_timeout,exploration
359,2026-03-25T19:31:48.684040,1774485108.6840398,1774485131.190993,22.506953239440918,594,18.75,False,0,0,,555.99999999999,0.4109386548410865,59.400000000000006,0.0,0.0,0.0,0.0,0.0,0.0,0.0,0.0,0,0,0,0,0,1353,0,60.11475589814702,1.0,terminated,stuck_timeout,exploration
360,2026-03-25T19:32:14.060623,1774485134.0606227,1774485139.272348,5.211725234985352,280,8.83838383838384,False,0,0,,268.0,0.8729641693811075,28.0,0.0,0.0,0.0,0.0,0.0,0.0,0.0,0.0,0,0,0,0,0,307,0,58.90563799088362,1.0,failed,death,exploration
361,2026-03-25T19:32:20.472952,1774485140.4729524,1774485147.6791184,7.20616602897644,107,3.3775252525252526,False,0,0,,46.19999999999976,0.10794392523364431,10.700000000000001,0.0,0.0,0.0,0.0,0.0,0.0,0.0,0.0,0,0,0,0,0,428,0,59.393580203257244,1.0,terminated,stuck_timeout,exploration
362,2026-03-25T19:32:28.194076,1774485148.1940758,1774485170.542324,22.34824824333191,459,14.488636363636365,False,0,0,,404.7999999999955,0.3020895522388026,45.900000000000006,0.0,0.0,0.0,0.0,0.0,0.0,0.0,0.0,0,0,0,0,0,1340,0,59.959956834639975,1.0,terminated,stuck_timeout,exploration
363,2026-03-25T19:32:53.458945,1774485173.458945,1774485179.7157211,6.2567760944366455,55,1.7361111111111112,False,0,0,,-8.99999999999994,-0.024064171122994492,5.5,0.0,0.0,0.0,0.0,0.0,0.0,0.0,0.0,0,0,0,0,0,374,0,59.77519322332001,1.0,terminated,stuck_timeout,exploration
364,2026-03-25T19:33:00.226357,1774485180.2263572,1774485198.3326292,18.106271982192993,445,14.046717171717171,False,0,0,,414.5999999999944,0.3821198156681976,44.5,0.0,0.0,0.0,0.0,0.0,0.0,0.0,0.0,0,0,0,0,0,1085,0,59.923986620054464,1.0,terminated,stuck_timeout,exploration
365,2026-03-25T19:33:20.925948,1774485200.9259484,1774485206.0322323,5.106283903121948,40,1.2626262626262625,False,0,0,,-23.500000000000053,-0.07781456953642402,4.0,0.0,0.0,0.0,0.0,0.0,0.0,0.0,0.0,0,0,0,0,0,302,0,59.14281417360269,1.0,terminated,stuck_timeout,exploration
366,2026-03-25T19:33:26.545906,1774485206.545906,1774485215.8572066,9.31130051612854,61,1.9255050505050504,False,0,0,,-14.199999999999989,-0.025678119349005404,6.1000000000000005,0.0,0.0,0.0,0.0,0.0,0.0,0.0,0.0,0,0,0,0,0,553,0,59.39020000934593,1.0,terminated,stuck_timeout,exploration
367,2026-03-25T19:33:36.365529,1774485216.3655293,1774485221.9014156,5.535886287689209,41,1.2941919191919191,False,0,0,,-23.20000000000009,-0.07030303030303058,4.1000000000000005,0.0,0.0,0.0,0.0,0.0,0.0,0.0,0.0,0,0,0,0,0,330,0,59.61105103149593,1.0,terminated,stuck_timeout,exploration
368,2026-03-25T19:33:42.416300,1774485222.4163,1774485242.7935627,20.377262592315674,594,18.75,False,0,0,,561.7999999999917,0.46049180327868167,59.400000000000006,0.0,0.0,0.0,0.0,0.0,0.0,0.0,0.0,0,0,0,0,0,1220,0,59.87065212871456,1.0,terminated,stuck_timeout,exploration
369,2026-03-25T19:34:05.678948,1774485245.6789484,1774485273.5696347,27.89068627357483,307,9.690656565656566,False,0,0,,217.50000000000279,0.1298507462686584,30.700000000000003,0.0,0.0,0.0,0.0,0.0,0.0,0.0,0.0,0,0,0,0,0,1675,0,60.055890470755,1.0,terminated,stuck_timeout,exploration
370,2026-03-25T19:34:37.066902,1774485277.0669017,1774485282.5739932,5.507091522216797,41,1.2941919191919191,False,0,0,,-20.700000000000077,-0.06234939759036168,4.1000000000000005,0.0,0.0,0.0,0.0,0.0,0.0,0.0,0.0,0,0,0,0,0,332,0,60.285905665565984,1.0,terminated,stuck_timeout,exploration
371,2026-03-25T19:34:43.090672,1774485283.0906715,1774485289.1973045,6.106632947921753,44,1.3888888888888888,False,0,0,,-18.900000000000063,-0.05220994475138139,4.4,0.0,0.0,0.0,0.0,0.0,0.0,0.0,0.0,0,0,0,0,0,362,0,59.27980330358616,1.0,terminated,stuck_timeout,exploration
372,2026-03-25T19:34:49.711314,1774485289.7113142,1774485308.0860567,18.37474250793457,436,13.762626262626263,False,0,0,,395.599999999992,0.35898366606169874,43.6,0.0,0.0,0.0,0.0,0.0,0.0,0.0,0.0,0,0,0,0,0,1102,0,59.973629536530105,1.0,terminated,stuck_timeout,exploration
373,2026-03-25T19:35:10.658331,1774485310.6583307,1774485315.73102,5.0726892948150635,40,1.2626262626262625,False,0,0,,-21.800000000000086,-0.07218543046357645,4.0,0.0,0.0,0.0,0.0,0.0,0.0,0.0,0.0,0,0,0,0,0,302,0,59.53449589524093,1.0,terminated,stuck_timeout,exploration
374,2026-03-25T19:35:16.251892,1774485316.2518916,1774485327.0426133,10.790721654891968,183,5.776515151515151,False,0,0,,143.200000000001,0.22340093603744307,18.3,0.0,0.0,0.0,0.0,0.0,0.0,0.0,0.0,0,0,0,0,0,641,0,59.402885228663365,1.0,failed,death,exploration
375,2026-03-25T19:35:27.561064,1774485327.5610638,1774485337.7139204,10.152856588363647,192,6.0606060606060606,False,0,0,,142.40000000000137,0.23498349834983726,19.200000000000003,0.0,0.0,0.0,0.0,0.0,0.0,0.0,0.0,0,0,0,0,0,606,0,59.687635172011234,1.0,terminated,stuck_timeout,exploration
376,2026-03-25T19:35:38.223778,1774485338.2237785,1774485343.2826824,5.058903932571411,40,1.2626262626262625,False,0,0,,-24.200000000000095,-0.08013245033112615,4.0,0.0,0.0,0.0,0.0,0.0,0.0,0.0,0.0,0,0,0,0,0,302,0,59.69672561987062,1.0,terminated,stuck_timeout,exploration
377,2026-03-25T19:35:43.792528,1774485343.792528,1774485352.9735506,9.181022644042969,56,1.7676767676767675,False,0,0,,-10.599999999999959,-0.0192727272727272,5.6000000000000005,0.0,0.0,0.0,0.0,0.0,0.0,0.0,0.0,0,0,0,0,0,550,0,59.906180533915034,1.0,terminated,stuck_timeout,exploration
378,2026-03-25T19:35:53.479284,1774485353.479284,1774485380.8438494,27.36456537246704,595,18.781565656565657,False,0,0,,544.5999999999939,0.33126520681264837,59.5,0.0,0.0,0.0,0.0,0.0,0.0,0.0,0.0,0,0,0,0,0,1644,0,60.07769455217135,1.0,terminated,stuck_timeout,exploration
379,2026-03-25T19:36:24.348871,1774485384.3488715,1774485393.751421,9.402549505233765,247,7.796717171717171,False,0,0,,197.10000000000178,0.3519642857142889,24.700000000000003,0.0,0.0,0.0,0.0,0.0,0.0,0.0,0.0,0,0,0,0,0,560,0,59.558314443150316,1.0,terminated,stuck_timeout,exploration
380,2026-03-25T19:36:35.546723,1774485395.5467234,1774485404.8613412,9.31461787223816,216,6.8181818181818175,False,0,0,,174.2000000000008,0.31387387387387533,21.6,0.0,0.0,0.0,0.0,0.0,0.0,0.0,0.0,0,0,0,0,0,555,0,59.58376474617977,1.0,failed,death,exploration
381,2026-03-25T19:36:46.549205,1774485406.5492046,1774485412.3112953,5.762090682983398,42,1.3257575757575757,False,0,0,,-20.50000000000008,-0.0599415204678365,4.2,0.0,0.0,0.0,0.0,0.0,0.0,0.0,0.0,0,0,0,0,0,342,0,59.35345672535042,1.0,terminated,stuck_timeout,exploration
382,2026-03-25T19:36:52.828807,1774485412.828807,1774485423.856114,11.02730679512024,245,7.733585858585859,False,0,0,,194.60000000000198,0.29484848484848786,24.5,0.0,0.0,0.0,0.0,0.0,0.0,0.0,0.0,0,0,0,0,0,660,0,59.85142267847854,1.0,terminated,stuck_timeout,exploration
383,2026-03-25T19:37:05.657307,1774485425.6573074,1774485434.1338372,8.476529836654663,41,1.2941919191919191,False,0,0,,-36.50000000000017,-0.07185039370078773,4.1000000000000005,0.0,0.0,0.0,0.0,0.0,0.0,0.0,0.0,0,0,0,0,0,508,0,59.930184850323926,1.0,terminated,stuck_timeout,exploration
384,2026-03-25T19:37:14.646490,1774485434.6464899,1774485445.6052992,10.95880937576294,141,4.450757575757576,False,0,0,,73.9000000000011,0.11231003039513845,14.100000000000001,0.0,0.0,0.0,0.0,0.0,0.0,0.0,0.0,0,0,0,0,0,658,0,60.04301903957435,1.0,terminated,stuck_timeout,exploration
385,2026-03-25T19:37:26.112280,1774485446.1122797,1774485465.2522166,19.139936923980713,250,7.891414141414141,False,0,0,,185.20000000000184,0.16160558464223546,25.0,0.0,0.0,0.0,0.0,0.0,0.0,0.0,0.0,0,0,0,0,0,1146,0,59.87480546835865,1.0,terminated,stuck_timeout,exploration
386,2026-03-25T19:37:48.071959,1774485468.0719593,1774485473.1725855,5.100626230239868,40,1.2626262626262625,False,0,0,,-22.800000000000075,-0.0754966887417221,4.0,0.0,0.0,0.0,0.0,0.0,0.0,0.0,0.0,0,0,0,0,0,302,0,59.20841605870771,1.0,terminated,stuck_timeout,exploration
387,2026-03-25T19:37:53.686118,1774485473.686118,1774485500.6265733,26.940455436706543,435,13.731060606060606,False,0,0,,366.99999999999767,0.22766749379652462,43.5,0.0,0.0,0.0,0.0,0.0,0.0,0.0,0.0,0,0,0,0,0,1612,0,59.83566253314484,1.0,terminated,stuck_timeout,exploration
388,2026-03-25T19:38:23.892889,1774485503.8928888,1774485513.6698277,9.776938915252686,90,2.840909090909091,False,0,0,,29.299999999999656,0.0502572898799308,9.0,0.0,0.0,0.0,0.0,0.0,0.0,0.0,0.0,0,0,0,0,0,583,0,59.63011583211189,1.0,terminated,stuck_timeout,exploration
389,2026-03-25T19:38:34.182294,1774485514.1822941,1774485532.1046486,17.922354459762573,689,21.748737373737374,False,0,0,,694.600000000001,0.6461395348837219,68.9,0.0,0.0,0.0,0.0,0.0,0.0,0.0,0.0,0,0,0,0,0,1075,0,59.98095855170588,1.0,failed,death,exploration
390,2026-03-25T19:38:54.679493,1774485534.6794927,1774485555.781614,21.102121353149414,435,13.731060606060606,False,0,0,,382.4999999999927,0.3026107594936651,43.5,0.0,0.0,0.0,0.0,0.0,0.0,0.0,0.0,0,0,0,0,0,1264,0,59.89919112143446,1.0,terminated,stuck_timeout,exploration
391,2026-03-25T19:39:18.635628,1774485558.635628,1774485568.9195213,10.283893346786499,194,6.123737373737374,False,0,0,,152.50000000000068,0.24918300653594883,19.400000000000002,0.0,0.0,0.0,0.0,0.0,0.0,0.0,0.0,0,0,0,0,0,612,0,59.510535491039214,1.0,failed,death,exploration
392,2026-03-25T19:39:29.434313,1774485569.434313,1774485574.5322309,5.097917795181274,40,1.2626262626262625,False,0,0,,-24.000000000000103,-0.07947019867549703,4.0,0.0,0.0,0.0,0.0,0.0,0.0,0.0,0.0,0,0,0,0,0,302,0,59.23987246037209,1.0,terminated,stuck_timeout,exploration
393,2026-03-25T19:39:35.040707,1774485575.0407066,1774485580.5727873,5.53208065032959,42,1.3257575757575757,False,0,0,,-18.200000000000056,-0.05565749235474023,4.2,0.0,0.0,0.0,0.0,0.0,0.0,0.0,0.0,0,0,0,0,0,327,0,59.10976731341001,1.0,terminated,stuck_timeout,exploration
394,2026-03-25T19:39:41.087768,1774485581.0877676,1774485586.6611986,5.573431015014648,50,1.5782828282828283,False,0,0,,-12.699999999999974,-0.038253012048192696,5.0,0.0,0.0,0.0,0.0,0.0,0.0,0.0,0.0,0,0,0,0,0,332,0,59.56833395902854,1.0,terminated,stuck_timeout,exploration
395,2026-03-25T19:39:47.174566,1774485587.1745658,1774485598.2204692,11.045903444290161,181,5.713383838383838,False,0,0,,146.40000000000012,0.2211480362537766,18.1,0.0,0.0,0.0,0.0,0.0,0.0,0.0,0.0,0,0,0,0,0,662,0,59.931720690732675,1.0,failed,death,exploration
396,2026-03-25T19:39:58.735340,1774485598.7353399,1774485606.9278178,8.192477941513062,279,8.806818181818182,False,0,0,,258.29999999999995,0.5282208588957055,27.900000000000002,0.0,0.0,0.0,0.0,0.0,0.0,0.0,0.0,0,0,0,0,0,489,0,59.688900414626815,1.0,failed,death,exploration
397,2026-03-25T19:40:08.567134,1774485608.5671344,1774485618.203124,9.635989665985107,249,7.859848484848484,False,0,0,,223.9999999999999,0.3875432525951555,24.900000000000002,0.0,0.0,0.0,0.0,0.0,0.0,0.0,0.0,0,0,0,0,0,578,0,59.983459928390225,1.0,failed,death,exploration
398,2026-03-25T19:40:19.867469,1774485619.8674693,1774485631.623978,11.756508588790894,245,7.733585858585859,False,0,0,,194.10000000000173,0.2757102272727297,24.5,0.0,0.0,0.0,0.0,0.0,0.0,0.0,0.0,0,0,0,0,0,704,0,59.8817237858543,1.0,terminated,stuck_timeout,exploration
399,2026-03-25T19:40:33.639714,1774485633.6397138,1774485645.388768,11.749054193496704,102,3.2196969696969697,False,0,0,,23.599999999999827,0.03371428571428547,10.200000000000001,0.0,0.0,0.0,0.0,0.0,0.0,0.0,0.0,0,0,0,0,0,700,0,59.57926386853008,1.0,terminated,stuck_timeout,exploration
400,2026-03-25T19:40:45.903688,1774485645.9036882,1774485674.3272228,28.423534631729126,539,17.01388888888889,False,0,0,,503.7999999999927,0.29600470035252213,53.900000000000006,0.0,0.0,0.0,0.0,0.0,0.0,0.0,0.0,0,0,0,0,0,1702,0,59.87995589049862,1.0,terminated,stuck_timeout,exploration
401,2026-03-25T19:41:17.880872,1774485677.8808718,1774485695.497764,17.616892337799072,482,15.214646464646464,False,0,0,,440.1999999999963,0.41646168401134936,48.2,0.0,0.0,0.0,0.0,0.0,0.0,0.0,0.0,0,0,0,0,0,1057,0,59.99923140428603,1.0,terminated,stuck_timeout,exploration
402,2026-03-25T19:41:38.067995,1774485698.0679948,1774485715.5323381,17.464343309402466,476,15.025252525252524,False,0,0,,442.29999999999535,0.42284894837475656,47.6,0.0,0.0,0.0,0.0,0.0,0.0,0.0,0.0,0,0,0,0,0,1046,0,59.89346301024979,1.0,terminated,stuck_timeout,exploration
403,2026-03-25T19:41:57.941956,1774485717.941956,1774485729.2279787,11.286022663116455,159,5.018939393939394,False,0,0,,114.50000000000098,0.17013372956909506,15.9,0.0,0.0,0.0,0.0,0.0,0.0,0.0,0.0,0,0,0,0,0,673,0,59.63128199267339,1.0,failed,death,exploration
404,2026-03-25T19:42:09.741937,1774485729.741937,1774485764.0111918,34.26925492286682,594,18.75,False,0,0,,511.199999999989,0.24803493449781128,59.400000000000006,0.0,0.0,0.0,0.0,0.0,0.0,0.0,0.0,0,0,0,0,0,2061,0,60.14137175257808,1.0,terminated,stuck_timeout,exploration
405,2026-03-25T19:42:48.005005,1774485768.0050054,1774485773.449295,5.444289684295654,43,1.3573232323232325,False,0,0,,-20.900000000000077,-0.06510903426791301,4.3,0.0,0.0,0.0,0.0,0.0,0.0,0.0,0.0,0,0,0,0,0,321,0,58.96085965556567,1.0,terminated,stuck_timeout,exploration
406,2026-03-25T19:42:53.963894,1774485773.9638944,1774485780.9034674,6.939573049545288,258,8.143939393939394,False,0,0,,233.50000000000003,0.561298076923077,25.8,0.0,0.0,0.0,0.0,0.0,0.0,0.0,0.0,0,0,0,0,0,416,0,59.94605100774293,1.0,failed,death,exploration
407,2026-03-25T19:43:02.248004,1774485782.2480044,1774485807.308074,25.06006956100464,460,14.520202020202019,False,0,0,,424.09999999999576,0.2819813829787206,46.0,0.0,0.0,0.0,0.0,0.0,0.0,0.0,0.0,0,0,0,0,0,1504,0,60.01579510139659,1.0,terminated,stuck_timeout,exploration
408,2026-03-25T19:43:30.452740,1774485810.4527402,1774485817.1877043,6.73496413230896,228,7.196969696969697,False,0,0,,209.50000000000009,0.5250626566416042,22.8,0.0,0.0,0.0,0.0,0.0,0.0,0.0,0.0,0,0,0,0,0,399,0,59.24307719560343,1.0,failed,death,exploration
409,2026-03-25T19:43:37.697258,1774485817.6972575,1774485827.8711042,10.17384672164917,246,7.765151515151516,False,0,0,,224.80000000000032,0.3691297208538593,24.6,0.0,0.0,0.0,0.0,0.0,0.0,0.0,0.0,0,0,0,0,0,609,0,59.85936457093406,1.0,failed,death,exploration
410,2026-03-25T19:43:49.717183,1774485829.717183,1774485842.9750082,13.257825136184692,141,4.450757575757576,False,0,0,,82.60000000000093,0.10363864491844534,14.100000000000001,0.0,0.0,0.0,0.0,0.0,0.0,0.0,0.0,0,0,0,0,0,797,0,60.11544064076854,1.0,terminated,stuck_timeout,exploration
411,2026-03-25T19:44:03.491021,1774485843.4910214,1774485853.4274533,9.936431884765625,67,2.11489898989899,False,0,0,,-12.599999999999952,-0.021105527638190874,6.7,0.0,0.0,0.0,0.0,0.0,0.0,0.0,0.0,0,0,0,0,0,597,0,60.08192950180745,1.0,terminated,stuck_timeout,exploration
412,2026-03-25T19:44:13.940120,1774485853.9401205,1774485859.022217,5.082096576690674,40,1.2626262626262625,False,0,0,,-22.200000000000077,-0.0735099337748347,4.0,0.0,0.0,0.0,0.0,0.0,0.0,0.0,0.0,0,0,0,0,0,302,0,59.42429378165308,1.0,terminated,stuck_timeout,exploration
413,2026-03-25T19:44:19.537152,1774485859.537152,1774485872.1153467,12.578194618225098,225,7.1022727272727275,False,0,0,,181.80000000000032,0.2417553191489366,22.5,0.0,0.0,0.0,0.0,0.0,0.0,0.0,0.0,0,0,0,0,0,752,0,59.7860044962569,1.0,failed,death,exploration
414,2026-03-25T19:44:32.630068,1774485872.6300683,1774485882.6973405,10.067272186279297,207,6.534090909090909,False,0,0,,156.40000000000163,0.2593698175787755,20.700000000000003,0.0,0.0,0.0,0.0,0.0,0.0,0.0,0.0,0,0,0,0,0,603,0,59.897059386338015,1.0,terminated,stuck_timeout,exploration
415,2026-03-25T19:44:43.203243,1774485883.2032428,1774485896.0663283,12.863085508346558,434,13.69949494949495,False,0,0,,394.89999999999793,0.5115284974093237,43.400000000000006,0.0,0.0,0.0,0.0,0.0,0.0,0.0,0.0,0,0,0,0,0,772,0,60.01670435130569,1.0,terminated,stuck_timeout,exploration
416,2026-03-25T19:44:58.066199,1774485898.0661986,1774485911.707816,13.64161729812622,359,11.332070707070708,False,0,0,,321.7999999999962,0.39533169533169066,35.9,0.0,0.0,0.0,0.0,0.0,0.0,0.0,0.0,0,0,0,0,0,814,0,59.67034422757256,1.0,terminated,stuck_timeout,exploration
417,2026-03-25T19:45:13.727350,1774485913.7273495,1774485921.2014408,7.474091291427612,254,8.017676767676768,False,0,0,,227.50000000000068,0.5112359550561814,25.400000000000002,0.0,0.0,0.0,0.0,0.0,0.0,0.0,0.0,0,0,0,0,0,445,0,59.539010516287306,1.0,failed,death,exploration
418,2026-03-25T19:45:22.817832,1774485922.8178322,1774485931.099666,8.28183388710022,234,7.386363636363637,False,0,0,,212.30000000000027,0.42716297786720375,23.400000000000002,0.0,0.0,0.0,0.0,0.0,0.0,0.0,0.0,0,0,0,0,0,497,0,60.0108631464013,1.0,failed,death,exploration
419,2026-03-25T19:45:31.608497,1774485931.608497,1774485942.3225658,10.71406888961792,83,2.619949494949495,False,0,0,,5.999999999999934,0.009345794392523261,8.3,0.0,0.0,0.0,0.0,0.0,0.0,0.0,0.0,0,0,0,0,0,642,0,59.92121262372196,1.0,terminated,stuck_timeout,exploration
420,2026-03-25T19:45:42.829993,1774485942.8299935,1774485954.386448,11.556454420089722,309,9.753787878787879,False,0,0,,261.30000000000115,0.3781476121562969,30.900000000000002,0.0,0.0,0.0,0.0,0.0,0.0,0.0,0.0,0,0,0,0,0,691,0,59.793425810494846,1.0,terminated,stuck_timeout,exploration
421,2026-03-25T19:45:56.305888,1774485956.3058882,1774485968.7702527,12.464364528656006,313,9.880050505050505,False,0,0,,274.39999999999804,0.3668449197860936,31.3,0.0,0.0,0.0,0.0,0.0,0.0,0.0,0.0,0,0,0,0,0,748,0,60.01108185502134,1.0,terminated,stuck_timeout,exploration
422,2026-03-25T19:46:10.809301,1774485970.809301,1774485975.8296337,5.0203328132629395,40,1.2626262626262625,False,0,0,,-24.200000000000088,-0.08013245033112612,4.0,0.0,0.0,0.0,0.0,0.0,0.0,0.0,0.0,0,0,0,0,0,302,0,60.15537440110801,1.0,terminated,stuck_timeout,exploration
423,2026-03-25T19:46:16.343523,1774485976.343523,1774486008.4549184,32.11139535903931,436,13.762626262626263,False,0,0,,339.3999999999964,0.17585492227979088,43.6,0.0,0.0,0.0,0.0,0.0,0.0,0.0,0.0,0,0,0,0,0,1930,0,60.103274193493064,1.0,terminated,stuck_timeout,exploration
424,2026-03-25T19:46:52.201301,1774486012.201301,1774486032.497731,20.296429872512817,325,10.258838383838384,False,0,0,,262.4000000000019,0.21508196721311632,32.5,0.0,0.0,0.0,0.0,0.0,0.0,0.0,0.0,0,0,0,0,0,1220,0,60.10909345452077,1.0,terminated,stuck_timeout,exploration
425,2026-03-25T19:47:15.211758,1774486035.2117577,1774486041.074333,5.86257529258728,45,1.4204545454545454,False,0,0,,-19.199999999999967,-0.05454545454545445,4.5,0.0,0.0,0.0,0.0,0.0,0.0,0.0,0.0,0,0,0,0,0,352,0,60.04187280034997,1.0,terminated,stuck_timeout,exploration
426,2026-03-25T19:47:21.594140,1774486041.5941396,1774486056.4187438,14.824604272842407,123,3.882575757575758,False,0,0,,38.39999999999948,0.0433408577878098,12.3,0.0,0.0,0.0,0.0,0.0,0.0,0.0,0.0,0,0,0,0,0,886,0,59.765507644820396,1.0,terminated,stuck_timeout,exploration
427,2026-03-25T19:47:36.931276,1774486056.9312763,1774486066.97607,10.044793605804443,512,16.161616161616163,False,0,0,,498.29999999999535,0.8263681592039724,51.2,0.0,0.0,0.0,0.0,0.0,0.0,0.0,0.0,0,0,0,0,0,603,0,60.03109906126422,1.0,terminated,stuck_timeout,exploration
428,2026-03-25T19:47:48.771303,1774486068.7713034,1774486076.0788305,7.3075270652771,70,2.20959595959596,False,0,0,,6.099999999999952,0.013863636363636253,7.0,0.0,0.0,0.0,0.0,0.0,0.0,0.0,0.0,0,0,0,0,0,440,0,60.21188783422115,1.0,terminated,stuck_timeout,exploration
429,2026-03-25T19:47:56.588355,1774486076.5883546,1774486109.2497995,32.661444902420044,436,13.762626262626263,False,0,0,,370.29999999999217,0.18902501276160907,43.6,0.0,0.0,0.0,0.0,0.0,0.0,0.0,0.0,0,0,0,0,0,1959,0,59.97897538987469,1.0,terminated,stuck_timeout,exploration
430,2026-03-25T19:48:33.141747,1774486113.1417465,1774486119.8391998,6.697453260421753,47,1.4835858585858586,False,0,0,,-13.499999999999972,-0.03366583541147125,4.7,0.0,0.0,0.0,0.0,0.0,0.0,0.0,0.0,0,0,0,0,0,401,0,59.87350480961,1.0,terminated,stuck_timeout,exploration
431,2026-03-25T19:48:40.357028,1774486120.3570278,1774486125.4462743,5.089246511459351,40,1.2626262626262625,False,0,0,,-21.300000000000082,-0.07052980132450358,4.0,0.0,0.0,0.0,0.0,0.0,0.0,0.0,0.0,0,0,0,0,0,302,0,59.34080798011904,1.0,terminated,stuck_timeout,exploration
432,2026-03-25T19:48:45.954866,1774486125.954866,1774486136.4074469,10.45258092880249,73,2.304292929292929,False,0,0,,2.800000000000032,0.004494382022471961,7.300000000000001,0.0,0.0,0.0,0.0,0.0,0.0,0.0,0.0,0,0,0,0,0,623,0,59.60250432343455,1.0,terminated,stuck_timeout,exploration
433,2026-03-25T19:48:56.919072,1774486136.919072,1774486144.1735666,7.254494667053223,141,4.450757575757576,False,0,0,,87.40000000000089,0.20184757505773876,14.100000000000001,0.0,0.0,0.0,0.0,0.0,0.0,0.0,0.0,0,0,0,0,0,433,0,59.68713464860602,1.0,terminated,stuck_timeout,exploration
434,2026-03-25T19:49:04.687930,1774486144.68793,1774486202.901117,58.21318697929382,594,18.75,False,0,0,,462.8999999999852,0.13252218723160183,59.400000000000006,0.0,0.0,0.0,0.0,0.0,0.0,0.0,0.0,0,0,0,0,0,3493,0,60.00358649394071,1.0,terminated,stuck_timeout,exploration
435,2026-03-25T19:50:09.454773,1774486209.454773,1774486223.7637808,14.3090078830719,125,3.9457070707070705,False,0,0,,44.89999999999958,0.05214866434378581,12.5,0.0,0.0,0.0,0.0,0.0,0.0,0.0,0.0,0,0,0,0,0,861,0,60.17188662105608,1.0,terminated,stuck_timeout,exploration
436,2026-03-25T19:50:24.277840,1774486224.2778397,1774486231.4975746,7.2197349071502686,288,9.090909090909092,False,0,0,,268.4999999999999,0.6200923787528866,28.8,0.0,0.0,0.0,0.0,0.0,0.0,0.0,0.0,0,0,0,0,0,433,0,59.97450122042102,1.0,failed,death,exploration
437,2026-03-25T19:50:32.926135,1774486232.9261348,1774486264.9164803,31.99034547805786,594,18.75,False,0,0,,551.1999999999883,0.2876826722338144,59.400000000000006,0.0,0.0,0.0,0.0,0.0,0.0,0.0,0.0,0,0,0,0,0,1916,0,59.89306996744321,1.0,terminated,stuck_timeout,exploration
438,2026-03-25T19:51:08.675778,1774486268.6757777,1774486287.6207368,18.94495916366577,351,11.079545454545455,False,0,0,,308.89999999999685,0.27239858906525294,35.1,0.0,0.0,0.0,0.0,0.0,0.0,0.0,0.0,0,0,0,0,0,1134,0,59.85761120957601,1.0,terminated,stuck_timeout,exploration
439,2026-03-25T19:51:30.331948,1774486290.3319476,1774486296.0594363,5.72748875617981,284,8.964646464646464,False,0,0,,267.3,0.7793002915451895,28.400000000000002,0.0,0.0,0.0,0.0,0.0,0.0,0.0,0.0,0,0,0,0,0,343,0,59.886630005150515,1.0,failed,death,exploration
440,2026-03-25T19:51:37.390206,1774486297.3902056,1774486303.3173764,5.927170753479004,52,1.6414141414141417,False,0,0,,-10.499999999999943,-0.02966101694915238,5.2,0.0,0.0,0.0,0.0,0.0,0.0,0.0,0.0,0,0,0,0,0,354,0,59.72495389848802,1.0,terminated,stuck_timeout,exploration
441,2026-03-25T19:51:44.604089,1774486304.6040895,1774486313.4816928,8.87760329246521,202,6.376262626262625,False,0,0,,156.00000000000148,0.29601518026565743,20.200000000000003,0.0,0.0,0.0,0.0,0.0,0.0,0.0,0.0,0,0,0,0,0,527,0,59.36286885530093,1.0,terminated,stuck_timeout,exploration
442,2026-03-25T19:51:53.994325,1774486313.9943252,1774486322.8700585,8.875733375549316,125,3.9457070707070705,False,0,0,,67.50000000000048,0.1268796992481212,12.5,0.0,0.0,0.0,0.0,0.0,0.0,0.0,0.0,0,0,0,0,0,532,0,59.9387090046601,1.0,terminated,stuck_timeout,exploration
443,2026-03-25T19:52:03.380364,1774486323.3803637,1774486342.3616197,18.981256008148193,438,13.825757575757574,False,0,0,,394.6999999999978,0.3474471830985896,43.800000000000004,0.0,0.0,0.0,0.0,0.0,0.0,0.0,0.0,0,0,0,0,0,1136,0,59.84851579433641,1.0,terminated,stuck_timeout,exploration
444,2026-03-25T19:52:25.005652,1774486345.0056522,1774486358.2011223,13.195470094680786,206,6.502525252525253,False,0,0,,166.0000000000005,0.2109275730622624,20.6,0.0,0.0,0.0,0.0,0.0,0.0,0.0,0.0,0,0,0,0,0,787,0,59.6416796334711,1.0,failed,death,exploration
445,2026-03-25T19:52:38.712503,1774486358.7125027,1774486386.018927,27.306424379348755,595,18.781565656565657,False,0,0,,546.9999999999955,0.33394383394383115,59.5,0.0,0.0,0.0,0.0,0.0,0.0,0.0,0.0,0,0,0,0,0,1638,0,59.985883806844484,1.0,terminated,stuck_timeout,exploration
446,2026-03-25T19:53:09.489030,1774486389.4890304,1774486398.9293952,9.440364837646484,155,4.892676767676768,False,0,0,,102.40000000000114,0.1815602836879453,15.5,0.0,0.0,0.0,0.0,0.0,0.0,0.0,0.0,0,0,0,0,0,564,0,59.743453743532136,1.0,terminated,stuck_timeout,exploration
447,2026-03-25T19:53:19.443791,1774486399.4437912,1774486434.6343493,35.190558195114136,546,17.234848484848484,False,0,0,,483.6999999999907,0.22924170616113304,54.6,0.0,0.0,0.0,0.0,0.0,0.0,0.0,0.0,0,0,0,0,0,2110,0,59.95926487727475,1.0,terminated,stuck_timeout,exploration
448,2026-03-25T19:53:58.945723,1774486438.9457233,1774486443.0216513,4.075927972793579,286,9.027777777777777,False,0,0,,274.6,1.1394190871369296,28.6,0.0,0.0,0.0,0.0,0.0,0.0,0.0,0.0,0,0,0,0,0,241,0,59.12763954825783,1.0,failed,death,exploration
449,2026-03-25T19:54:04.188020,1774486444.1880202,1774486455.1448085,10.956788301467896,107,3.3775252525252526,False,0,0,,32.79999999999964,0.04992389649923842,10.700000000000001,0.0,0.0,0.0,0.0,0.0,0.0,0.0,0.0,0,0,0,0,0,657,0,59.962826872540816,1.0,terminated,stuck_timeout,exploration
450,2026-03-25T19:54:15.660845,1774486455.6608453,1774486461.5051732,5.844327926635742,53,1.672979797979798,False,0,0,,-9.599999999999955,-0.027272727272727147,5.300000000000001,0.0,0.0,0.0,0.0,0.0,0.0,0.0,0.0,0,0,0,0,0,352,0,60.22933764475243,1.0,terminated,stuck_timeout,exploration
451,2026-03-25T19:54:22.024233,1774486462.0242329,1774486473.7474997,11.723266839981079,120,3.787878787878788,False,0,0,,39.89999999999968,0.05667613636363591,12.0,0.0,0.0,0.0,0.0,0.0,0.0,0.0,0.0,0,0,0,0,0,704,0,60.05152058802205,1.0,terminated,stuck_timeout,exploration
452,2026-03-25T19:54:34.262900,1774486474.2628996,1774486481.7039883,7.441088676452637,236,7.449494949494949,False,0,0,,214.0000000000002,0.48198198198198244,23.6,0.0,0.0,0.0,0.0,0.0,0.0,0.0,0.0,0,0,0,0,0,444,0,59.66868818605002,1.0,failed,death,exploration
453,2026-03-25T19:54:42.217491,1774486482.2174907,1774486502.0129683,19.795477628707886,456,14.393939393939394,False,0,0,,405.599999999995,0.342278481012654,45.6,0.0,0.0,0.0,0.0,0.0,0.0,0.0,0.0,0,0,0,0,0,1185,0,59.86215752033606,1.0,terminated,stuck_timeout,exploration
454,2026-03-25T19:55:04.672760,1774486504.6727598,1774486511.6407733,6.968013525009155,50,1.5782828282828283,False,0,0,,-9.499999999999952,-0.022836538461538346,5.0,0.0,0.0,0.0,0.0,0.0,0.0,0.0,0.0,0,0,0,0,0,416,0,59.701376655903296,1.0,terminated,stuck_timeout,exploration
455,2026-03-25T19:55:12.152553,1774486512.1525526,1774486518.1904154,6.037862777709961,53,1.672979797979798,False,0,0,,-8.599999999999955,-0.02382271468144032,5.300000000000001,0.0,0.0,0.0,0.0,0.0,0.0,0.0,0.0,0,0,0,0,0,361,0,59.78936807452918,1.0,terminated,stuck_timeout,exploration
456,2026-03-25T19:55:18.696891,1774486518.696891,1774486531.3304613,12.633570194244385,103,3.2512626262626263,False,0,0,,26.599999999999724,0.035231788079469833,10.3,0.0,0.0,0.0,0.0,0.0,0.0,0.0,0.0,0,0,0,0,0,755,0,59.7614125216927,1.0,terminated,stuck_timeout,exploration
457,2026-03-25T19:55:31.847139,1774486531.8471386,1774486550.0203385,18.173199892044067,594,18.75,False,0,0,,576.7999999999931,0.5311233885819457,59.400000000000006,0.0,0.0,0.0,0.0,0.0,0.0,0.0,0.0,0,0,0,0,0,1086,0,59.75832580124941,1.0,terminated,stuck_timeout,exploration
458,2026-03-25T19:55:52.687319,1774486552.6873193,1774486563.5050752,10.817755937576294,247,7.796717171717171,False,0,0,,226.09999999999997,0.35163297045101083,24.700000000000003,0.0,0.0,0.0,0.0,0.0,0.0,0.0,0.0,0,0,0,0,0,643,0,59.43931474424292,1.0,failed,death,exploration
459,2026-03-25T19:56:05.289273,1774486565.289273,1774486575.0784338,9.78916072845459,245,7.733585858585859,False,0,0,,195.80000000000058,0.3347008547008557,24.5,0.0,0.0,0.0,0.0,0.0,0.0,0.0,0.0,0,0,0,0,0,585,0,59.759974958788284,1.0,failed,death,exploration
460,2026-03-25T19:56:15.588735,1774486575.5887349,1774486592.1569903,16.56825542449951,174,5.492424242424242,False,0,0,,117.10000000000039,0.12047325102880699,17.400000000000002,0.0,0.0,0.0,0.0,0.0,0.0,0.0,0.0,0,0,0,0,0,972,0,58.66640603347421,1.0,failed,death,exploration
461,2026-03-25T19:56:34.523231,1774486594.5232313,1774486602.7755477,8.25231647491455,160,5.05050505050505,False,0,0,,103.30000000000072,0.20826612903225952,16.0,0.0,0.0,0.0,0.0,0.0,0.0,0.0,0.0,0,0,0,0,0,496,0,60.10433573503201,1.0,terminated,stuck_timeout,exploration
462,2026-03-25T19:56:43.284251,1774486603.2842515,1774486609.129132,5.8448805809021,59,1.8623737373737372,False,0,0,,-2.299999999999999,-0.006666666666666664,5.9,0.0,0.0,0.0,0.0,0.0,0.0,0.0,0.0,0,0,0,0,0,345,0,59.026013487302535,1.0,terminated,stuck_timeout,exploration
463,2026-03-25T19:56:49.639659,1774486609.6396592,1774486616.101654,6.461994886398315,255,8.049242424242424,False,0,0,,240.2,0.6287958115183245,25.5,0.0,0.0,0.0,0.0,0.0,0.0,0.0,0.0,0,0,0,0,0,382,0,59.114871911158865,1.0,failed,death,exploration
464,2026-03-25T19:56:57.509215,1774486617.509215,1774486621.6305935,4.121378421783447,281,8.869949494949495,False,0,0,,269.1,1.1028688524590164,28.1,0.0,0.0,0.0,0.0,0.0,0.0,0.0,0.0,0,0,0,0,0,244,0,59.20349335318102,1.0,failed,death,exploration
465,2026-03-25T19:57:02.765222,1774486622.7652218,1774486637.4028814,14.637659549713135,154,4.861111111111112,False,0,0,,97.20000000000059,0.11070615034168632,15.4,0.0,0.0,0.0,0.0,0.0,0.0,0.0,0.0,0,0,0,0,0,878,0,59.98226677004568,1.0,terminated,stuck_timeout,exploration
466,2026-03-25T19:57:17.918009,1774486637.9180088,1774486658.735197,20.817188262939453,311,9.816919191919192,False,0,0,,253.20000000000266,0.20256000000000213,31.1,0.0,0.0,0.0,0.0,0.0,0.0,0.0,0.0,0,0,0,0,0,1250,0,60.046533864775455,1.0,terminated,stuck_timeout,exploration
467,2026-03-25T19:57:41.508203,1774486661.5082026,1774486669.1511517,7.642949104309082,191,6.029040404040404,False,0,0,,155.20000000000084,0.34109890109890295,19.1,0.0,0.0,0.0,0.0,0.0,0.0,0.0,0.0,0,0,0,0,0,455,0,59.531993971210895,1.0,failed,death,exploration
468,2026-03-25T19:57:49.668125,1774486669.6681247,1774486674.772287,5.104162216186523,40,1.2626262626262625,False,0,0,,-22.600000000000033,-0.07483443708609283,4.0,0.0,0.0,0.0,0.0,0.0,0.0,0.0,0.0,0,0,0,0,0,302,0,59.16739852865285,1.0,terminated,stuck_timeout,exploration
469,2026-03-25T19:57:55.288124,1774486675.2881243,1774486695.8046722,20.516547918319702,239,7.544191919191919,False,0,0,,157.50000000000148,0.12763371150729455,23.900000000000002,0.0,0.0,0.0,0.0,0.0,0.0,0.0,0.0,0,0,0,0,0,1234,0,60.14657070540277,1.0,terminated,stuck_timeout,exploration
470,2026-03-25T19:58:16.313136,1774486696.313136,1774486727.5857737,31.272637605667114,722,22.79040404040404,False,0,0,,696.4999999999909,0.37126865671641307,72.2,0.0,0.0,0.0,0.0,0.0,0.0,0.0,0.0,0,0,0,0,0,1876,0,59.988544095814866,1.0,terminated,stuck_timeout,exploration
471,2026-03-25T19:58:51.281673,1774486731.2816734,1774486738.0754762,6.793802738189697,278,8.775252525252524,False,0,0,,262.59999999999997,0.6452088452088451,27.8,0.0,0.0,0.0,0.0,0.0,0.0,0.0,0.0,0,0,0,0,0,407,0,59.907538632546576,1.0,failed,death,exploration
472,2026-03-25T19:58:59.513222,1774486739.5132222,1774486745.0622394,5.5490171909332275,50,1.5782828282828283,False,0,0,,-10.699999999999948,-0.032424242424242265,5.0,0.0,0.0,0.0,0.0,0.0,0.0,0.0,0.0,0,0,0,0,0,330,0,59.46999056683423,1.0,terminated,stuck_timeout,exploration
473,2026-03-25T19:59:05.575087,1774486745.5750866,1774486750.6891408,5.114054203033447,40,1.2626262626262625,False,0,0,,-22.40000000000008,-0.07417218543046385,4.0,0.0,0.0,0.0,0.0,0.0,0.0,0.0,0.0,0,0,0,0,0,302,0,59.05295251287442,1.0,terminated,stuck_timeout,exploration
474,2026-03-25T19:59:11.198031,1774486751.198031,1774486765.662343,14.464312076568604,112,3.535353535353535,False,0,0,,23.399999999999594,0.02702078521939907,11.200000000000001,0.0,0.0,0.0,0.0,0.0,0.0,0.0,0.0,0,0,0,0,0,866,0,59.8714958178255,1.0,terminated,stuck_timeout,exploration
475,2026-03-25T19:59:26.171656,1774486766.1716557,1774486807.2053967,41.03374099731445,722,22.79040404040404,False,0,0,,681.9999999999919,0.276785714285711,72.2,0.0,0.0,0.0,0.0,0.0,0.0,0.0,0.0,0,0,0,0,0,2464,0,60.04814428597339,1.0,terminated,stuck_timeout,exploration
476,2026-03-25T20:00:11.857323,1774486811.857323,1774486818.0124562,6.155133247375488,47,1.4835858585858586,False,0,0,,-14.400000000000006,-0.039344262295081985,4.7,0.0,0.0,0.0,0.0,0.0,0.0,0.0,0.0,0,0,0,0,0,366,0,59.462563244436694,1.0,terminated,stuck_timeout,exploration
477,2026-03-25T20:00:18.531622,1774486818.5316224,1774486839.9983902,21.46676778793335,366,11.553030303030303,False,0,0,,313.3999999999978,0.2438910505836559,36.6,0.0,0.0,0.0,0.0,0.0,0.0,0.0,0.0,0,0,0,0,0,1285,0,59.85996646976865,1.0,terminated,stuck_timeout,exploration
478,2026-03-25T20:00:42.834376,1774486842.834376,1774486853.4321868,10.597810745239258,244,7.7020202020202015,False,0,0,,192.50000000000085,0.30458860759493805,24.400000000000002,0.0,0.0,0.0,0.0,0.0,0.0,0.0,0.0,0,0,0,0,0,632,0,59.63495812414905,1.0,failed,death,exploration
479,2026-03-25T20:00:53.944363,1774486853.9443626,1774486869.0564308,15.112068176269531,276,8.712121212121213,False,0,0,,234.50000000000142,0.25911602209944906,27.6,0.0,0.0,0.0,0.0,0.0,0.0,0.0,0.0,0,0,0,0,0,905,0,59.88591299641705,1.0,terminated,stuck_timeout,exploration
480,2026-03-25T20:01:11.290873,1774486871.290873,1774486878.821531,7.530658006668091,100,3.1565656565656566,False,0,0,,40.59999999999961,0.08982300884955666,10.0,0.0,0.0,0.0,0.0,0.0,0.0,0.0,0.0,0,0,0,0,0,452,0,60.02131548129957,1.0,terminated,stuck_timeout,exploration
481,2026-03-25T20:01:20.326624,1774486880.3266237,1774486887.9496498,7.623026132583618,204,6.4393939393939394,False,0,0,,173.00000000000065,0.37772925764192283,20.400000000000002,0.0,0.0,0.0,0.0,0.0,0.0,0.0,0.0,0,0,0,0,0,458,0,60.08112684309706,1.0,failed,death,exploration
482,2026-03-25T20:01:28.462066,1774486888.4620657,1774486893.5471277,5.085062026977539,40,1.2626262626262625,False,0,0,,-23.90000000000007,-0.07913907284768235,4.0,0.0,0.0,0.0,0.0,0.0,0.0,0.0,0.0,0,0,0,0,0,302,0,59.38963937859827,1.0,terminated,stuck_timeout,exploration
483,2026-03-25T20:01:34.055067,1774486894.0550668,1774486908.2333715,14.178304672241211,198,6.25,False,0,0,,154.80000000000013,0.18276269185360108,19.8,0.0,0.0,0.0,0.0,0.0,0.0,0.0,0.0,0,0,0,0,0,847,0,59.7391591999209,1.0,failed,death,exploration
484,2026-03-25T20:01:48.741477,1774486908.7414775,1774486922.237813,13.496335506439209,313,9.880050505050505,False,0,0,,263.0999999999993,0.32642679900744326,31.3,0.0,0.0,0.0,0.0,0.0,0.0,0.0,0.0,0,0,0,0,0,806,0,59.71991431418188,1.0,terminated,stuck_timeout,exploration
485,2026-03-25T20:02:04.208984,1774486924.208984,1774486929.2179568,5.008972883224487,40,1.2626262626262625,False,0,0,,-23.000000000000114,-0.07615894039735137,4.0,0.0,0.0,0.0,0.0,0.0,0.0,0.0,0.0,0,0,0,0,0,302,0,60.29180174071732,1.0,terminated,stuck_timeout,exploration
486,2026-03-25T20:02:09.730232,1774486929.730232,1774486945.2158406,15.485608577728271,434,13.69949494949495,False,0,0,,401.3999999999952,0.4334773218142497,43.400000000000006,0.0,0.0,0.0,0.0,0.0,0.0,0.0,0.0,0,0,0,0,0,926,0,59.797456157570245,1.0,terminated,stuck_timeout,exploration
487,2026-03-25T20:02:27.544887,1774486947.5448866,1774486956.8679254,9.323038816452026,54,1.7045454545454544,False,0,0,,-25.700000000000017,-0.04589285714285717,5.4,0.0,0.0,0.0,0.0,0.0,0.0,0.0,0.0,0,0,0,0,0,560,0,60.06625211211053,1.0,terminated,stuck_timeout,exploration
488,2026-03-25T20:02:37.376440,1774486957.3764398,1774486980.7404063,23.363966464996338,594,18.75,False,0,0,,546.3999999999852,0.38972895863051726,59.400000000000006,0.0,0.0,0.0,0.0,0.0,0.0,0.0,0.0,0,0,0,0,0,1402,0,60.006934272075014,1.0,terminated,stuck_timeout,exploration
489,2026-03-25T20:03:03.801048,1774486983.801048,1774486989.9416075,6.140559434890747,57,1.7992424242424243,False,0,0,,-6.899999999999955,-0.018699186991869798,5.7,0.0,0.0,0.0,0.0,0.0,0.0,0.0,0.0,0,0,0,0,0,369,0,60.0922446745384,1.0,terminated,stuck_timeout,exploration
490,2026-03-25T20:03:10.457492,1774486990.4574919,1774486995.8810148,5.42352294921875,43,1.3573232323232325,False,0,0,,-21.000000000000014,-0.06441717791411047,4.3,0.0,0.0,0.0,0.0,0.0,0.0,0.0,0.0,0,0,0,0,0,326,0,60.108531493714764,1.0,terminated,stuck_timeout,exploration
491,2026-03-25T20:03:16.399546,1774486996.3995464,1774487004.5867126,8.187166213989258,303,9.56439393939394,False,0,0,,289.8,0.592638036809816,30.3,0.0,0.0,0.0,0.0,0.0,0.0,0.0,0.0,0,0,0,0,0,489,0,59.72762580103172,1.0,failed,death,exploration
492,2026-03-25T20:03:26.176502,1774487006.1765018,1774487011.958856,5.782354354858398,50,1.5782828282828283,False,0,0,,-10.499999999999954,-0.030612244897959048,5.0,0.0,0.0,0.0,0.0,0.0,0.0,0.0,0.0,0,0,0,0,0,343,0,59.318398519075124,1.0,terminated,stuck_timeout,exploration
493,2026-03-25T20:03:32.477386,1774487012.4773855,1774487026.1112683,13.633882761001587,435,13.731060606060606,False,0,0,,408.7999999999964,0.5065675340768233,43.5,0.0,0.0,0.0,0.0,0.0,0.0,0.0,0.0,0,0,0,0,0,807,0,59.19076862743356,1.0,terminated,stuck_timeout,exploration
494,2026-03-25T20:03:48.192971,1774487028.1929705,1774487033.2031572,5.010186672210693,250,7.891414141414141,False,0,0,,235.0,0.7859531772575251,25.0,0.0,0.0,0.0,0.0,0.0,0.0,0.0,0.0,0,0,0,0,0,299,0,59.678415109445275,1.0,failed,death,exploration
495,2026-03-25T20:03:53.716818,1774487033.716818,1774487042.147213,8.430394887924194,199,6.281565656565656,False,0,0,,157.5000000000011,0.3131212723658074,19.900000000000002,0.0,0.0,0.0,0.0,0.0,0.0,0.0,0.0,0,0,0,0,0,503,0,59.6650580058241,1.0,failed,death,exploration
496,2026-03-25T20:04:02.652336,1774487042.6523364,1774487051.5708754,8.918539047241211,121,3.8194444444444446,False,0,0,,65.70000000000036,0.1225746268656723,12.100000000000001,0.0,0.0,0.0,0.0,0.0,0.0,0.0,0.0,0,0,0,0,0,536,0,60.09952943647221,1.0,terminated,stuck_timeout,exploration
497,2026-03-25T20:04:12.075559,1774487052.0755594,1774487057.252002,5.176442623138428,274,8.6489898989899,False,0,0,,261.3,0.8511400651465798,27.400000000000002,0.0,0.0,0.0,0.0,0.0,0.0,0.0,0.0,0,0,0,0,0,307,0,59.307138579634994,1.0,failed,death,exploration
498,2026-03-25T20:04:18.517654,1774487058.517654,1774487066.3752918,7.857637882232666,290,9.154040404040405,False,0,0,,260.80000000000007,0.553715498938429,29.0,0.0,0.0,0.0,0.0,0.0,0.0,0.0,0.0,0,0,0,0,0,471,0,59.941678028330095,1.0,failed,death,exploration
499,2026-03-25T20:04:27.882987,1774487067.882987,1774487078.7272897,10.844302654266357,437,13.79419191919192,False,0,0,,412.8999999999977,0.6381761978361634,43.7,0.0,0.0,0.0,0.0,0.0,0.0,0.0,0.0,0,0,0,0,0,647,0,59.66266533011763,1.0,terminated,stuck_timeout,exploration
500,2026-03-25T20:04:40.556218,1774487080.5562177,1774487085.6160893,5.059871673583984,40,1.2626262626262625,False,0,0,,-24.200000000000028,-0.08013245033112593,4.0,0.0,0.0,0.0,0.0,0.0,0.0,0.0,0.0,0,0,0,0,0,302,0,59.68530814262505,1.0,terminated,stuck_timeout,exploration
501,2026-03-25T20:04:46.887182,1774487086.8871818,1774487107.517044,20.629862308502197,435,13.731060606060606,False,0,0,,395.3999999999979,0.3193861066235847,43.5,0.0,0.0,0.0,0.0,0.0,0.0,0.0,0.0,0,0,0,0,0,1238,0,60.01009514686786,1.0,terminated,stuck_timeout,exploration
502,2026-03-25T20:05:10.372177,1774487110.3721766,1774487127.480108,17.10793137550354,435,13.731060606060606,False,0,0,,390.5999999999987,0.3803310613437183,43.5,0.0,0.0,0.0,0.0,0.0,0.0,0.0,0.0,0,0,0,0,0,1027,0,60.030635934776896,1.0,terminated,stuck_timeout,exploration
503,2026-03-25T20:05:30.028870,1774487130.0288699,1774487175.3688607,45.339990854263306,583,18.40277777777778,False,0,0,,481.8999999999976,0.1771040058801902,58.300000000000004,0.0,0.0,0.0,0.0,0.0,0.0,0.0,0.0,0,0,0,0,0,2721,0,60.013245453580524,1.0,terminated,stuck_timeout,exploration
504,2026-03-25T20:06:20.586517,1774487180.5865166,1774487201.3810422,20.794525623321533,436,13.762626262626263,False,0,0,,378.79999999999615,0.3045016077170387,43.6,0.0,0.0,0.0,0.0,0.0,0.0,0.0,0.0,0,0,0,0,0,1244,0,59.8234373091361,1.0,terminated,stuck_timeout,exploration
505,2026-03-25T20:06:44.249003,1774487204.249003,1774487239.7942016,35.54519867897034,543,17.140151515151516,False,0,0,,487.49999999999375,0.22865853658536292,54.300000000000004,0.0,0.0,0.0,0.0,0.0,0.0,0.0,0.0,0,0,0,0,0,2132,0,59.97997139516225,1.0,terminated,stuck_timeout,exploration
506,2026-03-25T20:07:24.103546,1774487244.103546,1774487255.2850993,11.181553363800049,247,7.796717171717171,False,0,0,,225.8,0.3380239520958084,24.700000000000003,0.0,0.0,0.0,0.0,0.0,0.0,0.0,0.0,0,0,0,0,0,668,0,59.741252245205075,1.0,failed,death,exploration
507,2026-03-25T20:07:35.797292,1774487255.797292,1774487260.8104248,5.013132810592651,40,1.2626262626262625,False,0,0,,-22.90000000000002,-0.0758278145695365,4.0,0.0,0.0,0.0,0.0,0.0,0.0,0.0,0.0,0,0,0,0,0,302,0,60.241771245692895,1.0,terminated,stuck_timeout,exploration
508,2026-03-25T20:07:41.324916,1774487261.3249164,1774487275.7478168,14.422900438308716,294,9.280303030303031,False,0,0,,249.9999999999998,0.29103608847497064,29.400000000000002,0.0,0.0,0.0,0.0,0.0,0.0,0.0,0.0,0,0,0,0,0,859,0,59.55806210229443,1.0,failed,death,exploration
509,2026-03-25T20:07:57.950706,1774487277.9507062,1774487294.1560059,16.205299615859985,542,17.108585858585858,False,0,0,,521.2999999999944,0.5352156057494809,54.2,0.0,0.0,0.0,0.0,0.0,0.0,0.0,0.0,0,0,0,0,0,974,0,60.10379462819402,1.0,terminated,stuck_timeout,exploration
510,2026-03-25T20:08:16.489063,1774487296.489063,1774487307.8470356,11.357972621917725,183,5.776515151515151,False,0,0,,138.00000000000045,0.20264317180616806,18.3,0.0,0.0,0.0,0.0,0.0,0.0,0.0,0.0,0,0,0,0,0,681,0,59.95788356505277,1.0,failed,death,exploration
511,2026-03-25T20:08:28.363613,1774487308.363613,1774487324.066407,15.702794075012207,254,8.017676767676768,False,0,0,,188.60000000000286,0.20000000000000304,25.400000000000002,0.0,0.0,0.0,0.0,0.0,0.0,0.0,0.0,0,0,0,0,0,943,0,60.05300684039359,1.0,terminated,stuck_timeout,exploration
512,2026-03-25T20:08:44.571333,1774487324.5713334,1774487332.548361,7.977027654647827,231,7.291666666666667,False,0,0,,209.50000000000014,0.44105263157894764,23.1,0.0,0.0,0.0,0.0,0.0,0.0,0.0,0.0,0,0,0,0,0,475,0,59.545988877604124,1.0,failed,death,exploration
513,2026-03-25T20:08:53.064745,1774487333.0647447,1774487351.78556,18.720815181732178,513,16.193181818181817,False,0,0,,479.2999999999934,0.4264234875444781,51.300000000000004,0.0,0.0,0.0,0.0,0.0,0.0,0.0,0.0,0,0,0,0,0,1124,0,60.04012053368286,1.0,terminated,stuck_timeout,exploration
514,2026-03-25T20:09:14.440456,1774487354.4404564,1774487361.8180833,7.377626895904541,309,9.753787878787879,False,0,0,,281.40000000000003,0.6424657534246576,30.900000000000002,0.0,0.0,0.0,0.0,0.0,0.0,0.0,0.0,0,0,0,0,0,438,0,59.36868401994441,1.0,failed,death,exploration
515,2026-03-25T20:09:23.187729,1774487363.1877294,1774487374.918857,11.731127738952637,93,2.9356060606060606,False,0,0,,23.499999999999552,0.03361945636623684,9.3,0.0,0.0,0.0,0.0,0.0,0.0,0.0,0.0,0,0,0,0,0,699,0,59.58506424569947,1.0,terminated,stuck_timeout,exploration
516,2026-03-25T20:09:35.432365,1774487375.432365,1774487389.392302,13.95993709564209,326,10.29040404040404,False,0,0,,279.7999999999985,0.3358943577430954,32.6,0.0,0.0,0.0,0.0,0.0,0.0,0.0,0.0,0,0,0,0,0,833,0,59.670755984999374,1.0,terminated,stuck_timeout,exploration
517,2026-03-25T20:09:51.500309,1774487391.5003085,1774487398.4860332,6.985724687576294,248,7.828282828282829,False,0,0,,224.90000000000012,0.5393285371702641,24.8,0.0,0.0,0.0,0.0,0.0,0.0,0.0,0.0,0,0,0,0,0,417,0,59.69316264948292,1.0,failed,death,exploration
518,2026-03-25T20:09:59.007170,1774487399.0071697,1774487418.325354,19.31818437576294,723,22.821969696969695,False,0,0,,722.1999999999931,0.623123382226051,72.3,0.0,0.0,0.0,0.0,0.0,0.0,0.0,0.0,0,0,0,0,0,1159,0,59.99528617472506,1.0,terminated,stuck_timeout,exploration
519,2026-03-25T20:10:21.115405,1774487421.1154048,1774487430.6222382,9.50683331489563,203,6.407828282828283,False,0,0,,160.30000000000112,0.28073555166374975,20.3,0.0,0.0,0.0,0.0,0.0,0.0,0.0,0.0,0,0,0,0,0,571,0,60.06206073954592,1.0,failed,death,exploration
520,2026-03-25T20:10:31.132767,1774487431.1327674,1774487440.1099327,8.977165222167969,227,7.16540404040404,False,0,0,,199.00000000000045,0.37126865671641873,22.700000000000003,0.0,0.0,0.0,0.0,0.0,0.0,0.0,0.0,0,0,0,0,0,536,0,59.70704412083406,1.0,failed,death,exploration
521,2026-03-25T20:10:41.719566,1774487441.719566,1774487471.7638621,30.04429602622986,434,13.69949494949495,False,0,0,,358.09999999999263,0.19883398112159503,43.400000000000006,0.0,0.0,0.0,0.0,0.0,0.0,0.0,0.0,0,0,0,0,0,1801,0,59.94482275196782,1.0,terminated,stuck_timeout,exploration
522,2026-03-25T20:11:15.483508,1774487475.4835076,1774487487.7768962,12.293388605117798,207,6.534090909090909,False,0,0,,178.30000000000035,0.24192672998643197,20.700000000000003,0.0,0.0,0.0,0.0,0.0,0.0,0.0,0.0,0,0,0,0,0,737,0,59.950923514545316,1.0,failed,death,exploration
523,2026-03-25T20:11:28.294492,1774487488.2944915,1774487495.6353912,7.340899705886841,69,2.178030303030303,False,0,0,,5.499999999999891,0.012557077625570527,6.9,0.0,0.0,0.0,0.0,0.0,0.0,0.0,0.0,0,0,0,0,0,438,0,59.66571095485168,1.0,terminated,stuck_timeout,exploration
524,2026-03-25T20:11:36.150225,1774487496.1502252,1774487511.4409063,15.29068112373352,147,4.640151515151516,False,0,0,,68.60000000000032,0.07472766884531626,14.700000000000001,0.0,0.0,0.0,0.0,0.0,0.0,0.0,0.0,0,0,0,0,0,918,0,60.03656688485387,1.0,terminated,stuck_timeout,exploration
525,2026-03-25T20:11:51.955839,1774487511.955839,1774487544.5877252,32.63188624382019,508,16.035353535353536,False,0,0,,456.49999999999295,0.23314606741572674,50.800000000000004,0.0,0.0,0.0,0.0,0.0,0.0,0.0,0.0,0,0,0,0,0,1958,0,60.002660752435204,1.0,terminated,stuck_timeout,exploration
526,2026-03-25T20:12:28.489067,1774487548.4890666,1774487554.4167354,5.927668809890747,44,1.3888888888888888,False,0,0,,-19.100000000000044,-0.05426136363636376,4.4,0.0,0.0,0.0,0.0,0.0,0.0,0.0,0.0,0,0,0,0,0,352,0,59.38253490354629,1.0,terminated,stuck_timeout,exploration
527,2026-03-25T20:12:34.927508,1774487554.9275079,1774487562.1102319,7.1827239990234375,60,1.893939393939394,False,0,0,,-4.199999999999996,-0.009813084112149522,6.0,0.0,0.0,0.0,0.0,0.0,0.0,0.0,0.0,0,0,0,0,0,428,0,59.58742115918569,1.0,terminated,stuck_timeout,exploration
528,2026-03-25T20:12:42.621666,1774487562.6216657,1774487568.3094623,5.687796592712402,57,1.7992424242424243,False,0,0,,-2.499999999999969,-0.007331378299120143,5.7,0.0,0.0,0.0,0.0,0.0,0.0,0.0,0.0,0,0,0,0,0,341,0,59.952917521156216,1.0,terminated,stuck_timeout,exploration
529,2026-03-25T20:12:48.816323,1774487568.8163228,1774487591.627149,22.810826301574707,435,13.731060606060606,False,0,0,,377.0999999999985,0.27545653761869865,43.5,0.0,0.0,0.0,0.0,0.0,0.0,0.0,0.0,0,0,0,0,0,1369,0,60.01536208732138,1.0,terminated,stuck_timeout,exploration
530,2026-03-25T20:13:14.524814,1774487594.524814,1774487620.4455137,25.92069983482361,447,14.109848484848486,False,0,0,,391.29999999999626,0.2521262886597914,44.7,0.0,0.0,0.0,0.0,0.0,0.0,0.0,0.0,0,0,0,0,0,1552,0,59.87492659881578,1.0,terminated,stuck_timeout,exploration
531,2026-03-25T20:13:43.782367,1774487623.7823668,1774487664.6753159,40.89294910430908,832,26.262626262626267,False,0,0,,800.1999999999923,0.32554922701382927,83.2,0.0,0.0,0.0,0.0,0.0,0.0,0.0,0.0,0,0,0,0,0,2458,0,60.10816176965307,1.0,failed,death,exploration
532,2026-03-25T20:14:29.360697,1774487669.3606968,1774487681.7041988,12.343502044677734,94,2.967171717171717,False,0,0,,29.299999999999663,0.03975576662143781,9.4,0.0,0.0,0.0,0.0,0.0,0.0,0.0,0.0,0,0,0,0,0,737,0,59.70752849008352,1.0,terminated,stuck_timeout,exploration
533,2026-03-25T20:14:42.221762,1774487682.2217617,1774487698.6670985,16.44533681869507,594,18.75,False,0,0,,566.5999999999922,0.5746450304259556,59.400000000000006,0.0,0.0,0.0,0.0,0.0,0.0,0.0,0.0,0,0,0,0,0,986,0,59.956205875887846,1.0,terminated,stuck_timeout,exploration
534,2026-03-25T20:15:01.026766,1774487701.0267656,1774487706.3168154,5.29004979133606,289,9.122474747474747,False,0,0,,277.9,0.8907051282051281,28.900000000000002,0.0,0.0,0.0,0.0,0.0,0.0,0.0,0.0,0,0,0,0,0,312,0,58.9786509213935,1.0,failed,death,exploration
535,2026-03-25T20:15:07.511178,1774487707.5111778,1774487714.9270124,7.415834665298462,61,1.9255050505050504,False,0,0,,0.40000000000000213,0.0009049773755656157,6.1000000000000005,0.0,0.0,0.0,0.0,0.0,0.0,0.0,0.0,0,0,0,0,0,442,0,59.602191789453954,1.0,terminated,stuck_timeout,exploration
536,2026-03-25T20:15:15.441087,1774487715.4410875,1774487745.8849308,30.443843364715576,595,18.781565656565657,False,0,0,,553.299999999992,0.3038440417353059,59.5,0.0,0.0,0.0,0.0,0.0,0.0,0.0,0.0,0,0,0,0,0,1821,0,59.8150495712555,1.0,terminated,stuck_timeout,exploration
537,2026-03-25T20:15:49.621283,1774487749.621283,1774487761.7908175,12.16953444480896,218,6.8813131313131315,False,0,0,,171.7000000000005,0.23617606602475996,21.8,0.0,0.0,0.0,0.0,0.0,0.0,0.0,0.0,0,0,0,0,0,727,0,59.73934362872109,1.0,failed,death,exploration
538,2026-03-25T20:16:02.307549,1774487762.3075492,1774487773.056195,10.748645782470703,434,13.69949494949495,False,0,0,,411.99999999999557,0.643749999999993,43.400000000000006,0.0,0.0,0.0,0.0,0.0,0.0,0.0,0.0,0,0,0,0,0,640,0,59.542384496820624,1.0,terminated,stuck_timeout,exploration
539,2026-03-25T20:16:14.914833,1774487774.9148326,1774487817.209311,42.29447841644287,594,18.75,False,0,0,,528.8999999999844,0.2097145122918257,59.400000000000006,0.0,0.0,0.0,0.0,0.0,0.0,0.0,0.0,0,0,0,0,0,2522,0,59.629533083910054,1.0,terminated,stuck_timeout,exploration
540,2026-03-25T20:17:01.995361,1774487821.995361,1774487836.0389636,14.043602466583252,381,12.026515151515152,False,0,0,,341.099999999996,0.4036686390532497,38.1,0.0,0.0,0.0,0.0,0.0,0.0,0.0,0.0,0,0,0,0,0,845,0,60.16974647428801,1.0,terminated,stuck_timeout,exploration
541,2026-03-25T20:17:18.196352,1774487838.1963518,1774487845.1736064,6.977254629135132,45,1.4204545454545454,False,0,0,,-22.400000000000055,-0.05410628019323685,4.5,0.0,0.0,0.0,0.0,0.0,0.0,0.0,0.0,0,0,0,0,0,414,0,59.33565879497184,1.0,terminated,stuck_timeout,exploration
542,2026-03-25T20:17:25.687241,1774487845.6872406,1774487856.4417527,10.754512071609497,186,5.871212121212121,False,0,0,,142.4000000000007,0.22389937106918348,18.6,0.0,0.0,0.0,0.0,0.0,0.0,0.0,0.0,0,0,0,0,0,636,0,59.13796886043363,1.0,failed,death,exploration
543,2026-03-25T20:17:36.949764,1774487856.949764,1774487872.6857848,15.736020803451538,439,13.857323232323232,False,0,0,,397.29999999999336,0.4217622080679335,43.900000000000006,0.0,0.0,0.0,0.0,0.0,0.0,0.0,0.0,0,0,0,0,0,942,0,59.86265598945966,1.0,terminated,stuck_timeout,exploration
544,2026-03-25T20:17:54.988804,1774487874.9888036,1774487882.277424,7.288620471954346,239,7.544191919191919,False,0,0,,216.80000000000007,0.501851851851852,23.900000000000002,0.0,0.0,0.0,0.0,0.0,0.0,0.0,0.0,0,0,0,0,0,432,0,59.27047534746517,1.0,failed,death,exploration
545,2026-03-25T20:18:02.787557,1774487882.787557,1774487896.7854352,13.997878313064575,434,13.69949494949495,False,0,0,,404.8999999999961,0.4831742243436708,43.400000000000006,0.0,0.0,0.0,0.0,0.0,0.0,0.0,0.0,0,0,0,0,0,838,0,59.86621552623967,1.0,terminated,stuck_timeout,exploration
546,2026-03-25T20:18:18.914894,1774487898.9148943,1774487907.70351,8.788615703582764,275,8.680555555555555,False,0,0,,254.60000000000025,0.4821969696969702,27.5,0.0,0.0,0.0,0.0,0.0,0.0,0.0,0.0,0,0,0,0,0,528,0,60.077720747848346,1.0,failed,death,exploration
547,2026-03-25T20:18:28.212489,1774487908.2124887,1774487913.638406,5.425917387008667,254,8.017676767676768,False,0,0,,239.4,0.7366153846153847,25.400000000000002,0.0,0.0,0.0,0.0,0.0,0.0,0.0,0.0,0,0,0,0,0,325,0,59.897705184039665,1.0,failed,death,exploration
548,2026-03-25T20:18:34.155262,1774487914.1552622,1774487918.9484327,4.79317045211792,259,8.175505050505052,False,0,0,,244.9,0.8653710247349824,25.900000000000002,0.0,0.0,0.0,0.0,0.0,0.0,0.0,0.0,0,0,0,0,0,283,0,59.0423401018324,1.0,failed,death,exploration
549,2026-03-25T20:18:39.452973,1774487919.4529727,1774487955.740016,36.28704333305359,455,14.362373737373737,False,0,0,,387.3999999999892,0.17778797613583716,45.5,0.0,0.0,0.0,0.0,0.0,0.0,0.0,0.0,0,0,0,0,0,2179,0,60.048981670963684,1.0,terminated,stuck_timeout,exploration
550,2026-03-25T20:19:19.879770,1774487959.87977,1774487969.2958002,9.416030168533325,187,5.902777777777778,False,0,0,,141.90000000000134,0.2507067137809211,18.7,0.0,0.0,0.0,0.0,0.0,0.0,0.0,0.0,0,0,0,0,0,566,0,60.11025770621147,1.0,failed,death,exploration
551,2026-03-25T20:19:29.806426,1774487969.806426,1774487977.5437784,7.73735237121582,242,7.638888888888889,False,0,0,,221.70000000000027,0.4809110629067251,24.200000000000003,0.0,0.0,0.0,0.0,0.0,0.0,0.0,0.0,0,0,0,0,0,461,0,59.58110447638306,1.0,failed,death,exploration
552,2026-03-25T20:19:38.053018,1774487978.0530176,1774487983.127239,5.07422137260437,40,1.2626262626262625,False,0,0,,-22.6000000000001,-0.07483443708609305,4.0,0.0,0.0,0.0,0.0,0.0,0.0,0.0,0.0,0,0,0,0,0,302,0,59.51652043217755,1.0,terminated,stuck_timeout,exploration
553,2026-03-25T20:19:43.637430,1774487983.6374302,1774487996.538819,12.901388883590698,89,2.8093434343434343,False,0,0,,20.199999999999747,0.02609819121446996,8.9,0.0,0.0,0.0,0.0,0.0,0.0,0.0,0.0,0,0,0,0,0,774,0,59.993540771757694,1.0,terminated,stuck_timeout,exploration
554,2026-03-25T20:19:57.056286,1774487997.0562859,1774488015.1313205,18.075034618377686,213,6.723484848484848,False,0,0,,154.40000000000012,0.14283071230342287,21.3,0.0,0.0,0.0,0.0,0.0,0.0,0.0,0.0,0,0,0,0,0,1081,0,59.80624783428628,1.0,failed,death,exploration
555,2026-03-25T20:20:15.649516,1774488015.6495159,1774488057.3560092,41.70649337768555,594,18.75,False,0,0,,488.0999999999792,0.19477254588985604,59.400000000000006,0.0,0.0,0.0,0.0,0.0,0.0,0.0,0.0,0,0,0,0,0,2506,0,60.08656679203816,1.0,terminated,stuck_timeout,exploration
556,2026-03-25T20:21:01.858301,1774488061.858301,1774488103.7130358,41.854734897613525,722,22.79040404040404,False,0,0,,652.6999999999821,0.2597294070831604,72.2,0.0,0.0,0.0,0.0,0.0,0.0,0.0,0.0,0,0,0,0,0,2513,0,60.04099670317793,1.0,terminated,stuck_timeout,exploration
557,2026-03-25T20:21:48.585469,1774488108.5854692,1774488118.60935,10.02388072013855,229,7.228535353535354,False,0,0,,184.5000000000009,0.3075000000000015,22.900000000000002,0.0,0.0,0.0,0.0,0.0,0.0,0.0,0.0,0,0,0,0,0,600,0,59.857057037257604,1.0,failed,death,exploration
558,2026-03-25T20:21:59.121608,1774488119.1216075,1774488128.163763,9.042155504226685,193,6.092171717171717,False,0,0,,165.4000000000004,0.30516605166051736,19.3,0.0,0.0,0.0,0.0,0.0,0.0,0.0,0.0,0,0,0,0,0,542,0,59.941459726792615,1.0,failed,death,exploration
559,2026-03-25T20:22:08.677586,1774488128.6775856,1774488134.8560734,6.178487777709961,51,1.6098484848484849,False,0,0,,-11.599999999999952,-0.03169398907103812,5.1000000000000005,0.0,0.0,0.0,0.0,0.0,0.0,0.0,0.0,0,0,0,0,0,366,0,59.23779623234229,1.0,terminated,stuck_timeout,exploration
560,2026-03-25T20:22:15.369200,1774488135.3692002,1774488150.066081,14.69688081741333,595,18.781565656565657,False,0,0,,581.3999999999925,0.6591836734693792,59.5,0.0,0.0,0.0,0.0,0.0,0.0,0.0,0.0,0,0,0,0,0,882,0,60.01273405952768,1.0,terminated,stuck_timeout,exploration
561,2026-03-25T20:22:32.305645,1774488152.3056445,1774488162.8643305,10.558686017990112,206,6.502525252525253,False,0,0,,154.50000000000173,0.24562798092210134,20.6,0.0,0.0,0.0,0.0,0.0,0.0,0.0,0.0,0,0,0,0,0,629,0,59.57180646609782,1.0,terminated,stuck_timeout,exploration
562,2026-03-25T20:22:43.378698,1774488163.3786983,1774488181.3098893,17.931190967559814,325,10.258838383838384,False,0,0,,283.49999999999625,0.26323119777158427,32.5,0.0,0.0,0.0,0.0,0.0,0.0,0.0,0.0,0,0,0,0,0,1077,0,60.06293736698543,1.0,terminated,stuck_timeout,exploration
563,2026-03-25T20:23:03.755397,1774488183.7553973,1774488190.3223338,6.566936492919922,57,1.7992424242424243,False,0,0,,-3.0999999999999597,-0.00790816326530602,5.7,0.0,0.0,0.0,0.0,0.0,0.0,0.0,0.0,0,0,0,0,0,392,0,59.69297867013499,1.0,terminated,stuck_timeout,exploration
564,2026-03-25T20:23:10.831047,1774488190.8310466,1774488213.340173,22.50912642478943,594,18.75,False,0,0,,563.4999999999924,0.41864784546804784,59.400000000000006,0.0,0.0,0.0,0.0,0.0,0.0,0.0,0.0,0,0,0,0,0,1346,0,59.797967037834155,1.0,terminated,stuck_timeout,exploration
565,2026-03-25T20:23:36.515718,1774488216.5157182,1774488223.722935,7.207216739654541,249,7.859848484848484,False,0,0,,231.9,0.5368055555555555,24.900000000000002,0.0,0.0,0.0,0.0,0.0,0.0,0.0,0.0,0,0,0,0,0,432,0,59.939920721838426,1.0,failed,death,exploration
566,2026-03-25T20:23:44.241607,1774488224.241607,1774488234.1612813,9.919674396514893,686,21.654040404040405,False,0,0,,714.6,1.2091370558375636,68.60000000000001,0.0,0.0,0.0,0.0,0.0,0.0,0.0,0.0,0,0,0,0,0,591,0,59.578568446524585,1.0,failed,death,exploration
567,2026-03-25T20:23:55.949663,1774488235.9496627,1774488248.535992,12.586329221725464,179,5.650252525252526,False,0,0,,103.70000000000203,0.13698811096433558,17.900000000000002,0.0,0.0,0.0,0.0,0.0,0.0,0.0,0.0,0,0,0,0,0,757,0,60.14462093469875,1.0,terminated,stuck_timeout,exploration
568,2026-03-25T20:24:09.053814,1774488249.0538137,1774488263.4861135,14.432299852371216,188,5.934343434343434,False,0,0,,144.60000000000025,0.1675550405561996,18.8,0.0,0.0,0.0,0.0,0.0,0.0,0.0,0.0,0,0,0,0,0,863,0,59.7964294552964,1.0,failed,death,exploration
569,2026-03-25T20:24:24.001535,1774488264.0015354,1774488272.2005906,8.199055194854736,50,1.5782828282828283,False,0,0,,-13.199999999999992,-0.02677484787018254,5.0,0.0,0.0,0.0,0.0,0.0,0.0,0.0,0.0,0,0,0,0,0,493,0,60.12887927738051,1.0,terminated,stuck_timeout,exploration
570,2026-03-25T20:24:32.717584,1774488272.7175844,1774488282.428625,9.711040735244751,236,7.449494949494949,False,0,0,,191.80000000000157,0.3295532646048137,23.6,0.0,0.0,0.0,0.0,0.0,0.0,0.0,0.0,0,0,0,0,0,582,0,59.93178443662781,1.0,terminated,stuck_timeout,exploration
571,2026-03-25T20:24:42.939673,1774488282.939673,1774488302.2176335,19.277960538864136,385,12.152777777777777,False,0,0,,352.4999999999954,0.30572419774500903,38.5,0.0,0.0,0.0,0.0,0.0,0.0,0.0,0.0,0,0,0,0,0,1153,0,59.80923125532734,1.0,terminated,stuck_timeout,exploration
572,2026-03-25T20:25:04.829191,1774488304.829191,1774488325.261098,20.431906938552856,595,18.781565656565657,False,0,0,,564.9999999999907,0.4604726976365042,59.5,0.0,0.0,0.0,0.0,0.0,0.0,0.0,0.0,0,0,0,0,0,1227,0,60.05313178501123,1.0,terminated,stuck_timeout,exploration
573,2026-03-25T20:25:28.080215,1774488328.0802145,1774488338.652727,10.57251238822937,169,5.334595959595959,False,0,0,,137.30000000000047,0.21724683544303872,16.900000000000002,0.0,0.0,0.0,0.0,0.0,0.0,0.0,0.0,0,0,0,0,0,632,0,59.77765518663479,1.0,failed,death,exploration
574,2026-03-25T20:25:39.168950,1774488339.1689498,1774488387.0937083,47.924758434295654,594,18.75,False,0,0,,478.0999999999872,0.16600694444444,59.400000000000006,0.0,0.0,0.0,0.0,0.0,0.0,0.0,0.0,0,0,0,0,0,2880,0,60.09419961810449,1.0,terminated,stuck_timeout,exploration
575,2026-03-25T20:26:32.472079,1774488392.4720786,1774488397.107674,4.635595321655273,283,8.933080808080808,False,0,0,,271.3,0.9865454545454546,28.3,0.0,0.0,0.0,0.0,0.0,0.0,0.0,0.0,0,0,0,0,0,275,0,59.32355628959503,1.0,failed,death,exploration
576,2026-03-25T20:26:37.621637,1774488397.621637,1774488406.6210237,8.999386548995972,295,9.311868686868687,False,0,0,,269.6999999999999,0.50411214953271,29.5,0.0,0.0,0.0,0.0,0.0,0.0,0.0,0.0,0,0,0,0,0,535,0,59.448496526653585,1.0,failed,death,exploration
577,2026-03-25T20:26:48.183082,1774488408.1830816,1774488413.6238043,5.440722703933716,46,1.452020202020202,False,0,0,,-16.200000000000017,-0.05000000000000005,4.6000000000000005,0.0,0.0,0.0,0.0,0.0,0.0,0.0,0.0,0,0,0,0,0,324,0,59.55091219145273,1.0,terminated,stuck_timeout,exploration
578,2026-03-25T20:26:54.137374,1774488414.137374,1774488423.5930126,9.455638647079468,273,8.617424242424242,False,0,0,,244.10000000000002,0.4305114638447972,27.3,0.0,0.0,0.0,0.0,0.0,0.0,0.0,0.0,0,0,0,0,0,567,0,59.96422041520458,1.0,failed,death,exploration
579,2026-03-25T20:27:04.101075,1774488424.1010752,1774488444.991647,20.89057183265686,595,18.781565656565657,False,0,0,,585.5999999999943,0.46661354581672854,59.5,0.0,0.0,0.0,0.0,0.0,0.0,0.0,0.0,0,0,0,0,0,1255,0,60.07494720839287,1.0,terminated,stuck_timeout,exploration
580,2026-03-25T20:27:27.935205,1774488447.9352052,1774488470.486085,22.55087971687317,453,14.299242424242426,False,0,0,,424.9999999999959,0.3138847858197902,45.300000000000004,0.0,0.0,0.0,0.0,0.0,0.0,0.0,0.0,0,0,0,0,0,1354,0,60.04200354928509,1.0,terminated,stuck_timeout,exploration
581,2026-03-25T20:27:53.510554,1774488473.5105536,1774488485.9256577,12.415104150772095,596,18.81313131313131,False,0,0,,591.0999999999959,0.7977058029689553,59.6,0.0,0.0,0.0,0.0,0.0,0.0,0.0,0.0,0,0,0,0,0,741,0,59.685363167405825,1.0,terminated,stuck_timeout,exploration
582,2026-03-25T20:28:08.032598,1774488488.0325975,1774488506.6821427,18.649545192718506,594,18.75,False,0,0,,573.6999999999927,0.5140681003584163,59.400000000000006,0.0,0.0,0.0,0.0,0.0,0.0,0.0,0.0,0,0,0,0,0,1116,0,59.84060139095129,1.0,terminated,stuck_timeout,exploration
583,2026-03-25T20:28:29.133478,1774488509.1334784,1774488523.276961,14.143482685089111,261,8.238636363636363,False,0,0,,208.9,0.24576470588235294,26.1,0.0,0.0,0.0,0.0,0.0,0.0,0.0,0.0,0,0,0,0,0,850,0,60.09835193534898,1.0,failed,death,exploration
584,2026-03-25T20:28:43.784613,1774488523.7846134,1774488544.8453236,21.060710191726685,596,18.81313131313131,False,0,0,,560.4999999999939,0.44273301737756227,59.6,0.0,0.0,0.0,0.0,0.0,0.0,0.0,0.0,0,0,0,0,0,1266,0,60.111933001068735,1.0,terminated,stuck_timeout,exploration
585,2026-03-25T20:29:07.729749,1774488547.7297494,1774488554.832126,7.102376461029053,280,8.83838383838384,False,0,0,,264.29999999999995,0.6248226950354608,28.0,0.0,0.0,0.0,0.0,0.0,0.0,0.0,0.0,0,0,0,0,0,423,0,59.557530119814594,1.0,failed,death,exploration
586,2026-03-25T20:29:15.349257,1774488555.349257,1774488560.434545,5.085288047790527,40,1.2626262626262625,False,0,0,,-24.200000000000095,-0.08013245033112615,4.0,0.0,0.0,0.0,0.0,0.0,0.0,0.0,0.0,0,0,0,0,0,302,0,59.38699974551372,1.0,terminated,stuck_timeout,exploration
587,2026-03-25T20:29:20.942635,1774488560.9426348,1774488583.1057823,22.163147449493408,594,18.75,False,0,0,,561.4999999999934,0.42313489073096716,59.400000000000006,0.0,0.0,0.0,0.0,0.0,0.0,0.0,0.0,0,0,0,0,0,1327,0,59.87416737735649,1.0,terminated,stuck_timeout,exploration
588,2026-03-25T20:29:46.311129,1774488586.311129,1774488592.0824208,5.771291732788086,41,1.2941919191919191,False,0,0,,-19.800000000000054,-0.056896551724138086,4.1000000000000005,0.0,0.0,0.0,0.0,0.0,0.0,0.0,0.0,0,0,0,0,0,348,0,60.29845935926769,1.0,terminated,stuck_timeout,exploration
589,2026-03-25T20:29:52.593770,1774488592.5937703,1774488601.8519177,9.258147478103638,282,8.901515151515152,False,0,0,,261.1999999999999,0.47063063063063043,28.200000000000003,0.0,0.0,0.0,0.0,0.0,0.0,0.0,0.0,0,0,0,0,0,555,0,59.947198001827644,1.0,failed,death,exploration
590,2026-03-25T20:30:02.360008,1774488602.3600075,1774488613.29825,10.938242435455322,175,5.523989898989899,False,0,0,,135.90000000000077,0.20748091603053553,17.5,0.0,0.0,0.0,0.0,0.0,0.0,0.0,0.0,0,0,0,0,0,655,0,59.881649530538546,1.0,failed,death,exploration
591,2026-03-25T20:30:13.812678,1774488613.8126776,1774488647.094031,33.28135347366333,595,18.781565656565657,False,0,0,,521.4999999999961,0.2610110110110091,59.5,0.0,0.0,0.0,0.0,0.0,0.0,0.0,0.0,0,0,0,0,0,1998,0,60.03361616831736,1.0,terminated,stuck_timeout,exploration
592,2026-03-25T20:30:50.993362,1774488650.993362,1774488669.9399061,18.94654417037964,434,13.69949494949495,False,0,0,,383.39999999999316,0.33720316622690694,43.400000000000006,0.0,0.0,0.0,0.0,0.0,0.0,0.0,0.0,0,0,0,0,0,1137,0,60.010943936548905,1.0,terminated,stuck_timeout,exploration
593,2026-03-25T20:31:12.525629,1774488672.5256286,1774488683.9448087,11.419180154800415,254,8.017676767676768,False,0,0,,209.00000000000148,0.3055555555555577,25.400000000000002,0.0,0.0,0.0,0.0,0.0,0.0,0.0,0.0,0,0,0,0,0,684,0,59.89922137382681,1.0,terminated,stuck_timeout,exploration
594,2026-03-25T20:31:24.458855,1774488684.4588554,1774488704.6219625,20.16310715675354,434,13.69949494949495,False,0,0,,405.69999999999595,0.33501238645746984,43.400000000000006,0.0,0.0,0.0,0.0,0.0,0.0,0.0,0.0,0,0,0,0,0,1211,0,60.060187677690394,1.0,terminated,stuck_timeout,exploration
595,2026-03-25T20:31:47.391809,1774488707.391809,1774488725.0273745,17.635565519332886,264,8.333333333333332,False,0,0,,192.3000000000033,0.18227488151659083,26.400000000000002,0.0,0.0,0.0,0.0,0.0,0.0,0.0,0.0,0,0,0,0,0,1055,0,59.82229483049253,1.0,terminated,stuck_timeout,exploration
596,2026-03-25T20:32:05.536277,1774488725.5362766,1774488731.04004,5.503763437271118,40,1.2626262626262625,False,0,0,,-21.50000000000008,-0.06595092024539902,4.0,0.0,0.0,0.0,0.0,0.0,0.0,0.0,0.0,0,0,0,0,0,326,0,59.23219697132144,1.0,terminated,stuck_timeout,exploration
597,2026-03-25T20:32:11.546683,1774488731.5466833,1774488740.5996745,9.052991151809692,61,1.9255050505050504,False,0,0,,-5.89999999999998,-0.010885608856088524,6.1000000000000005,0.0,0.0,0.0,0.0,0.0,0.0,0.0,0.0,0,0,0,0,0,542,0,59.86971498272747,1.0,terminated,stuck_timeout,exploration
598,2026-03-25T20:32:21.105295,1774488741.105295,1774488764.364654,23.259359121322632,594,18.75,False,0,0,,558.3999999999893,0.4008614501076736,59.400000000000006,0.0,0.0,0.0,0.0,0.0,0.0,0.0,0.0,0,0,0,0,0,1393,0,59.88987025541002,1.0,terminated,stuck_timeout,exploration
599,2026-03-25T20:32:47.411294,1774488767.4112942,1774488775.983713,8.572418689727783,699,22.064393939393938,False,0,0,,728.9,1.4208576998050682,69.9,0.0,0.0,0.0,0.0,0.0,0.0,0.0,0.0,0,0,0,0,0,513,0,59.8430872974883,1.0,failed,death,exploration
600,2026-03-25T20:32:57.619161,1774488777.6191614,1774488785.22848,7.609318733215332,81,2.556818181818182,False,0,0,,20.499999999999833,0.04505494505494469,8.1,0.0,0.0,0.0,0.0,0.0,0.0,0.0,0.0,0,0,0,0,0,455,0,59.795103340051426,1.0,terminated,stuck_timeout,exploration
601,2026-03-25T20:33:06.735549,1774488786.7355487,1774488798.9632943,12.227745532989502,114,3.5984848484848486,False,0,0,,47.800000000000075,0.06530054644808754,11.4,0.0,0.0,0.0,0.0,0.0,0.0,0.0,0.0,0,0,0,0,0,732,0,59.86385618061164,1.0,terminated,stuck_timeout,exploration
602,2026-03-25T20:33:19.471443,1774488799.4714427,1774488804.8789039,5.407461166381836,44,1.3888888888888888,False,0,0,,-18.30000000000004,-0.05665634674922613,4.4,0.0,0.0,0.0,0.0,0.0,0.0,0.0,0.0,0,0,0,0,0,323,0,59.732282870210824,1.0,terminated,stuck_timeout,exploration
603,2026-03-25T20:33:25.394933,1774488805.3949335,1774488810.4845748,5.089641332626343,40,1.2626262626262625,False,0,0,,-23.600000000000016,-0.07814569536423846,4.0,0.0,0.0,0.0,0.0,0.0,0.0,0.0,0.0,0,0,0,0,0,302,0,59.3362047074077,1.0,terminated,stuck_timeout,exploration
604,2026-03-25T20:33:30.992690,1774488810.9926898,1774488818.1914825,7.1987926959991455,108,3.4090909090909087,False,0,0,,50.59999999999981,0.1171296296296292,10.8,0.0,0.0,0.0,0.0,0.0,0.0,0.0,0.0,0,0,0,0,0,432,0,60.01006255397402,1.0,terminated,stuck_timeout,exploration
605,2026-03-25T20:33:38.701976,1774488818.7019763,1774488832.8987164,14.19674015045166,102,3.2196969696969697,False,0,0,,22.699999999999783,0.026643192488262656,10.200000000000001,0.0,0.0,0.0,0.0,0.0,0.0,0.0,0.0,0,0,0,0,0,852,0,60.01377717495901,1.0,terminated,stuck_timeout,exploration
606,2026-03-25T20:33:53.404312,1774488833.4043117,1774488842.5414767,9.137165069580078,278,8.775252525252524,False,0,0,,252.0,0.46153846153846156,27.8,0.0,0.0,0.0,0.0,0.0,0.0,0.0,0.0,0,0,0,0,0,546,0,59.755952293974794,1.0,failed,death,exploration
607,2026-03-25T20:34:03.055110,1774488843.0551097,1774488852.93705,9.881940364837646,75,2.367424242424242,False,0,0,,-1.2999999999999776,-0.002192242833052239,7.5,0.0,0.0,0.0,0.0,0.0,0.0,0.0,0.0,0,0,0,0,0,593,0,60.00845766182101,1.0,terminated,stuck_timeout,exploration
608,2026-03-25T20:34:13.446859,1774488853.4468591,1774488863.0701468,9.623287677764893,59,1.8623737373737372,False,0,0,,-7.199999999999953,-0.012521739130434702,5.9,0.0,0.0,0.0,0.0,0.0,0.0,0.0,0.0,0,0,0,0,0,575,0,59.75088963915809,1.0,terminated,stuck_timeout,exploration
609,2026-03-25T20:34:23.588518,1774488863.5885184,1774488868.6062503,5.0177319049835205,40,1.2626262626262625,False,0,0,,-24.1000000000001,-0.0798013245033116,4.0,0.0,0.0,0.0,0.0,0.0,0.0,0.0,0.0,0,0,0,0,0,302,0,60.186555543164644,1.0,terminated,stuck_timeout,exploration
610,2026-03-25T20:34:29.110948,1774488869.1109483,1774488881.1027899,11.991841554641724,214,6.755050505050505,False,0,0,,165.4000000000015,0.23068340306834242,21.400000000000002,0.0,0.0,0.0,0.0,0.0,0.0,0.0,0.0,0,0,0,0,0,717,0,59.79064989584259,1.0,terminated,stuck_timeout,exploration
611,2026-03-25T20:34:41.620884,1774488881.6208842,1774488890.5626373,8.941753149032593,152,4.797979797979798,False,0,0,,101.30000000000098,0.18899253731343466,15.200000000000001,0.0,0.0,0.0,0.0,0.0,0.0,0.0,0.0,0,0,0,0,0,536,0,59.94350224910758,1.0,terminated,stuck_timeout,exploration
612,2026-03-25T20:34:51.076405,1774488891.0764046,1774488898.0593348,6.9829301834106445,61,1.9255050505050504,False,0,0,,-1.6000000000000068,-0.0038186157517899923,6.1000000000000005,0.0,0.0,0.0,0.0,0.0,0.0,0.0,0.0,0,0,0,0,0,419,0,60.00346401793029,1.0,terminated,stuck_timeout,exploration
613,2026-03-25T20:34:58.563522,1774488898.5635219,1774488903.868541,5.30501914024353,277,8.743686868686869,False,0,0,,264.7,0.8350157728706624,27.700000000000003,0.0,0.0,0.0,0.0,0.0,0.0,0.0,0.0,0,0,0,0,0,317,0,59.754732569249114,1.0,failed,death,exploration
614,2026-03-25T20:35:04.376370,1774488904.37637,1774488917.995071,13.618700981140137,363,11.458333333333332,False,0,0,,327.3999999999935,0.4002444987774982,36.300000000000004,0.0,0.0,0.0,0.0,0.0,0.0,0.0,0.0,0,0,0,0,0,818,0,60.06446584977581,1.0,terminated,stuck_timeout,exploration
615,2026-03-25T20:35:20.182591,1774488920.1825914,1774488930.2382236,10.0556321144104,259,8.175505050505052,False,0,0,,227.60000000000002,0.3787021630615641,25.900000000000002,0.0,0.0,0.0,0.0,0.0,0.0,0.0,0.0,0,0,0,0,0,601,0,59.7675007559919,1.0,failed,death,exploration
616,2026-03-25T20:35:30.753328,1774488930.7533276,1774488934.9951522,4.241824626922607,286,9.027777777777777,False,0,0,,274.6,1.0940239043824702,28.6,0.0,0.0,0.0,0.0,0.0,0.0,0.0,0.0,0,0,0,0,0,251,0,59.17264905458797,1.0,failed,death,exploration
617,2026-03-25T20:35:35.500242,1774488935.5002418,1774488952.1821191,16.681877374649048,723,22.821969696969695,False,0,0,,729.8999999999944,0.7313627254508962,72.3,0.0,0.0,0.0,0.0,0.0,0.0,0.0,0.0,0,0,0,0,0,998,0,59.825400797912046,1.0,terminated,stuck_timeout,exploration
618,2026-03-25T20:35:54.435072,1774488954.435072,1774488962.618326,8.18325400352478,161,5.082070707070708,False,0,0,,112.1000000000009,0.22784552845528638,16.1,0.0,0.0,0.0,0.0,0.0,0.0,0.0,0.0,0,0,0,0,0,492,0,60.122782427147,1.0,terminated,stuck_timeout,exploration
619,2026-03-25T20:36:03.131141,1774488963.1311407,1774488980.785319,17.654178380966187,594,18.75,False,0,0,,563.899999999993,0.5339962121212055,59.400000000000006,0.0,0.0,0.0,0.0,0.0,0.0,0.0,0.0,0,0,0,0,0,1056,0,59.81586779130566,1.0,terminated,stuck_timeout,exploration
620,2026-03-25T20:36:23.306581,1774488983.3065808,1774489007.130533,23.823952198028564,315,9.943181818181818,False,0,0,,257.1000000000017,0.179790209790211,31.5,0.0,0.0,0.0,0.0,0.0,0.0,0.0,0.0,0,0,0,0,0,1430,0,60.023626143706444,1.0,terminated,stuck_timeout,exploration
621,2026-03-25T20:36:50.161189,1774489010.161189,1774489018.642434,8.481244802474976,62,1.9570707070707072,False,0,0,,-8.299999999999933,-0.01630648330058926,6.2,0.0,0.0,0.0,0.0,0.0,0.0,0.0,0.0,0,0,0,0,0,509,0,60.01477517209088,1.0,terminated,stuck_timeout,exploration
622,2026-03-25T20:36:59.160903,1774489019.1609025,1774489039.2670996,20.106197118759155,306,9.659090909090908,False,0,0,,257.6000000000015,0.21359867330016707,30.6,0.0,0.0,0.0,0.0,0.0,0.0,0.0,0.0,0,0,0,0,0,1206,0,59.98150683973935,1.0,terminated,stuck_timeout,exploration
623,2026-03-25T20:37:19.777662,1774489039.777662,1774489056.2602623,16.482600212097168,594,18.75,False,0,0,,572.4999999999935,0.5812182741116686,59.400000000000006,0.0,0.0,0.0,0.0,0.0,0.0,0.0,0.0,0,0,0,0,0,985,0,59.75998855308481,1.0,terminated,stuck_timeout,exploration
624,2026-03-25T20:37:38.597817,1774489058.597817,1774489066.9084744,8.310657501220703,67,2.11489898989899,False,0,0,,6.599999999999917,0.013333333333333166,6.7,0.0,0.0,0.0,0.0,0.0,0.0,0.0,0.0,0,0,0,0,0,495,0,59.562074351793754,1.0,terminated,stuck_timeout,exploration
625,2026-03-25T20:37:47.426642,1774489067.4266422,1774489072.5338721,5.107229948043823,40,1.2626262626262625,False,0,0,,-23.600000000000104,-0.07814569536423875,4.0,0.0,0.0,0.0,0.0,0.0,0.0,0.0,0.0,0,0,0,0,0,302,0,59.13185877124494,1.0,terminated,stuck_timeout,exploration
626,2026-03-25T20:37:53.048674,1774489073.0486743,1774489080.3317792,7.28310489654541,126,3.977272727272727,False,0,0,,66.60000000000059,0.1524027459954247,12.600000000000001,0.0,0.0,0.0,0.0,0.0,0.0,0.0,0.0,0,0,0,0,0,437,0,60.00188191814756,1.0,terminated,stuck_timeout,exploration
627,2026-03-25T20:38:00.835910,1774489080.8359103,1774489092.0304086,11.194498300552368,231,7.291666666666667,False,0,0,,192.00000000000048,0.2874251497005995,23.1,0.0,0.0,0.0,0.0,0.0,0.0,0.0,0.0,0,0,0,0,0,668,0,59.67216949481684,1.0,failed,death,exploration
628,2026-03-25T20:38:12.549752,1774489092.5497522,1774489097.6155927,5.065840482711792,40,1.2626262626262625,False,0,0,,-23.30000000000003,-0.0771523178807948,4.0,0.0,0.0,0.0,0.0,0.0,0.0,0.0,0.0,0,0,0,0,0,302,0,59.614984133558146,1.0,terminated,stuck_timeout,exploration
629,2026-03-25T20:38:18.129202,1774489098.1292021,1774489105.2000842,7.070882081985474,110,3.4722222222222223,False,0,0,,54.80000000000001,0.12863849765258217,11.0,0.0,0.0,0.0,0.0,0.0,0.0,0.0,0.0,0,0,0,0,0,426,0,60.24708021723663,1.0,terminated,stuck_timeout,exploration
630,2026-03-25T20:38:25.703239,1774489105.7032387,1774489110.912324,5.20908522605896,304,9.595959595959595,False,0,0,,294.4,0.9558441558441557,30.400000000000002,0.0,0.0,0.0,0.0,0.0,0.0,0.0,0.0,0,0,0,0,0,308,0,59.12746415804445,1.0,failed,death,exploration
631,2026-03-25T20:38:31.427911,1774489111.4279106,1774489128.9779994,17.55008888244629,440,13.88888888888889,False,0,0,,406.3999999999974,0.38557874762808103,44.0,0.0,0.0,0.0,0.0,0.0,0.0,0.0,0.0,0,0,0,0,0,1054,0,60.0566758983322,1.0,terminated,stuck_timeout,exploration
632,2026-03-25T20:38:51.452161,1774489131.452161,1774489155.7898796,24.33771848678589,722,22.79040404040404,False,0,0,,713.0999999999907,0.48909465020575493,72.2,0.0,0.0,0.0,0.0,0.0,0.0,0.0,0.0,0,0,0,0,0,1458,0,59.907012269519754,1.0,terminated,stuck_timeout,exploration
633,2026-03-25T20:39:18.990835,1774489158.990835,1774489174.6634831,15.672648191452026,121,3.8194444444444446,False,0,0,,57.300000000000416,0.0611526147278553,12.100000000000001,0.0,0.0,0.0,0.0,0.0,0.0,0.0,0.0,0,0,0,0,0,937,0,59.78568449657707,1.0,terminated,stuck_timeout,exploration
634,2026-03-25T20:39:35.180775,1774489175.1807754,1774489186.4138072,11.233031749725342,84,2.6515151515151514,False,0,0,,14.199999999999843,0.021225710014947448,8.4,0.0,0.0,0.0,0.0,0.0,0.0,0.0,0.0,0,0,0,0,0,669,0,59.556495067892754,1.0,terminated,stuck_timeout,exploration
635,2026-03-25T20:39:46.928288,1774489186.9282875,1774489218.4300125,31.5017249584198,722,22.79040404040404,False,0,0,,685.3999999999844,0.3622621564481947,72.2,0.0,0.0,0.0,0.0,0.0,0.0,0.0,0.0,0,0,0,0,0,1892,0,60.06020313164804,1.0,terminated,stuck_timeout,exploration
636,2026-03-25T20:40:22.373418,1774489222.3734183,1774489228.5353615,6.161943197250366,48,1.5151515151515151,False,0,0,,-12.499999999999972,-0.03378378378378371,4.800000000000001,0.0,0.0,0.0,0.0,0.0,0.0,0.0,0.0,0,0,0,0,0,370,0,60.0459933102117,1.0,terminated,stuck_timeout,exploration
637,2026-03-25T20:40:29.046346,1774489229.0463457,1774489249.0026433,19.956297636032104,311,9.816919191919192,False,0,0,,257.90000000000174,0.21599664991624937,31.1,0.0,0.0,0.0,0.0,0.0,0.0,0.0,0.0,0,0,0,0,0,1194,0,59.83073723275066,1.0,terminated,stuck_timeout,exploration
638,2026-03-25T20:40:51.587831,1774489251.5878308,1774489264.4989133,12.91108250617981,224,7.07070707070707,False,0,0,,199.69999999999996,0.2590142671854734,22.400000000000002,0.0,0.0,0.0,0.0,0.0,0.0,0.0,0.0,0,0,0,0,0,771,0,59.716139187474454,1.0,failed,death,exploration
639,2026-03-25T20:41:05.010852,1774489265.0108516,1774489272.095247,7.084395408630371,53,1.672979797979798,False,0,0,,-6.899999999999951,-0.016350710900473818,5.300000000000001,0.0,0.0,0.0,0.0,0.0,0.0,0.0,0.0,0,0,0,0,0,422,0,59.56753902893534,1.0,terminated,stuck_timeout,exploration
640,2026-03-25T20:41:12.609730,1774489272.6097305,1774489305.7540312,33.14430069923401,595,18.781565656565657,False,0,0,,554.6999999999904,0.2794458438287105,59.5,0.0,0.0,0.0,0.0,0.0,0.0,0.0,0.0,0,0,0,0,0,1985,0,59.88963285159536,1.0,terminated,stuck_timeout,exploration
641,2026-03-25T20:41:49.864484,1774489309.8644843,1774489315.8339362,5.969451904296875,296,9.343434343434344,False,0,0,,284.20000000000005,0.8028248587570622,29.6,0.0,0.0,0.0,0.0,0.0,0.0,0.0,0.0,0,0,0,0,0,354,0,59.30192682265972,1.0,failed,death,exploration
642,2026-03-25T20:41:56.350671,1774489316.3506708,1774489323.233751,6.883080244064331,59,1.8623737373737372,False,0,0,,-2.7999999999999954,-0.006845965770171138,5.9,0.0,0.0,0.0,0.0,0.0,0.0,0.0,0.0,0,0,0,0,0,409,0,59.42107101725333,1.0,terminated,stuck_timeout,exploration
643,2026-03-25T20:42:03.746375,1774489323.7463748,1774489330.7115154,6.9651405811309814,240,7.575757575757576,False,0,0,,223.9,0.5369304556354916,24.0,0.0,0.0,0.0,0.0,0.0,0.0,0.0,0.0,0,0,0,0,0,417,0,59.869574080052324,1.0,failed,death,exploration
644,2026-03-25T20:42:11.219667,1774489331.219667,1774489336.352832,5.133165121078491,40,1.2626262626262625,False,0,0,,-23.100000000000083,-0.07649006622516584,4.0,0.0,0.0,0.0,0.0,0.0,0.0,0.0,0.0,0,0,0,0,0,302,0,58.833096710621504,1.0,terminated,stuck_timeout,exploration
645,2026-03-25T20:42:16.856770,1774489336.8567703,1774489351.589635,14.732864618301392,246,7.765151515151516,False,0,0,,185.6000000000021,0.20971751412429615,24.6,0.0,0.0,0.0,0.0,0.0,0.0,0.0,0.0,0,0,0,0,0,885,0,60.06978431748021,1.0,terminated,stuck_timeout,exploration
646,2026-03-25T20:42:32.104631,1774489352.104631,1774489359.1138477,7.009216785430908,258,8.143939393939394,False,0,0,,240.40000000000006,0.5764988009592328,25.8,0.0,0.0,0.0,0.0,0.0,0.0,0.0,0.0,0,0,0,0,0,417,0,59.49309498698348,1.0,failed,death,exploration
647,2026-03-25T20:42:39.629977,1774489359.6299767,1774489364.6927595,5.0627827644348145,40,1.2626262626262625,False,0,0,,-22.000000000000085,-0.07284768211920559,4.0,0.0,0.0,0.0,0.0,0.0,0.0,0.0,0.0,0,0,0,0,0,302,0,59.6509891993586,1.0,terminated,stuck_timeout,exploration
648,2026-03-25T20:42:45.203171,1774489365.2031713,1774489370.2339244,5.030753135681152,286,9.027777777777777,False,0,0,,272.7,0.9151006711409395,28.6,0.0,0.0,0.0,0.0,0.0,0.0,0.0,0.0,0,0,0,0,0,298,0,59.23566352051808,1.0,failed,death,exploration
649,2026-03-25T20:42:50.748103,1774489370.748103,1774489385.5385592,14.790456295013428,169,5.334595959595959,False,0,0,,99.30000000000153,0.1119503945885023,16.900000000000002,0.0,0.0,0.0,0.0,0.0,0.0,0.0,0.0,0,0,0,0,0,887,0,59.97110449520413,1.0,terminated,stuck_timeout,exploration
650,2026-03-25T20:43:06.051835,1774489386.0518346,1774489395.4639692,9.412134647369385,53,1.672979797979798,False,0,0,,-12.599999999999973,-0.022261484098939882,5.300000000000001,0.0,0.0,0.0,0.0,0.0,0.0,0.0,0.0,0,0,0,0,0,566,0,60.13513631131408,1.0,terminated,stuck_timeout,exploration
651,2026-03-25T20:43:15.980758,1774489395.9807577,1774489406.0837545,10.102996826171875,68,2.146464646464646,False,0,0,,-0.099999999999965,-0.0001661129568105731,6.800000000000001,0.0,0.0,0.0,0.0,0.0,0.0,0.0,0.0,0,0,0,0,0,602,0,59.586280225340204,1.0,terminated,stuck_timeout,exploration
652,2026-03-25T20:43:26.589921,1774489406.5899205,1774489416.3075473,9.717626810073853,90,2.840909090909091,False,0,0,,16.29999999999994,0.028103448275861965,9.0,0.0,0.0,0.0,0.0,0.0,0.0,0.0,0.0,0,0,0,0,0,580,0,59.685354391129586,1.0,terminated,stuck_timeout,exploration
653,2026-03-25T20:43:36.824629,1774489416.8246293,1774489437.7710202,20.946390867233276,647,20.4229797979798,False,0,0,,636.9999999999922,0.507974481658686,64.7,0.0,0.0,0.0,0.0,0.0,0.0,0.0,0.0,0,0,0,0,0,1254,0,59.86711543522513,1.0,failed,death,exploration
654,2026-03-25T20:44:00.581815,1774489440.5818148,1774489481.914678,41.332863330841064,594,18.75,False,0,0,,501.2999999999944,0.20205562273276678,59.400000000000006,0.0,0.0,0.0,0.0,0.0,0.0,0.0,0.0,0,0,0,0,0,2481,0,60.024876092936175,1.0,terminated,stuck_timeout,exploration
655,2026-03-25T20:44:46.579482,1774489486.579482,1774489492.6125832,6.0331010818481445,65,2.051767676767677,False,0,0,,3.6999999999999624,0.010192837465564635,6.5,0.0,0.0,0.0,0.0,0.0,0.0,0.0,0.0,0,0,0,0,0,363,0,60.168062009131916,1.0,terminated,stuck_timeout,exploration
656,2026-03-25T20:44:53.135285,1774489493.135285,1774489537.7643032,44.62901830673218,595,18.781565656565657,False,0,0,,517.4999999999925,0.193169092945126,59.5,0.0,0.0,0.0,0.0,0.0,0.0,0.0,0.0,0,0,0,0,0,2679,0,60.02820813999127,1.0,terminated,stuck_timeout,exploration
657,2026-03-25T20:45:43.013814,1774489543.0138142,1774489553.9684377,10.954623460769653,136,4.292929292929292,False,0,0,,76.30000000000125,0.11684532924961906,13.600000000000001,0.0,0.0,0.0,0.0,0.0,0.0,0.0,0.0,0,0,0,0,0,653,0,59.60953403268517,1.0,terminated,stuck_timeout,exploration
658,2026-03-25T20:45:54.487622,1774489554.4876218,1774489563.9037154,9.416093587875366,173,5.460858585858586,False,0,0,,120.40000000000099,0.2142348754448416,17.3,0.0,0.0,0.0,0.0,0.0,0.0,0.0,0.0,0,0,0,0,0,562,0,59.685048237377266,1.0,terminated,stuck_timeout,exploration
659,2026-03-25T20:46:04.412270,1774489564.4122703,1774489577.6658752,13.253604888916016,263,8.301767676767676,False,0,0,,220.9999999999998,0.2786885245901637,26.3,0.0,0.0,0.0,0.0,0.0,0.0,0.0,0.0,0,0,0,0,0,793,0,59.832778074075954,1.0,failed,death,exploration
660,2026-03-25T20:46:18.173206,1774489578.173206,1774489583.274929,5.101722955703735,290,9.154040404040405,False,0,0,,277.8,0.9108196721311476,29.0,0.0,0.0,0.0,0.0,0.0,0.0,0.0,0.0,0,0,0,0,0,305,0,59.78372456681707,1.0,failed,death,exploration
661,2026-03-25T20:46:24.499398,1774489584.4993985,1774489594.8014686,10.302070140838623,196,6.186868686868687,False,0,0,,158.40000000000046,0.2579804560260594,19.6,0.0,0.0,0.0,0.0,0.0,0.0,0.0,0.0,0,0,0,0,0,614,0,59.59967187235811,1.0,failed,death,exploration
662,2026-03-25T20:46:35.314914,1774489595.314914,1774489599.121503,3.806589126586914,292,9.217171717171716,False,0,0,,281.2,1.2387665198237885,29.200000000000003,0.0,0.0,0.0,0.0,0.0,0.0,0.0,0.0,0,0,0,0,0,227,0,59.63343887432738,1.0,failed,death,exploration
663,2026-03-25T20:46:39.627760,1774489599.6277604,1774489608.9238646,9.296104192733765,281,8.869949494949495,False,0,0,,266.3000000000002,0.4789568345323744,28.1,0.0,0.0,0.0,0.0,0.0,0.0,0.0,0.0,0,0,0,0,0,556,0,59.81000088559609,1.0,failed,death,exploration
664,2026-03-25T20:46:49.437940,1774489609.4379401,1774489656.4562068,47.018266677856445,594,18.75,False,0,0,,514.4999999999839,0.18212389380530403,59.400000000000006,0.0,0.0,0.0,0.0,0.0,0.0,0.0,0.0,0,0,0,0,0,2825,0,60.08303154506655,1.0,terminated,stuck_timeout,exploration
665,2026-03-25T20:47:41.919679,1774489661.919679,1774489676.187389,14.267709970474243,307,9.690656565656566,False,0,0,,258.2000000000014,0.3030516431924899,30.700000000000003,0.0,0.0,0.0,0.0,0.0,0.0,0.0,0.0,0,0,0,0,0,852,0,59.71525926467094,1.0,terminated,stuck_timeout,exploration
666,2026-03-25T20:47:56.702550,1774489676.7025502,1774489687.1223567,10.419806480407715,268,8.45959595959596,False,0,0,,235.80000000000004,0.37667731629392975,26.8,0.0,0.0,0.0,0.0,0.0,0.0,0.0,0.0,0,0,0,0,0,626,0,60.07789119472259,1.0,failed,death,exploration
667,2026-03-25T20:48:07.632107,1774489687.6321075,1774489701.3165057,13.684398174285889,80,2.525252525252525,False,0,0,,-6.799999999999891,-0.008272506082724928,8.0,0.0,0.0,0.0,0.0,0.0,0.0,0.0,0.0,0,0,0,0,0,822,0,60.06840706700611,1.0,terminated,stuck_timeout,exploration
668,2026-03-25T20:48:21.829443,1774489701.8294432,1774489714.7518132,12.922369956970215,278,8.775252525252524,False,0,0,,233.20000000000002,0.3009032258064516,27.8,0.0,0.0,0.0,0.0,0.0,0.0,0.0,0.0,0,0,0,0,0,775,0,59.97351898921387,1.0,failed,death,exploration
669,2026-03-25T20:48:35.265640,1774489715.26564,1774489725.7350473,10.469407320022583,281,8.869949494949495,False,0,0,,256.6999999999999,0.4107199999999998,28.1,0.0,0.0,0.0,0.0,0.0,0.0,0.0,0.0,0,0,0,0,0,625,0,59.69774418888994,1.0,failed,death,exploration
670,2026-03-25T20:48:46.243791,1774489726.2437913,1774489739.945797,13.702005624771118,442,13.952020202020202,False,0,0,,417.8999999999955,0.5077764277035182,44.2,0.0,0.0,0.0,0.0,0.0,0.0,0.0,0.0,0,0,0,0,0,823,0,60.0641995440538,1.0,terminated,stuck_timeout,exploration
671,2026-03-25T20:49:02.094966,1774489742.0949664,1774489751.5088668,9.413900375366211,245,7.733585858585859,False,0,0,,220.5,0.39375,24.5,0.0,0.0,0.0,0.0,0.0,0.0,0.0,0.0,0,0,0,0,0,560,0,59.486501627463355,1.0,failed,death,exploration
672,2026-03-25T20:49:12.022832,1774489752.0228317,1774489761.7936673,9.770835638046265,51,1.6098484848484849,False,0,0,,-17.900000000000023,-0.03049403747870532,5.1000000000000005,0.0,0.0,0.0,0.0,0.0,0.0,0.0,0.0,0,0,0,0,0,587,0,60.076744891123155,1.0,terminated,stuck_timeout,exploration
673,2026-03-25T20:49:22.302843,1774489762.3028433,1774489773.3420784,11.03923511505127,132,4.166666666666666,False,0,0,,62.70000000000005,0.09471299093655597,13.200000000000001,0.0,0.0,0.0,0.0,0.0,0.0,0.0,0.0,0,0,0,0,0,662,0,59.9679228769579,1.0,terminated,stuck_timeout,exploration
674,2026-03-25T20:49:33.849114,1774489773.8491142,1774489780.8757842,7.026669979095459,87,2.746212121212121,False,0,0,,24.599999999999696,0.058571428571427844,8.700000000000001,0.0,0.0,0.0,0.0,0.0,0.0,0.0,0.0,0,0,0,0,0,420,0,59.772267838038765,1.0,terminated,stuck_timeout,exploration
675,2026-03-25T20:49:41.392162,1774489781.3921623,1774489814.9411304,33.54896807670593,594,18.75,False,0,0,,542.5999999999929,0.2696819085487042,59.400000000000006,0.0,0.0,0.0,0.0,0.0,0.0,0.0,0.0,0,0,0,0,0,2012,0,59.9720383470451,1.0,terminated,stuck_timeout,exploration
676,2026-03-25T20:50:19.022559,1774489819.0225587,1774489839.7187943,20.69623565673828,595,18.781565656565657,False,0,0,,572.5999999999929,0.4610305958131988,59.5,0.0,0.0,0.0,0.0,0.0,0.0,0.0,0.0,0,0,0,0,0,1242,0,60.01091312446617,1.0,terminated,stuck_timeout,exploration
677,2026-03-25T20:50:42.440055,1774489842.4400551,1774489885.657966,43.21791076660156,722,22.79040404040404,False,0,0,,659.3999999999843,0.2542020046260541,72.2,0.0,0.0,0.0,0.0,0.0,0.0,0.0,0.0,0,0,0,0,0,2594,0,60.02141135440127,1.0,terminated,stuck_timeout,exploration
678,2026-03-25T20:51:30.517105,1774489890.5171053,1774489902.0642357,11.547130346298218,300,9.469696969696969,False,0,0,,263.00000000000006,0.38005780346820817,30.0,0.0,0.0,0.0,0.0,0.0,0.0,0.0,0.0,0,0,0,0,0,692,0,59.928309393497194,1.0,failed,death,exploration
679,2026-03-25T20:51:42.584060,1774489902.5840597,1774489948.6208453,46.03678560256958,723,22.821969696969695,False,0,0,,652.0999999999848,0.23601158161418198,72.3,0.0,0.0,0.0,0.0,0.0,0.0,0.0,0.0,0,0,0,0,0,2763,0,60.01722239803339,1.0,terminated,stuck_timeout,exploration
680,2026-03-25T20:52:33.658873,1774489953.658873,1774489958.9325995,5.273726463317871,284,8.964646464646464,False,0,0,,270.8,0.8707395498392283,28.400000000000002,0.0,0.0,0.0,0.0,0.0,0.0,0.0,0.0,0,0,0,0,0,311,0,58.97158340752089,1.0,failed,death,exploration
681,2026-03-25T20:52:40.183885,1774489960.1838853,1774489966.7308588,6.546973466873169,275,8.680555555555555,False,0,0,,258.49999999999994,0.6662371134020617,27.5,0.0,0.0,0.0,0.0,0.0,0.0,0.0,0.0,0,0,0,0,0,388,0,59.26402511988621,1.0,failed,death,exploration
682,2026-03-25T20:52:47.238577,1774489967.2385767,1774489974.3065455,7.067968845367432,72,2.272727272727273,False,0,0,,9.29999999999995,0.02203791469194301,7.2,0.0,0.0,0.0,0.0,0.0,0.0,0.0,0.0,0,0,0,0,0,422,0,59.70597907722698,1.0,terminated,stuck_timeout,exploration
683,2026-03-25T20:52:54.812107,1774489974.812107,1774489982.0790536,7.26694655418396,237,7.481060606060606,False,0,0,,219.0,0.503448275862069,23.700000000000003,0.0,0.0,0.0,0.0,0.0,0.0,0.0,0.0,0,0,0,0,0,435,0,59.860079712509766,1.0,failed,death,exploration
684,2026-03-25T20:53:02.583902,1774489982.583902,1774489989.9200435,7.336141586303711,86,2.714646464646465,False,0,0,,29.599999999999724,0.06757990867579845,8.6,0.0,0.0,0.0,0.0,0.0,0.0,0.0,0.0,0,0,0,0,0,438,0,59.70440930662092,1.0,terminated,stuck_timeout,exploration
685,2026-03-25T20:53:10.424824,1774489990.4248245,1774490014.707299,24.282474517822266,456,14.393939393939394,False,0,0,,386.2999999999905,0.26477039067854047,45.6,0.0,0.0,0.0,0.0,0.0,0.0,0.0,0.0,0,0,0,0,0,1459,0,60.08448599129213,1.0,terminated,stuck_timeout,exploration
686,2026-03-25T20:53:38.096140,1774490018.0961404,1774490026.652495,8.556354522705078,198,6.25,False,0,0,,174.30000000000018,0.3384466019417479,19.8,0.0,0.0,0.0,0.0,0.0,0.0,0.0,0.0,0,0,0,0,0,515,0,60.18918438143252,1.0,failed,death,exploration
687,2026-03-25T20:53:47.176866,1774490027.176866,1774490056.257674,29.08080792427063,594,18.75,False,0,0,,554.9999999999907,0.318416523235795,59.400000000000006,0.0,0.0,0.0,0.0,0.0,0.0,0.0,0.0,0,0,0,0,0,1743,0,59.93643658521966,1.0,terminated,stuck_timeout,exploration
688,2026-03-25T20:54:19.891696,1774490059.8916965,1774490066.051938,6.160241603851318,285,8.996212121212121,False,0,0,,273.3,0.7406504065040651,28.5,0.0,0.0,0.0,0.0,0.0,0.0,0.0,0.0,0,0,0,0,0,369,0,59.90024803074365,1.0,failed,death,exploration
689,2026-03-25T20:54:26.578290,1774490066.5782897,1774490086.9895313,20.41124153137207,518,16.351010101010104,False,0,0,,491.3999999999956,0.4011428571428535,51.800000000000004,0.0,0.0,0.0,0.0,0.0,0.0,0.0,0.0,0,0,0,0,0,1225,0,60.015947492325516,1.0,terminated,stuck_timeout,exploration
690,2026-03-25T20:54:49.752734,1774490089.7527342,1774490104.0105422,14.257807970046997,595,18.781565656565657,False,0,0,,581.4999999999941,0.6841176470588166,59.5,0.0,0.0,0.0,0.0,0.0,0.0,0.0,0.0,0,0,0,0,0,850,0,59.616457297341356,1.0,terminated,stuck_timeout,exploration
691,2026-03-25T20:55:06.090534,1774490106.0905344,1774490124.321273,18.230738639831543,435,13.731060606060606,False,0,0,,402.5999999999962,0.36935779816513414,43.5,0.0,0.0,0.0,0.0,0.0,0.0,0.0,0.0,0,0,0,0,0,1090,0,59.78912986106371,1.0,terminated,stuck_timeout,exploration
692,2026-03-25T20:55:26.960213,1774490126.9602132,1774490169.1723711,42.21215796470642,723,22.821969696969695,False,0,0,,654.4999999999815,0.25798186834843573,72.3,0.0,0.0,0.0,0.0,0.0,0.0,0.0,0.0,0,0,0,0,0,2537,0,60.101168059713636,1.0,terminated,stuck_timeout,exploration
693,2026-03-25T20:56:14.010383,1774490174.0103834,1774490179.5343435,5.523960113525391,253,7.986111111111111,False,0,0,,237.90000000000003,0.7231003039513679,25.3,0.0,0.0,0.0,0.0,0.0,0.0,0.0,0.0,0,0,0,0,0,329,0,59.55872114182089,1.0,failed,death,exploration
694,2026-03-25T20:56:20.064756,1774490180.0647557,1774490185.1634254,5.098669767379761,40,1.2626262626262625,False,0,0,,-21.20000000000008,-0.07019867549668901,4.0,0.0,0.0,0.0,0.0,0.0,0.0,0.0,0.0,0,0,0,0,0,302,0,59.231135527178836,1.0,terminated,stuck_timeout,exploration
695,2026-03-25T20:56:25.683512,1774490185.6835122,1774490190.147134,4.4636218547821045,305,9.627525252525253,False,0,0,,295.5,1.1150943396226416,30.5,0.0,0.0,0.0,0.0,0.0,0.0,0.0,0.0,0,0,0,0,0,265,0,59.36882841365517,1.0,failed,death,exploration
696,2026-03-25T20:56:30.661947,1774490190.6619473,1774490228.9938383,38.33189105987549,594,18.75,False,0,0,,534.2999999999962,0.2322033898305068,59.400000000000006,0.0,0.0,0.0,0.0,0.0,0.0,0.0,0.0,0,0,0,0,0,2301,0,60.028345494506745,1.0,terminated,stuck_timeout,exploration
697,2026-03-25T20:57:13.485389,1774490233.4853885,1774490240.2967145,6.811326026916504,74,2.335858585858586,False,0,0,,14.999999999999957,0.03667481662591677,7.4,0.0,0.0,0.0,0.0,0.0,0.0,0.0,0.0,0,0,0,0,0,409,0,60.04704493423799,1.0,terminated,stuck_timeout,exploration
698,2026-03-25T20:57:20.810668,1774490240.8106678,1774490249.769738,8.959070205688477,260,8.207070707070708,False,0,0,,239.70000000000005,0.4480373831775702,26.0,0.0,0.0,0.0,0.0,0.0,0.0,0.0,0.0,0,0,0,0,0,535,0,59.716018260500604,1.0,failed,death,exploration
699,2026-03-25T20:57:30.278088,1774490250.2780879,1774490271.1317403,20.853652477264404,595,18.781565656565657,False,0,0,,586.1999999999939,0.4678371907422138,59.5,0.0,0.0,0.0,0.0,0.0,0.0,0.0,0.0,0,0,0,0,0,1253,0,60.08539757560827,1.0,terminated,stuck_timeout,exploration
700,2026-03-25T20:57:53.962950,1774490273.9629495,1774490306.3140635,32.35111403465271,595,18.781565656565657,False,0,0,,535.7999999999856,0.2759011328527217,59.5,0.0,0.0,0.0,0.0,0.0,0.0,0.0,0.0,0,0,0,0,0,1942,0,60.02884469202012,1.0,terminated,stuck_timeout,exploration
701,2026-03-25T20:58:30.276604,1774490310.276604,1774490338.846832,28.570228099822998,435,13.731060606060606,False,0,0,,368.3999999999985,0.21543859649122718,43.5,0.0,0.0,0.0,0.0,0.0,0.0,0.0,0.0,0,0,0,0,0,1710,0,59.85251479355861,1.0,terminated,stuck_timeout,exploration
702,2026-03-25T20:59:02.405354,1774490342.4053545,1774490357.4302847,15.024930238723755,68,2.146464646464646,False,0,0,,-20.400000000000045,-0.022691879866518404,6.800000000000001,0.0,0.0,0.0,0.0,0.0,0.0,0.0,0.0,0,0,0,0,0,899,0,59.833888458463996,1.0,terminated,stuck_timeout,exploration
703,2026-03-25T20:59:17.947221,1774490357.947221,1774490379.781519,21.83429789543152,325,10.258838383838384,False,0,0,,252.40000000000268,0.19311400153022393,32.5,0.0,0.0,0.0,0.0,0.0,0.0,0.0,0.0,0,0,0,0,0,1307,0,59.85995090199209,1.0,terminated,stuck_timeout,exploration
704,2026-03-25T20:59:40.296275,1774490380.296275,1774490426.5303652,46.23409032821655,723,22.821969696969695,False,0,0,,650.0999999999831,0.23427027027026417,72.3,0.0,0.0,0.0,0.0,0.0,0.0,0.0,0.0,0,0,0,0,0,2775,0,60.02064667651575,1.0,terminated,stuck_timeout,exploration
705,2026-03-25T21:00:31.787875,1774490431.7878752,1774490441.1251361,9.337260961532593,105,3.3143939393939394,False,0,0,,42.09999999999962,0.07544802867383445,10.5,0.0,0.0,0.0,0.0,0.0,0.0,0.0,0.0,0,0,0,0,0,558,0,59.76056600525936,1.0,terminated,stuck_timeout,exploration
706,2026-03-25T21:00:41.644439,1774490441.6444385,1774490472.6882625,31.043823957443237,723,22.821969696969695,False,0,0,,677.8999999999836,0.36407089151449173,72.3,0.0,0.0,0.0,0.0,0.0,0.0,0.0,0.0,0,0,0,0,0,1862,0,59.97972422960982,1.0,terminated,stuck_timeout,exploration
707,2026-03-25T21:01:16.449886,1774490476.4498856,1774490482.8897843,6.439898729324341,232,7.3232323232323235,False,0,0,,207.20000000000044,0.5381818181818193,23.200000000000003,0.0,0.0,0.0,0.0,0.0,0.0,0.0,0.0,0,0,0,0,0,385,0,59.78354880751258,1.0,failed,death,exploration
708,2026-03-25T21:01:23.402113,1774490483.402113,1774490502.1671143,18.76500129699707,595,18.781565656565657,False,0,0,,569.4999999999948,0.5062222222222176,59.5,0.0,0.0,0.0,0.0,0.0,0.0,0.0,0.0,0,0,0,0,0,1125,0,59.95203422554688,1.0,terminated,stuck_timeout,exploration
709,2026-03-25T21:01:44.712998,1774490504.7129982,1774490509.819715,5.106716871261597,40,1.2626262626262625,False,0,0,,-20.500000000000075,-0.067880794701987,4.0,0.0,0.0,0.0,0.0,0.0,0.0,0.0,0.0,0,0,0,0,0,302,0,59.137799806275915,1.0,terminated,stuck_timeout,exploration
710,2026-03-25T21:01:50.334254,1774490510.3342538,1774490517.0170038,6.68274998664856,248,7.828282828282829,False,0,0,,228.50000000000026,0.5726817042606522,24.8,0.0,0.0,0.0,0.0,0.0,0.0,0.0,0.0,0,0,0,0,0,399,0,59.705959492298916,1.0,failed,death,exploration
711,2026-03-25T21:01:57.527271,1774490517.5272706,1774490525.421168,7.893897533416748,287,9.059343434343434,False,0,0,,271.79999999999995,0.5758474576271185,28.700000000000003,0.0,0.0,0.0,0.0,0.0,0.0,0.0,0.0,0,0,0,0,0,472,0,59.79302340851419,1.0,failed,death,exploration
712,2026-03-25T21:02:05.926404,1774490525.9264038,1774490534.3794534,8.453049659729004,148,4.671717171717172,False,0,0,,92.90000000000103,0.18505976095617735,14.8,0.0,0.0,0.0,0.0,0.0,0.0,0.0,0.0,0,0,0,0,0,502,0,59.38685092453291,1.0,terminated,stuck_timeout,exploration
713,2026-03-25T21:02:14.893908,1774490534.8939083,1774490539.9858685,5.091960191726685,40,1.2626262626262625,False,0,0,,-23.100000000000065,-0.07649006622516578,4.0,0.0,0.0,0.0,0.0,0.0,0.0,0.0,0.0,0,0,0,0,0,302,0,59.3091832278429,1.0,terminated,stuck_timeout,exploration
714,2026-03-25T21:02:20.496029,1774490540.4960294,1774490547.8096704,7.31364107131958,291,9.18560606060606,False,0,0,,265.30000000000007,0.6057077625570778,29.1,0.0,0.0,0.0,0.0,0.0,0.0,0.0,0.0,0,0,0,0,0,438,0,59.88809072373207,1.0,failed,death,exploration
715,2026-03-25T21:02:28.325590,1774490548.3255897,1774490560.6322932,12.306703567504883,184,5.808080808080808,False,0,0,,155.20000000000036,0.2105834464043424,18.400000000000002,0.0,0.0,0.0,0.0,0.0,0.0,0.0,0.0,0,0,0,0,0,737,0,59.88606095510455,1.0,failed,death,exploration
716,2026-03-25T21:02:41.140610,1774490561.1406105,1774490582.533565,21.3929545879364,594,18.75,False,0,0,,571.1999999999905,0.44659890539483227,59.400000000000006,0.0,0.0,0.0,0.0,0.0,0.0,0.0,0.0,0,0,0,0,0,1279,0,59.78603819040661,1.0,terminated,stuck_timeout,exploration
717,2026-03-25T21:03:05.342722,1774490585.3427217,1774490589.7010214,4.358299732208252,288,9.090909090909092,False,0,0,,276.4,1.063076923076923,28.8,0.0,0.0,0.0,0.0,0.0,0.0,0.0,0.0,0,0,0,0,0,260,0,59.656291667728844,1.0,failed,death,exploration
718,2026-03-25T21:03:10.214356,1774490590.214356,1774490598.3232553,8.108899354934692,264,8.333333333333332,False,0,0,,236.30000000000024,0.48721649484536134,26.400000000000002,0.0,0.0,0.0,0.0,0.0,0.0,0.0,0.0,0,0,0,0,0,485,0,59.81082990071297,1.0,failed,death,exploration
719,2026-03-25T21:03:18.831841,1774490598.8318415,1774490610.5511348,11.719293355941772,294,9.280303030303031,False,0,0,,261.40000000000043,0.3728958630527824,29.400000000000002,0.0,0.0,0.0,0.0,0.0,0.0,0.0,0.0,0,0,0,0,0,701,0,59.81589322060852,1.0,failed,death,exploration
720,2026-03-25T21:03:31.055039,1774490611.0550394,1774490618.3320835,7.277044057846069,69,2.178030303030303,False,0,0,,6.500000000000011,0.01490825688073397,6.9,0.0,0.0,0.0,0.0,0.0,0.0,0.0,0.0,0,0,0,0,0,436,0,59.914437309185615,1.0,terminated,stuck_timeout,exploration
721,2026-03-25T21:03:39.772543,1774490619.7725434,1774490627.7660086,7.993465185165405,238,7.512626262626262,False,0,0,,219.10000000000002,0.46716417910447766,23.8,0.0,0.0,0.0,0.0,0.0,0.0,0.0,0.0,0,0,0,0,0,469,0,58.67292708929153,1.0,failed,death,exploration
722,2026-03-25T21:03:48.283077,1774490628.2830768,1774490649.3702555,21.087178707122803,303,9.56439393939394,False,0,0,,249.80000000000175,0.19700315457413387,30.3,0.0,0.0,0.0,0.0,0.0,0.0,0.0,0.0,0,0,0,0,0,1268,0,60.13132518157568,1.0,terminated,stuck_timeout,exploration
723,2026-03-25T21:04:09.883667,1774490649.883667,1774490657.520324,7.636656999588013,175,5.523989898989899,False,0,0,,146.30000000000035,0.3208333333333341,17.5,0.0,0.0,0.0,0.0,0.0,0.0,0.0,0.0,0,0,0,0,0,456,0,59.71199178182293,1.0,failed,death,exploration
724,2026-03-25T21:04:18.036013,1774490658.036013,1774490682.3378751,24.301862239837646,602,19.002525252525253,False,0,0,,577.0999999999941,0.39581618655692324,60.2,0.0,0.0,0.0,0.0,0.0,0.0,0.0,0.0,0,0,0,0,0,1458,0,59.995402229296005,1.0,terminated,stuck_timeout,exploration
725,2026-03-25T21:04:45.520377,1774490685.5203772,1774490728.3880394,42.86766219139099,722,22.79040404040404,False,0,0,,678.2999999999887,0.2636222308589152,72.2,0.0,0.0,0.0,0.0,0.0,0.0,0.0,0.0,0,0,0,0,0,2573,0,60.02193421494138,1.0,terminated,stuck_timeout,exploration
726,2026-03-25T21:05:33.374033,1774490733.374033,1774490747.837505,14.463472127914429,401,12.657828282828282,False,0,0,,361.8999999999971,0.4178983833718211,40.1,0.0,0.0,0.0,0.0,0.0,0.0,0.0,0.0,0,0,0,0,0,866,0,59.874972782546756,1.0,terminated,stuck_timeout,exploration
727,2026-03-25T21:05:48.356323,1774490748.3563232,1774490763.0787635,14.722440242767334,255,8.049242424242424,False,0,0,,192.10000000000207,0.21755379388448706,25.5,0.0,0.0,0.0,0.0,0.0,0.0,0.0,0.0,0,0,0,0,0,883,0,59.97647030245477,1.0,terminated,stuck_timeout,exploration
728,2026-03-25T21:06:03.591618,1774490763.5916183,1774490781.5361013,17.944483041763306,595,18.781565656565657,False,0,0,,573.6999999999925,0.5341713221601421,59.5,0.0,0.0,0.0,0.0,0.0,0.0,0.0,0.0,0,0,0,0,0,1074,0,59.85126445272418,1.0,terminated,stuck_timeout,exploration
729,2026-03-25T21:06:24.112382,1774490784.112382,1774490802.2362902,18.123908281326294,542,17.108585858585858,False,0,0,,527.0999999999964,0.48535911602209614,54.2,0.0,0.0,0.0,0.0,0.0,0.0,0.0,0.0,0,0,0,0,0,1086,0,59.92085057718728,1.0,terminated,stuck_timeout,exploration
730,2026-03-25T21:06:44.823824,1774490804.823824,1774490837.354546,32.53072214126587,594,18.75,False,0,0,,549.6999999999941,0.28175294720655775,59.400000000000006,0.0,0.0,0.0,0.0,0.0,0.0,0.0,0.0,0,0,0,0,0,1951,0,59.97407593743877,1.0,terminated,stuck_timeout,exploration
731,2026-03-25T21:07:21.122984,1774490841.1229837,1774490871.9929461,30.869962453842163,595,18.781565656565657,False,0,0,,555.5999999999924,0.2995148247978396,59.5,0.0,0.0,0.0,0.0,0.0,0.0,0.0,0.0,0,0,0,0,0,1855,0,60.09077603426503,1.0,terminated,stuck_timeout,exploration
732,2026-03-25T21:07:55.768581,1774490875.7685807,1774490907.4033442,31.634763479232788,373,11.7739898989899,False,0,0,,289.29999999999853,0.15258438818565323,37.300000000000004,0.0,0.0,0.0,0.0,0.0,0.0,0.0,0.0,0,0,0,0,0,1896,0,59.93406592859983,1.0,terminated,stuck_timeout,exploration
733,2026-03-25T21:08:27.911692,1774490907.9116924,1774490915.8686116,7.956919193267822,92,2.904040404040404,False,0,0,,36.09999999999967,0.07568134171907687,9.200000000000001,0.0,0.0,0.0,0.0,0.0,0.0,0.0,0.0,0,0,0,0,0,477,0,59.94782508330353,1.0,terminated,stuck_timeout,exploration
734,2026-03-25T21:08:36.385379,1774490916.3853793,1774490930.9117706,14.52639126777649,342,10.795454545454545,False,0,0,,308.3999999999958,0.3536697247706374,34.2,0.0,0.0,0.0,0.0,0.0,0.0,0.0,0.0,0,0,0,0,0,872,0,60.02867360005197,1.0,terminated,stuck_timeout,exploration
735,2026-03-25T21:08:51.420204,1774490931.4202037,1774490951.549352,20.129148244857788,437,13.79419191919192,False,0,0,,400.0999999999957,0.3323089700996642,43.7,0.0,0.0,0.0,0.0,0.0,0.0,0.0,0.0,0,0,0,0,0,1204,0,59.81375790739556,1.0,terminated,stuck_timeout,exploration
736,2026-03-25T21:09:14.327725,1774490954.3277252,1774490972.3203084,17.99258327484131,284,8.964646464646464,False,0,0,,240.8000000000018,0.22337662337662506,28.400000000000002,0.0,0.0,0.0,0.0,0.0,0.0,0.0,0.0,0,0,0,0,0,1078,0,59.913575695789454,1.0,terminated,stuck_timeout,exploration
737,2026-03-25T21:09:32.835847,1774490972.8358474,1774490983.5840383,10.748190879821777,435,13.731060606060606,False,0,0,,413.7999999999961,0.6465624999999939,43.5,0.0,0.0,0.0,0.0,0.0,0.0,0.0,0.0,0,0,0,0,0,640,0,59.544904547751415,1.0,terminated,stuck_timeout,exploration
738,2026-03-25T21:09:45.410777,1774490985.4107773,1774490992.1562657,6.745488405227661,71,2.241161616161616,False,0,0,,11.799999999999878,0.029353233830845468,7.1000000000000005,0.0,0.0,0.0,0.0,0.0,0.0,0.0,0.0,0,0,0,0,0,402,0,59.59538818396834,1.0,terminated,stuck_timeout,exploration
739,2026-03-25T21:09:52.665354,1774490992.6653543,1774491000.2449224,7.579568147659302,206,6.502525252525253,False,0,0,,176.60000000000056,0.3898454746136878,20.6,0.0,0.0,0.0,0.0,0.0,0.0,0.0,0.0,0,0,0,0,0,453,0,59.76593800266761,1.0,failed,death,exploration
740,2026-03-25T21:10:00.759598,1774491000.7595985,1774491040.0200486,39.2604501247406,595,18.781565656565657,False,0,0,,515.6999999999912,0.21860958033064484,59.5,0.0,0.0,0.0,0.0,0.0,0.0,0.0,0.0,0,0,0,0,0,2359,0,60.085913241056765,1.0,terminated,stuck_timeout,exploration
741,2026-03-25T21:10:44.571321,1774491044.5713212,1774491052.3420336,7.770712375640869,261,8.238636363636363,False,0,0,,243.9,0.5211538461538462,26.1,0.0,0.0,0.0,0.0,0.0,0.0,0.0,0.0,0,0,0,0,0,468,0,60.2261385284387,1.0,failed,death,exploration
742,2026-03-25T21:10:52.866733,1774491052.8667326,1774491066.1107533,13.244020700454712,266,8.396464646464647,False,0,0,,223.90000000000163,0.28198992443325144,26.6,0.0,0.0,0.0,0.0,0.0,0.0,0.0,0.0,0,0,0,0,0,794,0,59.9515825260481,1.0,terminated,stuck_timeout,exploration
743,2026-03-25T21:11:06.618879,1774491066.6188786,1774491075.551205,8.932326316833496,434,13.69949494949495,False,0,0,,409.0999999999958,0.7661048689138499,43.400000000000006,0.0,0.0,0.0,0.0,0.0,0.0,0.0,0.0,0,0,0,0,0,534,0,59.782858469203646,1.0,terminated,stuck_timeout,exploration
744,2026-03-25T21:11:17.140233,1774491077.1402328,1774491083.090319,5.9500861167907715,274,8.6489898989899,False,0,0,,259.80000000000007,0.733898305084746,27.400000000000002,0.0,0.0,0.0,0.0,0.0,0.0,0.0,0.0,0,0,0,0,0,354,0,59.49493722469564,1.0,failed,death,exploration
745,2026-03-25T21:11:23.597797,1774491083.5977974,1774491088.6125672,5.014769792556763,40,1.2626262626262625,False,0,0,,-21.800000000000075,-0.07218543046357641,4.0,0.0,0.0,0.0,0.0,0.0,0.0,0.0,0.0,0,0,0,0,0,302,0,60.22210639623925,1.0,terminated,stuck_timeout,exploration
746,2026-03-25T21:11:29.127456,1774491089.127456,1774491094.9376104,5.810154438018799,51,1.6098484848484849,False,0,0,,-12.299999999999962,-0.035652173913043365,5.1000000000000005,0.0,0.0,0.0,0.0,0.0,0.0,0.0,0.0,0,0,0,0,0,345,0,59.378800284978546,1.0,terminated,stuck_timeout,exploration
747,2026-03-25T21:11:35.442189,1774491095.442189,1774491107.1170857,11.674896717071533,226,7.133838383838384,False,0,0,,176.70000000000178,0.2535150645624129,22.6,0.0,0.0,0.0,0.0,0.0,0.0,0.0,0.0,0,0,0,0,0,697,0,59.70074227558834,1.0,terminated,stuck_timeout,exploration
748,2026-03-25T21:11:47.627944,1774491107.6279435,1774491116.625667,8.997723579406738,228,7.196969696969697,False,0,0,,189.20000000000056,0.35167286245353263,22.8,0.0,0.0,0.0,0.0,0.0,0.0,0.0,0.0,0,0,0,0,0,538,0,59.7929015324866,1.0,failed,death,exploration
749,2026-03-25T21:11:57.140664,1774491117.1406636,1774491142.2763026,25.13563895225525,596,18.81313131313131,False,0,0,,556.9999999999919,0.3688741721854251,59.6,0.0,0.0,0.0,0.0,0.0,0.0,0.0,0.0,0,0,0,0,0,1510,0,60.07406467240484,1.0,terminated,stuck_timeout,exploration
750,2026-03-25T21:12:25.445189,1774491145.4451885,1774491154.6332147,9.188026189804077,245,7.733585858585859,False,0,0,,201.9000000000013,0.36775956284153244,24.5,0.0,0.0,0.0,0.0,0.0,0.0,0.0,0.0,0,0,0,0,0,549,0,59.75167992111554,1.0,terminated,stuck_timeout,exploration
751,2026-03-25T21:12:35.156103,1774491155.156103,1774491168.0948224,12.938719511032104,595,18.781565656565657,False,0,0,,589.8999999999944,0.7601804123711268,59.5,0.0,0.0,0.0,0.0,0.0,0.0,0.0,0.0,0,0,0,0,0,776,0,59.97502297954208,1.0,terminated,stuck_timeout,exploration
752,2026-03-25T21:12:50.060592,1774491170.0605917,1774491173.7817225,3.721130847930908,290,9.154040404040405,False,0,0,,279.0,1.268181818181818,29.0,0.0,0.0,0.0,0.0,0.0,0.0,0.0,0.0,0,0,0,0,0,220,0,59.12181242493218,1.0,failed,death,exploration
753,2026-03-25T21:12:54.290108,1774491174.290108,1774491182.551085,8.260977029800415,201,6.34469696969697,False,0,0,,176.90000000000023,0.36175869120654447,20.1,0.0,0.0,0.0,0.0,0.0,0.0,0.0,0.0,0,0,0,0,0,489,0,59.193966795452305,1.0,failed,death,exploration
754,2026-03-25T21:13:03.058388,1774491183.0583885,1774491188.629211,5.570822477340698,43,1.3573232323232325,False,0,0,,-17.400000000000016,-0.0522522522522523,4.3,0.0,0.0,0.0,0.0,0.0,0.0,0.0,0.0,0,0,0,0,0,333,0,59.7757335392532,1.0,terminated,stuck_timeout,exploration
755,2026-03-25T21:13:09.140352,1774491189.1403515,1774491229.11513,39.97477841377258,722,22.79040404040404,False,0,0,,665.3999999999875,0.2773655689870727,72.2,0.0,0.0,0.0,0.0,0.0,0.0,0.0,0.0,0,0,0,0,0,2399,0,60.0128404757703,1.0,terminated,stuck_timeout,exploration
756,2026-03-25T21:13:53.784207,1774491233.7842066,1774491253.89925,20.11504340171814,452,14.267676767676768,False,0,0,,417.7999999999972,0.34528925619834483,45.2,0.0,0.0,0.0,0.0,0.0,0.0,0.0,0.0,0,0,0,0,0,1210,0,60.15398405238574,1.0,terminated,stuck_timeout,exploration
757,2026-03-25T21:14:16.623120,1774491256.6231203,1774491275.2150335,18.5919132232666,594,18.75,False,0,0,,576.8999999999936,0.5160107334525882,59.400000000000006,0.0,0.0,0.0,0.0,0.0,0.0,0.0,0.0,0,0,0,0,0,1118,0,60.13367137497683,1.0,terminated,stuck_timeout,exploration
758,2026-03-25T21:14:37.847980,1774491277.8479795,1774491282.4333806,4.5854010581970215,265,8.36489898989899,False,0,0,,251.5,0.907942238267148,26.5,0.0,0.0,0.0,0.0,0.0,0.0,0.0,0.0,0,0,0,0,0,277,0,60.409110671971696,1.0,failed,death,exploration
759,2026-03-25T21:14:42.953212,1774491282.953212,1774491308.0353775,25.082165479660034,595,18.781565656565657,False,0,0,,550.4999999999886,0.3662674650698527,59.5,0.0,0.0,0.0,0.0,0.0,0.0,0.0,0.0,0,0,0,0,0,1503,0,59.92305573531252,1.0,terminated,stuck_timeout,exploration
760,2026-03-25T21:15:11.177747,1774491311.1777475,1774491316.2787886,5.101041078567505,40,1.2626262626262625,False,0,0,,-24.200000000000085,-0.0801324503311261,4.0,0.0,0.0,0.0,0.0,0.0,0.0,0.0,0.0,0,0,0,0,0,302,0,59.203600862749546,1.0,terminated,stuck_timeout,exploration
761,2026-03-25T21:15:17.577611,1774491317.5776112,1774491324.9913285,7.413717269897461,60,1.893939393939394,False,0,0,,1.1999999999999789,0.0027149321266967848,6.0,0.0,0.0,0.0,0.0,0.0,0.0,0.0,0.0,0,0,0,0,0,442,0,59.619214478907864,1.0,terminated,stuck_timeout,exploration
762,2026-03-25T21:15:25.505279,1774491325.505279,1774491363.0660188,37.56073975563049,624,19.696969696969695,False,0,0,,564.4999999999899,0.25044365572315436,62.400000000000006,0.0,0.0,0.0,0.0,0.0,0.0,0.0,0.0,0,0,0,0,0,2254,0,60.0094677225338,1.0,terminated,stuck_timeout,exploration
763,2026-03-25T21:16:07.583577,1774491367.583577,1774491371.541009,3.9574320316314697,286,9.027777777777777,False,0,0,,274.6,1.178540772532189,28.6,0.0,0.0,0.0,0.0,0.0,0.0,0.0,0.0,0,0,0,0,0,233,0,58.87656392773085,1.0,failed,death,exploration
764,2026-03-25T21:16:12.053552,1774491372.053552,1774491382.8189723,10.76542043685913,94,2.967171717171717,False,0,0,,17.399999999999828,0.02706065318818014,9.4,0.0,0.0,0.0,0.0,0.0,0.0,0.0,0.0,0,0,0,0,0,643,0,59.728275711227,1.0,terminated,stuck_timeout,exploration
765,2026-03-25T21:16:23.326128,1774491383.3261282,1774491403.9223135,20.596185207366943,595,18.781565656565657,False,0,0,,563.6999999999958,0.45569927243330305,59.5,0.0,0.0,0.0,0.0,0.0,0.0,0.0,0.0,0,0,0,0,0,1237,0,60.05966578497963,1.0,terminated,stuck_timeout,exploration
766,2026-03-25T21:16:46.782931,1774491406.7829306,1774491434.752533,27.969602346420288,435,13.731060606060606,False,0,0,,373.1999999999941,0.22254025044722367,43.5,0.0,0.0,0.0,0.0,0.0,0.0,0.0,0.0,0,0,0,0,0,1677,0,59.9579493204569,1.0,terminated,stuck_timeout,exploration
767,2026-03-25T21:17:18.249449,1774491438.2494493,1774491452.7989938,14.5495445728302,435,13.731060606060606,False,0,0,,411.49999999999636,0.47298850574712226,43.5,0.0,0.0,0.0,0.0,0.0,0.0,0.0,0.0,0,0,0,0,0,870,0,59.7956860879781,1.0,terminated,stuck_timeout,exploration
768,2026-03-25T21:17:35.028382,1774491455.028382,1774491483.833178,28.80479598045349,595,18.781565656565657,False,0,0,,548.7999999999936,0.3175925925925889,59.5,0.0,0.0,0.0,0.0,0.0,0.0,0.0,0.0,0,0,0,0,0,1728,0,59.99001003765468,1.0,terminated,stuck_timeout,exploration
769,2026-03-25T21:18:07.383771,1774491487.3837707,1774491497.0072823,9.623511552810669,224,7.07070707070707,False,0,0,,180.40000000000148,0.31157167530224783,22.400000000000002,0.0,0.0,0.0,0.0,0.0,0.0,0.0,0.0,0,0,0,0,0,579,0,60.16514832684912,1.0,terminated,stuck_timeout,exploration
770,2026-03-25T21:18:17.523139,1774491497.5231395,1774491500.6569023,3.133762836456299,301,9.501262626262626,False,0,0,,291.1,1.5907103825136613,30.1,0.0,0.0,0.0,0.0,0.0,0.0,0.0,0.0,0,0,0,0,0,183,0,58.39625062595319,1.0,failed,death,exploration
771,2026-03-25T21:18:21.163200,1774491501.1632001,1774491518.2653177,17.10211753845215,596,18.81313131313131,False,0,0,,580.0999999999945,0.5648490749756518,59.6,0.0,0.0,0.0,0.0,0.0,0.0,0.0,0.0,0,0,0,0,0,1027,0,60.05104325186097,1.0,terminated,stuck_timeout,exploration
772,2026-03-25T21:18:40.699279,1774491520.699279,1774491526.1343172,5.435038089752197,42,1.3257575757575757,False,0,0,,-19.800000000000022,-0.06092307692307699,4.2,0.0,0.0,0.0,0.0,0.0,0.0,0.0,0.0,0,0,0,0,0,325,0,59.79718902297848,1.0,terminated,stuck_timeout,exploration
773,2026-03-25T21:18:46.655170,1774491526.65517,1774491540.417714,13.76254415512085,316,9.974747474747476,False,0,0,,271.29999999999933,0.3280532043530826,31.6,0.0,0.0,0.0,0.0,0.0,0.0,0.0,0.0,0,0,0,0,0,827,0,60.090633728668905,1.0,terminated,stuck_timeout,exploration
774,2026-03-25T21:19:00.922251,1774491540.922251,1774491546.9842255,6.06197452545166,57,1.7992424242424243,False,0,0,,-4.899999999999959,-0.013573407202215951,5.7,0.0,0.0,0.0,0.0,0.0,0.0,0.0,0.0,0,0,0,0,0,361,0,59.55155345577816,1.0,terminated,stuck_timeout,exploration
775,2026-03-25T21:19:07.499082,1774491547.499082,1774491565.3997025,17.900620460510254,596,18.81313131313131,False,0,0,,581.6999999999924,0.5426305970149183,59.6,0.0,0.0,0.0,0.0,0.0,0.0,0.0,0.0,0,0,0,0,0,1072,0,59.886192345393304,1.0,terminated,stuck_timeout,exploration
776,2026-03-25T21:19:27.940684,1774491567.9406843,1774491573.236156,5.295471668243408,268,8.45959595959596,False,0,0,,254.8,0.8114649681528663,26.8,0.0,0.0,0.0,0.0,0.0,0.0,0.0,0.0,0,0,0,0,0,314,0,59.29594560632571,1.0,failed,death,exploration
777,2026-03-25T21:19:33.748452,1774491573.748452,1774491601.482663,27.734210968017578,601,18.970959595959595,False,0,0,,551.6999999999986,0.3319494584837536,60.1,0.0,0.0,0.0,0.0,0.0,0.0,0.0,0.0,0,0,0,0,0,1662,0,59.925988228638566,1.0,terminated,stuck_timeout,exploration
778,2026-03-25T21:20:05.019315,1774491605.0193152,1774491612.4862769,7.466961622238159,74,2.335858585858586,False,0,0,,14.199999999999877,0.03183856502242125,7.4,0.0,0.0,0.0,0.0,0.0,0.0,0.0,0.0,0,0,0,0,0,446,0,59.72978335280572,1.0,terminated,stuck_timeout,exploration
779,2026-03-25T21:20:13.000432,1774491613.0004318,1774491658.3709898,45.37055802345276,598,18.876262626262626,False,0,0,,523.5999999999863,0.19292557111274364,59.800000000000004,0.0,0.0,0.0,0.0,0.0,0.0,0.0,0.0,0,0,0,0,0,2714,0,59.81852809914946,1.0,terminated,stuck_timeout,exploration
780,2026-03-25T21:21:03.467913,1774491663.4679127,1774491678.9303885,15.462475776672363,608,19.19191919191919,False,0,0,,602.699999999994,0.6522727272727208,60.800000000000004,0.0,0.0,0.0,0.0,0.0,0.0,0.0,0.0,0,0,0,0,0,924,0,59.757571384137776,1.0,terminated,stuck_timeout,exploration
781,2026-03-25T21:21:21.287789,1774491681.2877886,1774491687.9036112,6.6158225536346436,62,1.9570707070707072,False,0,0,,-0.29999999999998117,-0.0007653061224489315,6.2,0.0,0.0,0.0,0.0,0.0,0.0,0.0,0.0,0,0,0,0,0,392,0,59.25189148016682,1.0,terminated,stuck_timeout,exploration
782,2026-03-25T21:21:28.418962,1774491688.4189618,1774491693.7636545,5.344692707061768,280,8.83838383838384,False,0,0,,268.0,0.8401253918495298,28.0,0.0,0.0,0.0,0.0,0.0,0.0,0.0,0.0,0,0,0,0,0,319,0,59.685377155269514,1.0,failed,death,exploration
783,2026-03-25T21:21:34.276672,1774491694.276672,1774491721.3713875,27.09471559524536,566,17.866161616161616,False,0,0,,517.2999999999953,0.31814268142681135,56.6,0.0,0.0,0.0,0.0,0.0,0.0,0.0,0.0,0,0,0,0,0,1626,0,60.011702070987376,1.0,terminated,stuck_timeout,exploration
784,2026-03-25T21:22:04.825603,1774491724.8256025,1774491754.58687,29.76126742362976,722,22.79040404040404,False,0,0,,694.799999999987,0.3890257558790521,72.2,0.0,0.0,0.0,0.0,0.0,0.0,0.0,0.0,0,0,0,0,0,1786,0,60.01088510706224,1.0,terminated,stuck_timeout,exploration
785,2026-03-25T21:22:38.212179,1774491758.2121787,1774491764.1428363,5.930657625198364,59,1.8623737373737372,False,0,0,,-1.6999999999999842,-0.004761904761904717,5.9,0.0,0.0,0.0,0.0,0.0,0.0,0.0,0.0,0,0,0,0,0,357,0,60.19568529519681,1.0,terminated,stuck_timeout,exploration
786,2026-03-25T21:22:44.667490,1774491764.66749,1774491787.5297847,22.862294673919678,595,18.781565656565657,False,0,0,,560.2999999999961,0.40838192419824787,59.5,0.0,0.0,0.0,0.0,0.0,0.0,0.0,0.0,0,0,0,0,0,1372,0,60.011473894836925,1.0,terminated,stuck_timeout,exploration
787,2026-03-25T21:23:10.427413,1774491790.4274132,1774491818.820132,28.39271879196167,723,22.821969696969695,False,0,0,,707.699999999993,0.4158049353701486,72.3,0.0,0.0,0.0,0.0,0.0,0.0,0.0,0.0,0,0,0,0,0,1702,0,59.944946183944076,1.0,failed,death,exploration
788,2026-03-25T21:23:42.568196,1774491822.5681958,1774491827.805907,5.237711191177368,255,8.049242424242424,False,0,0,,240.5,0.7708333333333334,25.5,0.0,0.0,0.0,0.0,0.0,0.0,0.0,0.0,0,0,0,0,0,312,0,59.56800377339372,1.0,failed,death,exploration
789,2026-03-25T21:23:48.320511,1774491828.3205106,1774491842.6335042,14.31299352645874,430,13.573232323232324,False,0,0,,408.5999999999966,0.4773364485981269,43.0,0.0,0.0,0.0,0.0,0.0,0.0,0.0,0.0,0,0,0,0,0,856,0,59.8057980266402,1.0,terminated,stuck_timeout,exploration
790,2026-03-25T21:24:03.140843,1774491843.1408432,1774491865.1279054,21.987062215805054,449,14.172979797979798,False,0,0,,417.99999999999466,0.31690674753600806,44.900000000000006,0.0,0.0,0.0,0.0,0.0,0.0,0.0,0.0,0,0,0,0,0,1319,0,59.98982433641624,1.0,terminated,stuck_timeout,exploration
791,2026-03-25T21:24:27.945254,1774491867.9452538,1774491884.4516492,16.50639533996582,595,18.781565656565657,False,0,0,,577.6999999999919,0.5829465186680038,59.5,0.0,0.0,0.0,0.0,0.0,0.0,0.0,0.0,0,0,0,0,0,991,0,60.037335807688955,1.0,terminated,stuck_timeout,exploration
792,2026-03-25T21:24:46.884073,1774491886.8840733,1774491919.0825896,32.19851636886597,595,18.781565656565657,False,0,0,,554.4999999999881,0.28656330749353387,59.5,0.0,0.0,0.0,0.0,0.0,0.0,0.0,0.0,0,0,0,0,0,1935,0,60.09593665225609,1.0,terminated,stuck_timeout,exploration
793,2026-03-25T21:25:22.968801,1774491922.9688008,1774491936.1120214,13.143220663070679,440,13.88888888888889,False,0,0,,417.39999999999617,0.5296954314720763,44.0,0.0,0.0,0.0,0.0,0.0,0.0,0.0,0.0,0,0,0,0,0,788,0,59.95486343876828,1.0,terminated,stuck_timeout,exploration
794,2026-03-25T21:25:38.185872,1774491938.1858723,1774491945.2792895,7.093417167663574,257,8.112373737373737,False,0,0,,236.29999999999995,0.5586288416075649,25.700000000000003,0.0,0.0,0.0,0.0,0.0,0.0,0.0,0.0,0,0,0,0,0,423,0,59.632753862032835,1.0,failed,death,exploration
795,2026-03-25T21:25:45.800028,1774491945.8000283,1774491954.083563,8.28353476524353,279,8.806818181818182,False,0,0,,264.4,0.5309236947791164,27.900000000000002,0.0,0.0,0.0,0.0,0.0,0.0,0.0,0.0,0,0,0,0,0,498,0,60.11926238174714,1.0,failed,death,exploration
796,2026-03-25T21:25:54.591424,1774491954.591424,1774491983.0997078,28.508283853530884,694,21.906565656565657,False,0,0,,669.399999999988,0.39146198830408657,69.4,0.0,0.0,0.0,0.0,0.0,0.0,0.0,0.0,0,0,0,0,0,1710,0,59.9825653759305,1.0,terminated,stuck_timeout,exploration
797,2026-03-25T21:26:26.444620,1774491986.4446204,1774492014.6091225,28.164502143859863,595,18.781565656565657,False,0,0,,540.2999999999893,0.3189492325855899,59.5,0.0,0.0,0.0,0.0,0.0,0.0,0.0,0.0,0,0,0,0,0,1694,0,60.14663392050438,1.0,terminated,stuck_timeout,exploration
798,2026-03-25T21:26:58.003326,1774492018.0033257,1774492047.1975625,29.194236755371094,594,18.75,False,0,0,,556.5999999999943,0.3182389937106886,59.400000000000006,0.0,0.0,0.0,0.0,0.0,0.0,0.0,0.0,0,0,0,0,0,1749,0,59.90908461336029,1.0,terminated,stuck_timeout,exploration
799,2026-03-25T21:27:30.823171,1774492050.823171,1774492057.7403264,6.917155504226685,253,7.986111111111111,False,0,0,,234.9000000000002,0.571532846715329,25.3,0.0,0.0,0.0,0.0,0.0,0.0,0.0,0.0,0,0,0,0,0,411,0,59.41748739765371,1.0,failed,death,exploration
800,2026-03-25T21:27:38.252455,1774492058.2524548,1774492066.3316944,8.0792396068573,233,7.354797979797979,False,0,0,,208.2000000000003,0.435564853556486,23.3,0.0,0.0,0.0,0.0,0.0,0.0,0.0,0.0,0,0,0,0,0,478,0,59.16398364943835,1.0,failed,death,exploration
801,2026-03-25T21:27:47.992859,1774492067.9928586,1774492071.2235494,3.2306907176971436,312,9.848484848484848,False,0,0,,303.2,1.5628865979381443,31.200000000000003,0.0,0.0,0.0,0.0,0.0,0.0,0.0,0.0,0,0,0,0,0,194,0,60.04907834021463,1.0,failed,death,exploration
802,2026-03-25T21:27:51.744437,1774492071.7444365,1774492077.1161175,5.371680974960327,290,9.154040404040405,False,0,0,,279.0,0.8746081504702194,29.0,0.0,0.0,0.0,0.0,0.0,0.0,0.0,0.0,0,0,0,0,0,319,0,59.385507346209444,1.0,failed,death,exploration
