timestamp,episode,duration_seconds,total_steps,total_reward,mario_x_final,mario_x_max,level_completed,death_cause,lives_remaining,score,coins_collected,enemies_killed,powerups_collected,time_remaining,completion_percentage,average_reward_per_step,max_q_value,min_q_value,exploration_actions,exploitation_actions
2026-03-28T00:18:52.886030,1,6.037308692932129,362,-20.05,45,45,False,stuck_timeout,0,0,0,0,0,0,1.4204545454545454,-0.05538674033149171,0.0,0.0,361,0
2026-03-28T00:18:58.901219,2,5.321699619293213,315,-20.800000000000022,42,42,False,stuck_timeout,0,0,0,0,0,0,1.3257575757575757,-0.06603174603174611,0.0,0.0,314,0
2026-03-28T00:19:11.604563,3,11.75193738937378,701,140.75000000000097,189,189,False,death,0,0,0,0,0,0,5.965909090909091,0.20078459343794716,0.0,0.0,699,1
2026-03-28T00:19:18.430082,4,6.067353010177612,362,-23.999999999999986,43,43,False,stuck_timeout,0,0,0,0,0,0,1.3573232323232325,-0.06629834254143642,0.0,0.0,361,0
2026-03-28T00:19:34.245065,5,14.850970029830933,889,175.65000000000268,254,254,False,stuck_timeout,0,0,0,0,0,0,8.017676767676768,0.19758155230596477,0.0,0.0,886,2
2026-03-28T00:19:40.055618,6,5.081922769546509,302,-27.700000000000077,40,40,False,stuck_timeout,0,0,0,0,0,0,1.2626262626262625,-0.09172185430463602,0.0,0.0,301,0
2026-03-28T00:19:50.263403,7,9.363949537277222,562,34.29999999999955,104,104,False,stuck_timeout,0,0,0,0,0,0,3.2828282828282833,0.06103202846975009,0.0,0.0,560,1
2026-03-28T00:19:59.986243,8,8.890562772750854,530,13.549999999999688,84,84,False,stuck_timeout,0,0,0,0,0,0,2.6515151515151514,0.02556603773584847,0.0,0.0,527,2
2026-03-28T00:20:07.151742,9,6.405794143676758,380,-5.850000000000001,61,61,False,stuck_timeout,0,0,0,0,0,0,1.9255050505050504,-0.015394736842105267,0.0,0.0,378,1
2026-03-28T00:20:26.610180,10,18.354217767715454,1100,49.349999999999504,146,146,False,stuck_timeout,0,0,0,0,0,0,4.608585858585858,0.04486363636363591,0.0,0.0,1094,5
2026-03-28T00:20:35.610153,11,8.190510272979736,490,-18.34999999999996,51,51,False,stuck_timeout,0,0,0,0,0,0,1.6098484848484849,-0.03744897959183665,0.0,0.0,487,2
2026-03-28T00:20:41.402280,12,5.067121744155884,302,-27.400000000000087,40,40,False,stuck_timeout,0,0,0,0,0,0,1.2626262626262625,-0.09072847682119234,0.0,0.0,300,1
2026-03-28T00:20:48.231960,13,6.100123167037964,363,-27.60000000000008,40,40,False,stuck_timeout,0,0,0,0,0,0,1.2626262626262625,-0.07603305785123989,0.0,0.0,360,2
2026-03-28T00:21:05.166929,14,15.870511054992676,950,401.7499999999987,462,462,False,stuck_timeout,0,0,0,0,0,0,14.583333333333334,0.4228947368421039,0.0,0.0,943,6
2026-03-28T00:21:21.773075,15,15.585844993591309,932,14.54999999999913,106,106,False,stuck_timeout,0,0,0,0,0,0,3.345959595959596,0.015611587982831686,0.0,0.0,925,6
2026-03-28T00:21:32.672218,16,9.966269731521606,599,113.05000000000118,179,179,False,stuck_timeout,0,0,0,0,0,0,5.650252525252526,0.1887312186978317,0.0,0.0,594,4
2026-03-28T00:21:38.450650,17,5.042792081832886,302,-26.750000000000085,40,40,False,stuck_timeout,0,0,0,0,0,0,1.2626262626262625,-0.08857615894039764,0.0,0.0,299,2
2026-03-28T00:21:47.972980,18,8.672558307647705,515,-13.349999999999943,55,55,False,stuck_timeout,0,0,0,0,0,0,1.7361111111111112,-0.02592233009708727,0.0,0.0,510,4
2026-03-28T00:21:55.961960,19,7.197837591171265,431,-2.5499999999999843,62,62,False,stuck_timeout,0,0,0,0,0,0,1.9570707070707072,-0.005916473317865393,0.0,0.0,426,4
2026-03-28T00:22:06.772681,20,9.949837923049927,594,20.24999999999946,99,99,False,stuck_timeout,0,0,0,0,0,0,3.125,0.03409090909090818,0.0,0.0,588,5
2026-03-28T00:22:18.612206,21,10.910512208938599,649,-1.1000000000000316,76,76,False,stuck_timeout,0,0,0,0,0,0,2.398989898989899,-0.0016949152542373369,0.0,0.0,642,6
2026-03-28T00:22:36.322523,22,16.653903484344482,995,207.2500000000027,304,304,False,stuck_timeout,0,0,0,0,0,0,9.595959595959595,0.20829145728643486,0.0,0.0,984,10
2026-03-28T00:22:47.471541,23,10.242201566696167,615,221.40000000000003,271,271,False,death,0,0,0,0,0,0,8.554292929292929,0.36000000000000004,0.0,0.0,607,7
2026-03-28T00:22:55.817550,24,7.5607054233551025,453,-25.950000000000074,44,44,False,stuck_timeout,0,0,0,0,0,0,1.3888888888888888,-0.057284768211920696,0.0,0.0,447,5
2026-03-28T00:23:02.539271,25,5.9964306354522705,358,-17.199999999999967,51,51,False,stuck_timeout,0,0,0,0,0,0,1.6098484848484849,-0.048044692737430075,0.0,0.0,353,4
2026-03-28T00:23:21.365193,26,17.733200073242188,1063,102.55000000000078,205,205,False,stuck_timeout,0,0,0,0,0,0,6.470959595959595,0.09647224835371664,0.0,0.0,1049,13
2026-03-28T00:23:35.219380,27,12.855318069458008,771,81.15000000000056,153,153,False,stuck_timeout,0,0,0,0,0,0,4.829545454545454,0.10525291828793847,0.0,0.0,760,10
2026-03-28T00:23:42.028571,28,6.015448808670044,361,0.4000000000000423,68,68,False,stuck_timeout,0,0,0,0,0,0,2.146464646464646,0.001108033240997347,0.0,0.0,355,5
2026-03-28T00:23:52.648096,29,9.737448930740356,581,117.90000000000121,183,183,False,stuck_timeout,0,0,0,0,0,0,5.776515151515151,0.2029259896729797,0.0,0.0,572,8
2026-03-28T00:24:15.724053,30,21.858874559402466,1309,381.9999999999969,434,434,False,stuck_timeout,0,0,0,0,0,0,13.69949494949495,0.29182582123758355,0.0,0.0,1289,19
2026-03-28T00:24:26.677837,31,10.070024967193604,603,81.70000000000094,156,156,False,stuck_timeout,0,0,0,0,0,0,4.924242424242424,0.135489220563849,0.0,0.0,593,9
2026-03-28T00:24:37.514173,32,9.95199203491211,594,63.70000000000142,135,135,False,stuck_timeout,0,0,0,0,0,0,4.261363636363636,0.10723905723905962,0.0,0.0,584,9
2026-03-28T00:24:45.937102,33,7.638980865478516,458,-20.44999999999998,52,52,False,stuck_timeout,0,0,0,0,0,0,1.6414141414141417,-0.04465065502183402,0.0,0.0,450,7
2026-03-28T00:24:55.368897,34,8.570653438568115,513,-21.199999999999992,52,52,False,stuck_timeout,0,0,0,0,0,0,1.6414141414141417,-0.041325536062378154,0.0,0.0,504,8
2026-03-28T00:25:11.297876,35,15.004611253738403,899,514.1999999999914,578,578,False,stuck_timeout,0,0,0,0,0,0,18.244949494949495,0.5719688542825266,0.0,0.0,883,15
2026-03-28T00:25:21.341899,36,9.178882598876953,551,228.00000000000017,276,276,False,death,0,0,0,0,0,0,8.712121212121213,0.4137931034482762,0.0,0.0,541,9
2026-03-28T00:25:34.085675,37,11.847891807556152,708,-18.34999999999995,71,71,False,stuck_timeout,0,0,0,0,0,0,2.241161616161616,-0.02591807909604513,0.0,0.0,695,12
2026-03-28T00:25:40.790837,38,5.979294776916504,357,-18.999999999999986,47,47,False,stuck_timeout,0,0,0,0,0,0,1.4835858585858586,-0.053221288515406126,0.0,0.0,350,6
2026-03-28T00:25:57.676979,39,15.803516387939453,949,35.549999999999564,128,128,False,stuck_timeout,0,0,0,0,0,0,4.040404040404041,0.03746048472075823,0.0,0.0,930,18
2026-03-28T00:26:10.980692,40,12.328070878982544,735,25.649999999999512,105,105,False,stuck_timeout,0,0,0,0,0,0,3.3143939393939394,0.034897959183672805,0.0,0.0,720,14
2026-03-28T00:26:19.750563,41,7.97109842300415,476,0.2999999999999956,65,65,False,stuck_timeout,0,0,0,0,0,0,2.051767676767677,0.0006302521008403268,0.0,0.0,466,9
2026-03-28T00:26:26.703642,42,6.226221323013306,374,10.29999999999984,75,75,False,stuck_timeout,0,0,0,0,0,0,2.367424242424242,0.027540106951871233,0.0,0.0,366,7
2026-03-28T00:26:32.438377,43,5.0031445026397705,302,-26.350000000000048,40,40,False,stuck_timeout,0,0,0,0,0,0,1.2626262626262625,-0.08725165562913922,0.0,0.0,295,6
2026-03-28T00:26:41.499418,44,8.254013299942017,492,-20.60000000000002,50,50,False,stuck_timeout,0,0,0,0,0,0,1.5782828282828283,-0.041869918699187034,0.0,0.0,481,10
2026-03-28T00:26:47.221061,45,5.030026912689209,302,-27.40000000000007,40,40,False,stuck_timeout,0,0,0,0,0,0,1.2626262626262625,-0.09072847682119228,0.0,0.0,295,6
2026-03-28T00:27:11.837630,46,23.484150648117065,1409,361.54999999999546,434,434,False,stuck_timeout,0,0,0,0,0,0,13.69949494949495,0.25660042583392156,0.0,0.0,1376,32
2026-03-28T00:27:27.799591,47,14.98682451248169,901,177.35000000000056,238,238,False,death,0,0,0,0,0,0,7.512626262626262,0.19683684794672648,0.0,0.0,880,20
2026-03-28T00:27:33.554896,48,5.025477647781372,302,-27.100000000000083,40,40,False,stuck_timeout,0,0,0,0,0,0,1.2626262626262625,-0.08973509933774862,0.0,0.0,294,7
2026-03-28T00:27:39.313484,49,5.023525953292847,302,-25.200000000000028,40,40,False,stuck_timeout,0,0,0,0,0,0,1.2626262626262625,-0.08344370860927161,0.0,0.0,294,7
2026-03-28T00:27:46.838270,50,6.756914377212524,402,-17.19999999999995,51,51,False,stuck_timeout,0,0,0,0,0,0,1.6098484848484849,-0.04278606965174117,0.0,0.0,392,9
2026-03-28T00:28:09.200979,51,18.342673301696777,1090,286.3999999999993,357,357,False,stuck_timeout,0,0,0,0,0,0,11.268939393939394,0.262752293577981,9.630338668823242,9.630338668823242,1062,27
2026-03-28T00:28:17.919044,52,7.305002689361572,437,203.30000000000038,244,244,False,death,0,0,0,0,0,0,7.7020202020202015,0.4652173913043487,9.436884880065918,9.436884880065918,425,11
2026-03-28T00:28:26.336473,53,7.36227822303772,441,-24.600000000000026,48,48,False,stuck_timeout,0,0,0,0,0,0,1.5151515151515151,-0.05578231292517013,10.492593765258789,10.492593765258789,429,11
2026-03-28T00:28:38.921534,54,11.355216264724731,680,-3.9500000000000197,74,74,False,stuck_timeout,0,0,0,0,0,0,2.335858585858586,-0.005808823529411793,9.804533004760742,9.804533004760742,662,17
2026-03-28T00:28:45.266174,55,5.3959105014801025,319,-25.20000000000003,43,43,False,stuck_timeout,0,0,0,0,0,0,1.3573232323232325,-0.07899686520376185,10.021957397460938,10.021957397460938,310,8
2026-03-28T00:28:51.250699,56,5.065651893615723,302,-25.50000000000003,40,40,False,stuck_timeout,0,0,0,0,0,0,1.2626262626262625,-0.08443708609271533,10.097967147827148,10.097967147827148,294,7
2026-03-28T00:29:00.831407,57,8.53895092010498,509,-5.299999999999961,66,66,False,stuck_timeout,0,0,0,0,0,0,2.083333333333333,-0.010412573673870256,10.452888488769531,10.452888488769531,495,13
2026-03-28T00:29:06.854785,58,5.070049524307251,302,-25.550000000000093,40,40,False,stuck_timeout,0,0,0,0,0,0,1.2626262626262625,-0.08460264900662283,10.107043266296387,10.107043266296387,294,7
2026-03-28T00:29:35.804576,59,25.606676816940308,1536,356.2999999999971,435,435,False,stuck_timeout,0,0,0,0,0,0,13.731060606060606,0.23196614583333144,9.952186584472656,9.952186584472656,1495,40
2026-03-28T00:29:42.724901,60,5.651402473449707,337,-25.300000000000026,40,40,False,stuck_timeout,0,0,0,0,0,0,1.2626262626262625,-0.0750741839762612,9.88809585571289,9.88809585571289,328,8
2026-03-28T00:29:53.493567,61,9.687081813812256,582,1.6499999999998676,75,75,False,stuck_timeout,0,0,0,0,0,0,2.367424242424242,0.0028350515463915252,10.058547973632812,10.058547973632812,566,15
2026-03-28T00:30:07.377593,62,12.74717092514038,761,65.45000000000105,155,155,False,stuck_timeout,0,0,0,0,0,0,4.892676767676768,0.08600525624178851,10.167350769042969,10.167350769042969,740,20
2026-03-28T00:30:13.839874,63,5.510227680206299,330,-18.299999999999983,45,45,False,stuck_timeout,0,0,0,0,0,0,1.4204545454545454,-0.0554545454545454,9.992842674255371,9.992842674255371,321,8
2026-03-28T00:30:24.450917,64,9.552397966384888,573,-6.650000000000001,70,70,False,stuck_timeout,0,0,0,0,0,0,2.20959595959596,-0.011605584642233858,9.66480541229248,9.66480541229248,557,15
2026-03-28T00:30:35.158401,65,9.017896890640259,536,220.65000000000236,279,279,False,stuck_timeout,0,0,0,0,0,0,8.806818181818182,0.4116604477611984,9.880575180053711,9.880575180053711,521,14
2026-03-28T00:30:43.552809,66,7.387669086456299,437,-9.49999999999999,58,58,False,stuck_timeout,0,0,0,0,0,0,1.8308080808080809,-0.021739130434782584,10.195450782775879,10.195450782775879,425,11
2026-03-28T00:30:49.622160,67,5.100017309188843,302,-21.65000000000001,40,40,False,stuck_timeout,0,0,0,0,0,0,1.2626262626262625,-0.07168874172185434,10.051111221313477,10.051111221313477,293,8
2026-03-28T00:31:01.848557,68,11.039703369140625,661,-0.6000000000001061,78,78,False,stuck_timeout,0,0,0,0,0,0,2.462121212121212,-0.0009077155824509926,10.087339401245117,10.087339401245117,643,17
2026-03-28T00:31:14.957795,69,11.196827411651611,672,136.55000000000197,215,215,False,stuck_timeout,0,0,0,0,0,0,6.786616161616162,0.2031994047619077,10.123575210571289,10.123575210571289,653,18
2026-03-28T00:31:20.843405,70,5.052623271942139,302,-26.500000000000096,40,40,False,stuck_timeout,0,0,0,0,0,0,1.2626262626262625,-0.08774834437086125,10.1171236038208,10.1171236038208,293,8
2026-03-28T00:31:27.262086,71,5.542994022369385,329,-24.25000000000006,42,42,False,stuck_timeout,0,0,0,0,0,0,1.3257575757575757,-0.07370820668693027,10.357610702514648,10.357610702514648,319,9
2026-03-28T00:31:37.420649,72,9.10854172706604,546,43.399999999999885,106,106,False,stuck_timeout,0,0,0,0,0,0,3.345959595959596,0.07948717948717927,10.110587120056152,10.110587120056152,530,15
2026-03-28T00:31:51.833332,73,12.522679805755615,750,192.60000000000215,269,269,False,stuck_timeout,0,0,0,0,0,0,8.491161616161616,0.25680000000000286,10.184187889099121,10.184187889099121,728,21
2026-03-28T00:32:15.510452,74,22.162075519561768,1329,101.19999999999936,188,188,False,death,0,0,0,0,0,0,5.934343434343434,0.0761474793077497,10.34500789642334,10.34500789642334,1291,37
2026-03-28T00:32:21.568580,75,5.084359407424927,302,-27.450000000000077,40,40,False,stuck_timeout,0,0,0,0,0,0,1.2626262626262625,-0.09089403973509959,10.300628662109375,10.300628662109375,293,8
2026-03-28T00:32:28.819360,76,6.252000093460083,375,-23.500000000000036,42,42,False,stuck_timeout,0,0,0,0,0,0,1.3257575757575757,-0.06266666666666676,10.290711402893066,10.290711402893066,364,10
2026-03-28T00:32:35.391316,77,5.625224828720093,339,-27.25000000000004,40,40,False,stuck_timeout,0,0,0,0,0,0,1.2626262626262625,-0.08038348082595882,10.341521263122559,10.341521263122559,329,9
2026-03-28T00:32:49.137867,78,11.82387113571167,707,371.5999999999988,434,434,False,stuck_timeout,0,0,0,0,0,0,13.69949494949495,0.5256011315417238,10.175821304321289,10.175821304321289,686,20
2026-03-28T00:32:58.154336,79,8.025439977645874,477,-20.149999999999988,47,47,False,stuck_timeout,0,0,0,0,0,0,1.4835858585858586,-0.0422431865828092,10.311756134033203,10.311756134033203,463,13
2026-03-28T00:33:04.380791,80,5.0152552127838135,302,-24.950000000000014,40,40,False,stuck_timeout,0,0,0,0,0,0,1.2626262626262625,-0.08261589403973514,10.64579963684082,10.64579963684082,293,8
2026-03-28T00:33:32.173825,81,24.616437435150146,1476,210.20000000000226,312,312,False,stuck_timeout,0,0,0,0,0,0,9.848484848484848,0.14241192411924272,10.314836502075195,10.314836502075195,1432,43
2026-03-28T00:34:06.441113,82,30.55345058441162,1834,343.7499999999949,434,434,False,stuck_timeout,0,0,0,0,0,0,13.69949494949495,0.1874318429661913,10.442477226257324,10.442477226257324,1778,55
2026-03-28T00:34:28.917893,83,20.826202630996704,1246,31.649999999999366,135,135,False,stuck_timeout,0,0,0,0,0,0,4.261363636363636,0.02540128410914877,10.949127197265625,10.949127197265625,1208,37
2026-03-28T00:34:44.510810,84,14.321518421173096,857,47.44999999999994,140,140,False,stuck_timeout,0,0,0,0,0,0,4.41919191919192,0.05536756126020996,10.446221351623535,10.446221351623535,831,25
2026-03-28T00:34:55.112130,85,9.43520188331604,563,-22.399999999999988,61,61,False,stuck_timeout,0,0,0,0,0,0,1.9255050505050504,-0.0397868561278863,10.587451934814453,10.587451934814453,546,16
2026-03-28T00:35:17.575106,86,19.794217109680176,1189,229.9500000000036,309,309,False,stuck_timeout,0,0,0,0,0,0,9.753787878787879,0.19339781328848074,10.676417350769043,10.676417350769043,1152,36
2026-03-28T00:35:30.382151,87,11.585072040557861,691,95.55000000000071,158,158,False,stuck_timeout,0,0,0,0,0,0,4.987373737373738,0.13827785817655674,10.968029022216797,10.968029022216797,669,21
2026-03-28T00:35:37.232644,88,5.934982776641846,351,-20.149999999999995,47,47,False,stuck_timeout,0,0,0,0,0,0,1.4835858585858586,-0.05740740740740739,10.91303539276123,10.91303539276123,340,10
2026-03-28T00:35:43.343430,89,5.211122989654541,310,-26.60000000000009,41,41,False,stuck_timeout,0,0,0,0,0,0,1.2941919191919191,-0.08580645161290351,10.724136352539062,10.724136352539062,300,9
2026-03-28T00:35:49.780796,90,5.56253719329834,329,-26.450000000000024,40,40,False,stuck_timeout,0,0,0,0,0,0,1.2626262626262625,-0.08039513677811558,10.672698020935059,10.672698020935059,318,10
2026-03-28T00:36:09.564056,91,17.382694721221924,1040,129.8500000000022,206,206,False,stuck_timeout,0,0,0,0,0,0,6.502525252525253,0.12485576923077135,10.787923812866211,10.787923812866211,1007,32
2026-03-28T00:36:25.453130,92,13.83323049545288,826,127.00000000000196,203,203,False,stuck_timeout,0,0,0,0,0,0,6.407828282828283,0.15375302663438495,11.097068786621094,11.097068786621094,799,26
2026-03-28T00:36:39.660273,93,13.009011268615723,781,16.399999999999633,98,98,False,stuck_timeout,0,0,0,0,0,0,3.0934343434343434,0.020998719590268417,10.757780075073242,10.757780075073242,756,24
2026-03-28T00:36:54.294710,94,12.690769672393799,757,214.95,274,274,False,death,0,0,0,0,0,0,8.6489898989899,0.28394980184940555,10.770075798034668,10.770075798034668,732,24
2026-03-28T00:37:06.785735,95,11.352603912353516,677,33.29999999999953,118,118,False,stuck_timeout,0,0,0,0,0,0,3.7247474747474745,0.04918759231905396,11.083822250366211,11.083822250366211,655,21
2026-03-28T00:37:14.595897,96,6.863591194152832,409,-14.44999999999995,50,50,False,stuck_timeout,0,0,0,0,0,0,1.5782828282828283,-0.03533007334963313,10.885939598083496,10.885939598083496,395,13
2026-03-28T00:37:22.621661,97,7.068309307098389,420,5.199999999999941,73,73,False,stuck_timeout,0,0,0,0,0,0,2.304292929292929,0.012380952380952239,11.016899108886719,11.016899108886719,406,13
2026-03-28T00:37:31.033805,98,7.425881624221802,446,-8.199999999999935,56,56,False,stuck_timeout,0,0,0,0,0,0,1.7676767676767675,-0.0183856502242151,11.741445541381836,11.741445541381836,431,14
2026-03-28T00:37:42.314034,99,9.68261194229126,581,158.65000000000072,204,204,False,death,0,0,0,0,0,0,6.4393939393939394,0.2730636833046484,11.523704528808594,11.523704528808594,562,18
2026-03-28T00:37:49.138023,100,5.544023036956787,330,-20.79999999999997,45,45,False,stuck_timeout,0,0,0,0,0,0,1.4204545454545454,-0.06303030303030294,11.016741752624512,11.016741752624512,319,10
2026-03-28T00:38:08.656110,101,17.114808559417725,1022,181.64999999999944,249,249,False,death,0,0,0,0,0,0,7.859848484848484,0.1777397260273967,11.76004695892334,11.76004695892334,987,34
2026-03-28T00:38:15.316366,102,5.726229190826416,340,-7.849999999999976,57,57,False,stuck_timeout,0,0,0,0,0,0,1.7992424242424243,-0.023088235294117576,11.475318908691406,11.475318908691406,328,11
2026-03-28T00:38:20.349156,103,3.9082999229431152,233,278.1000000000005,313,313,False,death,0,0,0,0,0,0,9.880050505050505,1.1935622317596588,11.51357650756836,11.51357650756836,225,7
2026-03-28T00:38:50.409742,104,26.72121238708496,1603,165.00000000000287,272,272,False,stuck_timeout,0,0,0,0,0,0,8.585858585858585,0.10293200249532307,11.944933891296387,11.944933891296387,1547,55
2026-03-28T00:38:56.461665,105,5.127209424972534,302,-26.75000000000007,40,40,False,stuck_timeout,0,0,0,0,0,0,1.2626262626262625,-0.08857615894039758,11.999418258666992,11.999418258666992,291,10
2026-03-28T00:39:04.999415,106,7.543802976608276,452,54.40000000000032,119,119,False,stuck_timeout,0,0,0,0,0,0,3.756313131313131,0.12035398230088566,10.856711387634277,10.856711387634277,436,15
2026-03-28T00:39:11.508799,107,5.611883640289307,337,-26.40000000000005,41,41,False,stuck_timeout,0,0,0,0,0,0,1.2941919191919191,-0.07833827893175088,11.72464656829834,11.72464656829834,325,11
2026-03-28T00:39:28.313501,108,15.470468759536743,924,60.05000000000072,137,137,False,stuck_timeout,0,0,0,0,0,0,4.32449494949495,0.06498917748917828,11.505607604980469,11.505607604980469,892,31
2026-03-28T00:39:41.537549,109,11.947004318237305,718,67.55000000000089,144,144,False,stuck_timeout,0,0,0,0,0,0,4.545454545454546,0.09408077994429094,12.228536605834961,12.228536605834961,693,24
2026-03-28T00:40:01.035044,110,17.034788846969604,1018,168.30000000000356,253,253,False,stuck_timeout,0,0,0,0,0,0,7.986111111111111,0.16532416502947306,11.638068199157715,11.638068199157715,982,35
2026-03-28T00:40:15.402346,111,13.174543857574463,790,77.20000000000094,148,148,False,stuck_timeout,0,0,0,0,0,0,4.671717171717172,0.09772151898734296,11.90998363494873,11.90998363494873,762,27
2026-03-28T00:40:24.787017,112,8.354634523391724,500,-11.599999999999946,58,58,False,stuck_timeout,0,0,0,0,0,0,1.8308080808080809,-0.023199999999999894,12.248144149780273,12.248144149780273,482,17
2026-03-28T00:40:34.619319,113,8.801230430603027,526,-10.95,59,59,False,stuck_timeout,0,0,0,0,0,0,1.8623737373737372,-0.020817490494296577,12.21735954284668,12.21735954284668,507,18
2026-03-28T00:40:41.981858,114,6.086825370788574,363,194.3500000000007,232,232,False,death,0,0,0,0,0,0,7.3232323232323235,0.5353994490358146,11.968132019042969,11.968132019042969,350,12
2026-03-28T00:40:49.891335,115,6.923156261444092,412,5.299999999999952,68,68,False,stuck_timeout,0,0,0,0,0,0,2.146464646464646,0.012864077669902796,12.48143196105957,12.48143196105957,397,14
2026-03-28T00:41:13.599717,116,21.79026174545288,1308,35.19999999999963,138,138,False,stuck_timeout,0,0,0,0,0,0,4.356060606060606,0.0269113149847092,11.857833862304688,11.857833862304688,1261,46
2026-03-28T00:41:25.479856,117,10.74589490890503,638,20.399999999999483,91,91,False,stuck_timeout,0,0,0,0,0,0,2.8724747474747474,0.03197492163009323,11.93017578125,11.93017578125,615,22
2026-03-28T00:41:44.365812,118,16.50046157836914,988,223.9500000000026,299,299,False,stuck_timeout,0,0,0,0,0,0,9.438131313131313,0.22667004048583259,12.533878326416016,12.533878326416016,952,35
2026-03-28T00:41:57.703775,119,12.071277618408203,723,30.499999999999474,108,108,False,stuck_timeout,0,0,0,0,0,0,3.4090909090909087,0.042185338865836065,12.263856887817383,12.263856887817383,697,25
2026-03-28T00:42:14.167048,120,14.266611814498901,857,152.40000000000302,233,233,False,stuck_timeout,0,0,0,0,0,0,7.354797979797979,0.17782963827304904,12.068472862243652,12.068472862243652,825,31
2026-03-28T00:42:25.621135,121,10.327095746994019,615,34.44999999999959,112,112,False,stuck_timeout,0,0,0,0,0,0,3.535353535353535,0.05601626016260096,12.585387229919434,12.585387229919434,592,22
2026-03-28T00:42:32.079794,122,5.551041126251221,329,-25.39999999999998,42,42,False,stuck_timeout,0,0,0,0,0,0,1.3257575757575757,-0.07720364741641332,12.710405349731445,12.710405349731445,317,11
2026-03-28T00:42:38.024309,123,5.024260997772217,302,-26.35000000000006,40,40,False,stuck_timeout,0,0,0,0,0,0,1.2626262626262625,-0.08725165562913927,12.525032043457031,12.525032043457031,291,10
2026-03-28T00:42:50.879405,124,10.965983629226685,654,189.40000000000236,264,264,False,stuck_timeout,0,0,0,0,0,0,8.333333333333332,0.28960244648318406,13.351728439331055,13.351728439331055,629,24
2026-03-28T00:42:57.604240,125,5.724697589874268,339,-20.950000000000035,44,44,False,stuck_timeout,0,0,0,0,0,0,1.3888888888888888,-0.061799410029498625,12.615878105163574,12.615878105163574,326,12
2026-03-28T00:43:21.685662,126,21.185286045074463,1270,543.7499999999934,595,595,False,stuck_timeout,0,0,0,0,0,0,18.781565656565657,0.4281496062992074,13.423566818237305,13.423566818237305,1222,47
2026-03-28T00:43:27.630350,127,5.09483528137207,302,-25.200000000000035,40,40,False,stuck_timeout,0,0,0,0,0,0,1.2626262626262625,-0.08344370860927164,12.780673027038574,12.780673027038574,290,11
2026-03-28T00:43:38.343049,128,9.13888931274414,545,216.80000000000052,265,265,False,death,0,0,0,0,0,0,8.36489898989899,0.3977981651376156,13.236422538757324,13.236422538757324,524,20
2026-03-28T00:43:52.190494,129,11.943772554397583,718,369.0999999999977,435,435,False,stuck_timeout,0,0,0,0,0,0,13.731060606060606,0.5140668523676848,13.659159660339355,13.659159660339355,690,27
2026-03-28T00:44:06.394458,130,12.30503225326538,738,198.35000000000036,251,251,False,death,0,0,0,0,0,0,7.9229797979797985,0.2687669376693772,14.639789581298828,14.639789581298828,709,28
2026-03-28T00:44:12.829311,131,5.524748086929321,329,-17.699999999999964,48,48,False,stuck_timeout,0,0,0,0,0,0,1.5151515151515151,-0.05379939209726433,14.515982627868652,14.515982627868652,316,12
2026-03-28T00:44:30.454293,132,16.3113431930542,975,-9.249999999999902,81,81,False,stuck_timeout,0,0,0,0,0,0,2.556818181818182,-0.009487179487179387,14.424880981445312,14.424880981445312,937,37
2026-03-28T00:44:37.201539,133,5.760183811187744,346,-25.35000000000004,41,41,False,stuck_timeout,0,0,0,0,0,0,1.2941919191919191,-0.07326589595375735,14.508377075195312,14.508377075195312,332,13
2026-03-28T00:45:05.651405,134,25.130247592926025,1508,396.49999999999363,474,474,False,stuck_timeout,0,0,0,0,0,0,14.962121212121213,0.2629310344827544,14.357523918151855,14.357523918151855,1448,59
2026-03-28T00:45:13.882249,135,7.238757133483887,433,-6.600000000000043,62,62,False,stuck_timeout,0,0,0,0,0,0,1.9570707070707072,-0.015242494226328044,14.813333511352539,14.813333511352539,416,16
2026-03-28T00:45:30.003717,136,14.816726922988892,890,14.19999999999974,96,96,False,stuck_timeout,0,0,0,0,0,0,3.0303030303030303,0.01595505617977499,14.317558288574219,14.317558288574219,855,34
2026-03-28T00:45:54.708507,137,21.779152870178223,1307,373.3999999999915,452,452,False,stuck_timeout,0,0,0,0,0,0,14.267676767676768,0.2856924254016767,14.947561264038086,14.947561264038086,1255,51
2026-03-28T00:46:00.735562,138,5.0934157371521,302,-24.650000000000055,40,40,False,stuck_timeout,0,0,0,0,0,0,1.2626262626262625,-0.08162251655629157,15.212596893310547,15.212596893310547,290,11
2026-03-28T00:46:09.878244,139,8.108103036880493,480,-13.14999999999995,61,61,False,stuck_timeout,0,0,0,0,0,0,1.9255050505050504,-0.02739583333333323,14.977023124694824,14.977023124694824,460,19
2026-03-28T00:46:21.592230,140,9.959023714065552,594,188.9000000000021,252,252,False,stuck_timeout,0,0,0,0,0,0,7.954545454545454,0.3180134680134716,15.923734664916992,15.923734664916992,570,23
2026-03-28T00:46:34.803944,141,11.958359241485596,718,64.05000000000085,127,127,False,stuck_timeout,0,0,0,0,0,0,4.008838383838384,0.08920612813370592,15.605613708496094,15.605613708496094,689,28
2026-03-28T00:46:41.346211,142,5.568450212478638,331,-20.40000000000002,43,43,False,stuck_timeout,0,0,0,0,0,0,1.3573232323232325,-0.061631419939577096,16.51346778869629,16.51346778869629,317,13
2026-03-28T00:47:08.011262,143,23.585617065429688,1414,172.65000000000302,263,263,False,stuck_timeout,0,0,0,0,0,0,8.301767676767676,0.12210042432814923,16.82054328918457,16.82054328918457,1356,57
2026-03-28T00:47:15.567521,144,6.560849666595459,394,-25.100000000000065,44,44,False,stuck_timeout,0,0,0,0,0,0,1.3888888888888888,-0.06370558375634534,15.869733810424805,15.869733810424805,377,16
2026-03-28T00:47:44.640347,145,25.803269147872925,1549,334.8999999999957,435,435,False,stuck_timeout,0,0,0,0,0,0,13.731060606060606,0.2162040025823084,16.383596420288086,16.383596420288086,1485,63
2026-03-28T00:48:00.221570,146,13.588361740112305,813,219.70000000000158,278,278,False,death,0,0,0,0,0,0,8.775252525252524,0.2702337023370253,17.393674850463867,17.393674850463867,779,33
2026-03-28T00:48:26.729180,147,23.413668870925903,1404,329.1999999999997,425,425,False,stuck_timeout,0,0,0,0,0,0,13.415404040404042,0.23447293447293427,17.727706909179688,17.727706909179688,1344,59
2026-03-28T00:48:40.944205,148,12.262235879898071,738,282.249999999998,337,337,False,stuck_timeout,0,0,0,0,0,0,10.637626262626263,0.38245257452574255,18.118606567382812,18.118606567382812,706,31
2026-03-28T00:48:47.955699,149,6.099302768707275,362,-13.699999999999935,54,54,False,stuck_timeout,0,0,0,0,0,0,1.7045454545454544,-0.03784530386740314,17.029441833496094,17.029441833496094,346,15
2026-03-28T00:48:56.613711,150,7.6466896533966064,455,-15.249999999999929,53,53,False,stuck_timeout,0,0,0,0,0,0,1.672979797979798,-0.03351648351648336,18.26205825805664,18.26205825805664,435,19
2026-03-28T00:49:19.094586,151,20.928866386413574,1257,57.25000000000054,154,154,False,death,0,0,0,0,0,0,4.861111111111112,0.04554494828957879,17.98943519592285,17.98943519592285,1203,53
2026-03-28T00:49:28.309147,152,7.712924480438232,463,247.40000000000052,292,292,False,death,0,0,0,0,0,0,9.217171717171716,0.5343412526997852,19.230144500732422,19.230144500732422,443,19
2026-03-28T00:50:01.814674,153,29.792476415634155,1788,242.3500000000008,344,344,False,stuck_timeout,0,0,0,0,0,0,10.85858585858586,0.13554250559284162,18.269071578979492,18.269071578979492,1710,77
2026-03-28T00:50:07.848303,154,5.106603384017944,302,-27.750000000000078,40,40,False,stuck_timeout,0,0,0,0,0,0,1.2626262626262625,-0.09188741721854331,19.753780364990234,19.753780364990234,288,13
2026-03-28T00:50:18.855422,155,9.89382815361023,594,-8.100000000000007,66,66,False,stuck_timeout,0,0,0,0,0,0,2.083333333333333,-0.013636363636363648,18.0025634765625,18.0025634765625,568,25
2026-03-28T00:50:24.841509,156,5.08246111869812,302,-27.45000000000011,40,40,False,stuck_timeout,0,0,0,0,0,0,1.2626262626262625,-0.0908940397350997,19.614673614501953,19.614673614501953,288,13
2026-03-28T00:50:35.002522,157,9.047194957733154,541,0.650000000000023,69,69,False,stuck_timeout,0,0,0,0,0,0,2.178030303030303,0.0012014787430684344,18.796005249023438,18.796005249023438,517,23
2026-03-28T00:50:42.275958,158,6.268737077713013,375,5.999999999999957,74,74,False,stuck_timeout,0,0,0,0,0,0,2.335858585858586,0.015999999999999886,20.844188690185547,20.844188690185547,358,16
2026-03-28T00:50:51.587540,159,8.251531839370728,496,-9.049999999999992,63,63,False,stuck_timeout,0,0,0,0,0,0,1.9886363636363635,-0.018245967741935466,21.11385154724121,21.11385154724121,474,21
2026-03-28T00:50:59.823332,160,6.767841100692749,407,-28.400000000000116,41,41,False,stuck_timeout,0,0,0,0,0,0,1.2941919191919191,-0.06977886977887006,19.63368034362793,19.63368034362793,389,17
2026-03-28T00:51:10.499884,161,9.561951875686646,574,45.649999999999615,114,114,False,stuck_timeout,0,0,0,0,0,0,3.5984848484848486,0.079529616724738,19.077308654785156,19.077308654785156,548,25
2026-03-28T00:51:20.389678,162,8.822875499725342,529,44.09999999999983,107,107,False,stuck_timeout,0,0,0,0,0,0,3.3775252525252526,0.08336483931947038,19.765186309814453,19.765186309814453,505,23
2026-03-28T00:51:26.872898,163,5.542856454849243,330,-23.050000000000004,42,42,False,stuck_timeout,0,0,0,0,0,0,1.3257575757575757,-0.06984848484848487,20.671375274658203,20.671375274658203,315,14
2026-03-28T00:51:32.863535,164,5.113209009170532,302,-23.950000000000067,40,40,False,stuck_timeout,0,0,0,0,0,0,1.2626262626262625,-0.07930463576158962,20.01641273498535,20.01641273498535,288,13
2026-03-28T00:51:39.318957,165,5.574997425079346,330,-22.050000000000043,43,43,False,stuck_timeout,0,0,0,0,0,0,1.3573232323232325,-0.06681818181818194,18.725385665893555,18.725385665893555,315,14
2026-03-28T00:51:56.891507,166,15.232893705368042,914,523.4999999999941,594,594,False,stuck_timeout,0,0,0,0,0,0,18.75,0.5727571115973678,20.99669647216797,20.99669647216797,873,40
2026-03-28T00:52:13.012864,167,14.791337966918945,889,90.10000000000107,152,152,False,stuck_timeout,0,0,0,0,0,0,4.797979797979798,0.10134983127109232,20.348480224609375,20.348480224609375,849,39
2026-03-28T00:52:25.293375,168,11.142761945724487,668,32.79999999999947,101,101,False,stuck_timeout,0,0,0,0,0,0,3.1881313131313127,0.04910179640718484,21.503128051757812,21.503128051757812,638,29
2026-03-28T00:52:41.246973,169,14.68857717514038,882,11.499999999999465,106,106,False,stuck_timeout,0,0,0,0,0,0,3.345959595959596,0.013038548752833862,21.69256591796875,21.69256591796875,842,39
2026-03-28T00:52:59.329438,170,15.719062328338623,943,372.1499999999974,434,434,False,stuck_timeout,0,0,0,0,0,0,13.69949494949495,0.3946447507953313,19.992267608642578,19.992267608642578,900,42
2026-03-28T00:53:06.453134,171,6.154982566833496,366,-15.899999999999949,50,50,False,stuck_timeout,0,0,0,0,0,0,1.5782828282828283,-0.043442622950819534,20.490901947021484,20.490901947021484,349,16
2026-03-28T00:53:15.594773,172,7.704660415649414,461,245.7000000000006,284,284,False,death,0,0,0,0,0,0,8.964646464646464,0.5329718004338408,22.08065414428711,22.08065414428711,440,20
2026-03-28T00:53:23.922810,173,7.325315952301025,440,-18.149999999999963,51,51,False,stuck_timeout,0,0,0,0,0,0,1.6098484848484849,-0.04124999999999992,23.18435287475586,23.18435287475586,420,19
2026-03-28T00:53:38.141147,174,13.026738166809082,779,55.55000000000028,136,136,False,stuck_timeout,0,0,0,0,0,0,4.292929292929292,0.07130937098844708,22.299915313720703,22.299915313720703,743,35
2026-03-28T00:53:44.661958,175,5.639825105667114,338,-15.749999999999952,48,48,False,stuck_timeout,0,0,0,0,0,0,1.5151515151515151,-0.04659763313609453,22.927898406982422,22.927898406982422,322,15
2026-03-28T00:53:56.705398,176,10.168896198272705,610,162.00000000000216,230,230,False,stuck_timeout,0,0,0,0,0,0,7.2601010101010095,0.2655737704918068,22.42325210571289,22.42325210571289,581,28
2026-03-28T00:54:02.616553,177,5.062290906906128,302,-26.300000000000043,40,40,False,stuck_timeout,0,0,0,0,0,0,1.2626262626262625,-0.08708609271523193,21.723915100097656,21.723915100097656,288,13
2026-03-28T00:54:22.822781,178,17.742648124694824,1062,374.2999999999996,435,435,False,stuck_timeout,0,0,0,0,0,0,13.731060606060606,0.35244821092278683,23.006933212280273,23.006933212280273,1012,49
2026-03-28T00:54:40.977630,179,16.71600365638733,1005,-8.199999999999898,86,86,False,stuck_timeout,0,0,0,0,0,0,2.714646464646465,-0.008159203980099401,23.356229782104492,23.356229782104492,958,46
2026-03-28T00:54:47.412712,180,5.158569574356079,309,-22.650000000000055,41,41,False,stuck_timeout,0,0,0,0,0,0,1.2941919191919191,-0.07330097087378659,23.62502670288086,23.62502670288086,294,14
2026-03-28T00:54:56.969828,181,8.579113483428955,513,26.499999999999588,91,91,False,stuck_timeout,0,0,0,0,0,0,2.8724747474747474,0.05165692007797191,20.31960678100586,20.31960678100586,488,24
2026-03-28T00:55:10.927683,182,12.725131273269653,765,82.6000000000006,157,157,False,stuck_timeout,0,0,0,0,0,0,4.95580808080808,0.10797385620915112,23.898052215576172,23.898052215576172,729,35
2026-03-28T00:55:45.928550,183,31.280029773712158,1875,517.3499999999904,604,604,False,stuck_timeout,0,0,0,0,0,0,19.065656565656568,0.27591999999999484,25.58357810974121,25.58357810974121,1786,88
2026-03-28T00:55:54.709788,184,7.805332183837891,465,4.6999999999998225,75,75,False,stuck_timeout,0,0,0,0,0,0,2.367424242424242,0.010107526881720048,24.78255271911621,24.78255271911621,442,22
2026-03-28T00:56:11.125232,185,14.336957216262817,857,173.55000000000092,242,242,False,death,0,0,0,0,0,0,7.638888888888889,0.2025087514585775,25.172992706298828,25.172992706298828,816,40
2026-03-28T00:56:26.737763,186,14.390779972076416,859,48.1999999999996,122,122,False,stuck_timeout,0,0,0,0,0,0,3.8510101010101008,0.05611175785797392,24.502370834350586,24.502370834350586,817,41
2026-03-28T00:56:48.731101,187,19.331262826919556,1158,268.2499999999983,339,339,False,stuck_timeout,0,0,0,0,0,0,10.700757575757576,0.23164939550949767,25.830801010131836,25.830801010131836,1102,55
2026-03-28T00:56:56.038281,188,6.3658766746521,381,-20.04999999999998,47,47,False,stuck_timeout,0,0,0,0,0,0,1.4835858585858586,-0.052624671916010446,23.852039337158203,23.852039337158203,362,18
2026-03-28T00:57:08.004114,189,10.16712474822998,606,159.05000000000143,208,208,False,death,0,0,0,0,0,0,6.565656565656567,0.26245874587458984,24.55902099609375,24.55902099609375,576,29
2026-03-28T00:57:13.945809,190,5.045171499252319,302,-26.450000000000056,40,40,False,stuck_timeout,0,0,0,0,0,0,1.2626262626262625,-0.08758278145695383,26.10964584350586,26.10964584350586,287,14
2026-03-28T00:57:24.446970,191,8.942429780960083,533,237.10000000000056,286,286,False,death,0,0,0,0,0,0,9.027777777777777,0.44484052532833124,26.469039916992188,26.469039916992188,506,26
2026-03-28T00:57:46.331997,192,19.34007167816162,1163,147.45000000000283,243,243,False,stuck_timeout,0,0,0,0,0,0,7.670454545454546,0.12678417884780982,25.884437561035156,25.884437561035156,1105,57
2026-03-28T00:57:52.746115,193,5.208597183227539,313,248.0000000000008,281,281,False,death,0,0,0,0,0,0,8.869949494949495,0.7923322683706095,26.49846649169922,26.49846649169922,297,15
2026-03-28T00:57:59.342085,194,5.645746231079102,337,-19.05,46,46,False,stuck_timeout,0,0,0,0,0,0,1.452020202020202,-0.05652818991097923,26.0699462890625,26.0699462890625,320,16
2026-03-28T00:58:05.930299,195,5.609870910644531,337,-19.249999999999996,46,46,False,stuck_timeout,0,0,0,0,0,0,1.452020202020202,-0.05712166172106824,26.30385398864746,26.30385398864746,320,16
2026-03-28T00:58:41.729802,196,31.9800226688385,1920,365.3499999999954,445,445,False,stuck_timeout,0,0,0,0,0,0,14.046717171717171,0.19028645833333094,28.398590087890625,28.398590087890625,1822,97
2026-03-28T00:58:49.407225,197,6.776225328445435,405,49.94999999999981,114,114,False,stuck_timeout,0,0,0,0,0,0,3.5984848484848486,0.12333333333333286,26.071269989013672,26.071269989013672,384,20
2026-03-28T00:58:55.314167,198,5.028323411941528,302,-26.650000000000077,40,40,False,stuck_timeout,0,0,0,0,0,0,1.2626262626262625,-0.08824503311258304,26.679988861083984,26.679988861083984,286,15
2026-03-28T00:59:13.402349,199,15.856310844421387,949,365.14999999999856,434,434,False,stuck_timeout,0,0,0,0,0,0,13.69949494949495,0.38477344573234834,27.182167053222656,27.182167053222656,900,48
2026-03-28T00:59:21.234817,200,6.4382853507995605,382,-23.75000000000006,41,41,False,stuck_timeout,0,0,0,0,0,0,1.2941919191919191,-0.0621727748691101,27.606992721557617,27.606992721557617,362,19
2026-03-28T00:59:35.409186,201,12.93501877784729,777,-18.3999999999999,68,68,False,stuck_timeout,0,0,0,0,0,0,2.146464646464646,-0.02368082368082355,27.420475006103516,27.420475006103516,736,40
2026-03-28T00:59:44.845915,202,8.482725143432617,506,10.399999999999931,74,74,False,stuck_timeout,0,0,0,0,0,0,2.335858585858586,0.02055335968379433,28.18258285522461,28.18258285522461,479,26
2026-03-28T00:59:58.429946,203,12.330294132232666,736,115.4500000000012,195,195,False,stuck_timeout,0,0,0,0,0,0,6.15530303030303,0.1568614130434799,25.522436141967773,25.522436141967773,697,38
2026-03-28T01:00:13.094754,204,12.663169860839844,761,151.6500000000019,217,217,False,stuck_timeout,0,0,0,0,0,0,6.849747474747475,0.1992772667542732,27.118045806884766,27.118045806884766,721,39
2026-03-28T01:00:37.606921,205,21.63865303993225,1300,151.40000000000367,244,244,False,stuck_timeout,0,0,0,0,0,0,7.7020202020202015,0.11646153846154128,27.988723754882812,27.988723754882812,1231,68
2026-03-28T01:00:43.860417,206,5.317219257354736,316,-20.750000000000014,41,41,False,stuck_timeout,0,0,0,0,0,0,1.2941919191919191,-0.06566455696202536,28.457128524780273,28.457128524780273,299,16
2026-03-28T01:00:56.991215,207,11.984411239624023,717,23.349999999999493,91,91,False,stuck_timeout,0,0,0,0,0,0,2.8724747474747474,0.03256624825662412,27.730152130126953,27.730152130126953,679,37
2026-03-28T01:01:19.689953,208,20.044874668121338,1199,521.8999999999928,595,595,False,stuck_timeout,0,0,0,0,0,0,18.781565656565657,0.435279399499577,28.31549644470215,28.31549644470215,1135,63
2026-03-28T01:01:25.848513,209,4.928294658660889,291,258.6500000000004,293,293,False,death,0,0,0,0,0,0,9.248737373737374,0.8888316151202762,29.14031982421875,29.14031982421875,275,15
2026-03-28T01:01:35.025561,210,8.189897775650024,493,-28.900000000000087,47,47,False,stuck_timeout,0,0,0,0,0,0,1.4835858585858586,-0.05862068965517259,28.342205047607422,28.342205047607422,466,26
2026-03-28T01:01:48.542561,211,12.292918920516968,736,-31.75000000000004,59,59,False,stuck_timeout,0,0,0,0,0,0,1.8623737373737372,-0.04313858695652179,30.49990463256836,30.49990463256836,696,39
2026-03-28T01:01:57.020828,212,6.995507001876831,419,242.10000000000042,293,293,False,death,0,0,0,0,0,0,9.248737373737374,0.5778042959427218,28.58352279663086,28.58352279663086,396,22
2026-03-28T01:02:07.397508,213,8.89220404624939,530,200.95000000000056,240,240,False,death,0,0,0,0,0,0,7.575757575757576,0.37915094339622746,29.64828109741211,29.64828109741211,501,28
2026-03-28T01:02:29.299197,214,20.426276683807373,1225,11.099999999999273,124,124,False,stuck_timeout,0,0,0,0,0,0,3.9141414141414144,0.009061224489795325,28.969717025756836,28.969717025756836,1158,66
2026-03-28T01:02:50.325987,215,18.430863618850708,1104,356.54999999999797,438,438,False,stuck_timeout,0,0,0,0,0,0,13.825757575757574,0.3229619565217373,29.23779296875,29.23779296875,1043,60
2026-03-28T01:03:03.915530,216,12.307268857955933,734,22.249999999999634,103,103,False,stuck_timeout,0,0,0,0,0,0,3.2512626262626263,0.030313351498637103,30.519790649414062,30.519790649414062,693,40
2026-03-28T01:03:09.849469,217,5.063518285751343,302,-24.10000000000005,40,40,False,stuck_timeout,0,0,0,0,0,0,1.2626262626262625,-0.07980132450331143,30.55365562438965,30.55365562438965,285,16
2026-03-28T01:03:22.088074,218,10.38320541381836,619,192.15000000000205,251,251,False,stuck_timeout,0,0,0,0,0,0,7.9229797979797985,0.310420032310181,31.704143524169922,31.704143524169922,584,34
2026-03-28T01:03:35.724648,219,12.422850370407104,740,104.70000000000088,168,168,False,stuck_timeout,0,0,0,0,0,0,5.303030303030303,0.14148648648648768,30.95125389099121,30.95125389099121,698,41
2026-03-28T01:03:49.829345,220,12.17964243888855,722,13.449999999999738,93,93,False,stuck_timeout,0,0,0,0,0,0,2.9356060606060606,0.018628808864265566,29.956592559814453,29.956592559814453,681,40
2026-03-28T01:04:01.451816,221,10.491739273071289,628,107.20000000000098,178,178,False,stuck_timeout,0,0,0,0,0,0,5.6186868686868685,0.17070063694267673,30.948591232299805,30.948591232299805,592,35
2026-03-28T01:04:07.442594,222,5.128502607345581,302,-27.750000000000078,40,40,False,stuck_timeout,0,0,0,0,0,0,1.2626262626262625,-0.09188741721854331,31.31085777282715,31.31085777282715,285,16
2026-03-28T01:04:14.829804,223,6.378158807754517,379,-20.55000000000004,43,43,False,stuck_timeout,0,0,0,0,0,0,1.3573232323232325,-0.05422163588390512,32.44950866699219,32.44950866699219,357,21
2026-03-28T01:04:31.578935,224,14.555924892425537,870,175.65000000000202,250,250,False,stuck_timeout,0,0,0,0,0,0,7.891414141414141,0.20189655172414026,30.47347640991211,30.47347640991211,820,49
2026-03-28T01:04:49.235585,225,16.27605891227722,975,82.45000000000104,152,152,False,stuck_timeout,0,0,0,0,0,0,4.797979797979798,0.08456410256410363,31.991291046142578,31.991291046142578,920,54
2026-03-28T01:04:55.179029,226,5.014408826828003,302,-24.550000000000022,40,40,False,stuck_timeout,0,0,0,0,0,0,1.2626262626262625,-0.0812913907284769,30.789108276367188,30.789108276367188,284,17
2026-03-28T01:05:01.197512,227,5.0980634689331055,302,-23.40000000000003,40,40,False,stuck_timeout,0,0,0,0,0,0,1.2626262626262625,-0.07748344370860938,31.598800659179688,31.598800659179688,284,17
2026-03-28T01:05:22.083233,228,18.262545585632324,1093,373.4999999999967,437,437,False,stuck_timeout,0,0,0,0,0,0,13.79419191919192,0.34172003659652034,31.359830856323242,31.359830856323242,1030,62
2026-03-28T01:05:38.670603,229,15.238398313522339,909,-17.8999999999999,72,72,False,stuck_timeout,0,0,0,0,0,0,2.272727272727273,-0.01969196919691958,31.325580596923828,31.325580596923828,857,51
2026-03-28T01:06:00.712104,230,19.369868278503418,1158,160.10000000000238,235,235,False,stuck_timeout,0,0,0,0,0,0,7.417929292929292,0.1382556131260815,32.226234436035156,32.226234436035156,1091,66
2026-03-28T01:06:10.971857,231,9.209798812866211,550,2.5499999999999203,75,75,False,stuck_timeout,0,0,0,0,0,0,2.367424242424242,0.0046363636363634915,33.111122131347656,33.111122131347656,518,31
2026-03-28T01:06:21.317348,232,8.813230037689209,529,253.80000000000058,287,287,False,death,0,0,0,0,0,0,9.059343434343434,0.47977315689981204,30.40748405456543,30.40748405456543,498,30
2026-03-28T01:06:31.744607,233,9.330708980560303,560,43.84999999999994,109,109,False,stuck_timeout,0,0,0,0,0,0,3.4406565656565657,0.07830357142857132,32.814090728759766,32.814090728759766,527,32
2026-03-28T01:06:47.136337,234,14.115899562835693,849,105.25000000000088,163,163,False,death,0,0,0,0,0,0,5.14520202020202,0.12396937573616122,31.553054809570312,31.553054809570312,799,49
2026-03-28T01:06:55.313231,235,6.795479774475098,407,239.80000000000044,272,272,False,death,0,0,0,0,0,0,8.585858585858585,0.5891891891891903,32.25516891479492,32.25516891479492,383,23
2026-03-28T01:07:19.429959,236,21.287338495254517,1276,342.34999999999934,435,435,False,stuck_timeout,0,0,0,0,0,0,13.731060606060606,0.26829937304075185,32.68227005004883,32.68227005004883,1201,74
2026-03-28T01:07:41.978215,237,19.78441047668457,1186,235.55000000000118,311,311,False,stuck_timeout,0,0,0,0,0,0,9.816919191919192,0.1986087689713332,31.941699981689453,31.941699981689453,1115,70
2026-03-28T01:07:48.383448,238,5.507359266281128,327,-19.449999999999996,44,44,False,stuck_timeout,0,0,0,0,0,0,1.3888888888888888,-0.05948012232415901,32.02660369873047,32.02660369873047,307,19
2026-03-28T01:08:04.577503,239,14.925166845321655,892,66.60000000000184,148,148,False,stuck_timeout,0,0,0,0,0,0,4.671717171717172,0.0746636771300469,32.9315071105957,32.9315071105957,839,52
2026-03-28T01:08:11.187835,240,5.3235085010528564,317,-24.000000000000046,41,41,False,stuck_timeout,0,0,0,0,0,0,1.2941919191919191,-0.07570977917981087,33.216312408447266,33.216312408447266,298,18
2026-03-28T01:08:34.026005,241,21.337316036224365,1273,98.95000000000141,188,188,False,stuck_timeout,0,0,0,0,0,0,5.934343434343434,0.07772977219167432,32.820411682128906,32.820411682128906,1197,75
2026-03-28T01:09:09.550206,242,31.64059019088745,1902,186.85000000000508,308,308,False,stuck_timeout,0,0,0,0,0,0,9.722222222222223,0.09823869610936124,35.107948303222656,35.107948303222656,1787,114
2026-03-28T01:09:21.316706,243,10.569371223449707,629,11.149999999999778,81,81,False,stuck_timeout,0,0,0,0,0,0,2.556818181818182,0.017726550079490904,33.66709899902344,33.66709899902344,591,37
2026-03-28T01:09:29.228212,244,6.485210418701172,387,182.05000000000067,221,221,False,death,0,0,0,0,0,0,6.976010101010101,0.4704134366925082,34.545101165771484,34.545101165771484,363,23
2026-03-28T01:09:35.144101,245,5.063329696655273,302,-25.85000000000009,40,40,False,stuck_timeout,0,0,0,0,0,0,1.2626262626262625,-0.08559602649006652,32.94720458984375,32.94720458984375,283,18
2026-03-28T01:09:53.619335,246,17.131498098373413,1029,-15.749999999999865,82,82,False,stuck_timeout,0,0,0,0,0,0,2.5883838383838382,-0.015306122448979461,35.38395690917969,35.38395690917969,966,62
2026-03-28T01:10:04.099916,247,9.428077459335327,561,50.750000000000306,114,114,False,stuck_timeout,0,0,0,0,0,0,3.5984848484848486,0.09046345811051748,33.57645797729492,33.57645797729492,527,33
2026-03-28T01:10:10.560789,248,5.598448276519775,331,-19.94999999999997,46,46,False,stuck_timeout,0,0,0,0,0,0,1.452020202020202,-0.06027190332326275,34.22349548339844,34.22349548339844,310,20
2026-03-28T01:11:06.410335,249,50.111289262771606,3007,438.6499999999936,594,594,False,stuck_timeout,0,0,0,0,0,0,18.75,0.1458762886597917,35.102779388427734,35.102779388427734,2823,183
2026-03-28T01:11:40.750179,250,30.61933946609497,1835,136.6500000000044,252,252,False,stuck_timeout,0,0,0,0,0,0,7.954545454545454,0.07446866485013864,34.35462951660156,34.35462951660156,1722,112
2026-03-28T01:11:47.950134,251,6.257463455200195,375,-7.700000000000017,60,60,False,stuck_timeout,0,0,0,0,0,0,1.893939393939394,-0.02053333333333338,34.685447692871094,34.685447692871094,351,23
2026-03-28T01:12:14.383027,252,23.379833221435547,1402,347.049999999999,418,418,False,stuck_timeout,0,0,0,0,0,0,13.194444444444445,0.24753922967189657,35.71025085449219,35.71025085449219,1315,86
2026-03-28T01:12:31.061105,253,15.29547643661499,914,74.8500000000009,142,142,False,stuck_timeout,0,0,0,0,0,0,4.482323232323232,0.08189277899343644,35.24879837036133,35.24879837036133,857,56
2026-03-28T01:12:56.723093,254,22.635737419128418,1360,316.39999999999606,388,388,False,stuck_timeout,0,0,0,0,0,0,12.247474747474747,0.23264705882352651,36.28574752807617,36.28574752807617,1275,84
2026-03-28T01:13:04.559093,255,6.498469352722168,385,245.95000000000044,284,284,False,death,0,0,0,0,0,0,8.964646464646464,0.63883116883117,36.49745559692383,36.49745559692383,360,24
2026-03-28T01:13:34.170866,256,26.348943948745728,1580,350.0499999999973,434,434,False,stuck_timeout,0,0,0,0,0,0,13.69949494949495,0.22155063291139068,36.621482849121094,36.621482849121094,1479,100
2026-03-28T01:14:10.720954,257,32.63639974594116,1962,235.10000000000372,356,356,False,stuck_timeout,0,0,0,0,0,0,11.237373737373737,0.11982670744138824,36.112159729003906,36.112159729003906,1836,125
2026-03-28T01:14:20.184532,258,8.484528064727783,504,29.199999999999488,98,98,False,stuck_timeout,0,0,0,0,0,0,3.0934343434343434,0.05793650793650692,35.72078323364258,35.72078323364258,471,32
2026-03-28T01:14:31.854163,259,10.56234073638916,630,30.6499999999995,100,100,False,stuck_timeout,0,0,0,0,0,0,3.1565656565656566,0.04865079365079286,35.74705505371094,35.74705505371094,589,40
2026-03-28T01:14:39.165691,260,6.042078733444214,362,-9.44999999999997,58,58,False,stuck_timeout,0,0,0,0,0,0,1.8308080808080809,-0.026104972375690528,36.724422454833984,36.724422454833984,338,23
2026-03-28T01:15:08.515157,261,26.04504895210266,1562,509.1999999999902,596,596,False,stuck_timeout,0,0,0,0,0,0,18.81313131313131,0.32599231754160707,35.26837921142578,35.26837921142578,1460,101
2026-03-28T01:15:25.441243,262,15.578984260559082,936,57.95000000000029,138,138,False,stuck_timeout,0,0,0,0,0,0,4.356060606060606,0.06191239316239347,36.65725326538086,36.65725326538086,875,60
2026-03-28T01:15:37.613409,263,11.021620273590088,662,-9.099999999999927,65,65,False,stuck_timeout,0,0,0,0,0,0,2.051767676767677,-0.013746223564954573,36.19725799560547,36.19725799560547,619,42
2026-03-28T01:15:48.788391,264,10.000323295593262,596,20.849999999999625,85,85,False,stuck_timeout,0,0,0,0,0,0,2.683080808080808,0.03498322147650944,37.19132614135742,37.19132614135742,557,38
2026-03-28T01:15:56.896436,265,7.1243486404418945,425,-21.35000000000004,44,44,False,stuck_timeout,0,0,0,0,0,0,1.3888888888888888,-0.050235294117647156,36.381690979003906,36.381690979003906,397,27
2026-03-28T01:16:20.508705,266,20.763157844543457,1242,518.1499999999917,594,594,False,stuck_timeout,0,0,0,0,0,0,18.75,0.4171900161030529,35.153324127197266,35.153324127197266,1160,81
2026-03-28T01:16:27.810253,267,6.275985956192017,373,-20.749999999999993,46,46,False,stuck_timeout,0,0,0,0,0,0,1.452020202020202,-0.055630026809651456,36.67315673828125,36.67315673828125,348,24
2026-03-28T01:16:33.760068,268,5.030700445175171,302,-28.100000000000108,40,40,False,stuck_timeout,0,0,0,0,0,0,1.2626262626262625,-0.0930463576158944,35.758697509765625,35.758697509765625,282,19
2026-03-28T01:16:47.879056,269,12.88603663444519,772,79.9000000000008,148,148,False,stuck_timeout,0,0,0,0,0,0,4.671717171717172,0.10349740932642591,36.40714645385742,36.40714645385742,721,50
2026-03-28T01:17:21.782336,270,30.129383325576782,1808,367.49999999999557,444,444,False,stuck_timeout,0,0,0,0,0,0,14.015151515151514,0.20326327433628075,36.18304443359375,36.18304443359375,1689,118
2026-03-28T01:17:50.875004,271,25.763496160507202,1545,430.94999999999857,493,493,False,stuck_timeout,0,0,0,0,0,0,15.561868686868689,0.27893203883495055,37.365623474121094,37.365623474121094,1442,102
2026-03-28T01:17:56.978320,272,5.235114574432373,312,-22.800000000000033,41,41,False,stuck_timeout,0,0,0,0,0,0,1.2941919191919191,-0.07307692307692318,37.2954216003418,37.2954216003418,291,20
2026-03-28T01:18:21.702788,273,21.79949641227722,1307,509.0499999999897,594,594,False,stuck_timeout,0,0,0,0,0,0,18.75,0.38947972456005336,36.88665771484375,36.88665771484375,1219,87
2026-03-28T01:18:28.995194,274,6.317131996154785,377,0.49999999999990397,67,67,False,stuck_timeout,0,0,0,0,0,0,2.11489898989899,0.0013262599469493475,36.73997116088867,36.73997116088867,351,25
2026-03-28T01:18:57.187663,275,24.984797477722168,1502,349.09999999999303,444,444,False,stuck_timeout,0,0,0,0,0,0,14.015151515151514,0.2324234354194361,36.38360595703125,36.38360595703125,1401,100
2026-03-28T01:19:04.628439,276,6.150217056274414,369,197.15000000000055,232,232,False,death,0,0,0,0,0,0,7.3232323232323235,0.5342818428184296,37.121681213378906,37.121681213378906,344,24
2026-03-28T01:19:16.790752,277,11.099951982498169,664,-20.499999999999968,60,60,False,stuck_timeout,0,0,0,0,0,0,1.893939393939394,-0.030873493975903565,37.91499710083008,37.91499710083008,619,44
2026-03-28T01:20:01.738814,278,40.21475005149841,2415,498.5999999999851,594,594,False,stuck_timeout,0,0,0,0,0,0,18.75,0.20645962732918638,37.15386199951172,37.15386199951172,2250,164
2026-03-28T01:20:16.654849,279,13.714430093765259,822,106.30000000000065,173,173,False,stuck_timeout,0,0,0,0,0,0,5.460858585858586,0.12931873479318814,37.671165466308594,37.671165466308594,766,55
2026-03-28T01:21:02.912831,280,41.51422333717346,2492,461.79999999999364,596,596,False,stuck_timeout,0,0,0,0,0,0,18.81313131313131,0.1853130016051339,37.81330108642578,37.81330108642578,2321,170
2026-03-28T01:21:12.891881,281,8.959846258163452,536,-33.250000000000114,46,46,False,stuck_timeout,0,0,0,0,0,0,1.452020202020202,-0.06203358208955245,37.64510726928711,37.64510726928711,499,36
2026-03-28T01:21:37.027856,282,21.203651189804077,1272,172.4000000000032,250,250,False,stuck_timeout,0,0,0,0,0,0,7.891414141414141,0.13553459119497105,36.83123779296875,36.83123779296875,1184,87
2026-03-28T01:21:59.470909,283,19.838406801223755,1187,239.250000000001,324,324,False,stuck_timeout,0,0,0,0,0,0,10.227272727272728,0.20155855096882982,37.62810134887695,37.62810134887695,1104,82
2026-03-28T01:22:15.469677,284,14.614581823348999,874,37.55000000000036,128,128,False,stuck_timeout,0,0,0,0,0,0,4.040404040404041,0.0429633867276892,37.86180114746094,37.86180114746094,813,60
2026-03-28T01:22:21.482856,285,5.113798141479492,302,-25.700000000000085,40,40,False,stuck_timeout,0,0,0,0,0,0,1.2626262626262625,-0.08509933774834465,37.59504318237305,37.59504318237305,281,20
2026-03-28T01:22:42.851151,286,19.82650876045227,1186,42.70000000000001,118,118,False,stuck_timeout,0,0,0,0,0,0,3.7247474747474745,0.03600337268128163,37.88713836669922,37.88713836669922,1103,82
2026-03-28T01:23:34.031210,287,45.99928689002991,2761,463.1499999999944,594,594,False,stuck_timeout,0,0,0,0,0,0,18.75,0.1677471930459958,37.45176696777344,37.45176696777344,2567,193
2026-03-28T01:23:40.087135,288,5.11987042427063,302,-27.700000000000045,40,40,False,stuck_timeout,0,0,0,0,0,0,1.2626262626262625,-0.0917218543046359,36.685611724853516,36.685611724853516,280,21
2026-03-28T01:23:58.741390,289,17.172481298446655,1029,102.05000000000052,192,192,False,death,0,0,0,0,0,0,6.0606060606060606,0.09917395529640478,37.856903076171875,37.856903076171875,957,71
2026-03-28T01:24:08.908732,290,8.59815764427185,515,237.10000000000065,276,276,False,death,0,0,0,0,0,0,8.712121212121213,0.46038834951456437,37.641963958740234,37.641963958740234,478,36
2026-03-28T01:24:27.953374,291,16.611894607543945,998,539.5499999999952,594,594,False,stuck_timeout,0,0,0,0,0,0,18.75,0.5406312625250452,37.9991569519043,37.9991569519043,927,70
2026-03-28T01:24:34.014064,292,5.077611207962036,302,-24.55000000000004,40,40,False,stuck_timeout,0,0,0,0,0,0,1.2626262626262625,-0.08129139072847695,37.46582794189453,37.46582794189453,280,21
2026-03-28T01:24:47.779058,293,11.739824056625366,703,168.80000000000194,242,242,False,stuck_timeout,0,0,0,0,0,0,7.638888888888889,0.2401137980085376,38.13554382324219,38.13554382324219,652,50
2026-03-28T01:25:01.112839,294,12.062836647033691,724,14.299999999999658,93,93,False,stuck_timeout,0,0,0,0,0,0,2.9356060606060606,0.01975138121546914,38.39354705810547,38.39354705810547,672,51
2026-03-28T01:25:10.345630,295,8.156560897827148,488,128.50000000000202,196,196,False,stuck_timeout,0,0,0,0,0,0,6.186868686868687,0.26331967213115165,37.24322509765625,37.24322509765625,453,34
2026-03-28T01:25:17.456458,296,6.152695417404175,369,-21.450000000000017,44,44,False,stuck_timeout,0,0,0,0,0,0,1.3888888888888888,-0.058130081300813055,37.46131896972656,37.46131896972656,342,26
2026-03-28T01:25:33.236972,297,14.547446012496948,872,-26.750000000000043,64,64,False,stuck_timeout,0,0,0,0,0,0,2.0202020202020203,-0.030676605504587205,38.663429260253906,38.663429260253906,809,62
2026-03-28T01:25:47.582430,298,12.312350273132324,739,304.4499999999979,364,364,False,stuck_timeout,0,0,0,0,0,0,11.48989898989899,0.41197564276048426,37.635494232177734,37.635494232177734,685,53
2026-03-28T01:25:58.805543,299,10.046695709228516,602,134.80000000000058,185,185,False,death,0,0,0,0,0,0,5.8396464646464645,0.22392026578073185,36.61452865600586,36.61452865600586,558,43
2026-03-28T01:26:10.573395,300,10.064582109451294,603,0.049999999999954886,73,73,False,stuck_timeout,0,0,0,0,0,0,2.304292929292929,8.291873963508273e-05,38.65163803100586,38.65163803100586,559,43
2026-03-28T01:26:22.007055,301,10.313749551773071,616,104.45000000000049,165,165,False,stuck_timeout,0,0,0,0,0,0,5.208333333333334,0.1695616883116891,37.74114990234375,37.74114990234375,571,44
2026-03-28T01:26:34.012969,302,10.798779726028442,642,133.50000000000105,195,195,False,death,0,0,0,0,0,0,6.15530303030303,0.2079439252336465,37.96757507324219,37.96757507324219,595,46
2026-03-28T01:26:55.928851,303,19.241358518600464,1150,365.04999999999444,437,437,False,stuck_timeout,0,0,0,0,0,0,13.79419191919192,0.3174347826086908,38.31326675415039,38.31326675415039,1066,83
2026-03-28T01:27:26.670886,304,27.085580110549927,1628,648.2499999999833,723,723,False,stuck_timeout,0,0,0,0,0,0,22.821969696969695,0.3981879606879504,38.33203125,38.33203125,1508,119
2026-03-28T01:27:54.379738,305,24.637373208999634,1474,517.0499999999929,576,576,False,stuck_timeout,0,0,0,0,0,0,18.181818181818183,0.3507801899592896,37.27410125732422,37.27410125732422,1365,108
2026-03-28T01:28:04.805917,306,9.325340270996094,556,37.399999999999416,104,104,False,stuck_timeout,0,0,0,0,0,0,3.2828282828282833,0.06726618705035867,37.91039276123047,37.91039276123047,515,40
2026-03-28T01:28:11.218410,307,5.551859378814697,331,-25.950000000000102,40,40,False,stuck_timeout,0,0,0,0,0,0,1.2626262626262625,-0.07839879154078581,38.031455993652344,38.031455993652344,306,24
2026-03-28T01:28:23.850394,308,11.492455959320068,690,77.10000000000095,165,165,False,stuck_timeout,0,0,0,0,0,0,5.208333333333334,0.11173913043478398,37.408447265625,37.408447265625,639,50
2026-03-28T01:28:29.781017,309,5.018160581588745,302,-24.25000000000001,40,40,False,stuck_timeout,0,0,0,0,0,0,1.2626262626262625,-0.08029801324503315,38.477699279785156,38.477699279785156,279,22
2026-03-28T01:28:42.258069,310,11.289238452911377,680,22.24999999999947,93,93,False,stuck_timeout,0,0,0,0,0,0,2.9356060606060606,0.03272058823529334,37.96598815917969,37.96598815917969,629,50
2026-03-28T01:28:48.324859,311,5.099003791809082,302,-25.750000000000068,40,40,False,stuck_timeout,0,0,0,0,0,0,1.2626262626262625,-0.08526490066225188,38.79677200317383,38.79677200317383,279,22
2026-03-28T01:29:11.412969,312,20.43227744102478,1223,385.1999999999998,459,459,False,stuck_timeout,0,0,0,0,0,0,14.488636363636365,0.3149632052330334,37.27641677856445,37.27641677856445,1132,90
2026-03-28T01:29:18.369299,313,5.988851547241211,357,-18.65,46,46,False,stuck_timeout,0,0,0,0,0,0,1.452020202020202,-0.05224089635854341,38.53981018066406,38.53981018066406,330,26
2026-03-28T01:29:24.794905,314,5.557918548583984,329,-23.64999999999999,42,42,False,stuck_timeout,0,0,0,0,0,0,1.3257575757575757,-0.07188449848024314,38.23527526855469,38.23527526855469,304,24
2026-03-28T01:29:31.129074,315,5.3893444538116455,318,-24.850000000000076,40,40,False,stuck_timeout,0,0,0,0,0,0,1.2626262626262625,-0.07814465408805055,37.865055084228516,37.865055084228516,294,23
2026-03-28T01:29:37.147599,316,5.110016107559204,302,-26.650000000000073,40,40,False,stuck_timeout,0,0,0,0,0,0,1.2626262626262625,-0.08824503311258303,37.92892074584961,37.92892074584961,279,22
2026-03-28T01:29:44.438555,317,6.3653483390808105,381,-23.149999999999988,41,41,False,stuck_timeout,0,0,0,0,0,0,1.2941919191919191,-0.06076115485564301,38.160648345947266,38.160648345947266,352,28
2026-03-28T01:29:50.376182,318,5.0879456996917725,302,-27.30000000000003,40,40,False,stuck_timeout,0,0,0,0,0,0,1.2626262626262625,-0.09039735099337758,38.362674713134766,38.362674713134766,279,22
2026-03-28T01:30:18.168623,319,24.60315990447998,1476,169.05000000000302,244,244,False,stuck_timeout,0,0,0,0,0,0,7.7020202020202015,0.1145325203252053,37.42983627319336,37.42983627319336,1365,110
2026-03-28T01:30:28.218395,320,8.422664642333984,502,23.449999999999708,86,86,False,stuck_timeout,0,0,0,0,0,0,2.714646464646465,0.04671314741035799,38.39219665527344,38.39219665527344,464,37
2026-03-28T01:30:56.120780,321,24.714298963546753,1483,479.2000000000002,544,544,False,stuck_timeout,0,0,0,0,0,0,17.17171717171717,0.3231287929871883,38.53397750854492,38.53397750854492,1371,111
2026-03-28T01:31:23.471133,322,24.16814422607422,1452,330.44999999999743,417,417,False,stuck_timeout,0,0,0,0,0,0,13.162878787878787,0.2275826446280974,38.556922912597656,38.556922912597656,1341,110
2026-03-28T01:31:34.508740,323,9.96568512916565,597,4.949999999999773,78,78,False,stuck_timeout,0,0,0,0,0,0,2.462121212121212,0.00829145728643178,37.85267639160156,37.85267639160156,551,45
2026-03-28T01:31:40.508429,324,5.085196256637573,302,-26.850000000000055,40,40,False,stuck_timeout,0,0,0,0,0,0,1.2626262626262625,-0.08890728476821211,39.72202682495117,39.72202682495117,279,22
2026-03-28T01:31:50.805537,325,8.788045406341553,527,210.05000000000052,262,262,False,death,0,0,0,0,0,0,8.27020202020202,0.39857685009487764,38.23711395263672,38.23711395263672,486,40
2026-03-28T01:32:05.650644,326,13.65007996559143,817,131.05000000000098,191,191,False,death,0,0,0,0,0,0,6.029040404040404,0.16040391676866705,37.45013427734375,37.45013427734375,754,62
2026-03-28T01:32:18.341968,327,10.854054689407349,651,232.75000000000173,306,306,False,stuck_timeout,0,0,0,0,0,0,9.659090909090908,0.3575268817204328,38.49001693725586,38.49001693725586,600,50
2026-03-28T01:32:25.168053,328,5.947202920913696,357,-15.399999999999928,48,48,False,stuck_timeout,0,0,0,0,0,0,1.5151515151515151,-0.04313725490196058,38.19834518432617,38.19834518432617,329,27
2026-03-28T01:32:40.567714,329,13.327133893966675,801,243.04999999999896,315,315,False,stuck_timeout,0,0,0,0,0,0,9.943181818181818,0.303433208489387,38.759132385253906,38.759132385253906,739,61
2026-03-28T01:32:50.019266,330,8.463651895523071,504,1.9999999999998888,71,71,False,stuck_timeout,0,0,0,0,0,0,2.241161616161616,0.003968253968253748,38.63083267211914,38.63083267211914,465,38
2026-03-28T01:33:07.946933,331,15.608128547668457,937,242.34999999999886,307,307,False,stuck_timeout,0,0,0,0,0,0,9.690656565656566,0.2586446104589102,38.144554138183594,38.144554138183594,864,72
2026-03-28T01:33:13.897871,332,5.10195255279541,302,-26.250000000000043,40,40,False,stuck_timeout,0,0,0,0,0,0,1.2626262626262625,-0.08692052980132464,39.206275939941406,39.206275939941406,278,23
2026-03-28T01:33:26.753705,333,11.672435998916626,697,129.65000000000157,200,200,False,death,0,0,0,0,0,0,6.313131313131313,0.18601147776183868,38.29936599731445,38.29936599731445,642,54
2026-03-28T01:33:33.106938,334,5.434385776519775,324,-23.650000000000016,42,42,False,stuck_timeout,0,0,0,0,0,0,1.3257575757575757,-0.07299382716049388,38.10321044921875,38.10321044921875,298,25
2026-03-28T01:34:00.444846,335,24.1563663482666,1445,542.0499999999911,595,595,False,stuck_timeout,0,0,0,0,0,0,18.781565656565657,0.37512110726642983,38.38837432861328,38.38837432861328,1331,113
2026-03-28T01:34:25.431704,336,21.925999641418457,1311,230.85000000000255,308,308,False,stuck_timeout,0,0,0,0,0,0,9.722222222222223,0.17608695652174108,38.72882843017578,38.72882843017578,1207,103
2026-03-28T01:34:43.358617,337,15.704992055892944,938,378.8999999999979,434,434,False,stuck_timeout,0,0,0,0,0,0,13.69949494949495,0.40394456289978453,38.72282409667969,38.72282409667969,863,74
2026-03-28T01:35:16.404932,338,29.35603094100952,1760,498.8499999999888,596,596,False,stuck_timeout,0,0,0,0,0,0,18.81313131313131,0.2834374999999936,38.731475830078125,38.731475830078125,1619,140
2026-03-28T01:35:22.268644,339,4.999386548995972,302,-25.200000000000074,40,40,False,stuck_timeout,0,0,0,0,0,0,1.2626262626262625,-0.08344370860927176,38.7767448425293,38.7767448425293,277,24
2026-03-28T01:35:41.630614,340,16.975650787353516,1018,-38.80000000000011,69,69,False,stuck_timeout,0,0,0,0,0,0,2.178030303030303,-0.03811394891945001,37.791908264160156,37.791908264160156,936,81
2026-03-28T01:36:05.781770,341,21.366986989974976,1281,355.5499999999972,435,435,False,stuck_timeout,0,0,0,0,0,0,13.731060606060606,0.2775565964090533,38.7004280090332,38.7004280090332,1177,103
2026-03-28T01:36:14.947945,342,8.128206491470337,487,184.65000000000103,231,231,False,death,0,0,0,0,0,0,7.291666666666667,0.379158110882959,38.44871520996094,38.44871520996094,447,39
2026-03-28T01:36:38.565974,343,20.734389066696167,1242,466.24999999999693,542,542,False,stuck_timeout,0,0,0,0,0,0,17.108585858585858,0.3754025764895305,37.7131462097168,37.7131462097168,1141,100
2026-03-28T01:36:47.506586,344,7.909221410751343,473,212.6000000000006,245,245,False,death,0,0,0,0,0,0,7.733585858585859,0.4494714587737856,38.55070495605469,38.55070495605469,434,38
2026-03-28T01:37:16.087674,345,25.261710166931152,1511,362.79999999999336,446,446,False,stuck_timeout,0,0,0,0,0,0,14.078282828282829,0.2401058901389764,38.65850067138672,38.65850067138672,1387,123
2026-03-28T01:37:23.028006,346,5.972271919250488,356,-23.950000000000053,40,40,False,stuck_timeout,0,0,0,0,0,0,1.2626262626262625,-0.06727528089887655,38.741737365722656,38.741737365722656,326,29
2026-03-28T01:37:40.049060,347,15.770349025726318,945,151.29999999999987,223,223,False,death,0,0,0,0,0,0,7.039141414141414,0.16010582010581997,37.949058532714844,37.949058532714844,867,77
2026-03-28T01:38:04.507580,348,21.567983865737915,1291,528.6999999999921,594,594,False,stuck_timeout,0,0,0,0,0,0,18.75,0.4095274980635105,37.52307891845703,37.52307891845703,1185,105
2026-03-28T01:38:13.908553,349,8.373643159866333,500,185.70000000000024,225,225,False,death,0,0,0,0,0,0,7.1022727272727275,0.3714000000000005,38.376224517822266,38.376224517822266,459,40
2026-03-28T01:38:20.818715,350,5.968088150024414,356,-26.250000000000085,40,40,False,stuck_timeout,0,0,0,0,0,0,1.2626262626262625,-0.07373595505618001,38.2539176940918,38.2539176940918,326,29
2026-03-28T01:38:49.424837,351,25.340769290924072,1517,345.99999999999795,430,430,False,stuck_timeout,0,0,0,0,0,0,13.573232323232324,0.22808174027686087,39.41368865966797,39.41368865966797,1391,125
2026-03-28T01:38:57.453815,352,7.020406484603882,416,-10.899999999999942,52,52,False,stuck_timeout,0,0,0,0,0,0,1.6414141414141417,-0.026201923076922935,39.28045654296875,39.28045654296875,381,34
2026-03-28T01:39:08.183093,353,9.642080783843994,579,-17.249999999999954,61,61,False,stuck_timeout,0,0,0,0,0,0,1.9255050505050504,-0.02979274611398956,38.9951171875,38.9951171875,531,47
2026-03-28T01:39:23.571499,354,14.16911268234253,850,158.20000000000277,221,221,False,stuck_timeout,0,0,0,0,0,0,6.976010101010101,0.1861176470588268,38.01390075683594,38.01390075683594,779,70
2026-03-28T01:39:29.566227,355,5.1061155796051025,302,-27.25000000000007,40,40,False,stuck_timeout,0,0,0,0,0,0,1.2626262626262625,-0.09023178807947044,38.93321228027344,38.93321228027344,277,24
2026-03-28T01:39:38.905214,356,8.358809471130371,503,21.599999999999635,84,84,False,stuck_timeout,0,0,0,0,0,0,2.6515151515151514,0.042942345924452556,38.321468353271484,38.321468353271484,461,41
2026-03-28T01:40:25.537543,357,41.7603542804718,2505,466.14999999999054,594,594,False,stuck_timeout,0,0,0,0,0,0,18.75,0.18608782435129362,38.82466125488281,38.82466125488281,2297,207
2026-03-28T01:40:31.977347,358,5.47602653503418,328,-26.75000000000008,40,40,False,stuck_timeout,0,0,0,0,0,0,1.2626262626262625,-0.08155487804878074,38.09414291381836,38.09414291381836,300,27
2026-03-28T01:40:56.712255,359,21.765037059783936,1307,530.2499999999943,594,594,False,stuck_timeout,0,0,0,0,0,0,18.75,0.40570007651108975,38.64652633666992,38.64652633666992,1198,108
2026-03-28T01:41:02.977211,360,5.102962970733643,302,-24.250000000000036,40,40,False,stuck_timeout,0,0,0,0,0,0,1.2626262626262625,-0.08029801324503323,39.09489440917969,39.09489440917969,276,25
2026-03-28T01:41:29.149213,361,23.100918292999268,1384,291.49999999999653,369,369,False,stuck_timeout,0,0,0,0,0,0,11.647727272727272,0.21062138728323448,38.89379119873047,38.89379119873047,1267,116
2026-03-28T01:41:49.384473,362,17.4605872631073,1048,234.40000000000023,310,310,False,stuck_timeout,0,0,0,0,0,0,9.785353535353536,0.2236641221374048,38.677425384521484,38.677425384521484,959,88
2026-03-28T01:41:54.397971,363,3.8391473293304443,227,257.8000000000007,291,291,False,death,0,0,0,0,0,0,9.18560606060606,1.1356828193832629,37.979331970214844,37.979331970214844,207,19
2026-03-28T01:42:11.708034,364,15.025047540664673,900,197.15000000000236,270,270,False,stuck_timeout,0,0,0,0,0,0,8.522727272727272,0.2190555555555582,38.432212829589844,38.432212829589844,822,77
2026-03-28T01:42:46.458841,365,30.84577703475952,1854,337.6499999999958,428,428,False,stuck_timeout,0,0,0,0,0,0,13.51010101010101,0.18211974110032136,37.374080657958984,37.374080657958984,1694,159
2026-03-28T01:43:03.743431,366,15.849241495132446,946,31.649999999999647,113,113,False,stuck_timeout,0,0,0,0,0,0,3.566919191919192,0.03345665961944994,38.31175231933594,38.31175231933594,864,81
2026-03-28T01:43:13.187655,367,8.386013984680176,498,1.9499999999999331,73,73,False,stuck_timeout,0,0,0,0,0,0,2.304292929292929,0.0039156626506022755,38.60734558105469,38.60734558105469,455,42
2026-03-28T01:43:26.441817,368,11.4186692237854,681,322.29999999999706,375,375,False,stuck_timeout,0,0,0,0,0,0,11.837121212121213,0.47327459618208084,38.58690643310547,38.58690643310547,622,58
2026-03-28T01:43:37.040041,369,9.51755690574646,570,23.949999999999594,92,92,False,stuck_timeout,0,0,0,0,0,0,2.904040404040404,0.04201754385964841,38.99473571777344,38.99473571777344,520,49
2026-03-28T01:43:45.380771,370,7.356665849685669,440,3.999999999999885,74,74,False,stuck_timeout,0,0,0,0,0,0,2.335858585858586,0.00909090909090883,38.16508102416992,38.16508102416992,401,38
2026-03-28T01:43:51.872923,371,5.5248095989227295,332,-26.300000000000065,41,41,False,stuck_timeout,0,0,0,0,0,0,1.2941919191919191,-0.07921686746987971,38.20498275756836,38.20498275756836,303,28
2026-03-28T01:43:58.314392,372,5.527967214584351,327,-26.85000000000005,40,40,False,stuck_timeout,0,0,0,0,0,0,1.2626262626262625,-0.08211009174311942,39.050262451171875,39.050262451171875,298,28
2026-03-28T01:44:07.023019,373,7.734987497329712,462,180.95000000000195,243,243,False,stuck_timeout,0,0,0,0,0,0,7.670454545454546,0.3916666666666709,39.48666763305664,39.48666763305664,422,39
2026-03-28T01:44:34.000848,374,23.96719741821289,1437,355.69999999999925,435,435,False,stuck_timeout,0,0,0,0,0,0,13.731060606060606,0.2475295755045228,39.99406433105469,39.99406433105469,1311,125
2026-03-28T01:44:40.028434,375,5.088546991348267,302,-23.80000000000006,40,40,False,stuck_timeout,0,0,0,0,0,0,1.2626262626262625,-0.07880794701986775,38.835044860839844,38.835044860839844,275,26
2026-03-28T01:45:08.867559,376,25.40240979194641,1526,470.899999999999,528,528,False,stuck_timeout,0,0,0,0,0,0,16.666666666666664,0.3085845347313231,38.08515167236328,38.08515167236328,1392,133
2026-03-28T01:45:51.807560,377,38.279484272003174,2298,484.19999999999004,594,594,False,stuck_timeout,0,0,0,0,0,0,18.75,0.2107049608355048,38.78870391845703,38.78870391845703,2095,202
2026-03-28T01:46:00.128821,378,7.246300935745239,436,-16.899999999999956,49,49,False,stuck_timeout,0,0,0,0,0,0,1.5467171717171717,-0.038761467889908155,39.71735763549805,39.71735763549805,397,38
2026-03-28T01:46:13.730948,379,12.379614114761353,738,-20.400000000000002,65,65,False,stuck_timeout,0,0,0,0,0,0,2.051767676767677,-0.02764227642276423,38.36191940307617,38.36191940307617,673,64
2026-03-28T01:46:28.044599,380,12.3194420337677,738,230.15000000000035,283,283,False,death,0,0,0,0,0,0,8.933080808080808,0.3118563685636861,39.24805450439453,39.24805450439453,672,65
2026-03-28T01:46:34.050409,381,5.112186908721924,302,-25.30000000000008,40,40,False,stuck_timeout,0,0,0,0,0,0,1.2626262626262625,-0.08377483443708636,39.04154968261719,39.04154968261719,275,26
2026-03-28T01:46:49.831327,382,14.5530264377594,872,24.49999999999937,107,107,False,stuck_timeout,0,0,0,0,0,0,3.3775252525252526,0.028096330275228638,38.17319869995117,38.17319869995117,794,77
2026-03-28T01:47:04.170172,383,13.168952941894531,790,91.75000000000055,162,162,False,stuck_timeout,0,0,0,0,0,0,5.113636363636364,0.11613924050632982,38.419673919677734,38.419673919677734,720,69
2026-03-28T01:47:22.093815,384,16.464237928390503,989,70.55000000000109,163,163,False,stuck_timeout,0,0,0,0,0,0,5.14520202020202,0.07133468149646217,38.70742416381836,38.70742416381836,901,87
2026-03-28T01:47:34.271193,385,11.098462581634521,665,-6.049999999999932,79,79,False,stuck_timeout,0,0,0,0,0,0,2.493686868686869,-0.009097744360902153,38.752803802490234,38.752803802490234,606,58
2026-03-28T01:47:41.023695,386,5.772360324859619,347,-20.20000000000002,45,45,False,stuck_timeout,0,0,0,0,0,0,1.4204545454545454,-0.05821325648414991,39.0013427734375,39.0013427734375,316,30
2026-03-28T01:48:02.811410,387,20.22693634033203,1210,3.399999999999713,107,107,False,stuck_timeout,0,0,0,0,0,0,3.3775252525252526,0.002809917355371664,38.542274475097656,38.542274475097656,1103,106
2026-03-28T01:48:12.749025,388,8.873729705810547,531,-30.45000000000013,46,46,False,stuck_timeout,0,0,0,0,0,0,1.452020202020202,-0.057344632768361825,38.83399963378906,38.83399963378906,484,46
2026-03-28T01:48:19.429311,389,5.4157092571258545,324,252.05000000000075,290,290,False,death,0,0,0,0,0,0,9.154040404040405,0.7779320987654345,37.86956787109375,37.86956787109375,295,28
2026-03-28T01:48:41.587640,390,20.66774582862854,1241,13.449999999999779,111,111,False,stuck_timeout,0,0,0,0,0,0,3.5037878787878785,0.010838033843674278,39.432579040527344,39.432579040527344,1130,110
2026-03-28T01:49:11.318568,391,26.373425483703613,1585,389.89999999999645,472,472,False,stuck_timeout,0,0,0,0,0,0,14.898989898989898,0.24599369085173278,38.058319091796875,38.058319091796875,1443,141
2026-03-28T01:49:33.330585,392,19.31201720237732,1156,348.0999999999966,436,436,False,stuck_timeout,0,0,0,0,0,0,13.762626262626263,0.30112456747404553,39.426063537597656,39.426063537597656,1052,103
2026-03-28T01:50:15.616237,393,37.92414712905884,2273,373.3999999999965,465,465,False,stuck_timeout,0,0,0,0,0,0,14.678030303030305,0.164276286845577,38.93682861328125,38.93682861328125,2067,205
2026-03-28T01:50:43.176063,394,24.375060081481934,1461,343.799999999994,435,435,False,stuck_timeout,0,0,0,0,0,0,13.731060606060606,0.235318275154,38.90607833862305,38.90607833862305,1328,132
2026-03-28T01:51:11.960194,395,25.478001594543457,1528,529.0499999999914,595,595,False,stuck_timeout,0,0,0,0,0,0,18.781565656565657,0.3462369109947588,38.762779235839844,38.762779235839844,1388,139
2026-03-28T01:51:28.393686,396,15.076969861984253,904,50.75000000000006,132,132,False,stuck_timeout,0,0,0,0,0,0,4.166666666666666,0.05613938053097351,38.80297088623047,38.80297088623047,821,82
2026-03-28T01:51:40.558589,397,10.981364011764526,659,-11.699999999999916,73,73,False,stuck_timeout,0,0,0,0,0,0,2.304292929292929,-0.017754172989377717,39.212249755859375,39.212249755859375,598,60
2026-03-28T01:52:08.048524,398,24.308032989501953,1461,356.89999999999424,435,435,False,stuck_timeout,0,0,0,0,0,0,13.731060606060606,0.2442847364818578,38.94430160522461,38.94430160522461,1327,133
2026-03-28T01:52:15.147833,399,6.148098945617676,369,-17.849999999999984,49,49,False,stuck_timeout,0,0,0,0,0,0,1.5467171717171717,-0.04837398373983735,39.14745330810547,39.14745330810547,335,33
2026-03-28T01:52:48.353960,400,29.600494146347046,1775,514.5499999999878,595,595,False,stuck_timeout,0,0,0,0,0,0,18.781565656565657,0.2898873239436551,38.9586181640625,38.9586181640625,1611,163
2026-03-28T01:52:54.323854,401,5.067773103713989,302,-26.650000000000087,40,40,False,stuck_timeout,0,0,0,0,0,0,1.2626262626262625,-0.08824503311258307,38.068817138671875,38.068817138671875,274,27
2026-03-28T01:53:05.921579,402,10.484501123428345,628,50.49999999999975,127,127,False,stuck_timeout,0,0,0,0,0,0,4.008838383838384,0.08041401273885311,38.006072998046875,38.006072998046875,570,57
2026-03-28T01:53:17.327279,403,10.302923202514648,619,40.54999999999973,109,109,False,stuck_timeout,0,0,0,0,0,0,3.4406565656565657,0.0655088852988687,39.21569061279297,39.21569061279297,562,56
2026-03-28T01:53:23.739478,404,5.509068250656128,326,-18.999999999999968,46,46,False,stuck_timeout,0,0,0,0,0,0,1.452020202020202,-0.058282208588956955,38.672142028808594,38.672142028808594,296,29
2026-03-28T01:53:36.536474,405,11.580341100692749,693,115.70000000000078,189,189,False,death,0,0,0,0,0,0,5.965909090909091,0.16695526695526808,39.24632263183594,39.24632263183594,629,63
2026-03-28T01:53:49.355298,406,11.619118452072144,697,164.20000000000206,233,233,False,stuck_timeout,0,0,0,0,0,0,7.354797979797979,0.23558106169297283,39.181514739990234,39.181514739990234,632,64
2026-03-28T01:54:06.484533,407,15.802371978759766,946,105.7500000000002,163,163,False,death,0,0,0,0,0,0,5.14520202020202,0.11178646934460909,38.78079605102539,38.78079605102539,858,87
2026-03-28T01:54:23.708100,408,14.984511852264404,899,377.8499999999968,435,435,False,stuck_timeout,0,0,0,0,0,0,13.731060606060606,0.42030033370411213,38.998470306396484,38.998470306396484,815,83
2026-03-28T01:54:35.895819,409,10.978949308395386,658,143.10000000000136,207,207,False,death,0,0,0,0,0,0,6.534090909090909,0.2174772036474185,38.589962005615234,38.589962005615234,597,60
2026-03-28T01:54:48.387354,410,11.23533821105957,674,11.499999999999668,83,83,False,stuck_timeout,0,0,0,0,0,0,2.619949494949495,0.017062314540058854,38.75102233886719,38.75102233886719,611,62
2026-03-28T01:54:56.369618,411,6.9988439083099365,418,-6.800000000000011,61,61,False,stuck_timeout,0,0,0,0,0,0,1.9255050505050504,-0.016267942583732084,39.47977828979492,39.47977828979492,379,38
2026-03-28T01:55:03.753052,412,6.474741220474243,387,-26.500000000000068,40,40,False,stuck_timeout,0,0,0,0,0,0,1.2626262626262625,-0.0684754521963826,40.149959564208984,40.149959564208984,351,35
2026-03-28T01:55:30.777980,413,24.006941318511963,1442,263.0499999999934,359,359,False,stuck_timeout,0,0,0,0,0,0,11.332070707070708,0.1824202496532548,39.19007873535156,39.19007873535156,1308,133
2026-03-28T01:55:36.677206,414,5.045348405838013,302,-24.450000000000053,40,40,False,stuck_timeout,0,0,0,0,0,0,1.2626262626262625,-0.08096026490066242,38.91832733154297,38.91832733154297,273,28
2026-03-28T01:56:12.407697,415,31.77721357345581,1904,345.19999999999584,436,436,False,stuck_timeout,0,0,0,0,0,0,13.762626262626263,0.18130252100840116,38.240318298339844,38.240318298339844,1726,177
2026-03-28T01:56:18.876744,416,5.5715978145599365,334,-20.200000000000006,43,43,False,stuck_timeout,0,0,0,0,0,0,1.3573232323232325,-0.06047904191616768,38.22850799560547,38.22850799560547,302,31
2026-03-28T01:56:26.726318,417,6.930920839309692,411,-9.399999999999944,55,55,False,stuck_timeout,0,0,0,0,0,0,1.7361111111111112,-0.022871046228710324,38.41539764404297,38.41539764404297,372,38
2026-03-28T01:57:07.360998,418,36.384196043014526,2185,517.4999999999854,594,594,False,stuck_timeout,0,0,0,0,0,0,18.75,0.23684210526315125,39.140220642089844,39.140220642089844,1979,205
2026-03-28T01:57:16.383082,419,7.988103628158569,480,116.70000000000151,181,181,False,stuck_timeout,0,0,0,0,0,0,5.713383838383838,0.24312500000000314,39.09550476074219,39.09550476074219,434,45
2026-03-28T01:57:22.661002,420,5.112571716308594,302,-27.650000000000052,40,40,False,stuck_timeout,0,0,0,0,0,0,1.2626262626262625,-0.09155629139072864,38.521175384521484,38.521175384521484,273,28
2026-03-28T01:57:32.759965,421,8.971433639526367,536,18.199999999999662,88,88,False,stuck_timeout,0,0,0,0,0,0,2.7777777777777777,0.03395522388059639,39.30188751220703,39.30188751220703,485,50
2026-03-28T01:58:21.120644,422,43.41086006164551,2607,605.0499999999793,722,722,False,stuck_timeout,0,0,0,0,0,0,22.79040404040404,0.23208668968161844,39.10110092163086,39.10110092163086,2360,246
2026-03-28T01:58:29.904045,423,7.706014156341553,463,-27.50000000000008,45,45,False,stuck_timeout,0,0,0,0,0,0,1.4204545454545454,-0.059395248380129766,39.202964782714844,39.202964782714844,419,43
2026-03-28T01:58:35.973166,424,5.0889458656311035,302,-24.25000000000006,40,40,False,stuck_timeout,0,0,0,0,0,0,1.2626262626262625,-0.08029801324503331,38.99354553222656,38.99354553222656,273,28
2026-03-28T01:58:45.924587,425,8.888554334640503,531,200.55000000000084,251,251,False,death,0,0,0,0,0,0,7.9229797979797985,0.3776836158192106,39.29486846923828,39.29486846923828,480,50
2026-03-28T01:58:51.977365,426,5.102153539657593,302,-25.60000000000006,40,40,False,stuck_timeout,0,0,0,0,0,0,1.2626262626262625,-0.08476821192053,39.068321228027344,39.068321228027344,273,28
2026-03-28T01:59:22.409386,427,26.931254625320435,1613,523.0999999999913,595,595,False,stuck_timeout,0,0,0,0,0,0,18.781565656565657,0.32430254184748375,38.502586364746094,38.502586364746094,1459,153
2026-03-28T01:59:31.907108,428,8.464738607406616,504,24.349999999999557,90,90,False,stuck_timeout,0,0,0,0,0,0,2.840909090909091,0.048313492063491184,38.703697204589844,38.703697204589844,456,47
2026-03-28T01:59:47.516151,429,14.316129684448242,859,20.999999999999613,101,101,False,stuck_timeout,0,0,0,0,0,0,3.1881313131313127,0.024447031431897106,39.302330017089844,39.302330017089844,777,81
2026-03-28T01:59:53.549878,430,5.107243776321411,302,-26.30000000000007,40,40,False,stuck_timeout,0,0,0,0,0,0,1.2626262626262625,-0.08708609271523203,38.59401321411133,38.59401321411133,273,28
2026-03-28T02:00:28.477584,431,31.056615114212036,1868,199.5500000000052,315,315,False,stuck_timeout,0,0,0,0,0,0,9.943181818181818,0.106825481798718,38.383934020996094,38.383934020996094,1689,178
2026-03-28T02:00:37.255226,432,7.737065553665161,458,200.95000000000056,246,246,False,death,0,0,0,0,0,0,7.765151515151516,0.4387554585152851,38.22364044189453,38.22364044189453,414,43
2026-03-28T02:01:00.480543,433,20.430553674697876,1228,352.84999999999764,434,434,False,stuck_timeout,0,0,0,0,0,0,13.69949494949495,0.2873371335504867,39.50019454956055,39.50019454956055,1110,117
2026-03-28T02:01:13.692223,434,11.34001111984253,678,306.24999999999807,358,358,False,death,0,0,0,0,0,0,11.300505050505052,0.45169616519173755,38.43320846557617,38.43320846557617,612,65
2026-03-28T02:01:32.261043,435,17.152170419692993,1026,129.9000000000019,200,200,False,stuck_timeout,0,0,0,0,0,0,6.313131313131313,0.12660818713450478,39.43072509765625,39.43072509765625,926,99
2026-03-28T02:01:48.003929,436,13.586848974227905,814,232.7,289,289,False,death,0,0,0,0,0,0,9.122474747474747,0.28587223587223587,38.63801193237305,38.63801193237305,735,78
2026-03-28T02:02:30.634058,437,38.15687370300293,2291,492.39999999999253,595,595,False,stuck_timeout,0,0,0,0,0,0,18.781565656565657,0.2149279790484472,38.77571105957031,38.77571105957031,2067,223
2026-03-28T02:02:58.312292,438,24.491894006729126,1466,518.6499999999924,594,594,False,stuck_timeout,0,0,0,0,0,0,18.75,0.35378581173260054,39.096221923828125,39.096221923828125,1322,143
2026-03-28T02:03:06.431147,439,7.126674175262451,429,17.849999999999635,83,83,False,stuck_timeout,0,0,0,0,0,0,2.619949494949495,0.041608391608390756,38.132232666015625,38.132232666015625,387,41
2026-03-28T02:03:12.727577,440,5.061778545379639,302,-27.000000000000096,40,40,False,stuck_timeout,0,0,0,0,0,0,1.2626262626262625,-0.08940397350993409,38.74579620361328,38.74579620361328,272,29
2026-03-28T02:03:21.648360,441,7.952159404754639,473,112.50000000000055,163,163,False,death,0,0,0,0,0,0,5.14520202020202,0.23784355179704134,38.86564636230469,38.86564636230469,426,46
2026-03-28T02:03:47.073958,442,22.24838900566101,1328,547.7999999999942,595,595,False,stuck_timeout,0,0,0,0,0,0,18.781565656565657,0.4124999999999956,39.06427001953125,39.06427001953125,1196,131
2026-03-28T02:04:08.439314,443,18.77383279800415,1127,374.449999999995,447,447,False,stuck_timeout,0,0,0,0,0,0,14.109848484848486,0.3322537710736424,39.34857940673828,39.34857940673828,1015,111
2026-03-28T02:04:20.982270,444,11.351579904556274,679,185.15000000000066,234,234,False,death,0,0,0,0,0,0,7.386363636363637,0.272680412371135,39.472503662109375,39.472503662109375,611,67
2026-03-28T02:04:35.857786,445,13.61518144607544,813,41.49999999999982,115,115,False,stuck_timeout,0,0,0,0,0,0,3.6300505050505047,0.05104551045510433,38.04472351074219,38.04472351074219,732,80
2026-03-28T02:05:12.750574,446,32.852198362350464,1969,208.40000000000384,308,308,False,stuck_timeout,0,0,0,0,0,0,9.722222222222223,0.10584052818689885,38.24800491333008,38.24800491333008,1772,196
2026-03-28T02:05:19.701180,447,5.955106258392334,356,-20.7,47,47,False,stuck_timeout,0,0,0,0,0,0,1.4835858585858586,-0.058146067415730335,38.990413665771484,38.990413665771484,320,35
2026-03-28T02:05:42.685922,448,20.136070251464844,1208,335.44999999999646,400,400,False,stuck_timeout,0,0,0,0,0,0,12.626262626262626,0.27769039735099044,39.801998138427734,39.801998138427734,1087,120
2026-03-28T02:06:15.893397,449,29.450677394866943,1767,516.2999999999855,594,594,False,stuck_timeout,0,0,0,0,0,0,18.75,0.29219015280135,38.048248291015625,38.048248291015625,1589,177
2026-03-28T02:06:35.197971,450,17.85831308364868,1070,32.199999999999456,127,127,False,stuck_timeout,0,0,0,0,0,0,4.008838383838384,0.030093457943924724,38.83871078491211,38.83871078491211,962,107
2026-03-28T02:06:42.304245,451,6.161273002624512,367,214.40000000000038,247,247,False,death,0,0,0,0,0,0,7.796717171717171,0.5841961852861046,37.920047760009766,37.920047760009766,330,36
2026-03-28T02:06:55.563769,452,12.105445384979248,724,232.90000000000077,283,283,False,death,0,0,0,0,0,0,8.933080808080808,0.32168508287292924,38.53351593017578,38.53351593017578,651,72
2026-03-28T02:07:06.408833,453,9.734288454055786,584,175.15000000000234,244,244,False,stuck_timeout,0,0,0,0,0,0,7.7020202020202015,0.29991438356164785,37.67780685424805,37.67780685424805,525,58
2026-03-28T02:07:25.924250,454,18.074330806732178,1081,172.90000000000282,245,245,False,stuck_timeout,0,0,0,0,0,0,7.733585858585859,0.1599444958371904,39.292877197265625,39.292877197265625,972,108
2026-03-28T02:07:37.073008,455,10.119456052780151,607,174.45000000000033,219,219,False,death,0,0,0,0,0,0,6.912878787878787,0.28739703459637617,39.38978958129883,39.38978958129883,545,61
2026-03-28T02:07:52.114627,456,13.05776071548462,781,373.1999999999981,435,435,False,stuck_timeout,0,0,0,0,0,0,13.731060606060606,0.47784891165172616,38.715110778808594,38.715110778808594,702,78
2026-03-28T02:08:02.158681,457,8.981917142868042,536,-11.74999999999995,60,60,False,stuck_timeout,0,0,0,0,0,0,1.893939393939394,-0.021921641791044683,38.408748626708984,38.408748626708984,481,54
2026-03-28T02:08:24.626450,458,19.688951015472412,1182,363.44999999999663,442,442,False,stuck_timeout,0,0,0,0,0,0,13.952020202020202,0.3074873096446672,37.878936767578125,37.878936767578125,1062,119
2026-03-28T02:08:37.881052,459,12.013768434524536,715,110.35000000000058,160,160,False,death,0,0,0,0,0,0,5.05050505050505,0.15433566433566515,38.6725959777832,38.6725959777832,642,72
2026-03-28T02:08:58.055239,460,17.735107898712158,1064,621.999999999994,659,659,False,death,0,0,0,0,0,0,20.80176767676768,0.5845864661654079,38.67230224609375,38.67230224609375,955,108
2026-03-28T02:09:12.640292,461,12.53795838356018,751,376.5999999999968,435,435,False,stuck_timeout,0,0,0,0,0,0,13.731060606060606,0.5014647137150423,38.263309478759766,38.263309478759766,674,76
2026-03-28T02:09:48.833995,462,32.323566198349,1939,500.49999999999164,594,594,False,stuck_timeout,0,0,0,0,0,0,18.75,0.25812274368230614,38.83406448364258,38.83406448364258,1739,199
2026-03-28T02:09:59.616452,463,9.671208381652832,581,142.1000000000003,193,193,False,death,0,0,0,0,0,0,6.092171717171717,0.24457831325301257,38.60872268676758,38.60872268676758,521,59
2026-03-28T02:10:19.607204,464,17.517473220825195,1050,610.249999999997,665,665,False,death,0,0,0,0,0,0,20.991161616161616,0.5811904761904734,39.35760498046875,39.35760498046875,941,108
2026-03-28T02:10:38.279563,465,17.227335214614868,1030,37.69999999999956,120,120,False,stuck_timeout,0,0,0,0,0,0,3.787878787878788,0.03660194174757239,37.792110443115234,37.792110443115234,923,106
2026-03-28T02:10:47.090382,466,7.735988616943359,461,153.5000000000002,199,199,False,death,0,0,0,0,0,0,6.281565656565656,0.3329718004338399,38.87076950073242,38.87076950073242,413,47
2026-03-28T02:11:05.260793,467,16.790851831436157,1004,185.60000000000238,249,249,False,stuck_timeout,0,0,0,0,0,0,7.859848484848484,0.18486055776892668,38.703060150146484,38.703060150146484,900,103
2026-03-28T02:11:20.742564,468,14.20087742805481,850,180.2000000000029,245,245,False,stuck_timeout,0,0,0,0,0,0,7.733585858585859,0.2120000000000034,39.100608825683594,39.100608825683594,762,87
2026-03-28T02:11:26.546900,469,4.8906965255737305,293,242.2000000000007,275,275,False,death,0,0,0,0,0,0,8.680555555555555,0.8266211604095587,38.206382751464844,38.206382751464844,262,30
2026-03-28T02:11:36.117584,470,8.586522817611694,511,222.30000000000044,260,260,False,death,0,0,0,0,0,0,8.207070707070708,0.43502935420743727,38.8473014831543,38.8473014831543,458,52
2026-03-28T02:11:47.948148,471,10.700818300247192,636,110.25000000000108,175,175,False,stuck_timeout,0,0,0,0,0,0,5.523989898989899,0.17334905660377528,38.82476043701172,38.82476043701172,570,65
2026-03-28T02:11:58.155083,472,9.139710426330566,545,257.0500000000007,294,294,False,death,0,0,0,0,0,0,9.280303030303031,0.47165137614679026,38.53450012207031,38.53450012207031,488,56
2026-03-28T02:12:26.971544,473,25.35728883743286,1523,533.0499999999906,595,595,False,stuck_timeout,0,0,0,0,0,0,18.781565656565657,0.34999999999999387,39.65424346923828,39.65424346923828,1365,157
2026-03-28T02:12:47.158957,474,18.76354670524597,1126,116.15000000000232,196,196,False,stuck_timeout,0,0,0,0,0,0,6.186868686868687,0.1031527531083502,38.5113639831543,38.5113639831543,1009,116
2026-03-28T02:13:21.866932,475,30.895519971847534,1855,365.34999999999326,456,456,False,stuck_timeout,0,0,0,0,0,0,14.393939393939394,0.1969541778975705,39.03341293334961,39.03341293334961,1661,193
2026-03-28T02:13:57.064103,476,31.515337467193604,1890,485.2499999999824,594,594,False,stuck_timeout,0,0,0,0,0,0,18.75,0.2567460317460224,38.79603576660156,38.79603576660156,1692,197
2026-03-28T02:14:03.752811,477,5.753331661224365,341,-21.80000000000002,43,43,False,stuck_timeout,0,0,0,0,0,0,1.3573232323232325,-0.0639296187683285,38.49762725830078,38.49762725830078,305,35
2026-03-28T02:14:38.245519,478,30.718595027923584,1844,490.1499999999974,594,594,False,stuck_timeout,0,0,0,0,0,0,18.75,0.26580802603036735,38.94330596923828,38.94330596923828,1650,193
2026-03-28T02:14:55.159897,479,14.519043207168579,872,365.9499999999964,435,435,False,stuck_timeout,0,0,0,0,0,0,13.731060606060606,0.4196674311926564,38.32516098022461,38.32516098022461,779,92
2026-03-28T02:15:06.534273,480,9.735963344573975,585,180.90000000000043,218,218,False,death,0,0,0,0,0,0,6.8813131313131315,0.30923076923077,38.4800910949707,38.4800910949707,523,61
2026-03-28T02:15:29.086961,481,19.81720781326294,1188,340.1999999999943,407,407,False,stuck_timeout,0,0,0,0,0,0,12.847222222222221,0.28636363636363155,38.88878631591797,38.88878631591797,1061,126
2026-03-28T02:15:39.323073,482,9.195220232009888,549,254.4500000000006,299,299,False,death,0,0,0,0,0,0,9.438131313131313,0.46347905282331625,38.57170867919922,38.57170867919922,490,58
2026-03-28T02:16:24.410270,483,40.336368560791016,2417,622.6999999999814,722,722,False,stuck_timeout,0,0,0,0,0,0,22.79040404040404,0.25763342987173415,37.79588317871094,37.79588317871094,2158,258
2026-03-28T02:16:42.129380,484,16.337534427642822,981,177.7500000000003,229,229,False,death,0,0,0,0,0,0,7.228535353535354,0.18119266055045904,38.79918670654297,38.79918670654297,876,104
2026-03-28T02:16:49.714968,485,6.584306716918945,392,-15.699999999999951,49,49,False,stuck_timeout,0,0,0,0,0,0,1.5467171717171717,-0.04005102040816314,38.248329162597656,38.248329162597656,350,41
2026-03-28T02:16:58.171480,486,7.510466814041138,447,240.50000000000063,282,282,False,death,0,0,0,0,0,0,8.901515151515152,0.5380313199105159,38.65873718261719,38.65873718261719,399,47
2026-03-28T02:17:04.238004,487,5.088958263397217,302,-24.20000000000006,40,40,False,stuck_timeout,0,0,0,0,0,0,1.2626262626262625,-0.08013245033112602,37.6539421081543,37.6539421081543,269,32
2026-03-28T02:17:38.333272,488,30.213239669799805,1813,436.44999999999914,510,510,False,stuck_timeout,0,0,0,0,0,0,16.098484848484848,0.24073359073359027,39.441253662109375,39.441253662109375,1618,194
2026-03-28T02:17:53.817088,489,14.249281883239746,855,103.20000000000034,171,171,False,death,0,0,0,0,0,0,5.3977272727272725,0.12070175438596531,37.74198913574219,37.74198913574219,763,91
2026-03-28T02:18:12.151690,490,16.067825317382812,964,261.29999999999626,336,336,False,stuck_timeout,0,0,0,0,0,0,10.606060606060606,0.27105809128630315,39.2328987121582,39.2328987121582,860,103
2026-03-28T02:18:24.482399,491,11.22530746459961,671,111.25000000000091,174,174,False,death,0,0,0,0,0,0,5.492424242424242,0.16579731743666307,38.61760711669922,38.61760711669922,598,72
2026-03-28T02:18:41.683291,492,15.866035223007202,953,67.1500000000006,155,155,False,stuck_timeout,0,0,0,0,0,0,4.892676767676768,0.07046169989506884,39.078392028808594,39.078392028808594,850,102
2026-03-28T02:19:12.369191,493,27.206318140029907,1636,365.99999999999693,434,434,False,stuck_timeout,0,0,0,0,0,0,13.69949494949495,0.22371638141809103,38.819122314453125,38.819122314453125,1458,177
2026-03-28T02:19:53.237289,494,36.51650428771973,2192,473.09999999998354,594,594,False,stuck_timeout,0,0,0,0,0,0,18.75,0.2158302919707954,39.097503662109375,39.097503662109375,1953,238
2026-03-28T02:20:07.344996,495,12.949738502502441,777,38.099999999999675,115,115,False,stuck_timeout,0,0,0,0,0,0,3.6300505050505047,0.049034749034748616,38.72787857055664,38.72787857055664,692,84
2026-03-28T02:20:37.577115,496,26.859473705291748,1615,671.2999999999993,722,722,False,death,0,0,0,0,0,0,22.79040404040404,0.4156656346749221,37.92230987548828,37.92230987548828,1438,176
2026-03-28T02:21:10.745388,497,29.446497201919556,1765,529.8999999999859,623,623,False,stuck_timeout,0,0,0,0,0,0,19.66540404040404,0.30022662889517615,38.424095153808594,38.424095153808594,1571,193
2026-03-28T02:21:43.781049,498,29.300687313079834,1762,520.0499999999886,595,595,False,stuck_timeout,0,0,0,0,0,0,18.781565656565657,0.29514755959136696,37.375205993652344,37.375205993652344,1568,193
2026-03-28T02:22:04.222841,499,18.012649059295654,1079,314.6499999999974,371,371,False,stuck_timeout,0,0,0,0,0,0,11.710858585858585,0.2916126042632043,39.8213996887207,39.8213996887207,959,119
2026-03-28T02:22:18.992283,500,12.72285795211792,761,190.35000000000008,258,258,False,death,0,0,0,0,0,0,8.143939393939394,0.25013140604467815,38.32203674316406,38.32203674316406,676,84
2026-03-28T02:22:46.322449,501,24.147571563720703,1443,366.8499999999999,451,451,False,stuck_timeout,0,0,0,0,0,0,14.23611111111111,0.25422730422730416,38.983543395996094,38.983543395996094,1282,160
2026-03-28T02:23:26.852397,502,35.920992374420166,2156,491.1499999999787,594,594,False,stuck_timeout,0,0,0,0,0,0,18.75,0.22780612244896972,38.973899841308594,38.973899841308594,1915,240
2026-03-28T02:24:03.363667,503,32.61416673660278,1961,321.3000000000036,423,423,False,stuck_timeout,0,0,0,0,0,0,13.352272727272727,0.16384497705252604,40.00715255737305,40.00715255737305,1740,220
2026-03-28T02:24:27.431339,504,21.1188645362854,1268,253.4499999999919,354,354,False,stuck_timeout,0,0,0,0,0,0,11.174242424242424,0.19988170347002515,38.73976135253906,38.73976135253906,1125,142
2026-03-28T02:24:38.099747,505,9.498703956604004,568,19.199999999999683,92,92,False,stuck_timeout,0,0,0,0,0,0,2.904040404040404,0.03380281690140789,38.654014587402344,38.654014587402344,504,63
2026-03-28T02:24:49.111229,506,9.851008653640747,591,79.65000000000029,144,144,False,stuck_timeout,0,0,0,0,0,0,4.545454545454546,0.13477157360406142,38.40705871582031,38.40705871582031,524,66
2026-03-28T02:24:59.338578,507,9.11936068534851,549,248.60000000000062,293,293,False,death,0,0,0,0,0,0,9.248737373737374,0.45282331511839824,39.265655517578125,39.265655517578125,487,61
2026-03-28T02:25:06.978465,508,6.657724380493164,398,2.800000000000021,68,68,False,stuck_timeout,0,0,0,0,0,0,2.146464646464646,0.007035175879397038,37.71453094482422,37.71453094482422,353,44
2026-03-28T02:25:13.378567,509,5.5241076946258545,329,-21.34999999999999,42,42,False,stuck_timeout,0,0,0,0,0,0,1.3257575757575757,-0.06489361702127656,38.69417953491211,38.69417953491211,291,37
2026-03-28T02:25:19.926326,510,5.613251686096191,334,-18.34999999999999,46,46,False,stuck_timeout,0,0,0,0,0,0,1.452020202020202,-0.054940119760479016,38.518043518066406,38.518043518066406,296,37
2026-03-28T02:25:40.566458,511,18.18497109413147,1088,354.4500000000009,436,436,False,stuck_timeout,0,0,0,0,0,0,13.762626262626263,0.3257812500000008,39.31377410888672,39.31377410888672,964,123
2026-03-28T02:25:50.452740,512,8.739667654037476,524,43.999999999999915,112,112,False,stuck_timeout,0,0,0,0,0,0,3.535353535353535,0.0839694656488548,38.77330780029297,38.77330780029297,464,59
2026-03-28T02:25:58.567831,513,7.126654386520386,422,185.4500000000001,226,226,False,death,0,0,0,0,0,0,7.133838383838384,0.43945497630331776,37.65367126464844,37.65367126464844,374,47
2026-03-28T02:26:08.047090,514,8.456337451934814,507,-10.599999999999985,62,62,False,stuck_timeout,0,0,0,0,0,0,1.9570707070707072,-0.020907297830374726,38.27410888671875,38.27410888671875,449,57
2026-03-28T02:26:23.424948,515,13.248049020767212,797,363.19999999999936,419,419,False,stuck_timeout,0,0,0,0,0,0,13.226010101010102,0.45570890840652367,36.686302185058594,36.686302185058594,706,90
2026-03-28T02:26:45.082792,516,19.05713963508606,1140,542.4499999999938,595,595,False,stuck_timeout,0,0,0,0,0,0,18.781565656565657,0.4758333333333279,37.88386535644531,37.88386535644531,1010,129
2026-03-28T02:26:51.336684,517,5.394079685211182,322,198.7000000000009,242,242,False,death,0,0,0,0,0,0,7.638888888888889,0.6170807453416177,38.06928253173828,38.06928253173828,285,36
2026-03-28T02:27:02.902920,518,10.518373250961304,629,119.00000000000134,182,182,False,stuck_timeout,0,0,0,0,0,0,5.744949494949495,0.1891891891891913,38.658416748046875,38.658416748046875,557,71
2026-03-28T02:27:18.695118,519,14.56377625465393,875,156.15000000000177,235,235,False,death,0,0,0,0,0,0,7.417929292929292,0.17845714285714487,37.86103057861328,37.86103057861328,775,99
2026-03-28T02:27:41.898634,520,20.48419952392578,1227,180.2500000000024,257,257,False,stuck_timeout,0,0,0,0,0,0,8.112373737373737,0.14690301548492452,37.813720703125,37.813720703125,1086,140
2026-03-28T02:28:04.241702,521,19.62044596672058,1178,527.5999999999889,594,594,False,stuck_timeout,0,0,0,0,0,0,18.75,0.44787775891340315,38.06048583984375,38.06048583984375,1042,135
2026-03-28T02:28:11.749239,522,6.601528167724609,395,237.70000000000078,283,283,False,death,0,0,0,0,0,0,8.933080808080808,0.6017721518987361,39.26284408569336,39.26284408569336,349,45
2026-03-28T02:28:17.836631,523,5.111909627914429,302,-24.050000000000068,40,40,False,stuck_timeout,0,0,0,0,0,0,1.2626262626262625,-0.0796357615894042,38.545814514160156,38.545814514160156,267,34
2026-03-28T02:28:41.352708,524,21.947003841400146,1315,169.5000000000037,259,259,False,stuck_timeout,0,0,0,0,0,0,8.175505050505052,0.12889733840304463,39.71186828613281,39.71186828613281,1163,151
2026-03-28T02:29:21.335917,525,35.73841619491577,2146,314.8499999999989,437,437,False,stuck_timeout,0,0,0,0,0,0,13.79419191919192,0.1467148182665419,38.62982940673828,38.62982940673828,1898,247
2026-03-28T02:29:59.977026,526,34.54452586174011,2071,652.7499999999858,723,723,False,stuck_timeout,0,0,0,0,0,0,22.821969696969695,0.3151859005311375,37.82147979736328,37.82147979736328,1831,239
2026-03-28T02:30:40.578659,527,36.24220085144043,2173,491.39999999998304,595,595,False,stuck_timeout,0,0,0,0,0,0,18.781565656565657,0.226138978370908,38.63220977783203,38.63220977783203,1920,252
2026-03-28T02:30:46.589684,528,5.025018692016602,302,-26.55000000000008,40,40,False,stuck_timeout,0,0,0,0,0,0,1.2626262626262625,-0.08791390728476847,38.57880783081055,38.57880783081055,266,35
2026-03-28T02:30:58.661133,529,10.964975118637085,655,177.80000000000237,243,243,False,stuck_timeout,0,0,0,0,0,0,7.670454545454546,0.27145038167939295,38.89673614501953,38.89673614501953,578,76
2026-03-28T02:31:34.777502,530,32.21174168586731,1933,635.0499999999944,723,723,False,stuck_timeout,0,0,0,0,0,0,22.821969696969695,0.3285307811691642,38.56175994873047,38.56175994873047,1707,225
2026-03-28T02:31:40.757476,531,5.064646482467651,302,-24.150000000000023,40,40,False,stuck_timeout,0,0,0,0,0,0,1.2626262626262625,-0.07996688741721862,38.39232635498047,38.39232635498047,266,35
2026-03-28T02:31:52.384630,532,10.499374628067017,626,292.6999999999963,351,351,False,stuck_timeout,0,0,0,0,0,0,11.079545454545455,0.46757188498401964,39.26662826538086,39.26662826538086,552,73
2026-03-28T02:31:58.372307,533,5.100895881652832,303,240.85000000000042,273,273,False,death,0,0,0,0,0,0,8.617424242424242,0.7948844884488463,38.953514099121094,38.953514099121094,267,35
2026-03-28T02:32:11.908755,534,12.378398180007935,740,151.300000000002,208,208,False,stuck_timeout,0,0,0,0,0,0,6.565656565656567,0.20445945945946217,37.662071228027344,37.662071228027344,653,86
2026-03-28T02:32:32.677543,535,18.304799556732178,1101,349.7499999999966,404,404,False,stuck_timeout,0,0,0,0,0,0,12.75252525252525,0.3176657584014501,39.36829376220703,39.36829376220703,972,128
2026-03-28T02:32:43.581660,536,9.839430809020996,591,160.75000000000193,221,221,False,stuck_timeout,0,0,0,0,0,0,6.976010101010101,0.2719966159052486,38.34124755859375,38.34124755859375,521,69
2026-03-28T02:32:54.533101,537,9.83427095413208,592,18.249999999999815,86,86,False,stuck_timeout,0,0,0,0,0,0,2.714646464646465,0.03082770270270239,38.768150329589844,38.768150329589844,522,69
2026-03-28T02:33:10.486514,538,13.919002056121826,833,545.4999999999945,595,595,False,stuck_timeout,0,0,0,0,0,0,18.781565656565657,0.6548619447779046,38.16319274902344,38.16319274902344,735,97
2026-03-28T02:33:28.658672,539,16.788994312286377,1006,-13.6499999999999,85,85,False,stuck_timeout,0,0,0,0,0,0,2.683080808080808,-0.013568588469184793,38.65943145751953,38.65943145751953,887,118
2026-03-28T02:33:53.958590,540,22.360613584518433,1338,365.0999999999983,434,434,False,stuck_timeout,0,0,0,0,0,0,13.69949494949495,0.2728699551569494,38.847312927246094,38.847312927246094,1180,157
2026-03-28T02:34:07.231633,541,11.307784080505371,679,662.6499999999979,684,684,False,death,0,0,0,0,0,0,21.59090909090909,0.975920471281293,39.542293548583984,39.542293548583984,598,80
2026-03-28T02:34:44.209576,542,32.98738408088684,1977,538.499999999992,595,595,False,stuck_timeout,0,0,0,0,0,0,18.781565656565657,0.2723823975720749,38.520355224609375,38.520355224609375,1742,234
2026-03-28T02:35:05.987584,543,20.270610809326172,1216,77.30000000000045,160,160,False,stuck_timeout,0,0,0,0,0,0,5.05050505050505,0.0635690789473688,38.278316497802734,38.278316497802734,1071,144
2026-03-28T02:35:22.482230,544,14.262364625930786,855,381.0499999999984,435,435,False,stuck_timeout,0,0,0,0,0,0,13.731060606060606,0.44567251461988117,37.923561096191406,37.923561096191406,753,101
2026-03-28T02:35:41.830772,545,16.763961791992188,1008,380.89999999999674,439,439,False,stuck_timeout,0,0,0,0,0,0,13.857323232323232,0.3778769841269809,39.237266540527344,39.237266540527344,887,120
2026-03-28T02:36:13.181348,546,27.833923816680908,1668,415.5999999999965,498,498,False,stuck_timeout,0,0,0,0,0,0,15.719696969696969,0.24916067146282764,38.84637451171875,38.84637451171875,1467,200
2026-03-28T02:36:17.443656,547,3.4991707801818848,206,263.20000000000056,296,296,False,death,0,0,0,0,0,0,9.343434343434344,1.2776699029126242,37.55183029174805,37.55183029174805,181,24
2026-03-28T02:36:52.443502,548,31.125170707702637,1864,648.4499999999865,722,722,False,stuck_timeout,0,0,0,0,0,0,22.79040404040404,0.3478809012875464,38.13142776489258,38.13142776489258,1639,224
2026-03-28T02:37:17.214072,549,21.839848518371582,1310,363.84999999999764,435,435,False,stuck_timeout,0,0,0,0,0,0,13.731060606060606,0.27774809160305164,38.51886749267578,38.51886749267578,1151,158
2026-03-28T02:37:29.987166,550,11.633666038513184,698,50.05000000000021,118,118,False,stuck_timeout,0,0,0,0,0,0,3.7247474747474745,0.07170487106017222,37.393089294433594,37.393089294433594,613,84
2026-03-28T02:37:40.862593,551,9.708378791809082,583,190.85000000000042,237,237,False,death,0,0,0,0,0,0,7.481060606060606,0.32735849056603844,38.52000427246094,38.52000427246094,512,70
2026-03-28T02:38:07.176241,552,23.1793851852417,1389,517.8999999999915,594,594,False,stuck_timeout,0,0,0,0,0,0,18.75,0.3728581713462861,38.673980712890625,38.673980712890625,1220,168
2026-03-28T02:38:35.323017,553,24.946383714675903,1494,658.5499999999868,722,722,False,stuck_timeout,0,0,0,0,0,0,22.79040404040404,0.44079651941096837,39.272247314453125,39.272247314453125,1311,182
2026-03-28T02:38:53.119716,554,16.346308946609497,982,22.249999999999282,108,108,False,stuck_timeout,0,0,0,0,0,0,3.4090909090909087,0.022657841140528802,37.900428771972656,37.900428771972656,862,119
2026-03-28T02:39:00.499698,555,6.345595836639404,377,-21.70000000000002,45,45,False,stuck_timeout,0,0,0,0,0,0,1.4204545454545454,-0.05755968169761279,38.902732849121094,38.902732849121094,331,45
2026-03-28T02:39:50.840976,556,45.12907528877258,2705,551.849999999973,671,671,False,stuck_timeout,0,0,0,0,0,0,21.180555555555554,0.20401109057300296,37.719810485839844,37.719810485839844,2373,331
2026-03-28T02:40:13.084996,557,20.744577169418335,1245,165.35000000000002,242,242,False,death,0,0,0,0,0,0,7.638888888888889,0.1328112449799197,39.600830078125,39.600830078125,1092,152
2026-03-28T02:40:19.021056,558,5.0010082721710205,302,-22.800000000000058,40,40,False,stuck_timeout,0,0,0,0,0,0,1.2626262626262625,-0.07549668874172205,37.95866394042969,37.95866394042969,265,36
2026-03-28T02:40:32.543280,559,12.351666927337646,740,-22.900000000000034,54,54,False,stuck_timeout,0,0,0,0,0,0,1.7045454545454544,-0.03094594594594599,37.998287200927734,37.998287200927734,649,90
2026-03-28T02:40:39.449709,560,5.53761100769043,331,-23.450000000000053,42,42,False,stuck_timeout,0,0,0,0,0,0,1.3257575757575757,-0.07084592145015121,37.940338134765625,37.940338134765625,290,40
2026-03-28T02:40:48.582750,561,8.12909746170044,484,-18.650000000000002,51,51,False,stuck_timeout,0,0,0,0,0,0,1.6098484848484849,-0.03853305785123967,38.59701156616211,38.59701156616211,424,59
2026-03-28T02:41:09.724242,562,18.52221155166626,1110,373.94999999999794,436,436,False,stuck_timeout,0,0,0,0,0,0,13.762626262626263,0.33689189189189006,38.910072326660156,38.910072326660156,973,136
2026-03-28T02:41:15.827522,563,5.203112363815308,313,-26.900000000000013,41,41,False,stuck_timeout,0,0,0,0,0,0,1.2941919191919191,-0.08594249201277959,36.93500900268555,36.93500900268555,274,38
2026-03-28T02:41:22.458548,564,5.746910572052002,342,256.0000000000005,288,288,False,death,0,0,0,0,0,0,9.090909090909092,0.748538011695908,38.155189514160156,38.155189514160156,299,42
2026-03-28T02:42:02.888544,565,36.08870339393616,2164,491.14999999999907,595,595,False,stuck_timeout,0,0,0,0,0,0,18.781565656565657,0.22696395563770752,38.291900634765625,38.291900634765625,1896,267
2026-03-28T02:42:08.206038,566,4.474828243255615,267,236.00000000000045,269,269,False,death,0,0,0,0,0,0,8.491161616161616,0.883895131086144,38.505706787109375,38.505706787109375,233,33
2026-03-28T02:42:15.673314,567,6.510967254638672,389,-28.200000000000077,41,41,False,stuck_timeout,0,0,0,0,0,0,1.2941919191919191,-0.07249357326478169,38.07891082763672,38.07891082763672,340,48
2026-03-28T02:42:33.026141,568,16.010380744934082,961,35.99999999999944,123,123,False,stuck_timeout,0,0,0,0,0,0,3.882575757575758,0.03746097814776216,38.28620529174805,38.28620529174805,842,118
2026-03-28T02:42:42.761851,569,8.705636978149414,521,106.00000000000041,154,154,False,death,0,0,0,0,0,0,4.861111111111112,0.20345489443378198,39.30181884765625,39.30181884765625,456,64
2026-03-28T02:43:13.585560,570,27.32715654373169,1638,510.3499999999891,594,594,False,stuck_timeout,0,0,0,0,0,0,18.75,0.3115689865689799,38.216651916503906,38.216651916503906,1434,203
2026-03-28T02:43:40.660006,571,23.892657995224,1432,518.249999999988,595,595,False,stuck_timeout,0,0,0,0,0,0,18.781565656565657,0.36190642458099714,38.95777893066406,38.95777893066406,1253,178
2026-03-28T02:43:50.497313,572,8.748425245285034,522,221.15000000000123,264,264,False,death,0,0,0,0,0,0,8.333333333333332,0.42365900383141997,37.78819274902344,37.78819274902344,456,65
2026-03-28T02:44:09.909732,573,16.928452730178833,1013,375.6499999999968,435,435,False,stuck_timeout,0,0,0,0,0,0,13.731060606060606,0.3708292201382002,38.892364501953125,38.892364501953125,886,126
2026-03-28T02:44:15.781240,574,5.023056745529175,298,250.95000000000044,284,284,False,death,0,0,0,0,0,0,8.964646464646464,0.842114093959733,37.54642868041992,37.54642868041992,260,37
2026-03-28T02:44:22.197232,575,5.50902795791626,327,-24.85000000000009,42,42,False,stuck_timeout,0,0,0,0,0,0,1.3257575757575757,-0.0759938837920492,39.21318435668945,39.21318435668945,286,40
2026-03-28T02:44:35.470295,576,12.127339601516724,724,177.3500000000029,246,246,False,stuck_timeout,0,0,0,0,0,0,7.765151515151516,0.2449585635359156,38.14326858520508,38.14326858520508,633,90
2026-03-28T02:45:03.662778,577,26.297751665115356,1580,232.10000000000383,332,332,False,stuck_timeout,0,0,0,0,0,0,10.47979797979798,0.1468987341772176,39.045440673828125,39.045440673828125,1382,197
2026-03-28T02:45:36.895849,578,29.586530447006226,1771,510.64999999999,574,574,False,stuck_timeout,0,0,0,0,0,0,18.11868686868687,0.28833992094861094,38.43360900878906,38.43360900878906,1548,222
2026-03-28T02:46:22.408862,579,40.66493606567383,2443,746.0999999999805,818,818,False,death,0,0,0,0,0,0,25.820707070707073,0.30540319279573497,39.112457275390625,39.112457275390625,2135,307
2026-03-28T02:46:49.265236,580,23.892149686813354,1436,530.2499999999934,595,595,False,stuck_timeout,0,0,0,0,0,0,18.781565656565657,0.369254874651806,38.67680358886719,38.67680358886719,1254,181
2026-03-28T02:47:01.357845,581,10.978197574615479,657,116.15000000000045,170,170,False,death,0,0,0,0,0,0,5.366161616161616,0.17678843226788502,38.49497604370117,38.49497604370117,574,82
2026-03-28T02:47:09.601691,582,7.261514902114868,435,247.10000000000073,288,288,False,death,0,0,0,0,0,0,9.090909090909092,0.568045977011496,38.2393913269043,38.2393913269043,380,54
2026-03-28T02:47:21.911642,583,11.148363590240479,664,310.3999999999997,372,372,False,stuck_timeout,0,0,0,0,0,0,11.742424242424242,0.46746987951807184,39.36567687988281,39.36567687988281,580,83
2026-03-28T02:47:50.589749,584,25.371216773986816,1525,669.4999999999903,723,723,False,death,0,0,0,0,0,0,22.821969696969695,0.4390163934426166,37.70659637451172,37.70659637451172,1331,193
2026-03-28T02:48:08.766282,585,15.846640348434448,949,344.69999999999715,420,420,False,stuck_timeout,0,0,0,0,0,0,13.257575757575758,0.3632244467860876,39.72384262084961,39.72384262084961,828,120
2026-03-28T02:48:27.850505,586,16.736215829849243,1006,403.69999999999766,462,462,False,stuck_timeout,0,0,0,0,0,0,14.583333333333334,0.4012922465208724,38.12096405029297,38.12096405029297,877,128
2026-03-28T02:48:58.423091,587,27.104891777038574,1627,520.1499999999974,594,594,False,stuck_timeout,0,0,0,0,0,0,18.75,0.31969883220651346,38.238861083984375,38.238861083984375,1418,208
2026-03-28T02:49:05.320733,588,5.998352289199829,355,203.6000000000006,239,239,False,death,0,0,0,0,0,0,7.544191919191919,0.573521126760565,39.45629119873047,39.45629119873047,309,45
2026-03-28T02:49:26.617206,589,18.72197937965393,1120,362.69999999999754,420,420,False,stuck_timeout,0,0,0,0,0,0,13.257575757575758,0.3238392857142835,38.879905700683594,38.879905700683594,976,143
2026-03-28T02:50:02.009249,590,31.658746242523193,1898,509.249999999995,594,594,False,stuck_timeout,0,0,0,0,0,0,18.75,0.26830874604846944,39.238914489746094,39.238914489746094,1653,244
2026-03-28T02:50:09.075746,591,6.096951246261597,364,266.1000000000006,301,301,False,death,0,0,0,0,0,0,9.501262626262626,0.7310439560439577,38.662654876708984,38.662654876708984,317,46
2026-03-28T02:50:19.603696,592,9.380038022994995,562,168.45000000000206,230,230,False,stuck_timeout,0,0,0,0,0,0,7.2601010101010095,0.29973309608541293,39.13226318359375,39.13226318359375,489,72
2026-03-28T02:50:36.029410,593,14.236988067626953,855,542.1999999999935,595,595,False,stuck_timeout,0,0,0,0,0,0,18.781565656565657,0.634152046783618,39.43011474609375,39.43011474609375,744,110
2026-03-28T02:50:43.536348,594,6.594349384307861,397,210.15000000000035,243,243,False,death,0,0,0,0,0,0,7.670454545454546,0.52934508816121,38.641395568847656,38.641395568847656,345,51
2026-03-28T02:51:03.943132,595,17.80056667327881,1069,378.299999999997,435,435,False,stuck_timeout,0,0,0,0,0,0,13.731060606060606,0.3538821328344219,39.20330810546875,39.20330810546875,930,138
2026-03-28T02:51:09.851974,596,5.024455308914185,302,-25.000000000000078,40,40,False,stuck_timeout,0,0,0,0,0,0,1.2626262626262625,-0.08278145695364264,38.06295394897461,38.06295394897461,262,39
2026-03-28T02:51:18.330514,597,7.509761333465576,447,224.95000000000053,262,262,False,death,0,0,0,0,0,0,8.27020202020202,0.5032438478747215,38.25395584106445,38.25395584106445,388,58
2026-03-28T02:51:33.790435,598,14.165691375732422,850,45.25000000000014,117,117,False,stuck_timeout,0,0,0,0,0,0,3.6931818181818183,0.05323529411764723,38.345436096191406,38.345436096191406,739,110
2026-03-28T02:52:34.478566,599,54.70707559585571,3285,456.2499999999814,594,594,False,stuck_timeout,0,0,0,0,0,0,18.75,0.13888888888888323,38.25445556640625,38.25445556640625,2857,427
2026-03-28T02:52:47.727476,600,11.3178551197052,674,213.75000000000028,256,256,False,death,0,0,0,0,0,0,8.080808080808081,0.3171364985163209,38.9387321472168,38.9387321472168,585,88
2026-03-28T02:53:32.292158,601,39.90345025062561,2393,480.84999999999997,595,595,False,stuck_timeout,0,0,0,0,0,0,18.781565656565657,0.20094024237358962,38.52629852294922,38.52629852294922,2079,313
2026-03-28T02:53:54.641486,602,19.61885666847229,1179,545.8999999999924,596,596,False,stuck_timeout,0,0,0,0,0,0,18.81313131313131,0.4630195080576695,37.95390701293945,37.95390701293945,1023,155
2026-03-28T02:54:05.397931,603,9.684114217758179,582,75.2500000000008,154,154,False,stuck_timeout,0,0,0,0,0,0,4.861111111111112,0.12929553264604948,39.35849380493164,39.35849380493164,505,76
2026-03-28T02:54:14.260811,604,7.827331781387329,467,23.199999999999577,91,91,False,stuck_timeout,0,0,0,0,0,0,2.8724747474747474,0.04967880085653014,37.407203674316406,37.407203674316406,405,61
2026-03-28T02:54:23.934547,605,8.608457088470459,517,211.9000000000004,248,248,False,death,0,0,0,0,0,0,7.828282828282829,0.4098646034816255,38.65383529663086,38.65383529663086,448,68
2026-03-28T02:54:35.614558,606,10.606098651885986,634,236.20000000000067,283,283,False,death,0,0,0,0,0,0,8.933080808080808,0.37255520504731965,38.47890853881836,38.47890853881836,550,83
2026-03-28T02:54:51.688811,607,13.885823965072632,834,383.34999999999786,436,436,False,stuck_timeout,0,0,0,0,0,0,13.762626262626263,0.45965227817745546,37.629791259765625,37.629791259765625,723,110
2026-03-28T02:56:00.071803,608,61.603620290756226,3697,582.0499999999694,722,722,False,stuck_timeout,0,0,0,0,0,0,22.79040404040404,0.15743846361914238,39.241310119628906,39.241310119628906,3207,489
2026-03-28T02:56:12.798208,609,11.527958869934082,692,132.000000000002,195,195,False,death,0,0,0,0,0,0,6.15530303030303,0.19075144508670808,38.194435119628906,38.194435119628906,600,91
2026-03-28T02:56:29.134724,610,14.94615125656128,897,1.300000000000051,82,82,False,stuck_timeout,0,0,0,0,0,0,2.5883838383838382,0.0014492753623188974,37.989463806152344,37.989463806152344,778,118
2026-03-28T02:56:44.545825,611,14.193163633346558,852,129.00000000000026,178,178,False,death,0,0,0,0,0,0,5.6186868686868685,0.15140845070422565,38.9931640625,38.9931640625,739,112
2026-03-28T02:57:22.709059,612,34.130403995513916,2051,514.7499999999975,594,594,False,stuck_timeout,0,0,0,0,0,0,18.75,0.2509751340809349,38.38585662841797,38.38585662841797,1778,272
2026-03-28T02:57:49.018813,613,23.162269353866577,1390,427.9499999999975,495,495,False,stuck_timeout,0,0,0,0,0,0,15.625,0.3078776978417248,39.554969787597656,39.554969787597656,1204,185
2026-03-28T02:58:14.519275,614,22.57755184173584,1350,353.3499999999952,437,437,False,stuck_timeout,0,0,0,0,0,0,13.79419191919192,0.26174074074073717,39.55355453491211,39.55355453491211,1169,180
2026-03-28T02:58:25.326650,615,9.707639932632446,580,250.99999999999804,308,308,False,stuck_timeout,0,0,0,0,0,0,9.722222222222223,0.4327586206896518,38.779441833496094,38.779441833496094,502,77
2026-03-28T02:58:59.094739,616,30.00684952735901,1801,504.4999999999925,595,595,False,stuck_timeout,0,0,0,0,0,0,18.781565656565657,0.2801221543586854,38.47551727294922,38.47551727294922,1559,241
2026-03-28T02:59:07.773665,617,7.65284276008606,460,205.65000000000074,241,241,False,death,0,0,0,0,0,0,7.607323232323232,0.44706521739130595,38.11872863769531,38.11872863769531,398,61
2026-03-28T02:59:24.712848,618,15.585913181304932,938,54.40000000000056,138,138,False,stuck_timeout,0,0,0,0,0,0,4.356060606060606,0.057995735607676506,38.59833526611328,38.59833526611328,812,125
2026-03-28T02:59:55.757810,619,27.451704263687134,1644,655.349999999989,723,723,False,stuck_timeout,0,0,0,0,0,0,22.821969696969695,0.39863138686130717,38.63994598388672,38.63994598388672,1422,221
2026-03-28T03:00:18.259827,620,19.865458488464355,1191,375.899999999998,434,434,False,stuck_timeout,0,0,0,0,0,0,13.69949494949495,0.3156171284634744,37.7120475769043,37.7120475769043,1030,160
2026-03-28T03:01:16.022933,621,51.865426778793335,3110,598.0499999999644,723,723,False,stuck_timeout,0,0,0,0,0,0,22.821969696969695,0.19229903536976348,37.71418762207031,37.71418762207031,2688,421
2026-03-28T03:01:23.253656,622,6.241708040237427,372,-19.149999999999988,48,48,False,stuck_timeout,0,0,0,0,0,0,1.5151515151515151,-0.051478494623655884,39.88752746582031,39.88752746582031,321,50
2026-03-28T03:01:44.244079,623,19.500895500183105,1170,328.7499999999973,403,403,False,stuck_timeout,0,0,0,0,0,0,12.720959595959597,0.2809829059829037,38.068321228027344,38.068321228027344,1011,158
2026-03-28T03:01:50.024593,624,4.86653208732605,289,246.0500000000006,283,283,False,death,0,0,0,0,0,0,8.933080808080808,0.8513840830449848,38.00597381591797,38.00597381591797,249,39
2026-03-28T03:02:33.878487,625,39.198787689208984,2354,607.899999999975,723,723,False,stuck_timeout,0,0,0,0,0,0,22.821969696969695,0.2582412914188509,37.56318283081055,37.56318283081055,2034,319
2026-03-28T03:02:47.968331,626,12.10917353630066,725,532.8999999999932,594,594,False,stuck_timeout,0,0,0,0,0,0,18.75,0.7350344827586113,39.18373107910156,39.18373107910156,626,98
2026-03-28T03:03:07.659653,627,17.21209955215454,1033,520.399999999994,595,595,False,stuck_timeout,0,0,0,0,0,0,18.781565656565657,0.5037754114230338,38.7137565612793,38.7137565612793,891,141
2026-03-28T03:03:30.615235,628,20.075963973999023,1201,365.49999999999534,435,435,False,stuck_timeout,0,0,0,0,0,0,13.731060606060606,0.30432972522897195,37.34183883666992,37.34183883666992,1036,164
2026-03-28T03:03:56.739033,629,24.414315938949585,1461,348.999999999998,423,423,False,stuck_timeout,0,0,0,0,0,0,13.352272727272727,0.23887748117727448,37.869728088378906,37.869728088378906,1260,200
2026-03-28T03:04:06.976086,630,9.140037298202515,549,86.70000000000094,149,149,False,stuck_timeout,0,0,0,0,0,0,4.703282828282828,0.15792349726776128,38.96229553222656,38.96229553222656,473,75
2026-03-28T03:04:34.386034,631,24.208716869354248,1450,537.549999999987,595,595,False,stuck_timeout,0,0,0,0,0,0,18.781565656565657,0.3707241379310255,38.09821319580078,38.09821319580078,1250,199
2026-03-28T03:04:57.010872,632,19.949767589569092,1199,535.6999999999906,594,594,False,stuck_timeout,0,0,0,0,0,0,18.75,0.44678899082568024,37.77766418457031,37.77766418457031,1033,165
2026-03-28T03:05:06.753754,633,8.585670709609985,516,-0.0500000000000248,62,62,False,stuck_timeout,0,0,0,0,0,0,1.9570707070707072,-9.689922480624962e-05,37.99369430541992,37.99369430541992,444,71
2026-03-28T03:05:26.570988,634,17.39382314682007,1044,547.1499999999935,595,595,False,stuck_timeout,0,0,0,0,0,0,18.781565656565657,0.52409003831417,38.147705078125,38.147705078125,899,144
2026-03-28T03:05:50.058607,635,21.83672523498535,1309,149.7500000000029,245,245,False,stuck_timeout,0,0,0,0,0,0,7.733585858585859,0.11440030557677838,37.995479583740234,37.995479583740234,1127,181
2026-03-28T03:06:09.432837,636,17.933982849121094,1074,246.14999999999964,309,309,False,stuck_timeout,0,0,0,0,0,0,9.753787878787879,0.22918994413407787,38.600589752197266,38.600589752197266,925,148
2026-03-28T03:06:24.387908,637,12.916837453842163,777,474.8999999999992,528,528,False,stuck_timeout,0,0,0,0,0,0,16.666666666666664,0.6111969111969101,37.00289535522461,37.00289535522461,669,107
2026-03-28T03:06:30.391685,638,5.142334699630737,307,255.35000000000042,290,290,False,death,0,0,0,0,0,0,9.154040404040405,0.8317589576547245,38.74166488647461,38.74166488647461,264,42
2026-03-28T03:06:45.305058,639,13.685739755630493,819,242.95000000000056,306,306,False,stuck_timeout,0,0,0,0,0,0,9.659090909090908,0.2966422466422473,37.497581481933594,37.497581481933594,705,113
2026-03-28T03:07:12.909716,640,24.43929696083069,1464,299.2500000000005,385,385,False,stuck_timeout,0,0,0,0,0,0,12.152777777777777,0.20440573770491838,39.26198959350586,39.26198959350586,1260,203
2026-03-28T03:07:38.823646,641,23.028204441070557,1383,539.149999999986,623,623,False,stuck_timeout,0,0,0,0,0,0,19.66540404040404,0.38984092552421257,38.83222198486328,38.83222198486328,1189,193
2026-03-28T03:07:44.893645,642,5.114238023757935,302,-27.500000000000085,40,40,False,stuck_timeout,0,0,0,0,0,0,1.2626262626262625,-0.09105960264900691,38.73170471191406,38.73170471191406,259,42
2026-03-28T03:08:04.901864,643,18.59220314025879,1118,350.0999999999953,415,415,False,stuck_timeout,0,0,0,0,0,0,13.099747474747476,0.313148479427545,39.48933029174805,39.48933029174805,961,156
2026-03-28T03:08:11.557611,644,5.778167247772217,344,204.85000000000056,239,239,False,death,0,0,0,0,0,0,7.544191919191919,0.5954941860465133,38.1944694519043,38.1944694519043,295,48
2026-03-28T03:08:46.830183,645,31.3824360370636,1880,639.3499999999823,722,722,False,stuck_timeout,0,0,0,0,0,0,22.79040404040404,0.34007978723403315,39.33916091918945,39.33916091918945,1616,263
2026-03-28T03:08:53.976690,646,6.254474878311157,371,-13.899999999999938,50,50,False,stuck_timeout,0,0,0,0,0,0,1.5782828282828283,-0.03746630727762786,38.42502212524414,38.42502212524414,318,52
2026-03-28T03:09:02.649260,647,7.7319724559783936,460,212.5000000000005,251,251,False,death,0,0,0,0,0,0,7.9229797979797985,0.46195652173913154,38.41233825683594,38.41233825683594,395,64
2026-03-28T03:09:11.869848,648,8.230704545974731,492,-21.049999999999986,56,56,False,stuck_timeout,0,0,0,0,0,0,1.7676767676767675,-0.04278455284552843,38.395721435546875,38.395721435546875,423,68
2026-03-28T03:09:18.501646,649,5.65800404548645,337,-16.54999999999996,49,49,False,stuck_timeout,0,0,0,0,0,0,1.5467171717171717,-0.04910979228486635,38.1141471862793,38.1141471862793,289,47
2026-03-28T03:09:23.446261,650,4.086337089538574,246,259.00000000000057,293,293,False,death,0,0,0,0,0,0,9.248737373737374,1.052845528455287,37.527095794677734,37.527095794677734,211,34
2026-03-28T03:09:32.003742,651,7.456714391708374,449,-8.999999999999945,55,55,False,stuck_timeout,0,0,0,0,0,0,1.7361111111111112,-0.020044543429843974,37.543479919433594,37.543479919433594,386,62
2026-03-28T03:10:10.451746,652,34.28066921234131,2058,501.6499999999884,595,595,False,stuck_timeout,0,0,0,0,0,0,18.781565656565657,0.24375607385810902,38.42962646484375,38.42962646484375,1768,289
2026-03-28T03:10:19.805185,653,8.23231816291809,489,248.7000000000004,287,287,False,death,0,0,0,0,0,0,9.059343434343434,0.5085889570552156,37.951515197753906,37.951515197753906,420,68
2026-03-28T03:10:38.414997,654,16.226430654525757,975,613.1999999999938,672,672,False,death,0,0,0,0,0,0,21.21212121212121,0.6289230769230706,38.24713897705078,38.24713897705078,837,137
2026-03-28T03:10:44.456951,655,5.097569465637207,302,-24.80000000000009,40,40,False,stuck_timeout,0,0,0,0,0,0,1.2626262626262625,-0.08211920529801355,38.26380157470703,38.26380157470703,259,42
2026-03-28T03:11:06.470896,656,20.45010018348694,1223,289.09999999999656,368,368,False,stuck_timeout,0,0,0,0,0,0,11.616161616161616,0.23638593622240112,37.43558120727539,37.43558120727539,1050,172
2026-03-28T03:11:26.977986,657,19.041741847991943,1141,356.34999999999764,434,434,False,stuck_timeout,0,0,0,0,0,0,13.69949494949495,0.31231375985977006,38.047096252441406,38.047096252441406,980,160
2026-03-28T03:11:38.454933,658,10.310683250427246,617,164.85000000000016,199,199,False,death,0,0,0,0,0,0,6.281565656565656,0.2671799027552677,38.202659606933594,38.202659606933594,529,87
2026-03-28T03:12:07.335039,659,27.070499897003174,1623,301.39999999999856,377,377,False,stuck_timeout,0,0,0,0,0,0,11.900252525252524,0.18570548367221107,38.24723434448242,38.24723434448242,1394,228
2026-03-28T03:12:39.727309,660,28.927001476287842,1735,649.7999999999861,722,722,False,stuck_timeout,0,0,0,0,0,0,22.79040404040404,0.3745244956772254,38.067832946777344,38.067832946777344,1489,245
2026-03-28T03:12:46.670408,661,5.981312036514282,360,-12.899999999999949,52,52,False,stuck_timeout,0,0,0,0,0,0,1.6414141414141417,-0.03583333333333319,38.48408508300781,38.48408508300781,309,50
2026-03-28T03:12:59.747189,662,11.936718225479126,714,-4.549999999999978,62,62,False,stuck_timeout,0,0,0,0,0,0,1.9570707070707072,-0.006372549019607812,38.705772399902344,38.705772399902344,612,101
2026-03-28T03:13:06.443822,663,5.748559236526489,347,214.05000000000075,251,251,False,death,0,0,0,0,0,0,7.9229797979797985,0.6168587896253624,36.897212982177734,36.897212982177734,297,49
2026-03-28T03:13:18.455106,664,10.771258115768433,640,191.85000000000193,253,253,False,stuck_timeout,0,0,0,0,0,0,7.986111111111111,0.29976562500000303,37.079647064208984,37.079647064208984,549,90
2026-03-28T03:13:39.233982,665,19.345006227493286,1160,203.8500000000025,271,271,False,stuck_timeout,0,0,0,0,0,0,8.554292929292929,0.17573275862069182,38.17766571044922,38.17766571044922,995,164
2026-03-28T03:14:18.648253,666,35.156548738479614,2105,485.09999999998166,594,594,False,stuck_timeout,0,0,0,0,0,0,18.75,0.23045130641329295,37.375938415527344,37.375938415527344,1806,298
2026-03-28T03:14:42.242914,667,20.781598567962646,1235,532.0499999999946,595,595,False,stuck_timeout,0,0,0,0,0,0,18.781565656565657,0.43080971659918593,38.0147819519043,38.0147819519043,1059,175
2026-03-28T03:14:59.057888,668,15.512579917907715,929,174.45000000000024,227,227,False,death,0,0,0,0,0,0,7.16540404040404,0.18778256189451048,38.76586151123047,38.76586151123047,796,132
2026-03-28T03:15:08.218932,669,8.114543437957764,482,26.149999999999583,88,88,False,stuck_timeout,0,0,0,0,0,0,2.7777777777777777,0.054253112033194155,38.69547653198242,38.69547653198242,413,68
2026-03-28T03:15:16.716348,670,7.54232382774353,453,197.25000000000043,230,230,False,death,0,0,0,0,0,0,7.2601010101010095,0.4354304635761599,37.19987487792969,37.19987487792969,388,64
2026-03-28T03:15:55.862870,671,34.951629638671875,2095,633.0499999999807,724,724,False,stuck_timeout,0,0,0,0,0,0,22.853535353535353,0.30217183770882133,37.83561325073242,37.83561325073242,1795,299
2026-03-28T03:16:05.547636,672,8.681837558746338,518,240.60000000000062,306,306,False,stuck_timeout,0,0,0,0,0,0,9.659090909090908,0.4644787644787657,38.95595932006836,38.95595932006836,444,73
2026-03-28T03:16:34.021020,673,25.300907850265503,1516,511.24999999998994,595,595,False,stuck_timeout,0,0,0,0,0,0,18.781565656565657,0.3372361477572493,37.76374816894531,37.76374816894531,1298,217
2026-03-28T03:17:07.602319,674,29.88242244720459,1794,511.84999999999286,599,599,False,stuck_timeout,0,0,0,0,0,0,18.90782828282828,0.2853121516164955,37.717350006103516,37.717350006103516,1536,257
2026-03-28T03:17:28.377635,675,19.33187961578369,1161,349.5499999999966,428,428,False,stuck_timeout,0,0,0,0,0,0,13.51010101010101,0.30107665805339934,38.27668762207031,38.27668762207031,994,166
2026-03-28T03:17:58.309378,676,28.084249019622803,1684,252.34999999999397,354,354,False,stuck_timeout,0,0,0,0,0,0,11.174242424242424,0.1498515439429893,38.37113952636719,38.37113952636719,1442,241
2026-03-28T03:18:25.661495,677,24.09897017478943,1441,522.2999999999926,595,595,False,stuck_timeout,0,0,0,0,0,0,18.781565656565657,0.36245662734211836,37.13109588623047,37.13109588623047,1233,207
2026-03-28T03:18:48.532110,678,20.055148601531982,1205,478.09999999999843,555,555,False,stuck_timeout,0,0,0,0,0,0,17.518939393939394,0.3967634854771771,37.04106903076172,37.04106903076172,1030,174
2026-03-28T03:19:21.714717,679,29.55638313293457,1775,656.3999999999835,724,724,False,stuck_timeout,0,0,0,0,0,0,22.853535353535353,0.36980281690139916,38.51020050048828,38.51020050048828,1517,257
2026-03-28T03:19:33.970955,680,10.476158618927002,629,201.8000000000021,261,261,False,stuck_timeout,0,0,0,0,0,0,8.238636363636363,0.3208267090620065,38.963722229003906,38.963722229003906,537,91
2026-03-28T03:20:06.830500,681,29.260730028152466,1750,346.59999999999604,436,436,False,stuck_timeout,0,0,0,0,0,0,13.762626262626263,0.1980571428571406,37.14631271362305,37.14631271362305,1494,255
2026-03-28T03:20:13.961860,682,6.218416929244995,374,-18.39999999999995,48,48,False,stuck_timeout,0,0,0,0,0,0,1.5151515151515151,-0.04919786096256671,38.497650146484375,38.497650146484375,319,54
2026-03-28T03:20:23.425886,683,8.410181283950806,501,11.949999999999719,82,82,False,stuck_timeout,0,0,0,0,0,0,2.5883838383838382,0.023852295409181073,38.330543518066406,38.330543518066406,427,73
2026-03-28T03:20:44.344893,684,18.335310697555542,1098,488.3499999999967,544,544,False,stuck_timeout,0,0,0,0,0,0,17.17171717171717,0.4447632058287766,38.211952209472656,38.211952209472656,937,160
2026-03-28T03:20:53.635078,685,8.269721031188965,493,244.30000000000052,290,290,False,death,0,0,0,0,0,0,9.154040404040405,0.49553752535497064,38.22589874267578,38.22589874267578,420,72
2026-03-28T03:21:02.383312,686,7.667837142944336,457,209.00000000000034,245,245,False,death,0,0,0,0,0,0,7.733585858585859,0.45733041575492417,37.995296478271484,37.995296478271484,390,66
2026-03-28T03:21:19.912784,687,15.366246700286865,923,368.4999999999984,435,435,False,stuck_timeout,0,0,0,0,0,0,13.731060606060606,0.39924160346695386,36.885955810546875,36.885955810546875,787,135
2026-03-28T03:21:29.182675,688,8.198279857635498,491,240.65000000000012,282,282,False,death,0,0,0,0,0,0,8.901515151515152,0.4901221995926683,37.68235397338867,37.68235397338867,419,71
2026-03-28T03:21:39.700888,689,9.450225353240967,562,207.05000000000038,246,246,False,death,0,0,0,0,0,0,7.765151515151516,0.36841637010676226,39.34749984741211,39.34749984741211,479,82
2026-03-28T03:22:04.498754,690,21.85419011116028,1312,535.6999999999922,594,594,False,stuck_timeout,0,0,0,0,0,0,18.75,0.40830792682926237,38.228492736816406,38.228492736816406,1119,192
2026-03-28T03:22:41.966778,691,33.45578908920288,2006,517.2499999999851,599,599,False,stuck_timeout,0,0,0,0,0,0,18.90782828282828,0.25785144566300355,38.53631591796875,38.53631591796875,1710,295
2026-03-28T03:23:16.096106,692,30.341306447982788,1823,499.7999999999887,594,594,False,stuck_timeout,0,0,0,0,0,0,18.75,0.2741634668129395,36.802791595458984,36.802791595458984,1553,269
2026-03-28T03:23:44.717808,693,26.862248182296753,1607,328.14999999999975,423,423,False,stuck_timeout,0,0,0,0,0,0,13.352272727272727,0.2042003733665213,37.972877502441406,37.972877502441406,1369,237
2026-03-28T03:23:57.263280,694,11.303751707077026,677,176.3000000000016,244,244,False,death,0,0,0,0,0,0,7.7020202020202015,0.26041358936484726,37.730709075927734,37.730709075927734,576,100
2026-03-28T03:24:05.301379,695,7.025016784667969,418,-12.149999999999954,52,52,False,stuck_timeout,0,0,0,0,0,0,1.6414141414141417,-0.029066985645932904,38.316307067871094,38.316307067871094,356,61
2026-03-28T03:24:16.038379,696,9.689666509628296,581,192.90000000000225,252,252,False,stuck_timeout,0,0,0,0,0,0,7.954545454545454,0.33201376936317084,38.61899185180664,38.61899185180664,495,85
2026-03-28T03:24:26.416766,697,9.338844060897827,560,242.80000000000047,287,287,False,death,0,0,0,0,0,0,9.059343434343434,0.4335714285714294,37.38701248168945,37.38701248168945,477,82
2026-03-28T03:25:09.354398,698,38.23077607154846,2291,496.1999999999811,612,612,False,stuck_timeout,0,0,0,0,0,0,19.318181818181817,0.21658664338715894,38.7332763671875,38.7332763671875,1951,339
2026-03-28T03:25:15.690846,699,5.434251546859741,324,234.55000000000047,267,267,False,death,0,0,0,0,0,0,8.428030303030303,0.7239197530864212,37.6405029296875,37.6405029296875,275,48
2026-03-28T03:25:43.150059,700,24.34453296661377,1457,594.7999999999895,656,656,False,stuck_timeout,0,0,0,0,0,0,20.707070707070706,0.4082361015785789,37.649131774902344,37.649131774902344,1240,216
2026-03-28T03:26:07.088620,701,21.071340322494507,1264,514.1999999999916,594,594,False,stuck_timeout,0,0,0,0,0,0,18.75,0.4068037974683478,39.207847595214844,39.207847595214844,1075,188
2026-03-28T03:26:13.843726,702,5.866265773773193,349,-18.49999999999994,47,47,False,stuck_timeout,0,0,0,0,0,0,1.4835858585858586,-0.05300859598853851,37.04363250732422,37.04363250732422,296,52
2026-03-28T03:26:28.275697,703,13.179157018661499,787,224.0000000000007,277,277,False,death,0,0,0,0,0,0,8.743686868686869,0.2846251588310047,36.78489685058594,36.78489685058594,669,117
2026-03-28T03:27:07.341982,704,34.84213948249817,2092,524.9999999999901,594,594,False,stuck_timeout,0,0,0,0,0,0,18.75,0.25095602294454594,37.91836166381836,37.91836166381836,1779,312
2026-03-28T03:27:24.198943,705,15.417848110198975,927,298.59999999999417,380,380,False,stuck_timeout,0,0,0,0,0,0,11.994949494949495,0.3221143473570595,37.90276336669922,37.90276336669922,788,138
2026-03-28T03:27:52.394894,706,24.925739288330078,1498,663.849999999988,722,722,False,stuck_timeout,0,0,0,0,0,0,22.79040404040404,0.44315754339118024,37.25951385498047,37.25951385498047,1273,224
2026-03-28T03:27:56.284864,707,3.0967698097229004,182,274.8000000000003,310,310,False,death,0,0,0,0,0,0,9.785353535353536,1.5098901098901114,37.929508209228516,37.929508209228516,154,27
2026-03-28T03:28:24.613034,708,24.9314227104187,1498,522.2499999999934,595,595,False,stuck_timeout,0,0,0,0,0,0,18.781565656565657,0.3486315086782332,37.609886169433594,37.609886169433594,1272,225
2026-03-28T03:28:41.557295,709,15.597339630126953,937,216.60000000000008,275,275,False,death,0,0,0,0,0,0,8.680555555555555,0.23116328708644618,37.336181640625,37.336181640625,796,140
2026-03-28T03:28:51.081030,710,8.486530542373657,506,188.75000000000085,246,246,False,death,0,0,0,0,0,0,7.765151515151516,0.37302371541502144,38.296173095703125,38.296173095703125,429,76
2026-03-28T03:29:00.902084,711,8.805093050003052,527,127.90000000000067,185,185,False,death,0,0,0,0,0,0,5.8396464646464645,0.24269449715370148,37.08305358886719,37.08305358886719,447,79
2026-03-28T03:29:54.676080,712,48.31816840171814,2900,474.5999999999748,596,596,False,stuck_timeout,0,0,0,0,0,0,18.81313131313131,0.1636551724137844,36.668212890625,36.668212890625,2462,437
2026-03-28T03:30:19.863096,713,23.43122696876526,1406,302.6499999999959,386,386,False,stuck_timeout,0,0,0,0,0,0,12.184343434343434,0.2152560455192005,37.3847770690918,37.3847770690918,1193,212
2026-03-28T03:30:37.525874,714,16.29032015800476,977,176.40000000000217,253,253,False,stuck_timeout,0,0,0,0,0,0,7.986111111111111,0.1805527123848538,38.61388397216797,38.61388397216797,829,147
2026-03-28T03:30:47.273199,715,8.682583093643188,523,205.45000000000044,242,242,False,death,0,0,0,0,0,0,7.638888888888889,0.39282982791587084,38.17439270019531,38.17439270019531,444,78
2026-03-28T03:31:02.257795,716,13.801121711730957,826,284.59999999999536,340,340,False,stuck_timeout,0,0,0,0,0,0,10.732323232323232,0.3445520581113745,36.937129974365234,36.937129974365234,701,124
2026-03-28T03:31:07.241236,717,4.1463518142700195,249,256.5000000000007,288,288,False,death,0,0,0,0,0,0,9.090909090909092,1.0301204819277137,38.34880065917969,38.34880065917969,211,37
2026-03-28T03:31:13.689309,718,5.447598218917847,325,263.6500000000004,309,309,False,death,0,0,0,0,0,0,9.753787878787879,0.8112307692307704,37.351253509521484,37.351253509521484,275,49
2026-03-28T03:31:23.020819,719,8.294754981994629,498,70.25000000000088,132,132,False,stuck_timeout,0,0,0,0,0,0,4.166666666666666,0.14106425702811423,37.75518798828125,37.75518798828125,422,75
2026-03-28T03:31:33.814287,720,9.105762243270874,545,118.40000000000076,172,172,False,death,0,0,0,0,0,0,5.42929292929293,0.21724770642201974,37.70677947998047,37.70677947998047,462,82
2026-03-28T03:31:42.348104,721,7.50482439994812,446,-25.900000000000077,44,44,False,stuck_timeout,0,0,0,0,0,0,1.3888888888888888,-0.05807174887892394,37.98390197753906,37.98390197753906,378,67
2026-03-28T03:32:11.185242,722,25.646783590316772,1539,520.8999999999875,595,595,False,stuck_timeout,0,0,0,0,0,0,18.781565656565657,0.3384665367121426,37.09792709350586,37.09792709350586,1305,233
2026-03-28T03:32:33.292048,723,20.55919623374939,1231,359.9499999999974,435,435,False,stuck_timeout,0,0,0,0,0,0,13.731060606060606,0.2924045491470328,37.49029541015625,37.49029541015625,1044,186
2026-03-28T03:32:48.971525,724,13.703873634338379,817,677.8999999999917,723,723,False,stuck_timeout,0,0,0,0,0,0,22.821969696969695,0.8297429620562934,37.776145935058594,37.776145935058594,692,124
2026-03-28T03:33:01.285827,725,11.078615427017212,660,109.20000000000114,183,183,False,stuck_timeout,0,0,0,0,0,0,5.776515151515151,0.16545454545454719,36.2495231628418,36.2495231628418,559,100
2026-03-28T03:33:09.092990,726,6.822114706039429,410,181.05000000000044,216,216,False,death,0,0,0,0,0,0,6.8181818181818175,0.4415853658536596,38.70001983642578,38.70001983642578,347,62
2026-03-28T03:33:21.278434,727,10.957850217819214,656,372.64999999999793,435,435,False,stuck_timeout,0,0,0,0,0,0,13.731060606060606,0.5680640243902407,37.804039001464844,37.804039001464844,556,99
2026-03-28T03:33:29.359914,728,7.129161834716797,423,155.50000000000043,195,195,False,death,0,0,0,0,0,0,6.15530303030303,0.36761229314420907,38.57177734375,38.57177734375,358,64
2026-03-28T03:33:38.979229,729,8.516894102096558,509,234.0000000000004,288,288,False,death,0,0,0,0,0,0,9.090909090909092,0.4597249508840872,36.81687927246094,36.81687927246094,431,77
2026-03-28T03:34:05.486147,730,24.849236726760864,1488,261.9999999999934,350,350,False,stuck_timeout,0,0,0,0,0,0,11.047979797979798,0.17607526881719987,36.719017028808594,36.719017028808594,1261,226
2026-03-28T03:34:14.168094,731,7.73017430305481,463,250.6500000000003,285,285,False,death,0,0,0,0,0,0,8.996212121212121,0.5413606911447091,37.653194427490234,37.653194427490234,392,70
2026-03-28T03:34:22.327277,732,7.166537046432495,425,248.25000000000043,281,281,False,death,0,0,0,0,0,0,8.869949494949495,0.5841176470588245,38.12287902832031,38.12287902832031,360,64
2026-03-28T03:34:47.162620,733,21.893333435058594,1311,497.49999999999596,554,554,False,stuck_timeout,0,0,0,0,0,0,17.487373737373737,0.3794813119755881,38.245635986328125,38.245635986328125,1110,200
2026-03-28T03:35:26.957281,734,35.27397155761719,2116,618.2499999999905,723,723,False,stuck_timeout,0,0,0,0,0,0,22.821969696969695,0.29217863894139434,35.449134826660156,35.449134826660156,1792,323
2026-03-28T03:36:02.039733,735,31.25642228126526,1874,525.4999999999895,594,594,False,stuck_timeout,0,0,0,0,0,0,18.75,0.2804162219850531,36.527992248535156,36.527992248535156,1586,287
2026-03-28T03:36:08.018481,736,5.093138933181763,302,-24.150000000000063,40,40,False,stuck_timeout,0,0,0,0,0,0,1.2626262626262625,-0.07996688741721875,37.253814697265625,37.253814697265625,255,46
2026-03-28T03:36:31.834455,737,20.902415990829468,1255,689.9499999999956,722,722,False,death,0,0,0,0,0,0,22.79040404040404,0.5497609561752953,36.96169662475586,36.96169662475586,1061,193
2026-03-28T03:36:46.178203,738,12.371440887451172,738,411.59999999999843,475,475,False,stuck_timeout,0,0,0,0,0,0,14.993686868686867,0.5577235772357703,37.60645294189453,37.60645294189453,624,113
2026-03-28T03:37:00.691417,739,13.249724388122559,796,374.799999999996,436,436,False,stuck_timeout,0,0,0,0,0,0,13.762626262626263,0.4708542713567789,36.915611267089844,36.915611267089844,673,122
2026-03-28T03:37:08.685217,740,6.588536977767944,393,228.0500000000008,262,262,False,death,0,0,0,0,0,0,8.27020202020202,0.5802798982188315,36.08172607421875,36.08172607421875,332,60
2026-03-28T03:37:34.680168,741,22.98984122276306,1379,503.74999999998795,595,595,False,stuck_timeout,0,0,0,0,0,0,18.781565656565657,0.3653009427121015,37.74286651611328,37.74286651611328,1165,213
2026-03-28T03:37:56.297870,742,18.956594944000244,1136,363.74999999999704,436,436,False,stuck_timeout,0,0,0,0,0,0,13.762626262626263,0.32020246478872977,37.76530075073242,37.76530075073242,959,176
2026-03-28T03:38:45.115781,743,43.70222616195679,2622,596.8499999999655,722,722,False,stuck_timeout,0,0,0,0,0,0,22.79040404040404,0.22763157894735525,36.73017120361328,36.73017120361328,2213,408
2026-03-28T03:38:56.329375,744,10.053651571273804,603,194.95000000000059,233,233,False,death,0,0,0,0,0,0,7.354797979797979,0.3233001658374802,36.676753997802734,36.676753997802734,508,94
2026-03-28T03:39:17.936088,745,20.05022120475769,1202,252.94999999999797,310,310,False,stuck_timeout,0,0,0,0,0,0,9.785353535353536,0.21044093178036438,37.783935546875,37.783935546875,1014,187
2026-03-28T03:39:53.468685,746,31.714521408081055,1900,501.9499999999873,594,594,False,stuck_timeout,0,0,0,0,0,0,18.75,0.26418421052630914,37.90495681762695,37.90495681762695,1602,297
2026-03-28T03:40:03.732009,747,9.220874071121216,554,283.49999999999636,340,340,False,stuck_timeout,0,0,0,0,0,0,10.732323232323232,0.511732851985553,37.49415588378906,37.49415588378906,467,86
2026-03-28T03:40:42.954013,748,35.03446412086487,2104,499.84999999998513,594,594,False,stuck_timeout,0,0,0,0,0,0,18.75,0.23757129277565833,36.96127700805664,36.96127700805664,1774,329
2026-03-28T03:40:55.580132,749,11.485762357711792,686,249.44999999999914,307,307,False,stuck_timeout,0,0,0,0,0,0,9.690656565656566,0.3636297376093282,35.75361251831055,35.75361251831055,578,107
2026-03-28T03:41:38.455612,750,38.29499173164368,2299,613.6499999999686,722,722,False,stuck_timeout,0,0,0,0,0,0,22.79040404040404,0.26692040017397506,37.30491256713867,37.30491256713867,1937,361
2026-03-28T03:41:44.534922,751,5.2148284912109375,309,224.2500000000006,257,257,False,death,0,0,0,0,0,0,8.112373737373737,0.7257281553398077,37.33885192871094,37.33885192871094,260,48
2026-03-28T03:42:09.219583,752,22.958450078964233,1374,167.25000000000307,240,240,False,stuck_timeout,0,0,0,0,0,0,7.575757575757576,0.12172489082969656,37.04232406616211,37.04232406616211,1157,216
2026-03-28T03:42:15.889185,753,5.724398851394653,339,224.80000000000072,264,264,False,death,0,0,0,0,0,0,8.333333333333332,0.6631268436578193,36.647430419921875,36.647430419921875,285,53
2026-03-28T03:42:32.672384,754,15.411189317703247,925,351.49999999999727,406,406,False,stuck_timeout,0,0,0,0,0,0,12.815656565656566,0.37999999999999706,37.2698974609375,37.2698974609375,779,145
2026-03-28T03:42:54.912743,755,20.721466302871704,1240,255.3999999999942,345,345,False,stuck_timeout,0,0,0,0,0,0,10.890151515151516,0.2059677419354792,37.58114242553711,37.58114242553711,1045,194
2026-03-28T03:43:25.052990,756,26.79124641418457,1608,527.2999999999925,596,596,False,stuck_timeout,0,0,0,0,0,0,18.81313131313131,0.3279228855721346,36.04846954345703,36.04846954345703,1354,253
2026-03-28T03:43:44.827552,757,18.35859966278076,1097,317.1999999999973,389,389,False,stuck_timeout,0,0,0,0,0,0,12.279040404040405,0.2891522333637168,36.40546417236328,36.40546417236328,924,172
2026-03-28T03:44:05.531758,758,18.207377672195435,1088,457.2999999999965,522,522,False,stuck_timeout,0,0,0,0,0,0,16.477272727272727,0.42031249999999676,36.84009552001953,36.84009552001953,916,171
2026-03-28T03:44:27.685734,759,20.580747604370117,1231,330.6999999999965,413,413,False,stuck_timeout,0,0,0,0,0,0,13.036616161616163,0.26864337936636595,37.801185607910156,37.801185607910156,1036,194
2026-03-28T03:44:57.126172,760,25.964359998703003,1558,527.1499999999921,594,594,False,stuck_timeout,0,0,0,0,0,0,18.75,0.3383504492939616,37.37967300415039,37.37967300415039,1311,246
2026-03-28T03:45:14.999806,761,16.37272810935974,977,371.2499999999965,429,429,False,stuck_timeout,0,0,0,0,0,0,13.541666666666666,0.37998976458546213,36.94770050048828,36.94770050048828,822,154
2026-03-28T03:45:42.100149,762,23.850003004074097,1430,516.7999999999942,594,594,False,stuck_timeout,0,0,0,0,0,0,18.75,0.3613986013985973,37.76673889160156,37.76673889160156,1202,227
2026-03-28T03:45:49.664201,763,6.529996871948242,392,-12.699999999999928,53,53,False,stuck_timeout,0,0,0,0,0,0,1.672979797979798,-0.03239795918367329,36.250240325927734,36.250240325927734,329,62
2026-03-28T03:46:11.843502,764,19.428836584091187,1162,652.999999999989,715,715,False,stuck_timeout,0,0,0,0,0,0,22.569444444444446,0.5619621342512814,36.88700866699219,36.88700866699219,976,185
2026-03-28T03:46:16.934157,765,4.1780548095703125,249,250.45000000000067,283,283,False,death,0,0,0,0,0,0,8.933080808080808,1.0058232931726934,37.60702896118164,37.60702896118164,209,39
2026-03-28T03:46:26.784777,766,8.806548833847046,528,113.70000000000142,186,186,False,stuck_timeout,0,0,0,0,0,0,5.871212121212121,0.21534090909091178,37.59205627441406,37.59205627441406,443,84
2026-03-28T03:47:02.206716,767,31.516506671905518,1889,658.9499999999863,723,723,False,stuck_timeout,0,0,0,0,0,0,22.821969696969695,0.3488353626257206,37.0966682434082,37.0966682434082,1587,301
2026-03-28T03:47:26.949809,768,21.778408527374268,1307,545.1499999999945,595,595,False,stuck_timeout,0,0,0,0,0,0,18.781565656565657,0.41710022953327813,37.59733200073242,37.59733200073242,1097,209
2026-03-28T03:47:43.896263,769,15.608256578445435,937,166.65000000000242,244,244,False,stuck_timeout,0,0,0,0,0,0,7.7020202020202015,0.1778548559231616,37.168548583984375,37.168548583984375,786,150
2026-03-28T03:48:02.223581,770,16.93132209777832,1014,367.14999999999606,435,435,False,stuck_timeout,0,0,0,0,0,0,13.731060606060606,0.36208086785009475,36.21026611328125,36.21026611328125,851,162
2026-03-28T03:48:24.766852,771,19.836790084838867,1189,531.8499999999913,595,595,False,stuck_timeout,0,0,0,0,0,0,18.781565656565657,0.4473086627417925,37.5196418762207,37.5196418762207,998,190
2026-03-28T03:48:57.336141,772,28.968198537826538,1738,517.8999999999893,594,594,False,stuck_timeout,0,0,0,0,0,0,18.75,0.2979861910241595,38.25630187988281,38.25630187988281,1458,279
2026-03-28T03:49:52.428871,773,49.41971731185913,2964,595.2499999999656,723,723,False,stuck_timeout,0,0,0,0,0,0,22.821969696969695,0.20082658569499512,36.86567687988281,36.86567687988281,2485,478
2026-03-28T03:49:59.987565,774,6.552578926086426,390,-19.999999999999996,44,44,False,stuck_timeout,0,0,0,0,0,0,1.3888888888888888,-0.05128205128205127,35.89472198486328,35.89472198486328,327,62
2026-03-28T03:50:20.365842,775,17.829872131347656,1066,670.1499999999968,699,699,False,death,0,0,0,0,0,0,22.064393939393938,0.6286585365853629,36.42100524902344,36.42100524902344,893,172
2026-03-28T03:50:27.215410,776,5.9336912631988525,357,255.8500000000006,288,288,False,death,0,0,0,0,0,0,9.090909090909092,0.7166666666666683,36.078216552734375,36.078216552734375,299,57
2026-03-28T03:50:37.086926,777,8.798379898071289,529,58.50000000000073,133,133,False,stuck_timeout,0,0,0,0,0,0,4.1982323232323235,0.1105860113421564,38.670745849609375,38.670745849609375,443,85
2026-03-28T03:51:09.734457,778,29.069445848464966,1745,504.9999999999908,594,594,False,stuck_timeout,0,0,0,0,0,0,18.75,0.28939828080228697,37.533023834228516,37.533023834228516,1461,283
2026-03-28T03:51:36.454135,779,23.665377616882324,1421,860.8999999999878,899,899,False,death,0,0,0,0,0,0,28.377525252525253,0.6058409570724755,35.41781234741211,35.41781234741211,1189,231
2026-03-28T03:51:45.289145,780,7.3814778327941895,443,232.00000000000057,277,277,False,death,0,0,0,0,0,0,8.743686868686869,0.5237020316027101,37.69602966308594,37.69602966308594,370,72
2026-03-28T03:51:50.692275,781,4.549225568771362,271,271.7500000000003,309,309,False,death,0,0,0,0,0,0,9.753787878787879,1.0027675276752779,36.05546569824219,36.05546569824219,226,44
2026-03-28T03:51:56.875431,782,5.237044334411621,313,227.9500000000006,262,262,False,death,0,0,0,0,0,0,8.27020202020202,0.7282747603833886,36.766746520996094,36.766746520996094,261,51
2026-03-28T03:52:02.458053,783,4.666857481002808,279,226.25000000000048,260,260,False,death,0,0,0,0,0,0,8.207070707070708,0.8109318996415787,35.65191650390625,35.65191650390625,233,45
2026-03-28T03:52:09.146653,784,5.798609018325806,347,240.60000000000082,277,277,False,death,0,0,0,0,0,0,8.743686868686869,0.6933717579250744,37.1328125,37.1328125,290,56
2026-03-28T03:52:19.472636,785,9.241117238998413,553,238.90000000000026,280,280,False,death,0,0,0,0,0,0,8.83838383838384,0.4320072332730565,35.15016174316406,35.15016174316406,462,90
2026-03-28T03:52:28.601430,786,8.069764375686646,482,208.80000000000234,271,271,False,death,0,0,0,0,0,0,8.554292929292929,0.4331950207468928,36.13349914550781,36.13349914550781,403,78
2026-03-28T03:53:01.924573,787,29.631412267684937,1776,511.79999999998927,594,594,False,stuck_timeout,0,0,0,0,0,0,18.75,0.28817567567566965,36.052711486816406,36.052711486816406,1485,290
2026-03-28T03:53:08.496998,788,5.625454664230347,335,-13.799999999999937,54,54,False,stuck_timeout,0,0,0,0,0,0,1.7045454545454544,-0.04119402985074608,35.17033386230469,35.17033386230469,280,54
2026-03-28T03:53:40.202831,789,28.003710746765137,1677,525.2999999999963,595,595,False,stuck_timeout,0,0,0,0,0,0,18.781565656565657,0.31323792486582963,38.53666687011719,38.53666687011719,1402,274
2026-03-28T03:54:21.909981,790,37.30724096298218,2241,637.0499999999822,722,722,False,stuck_timeout,0,0,0,0,0,0,22.79040404040404,0.28427041499329864,37.221473693847656,37.221473693847656,1872,368
2026-03-28T03:54:46.744277,791,23.197827339172363,1392,375.89999999999924,459,459,False,stuck_timeout,0,0,0,0,0,0,14.488636363636365,0.2700431034482753,37.93403625488281,37.93403625488281,1163,228
2026-03-28T03:54:55.121116,792,7.301168441772461,434,204.55000000000052,245,245,False,death,0,0,0,0,0,0,7.733585858585859,0.4713133640553007,37.0009765625,37.0009765625,362,71
2026-03-28T03:55:27.835821,793,29.099886417388916,1748,527.599999999992,594,594,False,stuck_timeout,0,0,0,0,0,0,18.75,0.30183066361555605,37.02146530151367,37.02146530151367,1459,288
2026-03-28T03:56:10.949122,794,38.678922176361084,2322,619.7499999999827,722,722,False,stuck_timeout,0,0,0,0,0,0,22.79040404040404,0.2669035314384077,36.27615737915039,36.27615737915039,1938,383
2026-03-28T03:56:15.913129,795,4.0529444217681885,239,253.50000000000074,287,287,False,death,0,0,0,0,0,0,9.059343434343434,1.0606694560669487,36.78309631347656,36.78309631347656,199,39
2026-03-28T03:56:33.744076,796,15.576694965362549,935,541.0999999999927,595,595,False,stuck_timeout,0,0,0,0,0,0,18.781565656565657,0.5787165775400992,36.23456573486328,36.23456573486328,780,154
2026-03-28T03:57:08.546339,797,30.97513246536255,1858,640.2499999999911,722,722,False,stuck_timeout,0,0,0,0,0,0,22.79040404040404,0.3445909580193709,35.812843322753906,35.812843322753906,1549,308
2026-03-28T03:57:44.084464,798,31.575165033340454,1895,737.1999999999952,801,801,False,death,0,0,0,0,0,0,25.28409090909091,0.3890237467018444,38.16027069091797,38.16027069091797,1579,315
2026-03-28T03:58:22.017215,799,33.875813007354736,2029,641.7999999999771,722,722,False,stuck_timeout,0,0,0,0,0,0,22.79040404040404,0.31631345490388224,35.895042419433594,35.895042419433594,1690,338
2026-03-28T03:59:16.850291,800,49.26144552230835,2957,467.7999999999924,595,595,False,stuck_timeout,0,0,0,0,0,0,18.781565656565657,0.15820087926952736,36.64075469970703,36.64075469970703,2462,494
2026-03-28T03:59:21.967151,801,4.292565107345581,257,233.6500000000006,266,266,False,death,0,0,0,0,0,0,8.396464646464647,0.9091439688715977,36.227699279785156,36.227699279785156,214,42
2026-03-28T03:59:56.466247,802,30.838683128356934,1848,526.7499999999898,594,594,False,stuck_timeout,0,0,0,0,0,0,18.75,0.28503787878787323,36.58897399902344,36.58897399902344,1538,309
2026-03-28T04:00:12.117017,803,14.292359352111816,853,236.05000000000243,312,312,False,stuck_timeout,0,0,0,0,0,0,9.848484848484848,0.2767291910902725,36.35906982421875,36.35906982421875,709,143
2026-03-28T04:00:37.774621,804,22.68942666053772,1363,565.3999999999897,624,624,False,stuck_timeout,0,0,0,0,0,0,19.696969696969695,0.41482024944973567,36.316856384277344,36.316856384277344,1133,229
2026-03-28T04:01:04.858270,805,24.1615092754364,1447,540.3499999999924,606,606,False,stuck_timeout,0,0,0,0,0,0,19.12878787878788,0.37342778161713364,35.92519760131836,35.92519760131836,1203,243
2026-03-28T04:01:11.583609,806,5.855526685714722,347,227.7000000000006,260,260,False,death,0,0,0,0,0,0,8.207070707070708,0.6561959654178692,36.759193420410156,36.759193420410156,288,58
2026-03-28T04:01:25.685380,807,12.86497950553894,772,377.79999999999706,435,435,False,stuck_timeout,0,0,0,0,0,0,13.731060606060606,0.4893782383419651,36.00257110595703,36.00257110595703,641,130
2026-03-28T04:01:48.798066,808,21.557416200637817,1294,185.9500000000019,268,268,False,stuck_timeout,0,0,0,0,0,0,8.45959595959596,0.14370170015456096,36.299598693847656,36.299598693847656,1075,218
2026-03-28T04:01:54.109452,809,4.468655586242676,263,251.00000000000077,283,283,False,death,0,0,0,0,0,0,8.933080808080808,0.9543726235741474,37.56861114501953,37.56861114501953,218,44
2026-03-28T04:02:01.182634,810,6.166006803512573,369,184.40000000000052,226,226,False,death,0,0,0,0,0,0,7.133838383838384,0.4997289972899743,37.306365966796875,37.306365966796875,306,62
2026-03-28T04:02:16.691798,811,14.295977592468262,860,343.39999999999674,411,411,False,stuck_timeout,0,0,0,0,0,0,12.973484848484848,0.39930232558139156,36.305511474609375,36.305511474609375,715,144
2026-03-28T04:02:47.517792,812,27.342679023742676,1643,644.8999999999805,722,722,False,stuck_timeout,0,0,0,0,0,0,22.79040404040404,0.3925136944613393,36.33647918701172,36.33647918701172,1365,277
2026-03-28T04:02:52.626138,813,4.185649156570435,247,257.4000000000005,290,290,False,death,0,0,0,0,0,0,9.154040404040405,1.0421052631578966,35.28164291381836,35.28164291381836,205,41
2026-03-28T04:03:00.341695,814,6.730726003646851,401,194.45000000000095,237,237,False,death,0,0,0,0,0,0,7.481060606060606,0.48491271820449117,37.1196403503418,37.1196403503418,333,67
2026-03-28T04:03:21.900297,815,20.066999673843384,1205,478.19999999999874,554,554,False,stuck_timeout,0,0,0,0,0,0,17.487373737373737,0.3968464730290446,37.28152084350586,37.28152084350586,1001,203
2026-03-28T04:03:28.091333,816,5.265291452407837,314,208.60000000000048,242,242,False,death,0,0,0,0,0,0,7.638888888888889,0.6643312101910843,37.19103240966797,37.19103240966797,260,53
2026-03-28T04:03:52.769509,817,23.026479959487915,1372,391.39999999999844,461,461,False,stuck_timeout,0,0,0,0,0,0,14.551767676767676,0.28527696793002805,36.10388946533203,36.10388946533203,1140,231
2026-03-28T04:04:26.410812,818,29.897841215133667,1791,514.2999999999926,599,599,False,stuck_timeout,0,0,0,0,0,0,18.90782828282828,0.2871580122836363,36.2099609375,36.2099609375,1487,303
2026-03-28T04:04:54.879024,819,25.13602638244629,1509,515.5499999999856,595,595,False,stuck_timeout,0,0,0,0,0,0,18.781565656565657,0.341650099403569,36.31139373779297,36.31139373779297,1252,256
2026-03-28T04:05:01.116012,820,5.018647193908691,302,-26.450000000000063,40,40,False,stuck_timeout,0,0,0,0,0,0,1.2626262626262625,-0.08758278145695385,34.117130279541016,34.117130279541016,250,51
2026-03-28T04:05:07.073768,821,5.075369834899902,302,-24.150000000000066,40,40,False,stuck_timeout,0,0,0,0,0,0,1.2626262626262625,-0.07996688741721876,37.19990921020508,37.19990921020508,250,51
2026-03-28T04:05:53.932848,822,41.91186809539795,2517,820.9999999999768,899,899,False,death,0,0,0,0,0,0,28.377525252525253,0.3261819626539439,35.82544708251953,35.82544708251953,2087,429
2026-03-28T04:06:49.736390,823,50.330965757369995,3022,569.0499999999795,723,723,False,stuck_timeout,0,0,0,0,0,0,22.821969696969695,0.18830244870945714,36.55634689331055,36.55634689331055,2505,516
2026-03-28T04:07:06.671526,824,15.683398723602295,942,30.899999999999384,115,115,False,stuck_timeout,0,0,0,0,0,0,3.6300505050505047,0.032802547770699984,36.619327545166016,36.619327545166016,780,161
2026-03-28T04:07:18.058247,825,10.262736082077026,613,179.75000000000216,243,243,False,stuck_timeout,0,0,0,0,0,0,7.670454545454546,0.2932300163132172,36.59025192260742,36.59025192260742,508,104
2026-03-28T04:07:28.371665,826,9.229211568832397,553,245.15000000000063,277,277,False,death,0,0,0,0,0,0,8.743686868686869,0.44330922242314763,35.00004577636719,35.00004577636719,458,94
2026-03-28T04:07:59.070496,827,27.32456922531128,1639,523.8499999999896,595,595,False,stuck_timeout,0,0,0,0,0,0,18.781565656565657,0.31961561928004245,36.43193817138672,36.43193817138672,1358,280
2026-03-28T04:08:05.816867,828,5.810491561889648,347,220.00000000000043,254,254,False,death,0,0,0,0,0,0,8.017676767676768,0.634005763688762,35.628639221191406,35.628639221191406,287,59
2026-03-28T04:08:26.853254,829,18.477975845336914,1105,517.7999999999928,595,595,False,stuck_timeout,0,0,0,0,0,0,18.781565656565657,0.4685972850678668,36.85025405883789,36.85025405883789,915,189
2026-03-28T04:08:34.251388,830,6.4591124057769775,383,249.4000000000006,287,287,False,death,0,0,0,0,0,0,9.059343434343434,0.6511749347258501,37.307247161865234,37.307247161865234,317,65
2026-03-28T04:08:59.273584,831,22.091029405593872,1325,530.3499999999906,594,594,False,stuck_timeout,0,0,0,0,0,0,18.75,0.40026415094338913,37.61379623413086,37.61379623413086,1096,228
2026-03-28T04:09:15.933066,832,14.448508739471436,868,538.8499999999947,596,596,False,stuck_timeout,0,0,0,0,0,0,18.81313131313131,0.6207949308755699,36.69621276855469,36.69621276855469,718,149
2026-03-28T04:09:24.881989,833,7.9059975147247314,470,59.45000000000005,123,123,False,stuck_timeout,0,0,0,0,0,0,3.882575757575758,0.12648936170212777,35.447959899902344,35.447959899902344,388,81
2026-03-28T04:09:40.872042,834,13.89213490486145,831,699.4499999999953,722,722,False,death,0,0,0,0,0,0,22.79040404040404,0.8416967509025214,38.35182189941406,38.35182189941406,687,143
2026-03-28T04:10:13.609143,835,30.829198360443115,1852,271.1999999999966,368,368,False,stuck_timeout,0,0,0,0,0,0,11.616161616161616,0.14643628509719037,36.65666198730469,36.65666198730469,1531,320
2026-03-28T04:10:25.609653,836,10.861930131912231,649,373.79999999999677,435,435,False,stuck_timeout,0,0,0,0,0,0,13.731060606060606,0.5759630200308117,34.491859436035156,34.491859436035156,536,112
2026-03-28T04:10:38.241675,837,11.442025899887085,682,193.2000000000024,257,257,False,stuck_timeout,0,0,0,0,0,0,8.112373737373737,0.2832844574780094,36.06944274902344,36.06944274902344,563,118
2026-03-28T04:10:49.734311,838,10.355916261672974,618,381.1999999999972,435,435,False,stuck_timeout,0,0,0,0,0,0,13.731060606060606,0.6168284789643967,35.4821891784668,35.4821891784668,511,106
2026-03-28T04:11:01.356036,839,10.422386646270752,625,141.40000000000046,187,187,False,death,0,0,0,0,0,0,5.902777777777778,0.22624000000000075,37.36480712890625,37.36480712890625,516,108
2026-03-28T04:11:10.407655,840,7.6420204639434814,459,-20.800000000000026,50,50,False,stuck_timeout,0,0,0,0,0,0,1.5782828282828283,-0.04531590413943361,36.02449417114258,36.02449417114258,379,79
2026-03-28T04:11:16.999906,841,5.726811647415161,343,-17.099999999999966,47,47,False,stuck_timeout,0,0,0,0,0,0,1.4835858585858586,-0.04985422740524771,36.424713134765625,36.424713134765625,283,59
2026-03-28T04:11:34.225281,842,15.938922643661499,958,375.4499999999963,435,435,False,stuck_timeout,0,0,0,0,0,0,13.731060606060606,0.3919102296450901,36.155757904052734,36.155757904052734,791,166
2026-03-28T04:12:09.720746,843,31.624029636383057,1894,638.749999999975,722,722,False,stuck_timeout,0,0,0,0,0,0,22.79040404040404,0.33724920802533,36.055091857910156,36.055091857910156,1564,329
2026-03-28T04:12:26.721079,844,14.763699293136597,888,529.7499999999936,594,594,False,stuck_timeout,0,0,0,0,0,0,18.75,0.5965653153153081,35.111080169677734,35.111080169677734,733,154
2026-03-28T04:13:00.733330,845,30.282565116882324,1818,831.4499999999758,898,898,False,stuck_timeout,0,0,0,0,0,0,28.345959595959595,0.45734323432341906,35.21363067626953,35.21363067626953,1500,317
2026-03-28T04:13:31.494609,846,27.360753297805786,1637,542.5999999999929,595,595,False,stuck_timeout,0,0,0,0,0,0,18.781565656565657,0.33145998778252467,36.318153381347656,36.318153381347656,1350,286
2026-03-28T04:13:56.919071,847,22.43898320198059,1343,666.149999999989,723,723,False,stuck_timeout,0,0,0,0,0,0,22.821969696969695,0.4960163812360305,35.61135482788086,35.61135482788086,1107,235
2026-03-28T04:14:16.913709,848,17.598884105682373,1051,527.8499999999934,595,595,False,stuck_timeout,0,0,0,0,0,0,18.781565656565657,0.5022359657469014,35.21759033203125,35.21759033203125,866,184
2026-03-28T04:14:23.917797,849,6.034906625747681,361,222.0000000000004,258,258,False,death,0,0,0,0,0,0,8.143939393939394,0.6149584487534637,37.14783477783203,37.14783477783203,297,63
2026-03-28T04:14:31.329662,850,6.391406297683716,383,-6.999999999999977,58,58,False,stuck_timeout,0,0,0,0,0,0,1.8308080808080809,-0.01827676240208871,35.817054748535156,35.817054748535156,315,67
2026-03-28T04:15:16.164409,851,40.09013509750366,2407,628.1499999999853,722,722,False,stuck_timeout,0,0,0,0,0,0,22.79040404040404,0.2609680099709121,35.888214111328125,35.888214111328125,1982,424
2026-03-28T04:15:27.054445,852,9.742043256759644,583,163.75000000000026,212,212,False,death,0,0,0,0,0,0,6.691919191919192,0.28087478559176715,35.536224365234375,35.536224365234375,480,102
2026-03-28T04:15:55.117515,853,24.824399709701538,1487,544.5499999999955,596,596,False,stuck_timeout,0,0,0,0,0,0,18.81313131313131,0.36620712844653364,37.46650314331055,37.46650314331055,1224,262
2026-03-28T04:16:00.032378,854,4.068480968475342,245,262.85000000000053,296,296,False,death,0,0,0,0,0,0,9.343434343434344,1.072857142857145,34.28644561767578,34.28644561767578,201,43
2026-03-28T04:16:25.279874,855,22.289436101913452,1338,648.3499999999927,724,724,False,stuck_timeout,0,0,0,0,0,0,22.853535353535353,0.4845665171898302,34.88151168823242,34.88151168823242,1100,237
2026-03-28T04:16:39.756396,856,13.247069358825684,795,117.9500000000002,182,182,False,death,0,0,0,0,0,0,5.744949494949495,0.1483647798742141,35.84539794921875,35.84539794921875,654,140
2026-03-28T04:16:44.356975,857,3.730625629425049,223,262.1000000000001,297,297,False,death,0,0,0,0,0,0,9.375,1.1753363228699556,34.10899353027344,34.10899353027344,183,39
2026-03-28T04:17:18.391704,858,32.01856231689453,1919,338.40000000000117,435,435,False,stuck_timeout,0,0,0,0,0,0,13.731060606060606,0.17634184471078748,34.6823844909668,34.6823844909668,1578,340
2026-03-28T04:17:40.911034,859,20.986862659454346,1257,201.7000000000033,281,281,False,stuck_timeout,0,0,0,0,0,0,8.869949494949495,0.1604614160700106,34.95705795288086,34.95705795288086,1034,222
2026-03-28T04:17:56.943680,860,13.874976634979248,833,368.8499999999976,426,426,False,stuck_timeout,0,0,0,0,0,0,13.446969696969695,0.4427971188475361,35.57630157470703,35.57630157470703,685,147
2026-03-28T04:18:09.707220,861,11.617259979248047,693,173.15000000000023,211,211,False,death,0,0,0,0,0,0,6.660353535353536,0.2498556998557002,35.850440979003906,35.850440979003906,569,123
2026-03-28T04:18:15.596891,862,4.918409109115601,295,237.8500000000003,272,272,False,death,0,0,0,0,0,0,8.585858585858585,0.806271186440679,36.731536865234375,36.731536865234375,242,52
2026-03-28T04:18:33.463375,863,16.42798352241516,983,389.39999999999685,456,456,False,stuck_timeout,0,0,0,0,0,0,14.393939393939394,0.3961342828077282,36.212188720703125,36.212188720703125,808,174
2026-03-28T04:19:07.641546,864,30.421130180358887,1828,656.6999999999904,723,723,False,stuck_timeout,0,0,0,0,0,0,22.821969696969695,0.359245076586428,36.89118957519531,36.89118957519531,1502,325
2026-03-28T04:19:28.467736,865,18.30224871635437,1097,537.2499999999934,595,595,False,stuck_timeout,0,0,0,0,0,0,18.781565656565657,0.4897447584320815,34.92985534667969,34.92985534667969,901,195
2026-03-28T04:20:08.077159,866,35.430142641067505,2126,497.74999999999324,595,595,False,stuck_timeout,0,0,0,0,0,0,18.781565656565657,0.23412511759171836,36.94236755371094,36.94236755371094,1745,380
2026-03-28T04:20:27.725980,867,18.200900316238403,1090,357.5999999999934,435,435,False,stuck_timeout,0,0,0,0,0,0,13.731060606060606,0.3280733944954068,37.875946044921875,37.875946044921875,895,194
2026-03-28T04:20:35.242371,868,6.547339200973511,389,261.15000000000055,305,305,False,death,0,0,0,0,0,0,9.627525252525253,0.6713367609254512,36.973876953125,36.973876953125,319,69
2026-03-28T04:21:06.257112,869,27.48317551612854,1647,513.4499999999874,596,596,False,stuck_timeout,0,0,0,0,0,0,18.81313131313131,0.3117486338797738,34.93221664428711,34.93221664428711,1351,295
2026-03-28T04:21:54.730739,870,43.50629925727844,2610,641.9999999999783,722,722,False,death,0,0,0,0,0,0,22.79040404040404,0.24597701149424456,34.23086166381836,34.23086166381836,2141,468
2026-03-28T04:22:28.577354,871,30.089880228042603,1805,646.0999999999842,722,722,False,stuck_timeout,0,0,0,0,0,0,22.79040404040404,0.35795013850414636,35.17261505126953,35.17261505126953,1479,325
2026-03-28T04:22:53.089803,872,21.592419862747192,1294,540.5999999999888,611,611,False,stuck_timeout,0,0,0,0,0,0,19.286616161616163,0.41777434312209333,34.40708541870117,34.40708541870117,1060,233
2026-03-28T04:22:59.793254,873,5.7807533740997314,346,227.20000000000044,260,260,False,death,0,0,0,0,0,0,8.207070707070708,0.6566473988439319,36.951622009277344,36.951622009277344,283,62
2026-03-28T04:23:34.030962,874,30.311333894729614,1820,607.6499999999668,722,722,False,stuck_timeout,0,0,0,0,0,0,22.79040404040404,0.3338736263736081,35.71087646484375,35.71087646484375,1490,329
2026-03-28T04:23:47.240200,875,12.0239839553833,722,131.8000000000024,198,198,False,stuck_timeout,0,0,0,0,0,0,6.25,0.18254847645429695,35.83808898925781,35.83808898925781,591,130
2026-03-28T04:24:11.236923,876,21.24046015739441,1274,658.5999999999909,705,705,False,stuck_timeout,0,0,0,0,0,0,22.25378787878788,0.5169544740973241,36.058074951171875,36.058074951171875,1043,230
2026-03-28T04:24:46.860347,877,33.53101873397827,2014,322.8999999999991,434,434,False,stuck_timeout,0,0,0,0,0,0,13.69949494949495,0.1603277060575964,35.618995666503906,35.618995666503906,1648,365
2026-03-28T04:24:57.439065,878,9.474555253982544,567,256.3500000000004,297,297,False,death,0,0,0,0,0,0,9.375,0.45211640211640286,34.38030242919922,34.38030242919922,464,102
2026-03-28T04:25:20.566367,879,20.205830335617065,1209,539.299999999995,609,609,False,stuck_timeout,0,0,0,0,0,0,19.223484848484848,0.4460711331679032,34.645957946777344,34.645957946777344,989,219
2026-03-28T04:25:28.886390,880,6.9926698207855225,417,236.7000000000007,284,284,False,death,0,0,0,0,0,0,8.964646464646464,0.5676258992805772,34.13219451904297,34.13219451904297,341,75
2026-03-28T04:25:34.297773,881,4.582221508026123,274,262.9500000000006,296,296,False,death,0,0,0,0,0,0,9.343434343434344,0.9596715328467176,35.68758773803711,35.68758773803711,224,49
2026-03-28T04:25:46.907845,882,11.411568403244019,682,115.35000000000137,180,180,False,stuck_timeout,0,0,0,0,0,0,5.681818181818182,0.16913489736070583,35.82050704956055,35.82050704956055,557,124
2026-03-28T04:26:09.175871,883,19.613215446472168,1174,532.4999999999933,594,594,False,stuck_timeout,0,0,0,0,0,0,18.75,0.4535775127768256,36.349830627441406,36.349830627441406,959,214
2026-03-28T04:26:20.703948,884,10.470296144485474,628,119.10000000000116,185,185,False,stuck_timeout,0,0,0,0,0,0,5.8396464646464645,0.18964968152866427,35.6895637512207,35.6895637512207,513,114
2026-03-28T04:26:30.025635,885,8.339159965515137,496,215.65000000000046,253,253,False,death,0,0,0,0,0,0,7.986111111111111,0.43477822580645253,35.841796875,35.841796875,405,90
2026-03-28T04:26:53.972287,886,21.055136919021606,1262,530.7999999999932,603,603,False,stuck_timeout,0,0,0,0,0,0,19.03409090909091,0.4206022187004701,36.43049240112305,36.43049240112305,1031,230
2026-03-28T04:27:37.202831,887,38.767208099365234,2325,591.1499999999634,722,722,False,stuck_timeout,0,0,0,0,0,0,22.79040404040404,0.25425806451611327,34.617164611816406,34.617164611816406,1898,426
2026-03-28T04:28:06.513224,888,25.990354299545288,1561,501.89999999998736,594,594,False,stuck_timeout,0,0,0,0,0,0,18.75,0.32152466367712196,33.716331481933594,33.716331481933594,1274,286
2026-03-28T04:28:29.929284,889,20.53038215637207,1230,538.5499999999911,595,595,False,stuck_timeout,0,0,0,0,0,0,18.781565656565657,0.4378455284552773,34.73466110229492,34.73466110229492,1003,226
2026-03-28T04:28:40.373327,890,9.341771841049194,557,207.60000000000042,259,259,False,death,0,0,0,0,0,0,8.175505050505052,0.37271095152603306,36.12896728515625,36.12896728515625,454,102
2026-03-28T04:28:53.104805,891,11.561563968658447,695,394.14999999999833,448,448,False,stuck_timeout,0,0,0,0,0,0,14.14141414141414,0.567122302158271,35.686885833740234,35.686885833740234,567,127
2026-03-28T04:29:16.449145,892,21.746394395828247,1307,187.40000000000262,270,270,False,stuck_timeout,0,0,0,0,0,0,8.522727272727272,0.14338179035960416,35.63697814941406,35.63697814941406,1066,240
2026-03-28T04:29:37.533149,893,18.419883966445923,1104,532.9999999999933,594,594,False,stuck_timeout,0,0,0,0,0,0,18.75,0.4827898550724577,34.28942108154297,34.28942108154297,900,203
2026-03-28T04:29:56.050086,894,17.097588300704956,1027,372.19999999999976,435,435,False,stuck_timeout,0,0,0,0,0,0,13.731060606060606,0.3624148003894837,33.02511215209961,33.02511215209961,837,189
2026-03-28T04:30:17.719917,895,18.925525188446045,1139,534.2999999999911,594,594,False,stuck_timeout,0,0,0,0,0,0,18.75,0.46909569798067696,35.76414108276367,35.76414108276367,928,210
2026-03-28T04:30:30.502134,896,11.662264347076416,700,383.2999999999983,436,436,False,stuck_timeout,0,0,0,0,0,0,13.762626262626263,0.5475714285714262,33.944942474365234,33.944942474365234,570,129
2026-03-28T04:30:47.625533,897,15.838250875473022,949,374.549999999996,435,435,False,stuck_timeout,0,0,0,0,0,0,13.731060606060606,0.39467860906216645,34.605770111083984,34.605770111083984,773,175
2026-03-28T04:30:55.468027,898,6.912884473800659,410,198.70000000000056,237,237,False,death,0,0,0,0,0,0,7.481060606060606,0.4846341463414648,35.91059494018555,35.91059494018555,334,75
2026-03-28T04:31:26.866101,899,27.934162855148315,1675,513.2999999999927,595,595,False,stuck_timeout,0,0,0,0,0,0,18.781565656565657,0.3064477611940255,37.3586311340332,37.3586311340332,1364,310
2026-03-28T04:31:49.821793,900,20.263550996780396,1214,366.4499999999987,439,439,False,stuck_timeout,0,0,0,0,0,0,13.857323232323232,0.3018533772652378,34.025753021240234,34.025753021240234,988,225
2026-03-28T04:32:12.636552,901,21.30239725112915,1275,286.5999999999963,362,362,False,stuck_timeout,0,0,0,0,0,0,11.426767676767676,0.22478431372548732,34.80548858642578,34.80548858642578,1038,236
2026-03-28T04:32:43.156810,902,27.25779438018799,1636,648.5999999999793,724,724,False,stuck_timeout,0,0,0,0,0,0,22.853535353535353,0.39645476772614874,34.784244537353516,34.784244537353516,1331,304
2026-03-28T04:32:52.713017,903,8.511523962020874,511,153.050000000001,199,199,False,death,0,0,0,0,0,0,6.281565656565656,0.2995107632093953,33.57223129272461,33.57223129272461,415,95
2026-03-28T04:33:01.015355,904,7.305890321731567,440,7.099999999999953,69,69,False,stuck_timeout,0,0,0,0,0,0,2.178030303030303,0.01613636363636353,34.218711853027344,34.218711853027344,358,81
2026-03-28T04:33:22.900204,905,19.291173934936523,1159,529.0999999999862,596,596,False,stuck_timeout,0,0,0,0,0,0,18.81313131313131,0.45651423641068695,34.72385025024414,34.72385025024414,942,216
2026-03-28T04:33:53.802860,906,27.46161389350891,1650,501.3999999999878,594,594,False,stuck_timeout,0,0,0,0,0,0,18.75,0.3038787878787805,34.341552734375,34.341552734375,1341,308
2026-03-28T04:34:15.098199,907,18.6112277507782,1118,542.799999999993,595,595,False,stuck_timeout,0,0,0,0,0,0,18.781565656565657,0.4855098389982048,34.80851745605469,34.80851745605469,908,209
2026-03-28T04:34:46.916328,908,29.83151602745056,1794,276.79999999999575,366,366,False,stuck_timeout,0,0,0,0,0,0,11.553030303030303,0.15429208472686495,35.90534973144531,35.90534973144531,1457,336
2026-03-28T04:35:00.848215,909,12.783008575439453,765,177.75000000000028,223,223,False,death,0,0,0,0,0,0,7.039141414141414,0.23235294117647096,34.7908935546875,34.7908935546875,621,143
2026-03-28T04:35:19.242919,910,16.031238555908203,959,653.3499999999984,677,677,False,death,0,0,0,0,0,0,21.369949494949495,0.6812825860271099,33.68943405151367,33.68943405151367,778,180
2026-03-28T04:35:34.633119,911,14.090674638748169,846,306.49999999999596,365,365,False,stuck_timeout,0,0,0,0,0,0,11.521464646464647,0.36229314420803305,34.17394256591797,34.17394256591797,687,158
2026-03-28T04:35:50.418315,912,13.587144374847412,816,545.6499999999933,594,594,False,stuck_timeout,0,0,0,0,0,0,18.75,0.6686887254901879,34.9511604309082,34.9511604309082,662,153
2026-03-28T04:36:08.364512,913,15.699849367141724,942,543.1499999999924,595,595,False,stuck_timeout,0,0,0,0,0,0,18.781565656565657,0.57659235668789,35.13761901855469,35.13761901855469,764,177
2026-03-28T04:36:16.593096,914,7.282381534576416,437,216.45000000000064,262,262,False,death,0,0,0,0,0,0,8.27020202020202,0.4953089244851273,33.66797637939453,33.66797637939453,354,82
2026-03-28T04:36:27.507221,915,9.878539800643921,590,193.9000000000023,261,261,False,stuck_timeout,0,0,0,0,0,0,8.238636363636363,0.3286440677966141,33.01019287109375,33.01019287109375,478,111
2026-03-28T04:36:35.793442,916,7.323705196380615,436,-13.49999999999995,52,52,False,stuck_timeout,0,0,0,0,0,0,1.6414141414141417,-0.030963302752293465,34.65618133544922,34.65618133544922,353,82
2026-03-28T04:37:03.458265,917,24.499374866485596,1468,515.2499999999836,594,594,False,stuck_timeout,0,0,0,0,0,0,18.75,0.3509877384196074,35.252899169921875,35.252899169921875,1190,277
2026-03-28T04:37:13.442660,918,9.006183385848999,541,203.50000000000045,240,240,False,death,0,0,0,0,0,0,7.575757575757576,0.37615526802218197,33.474090576171875,33.474090576171875,438,102
2026-03-28T04:37:18.353722,919,4.023043632507324,239,252.70000000000073,288,288,False,death,0,0,0,0,0,0,9.090909090909092,1.0573221757322206,36.33686065673828,36.33686065673828,193,45
2026-03-28T04:37:58.628369,920,35.9468514919281,2157,631.8999999999769,722,722,False,stuck_timeout,0,0,0,0,0,0,22.79040404040404,0.29295317570698975,33.74592971801758,33.74592971801758,1748,408
2026-03-28T04:38:21.454264,921,20.067344903945923,1201,663.0999999999832,722,722,False,stuck_timeout,0,0,0,0,0,0,22.79040404040404,0.5521232306411183,34.235923767089844,34.235923767089844,972,228
2026-03-28T04:38:56.864756,922,31.535937070846558,1891,501.34999999997973,595,595,False,stuck_timeout,0,0,0,0,0,0,18.781565656565657,0.2651242728714858,33.88056945800781,33.88056945800781,1531,359
2026-03-28T04:39:08.898763,923,10.91463303565979,656,255.39999999999623,310,310,False,stuck_timeout,0,0,0,0,0,0,9.785353535353536,0.38932926829267717,34.774925231933594,34.774925231933594,531,124
2026-03-28T04:39:15.883871,924,6.015081167221069,361,246.0500000000004,281,281,False,death,0,0,0,0,0,0,8.869949494949495,0.6815789473684222,35.56301498413086,35.56301498413086,292,68
2026-03-28T04:39:53.588436,925,33.724200963974,2026,646.4499999999827,722,722,False,stuck_timeout,0,0,0,0,0,0,22.79040404040404,0.3190769990128246,33.50480270385742,33.50480270385742,1639,386
2026-03-28T04:40:24.242448,926,27.146923303604126,1630,513.1499999999913,594,594,False,stuck_timeout,0,0,0,0,0,0,18.75,0.31481595092024006,34.19076919555664,34.19076919555664,1318,311
2026-03-28T04:40:29.121012,927,3.9539036750793457,235,268.1500000000005,301,301,False,death,0,0,0,0,0,0,9.501262626262626,1.1410638297872362,33.38756561279297,33.38756561279297,190,44
2026-03-28T04:40:40.020331,928,9.845395803451538,586,88.40000000000111,154,154,False,stuck_timeout,0,0,0,0,0,0,4.861111111111112,0.150853242320821,35.10432434082031,35.10432434082031,474,111
2026-03-28T04:40:59.535707,929,18.066179752349854,1081,345.0999999999981,413,413,False,stuck_timeout,0,0,0,0,0,0,13.036616161616163,0.3192414431082313,33.80833435058594,33.80833435058594,874,206
2026-03-28T04:41:31.604790,930,28.44020652770996,1705,665.8499999999906,722,722,False,stuck_timeout,0,0,0,0,0,0,22.79040404040404,0.39052785923753114,34.87388610839844,34.87388610839844,1378,326
2026-03-28T04:41:56.954738,931,22.380772352218628,1342,533.6999999999902,594,594,False,stuck_timeout,0,0,0,0,0,0,18.75,0.39769001490312234,33.820343017578125,33.820343017578125,1084,257
2026-03-28T04:42:20.445733,932,20.800246238708496,1246,533.6999999999937,595,595,False,stuck_timeout,0,0,0,0,0,0,18.781565656565657,0.42833065810593396,36.34574508666992,36.34574508666992,1006,239
2026-03-28T04:42:30.943122,933,9.335285902023315,561,225.8500000000004,279,279,False,death,0,0,0,0,0,0,8.806818181818182,0.4025846702317298,36.39811325073242,36.39811325073242,453,107
2026-03-28T04:42:51.231122,934,17.80083179473877,1068,676.3999999999919,723,723,False,stuck_timeout,0,0,0,0,0,0,22.821969696969695,0.6333333333333258,33.557960510253906,33.557960510253906,862,205
2026-03-28T04:43:12.586235,935,19.86038374900818,1189,327.94999999999453,399,399,False,stuck_timeout,0,0,0,0,0,0,12.594696969696969,0.2758200168208533,33.334136962890625,33.334136962890625,959,229
2026-03-28T04:43:24.813991,936,11.118415594100952,667,371.7499999999982,434,434,False,stuck_timeout,0,0,0,0,0,0,13.69949494949495,0.557346326836579,34.51231384277344,34.51231384277344,538,128
2026-03-28T04:43:38.703718,937,11.900171041488647,712,670.6999999999982,692,692,False,death,0,0,0,0,0,0,21.843434343434343,0.9419943820224694,32.55542755126953,32.55542755126953,574,137
2026-03-28T04:43:43.183176,938,3.637495517730713,216,258.6000000000006,292,292,False,death,0,0,0,0,0,0,9.217171717171716,1.1972222222222249,34.36101150512695,34.36101150512695,174,41
2026-03-28T04:43:54.322995,939,10.02479600906372,601,249.0500000000006,281,281,False,death,0,0,0,0,0,0,8.869949494949495,0.4143926788685534,35.217918395996094,35.217918395996094,484,116
2026-03-28T04:44:33.666319,940,35.28058886528015,2116,518.9499999999887,599,599,False,stuck_timeout,0,0,0,0,0,0,18.90782828282828,0.24525047258978672,34.89057540893555,34.89057540893555,1706,409
2026-03-28T04:45:05.404889,941,28.148131370544434,1686,648.7999999999892,722,722,False,stuck_timeout,0,0,0,0,0,0,22.79040404040404,0.38481613285883104,35.623043060302734,35.623043060302734,1359,326
2026-03-28T04:45:24.247694,942,16.314404726028442,978,531.9999999999934,595,595,False,stuck_timeout,0,0,0,0,0,0,18.781565656565657,0.5439672801635924,34.62662887573242,34.62662887573242,787,190
2026-03-28T04:45:31.343165,943,6.1100544929504395,364,252.50000000000074,286,286,False,death,0,0,0,0,0,0,9.027777777777777,0.6936813186813207,33.964256286621094,33.964256286621094,293,70
2026-03-28T04:45:57.792133,944,23.3124897480011,1397,537.8499999999937,598,598,False,stuck_timeout,0,0,0,0,0,0,18.876262626262626,0.38500357909806276,34.826622009277344,34.826622009277344,1124,272
2026-03-28T04:46:05.983796,945,7.133365631103516,423,238.7500000000009,280,280,False,death,0,0,0,0,0,0,8.83838383838384,0.564420803782508,33.56938171386719,33.56938171386719,340,82
2026-03-28T04:46:15.459554,946,8.428954362869263,501,217.00000000000077,256,256,False,death,0,0,0,0,0,0,8.080808080808081,0.43313373253493165,33.459014892578125,33.459014892578125,403,97
2026-03-28T04:46:29.823271,947,13.13151478767395,785,237.2499999999994,309,309,False,stuck_timeout,0,0,0,0,0,0,9.753787878787879,0.3022292993630566,33.802734375,33.802734375,632,152
2026-03-28T04:46:50.090858,948,17.650285243988037,1058,549.1499999999933,595,595,False,stuck_timeout,0,0,0,0,0,0,18.781565656565657,0.5190453686200315,35.00840759277344,35.00840759277344,851,206
2026-03-28T04:47:07.491583,949,15.139789819717407,908,537.5499999999932,595,595,False,stuck_timeout,0,0,0,0,0,0,18.781565656565657,0.5920154185021952,33.51479721069336,33.51479721069336,730,177
2026-03-28T04:47:27.947090,950,17.804509162902832,1065,533.7499999999916,594,594,False,stuck_timeout,0,0,0,0,0,0,18.75,0.5011737089201799,34.63389205932617,34.63389205932617,856,208
2026-03-28T04:47:46.363246,951,16.141522884368896,966,536.949999999991,594,594,False,stuck_timeout,0,0,0,0,0,0,18.75,0.5558488612836345,34.82087326049805,34.82087326049805,776,189
2026-03-28T04:47:52.269594,952,5.01041316986084,302,-26.050000000000086,40,40,False,stuck_timeout,0,0,0,0,0,0,1.2626262626262625,-0.08625827814569564,33.13536834716797,33.13536834716797,242,59
2026-03-28T04:48:09.300206,953,15.59611964225769,934,380.69999999999885,440,440,False,stuck_timeout,0,0,0,0,0,0,13.88888888888889,0.40760171306209725,34.58254623413086,34.58254623413086,750,183
2026-03-28T04:48:30.384671,954,18.50959324836731,1114,547.5499999999922,602,602,False,stuck_timeout,0,0,0,0,0,0,19.002525252525253,0.49151705565528925,33.8394775390625,33.8394775390625,894,219
2026-03-28T04:48:38.321734,955,6.952577352523804,415,230.25000000000063,262,262,False,death,0,0,0,0,0,0,8.27020202020202,0.5548192771084353,34.69881820678711,34.69881820678711,333,81
2026-03-28T04:49:06.666407,956,25.156780004501343,1510,546.99999999999,609,609,False,stuck_timeout,0,0,0,0,0,0,19.223484848484848,0.3622516556291325,34.46809005737305,34.46809005737305,1212,297
2026-03-28T04:49:25.559646,957,16.5481595993042,989,827.7999999999897,854,854,False,death,0,0,0,0,0,0,26.957070707070706,0.8370070778564103,35.16550064086914,35.16550064086914,793,195
2026-03-28T04:49:53.387392,958,24.585579872131348,1473,671.0499999999901,722,722,False,stuck_timeout,0,0,0,0,0,0,22.79040404040404,0.4555668703326477,35.700164794921875,35.700164794921875,1181,291
2026-03-28T04:49:59.013777,959,4.785128593444824,285,260.9500000000006,294,294,False,death,0,0,0,0,0,0,9.280303030303031,0.9156140350877214,33.11228561401367,33.11228561401367,228,56
2026-03-28T04:50:24.658177,960,22.694782972335815,1359,663.9999999999887,722,722,False,stuck_timeout,0,0,0,0,0,0,22.79040404040404,0.4885945548197121,35.69641876220703,35.69641876220703,1089,269
2026-03-28T04:50:42.027006,961,15.055739641189575,904,548.8999999999927,595,595,False,stuck_timeout,0,0,0,0,0,0,18.781565656565657,0.6071902654867176,35.42577362060547,35.42577362060547,724,179
2026-03-28T04:51:12.701780,962,27.188649654388428,1632,629.2999999999736,722,722,False,stuck_timeout,0,0,0,0,0,0,22.79040404040404,0.38560049019606224,34.945640563964844,34.945640563964844,1307,324
2026-03-28T04:51:51.421128,963,34.53750944137573,2075,639.6999999999773,722,722,False,stuck_timeout,0,0,0,0,0,0,22.79040404040404,0.3082891566264951,36.00517272949219,36.00517272949219,1660,414
2026-03-28T04:52:25.043993,964,30.027849435806274,1801,627.8999999999866,722,722,False,stuck_timeout,0,0,0,0,0,0,22.79040404040404,0.34863964464185815,35.259830474853516,35.259830474853516,1440,360
2026-03-28T04:52:46.243380,965,18.5504412651062,1110,538.1999999999911,595,595,False,stuck_timeout,0,0,0,0,0,0,18.781565656565657,0.4848648648648568,34.50813293457031,34.50813293457031,887,222
2026-03-28T04:52:54.007962,966,6.786121845245361,406,268.20000000000033,304,304,False,death,0,0,0,0,0,0,9.595959595959595,0.6605911330049269,34.45134735107422,34.45134735107422,324,81
2026-03-28T04:53:04.201219,967,9.118322134017944,549,218.55000000000047,255,255,False,death,0,0,0,0,0,0,8.049242424242424,0.3980874316939899,33.514625549316406,33.514625549316406,439,109
2026-03-28T04:53:31.196634,968,25.240704774856567,1516,510.299999999992,594,594,False,stuck_timeout,0,0,0,0,0,0,18.75,0.33660949868073353,35.70355987548828,35.70355987548828,1212,303
2026-03-28T04:53:49.261527,969,15.748067140579224,944,533.0499999999938,595,595,False,stuck_timeout,0,0,0,0,0,0,18.781565656565657,0.564671610169485,34.50913619995117,34.50913619995117,754,189
2026-03-28T04:53:56.806574,970,6.586061477661133,391,235.25000000000074,270,270,False,death,0,0,0,0,0,0,8.522727272727272,0.6016624040920735,34.01271438598633,34.01271438598633,312,78
2026-03-28T04:54:01.711394,971,4.073197364807129,239,253.95000000000078,286,286,False,death,0,0,0,0,0,0,9.027777777777777,1.0625523012552334,36.29225540161133,36.29225540161133,191,47
2026-03-28T04:54:35.389702,972,29.876204013824463,1789,662.4499999999839,723,723,False,stuck_timeout,0,0,0,0,0,0,22.821969696969695,0.370290665176067,35.179893493652344,35.179893493652344,1429,359
2026-03-28T04:55:08.627425,973,31.276514530181885,1877,519.4999999999854,594,594,False,stuck_timeout,0,0,0,0,0,0,18.75,0.2767714437932794,36.32194137573242,36.32194137573242,1499,377
2026-03-28T04:55:36.580249,974,26.164589643478394,1567,495.249999999984,594,594,False,stuck_timeout,0,0,0,0,0,0,18.75,0.3160497766432572,33.891014099121094,33.891014099121094,1251,315
2026-03-28T04:56:06.011449,975,26.21815013885498,1573,518.6499999999807,608,608,False,stuck_timeout,0,0,0,0,0,0,19.19191919191919,0.3297202797202674,33.006221771240234,33.006221771240234,1255,317
2026-03-28T04:56:10.848807,976,3.9376518726348877,234,250.8500000000008,284,284,False,death,0,0,0,0,0,0,8.964646464646464,1.0720085470085503,35.35436248779297,35.35436248779297,186,47
2026-03-28T04:56:28.740329,977,16.506810903549194,986,529.3999999999927,592,592,False,stuck_timeout,0,0,0,0,0,0,18.68686868686869,0.5369168356997898,35.057594299316406,35.057594299316406,787,198
2026-03-28T04:56:39.528532,978,9.687727689743042,581,239.65000000000046,299,299,False,death,0,0,0,0,0,0,9.438131313131313,0.41247848537005244,33.402740478515625,33.402740478515625,463,117
2026-03-28T04:56:57.179006,979,16.33586359024048,978,364.8999999999987,431,431,False,stuck_timeout,0,0,0,0,0,0,13.604797979797981,0.3731083844580764,34.02406311035156,34.02406311035156,780,197
2026-03-28T04:57:16.466836,980,16.907668590545654,1009,362.14999999999696,434,434,False,stuck_timeout,0,0,0,0,0,0,13.69949494949495,0.3589197224975193,34.02909851074219,34.02909851074219,805,203
2026-03-28T04:57:37.528492,981,19.61207127571106,1177,535.7999999999927,594,594,False,stuck_timeout,0,0,0,0,0,0,18.75,0.4552251486830864,35.208980560302734,35.208980560302734,939,237
2026-03-28T04:58:00.344184,982,21.155813694000244,1269,500.4499999999935,588,588,False,stuck_timeout,0,0,0,0,0,0,18.560606060606062,0.39436564223797754,34.09088134765625,34.09088134765625,1012,256
2026-03-28T04:58:29.965916,983,26.186562299728394,1573,510.7999999999821,595,595,False,stuck_timeout,0,0,0,0,0,0,18.781565656565657,0.3247298156388952,35.502925872802734,35.502925872802734,1254,318
2026-03-28T04:58:36.243312,984,5.351543188095093,319,263.00000000000034,302,302,False,death,0,0,0,0,0,0,9.532828282828284,0.8244514106583083,36.10205078125,36.10205078125,254,64
2026-03-28T04:58:42.292795,985,5.195595026016235,312,-23.250000000000014,42,42,False,stuck_timeout,0,0,0,0,0,0,1.3257575757575757,-0.07451923076923081,33.44447708129883,33.44447708129883,248,63
2026-03-28T04:59:04.888651,986,19.868234395980835,1194,543.9999999999942,595,595,False,stuck_timeout,0,0,0,0,0,0,18.781565656565657,0.4556113902847523,34.01673889160156,34.01673889160156,951,242
2026-03-28T04:59:26.808687,987,19.200286388397217,1151,522.2499999999925,595,595,False,stuck_timeout,0,0,0,0,0,0,18.781565656565657,0.45373588184187014,34.651283264160156,34.651283264160156,917,233
2026-03-28T04:59:47.325186,988,17.902574062347412,1074,544.0499999999919,595,595,False,stuck_timeout,0,0,0,0,0,0,18.781565656565657,0.5065642458100483,34.646141052246094,34.646141052246094,855,218
2026-03-28T05:00:26.770869,989,35.21273899078369,2110,621.749999999984,722,722,False,stuck_timeout,0,0,0,0,0,0,22.79040404040404,0.29466824644549006,35.53594970703125,35.53594970703125,1679,430
2026-03-28T05:00:34.054956,990,6.298142194747925,375,205.95000000000047,241,241,False,death,0,0,0,0,0,0,7.607323232323232,0.5492000000000012,34.32048416137695,34.32048416137695,298,76
2026-03-28T05:00:41.106120,991,6.161059856414795,367,212.2000000000006,253,253,False,death,0,0,0,0,0,0,7.986111111111111,0.5782016348773859,33.9137077331543,33.9137077331543,292,74
2026-03-28T05:00:53.094505,992,10.84519910812378,648,379.4499999999967,436,436,False,stuck_timeout,0,0,0,0,0,0,13.762626262626263,0.5855709876543159,33.31400680541992,33.31400680541992,515,132
2026-03-28T05:01:14.137645,993,18.51495122909546,1106,543.1499999999918,595,595,False,stuck_timeout,0,0,0,0,0,0,18.781565656565657,0.49109403254972134,34.34721374511719,34.34721374511719,880,225
2026-03-28T05:01:41.607543,994,24.369375705718994,1462,667.849999999984,725,725,False,stuck_timeout,0,0,0,0,0,0,22.88510101010101,0.45680574555402464,33.56107711791992,33.56107711791992,1162,299
2026-03-28T05:01:48.013811,995,5.429986238479614,326,221.60000000000048,255,255,False,death,0,0,0,0,0,0,8.049242424242424,0.6797546012269954,37.09959411621094,37.09959411621094,259,66
2026-03-28T05:01:52.976386,996,4.167160272598267,245,256.6000000000006,290,290,False,death,0,0,0,0,0,0,9.154040404040405,1.0473469387755125,35.26836013793945,35.26836013793945,194,50
2026-03-28T05:02:12.182492,997,16.816807508468628,1010,566.3499999999935,618,618,False,stuck_timeout,0,0,0,0,0,0,19.507575757575758,0.5607425742574194,32.06879806518555,32.06879806518555,802,207
2026-03-28T05:02:19.265293,998,6.153061628341675,370,250.6000000000005,296,296,False,death,0,0,0,0,0,0,9.343434343434344,0.6772972972972987,34.54185104370117,34.54185104370117,294,75
2026-03-28T05:02:26.212515,999,5.966605186462402,353,252.6000000000005,285,285,False,death,0,0,0,0,0,0,8.996212121212121,0.7155807365439107,35.92584991455078,35.92584991455078,280,72
2026-03-28T05:02:33.252438,1000,5.777758598327637,346,193.4000000000006,229,229,False,death,0,0,0,0,0,0,7.228535353535354,0.558959537572256,35.97813034057617,35.97813034057617,274,71
2026-03-28T05:02:39.213302,1001,5.079197406768799,302,-25.40000000000005,40,40,False,stuck_timeout,0,0,0,0,0,0,1.2626262626262625,-0.08410596026490082,35.851966857910156,35.851966857910156,239,62
2026-03-28T05:02:58.960265,1002,18.25933837890625,1095,529.4499999999938,594,594,False,stuck_timeout,0,0,0,0,0,0,18.75,0.48351598173515414,33.96078109741211,33.96078109741211,869,225
2026-03-28T05:03:40.434738,1003,37.16739320755005,2232,641.0499999999786,723,723,False,stuck_timeout,0,0,0,0,0,0,22.821969696969695,0.28720878136199757,33.2292594909668,33.2292594909668,1772,459
2026-03-28T05:03:47.031119,1004,5.671894788742065,330,-19.999999999999957,46,46,False,stuck_timeout,0,0,0,0,0,0,1.452020202020202,-0.060606060606060476,34.777278900146484,34.777278900146484,262,67
2026-03-28T05:03:54.625044,1005,6.559420347213745,390,236.00000000000057,268,268,False,death,0,0,0,0,0,0,8.45959595959596,0.6051282051282065,34.90436935424805,34.90436935424805,309,80
2026-03-28T05:04:22.181575,1006,25.739907264709473,1547,497.2999999999829,594,594,False,stuck_timeout,0,0,0,0,0,0,18.75,0.32146089204911626,33.75502014160156,33.75502014160156,1228,318
2026-03-28T05:04:51.047706,1007,25.51597547531128,1528,515.8499999999945,595,595,False,stuck_timeout,0,0,0,0,0,0,18.781565656565657,0.33759816753926336,34.55342102050781,34.55342102050781,1212,315
2026-03-28T05:04:59.252706,1008,7.235539197921753,433,91.45000000000097,151,151,False,stuck_timeout,0,0,0,0,0,0,4.766414141414142,0.2112009237875311,31.616634368896484,31.616634368896484,343,89
2026-03-28T05:05:05.756307,1009,5.523106098175049,332,-19.349999999999984,48,48,False,stuck_timeout,0,0,0,0,0,0,1.5151515151515151,-0.058283132530120435,33.762325286865234,33.762325286865234,263,68
2026-03-28T05:05:10.462555,1010,3.8104310035705566,226,254.9000000000005,288,288,False,death,0,0,0,0,0,0,9.090909090909092,1.1278761061946925,35.10653305053711,35.10653305053711,179,46
2026-03-28T05:05:15.972067,1011,4.69126558303833,277,268.20000000000033,303,303,False,death,0,0,0,0,0,0,9.56439393939394,0.9682310469314092,32.748836517333984,32.748836517333984,219,57
2026-03-28T05:05:31.759812,1012,14.503174543380737,868,530.8999999999928,594,594,False,stuck_timeout,0,0,0,0,0,0,18.75,0.6116359447004526,34.55853271484375,34.55853271484375,688,179
2026-03-28T05:05:40.614321,1013,7.813420534133911,469,221.45000000000041,256,256,False,death,0,0,0,0,0,0,8.080808080808081,0.4721748400852887,35.07769775390625,35.07769775390625,372,96
2026-03-28T05:05:48.639630,1014,7.094523191452026,422,-1.0000000000000926,68,68,False,stuck_timeout,0,0,0,0,0,0,2.146464646464646,-0.0023696682464457173,38.01885223388672,38.01885223388672,334,87
2026-03-28T05:06:09.935636,1015,19.793857097625732,1184,366.69999999999453,442,442,False,stuck_timeout,0,0,0,0,0,0,13.952020202020202,0.3097128378378332,35.14307403564453,35.14307403564453,939,244
2026-03-28T05:06:29.641639,1016,18.238260984420776,1096,541.3999999999929,594,594,False,stuck_timeout,0,0,0,0,0,0,18.75,0.49397810218977456,34.240272521972656,34.240272521972656,869,226
2026-03-28T05:06:48.029209,1017,17.064693689346313,1019,541.149999999993,594,594,False,stuck_timeout,0,0,0,0,0,0,18.75,0.5310598626103955,33.507076263427734,33.507076263427734,808,210
2026-03-28T05:06:59.117574,1018,9.967344760894775,594,247.34999999999832,308,308,False,stuck_timeout,0,0,0,0,0,0,9.722222222222223,0.41641414141413857,33.19788360595703,33.19788360595703,471,122
2026-03-28T05:07:08.845569,1019,8.593866348266602,517,177.45000000000138,223,223,False,death,0,0,0,0,0,0,7.039141414141414,0.34323017408124057,33.635276794433594,33.635276794433594,410,106
2026-03-28T05:07:42.192908,1020,29.60483455657959,1776,639.7499999999791,723,723,False,stuck_timeout,0,0,0,0,0,0,22.821969696969695,0.3602195945945828,34.498558044433594,34.498558044433594,1408,367
2026-03-28T05:08:03.189386,1021,18.461733102798462,1108,664.1499999999884,722,722,False,stuck_timeout,0,0,0,0,0,0,22.79040404040404,0.5994133574007116,34.72976303100586,34.72976303100586,878,229
2026-03-28T05:08:11.172586,1022,6.9734110832214355,416,224.10000000000056,257,257,False,death,0,0,0,0,0,0,8.112373737373737,0.5387019230769244,31.997671127319336,31.997671127319336,329,86
2026-03-28T05:08:19.559444,1023,7.350415229797363,442,-2.7000000000000575,66,66,False,stuck_timeout,0,0,0,0,0,0,2.083333333333333,-0.006108597285068003,34.38035202026367,34.38035202026367,350,91
2026-03-28T05:08:28.610402,1024,8.002593755722046,477,208.05000000000052,249,249,False,death,0,0,0,0,0,0,7.859848484848484,0.4361635220125797,34.88248825073242,34.88248825073242,378,98
2026-03-28T05:08:58.896081,1025,26.888320922851562,1613,516.4499999999905,595,595,False,stuck_timeout,0,0,0,0,0,0,18.781565656565657,0.32017978921264134,34.44871520996094,34.44871520996094,1278,334
2026-03-28T05:09:08.033776,1026,8.148748874664307,489,228.25000000000045,282,282,False,death,0,0,0,0,0,0,8.901515151515152,0.46676891615542015,32.562557220458984,32.562557220458984,387,101
2026-03-28T05:09:14.881140,1027,5.892645359039307,351,254.80000000000075,287,287,False,death,0,0,0,0,0,0,9.059343434343434,0.7259259259259281,34.87743377685547,34.87743377685547,278,72
2026-03-28T05:09:31.677875,1028,15.397217512130737,921,289.3999999999973,353,353,False,stuck_timeout,0,0,0,0,0,0,11.142676767676768,0.31422366992399275,34.33747100830078,34.33747100830078,729,191
2026-03-28T05:09:59.069447,1029,24.2595112323761,1457,649.3499999999884,723,723,False,stuck_timeout,0,0,0,0,0,0,22.821969696969695,0.44567604667123434,34.384765625,34.384765625,1154,302
2026-03-28T05:10:13.581842,1030,13.239919424057007,792,542.7499999999934,594,594,False,stuck_timeout,0,0,0,0,0,0,18.75,0.6852904040403958,34.39527893066406,34.39527893066406,627,164
2026-03-28T05:10:21.914442,1031,7.307295799255371,435,194.2500000000013,242,242,False,death,0,0,0,0,0,0,7.638888888888889,0.44655172413793404,35.58979034423828,35.58979034423828,344,90
2026-03-28T05:10:43.626000,1032,19.176350116729736,1150,656.6499999999883,722,722,False,stuck_timeout,0,0,0,0,0,0,22.79040404040404,0.5709999999999898,31.927051544189453,31.927051544189453,910,239
2026-03-28T05:11:10.114214,1033,23.43087124824524,1404,652.9499999999864,723,723,False,stuck_timeout,0,0,0,0,0,0,22.821969696969695,0.46506410256409286,35.96018981933594,35.96018981933594,1111,292
2026-03-28T05:11:32.666713,1034,19.79109239578247,1185,540.1499999999915,595,595,False,stuck_timeout,0,0,0,0,0,0,18.781565656565657,0.45582278481011934,35.45024871826172,35.45024871826172,937,247
2026-03-28T05:11:57.984503,1035,23.608540296554565,1419,537.849999999993,594,594,False,stuck_timeout,0,0,0,0,0,0,18.75,0.3790345313601078,35.23325729370117,35.23325729370117,1122,296
2026-03-28T05:12:06.753212,1036,7.785630226135254,467,250.7000000000004,284,284,False,death,0,0,0,0,0,0,8.964646464646464,0.5368308351177739,34.34123229980469,34.34123229980469,369,97
2026-03-28T05:12:19.655730,1037,11.672086954116821,698,72.70000000000091,140,140,False,stuck_timeout,0,0,0,0,0,0,4.41919191919192,0.10415472779369758,34.984130859375,34.984130859375,552,145
2026-03-28T05:12:46.838391,1038,25.358524560928345,1522,494.09999999999525,594,594,False,stuck_timeout,0,0,0,0,0,0,18.75,0.3246386333771322,33.448829650878906,33.448829650878906,1203,318
2026-03-28T05:12:53.029226,1039,5.314005374908447,314,224.15000000000043,259,259,False,death,0,0,0,0,0,0,8.175505050505052,0.7138535031847147,34.30529022216797,34.30529022216797,248,65
2026-03-28T05:13:00.977062,1040,6.593227863311768,397,253.80000000000067,286,286,False,death,0,0,0,0,0,0,9.027777777777777,0.6392947103274575,33.73377990722656,33.73377990722656,313,83
2026-03-28T05:13:27.137472,1041,23.122059106826782,1388,549.7999999999937,615,615,False,stuck_timeout,0,0,0,0,0,0,19.41287878787879,0.3961095100864508,33.355262756347656,33.355262756347656,1096,291
2026-03-28T05:13:54.192218,1042,25.359171628952026,1521,342.8999999999943,435,435,False,stuck_timeout,0,0,0,0,0,0,13.731060606060606,0.22544378698224476,36.039642333984375,36.039642333984375,1201,319
2026-03-28T05:13:59.140760,1043,4.113947629928589,247,256.00000000000057,288,288,False,death,0,0,0,0,0,0,9.090909090909092,1.036437246963565,34.019386291503906,34.019386291503906,195,51
2026-03-28T05:14:23.040473,1044,22.29767656326294,1337,345.9999999999982,420,420,False,stuck_timeout,0,0,0,0,0,0,13.257575757575758,0.25878833208676005,32.19447326660156,32.19447326660156,1056,280
2026-03-28T05:14:41.471180,1045,16.17532992362976,971,537.3499999999933,596,596,False,stuck_timeout,0,0,0,0,0,0,18.81313131313131,0.5533985581874288,32.65681076049805,32.65681076049805,766,204
2026-03-28T05:14:46.307074,1046,3.951016664505005,235,253.5000000000005,287,287,False,death,0,0,0,0,0,0,9.059343434343434,1.0787234042553213,33.10009002685547,33.10009002685547,185,49
2026-03-28T05:15:13.373818,1047,23.813372373580933,1431,523.2999999999923,595,595,False,stuck_timeout,0,0,0,0,0,0,18.781565656565657,0.36568832983926786,34.290771484375,34.290771484375,1129,301
2026-03-28T05:15:19.380290,1048,5.081778526306152,302,-22.650000000000052,40,40,False,stuck_timeout,0,0,0,0,0,0,1.2626262626262625,-0.07500000000000018,35.12409591674805,35.12409591674805,238,63
2026-03-28T05:15:28.921126,1049,8.494312763214111,506,106.65000000000084,166,166,False,stuck_timeout,0,0,0,0,0,0,5.23989898989899,0.21077075098814396,34.39476013183594,34.39476013183594,399,106
2026-03-28T05:15:49.270359,1050,17.830709218978882,1070,566.1499999999944,611,611,False,stuck_timeout,0,0,0,0,0,0,19.286616161616163,0.529112149532705,34.799190521240234,34.799190521240234,844,225
2026-03-28T05:16:12.013603,1051,20.00306010246277,1197,652.9499999999908,722,722,False,stuck_timeout,0,0,0,0,0,0,22.79040404040404,0.5454887218045036,34.37295150756836,34.37295150756836,943,253
2026-03-28T05:16:22.954896,1052,9.848005533218384,588,219.60000000000048,275,275,False,death,0,0,0,0,0,0,8.680555555555555,0.37346938775510286,33.53730392456055,33.53730392456055,463,124
2026-03-28T05:16:41.674894,1053,17.184738159179688,1029,521.4999999999875,594,594,False,stuck_timeout,0,0,0,0,0,0,18.75,0.5068027210884232,33.80458450317383,33.80458450317383,811,217
2026-03-28T05:17:01.336318,1054,17.167871236801147,1030,527.8999999999902,595,595,False,stuck_timeout,0,0,0,0,0,0,18.781565656565657,0.5125242718446507,32.568824768066406,32.568824768066406,811,218
2026-03-28T05:17:07.986156,1055,5.772083044052124,345,225.4000000000005,259,259,False,death,0,0,0,0,0,0,8.175505050505052,0.6533333333333348,32.92913818359375,32.92913818359375,271,73
2026-03-28T05:17:40.490298,1056,28.793626308441162,1728,635.7499999999893,722,722,False,stuck_timeout,0,0,0,0,0,0,22.79040404040404,0.36791087962962343,30.98159408569336,30.98159408569336,1361,366
2026-03-28T05:18:15.267831,1057,32.78784799575806,1969,497.84999999999906,594,594,False,stuck_timeout,0,0,0,0,0,0,18.75,0.2528440832910102,31.291828155517578,31.291828155517578,1551,417
2026-03-28T05:18:46.895627,1058,29.666188716888428,1783,494.1499999999952,594,594,False,stuck_timeout,0,0,0,0,0,0,18.75,0.27714526079640783,35.97511672973633,35.97511672973633,1404,378
2026-03-28T05:19:09.491466,1059,19.788427114486694,1186,533.5499999999919,595,595,False,stuck_timeout,0,0,0,0,0,0,18.781565656565657,0.44987352445193246,35.38840866088867,35.38840866088867,933,252
2026-03-28T05:19:15.457370,1060,4.771562814712524,285,260.50000000000074,294,294,False,death,0,0,0,0,0,0,9.280303030303031,0.9140350877193009,33.45992660522461,33.45992660522461,224,60
2026-03-28T05:19:46.728422,1061,27.83225440979004,1668,505.8499999999956,595,595,False,stuck_timeout,0,0,0,0,0,0,18.781565656565657,0.30326738609112447,33.24656295776367,33.24656295776367,1312,355
2026-03-28T05:20:07.668347,1062,19.523240327835083,1174,385.2499999999961,439,439,False,stuck_timeout,0,0,0,0,0,0,13.857323232323232,0.32815161839863377,34.107215881347656,34.107215881347656,923,250
2026-03-28T05:20:22.279927,1063,12.569829225540161,753,544.9499999999925,595,595,False,stuck_timeout,0,0,0,0,0,0,18.781565656565657,0.7237051792828586,33.03118896484375,33.03118896484375,591,161
2026-03-28T05:20:36.300133,1064,12.142064094543457,729,657.7,680,680,False,death,0,0,0,0,0,0,21.464646464646464,0.9021947873799726,36.0623779296875,36.0623779296875,572,156
2026-03-28T05:20:45.173533,1065,7.852862596511841,469,248.55000000000067,283,283,False,death,0,0,0,0,0,0,8.933080808080808,0.5299573560767605,34.55042266845703,34.55042266845703,368,100
2026-03-28T05:20:49.751550,1066,3.7100489139556885,217,255.8000000000006,290,290,False,death,0,0,0,0,0,0,9.154040404040405,1.1788018433179752,34.72256851196289,34.72256851196289,170,46
2026-03-28T05:20:56.904500,1067,6.223405599594116,372,258.7500000000006,292,292,False,death,0,0,0,0,0,0,9.217171717171716,0.6955645161290339,33.91508483886719,33.91508483886719,292,79
2026-03-28T05:21:26.357966,1068,26.081886529922485,1566,521.2499999999862,595,595,False,stuck_timeout,0,0,0,0,0,0,18.781565656565657,0.3328544061302594,34.49102783203125,34.49102783203125,1229,336
2026-03-28T05:21:37.209547,1069,9.720656633377075,579,377.1999999999971,437,437,False,stuck_timeout,0,0,0,0,0,0,13.79419191919192,0.651468048359235,35.12263107299805,35.12263107299805,454,124
2026-03-28T05:22:12.969138,1070,31.79627752304077,1907,499.0999999999819,595,595,False,stuck_timeout,0,0,0,0,0,0,18.781565656565657,0.26171997902463656,32.34165954589844,32.34165954589844,1497,409
2026-03-28T05:22:21.561782,1071,7.632851839065552,455,258.2500000000005,290,290,False,death,0,0,0,0,0,0,9.154040404040405,0.5675824175824187,33.74892044067383,33.74892044067383,357,97
2026-03-28T05:22:28.043405,1072,5.486291885375977,326,226.00000000000063,258,258,False,death,0,0,0,0,0,0,8.143939393939394,0.6932515337423332,34.83141326904297,34.83141326904297,255,70
2026-03-28T05:22:40.915889,1073,11.758116722106934,701,194.65000000000157,247,247,False,death,0,0,0,0,0,0,7.796717171717171,0.27767475035663564,34.11457061767578,34.11457061767578,550,150
2026-03-28T05:23:03.735372,1074,21.286061763763428,1278,542.0499999999936,594,594,False,stuck_timeout,0,0,0,0,0,0,18.75,0.4241392801251906,34.28901672363281,34.28901672363281,1003,274
2026-03-28T05:23:20.566093,1075,14.602614879608154,874,534.7499999999919,598,598,False,stuck_timeout,0,0,0,0,0,0,18.876262626262626,0.6118421052631486,33.92402648925781,33.92402648925781,685,188
2026-03-28T05:23:37.252672,1076,15.415582180023193,928,346.6999999999973,404,404,False,stuck_timeout,0,0,0,0,0,0,12.75252525252525,0.3735991379310316,34.47606658935547,34.47606658935547,728,199
2026-03-28T05:23:44.614031,1077,6.380368232727051,381,154.70000000000115,202,202,False,death,0,0,0,0,0,0,6.376262626262625,0.40603674540682716,35.76683044433594,35.76683044433594,298,82
2026-03-28T05:24:02.042578,1078,16.039429426193237,961,546.2999999999938,594,594,False,stuck_timeout,0,0,0,0,0,0,18.75,0.5684703433922933,33.82299041748047,33.82299041748047,754,206
2026-03-28T05:24:07.098579,1079,4.143127918243408,244,259.95000000000056,294,294,False,death,0,0,0,0,0,0,9.280303030303031,1.0653688524590186,34.56572723388672,34.56572723388672,191,52
2026-03-28T05:24:19.045194,1080,10.129145622253418,607,106.05000000000065,170,170,False,stuck_timeout,0,0,0,0,0,0,5.366161616161616,0.1747116968698528,36.28778839111328,36.28778839111328,476,130
2026-03-28T05:24:24.749962,1081,4.808484315872192,285,253.00000000000057,289,289,False,death,0,0,0,0,0,0,9.122474747474747,0.887719298245616,32.99067306518555,32.99067306518555,223,61
2026-03-28T05:24:42.269003,1082,15.225312948226929,913,545.3499999999938,595,595,False,stuck_timeout,0,0,0,0,0,0,18.781565656565657,0.5973165388827971,34.471927642822266,34.471927642822266,715,197
2026-03-28T05:25:08.200224,1083,22.878286361694336,1372,652.2499999999873,722,722,False,stuck_timeout,0,0,0,0,0,0,22.79040404040404,0.47540087463555925,34.43019485473633,34.43019485473633,1074,297
2026-03-28T05:25:17.255228,1084,8.01578140258789,479,247.25000000000063,284,284,False,death,0,0,0,0,0,0,8.964646464646464,0.5161795407098134,36.026344299316406,36.026344299316406,375,103
2026-03-28T05:25:26.065057,1085,7.729971647262573,462,217.60000000000048,256,256,False,death,0,0,0,0,0,0,8.080808080808081,0.470995670995672,34.805694580078125,34.805694580078125,361,100
2026-03-28T05:26:13.578877,1086,42.57415008544922,2553,628.7999999999699,728,728,False,stuck_timeout,0,0,0,0,0,0,22.97979797979798,0.24629847238541713,34.06913757324219,34.06913757324219,1999,553
2026-03-28T05:26:45.060968,1087,28.045247793197632,1685,510.6999999999868,596,596,False,stuck_timeout,0,0,0,0,0,0,18.81313131313131,0.3030860534124551,35.498531341552734,35.498531341552734,1318,366
2026-03-28T05:27:03.494727,1088,16.052664756774902,961,536.0499999999929,595,595,False,stuck_timeout,0,0,0,0,0,0,18.781565656565657,0.5578043704474432,34.555564880371094,34.555564880371094,751,209
2026-03-28T05:27:33.526542,1089,26.636234521865845,1597,659.1499999999842,723,723,False,stuck_timeout,0,0,0,0,0,0,22.821969696969695,0.41274264245459247,34.726966857910156,34.726966857910156,1248,348
2026-03-28T05:28:01.726676,1090,24.9827778339386,1498,516.7999999999847,595,595,False,stuck_timeout,0,0,0,0,0,0,18.781565656565657,0.3449933244325666,35.101768493652344,35.101768493652344,1170,327
2026-03-28T05:28:35.291091,1091,29.781689882278442,1784,503.6499999999833,595,595,False,stuck_timeout,0,0,0,0,0,0,18.781565656565657,0.2823150224215153,34.30170440673828,34.30170440673828,1393,390
2026-03-28T05:29:05.486732,1092,26.823566198349,1606,659.0999999999858,722,722,False,stuck_timeout,0,0,0,0,0,0,22.79040404040404,0.4103985056039762,32.25034713745117,32.25034713745117,1253,352
2026-03-28T05:29:34.191910,1093,26.995784044265747,1617,346.4999999999971,442,442,False,stuck_timeout,0,0,0,0,0,0,13.952020202020202,0.2142857142857125,34.15571212768555,34.15571212768555,1262,354
2026-03-28T05:29:59.651032,1094,22.42889976501465,1347,631.9999999999976,667,667,False,death,0,0,0,0,0,0,21.054292929292927,0.46919079435783045,32.80650329589844,32.80650329589844,1051,295
2026-03-28T05:30:24.490910,1095,21.88319182395935,1310,523.899999999988,595,595,False,stuck_timeout,0,0,0,0,0,0,18.781565656565657,0.39992366412212826,34.10633087158203,34.10633087158203,1021,288
2026-03-28T05:30:44.637842,1096,18.701944828033447,1120,532.3999999999937,594,594,False,stuck_timeout,0,0,0,0,0,0,18.75,0.47535714285713726,34.0189323425293,34.0189323425293,873,246
2026-03-28T05:31:05.737937,1097,18.64866542816162,1116,540.0499999999953,595,595,False,stuck_timeout,0,0,0,0,0,0,18.781565656565657,0.4839157706093148,35.46294403076172,35.46294403076172,869,246
2026-03-28T05:31:11.660230,1098,5.025889873504639,302,-23.15000000000003,40,40,False,stuck_timeout,0,0,0,0,0,0,1.2626262626262625,-0.07665562913907295,34.739654541015625,34.739654541015625,235,66
2026-03-28T05:31:34.719994,1099,21.441495180130005,1285,335.1999999999954,408,408,False,stuck_timeout,0,0,0,0,0,0,12.878787878787879,0.26085603112840106,35.27219772338867,35.27219772338867,1001,283
2026-03-28T05:32:02.593622,1100,24.687947511672974,1480,530.549999999984,595,595,False,stuck_timeout,0,0,0,0,0,0,18.781565656565657,0.3584797297297189,33.89200973510742,33.89200973510742,1153,326
2026-03-28T05:32:17.836249,1101,13.945925235748291,831,370.99999999999835,434,434,False,stuck_timeout,0,0,0,0,0,0,13.69949494949495,0.4464500601684697,34.844154357910156,34.844154357910156,647,183
2026-03-28T05:32:37.788433,1102,18.489022254943848,1107,541.4999999999925,594,594,False,stuck_timeout,0,0,0,0,0,0,18.75,0.4891598915989092,33.45603942871094,33.45603942871094,862,244
2026-03-28T05:33:02.187834,1103,21.504383325576782,1284,533.8499999999865,610,610,False,stuck_timeout,0,0,0,0,0,0,19.255050505050505,0.41577102803737265,32.000404357910156,32.000404357910156,999,284
2026-03-28T05:33:17.046424,1104,12.809458017349243,767,663.7499999999899,705,705,False,death,0,0,0,0,0,0,22.25378787878788,0.8653846153846022,35.61808776855469,35.61808776855469,597,169
2026-03-28T05:33:35.492443,1105,16.04060935974121,962,541.0999999999931,595,595,False,stuck_timeout,0,0,0,0,0,0,18.781565656565657,0.5624740124740053,32.76924514770508,32.76924514770508,748,213
2026-03-28T05:33:54.284644,1106,17.386086463928223,1046,361.6999999999945,432,432,False,stuck_timeout,0,0,0,0,0,0,13.636363636363635,0.3457934990439718,34.354434967041016,34.354434967041016,813,232
2026-03-28T05:34:16.572690,1107,19.559415817260742,1173,527.1499999999896,595,595,False,stuck_timeout,0,0,0,0,0,0,18.781565656565657,0.4494032395566834,33.756019592285156,33.756019592285156,912,260
2026-03-28T05:34:43.437127,1108,25.17775011062622,1510,502.3499999999875,594,594,False,stuck_timeout,0,0,0,0,0,0,18.75,0.33268211920528973,34.26826095581055,34.26826095581055,1174,335
2026-03-28T05:35:39.620666,1109,50.23285269737244,3011,610.3499999999711,723,723,False,stuck_timeout,0,0,0,0,0,0,22.821969696969695,0.2027067419461877,33.8465690612793,33.8465690612793,2340,670
2026-03-28T05:35:47.450761,1110,6.861591100692749,408,245.50000000000063,285,285,False,death,0,0,0,0,0,0,8.996212121212121,0.6017156862745113,33.5090217590332,33.5090217590332,317,90
2026-03-28T05:36:17.113125,1111,26.318402528762817,1580,799.4999999999885,839,839,False,death,0,0,0,0,0,0,26.483585858585855,0.5060126582278408,34.73139572143555,34.73139572143555,1227,352
2026-03-28T05:36:56.618017,1112,35.4367253780365,2123,619.549999999976,722,722,False,stuck_timeout,0,0,0,0,0,0,22.79040404040404,0.2918276024493528,34.042884826660156,34.042884826660156,1648,474
2026-03-28T05:37:13.622092,1113,15.70532512664795,939,376.0999999999987,434,434,False,stuck_timeout,0,0,0,0,0,0,13.69949494949495,0.4005324813631509,35.00566864013672,35.00566864013672,729,209
2026-03-28T05:37:19.095437,1114,4.58637261390686,273,223.50000000000063,257,257,False,death,0,0,0,0,0,0,8.112373737373737,0.818681318681321,34.76705551147461,34.76705551147461,211,61
2026-03-28T05:37:27.677166,1115,7.621786594390869,457,232.20000000000073,276,276,False,death,0,0,0,0,0,0,8.712121212121213,0.5080962800875289,34.12995910644531,34.12995910644531,354,102
2026-03-28T05:37:57.235553,1116,26.26514172554016,1575,661.0999999999874,722,722,False,stuck_timeout,0,0,0,0,0,0,22.79040404040404,0.41974603174602376,33.9728889465332,33.9728889465332,1222,352
2026-03-28T05:38:39.381421,1117,37.777987003326416,2268,596.4499999999709,722,722,False,stuck_timeout,0,0,0,0,0,0,22.79040404040404,0.2629850088183293,35.67997741699219,35.67997741699219,1759,508
2026-03-28T05:39:06.476364,1118,23.934008359909058,1433,645.8999999999967,683,683,False,death,0,0,0,0,0,0,21.559343434343432,0.45073272854151897,33.325477600097656,33.325477600097656,1110,322
2026-03-28T05:39:21.457588,1119,13.726102352142334,822,83.35000000000053,157,157,False,death,0,0,0,0,0,0,4.95580808080808,0.10139902676399092,32.15158462524414,32.15158462524414,637,184
2026-03-28T05:39:45.457599,1120,21.145544290542603,1265,785.5499999999928,804,804,False,death,0,0,0,0,0,0,25.37878787878788,0.6209881422924844,34.37730407714844,34.37730407714844,980,284
2026-03-28T05:40:08.757534,1121,21.690896034240723,1299,536.4999999999935,594,594,False,stuck_timeout,0,0,0,0,0,0,18.75,0.41301000769822444,32.12548828125,32.12548828125,1006,292
2026-03-28T05:40:19.915435,1122,10.08095097541809,603,286.0499999999968,340,340,False,stuck_timeout,0,0,0,0,0,0,10.732323232323232,0.47437810945273107,33.83797836303711,33.83797836303711,467,135
2026-03-28T05:40:28.467433,1123,7.7056005001068115,460,236.05000000000055,281,281,False,death,0,0,0,0,0,0,8.869949494949495,0.5131521739130447,34.14690399169922,34.14690399169922,356,103
2026-03-28T05:40:58.921196,1124,27.034247159957886,1622,523.0499999999857,595,595,False,stuck_timeout,0,0,0,0,0,0,18.781565656565657,0.3224722564734807,33.77463912963867,33.77463912963867,1256,365
2026-03-28T05:41:16.091140,1125,14.944219589233398,897,545.7999999999925,595,595,False,stuck_timeout,0,0,0,0,0,0,18.781565656565657,0.6084726867335479,35.08875274658203,35.08875274658203,694,202
2026-03-28T05:41:22.087346,1126,5.0908613204956055,302,-23.000000000000014,40,40,False,stuck_timeout,0,0,0,0,0,0,1.2626262626262625,-0.07615894039735104,32.70310974121094,32.70310974121094,233,68
2026-03-28T05:41:45.298130,1127,20.297855138778687,1219,537.9499999999933,598,598,False,stuck_timeout,0,0,0,0,0,0,18.876262626262626,0.44130434782608147,33.91041946411133,33.91041946411133,943,275
2026-03-28T05:42:09.824588,1128,21.569421768188477,1294,500.8999999999893,595,595,False,stuck_timeout,0,0,0,0,0,0,18.781565656565657,0.38709428129829154,34.135711669921875,34.135711669921875,1000,293
2026-03-28T05:42:32.686045,1129,20.221614837646484,1215,682.249999999991,722,722,False,death,0,0,0,0,0,0,22.79040404040404,0.5615226337448486,34.06449890136719,34.06449890136719,939,275
2026-03-28T05:42:51.835071,1130,16.848899364471436,1014,540.3999999999929,595,595,False,stuck_timeout,0,0,0,0,0,0,18.781565656565657,0.5329388560157721,32.96294021606445,32.96294021606445,783,230
2026-03-28T05:43:30.421043,1131,34.358368158340454,2063,749.9499999999778,819,819,False,death,0,0,0,0,0,0,25.85227272727273,0.3635239941832175,33.229774475097656,33.229774475097656,1592,470
2026-03-28T05:44:08.258574,1132,33.747016191482544,2026,474.39999999998884,595,595,False,stuck_timeout,0,0,0,0,0,0,18.781565656565657,0.23415597235932323,36.922767639160156,36.922767639160156,1563,462
2026-03-28T05:44:35.030718,1133,24.964967727661133,1495,355.0499999999943,442,442,False,stuck_timeout,0,0,0,0,0,0,13.952020202020202,0.23749163879598284,34.418697357177734,34.418697357177734,1153,341
2026-03-28T05:44:59.560230,1134,22.928226709365845,1373,354.249999999999,434,434,False,stuck_timeout,0,0,0,0,0,0,13.69949494949495,0.2580116533139104,34.82373809814453,34.82373809814453,1059,313
2026-03-28T05:45:21.807531,1135,19.689026594161987,1179,690.3999999999904,722,722,False,death,0,0,0,0,0,0,22.79040404040404,0.5855810008481683,34.05908966064453,34.05908966064453,909,269
2026-03-28T05:45:28.250306,1136,5.554184913635254,330,243.30000000000072,275,275,False,death,0,0,0,0,0,0,8.680555555555555,0.7372727272727294,34.756446838378906,34.756446838378906,254,75
2026-03-28T05:45:38.374599,1137,8.946260213851929,537,202.40000000000032,249,249,False,death,0,0,0,0,0,0,7.859848484848484,0.37690875232774734,32.962459564208984,32.962459564208984,414,122
2026-03-28T05:45:45.847755,1138,6.463707208633423,385,248.15000000000063,281,281,False,death,0,0,0,0,0,0,8.869949494949495,0.6445454545454562,32.64631271362305,32.64631271362305,296,88
2026-03-28T05:45:51.819329,1139,5.069616794586182,302,-23.500000000000004,40,40,False,stuck_timeout,0,0,0,0,0,0,1.2626262626262625,-0.07781456953642385,33.44652557373047,33.44652557373047,232,69
2026-03-28T05:46:25.352717,1140,29.798989295959473,1788,673.3999999999904,722,722,False,stuck_timeout,0,0,0,0,0,0,22.79040404040404,0.37662192393735483,32.97896194458008,32.97896194458008,1378,409
2026-03-28T05:46:45.849257,1141,17.947019815444946,1075,518.6499999999951,595,595,False,stuck_timeout,0,0,0,0,0,0,18.781565656565657,0.4824651162790652,36.07538604736328,36.07538604736328,828,246
2026-03-28T05:47:15.055296,1142,27.385133266448975,1645,494.49999999998124,594,594,False,stuck_timeout,0,0,0,0,0,0,18.75,0.3006079027355509,37.35115051269531,37.35115051269531,1267,377
2026-03-28T05:47:36.969234,1143,19.213030576705933,1149,670.9499999999888,722,722,False,stuck_timeout,0,0,0,0,0,0,22.79040404040404,0.5839425587467265,33.026123046875,33.026123046875,884,264
2026-03-28T05:47:48.549647,1144,10.39227843284607,621,189.70000000000132,245,245,False,death,0,0,0,0,0,0,7.733585858585859,0.3054750402576511,35.273006439208984,35.273006439208984,478,142
2026-03-28T05:48:05.391474,1145,15.522435903549194,930,543.4499999999931,594,594,False,stuck_timeout,0,0,0,0,0,0,18.75,0.58435483870967,34.276573181152344,34.276573181152344,716,213
2026-03-28T05:48:15.761599,1146,9.335002660751343,559,25.89999999999965,92,92,False,stuck_timeout,0,0,0,0,0,0,2.904040404040404,0.046332737030410825,33.792015075683594,33.792015075683594,430,128
2026-03-28T05:48:44.806189,1147,25.74796175956726,1547,536.2499999999852,629,629,False,stuck_timeout,0,0,0,0,0,0,19.85479797979798,0.3466386554621753,32.38280487060547,32.38280487060547,1190,356
2026-03-28T05:49:08.210472,1148,21.836194276809692,1308,537.2999999999925,594,594,False,stuck_timeout,0,0,0,0,0,0,18.75,0.41077981651375567,32.7241096496582,32.7241096496582,1006,301
2026-03-28T05:49:27.719187,1149,17.102980852127075,1026,528.299999999994,596,596,False,stuck_timeout,0,0,0,0,0,0,18.81313131313131,0.5149122807017485,32.191436767578125,32.191436767578125,789,236
2026-03-28T05:49:32.497385,1150,3.9558708667755127,237,256.75000000000057,289,289,False,death,0,0,0,0,0,0,9.122474747474747,1.0833333333333357,33.183753967285156,33.183753967285156,182,54
2026-03-28T05:49:39.741694,1151,6.230893611907959,370,-4.800000000000039,61,61,False,stuck_timeout,0,0,0,0,0,0,1.9255050505050504,-0.012972972972973078,34.017635345458984,34.017635345458984,284,85
2026-03-28T05:49:46.804208,1152,6.149635076522827,367,-21.500000000000032,41,41,False,stuck_timeout,0,0,0,0,0,0,1.2941919191919191,-0.05858310626703006,32.511253356933594,32.511253356933594,282,84
2026-03-28T05:50:10.549473,1153,20.910268783569336,1254,654.4999999999844,722,722,False,stuck_timeout,0,0,0,0,0,0,22.79040404040404,0.5219298245613911,34.71218490600586,34.71218490600586,964,289
2026-03-28T05:50:24.741153,1154,12.33086633682251,737,652.8999999999968,686,686,False,death,0,0,0,0,0,0,21.654040404040405,0.8858887381275398,33.539329528808594,33.539329528808594,566,170
2026-03-28T05:50:33.394802,1155,7.631347417831421,453,150.40000000000006,186,186,False,death,0,0,0,0,0,0,5.871212121212121,0.3320088300220752,32.141021728515625,32.141021728515625,348,104
2026-03-28T05:51:12.368160,1156,34.75355625152588,2087,652.3499999999868,723,723,False,stuck_timeout,0,0,0,0,0,0,22.821969696969695,0.312577862961182,32.726837158203125,32.726837158203125,1603,483
2026-03-28T05:51:35.106776,1157,20.07356905937195,1202,532.2999999999902,595,595,False,stuck_timeout,0,0,0,0,0,0,18.781565656565657,0.442845257903486,33.31064224243164,33.31064224243164,923,278
2026-03-28T05:51:46.915381,1158,9.96454119682312,595,653.4999999999978,678,678,False,death,0,0,0,0,0,0,21.401515151515152,1.0983193277310888,32.20813751220703,32.20813751220703,456,138
2026-03-28T05:51:53.065714,1159,5.196807861328125,307,248.1000000000008,282,282,False,death,0,0,0,0,0,0,8.901515151515152,0.8081433224755726,33.52256393432617,33.52256393432617,235,71
2026-03-28T05:52:18.131003,1160,22.185041666030884,1329,674.5999999999885,722,722,False,stuck_timeout,0,0,0,0,0,0,22.79040404040404,0.5075996990218123,33.93014144897461,33.93014144897461,1019,309
2026-03-28T05:52:27.847370,1161,8.700474739074707,517,41.64999999999969,104,104,False,stuck_timeout,0,0,0,0,0,0,3.2828282828282833,0.08056092843326826,34.49424362182617,34.49424362182617,396,120
2026-03-28T05:54:32.917555,1162,113.34448885917664,6803,489.0999999999335,722,722,False,stuck_timeout,0,0,0,0,0,0,22.79040404040404,0.0718947523151453,32.885562896728516,32.885562896728516,5216,1586
2026-03-28T05:54:59.107156,1163,23.135194063186646,1388,519.9999999999885,595,595,False,stuck_timeout,0,0,0,0,0,0,18.781565656565657,0.3746397694524413,33.959144592285156,33.959144592285156,1063,324
2026-03-28T05:55:27.222918,1164,24.949395179748535,1493,645.7999999999867,723,723,False,stuck_timeout,0,0,0,0,0,0,22.821969696969695,0.43255190890822953,34.387943267822266,34.387943267822266,1143,349
2026-03-28T05:55:34.679761,1165,6.485236167907715,386,252.80000000000044,292,292,False,death,0,0,0,0,0,0,9.217171717171716,0.6549222797927472,35.30768585205078,35.30768585205078,295,90
2026-03-28T05:56:03.952334,1166,26.00341558456421,1557,545.6999999999914,605,605,False,stuck_timeout,0,0,0,0,0,0,19.09722222222222,0.35048169556839526,34.26599884033203,34.26599884033203,1192,364
2026-03-28T05:56:13.764309,1167,8.757858514785767,525,177.95000000000084,217,217,False,death,0,0,0,0,0,0,6.849747474747475,0.33895238095238256,31.481298446655273,31.481298446655273,401,123
2026-03-28T05:56:27.954894,1168,12.949122190475464,779,199.00000000000003,263,263,False,death,0,0,0,0,0,0,8.301767676767676,0.2554557124518614,31.38704490661621,31.38704490661621,596,182
2026-03-28T05:57:01.594587,1169,29.707031965255737,1784,515.5499999999861,595,595,False,stuck_timeout,0,0,0,0,0,0,18.781565656565657,0.2889854260089608,33.5688591003418,33.5688591003418,1365,418
2026-03-28T05:57:22.294397,1170,18.18348979949951,1087,551.199999999994,602,602,False,stuck_timeout,0,0,0,0,0,0,19.002525252525253,0.5070837166513285,31.351848602294922,31.351848602294922,831,255
2026-03-28T05:57:43.706351,1171,18.868566513061523,1131,810.999999999991,836,836,False,death,0,0,0,0,0,0,26.38888888888889,0.7170645446507437,33.81173324584961,33.81173324584961,864,266
2026-03-28T05:57:48.716293,1172,4.160973310470581,247,268.7500000000006,303,303,False,death,0,0,0,0,0,0,9.56439393939394,1.0880566801619458,32.25972366333008,32.25972366333008,188,58
2026-03-28T05:58:24.855496,1173,32.11796736717224,1926,643.3999999999832,722,722,False,stuck_timeout,0,0,0,0,0,0,22.79040404040404,0.3340602284527431,32.206233978271484,32.206233978271484,1471,454
2026-03-28T05:58:55.520228,1174,27.19274067878723,1633,669.1499999999887,723,723,False,stuck_timeout,0,0,0,0,0,0,22.821969696969695,0.4097672994488602,32.25127029418945,32.25127029418945,1247,385
2026-03-28T05:59:24.437387,1175,25.527896642684937,1533,524.4499999999878,595,595,False,stuck_timeout,0,0,0,0,0,0,18.781565656565657,0.3421069797782047,33.717533111572266,33.717533111572266,1170,362
2026-03-28T05:59:34.493277,1176,9.002134323120117,539,234.70000000000033,270,270,False,death,0,0,0,0,0,0,8.522727272727272,0.43543599257885035,34.27900695800781,34.27900695800781,411,127
2026-03-28T05:59:59.752978,1177,22.302379846572876,1336,671.4999999999882,723,723,False,stuck_timeout,0,0,0,0,0,0,22.821969696969695,0.5026197604790331,30.05670738220215,30.05670738220215,1019,316
2026-03-28T06:00:23.480262,1178,20.966127157211304,1257,660.6499999999972,685,685,False,death,0,0,0,0,0,0,21.622474747474747,0.5255767700875078,34.53392028808594,34.53392028808594,958,298
2026-03-28T06:00:28.881402,1179,4.4990057945251465,266,266.9500000000004,304,304,False,death,0,0,0,0,0,0,9.595959595959595,1.0035714285714301,33.26319885253906,33.26319885253906,202,63
2026-03-28T06:00:33.574836,1180,3.6070730686187744,213,259.0000000000005,292,292,False,death,0,0,0,0,0,0,9.217171717171716,1.2159624413145564,33.67572021484375,33.67572021484375,162,50
2026-03-28T06:00:43.841401,1181,8.768156051635742,523,673.7999999999968,697,697,False,death,0,0,0,0,0,0,22.001262626262626,1.2883365200764756,34.864864349365234,34.864864349365234,398,124
2026-03-28T06:01:00.334056,1182,15.200507402420044,913,544.3999999999926,594,594,False,stuck_timeout,0,0,0,0,0,0,18.75,0.5962760131434749,35.54091262817383,35.54091262817383,695,217
2026-03-28T06:01:19.207441,1183,17.496264696121216,1049,529.4999999999928,594,594,False,stuck_timeout,0,0,0,0,0,0,18.75,0.5047664442325956,33.60578918457031,33.60578918457031,799,249
2026-03-28T06:01:36.309801,1184,14.824615716934204,887,547.1499999999937,595,595,False,stuck_timeout,0,0,0,0,0,0,18.781565656565657,0.6168545659526423,31.47692108154297,31.47692108154297,675,211
2026-03-28T06:02:06.885918,1185,27.160354614257812,1629,543.5999999999902,602,602,False,stuck_timeout,0,0,0,0,0,0,19.002525252525253,0.33370165745855757,33.1993522644043,33.1993522644043,1239,389
2026-03-28T06:02:28.586039,1186,19.0066397190094,1142,661.949999999984,723,723,False,stuck_timeout,0,0,0,0,0,0,22.821969696969695,0.5796409807355377,34.092994689941406,34.092994689941406,868,273
2026-03-28T06:02:48.105752,1187,17.15963125228882,1029,530.84999999999,598,598,False,stuck_timeout,0,0,0,0,0,0,18.876262626262626,0.5158892128279786,33.4797248840332,33.4797248840332,782,246
2026-03-28T06:02:53.913028,1188,4.931985378265381,296,218.3500000000003,252,252,False,death,0,0,0,0,0,0,7.954545454545454,0.73766891891892,34.066802978515625,34.066802978515625,225,70
2026-03-28T06:03:03.859064,1189,8.910635709762573,530,217.45000000000073,253,253,False,death,0,0,0,0,0,0,7.986111111111111,0.4102830188679259,33.34425735473633,33.34425735473633,402,127
2026-03-28T06:03:24.087236,1190,17.689774990081787,1062,541.9999999999942,595,595,False,stuck_timeout,0,0,0,0,0,0,18.781565656565657,0.5103578154425558,32.879058837890625,32.879058837890625,807,254
2026-03-28T06:03:35.697985,1191,10.508145570755005,632,215.90000000000043,263,263,False,death,0,0,0,0,0,0,8.301767676767676,0.3416139240506336,33.194862365722656,33.194862365722656,480,151
2026-03-28T06:03:41.053196,1192,4.481443166732788,264,258.15000000000043,292,292,False,death,0,0,0,0,0,0,9.217171717171716,0.9778409090909107,34.19862747192383,34.19862747192383,200,63
2026-03-28T06:04:07.692591,1193,23.54652166366577,1403,516.9999999999858,595,595,False,stuck_timeout,0,0,0,0,0,0,18.781565656565657,0.36849607982892785,31.609588623046875,31.609588623046875,1065,337
2026-03-28T06:04:49.959556,1194,37.747085094451904,2265,815.599999999969,899,899,False,stuck_timeout,0,0,0,0,0,0,28.377525252525253,0.36008830022073685,33.17536926269531,33.17536926269531,1719,545
2026-03-28T06:05:10.475570,1195,17.910112857818604,1076,511.2999999999864,595,595,False,stuck_timeout,0,0,0,0,0,0,18.781565656565657,0.47518587360593534,31.77760887145996,31.77760887145996,816,259
2026-03-28T06:05:35.784629,1196,22.34667658805847,1337,654.0499999999851,723,723,False,stuck_timeout,0,0,0,0,0,0,22.821969696969695,0.4891922213911631,33.85047912597656,33.85047912597656,1013,323
2026-03-28T06:06:01.916856,1197,23.13254976272583,1386,666.8499999999875,723,723,False,stuck_timeout,0,0,0,0,0,0,22.821969696969695,0.48113275613274714,32.760231018066406,32.760231018066406,1050,335
2026-03-28T06:06:15.323329,1198,12.262799978256226,730,547.6999999999954,594,594,False,stuck_timeout,0,0,0,0,0,0,18.75,0.7502739726027334,31.248149871826172,31.248149871826172,553,176
2026-03-28T06:06:28.536354,1199,11.382364988327026,682,671.7999999999912,724,724,False,stuck_timeout,0,0,0,0,0,0,22.853535353535353,0.9850439882697818,33.74528503417969,33.74528503417969,516,165
2026-03-28T06:06:48.586317,1200,17.523581504821777,1049,539.5999999999918,594,594,False,stuck_timeout,0,0,0,0,0,0,18.75,0.5143946615824517,32.536956787109375,32.536956787109375,794,254
2026-03-28T06:07:18.084564,1201,26.137439727783203,1569,616.3999999999874,672,672,False,death,0,0,0,0,0,0,21.21212121212121,0.39286169534734694,33.92058563232422,33.92058563232422,1187,381
2026-03-28T06:07:24.184462,1202,5.100614547729492,302,-25.450000000000003,40,40,False,stuck_timeout,0,0,0,0,0,0,1.2626262626262625,-0.08427152317880796,32.42021942138672,32.42021942138672,228,73
2026-03-28T06:07:52.851042,1203,25.39822006225586,1524,661.2499999999857,723,723,False,stuck_timeout,0,0,0,0,0,0,22.821969696969695,0.43389107611547617,32.30057907104492,32.30057907104492,1152,371
2026-03-28T06:07:56.825302,1204,3.179879903793335,186,268.80000000000047,303,303,False,death,0,0,0,0,0,0,9.56439393939394,1.4451612903225832,32.4202880859375,32.4202880859375,140,45
2026-03-28T06:08:29.248506,1205,30.474719047546387,1827,520.0499999999844,594,594,False,stuck_timeout,0,0,0,0,0,0,18.75,0.2846469622331606,32.33993911743164,32.33993911743164,1382,444
2026-03-28T06:09:10.446625,1206,36.742324113845825,2204,613.9999999999832,723,723,False,stuck_timeout,0,0,0,0,0,0,22.821969696969695,0.2785843920145114,33.72113800048828,33.72113800048828,1666,537
2026-03-28T06:09:37.488032,1207,23.870344161987305,1430,541.0999999999935,595,595,False,stuck_timeout,0,0,0,0,0,0,18.781565656565657,0.37839160839160385,32.10450744628906,32.10450744628906,1080,349
2026-03-28T06:09:42.322908,1208,4.0275654792785645,237,262.5000000000005,295,295,False,death,0,0,0,0,0,0,9.311868686868687,1.1075949367088629,32.30234909057617,32.30234909057617,179,57
2026-03-28T06:09:50.278809,1209,7.019531965255737,418,257.60000000000065,292,292,False,death,0,0,0,0,0,0,9.217171717171716,0.6162679425837336,32.555702209472656,32.555702209472656,315,102
2026-03-28T06:10:03.257738,1210,11.847024202346802,706,389.8499999999968,445,445,False,stuck_timeout,0,0,0,0,0,0,14.046717171717171,0.5521954674220918,35.473724365234375,35.473724365234375,533,172
2026-03-28T06:10:33.496406,1211,26.821103811264038,1605,651.9999999999887,723,723,False,stuck_timeout,0,0,0,0,0,0,22.821969696969695,0.40623052959500855,31.14315414428711,31.14315414428711,1212,392
2026-03-28T06:10:46.387515,1212,11.01301121711731,657,642.0499999999981,667,667,False,death,0,0,0,0,0,0,21.054292929292927,0.9772450532724477,34.47626495361328,34.47626495361328,496,160
2026-03-28T06:11:09.787951,1213,20.676456451416016,1239,517.249999999986,596,596,False,stuck_timeout,0,0,0,0,0,0,18.81313131313131,0.4174737691686731,34.27568435668945,34.27568435668945,934,304
2026-03-28T06:11:18.047866,1214,7.318361043930054,439,257.70000000000067,296,296,False,death,0,0,0,0,0,0,9.343434343434344,0.5870159453302977,32.52504348754883,32.52504348754883,331,107
2026-03-28T06:11:24.929601,1215,5.903419017791748,354,250.40000000000063,291,291,False,death,0,0,0,0,0,0,9.18560606060606,0.7073446327683633,34.317657470703125,34.317657470703125,267,86
2026-03-28T06:11:50.328932,1216,22.316646575927734,1336,657.8999999999829,723,723,False,stuck_timeout,0,0,0,0,0,0,22.821969696969695,0.49244011976046626,33.620323181152344,33.620323181152344,1007,328
2026-03-28T06:12:12.297231,1217,20.406363487243652,1224,545.7499999999944,594,594,False,stuck_timeout,0,0,0,0,0,0,18.75,0.4458741830065314,34.04600524902344,34.04600524902344,923,300
2026-03-28T06:13:07.308538,1218,49.461731910705566,2969,595.8999999999622,722,722,False,stuck_timeout,0,0,0,0,0,0,22.79040404040404,0.2007073088581887,34.57939147949219,34.57939147949219,2238,730
2026-03-28T06:13:48.530021,1219,36.79783010482788,2211,811.0999999999708,899,899,False,stuck_timeout,0,0,0,0,0,0,28.377525252525253,0.3668475802804029,32.687294006347656,32.687294006347656,1665,545
2026-03-28T06:14:32.032949,1220,38.95962476730347,2341,825.2499999999761,898,898,False,stuck_timeout,0,0,0,0,0,0,28.345959595959595,0.3525202904741461,32.4945068359375,32.4945068359375,1762,578
2026-03-28T06:14:39.120498,1221,6.1671836376190186,367,231.50000000000057,265,265,False,death,0,0,0,0,0,0,8.36489898989899,0.6307901907356964,32.5822639465332,32.5822639465332,276,90
2026-03-28T06:15:36.091776,1222,51.24023222923279,3073,591.9499999999621,723,723,False,stuck_timeout,0,0,0,0,0,0,22.821969696969695,0.1926293524243287,33.55064392089844,33.55064392089844,2313,759
2026-03-28T06:15:53.469932,1223,15.971666097640991,956,534.549999999992,594,594,False,stuck_timeout,0,0,0,0,0,0,18.75,0.5591527196652636,31.000455856323242,31.000455856323242,719,236
2026-03-28T06:16:04.249924,1224,9.68586254119873,582,205.4500000000007,238,238,False,death,0,0,0,0,0,0,7.512626262626262,0.35300687285223487,32.125770568847656,32.125770568847656,438,143
2026-03-28T06:16:28.970835,1225,23.130088806152344,1385,513.0499999999905,594,594,False,stuck_timeout,0,0,0,0,0,0,18.75,0.37043321299638304,31.798171997070312,31.798171997070312,1042,342
2026-03-28T06:16:49.881055,1226,18.315470933914185,1097,656.349999999989,722,722,False,stuck_timeout,0,0,0,0,0,0,22.79040404040404,0.598313582497711,31.912155151367188,31.912155151367188,825,271
2026-03-28T06:17:11.640316,1227,20.245782613754272,1215,520.2999999999925,594,594,False,stuck_timeout,0,0,0,0,0,0,18.75,0.4282304526748909,33.85474395751953,33.85474395751953,914,300
2026-03-28T06:17:15.766161,1228,3.315232515335083,197,267.95000000000033,302,302,False,death,0,0,0,0,0,0,9.532828282828284,1.360152284263961,33.58307647705078,33.58307647705078,148,48
2026-03-28T06:17:37.777421,1229,19.248294830322266,1153,536.2999999999923,595,595,False,stuck_timeout,0,0,0,0,0,0,18.781565656565657,0.4651344319167323,33.288597106933594,33.288597106933594,867,285
2026-03-28T06:17:46.531056,1230,7.696799993515015,461,198.3000000000011,242,242,False,death,0,0,0,0,0,0,7.638888888888889,0.43015184381778976,33.787837982177734,33.787837982177734,346,114
2026-03-28T06:17:54.452369,1231,6.896885633468628,408,233.70000000000044,268,268,False,death,0,0,0,0,0,0,8.45959595959596,0.5727941176470599,32.51884460449219,32.51884460449219,306,101
2026-03-28T06:18:14.947525,1232,18.998827934265137,1139,522.5999999999889,594,594,False,stuck_timeout,0,0,0,0,0,0,18.75,0.45882352941175497,33.02271270751953,33.02271270751953,856,282
2026-03-28T06:18:47.098154,1233,28.65356707572937,1722,513.249999999984,596,596,False,stuck_timeout,0,0,0,0,0,0,18.81313131313131,0.2980545876887247,32.61357498168945,32.61357498168945,1294,427
2026-03-28T06:19:17.619486,1234,28.67669701576233,1722,502.6499999999847,594,594,False,stuck_timeout,0,0,0,0,0,0,18.75,0.2918989547038239,33.169960021972656,33.169960021972656,1294,427
2026-03-28T06:19:42.988300,1235,22.358240604400635,1341,548.9999999999936,596,596,False,stuck_timeout,0,0,0,0,0,0,18.81313131313131,0.40939597315435766,32.43318176269531,32.43318176269531,1007,333
2026-03-28T06:20:04.075062,1236,18.466387033462524,1104,516.4499999999855,595,595,False,stuck_timeout,0,0,0,0,0,0,18.781565656565657,0.4677989130434651,32.85161590576172,32.85161590576172,828,275
2026-03-28T06:20:17.441194,1237,12.093703031539917,727,186.45000000000013,240,240,False,death,0,0,0,0,0,0,7.575757575757576,0.25646492434663015,31.93899154663086,31.93899154663086,545,181
2026-03-28T06:20:23.368445,1238,5.037200212478638,302,-24.850000000000037,40,40,False,stuck_timeout,0,0,0,0,0,0,1.2626262626262625,-0.08228476821192066,32.47303009033203,32.47303009033203,226,75
2026-03-28T06:20:28.565755,1239,4.376485347747803,257,251.9500000000006,286,286,False,death,0,0,0,0,0,0,9.027777777777777,0.9803501945525316,31.38210105895996,31.38210105895996,192,64
2026-03-28T06:20:44.701617,1240,14.062434673309326,841,687.7999999999962,722,722,False,death,0,0,0,0,0,0,22.79040404040404,0.8178359096313866,30.272659301757812,30.272659301757812,631,209
2026-03-28T06:21:05.215254,1241,17.870612859725952,1073,676.699999999994,722,722,False,death,0,0,0,0,0,0,22.79040404040404,0.630661696178932,32.906089782714844,32.906089782714844,804,268
2026-03-28T06:21:10.045014,1242,3.927617311477661,237,243.00000000000054,277,277,False,death,0,0,0,0,0,0,8.743686868686869,1.0253164556962049,32.27987289428711,32.27987289428711,177,59
2026-03-28T06:21:31.738109,1243,19.029667377471924,1143,533.2499999999897,596,596,False,stuck_timeout,0,0,0,0,0,0,18.81313131313131,0.4665354330708571,32.92484664916992,32.92484664916992,856,286
2026-03-28T06:21:41.510903,1244,8.720595836639404,519,161.7000000000009,212,212,False,death,0,0,0,0,0,0,6.691919191919192,0.3115606936416202,32.32505798339844,32.32505798339844,389,129
2026-03-28T06:21:51.696213,1245,9.111371755599976,545,239.3500000000006,280,280,False,death,0,0,0,0,0,0,8.83838383838384,0.4391743119266066,32.71700668334961,32.71700668334961,408,136
2026-03-28T06:22:08.048150,1246,14.161279201507568,851,536.8499999999942,595,595,False,stuck_timeout,0,0,0,0,0,0,18.781565656565657,0.6308460634547524,35.32900619506836,35.32900619506836,637,213
2026-03-28T06:22:29.280771,1247,18.691302061080933,1120,548.7999999999947,595,595,False,stuck_timeout,0,0,0,0,0,0,18.781565656565657,0.4899999999999953,31.281627655029297,31.281627655029297,838,281
2026-03-28T06:22:53.957528,1248,21.675647735595703,1301,516.8499999999864,595,595,False,stuck_timeout,0,0,0,0,0,0,18.781565656565657,0.3972713297463385,33.60226058959961,33.60226058959961,973,327
2026-03-28T06:23:56.399452,1249,55.96583437919617,3356,560.0999999999651,722,722,False,stuck_timeout,0,0,0,0,0,0,22.79040404040404,0.16689511323002537,32.81404113769531,32.81404113769531,2510,845
2026-03-28T06:24:23.659062,1250,23.95993947982788,1439,807.2999999999943,844,844,False,death,0,0,0,0,0,0,26.641414141414145,0.5610145934676819,32.454158782958984,32.454158782958984,1076,362
2026-03-28T06:24:29.041134,1251,4.522022008895874,271,258.2500000000005,292,292,False,death,0,0,0,0,0,0,9.217171717171716,0.9529520295202971,31.98293685913086,31.98293685913086,202,68
2026-03-28T06:24:34.019906,1252,4.0739426612854,244,257.1000000000005,290,290,False,death,0,0,0,0,0,0,9.154040404040405,1.053688524590166,35.34906768798828,35.34906768798828,182,61
2026-03-28T06:24:38.134554,1253,3.2761073112487793,194,272.3000000000005,307,307,False,death,0,0,0,0,0,0,9.690656565656566,1.4036082474226832,30.306386947631836,30.306386947631836,145,48
2026-03-28T06:24:46.974483,1254,7.770998954772949,463,249.75000000000045,291,291,False,death,0,0,0,0,0,0,9.18560606060606,0.5394168466522689,30.743667602539062,30.743667602539062,346,116
2026-03-28T06:25:05.152892,1255,16.71548318862915,1004,534.0499999999961,594,594,False,stuck_timeout,0,0,0,0,0,0,18.75,0.5319223107569682,33.205745697021484,33.205745697021484,750,253
2026-03-28T06:25:33.922433,1256,25.53109908103943,1529,511.39999999999753,595,595,False,stuck_timeout,0,0,0,0,0,0,18.781565656565657,0.3344669718770422,32.20380401611328,32.20380401611328,1142,386
2026-03-28T06:25:59.058660,1257,22.334742069244385,1339,516.9499999999871,595,595,False,stuck_timeout,0,0,0,0,0,0,18.781565656565657,0.38607169529498664,31.43062400817871,31.43062400817871,1000,338
2026-03-28T06:26:37.018694,1258,33.89319157600403,2031,832.8999999999767,883,883,False,death,0,0,0,0,0,0,27.872474747474747,0.4100935499753701,31.999547958374023,31.999547958374023,1516,514
2026-03-28T06:26:53.332142,1259,14.141191720962524,844,539.8499999999933,595,595,False,stuck_timeout,0,0,0,0,0,0,18.781565656565657,0.6396327014217931,31.751983642578125,31.751983642578125,629,214
2026-03-28T06:27:10.232272,1260,14.672398567199707,877,670.4499999999887,722,722,False,stuck_timeout,0,0,0,0,0,0,22.79040404040404,0.7644811858608764,32.29545593261719,32.29545593261719,654,222
2026-03-28T06:27:36.845670,1261,24.96621584892273,1497,514.999999999992,594,594,False,stuck_timeout,0,0,0,0,0,0,18.75,0.34402137608549904,32.70607376098633,32.70607376098633,1116,380
2026-03-28T06:28:01.906211,1262,23.389755249023438,1401,525.8499999999921,594,594,False,stuck_timeout,0,0,0,0,0,0,18.75,0.37533904354032266,33.49633026123047,33.49633026123047,1045,355
2026-03-28T06:28:25.955273,1263,21.234402418136597,1271,531.1999999999935,595,595,False,stuck_timeout,0,0,0,0,0,0,18.781565656565657,0.4179386309992081,31.701574325561523,31.701574325561523,947,323
2026-03-28T06:28:46.137340,1264,18.6876962184906,1120,381.5499999999979,435,435,False,stuck_timeout,0,0,0,0,0,0,13.731060606060606,0.34066964285714096,32.89531326293945,32.89531326293945,835,284
2026-03-28T06:29:12.971569,1265,23.679213523864746,1420,834.3999999999724,898,898,False,stuck_timeout,0,0,0,0,0,0,28.345959595959595,0.5876056338027974,32.99989318847656,32.99989318847656,1058,361
2026-03-28T06:29:30.695677,1266,15.520910501480103,930,689.0499999999969,722,722,False,death,0,0,0,0,0,0,22.79040404040404,0.7409139784946203,33.346466064453125,33.346466064453125,692,237
2026-03-28T06:30:04.692932,1267,30.312201023101807,1822,781.3999999999825,835,835,False,stuck_timeout,0,0,0,0,0,0,26.357323232323232,0.42886937431393113,34.49505615234375,34.49505615234375,1356,465
2026-03-28T06:30:13.064640,1268,7.3757734298706055,443,232.40000000000038,272,272,False,death,0,0,0,0,0,0,8.585858585858585,0.5246049661399557,31.37392807006836,31.37392807006836,329,113
2026-03-28T06:30:26.035128,1269,11.089335203170776,661,538.2499999999951,595,595,False,stuck_timeout,0,0,0,0,0,0,18.781565656565657,0.8142965204235932,34.161590576171875,34.161590576171875,491,169
2026-03-28T06:30:39.016201,1270,11.77819538116455,704,380.3499999999987,435,435,False,stuck_timeout,0,0,0,0,0,0,13.731060606060606,0.5402698863636345,30.30959701538086,30.30959701538086,523,180
2026-03-28T06:30:43.721768,1271,3.8090386390686035,227,273.95000000000033,308,308,False,death,0,0,0,0,0,0,9.722222222222223,1.2068281938326006,33.86111068725586,33.86111068725586,168,58
2026-03-28T06:30:47.846667,1272,3.263124465942383,196,271.00000000000006,307,307,False,death,0,0,0,0,0,0,9.690656565656566,1.38265306122449,32.39537811279297,32.39537811279297,145,50
2026-03-28T06:30:54.640324,1273,5.915416240692139,351,-10.549999999999951,56,56,False,stuck_timeout,0,0,0,0,0,0,1.7676767676767675,-0.030056980056979918,31.282737731933594,31.282737731933594,261,89
2026-03-28T06:31:13.486987,1274,17.503997564315796,1049,375.849999999997,436,436,False,stuck_timeout,0,0,0,0,0,0,13.762626262626263,0.35829361296472545,32.55867385864258,32.55867385864258,780,268
2026-03-28T06:31:18.921305,1275,4.502814769744873,270,254.8000000000006,287,287,False,death,0,0,0,0,0,0,9.059343434343434,0.9437037037037059,29.250091552734375,29.250091552734375,200,69
2026-03-28T06:31:23.473066,1276,3.7195889949798584,217,263.50000000000045,297,297,False,death,0,0,0,0,0,0,9.375,1.2142857142857164,32.463768005371094,32.463768005371094,161,55
2026-03-28T06:31:32.260772,1277,7.764434576034546,465,168.60000000000036,205,205,False,death,0,0,0,0,0,0,6.470959595959595,0.3625806451612911,32.71274948120117,32.71274948120117,346,118
2026-03-28T06:32:09.828539,1278,33.46895480155945,2007,849.1499999999784,899,899,False,death,0,0,0,0,0,0,28.377525252525253,0.42309417040357666,32.99318313598633,32.99318313598633,1492,514
2026-03-28T06:32:17.217802,1279,6.435142755508423,387,227.45000000000022,262,262,False,death,0,0,0,0,0,0,8.27020202020202,0.587726098191215,31.996335983276367,31.996335983276367,287,99
2026-03-28T06:32:22.873078,1280,4.481020450592041,265,261.40000000000026,295,295,False,death,0,0,0,0,0,0,9.311868686868687,0.9864150943396236,31.774185180664062,31.774185180664062,196,68
2026-03-28T06:32:42.946118,1281,17.563910245895386,1053,540.0499999999944,595,595,False,stuck_timeout,0,0,0,0,0,0,18.781565656565657,0.5128679962013242,32.692420959472656,32.692420959472656,782,270
2026-03-28T06:33:09.437674,1282,23.29828906059265,1397,538.8999999999925,595,595,False,stuck_timeout,0,0,0,0,0,0,18.781565656565657,0.3857551896921922,30.908727645874023,30.908727645874023,1037,359
2026-03-28T06:33:21.128574,1283,10.035798072814941,598,640.3499999999968,668,668,False,death,0,0,0,0,0,0,21.085858585858585,1.0708193979933058,32.986717224121094,32.986717224121094,443,154
2026-03-28T06:33:50.844530,1284,26.237867832183838,1573,790.4499999999919,819,819,False,death,0,0,0,0,0,0,25.85227272727273,0.5025111252383928,31.915599822998047,31.915599822998047,1166,406
2026-03-28T06:34:05.111518,1285,12.319882154464722,736,544.149999999995,595,595,False,stuck_timeout,0,0,0,0,0,0,18.781565656565657,0.739334239130428,33.08115768432617,33.08115768432617,545,190
2026-03-28T06:34:31.917546,1286,23.606715440750122,1419,665.9999999999837,723,723,False,stuck_timeout,0,0,0,0,0,0,22.821969696969695,0.46934460887948115,31.61758804321289,31.61758804321289,1051,367
2026-03-28T06:35:03.988763,1287,28.65190577507019,1721,865.0499999999879,898,898,False,death,0,0,0,0,0,0,28.345959595959595,0.502643811737355,30.251232147216797,30.251232147216797,1274,446
2026-03-28T06:35:10.547841,1288,5.673513412475586,339,221.0500000000005,253,253,False,death,0,0,0,0,0,0,7.986111111111111,0.6520648967551637,31.914127349853516,31.914127349853516,251,87
2026-03-28T06:35:16.909337,1289,5.446155309677124,325,237.40000000000043,273,273,False,death,0,0,0,0,0,0,8.617424242424242,0.7304615384615398,32.91032409667969,32.91032409667969,240,84
2026-03-28T06:35:47.023998,1290,26.4698543548584,1587,753.499999999984,810,810,False,death,0,0,0,0,0,0,25.568181818181817,0.47479521109009704,32.83650588989258,32.83650588989258,1175,411
2026-03-28T06:36:33.054703,1291,41.304866552352905,2480,636.7499999999749,722,722,False,stuck_timeout,0,0,0,0,0,0,22.79040404040404,0.2567540322580544,32.447349548339844,32.447349548339844,1835,644
2026-03-28T06:36:56.074774,1292,20.279393911361694,1213,662.7999999999873,722,722,False,death,0,0,0,0,0,0,22.79040404040404,0.5464138499587694,30.994421005249023,30.994421005249023,897,315
2026-03-28T06:37:22.970957,1293,23.877877473831177,1433,659.9999999999844,723,723,False,stuck_timeout,0,0,0,0,0,0,22.821969696969695,0.46057222609908194,31.562114715576172,31.562114715576172,1059,373
2026-03-28T06:37:36.390206,1294,11.61486005783081,695,560.0499999999932,608,608,False,stuck_timeout,0,0,0,0,0,0,19.19191919191919,0.8058273381294867,33.186431884765625,33.186431884765625,513,181
2026-03-28T06:38:21.517835,1295,40.390912771224976,2426,844.44999999998,898,898,False,death,0,0,0,0,0,0,28.345959595959595,0.3480832646331327,33.132843017578125,33.132843017578125,1791,634
2026-03-28T06:38:45.557013,1296,21.196695566177368,1274,527.5999999999939,595,595,False,stuck_timeout,0,0,0,0,0,0,18.781565656565657,0.4141287284144379,32.30359649658203,32.30359649658203,940,333
2026-03-28T06:39:12.158124,1297,23.531718730926514,1411,665.1499999999868,723,723,False,stuck_timeout,0,0,0,0,0,0,22.821969696969695,0.4714032600992111,30.522123336791992,30.522123336791992,1041,369
2026-03-28T06:39:19.228346,1298,6.061737537384033,363,210.3000000000006,244,244,False,death,0,0,0,0,0,0,7.7020202020202015,0.5793388429752083,31.71954345703125,31.71954345703125,267,95
2026-03-28T06:39:24.142051,1299,4.033992528915405,242,258.35000000000065,291,291,False,death,0,0,0,0,0,0,9.18560606060606,1.067561983471077,32.30430603027344,32.30430603027344,178,63
2026-03-28T06:39:32.145995,1300,6.544280052185059,391,231.45000000000059,274,274,False,death,0,0,0,0,0,0,8.6489898989899,0.5919437340153467,33.81794357299805,33.81794357299805,288,102
2026-03-28T06:39:50.900264,1301,17.323720693588257,1039,472.4499999999976,531,531,False,stuck_timeout,0,0,0,0,0,0,16.761363636363637,0.45471607314725465,34.09413146972656,34.09413146972656,766,272
2026-03-28T06:40:06.041999,1302,13.035286903381348,785,538.9499999999939,595,595,False,stuck_timeout,0,0,0,0,0,0,18.781565656565657,0.6865605095541324,32.67089080810547,32.67089080810547,578,206
2026-03-28T06:40:24.500853,1303,16.133836030960083,967,648.3999999999912,690,690,False,death,0,0,0,0,0,0,21.78030303030303,0.6705274043433208,31.55556869506836,31.55556869506836,712,254
2026-03-28T06:40:38.454457,1304,12.701794624328613,762,382.4999999999995,436,436,False,stuck_timeout,0,0,0,0,0,0,13.762626262626263,0.5019685039370072,30.916763305664062,30.916763305664062,561,200
2026-03-28T06:40:45.244367,1305,5.827702283859253,345,261.5500000000004,295,295,False,death,0,0,0,0,0,0,9.311868686868687,0.7581159420289867,32.7626953125,32.7626953125,254,90
2026-03-28T06:41:02.998033,1306,15.488929033279419,924,674.8499999999913,722,722,False,stuck_timeout,0,0,0,0,0,0,22.79040404040404,0.7303571428571334,31.605192184448242,31.605192184448242,680,243
2026-03-28T06:41:11.888003,1307,7.871973752975464,469,203.45000000000087,244,244,False,death,0,0,0,0,0,0,7.7020202020202015,0.43379530916844533,30.39576530456543,30.39576530456543,345,123
2026-03-28T06:41:17.357918,1308,4.569540739059448,275,243.65000000000035,278,278,False,death,0,0,0,0,0,0,8.775252525252524,0.8860000000000012,33.087669372558594,33.087669372558594,202,72
2026-03-28T06:41:23.972534,1309,5.637906789779663,339,238.00000000000074,270,270,False,death,0,0,0,0,0,0,8.522727272727272,0.7020648967551644,31.112823486328125,31.112823486328125,249,89
2026-03-28T06:41:54.538547,1310,27.029260635375977,1624,507.64999999998906,595,595,False,stuck_timeout,0,0,0,0,0,0,18.781565656565657,0.31259236453201295,34.81569290161133,34.81569290161133,1195,428
2026-03-28T06:42:25.832884,1311,27.843502521514893,1672,826.8499999999789,898,898,False,stuck_timeout,0,0,0,0,0,0,28.345959595959595,0.49452751196170985,31.02682113647461,31.02682113647461,1229,442
2026-03-28T06:43:27.881624,1312,55.94784116744995,3355,590.4999999999601,722,722,False,stuck_timeout,0,0,0,0,0,0,22.79040404040404,0.176005961251851,29.567119598388672,29.567119598388672,2466,888
2026-03-28T06:43:50.149233,1313,20.790303707122803,1243,524.5499999999903,594,594,False,stuck_timeout,0,0,0,0,0,0,18.75,0.42200321802090934,32.1182975769043,32.1182975769043,913,329
2026-03-28T06:44:01.501469,1314,10.1984281539917,610,381.19999999999783,435,435,False,stuck_timeout,0,0,0,0,0,0,13.731060606060606,0.6249180327868817,30.80898666381836,30.80898666381836,448,161
2026-03-28T06:44:18.046962,1315,14.405332088470459,862,546.4499999999952,595,595,False,stuck_timeout,0,0,0,0,0,0,18.781565656565657,0.6339327146171637,32.74272155761719,32.74272155761719,633,228
2026-03-28T06:44:45.282597,1316,24.090575456619263,1447,650.1499999999829,722,722,False,stuck_timeout,0,0,0,0,0,0,22.79040404040404,0.44930891499653275,30.09117889404297,30.09117889404297,1062,384
2026-03-28T06:44:59.531963,1317,12.244948387145996,732,541.1499999999937,595,595,False,stuck_timeout,0,0,0,0,0,0,18.781565656565657,0.7392759562841444,30.224380493164062,30.224380493164062,537,194
2026-03-28T06:45:20.376966,1318,18.3589129447937,1103,547.59999999999,609,609,False,stuck_timeout,0,0,0,0,0,0,19.223484848484848,0.4964641885766002,32.20703887939453,32.20703887939453,809,293
2026-03-28T06:45:51.682441,1319,27.673736095428467,1658,653.7999999999824,723,723,False,stuck_timeout,0,0,0,0,0,0,22.821969696969695,0.39433051869721497,34.70213317871094,34.70213317871094,1215,442
2026-03-28T06:46:27.951731,1320,32.33229470252991,1939,664.5999999999857,725,725,False,stuck_timeout,0,0,0,0,0,0,22.88510101010101,0.3427539969056141,32.15105438232422,32.15105438232422,1421,517
2026-03-28T06:46:33.001220,1321,4.147854804992676,249,263.85000000000036,297,297,False,death,0,0,0,0,0,0,9.375,1.059638554216869,31.32137680053711,31.32137680053711,182,66
2026-03-28T06:46:58.048353,1322,22.12526774406433,1326,533.8999999999919,595,595,False,stuck_timeout,0,0,0,0,0,0,18.781565656565657,0.4026395173453936,29.94269561767578,29.94269561767578,971,354
2026-03-28T06:47:04.046955,1323,5.094515323638916,302,-23.400000000000055,40,40,False,stuck_timeout,0,0,0,0,0,0,1.2626262626262625,-0.07748344370860946,33.36635971069336,33.36635971069336,221,80
2026-03-28T06:47:10.846419,1324,5.85698676109314,345,257.3000000000005,291,291,False,death,0,0,0,0,0,0,9.18560606060606,0.7457971014492769,32.31005859375,32.31005859375,252,92
2026-03-28T06:47:32.440003,1325,18.68025851249695,1123,676.6999999999896,723,723,False,stuck_timeout,0,0,0,0,0,0,22.821969696969695,0.6025823686553781,30.665428161621094,30.665428161621094,822,300
2026-03-28T06:47:44.884032,1326,10.558682441711426,633,677.849999999998,698,698,False,death,0,0,0,0,0,0,22.03282828282828,1.070853080568717,33.275142669677734,33.275142669677734,463,169
2026-03-28T06:48:15.655638,1327,27.46808171272278,1644,648.0999999999843,723,723,False,stuck_timeout,0,0,0,0,0,0,22.821969696969695,0.3942214111922046,32.83327865600586,32.83327865600586,1202,441
2026-03-28T06:48:54.630672,1328,34.75166845321655,2083,632.0999999999765,722,722,False,stuck_timeout,0,0,0,0,0,0,22.79040404040404,0.30345655304847646,30.214248657226562,30.214248657226562,1523,559
2026-03-28T06:49:16.186480,1329,18.94864797592163,1138,668.6499999999879,723,723,False,stuck_timeout,0,0,0,0,0,0,22.821969696969695,0.5875659050966502,32.34649658203125,32.34649658203125,831,306
2026-03-28T06:49:21.338737,1330,4.265005111694336,250,258.6500000000006,291,291,False,death,0,0,0,0,0,0,9.18560606060606,1.0346000000000024,31.83503532409668,31.83503532409668,182,67
2026-03-28T06:50:19.048752,1331,51.979793071746826,3122,1037.749999999966,1109,1109,False,death,0,0,0,0,0,0,35.006313131313135,0.3323991031390025,32.52874755859375,32.52874755859375,2280,841
2026-03-28T06:50:43.951246,1332,22.03274416923523,1321,874.1499999999912,898,898,False,death,0,0,0,0,0,0,28.345959595959595,0.661733535200599,31.604101181030273,31.604101181030273,964,356
2026-03-28T06:50:49.368189,1333,4.575278043746948,273,268.8500000000005,304,304,False,death,0,0,0,0,0,0,9.595959595959595,0.9847985347985365,32.5025749206543,32.5025749206543,199,73
2026-03-28T06:51:06.018481,1334,15.37687349319458,924,377.0499999999989,435,435,False,stuck_timeout,0,0,0,0,0,0,13.731060606060606,0.40806277056276935,33.426353454589844,33.426353454589844,674,249
2026-03-28T06:51:24.273547,1335,15.934598684310913,954,538.3999999999947,595,595,False,stuck_timeout,0,0,0,0,0,0,18.781565656565657,0.5643605870020909,32.879974365234375,32.879974365234375,696,257
2026-03-28T06:51:33.320637,1336,8.02450942993164,483,233.7000000000004,287,287,False,death,0,0,0,0,0,0,9.059343434343434,0.4838509316770194,30.130584716796875,30.130584716796875,352,130
2026-03-28T06:51:48.735660,1337,14.060641050338745,846,539.7999999999937,594,594,False,stuck_timeout,0,0,0,0,0,0,18.75,0.6380614657210327,32.536231994628906,32.536231994628906,617,228
2026-03-28T06:52:52.448065,1338,57.45188117027283,3443,1318.3499999999603,1404,1404,False,death,0,0,0,0,0,0,44.31818181818182,0.3829073482428,31.827224731445312,31.827224731445312,2511,931
2026-03-28T06:52:56.901729,1339,3.6524064540863037,218,260.70000000000044,296,296,False,death,0,0,0,0,0,0,9.343434343434344,1.1958715596330296,32.113643646240234,32.113643646240234,159,58
2026-03-28T06:53:13.544792,1340,14.486891508102417,869,537.4999999999937,594,594,False,stuck_timeout,0,0,0,0,0,0,18.75,0.6185270425776683,33.353172302246094,33.353172302246094,633,235
2026-03-28T06:53:59.738219,1341,41.46610355377197,2486,617.0499999999756,723,723,False,stuck_timeout,0,0,0,0,0,0,22.821969696969695,0.24820997586483332,32.27965545654297,32.27965545654297,1811,674
2026-03-28T06:54:06.750983,1342,6.02116847038269,361,243.2000000000007,277,277,False,death,0,0,0,0,0,0,8.743686868686869,0.6736842105263178,32.16726303100586,32.16726303100586,263,97
2026-03-28T06:54:12.519193,1343,4.8763933181762695,291,255.90000000000072,292,292,False,death,0,0,0,0,0,0,9.217171717171716,0.8793814432989715,32.74129104614258,32.74129104614258,212,78
2026-03-28T06:54:35.770000,1344,20.457180976867676,1228,678.39999999999,723,723,False,stuck_timeout,0,0,0,0,0,0,22.821969696969695,0.5524429967426628,32.978118896484375,32.978118896484375,894,333
2026-03-28T06:54:42.999400,1345,6.307856798171997,379,207.35000000000085,249,249,False,death,0,0,0,0,0,0,7.859848484848484,0.5470976253298175,31.007238388061523,31.007238388061523,276,102
2026-03-28T06:55:06.039603,1346,21.501827239990234,1290,524.9499999999929,594,594,False,stuck_timeout,0,0,0,0,0,0,18.75,0.4069379844961185,31.821990966796875,31.821990966796875,939,350
2026-03-28T06:55:24.003225,1347,16.65183734893799,997,535.8999999999937,594,594,False,stuck_timeout,0,0,0,0,0,0,18.75,0.5375125376128322,31.744247436523438,31.744247436523438,726,270
2026-03-28T06:55:47.690692,1348,20.802935123443604,1250,551.9999999999859,616,616,False,stuck_timeout,0,0,0,0,0,0,19.444444444444446,0.4415999999999887,32.05633544921875,32.05633544921875,909,340
2026-03-28T06:55:53.552099,1349,4.9817726612091064,298,224.80000000000047,259,259,False,death,0,0,0,0,0,0,8.175505050505052,0.7543624161073841,31.962539672851562,31.962539672851562,216,81
2026-03-28T06:56:21.071969,1350,24.337148189544678,1461,865.2499999999907,886,886,False,death,0,0,0,0,0,0,27.96717171717172,0.5922313483915063,30.844968795776367,30.844968795776367,1062,398
2026-03-28T06:56:30.836422,1351,8.707042694091797,518,249.8000000000002,304,304,False,death,0,0,0,0,0,0,9.595959595959595,0.4822393822393826,30.143905639648438,30.143905639648438,376,141
2026-03-28T06:56:41.460583,1352,9.528355836868286,572,246.85000000000022,295,295,False,death,0,0,0,0,0,0,9.311868686868687,0.43155594405594444,30.080581665039062,30.080581665039062,416,155
2026-03-28T06:56:54.149746,1353,10.754713296890259,645,661.5999999999989,687,687,False,death,0,0,0,0,0,0,21.685606060606062,1.0257364341085253,32.33978271484375,32.33978271484375,469,175
2026-03-28T06:57:03.879236,1354,8.733953475952148,523,227.5500000000004,267,267,False,death,0,0,0,0,0,0,8.428030303030303,0.43508604206501034,31.716550827026367,31.716550827026367,380,142
2026-03-28T06:57:19.134798,1355,13.151002645492554,788,538.499999999996,595,595,False,stuck_timeout,0,0,0,0,0,0,18.781565656565657,0.6833756345177614,31.9714412689209,31.9714412689209,572,215
2026-03-28T06:57:34.659483,1356,14.273123979568481,855,216.95000000000056,283,283,False,death,0,0,0,0,0,0,8.933080808080808,0.25374269005848016,32.79447937011719,32.79447937011719,621,233
2026-03-28T06:58:10.263977,1357,31.801236391067505,1908,496.9499999999766,595,595,False,stuck_timeout,0,0,0,0,0,0,18.781565656565657,0.26045597484275507,31.192975997924805,31.192975997924805,1386,521
2026-03-28T06:58:16.432085,1358,5.2089972496032715,309,216.0000000000003,250,250,False,death,0,0,0,0,0,0,7.891414141414141,0.6990291262135933,33.18574142456055,33.18574142456055,224,84
2026-03-28T06:58:33.167030,1359,15.411211252212524,925,540.0499999999936,594,594,False,stuck_timeout,0,0,0,0,0,0,18.75,0.5838378378378309,31.97176170349121,31.97176170349121,671,253
2026-03-28T06:59:01.030183,1360,24.6131432056427,1473,646.2499999999857,723,723,False,stuck_timeout,0,0,0,0,0,0,22.821969696969695,0.4387304820094947,28.954769134521484,28.954769134521484,1069,403
2026-03-28T06:59:22.321904,1361,18.594666004180908,1117,677.8499999999883,723,723,False,stuck_timeout,0,0,0,0,0,0,22.821969696969695,0.6068487018800254,31.047691345214844,31.047691345214844,810,306
2026-03-28T06:59:33.335924,1362,9.270782947540283,553,659.7499999999984,682,682,False,death,0,0,0,0,0,0,21.52777777777778,1.1930379746835413,31.09920883178711,31.09920883178711,401,151
2026-03-28T06:59:39.035774,1363,4.808633327484131,289,264.55000000000047,298,298,False,death,0,0,0,0,0,0,9.406565656565656,0.9153979238754342,30.688446044921875,30.688446044921875,209,79
2026-03-28T06:59:46.925910,1364,6.992155075073242,415,251.6000000000005,301,301,False,death,0,0,0,0,0,0,9.501262626262626,0.606265060240965,32.57099914550781,32.57099914550781,301,113
2026-03-28T06:59:51.544721,1365,3.7713165283203125,223,260.3000000000005,294,294,False,death,0,0,0,0,0,0,9.280303030303031,1.1672645739910337,30.501930236816406,30.501930236816406,161,61
2026-03-28T07:00:00.953328,1366,8.352375745773315,500,167.3000000000005,205,205,False,death,0,0,0,0,0,0,6.470959595959595,0.334600000000001,31.682022094726562,31.682022094726562,362,137
2026-03-28T07:00:24.011299,1367,20.269890308380127,1216,670.6999999999895,723,723,False,stuck_timeout,0,0,0,0,0,0,22.821969696969695,0.5515624999999913,30.832988739013672,30.832988739013672,881,334
2026-03-28T07:00:43.820808,1368,17.41401219367981,1042,541.999999999994,595,595,False,stuck_timeout,0,0,0,0,0,0,18.781565656565657,0.5201535508637178,31.62933921813965,31.62933921813965,755,286
2026-03-28T07:00:55.195725,1369,9.614262104034424,577,655.1499999999982,677,677,False,death,0,0,0,0,0,0,21.369949494949495,1.1354419410745202,33.48651885986328,33.48651885986328,417,159
2026-03-28T07:01:14.728730,1370,17.04755449295044,1026,536.6999999999895,595,595,False,stuck_timeout,0,0,0,0,0,0,18.781565656565657,0.5230994152046681,32.68053436279297,32.68053436279297,742,283
2026-03-28T07:01:39.971422,1371,22.27144503593445,1332,513.6999999999875,595,595,False,stuck_timeout,0,0,0,0,0,0,18.781565656565657,0.3856606606606513,31.277877807617188,31.277877807617188,963,368
2026-03-28T07:02:15.332185,1372,31.48100185394287,1889,554.5499999999824,666,666,False,death,0,0,0,0,0,0,21.022727272727273,0.29356802541026067,31.398427963256836,31.398427963256836,1366,522
2026-03-28T07:02:40.976532,1373,23.988810539245605,1440,502.19999999998225,594,594,False,stuck_timeout,0,0,0,0,0,0,18.75,0.3487499999999877,30.58026885986328,30.58026885986328,1041,398
2026-03-28T07:03:12.689305,1374,28.17094349861145,1692,1108.4999999999784,1134,1134,False,death,0,0,0,0,0,0,35.79545454545455,0.6551418439716185,31.14668846130371,31.14668846130371,1223,468
2026-03-28T07:03:21.976692,1375,7.831657648086548,465,650.1499999999982,679,679,False,death,0,0,0,0,0,0,21.43308080808081,1.3981720430107487,31.304235458374023,31.304235458374023,335,129
2026-03-28T07:03:56.632157,1376,31.0094735622406,1853,837.9999999999765,898,898,False,death,0,0,0,0,0,0,28.345959595959595,0.4522396114408939,33.284236907958984,33.284236907958984,1338,514
2026-03-28T07:04:21.936165,1377,22.295766830444336,1333,861.1499999999916,899,899,False,death,0,0,0,0,0,0,28.377525252525253,0.646024006001494,32.892513275146484,32.892513275146484,962,370
2026-03-28T07:04:36.525817,1378,12.570013523101807,754,540.0499999999943,595,595,False,stuck_timeout,0,0,0,0,0,0,18.781565656565657,0.7162466843501251,34.131282806396484,34.131282806396484,543,210
2026-03-28T07:04:45.870014,1379,8.299067497253418,495,243.3000000000012,307,307,False,stuck_timeout,0,0,0,0,0,0,9.690656565656566,0.49151515151515396,33.00108337402344,33.00108337402344,357,137
2026-03-28T07:05:10.211412,1380,21.4283607006073,1281,534.6499999999963,594,594,False,stuck_timeout,0,0,0,0,0,0,18.75,0.417369242779076,33.91877746582031,33.91877746582031,923,357
2026-03-28T07:06:01.098215,1381,45.643858909606934,2740,671.8999999999623,786,786,False,death,0,0,0,0,0,0,24.810606060606062,0.24521897810217605,32.132041931152344,32.132041931152344,1974,765
2026-03-28T07:06:20.254202,1382,16.652188062667847,996,670.5499999999943,705,705,False,death,0,0,0,0,0,0,22.25378787878788,0.6732429718875445,32.26182556152344,32.26182556152344,717,278
2026-03-28T07:06:27.379047,1383,6.181089401245117,369,258.2000000000005,291,291,False,death,0,0,0,0,0,0,9.18560606060606,0.6997289972899743,29.792125701904297,29.792125701904297,265,103
2026-03-28T07:06:31.074653,1384,2.91658616065979,172,268.8000000000005,304,304,False,death,0,0,0,0,0,0,9.595959595959595,1.5627906976744217,32.55137634277344,32.55137634277344,123,48
2026-03-28T07:06:45.994119,1385,12.861821413040161,773,647.5999999999981,672,672,False,death,0,0,0,0,0,0,21.21212121212121,0.837774902975418,31.727294921875,31.727294921875,556,216
2026-03-28T07:07:09.168946,1386,20.427897214889526,1226,520.8499999999865,595,595,False,stuck_timeout,0,0,0,0,0,0,18.781565656565657,0.424836867862958,32.719539642333984,32.719539642333984,882,343
2026-03-28T07:07:28.847786,1387,17.21605920791626,1032,536.9999999999905,595,595,False,stuck_timeout,0,0,0,0,0,0,18.781565656565657,0.520348837209293,30.996152877807617,30.996152877807617,742,289
2026-03-28T07:07:45.248001,1388,14.245899677276611,855,546.0999999999951,595,595,False,stuck_timeout,0,0,0,0,0,0,18.781565656565657,0.638713450292392,30.267669677734375,30.267669677734375,614,240
2026-03-28T07:08:16.297109,1389,27.71624994277954,1661,782.4999999999789,851,851,False,death,0,0,0,0,0,0,26.862373737373733,0.47110174593617027,32.03723907470703,32.03723907470703,1193,467
2026-03-28T07:08:54.385881,1390,34.00904822349548,2043,634.5499999999795,723,723,False,stuck_timeout,0,0,0,0,0,0,22.821969696969695,0.31059716103767965,30.9327392578125,30.9327392578125,1467,575
2026-03-28T07:09:14.051558,1391,17.19560170173645,1028,539.2499999999923,595,595,False,stuck_timeout,0,0,0,0,0,0,18.781565656565657,0.524562256809331,30.861547470092773,30.861547470092773,737,290
2026-03-28T07:10:05.584839,1392,46.312477111816406,2779,838.9999999999758,899,899,False,stuck_timeout,0,0,0,0,0,0,28.377525252525253,0.30190716084921765,31.902481079101562,31.902481079101562,1993,785
2026-03-28T07:10:10.102131,1393,3.654118299484253,215,254.20000000000053,287,287,False,death,0,0,0,0,0,0,9.059343434343434,1.1823255813953513,30.464031219482422,30.464031219482422,154,60
2026-03-28T07:10:42.344418,1394,28.633116722106934,1718,729.9999999999861,812,812,False,death,0,0,0,0,0,0,25.63131313131313,0.42491268917344943,32.870262145996094,32.870262145996094,1231,486
2026-03-28T07:11:21.884287,1395,35.173611879348755,2112,662.3499999999873,723,723,False,stuck_timeout,0,0,0,0,0,0,22.821969696969695,0.3136126893939334,31.545745849609375,31.545745849609375,1513,598
2026-03-28T07:11:46.125069,1396,21.169493198394775,1270,525.2999999999897,595,595,False,stuck_timeout,0,0,0,0,0,0,18.781565656565657,0.4136220472440864,32.03640365600586,32.03640365600586,909,360
2026-03-28T07:12:11.203442,1397,22.28941774368286,1335,799.89999999999,843,843,False,death,0,0,0,0,0,0,26.609848484848484,0.5991760299625393,32.30833435058594,32.30833435058594,955,379
2026-03-28T07:12:42.171096,1398,27.50592851638794,1652,646.6999999999849,723,723,False,stuck_timeout,0,0,0,0,0,0,22.821969696969695,0.3914648910411531,32.497703552246094,32.497703552246094,1182,469
2026-03-28T07:12:48.832793,1399,5.812007904052734,347,272.25000000000034,306,306,False,death,0,0,0,0,0,0,9.659090909090908,0.7845821325648424,30.673498153686523,30.673498153686523,248,98
2026-03-28T07:13:07.521988,1400,16.300150394439697,979,539.9499999999921,594,594,False,stuck_timeout,0,0,0,0,0,0,18.75,0.551532175689471,31.410778045654297,31.410778045654297,700,278
2026-03-28T07:13:29.355077,1401,19.177031755447388,1149,543.5499999999937,595,595,False,stuck_timeout,0,0,0,0,0,0,18.781565656565657,0.4730635335073923,31.27656364440918,31.27656364440918,821,327
2026-03-28T07:13:47.275809,1402,16.580915212631226,991,546.349999999993,594,594,False,stuck_timeout,0,0,0,0,0,0,18.75,0.5513118062562997,32.212158203125,32.212158203125,708,282
2026-03-28T07:13:52.560811,1403,4.4673449993133545,268,275.9000000000005,311,311,False,death,0,0,0,0,0,0,9.816919191919192,1.0294776119403004,32.638328552246094,32.638328552246094,191,76
2026-03-28T07:13:58.771961,1404,5.309927225112915,314,265.85000000000036,299,299,False,death,0,0,0,0,0,0,9.438131313131313,0.8466560509554152,32.11512756347656,32.11512756347656,224,89
2026-03-28T07:14:18.099770,1405,16.928009033203125,1015,531.6499999999938,595,595,False,stuck_timeout,0,0,0,0,0,0,18.781565656565657,0.5237931034482698,31.94082260131836,31.94082260131836,725,289
2026-03-28T07:14:33.305034,1406,13.93216848373413,833,531.0999999999921,594,594,False,stuck_timeout,0,0,0,0,0,0,18.75,0.6375750300119952,30.04182243347168,30.04182243347168,595,237
2026-03-28T07:15:01.017467,1407,24.549734592437744,1472,662.5499999999861,722,722,False,stuck_timeout,0,0,0,0,0,0,22.79040404040404,0.4501019021739036,31.461624145507812,31.461624145507812,1051,420
2026-03-28T07:16:15.370612,1408,67.03389811515808,4023,449.7999999999704,595,595,False,stuck_timeout,0,0,0,0,0,0,18.781565656565657,0.11180710912253801,31.818479537963867,31.818479537963867,2871,1151
2026-03-28T07:16:24.208142,1409,7.790093183517456,467,195.50000000000045,229,229,False,death,0,0,0,0,0,0,7.228535353535354,0.41862955032120014,30.659528732299805,30.659528732299805,333,133
2026-03-28T07:16:59.887032,1410,31.67473793029785,1897,803.5999999999842,850,850,False,death,0,0,0,0,0,0,26.830808080808083,0.42361623616235333,31.62567901611328,31.62567901611328,1353,543
2026-03-28T07:17:05.634253,1411,4.81966757774353,285,259.7000000000006,292,292,False,death,0,0,0,0,0,0,9.217171717171716,0.9112280701754407,31.98751449584961,31.98751449584961,203,81
2026-03-28T07:17:12.506613,1412,5.871280193328857,349,270.2500000000004,304,304,False,death,0,0,0,0,0,0,9.595959595959595,0.7743553008596,32.04357147216797,32.04357147216797,249,99
2026-03-28T07:17:49.578217,1413,32.94154500961304,1979,785.0499999999824,836,836,False,death,0,0,0,0,0,0,26.38888888888889,0.396690247599789,30.89887809753418,30.89887809753418,1411,567
2026-03-28T07:18:17.131758,1414,25.853448152542114,1550,526.8999999999942,594,594,False,stuck_timeout,0,0,0,0,0,0,18.75,0.339935483870964,32.18976593017578,32.18976593017578,1105,444
2026-03-28T07:18:29.507338,1415,10.513204336166382,629,666.449999999998,690,690,False,death,0,0,0,0,0,0,21.78030303030303,1.059538950715418,33.23890686035156,33.23890686035156,448,180
2026-03-28T07:18:49.673802,1416,17.68415856361389,1061,562.1999999999932,618,618,False,stuck_timeout,0,0,0,0,0,0,19.507575757575758,0.5298774740810492,31.80501365661621,31.80501365661621,755,305
2026-03-28T07:19:19.374245,1417,26.289392709732056,1577,519.2499999999837,595,595,False,stuck_timeout,0,0,0,0,0,0,18.781565656565657,0.3292644261255445,32.769073486328125,32.769073486328125,1122,454
2026-03-28T07:19:24.826929,1418,4.5800087451934814,271,234.75000000000045,268,268,False,death,0,0,0,0,0,0,8.45959595959596,0.8662361623616253,31.37099266052246,31.37099266052246,192,78
2026-03-28T07:19:45.054406,1419,17.71192979812622,1064,539.1999999999927,595,595,False,stuck_timeout,0,0,0,0,0,0,18.781565656565657,0.5067669172932262,32.869911193847656,32.869911193847656,757,306
2026-03-28T07:19:59.264680,1420,12.34199595451355,737,301.1999999999963,357,357,False,stuck_timeout,0,0,0,0,0,0,11.268939393939394,0.4086838534599678,32.705810546875,32.705810546875,524,212
2026-03-28T07:20:14.736687,1421,13.49094843864441,806,639.4499999999983,668,668,False,death,0,0,0,0,0,0,21.085858585858585,0.7933622828784098,31.19318389892578,31.19318389892578,573,232
2026-03-28T07:20:43.296522,1422,25.413573741912842,1522,665.0999999999856,723,723,False,death,0,0,0,0,0,0,22.821969696969695,0.43699080157686304,31.988048553466797,31.988048553466797,1081,440
2026-03-28T07:21:14.935368,1423,28.09471893310547,1682,830.2499999999759,898,898,False,stuck_timeout,0,0,0,0,0,0,28.345959595959595,0.49360879904873717,32.42844772338867,32.42844772338867,1194,487
2026-03-28T07:21:58.943225,1424,39.367976903915405,2363,792.3999999999666,895,895,False,stuck_timeout,0,0,0,0,0,0,28.251262626262623,0.33533643673295244,32.54472351074219,32.54472351074219,1677,685
2026-03-28T07:22:16.189000,1425,14.93252682685852,897,664.9499999999923,703,703,False,death,0,0,0,0,0,0,22.190656565656568,0.7413043478260783,29.926137924194336,29.926137924194336,636,260
2026-03-28T07:22:43.739473,1426,24.37755060195923,1463,839.049999999982,899,899,False,stuck_timeout,0,0,0,0,0,0,28.377525252525253,0.5735133287764743,31.355621337890625,31.355621337890625,1037,425
2026-03-28T07:23:00.643280,1427,15.553044557571411,927,384.79999999999825,442,442,False,stuck_timeout,0,0,0,0,0,0,13.952020202020202,0.4151024811218967,30.75014305114746,30.75014305114746,657,269
2026-03-28T07:23:07.474111,1428,5.937077522277832,355,262.55000000000047,296,296,False,death,0,0,0,0,0,0,9.343434343434344,0.7395774647887338,31.180816650390625,31.180816650390625,251,103
2026-03-28T07:23:12.507487,1429,4.146298885345459,244,260.70000000000067,293,293,False,death,0,0,0,0,0,0,9.248737373737374,1.0684426229508224,28.68507957458496,28.68507957458496,173,70
2026-03-28T07:23:48.149672,1430,33.616222858428955,2015,462.5499999999862,594,594,False,stuck_timeout,0,0,0,0,0,0,18.75,0.22955334987592368,31.467321395874023,31.467321395874023,1429,585
2026-03-28T07:24:04.523701,1431,14.213349342346191,848,639.549999999998,661,661,False,death,0,0,0,0,0,0,20.86489898989899,0.7541863207547147,31.0915584564209,31.0915584564209,601,246
2026-03-28T07:24:11.429177,1432,5.910710096359253,353,226.05000000000035,262,262,False,death,0,0,0,0,0,0,8.27020202020202,0.6403682719546753,32.310237884521484,32.310237884521484,250,102
2026-03-28T07:25:01.203479,1433,44.721675872802734,2685,820.0499999999726,898,898,False,death,0,0,0,0,0,0,28.345959595959595,0.3054189944133976,30.43793487548828,30.43793487548828,1902,782
2026-03-28T07:25:31.486360,1434,26.9458270072937,1615,649.9999999999819,722,722,False,stuck_timeout,0,0,0,0,0,0,22.79040404040404,0.40247678018574734,31.955137252807617,31.955137252807617,1143,471
2026-03-28T07:25:44.685148,1435,11.39020848274231,683,644.1999999999982,670,670,False,death,0,0,0,0,0,0,21.148989898989896,0.9431918008784748,29.99347686767578,29.99347686767578,483,199
2026-03-28T07:25:51.608064,1436,6.02594256401062,359,237.15000000000043,270,270,False,death,0,0,0,0,0,0,8.522727272727272,0.6605849582172714,31.29726219177246,31.29726219177246,254,104
2026-03-28T07:26:14.145782,1437,19.940908908843994,1193,608.7999999999901,654,654,False,death,0,0,0,0,0,0,20.643939393939394,0.5103101424978961,31.079235076904297,31.079235076904297,843,349
2026-03-28T07:26:38.253878,1438,21.35865831375122,1277,633.1999999999939,672,672,False,death,0,0,0,0,0,0,21.21212121212121,0.4958496476115849,31.992870330810547,31.992870330810547,902,374
2026-03-28T07:27:11.374011,1439,29.41562294960022,1764,855.7999999999837,899,899,False,death,0,0,0,0,0,0,28.377525252525253,0.4851473922902402,32.268280029296875,32.268280029296875,1246,517
2026-03-28T07:27:31.974141,1440,18.1345055103302,1090,555.6499999999932,609,609,False,stuck_timeout,0,0,0,0,0,0,19.223484848484848,0.5097706422018285,31.76471519470215,31.76471519470215,769,320
2026-03-28T07:27:49.401332,1441,16.114455938339233,965,544.4999999999934,594,594,False,stuck_timeout,0,0,0,0,0,0,18.75,0.5642487046632056,31.254688262939453,31.254688262939453,681,283
2026-03-28T07:28:09.985837,1442,18.04414939880371,1078,548.9999999999872,613,613,False,stuck_timeout,0,0,0,0,0,0,19.349747474747474,0.5092764378478545,30.418426513671875,30.418426513671875,761,316
2026-03-28T07:28:54.036447,1443,39.41684937477112,2364,794.1999999999667,901,901,False,stuck_timeout,0,0,0,0,0,0,28.440656565656564,0.33595600676817544,30.904369354248047,30.904369354248047,1668,695
2026-03-28T07:29:19.729836,1444,22.665325164794922,1355,1369.5499999999788,1386,1386,False,death,0,0,0,0,0,0,43.75,1.0107380073800583,32.721981048583984,32.721981048583984,955,399
2026-03-28T07:29:34.206346,1445,13.242433071136475,792,546.199999999994,594,594,False,stuck_timeout,0,0,0,0,0,0,18.75,0.6896464646464571,30.806182861328125,30.806182861328125,558,233
2026-03-28T07:30:05.291072,1446,27.698261260986328,1661,651.8999999999845,722,722,False,stuck_timeout,0,0,0,0,0,0,22.79040404040404,0.392474413004205,32.78427505493164,32.78427505493164,1170,490
2026-03-28T07:30:33.533933,1447,26.516608476638794,1589,499.899999999985,594,594,False,stuck_timeout,0,0,0,0,0,0,18.75,0.3146003775959629,32.39518356323242,32.39518356323242,1120,468
2026-03-28T07:30:44.628081,1448,9.931723594665527,597,382.8499999999977,439,439,False,stuck_timeout,0,0,0,0,0,0,13.857323232323232,0.6412897822445522,31.231786727905273,31.231786727905273,420,176
2026-03-28T07:30:50.200222,1449,4.650373697280884,279,268.15000000000055,301,301,False,death,0,0,0,0,0,0,9.501262626262626,0.961111111111113,29.323486328125,29.323486328125,196,82
2026-03-28T07:31:17.538294,1450,24.243963718414307,1455,869.3999999999867,898,898,False,death,0,0,0,0,0,0,28.345959595959595,0.5975257731958671,31.47498893737793,31.47498893737793,1025,429
2026-03-28T07:31:22.369425,1451,3.9664080142974854,233,257.1500000000006,290,290,False,death,0,0,0,0,0,0,9.154040404040405,1.1036480686695305,33.13607406616211,33.13607406616211,164,68
2026-03-28T07:31:26.572684,1452,3.398329496383667,201,267.7000000000003,303,303,False,death,0,0,0,0,0,0,9.56439393939394,1.331840796019902,31.962812423706055,31.962812423706055,141,59
2026-03-28T07:31:37.610572,1453,9.900746583938599,589,194.50000000000045,245,245,False,death,0,0,0,0,0,0,7.733585858585859,0.3302207130730059,30.658859252929688,30.658859252929688,415,173
2026-03-28T07:31:53.962529,1454,14.236750602722168,855,543.4999999999949,596,596,False,stuck_timeout,0,0,0,0,0,0,18.81313131313131,0.6356725146198771,32.04082107543945,32.04082107543945,602,252
2026-03-28T07:32:15.378877,1455,18.83731770515442,1132,539.6999999999932,595,595,False,stuck_timeout,0,0,0,0,0,0,18.781565656565657,0.4767667844522908,32.82978057861328,32.82978057861328,796,335
2026-03-28T07:32:40.193345,1456,21.918946504592896,1313,766.1499999999928,793,793,False,death,0,0,0,0,0,0,25.031565656565657,0.5835110434120281,32.695125579833984,32.695125579833984,923,389
2026-03-28T07:32:53.120775,1457,11.031819581985474,661,648.2999999999979,671,671,False,death,0,0,0,0,0,0,21.180555555555554,0.9807866868381209,34.056129455566406,34.056129455566406,464,196
2026-03-28T07:33:00.643345,1458,6.535285711288452,387,209.2500000000007,245,245,False,death,0,0,0,0,0,0,7.733585858585859,0.5406976744186065,32.50676345825195,32.50676345825195,272,114
2026-03-28T07:33:54.448391,1459,48.23560905456543,2893,1067.4999999999702,1124,1124,False,death,0,0,0,0,0,0,35.47979797979798,0.36899412374696516,31.17890167236328,31.17890167236328,2033,859
2026-03-28T07:34:01.211619,1460,5.510876417160034,327,213.5500000000005,247,247,False,death,0,0,0,0,0,0,7.796717171717171,0.6530581039755367,30.54425621032715,30.54425621032715,229,97
2026-03-28T07:34:23.361245,1461,19.49446415901184,1165,669.049999999985,723,723,False,stuck_timeout,0,0,0,0,0,0,22.821969696969695,0.5742918454935493,32.60590362548828,32.60590362548828,818,346
2026-03-28T07:35:09.273874,1462,41.08122515678406,2466,648.4999999999822,723,723,False,stuck_timeout,0,0,0,0,0,0,22.821969696969695,0.26297648012975755,30.840085983276367,30.840085983276367,1730,735
2026-03-28T07:35:24.252045,1463,12.847406148910522,767,535.7999999999931,595,595,False,stuck_timeout,0,0,0,0,0,0,18.781565656565657,0.6985658409387133,29.426067352294922,29.426067352294922,538,228
2026-03-28T07:35:50.699627,1464,23.395461320877075,1400,663.0999999999899,723,723,False,stuck_timeout,0,0,0,0,0,0,22.821969696969695,0.4736428571428499,30.056289672851562,30.056289672851562,981,418
2026-03-28T07:35:58.061847,1465,6.433286428451538,387,193.6000000000006,232,232,False,death,0,0,0,0,0,0,7.3232323232323235,0.500258397932818,33.177589416503906,33.177589416503906,271,115
2026-03-28T07:36:46.739175,1466,43.396464109420776,2608,798.8499999999639,900,900,False,stuck_timeout,0,0,0,0,0,0,28.40909090909091,0.30630751533740946,31.375423431396484,31.375423431396484,1827,780
2026-03-28T07:36:52.141983,1467,4.553576231002808,273,267.8000000000004,301,301,False,death,0,0,0,0,0,0,9.501262626262626,0.9809523809523825,33.256500244140625,33.256500244140625,191,81
2026-03-28T07:37:43.315995,1468,45.877392292022705,2752,618.6999999999674,727,727,False,stuck_timeout,0,0,0,0,0,0,22.94823232323232,0.22481831395347654,30.687332153320312,30.687332153320312,1927,824
2026-03-28T07:37:49.123144,1469,4.894489049911499,293,255.20000000000064,289,289,False,death,0,0,0,0,0,0,9.122474747474747,0.8709897610921523,31.65265464782715,31.65265464782715,205,87
2026-03-28T07:38:12.335469,1470,20.42626953125,1223,669.699999999987,723,723,False,stuck_timeout,0,0,0,0,0,0,22.821969696969695,0.5475878986099648,30.246353149414062,30.246353149414062,856,366
2026-03-28T07:38:27.280383,1471,13.696994066238403,818,247.49999999999648,319,319,False,stuck_timeout,0,0,0,0,0,0,10.069444444444445,0.3025672371638099,29.366004943847656,29.366004943847656,572,245
2026-03-28T07:39:05.246069,1472,33.98312044143677,2042,658.9499999999778,740,740,False,stuck_timeout,0,0,0,0,0,0,23.358585858585858,0.322698334965709,31.444355010986328,31.444355010986328,1428,613
2026-03-28T07:39:14.868440,1473,8.5965895652771,515,231.60000000000045,266,266,False,death,0,0,0,0,0,0,8.396464646464647,0.44970873786407856,29.30431365966797,29.30431365966797,360,154
2026-03-28T07:39:19.644821,1474,3.9379189014434814,231,267.25000000000017,302,302,False,death,0,0,0,0,0,0,9.532828282828284,1.1569264069264076,33.12879943847656,33.12879943847656,161,69
2026-03-28T07:39:52.846314,1475,29.512012481689453,1766,643.1999999999842,724,724,False,stuck_timeout,0,0,0,0,0,0,22.853535353535353,0.3642129105322674,32.18518829345703,32.18518829345703,1235,530
2026-03-28T07:40:25.923536,1476,29.483405113220215,1765,817.1499999999874,899,899,False,death,0,0,0,0,0,0,28.377525252525253,0.4629745042492846,33.39582824707031,33.39582824707031,1233,531
2026-03-28T07:40:31.465727,1477,4.680764198303223,281,263.30000000000035,302,302,False,death,0,0,0,0,0,0,9.532828282828284,0.9370106761565848,31.772197723388672,31.772197723388672,196,84
2026-03-28T07:40:56.446307,1478,22.06080198287964,1322,565.4999999999915,621,621,False,stuck_timeout,0,0,0,0,0,0,19.602272727272727,0.4277609682299482,29.921916961669922,29.921916961669922,923,398
2026-03-28T07:41:32.685061,1479,32.10681700706482,1925,841.2499999999814,898,898,False,death,0,0,0,0,0,0,28.345959595959595,0.4370129870129773,30.385290145874023,30.385290145874023,1344,580
2026-03-28T07:41:47.479558,1480,12.804108381271362,767,641.2999999999968,664,664,False,death,0,0,0,0,0,0,20.95959595959596,0.836114732724898,31.297958374023438,31.297958374023438,535,231
2026-03-28T07:42:12.161015,1481,21.76347804069519,1305,533.4499999999884,602,602,False,stuck_timeout,0,0,0,0,0,0,19.002525252525253,0.4087739463601444,28.896419525146484,28.896419525146484,910,394
2026-03-28T07:42:18.855179,1482,5.703470230102539,339,263.6500000000003,306,306,False,death,0,0,0,0,0,0,9.659090909090908,0.7777286135693224,32.47376251220703,32.47376251220703,236,102
2026-03-28T07:42:49.270987,1483,27.043087482452393,1620,653.9499999999866,723,723,False,stuck_timeout,0,0,0,0,0,0,22.821969696969695,0.40367283950616456,30.826934814453125,30.826934814453125,1129,490
2026-03-28T07:43:03.711913,1484,13.199934720993042,791,391.59999999999735,450,450,False,stuck_timeout,0,0,0,0,0,0,14.204545454545455,0.4950695322376705,30.737972259521484,30.737972259521484,551,239
2026-03-28T07:43:08.152271,1485,3.632704734802246,217,258.9500000000005,292,292,False,death,0,0,0,0,0,0,9.217171717171716,1.1933179723502327,31.283964157104492,31.283964157104492,151,65
2026-03-28T07:43:18.571054,1486,9.281904697418213,553,244.70000000000041,286,286,False,death,0,0,0,0,0,0,9.027777777777777,0.44249547920434074,31.1824951171875,31.1824951171875,385,167
2026-03-28T07:43:35.998148,1487,15.16480302810669,906,548.2999999999934,596,596,False,stuck_timeout,0,0,0,0,0,0,18.81313131313131,0.6051876379690876,30.880367279052734,30.880367279052734,631,274
2026-03-28T07:43:55.729405,1488,18.294324159622192,1097,536.7999999999927,595,595,False,stuck_timeout,0,0,0,0,0,0,18.781565656565657,0.48933454876936433,31.396991729736328,31.396991729736328,764,332
2026-03-28T07:44:01.400694,1489,4.834517240524292,286,253.90000000000066,287,287,False,death,0,0,0,0,0,0,9.059343434343434,0.8877622377622401,32.06843566894531,32.06843566894531,199,86
2026-03-28T07:44:22.149103,1490,18.172385692596436,1089,680.5999999999899,722,722,False,death,0,0,0,0,0,0,22.79040404040404,0.624977043158852,30.241130828857422,30.241130828857422,758,330
2026-03-28T07:44:42.391341,1491,18.7915518283844,1126,532.3499999999923,594,594,False,stuck_timeout,0,0,0,0,0,0,18.75,0.47277975133214234,30.655620574951172,30.655620574951172,784,341
2026-03-28T07:45:05.918190,1492,20.70653009414673,1240,775.4999999999874,817,817,False,death,0,0,0,0,0,0,25.789141414141415,0.6254032258064415,31.445602416992188,31.445602416992188,863,376
2026-03-28T07:45:12.175655,1493,5.2941505908966064,315,235.1000000000006,269,269,False,death,0,0,0,0,0,0,8.491161616161616,0.7463492063492082,33.49766540527344,33.49766540527344,219,95
2026-03-28T07:45:30.876992,1494,16.326079845428467,974,672.89999999999,723,723,False,stuck_timeout,0,0,0,0,0,0,22.821969696969695,0.6908624229979363,30.325557708740234,30.325557708740234,677,296
2026-03-28T07:46:07.210726,1495,32.251081705093384,1936,654.0999999999852,723,723,False,stuck_timeout,0,0,0,0,0,0,22.821969696969695,0.33786157024792624,33.44388961791992,33.44388961791992,1346,589
2026-03-28T07:46:14.632479,1496,6.430891990661621,381,210.00000000000077,246,246,False,death,0,0,0,0,0,0,7.765151515151516,0.5511811023622067,30.085796356201172,30.085796356201172,264,116
2026-03-28T07:46:41.294961,1497,23.52588963508606,1410,672.4499999999906,723,723,False,stuck_timeout,0,0,0,0,0,0,22.821969696969695,0.4769148936170146,32.651851654052734,32.651851654052734,980,429
2026-03-28T07:47:10.239997,1498,25.601133346557617,1534,619.2499999999889,672,672,False,stuck_timeout,0,0,0,0,0,0,21.21212121212121,0.40368318122554686,31.269994735717773,31.269994735717773,1065,468
2026-03-28T07:47:16.779083,1499,5.630804538726807,333,254.55000000000055,300,300,False,death,0,0,0,0,0,0,9.469696969696969,0.764414414414416,31.643306732177734,31.643306732177734,231,101
2026-03-28T07:47:36.360408,1500,17.174549341201782,1030,540.1999999999924,595,595,False,stuck_timeout,0,0,0,0,0,0,18.781565656565657,0.5244660194174684,31.58806610107422,31.58806610107422,715,314
2026-03-28T07:48:39.782444,1501,57.19306993484497,3431,1339.4499999999605,1397,1397,False,death,0,0,0,0,0,0,44.09722222222222,0.39039638589331405,31.982707977294922,31.982707977294922,2381,1049
2026-03-28T07:48:49.902390,1502,9.058922052383423,542,251.40000000000072,284,284,False,death,0,0,0,0,0,0,8.964646464646464,0.4638376383763851,31.38445281982422,31.38445281982422,376,165
2026-03-28T07:49:45.291933,1503,49.700870752334595,2981,800.9999999999675,899,899,False,stuck_timeout,0,0,0,0,0,0,28.377525252525253,0.2687017779268593,30.253402709960938,30.253402709960938,2068,912
2026-03-28T07:49:52.573955,1504,6.3616108894348145,382,196.1500000000005,230,230,False,death,0,0,0,0,0,0,7.2601010101010095,0.5134816753926714,30.996511459350586,30.996511459350586,265,116
2026-03-28T07:50:24.912321,1505,28.760163068771362,1725,837.9499999999815,899,899,False,stuck_timeout,0,0,0,0,0,0,28.377525252525253,0.4857681159420183,30.28187370300293,30.28187370300293,1196,528
2026-03-28T07:50:47.077695,1506,19.437099933624268,1169,674.5499999999894,723,723,False,stuck_timeout,0,0,0,0,0,0,22.821969696969695,0.5770316509837377,30.602996826171875,30.602996826171875,810,358
2026-03-28T07:51:05.810170,1507,16.27074885368347,978,786.9499999999944,804,804,False,death,0,0,0,0,0,0,25.37878787878788,0.8046523517382356,30.690290451049805,30.690290451049805,677,300
2026-03-28T07:51:11.666213,1508,4.91007924079895,291,227.55000000000052,260,260,False,death,0,0,0,0,0,0,8.207070707070708,0.7819587628865997,29.51068687438965,29.51068687438965,201,89
2026-03-28T07:51:24.172278,1509,11.351157903671265,683,542.4999999999937,595,595,False,stuck_timeout,0,0,0,0,0,0,18.781565656565657,0.7942898975109718,31.43782615661621,31.43782615661621,473,209
2026-03-28T07:51:30.866998,1510,5.718773126602173,341,205.95000000000059,244,244,False,death,0,0,0,0,0,0,7.7020202020202015,0.6039589442815266,27.11380386352539,27.11380386352539,236,104
2026-03-28T07:51:42.653930,1511,9.968020677566528,599,638.3999999999987,663,663,False,death,0,0,0,0,0,0,20.928030303030305,1.0657762938230362,30.551212310791016,30.551212310791016,414,184
2026-03-28T07:51:50.743945,1512,7.006001234054565,416,255.2000000000005,304,304,False,death,0,0,0,0,0,0,9.595959595959595,0.6134615384615396,31.823989868164062,31.823989868164062,288,127
2026-03-28T07:51:58.531388,1513,6.771567106246948,401,254.80000000000055,295,295,False,death,0,0,0,0,0,0,9.311868686868687,0.6354114713216972,28.474014282226562,28.474014282226562,277,123
2026-03-28T07:52:04.220103,1514,4.7740631103515625,287,236.70000000000067,269,269,False,death,0,0,0,0,0,0,8.491161616161616,0.8247386759581905,30.583953857421875,30.583953857421875,198,88
2026-03-28T07:52:17.543057,1515,11.394656419754028,685,659.1999999999982,681,681,False,death,0,0,0,0,0,0,21.49621212121212,0.962335766423355,31.992698669433594,31.992698669433594,474,210
2026-03-28T07:52:36.167944,1516,16.347833156585693,984,1120.3999999999876,1132,1132,False,death,0,0,0,0,0,0,35.73232323232323,1.1386178861788492,31.853939056396484,31.853939056396484,680,303
2026-03-28T07:53:24.377282,1517,43.42938733100891,2603,816.9499999999764,900,900,False,death,0,0,0,0,0,0,28.40909090909091,0.3138494045332218,31.201122283935547,31.201122283935547,1799,803
2026-03-28T07:53:45.332302,1518,18.293410062789917,1097,689.3999999999933,725,725,False,death,0,0,0,0,0,0,22.88510101010101,0.6284412032816712,29.483543395996094,29.483543395996094,758,338
2026-03-28T07:54:00.386401,1519,13.784009218215942,828,532.9999999999932,595,595,False,stuck_timeout,0,0,0,0,0,0,18.781565656565657,0.6437198067632768,31.882305145263672,31.882305145263672,572,255
2026-03-28T07:54:23.015576,1520,19.821683883666992,1191,674.4499999999944,722,722,False,death,0,0,0,0,0,0,22.79040404040404,0.5662888329135133,29.954891204833984,29.954891204833984,822,368
2026-03-28T07:54:28.757549,1521,4.7725372314453125,287,250.95000000000024,286,286,False,death,0,0,0,0,0,0,9.027777777777777,0.8743902439024399,31.130077362060547,31.130077362060547,198,88
2026-03-28T07:55:06.218923,1522,33.31857228279114,1996,648.6999999999804,723,723,False,stuck_timeout,0,0,0,0,0,0,22.821969696969695,0.3249999999999902,33.32379150390625,33.32379150390625,1377,618
2026-03-28T07:55:22.621116,1523,15.065712928771973,906,552.8999999999933,601,601,False,stuck_timeout,0,0,0,0,0,0,18.970959595959595,0.6102649006622443,30.440900802612305,30.440900802612305,625,280
2026-03-28T07:55:31.514387,1524,7.944545745849609,475,243.25000000000034,275,275,False,death,0,0,0,0,0,0,8.680555555555555,0.5121052631578955,32.298736572265625,32.298736572265625,327,147
2026-03-28T07:55:50.106243,1525,16.23883867263794,973,690.6499999999935,724,724,False,death,0,0,0,0,0,0,22.853535353535353,0.7098150051387394,30.719036102294922,30.719036102294922,671,301
2026-03-28T07:56:01.237947,1526,9.352312326431274,559,679.4499999999996,704,704,False,death,0,0,0,0,0,0,22.22222222222222,1.2154740608228973,30.219192504882812,30.219192504882812,385,173
2026-03-28T07:56:56.029502,1527,49.2960741519928,2956,1365.8999999999733,1423,1423,False,death,0,0,0,0,0,0,44.917929292929294,0.46207713125844835,29.57424545288086,29.57424545288086,2037,918
2026-03-28T07:57:03.229219,1528,6.287606239318848,377,253.45000000000059,288,288,False,death,0,0,0,0,0,0,9.090909090909092,0.6722811671087549,31.31641387939453,31.31641387939453,259,117
2026-03-28T07:57:07.496457,1529,3.4196081161499023,202,277.7500000000005,314,314,False,death,0,0,0,0,0,0,9.91161616161616,1.3750000000000024,32.46283721923828,32.46283721923828,139,62
2026-03-28T07:57:44.404502,1530,32.843605041503906,1973,633.4999999999726,723,723,False,stuck_timeout,0,0,0,0,0,0,22.821969696969695,0.32108464267611386,28.37942123413086,28.37942123413086,1359,613
2026-03-28T07:57:49.125202,1531,3.9000561237335205,231,264.8000000000007,299,299,False,death,0,0,0,0,0,0,9.438131313131313,1.1463203463203493,32.07697296142578,32.07697296142578,159,71
2026-03-28T07:57:55.756610,1532,5.631551504135132,335,211.7000000000004,246,246,False,death,0,0,0,0,0,0,7.765151515151516,0.6319402985074638,31.812055587768555,31.812055587768555,230,104
2026-03-28T07:58:38.909028,1533,38.64355659484863,2317,646.4499999999773,723,723,False,stuck_timeout,0,0,0,0,0,0,22.821969696969695,0.27900302114802644,27.249473571777344,27.249473571777344,1595,721
2026-03-28T07:59:16.433363,1534,33.459423303604126,2007,1419.1499999999728,1432,1432,False,death,0,0,0,0,0,0,45.20202020202021,0.7071001494768175,30.537643432617188,30.537643432617188,1381,625
2026-03-28T07:59:22.059630,1535,4.676281452178955,277,273.45000000000044,312,312,False,death,0,0,0,0,0,0,9.848484848484848,0.9871841155234673,31.152267456054688,31.152267456054688,190,86
2026-03-28T07:59:38.047285,1536,13.959150314331055,838,688.099999999994,724,724,False,death,0,0,0,0,0,0,22.853535353535353,0.8211217183770811,28.918251037597656,28.918251037597656,576,261
2026-03-28T07:59:52.467714,1537,13.238615989685059,792,536.0499999999935,595,595,False,stuck_timeout,0,0,0,0,0,0,18.781565656565657,0.6768308080807999,30.58038902282715,30.58038902282715,544,247
2026-03-28T07:59:58.907127,1538,5.457258701324463,327,219.45000000000047,252,252,False,death,0,0,0,0,0,0,7.954545454545454,0.6711009174311942,31.47231674194336,31.47231674194336,224,102
2026-03-28T08:00:10.326704,1539,10.323267936706543,615,379.29999999999717,435,435,False,stuck_timeout,0,0,0,0,0,0,13.731060606060606,0.6167479674796702,29.160762786865234,29.160762786865234,423,191
2026-03-28T08:00:31.619217,1540,18.681591749191284,1118,530.2499999999927,597,597,False,stuck_timeout,0,0,0,0,0,0,18.84469696969697,0.4742844364937323,29.898513793945312,29.898513793945312,768,349
2026-03-28T08:00:35.975296,1541,3.508295774459839,206,272.0000000000001,307,307,False,death,0,0,0,0,0,0,9.690656565656566,1.3203883495145636,29.70367431640625,29.70367431640625,141,64
2026-03-28T08:01:00.480926,1542,21.604921102523804,1294,667.4999999999842,723,723,False,stuck_timeout,0,0,0,0,0,0,22.821969696969695,0.51584234930447,33.644561767578125,33.644561767578125,889,404
2026-03-28T08:01:10.464377,1543,8.968759775161743,537,265.04999999999836,331,331,False,stuck_timeout,0,0,0,0,0,0,10.448232323232324,0.4935754189944104,32.06150817871094,32.06150817871094,369,167
2026-03-28T08:01:33.563303,1544,21.583914756774902,1292,538.1999999999935,594,594,False,stuck_timeout,0,0,0,0,0,0,18.75,0.416563467492255,31.908008575439453,31.908008575439453,887,404
2026-03-28T08:02:22.393634,1545,43.79929494857788,2627,763.2499999999606,898,898,False,death,0,0,0,0,0,0,28.345959595959595,0.2905405405405255,30.460399627685547,30.460399627685547,1804,822
2026-03-28T08:02:28.005994,1546,4.685030698776245,277,245.60000000000053,278,278,False,death,0,0,0,0,0,0,8.775252525252524,0.8866425992779803,27.885236740112305,27.885236740112305,190,86
2026-03-28T08:03:00.555812,1547,30.60698938369751,1832,519.9999999999893,595,595,False,stuck_timeout,0,0,0,0,0,0,18.781565656565657,0.2838427947598195,30.79989242553711,30.79989242553711,1258,573
2026-03-28T08:03:05.218276,1548,3.828911781311035,226,255.40000000000057,290,290,False,death,0,0,0,0,0,0,9.154040404040405,1.1300884955752237,31.92406463623047,31.92406463623047,155,70
2026-03-28T08:03:35.038088,1549,26.450597047805786,1587,691.649999999995,723,723,False,death,0,0,0,0,0,0,22.821969696969695,0.4358223062381821,30.00025749206543,30.00025749206543,1089,497
2026-03-28T08:03:43.951666,1550,7.795268535614014,469,206.85000000000065,249,249,False,death,0,0,0,0,0,0,7.859848484848484,0.44104477611940435,30.990936279296875,30.990936279296875,321,147
2026-03-28T08:04:07.076090,1551,20.44974994659424,1222,684.4999999999865,746,746,False,stuck_timeout,0,0,0,0,0,0,23.5479797979798,0.5601472995089906,30.49170684814453,30.49170684814453,838,383
2026-03-28T08:04:13.210262,1552,5.212814569473267,309,254.65000000000043,291,291,False,death,0,0,0,0,0,0,9.18560606060606,0.8241100323624609,31.984455108642578,31.984455108642578,212,96
2026-03-28T08:04:23.613673,1553,9.35767388343811,561,196.6000000000004,232,232,False,death,0,0,0,0,0,0,7.3232323232323235,0.35044563279857466,29.380859375,29.380859375,384,176
2026-03-28T08:04:50.689473,1554,23.922401428222656,1431,1099.1999999999805,1126,1126,False,death,0,0,0,0,0,0,35.542929292929294,0.7681341719077431,32.71564865112305,32.71564865112305,981,449
2026-03-28T08:05:14.481786,1555,20.861604928970337,1251,658.4999999999858,723,723,False,stuck_timeout,0,0,0,0,0,0,22.821969696969695,0.5263788968824826,28.832355499267578,28.832355499267578,857,393
2026-03-28T08:05:52.610777,1556,33.9880530834198,2036,647.0499999999787,723,723,False,stuck_timeout,0,0,0,0,0,0,22.821969696969695,0.3178045186640367,32.678070068359375,32.678070068359375,1394,641
2026-03-28T08:06:08.986857,1557,14.986570358276367,901,538.1999999999916,594,594,False,stuck_timeout,0,0,0,0,0,0,18.75,0.5973362930077598,30.221538543701172,30.221538543701172,617,283
2026-03-28T08:06:30.771306,1558,19.20153784751892,1152,663.4999999999856,723,723,False,stuck_timeout,0,0,0,0,0,0,22.821969696969695,0.5759548611110986,31.29610824584961,31.29610824584961,788,363
2026-03-28T08:06:44.321928,1559,11.654333353042603,697,682.5499999999931,723,723,False,death,0,0,0,0,0,0,22.821969696969695,0.9792682926829169,30.580181121826172,30.580181121826172,477,219
2026-03-28T08:06:49.945535,1560,4.486095666885376,267,255.1500000000006,288,288,False,death,0,0,0,0,0,0,9.090909090909092,0.9556179775280922,30.83974266052246,30.83974266052246,182,84
2026-03-28T08:07:10.788227,1561,19.348637104034424,1162,526.4499999999907,596,596,False,stuck_timeout,0,0,0,0,0,0,18.81313131313131,0.4530550774526598,30.26217269897461,30.26217269897461,794,367
2026-03-28T08:07:46.079136,1562,31.312684535980225,1879,814.8999999999733,898,898,False,stuck_timeout,0,0,0,0,0,0,28.345959595959595,0.4336881319850842,31.857696533203125,31.857696533203125,1284,594
2026-03-28T08:08:14.393742,1563,25.187086820602417,1508,661.3499999999875,722,722,False,stuck_timeout,0,0,0,0,0,0,22.79040404040404,0.43856100795755143,31.056896209716797,31.056896209716797,1030,477
2026-03-28T08:08:19.745835,1564,4.496184349060059,267,258.5500000000007,292,292,False,death,0,0,0,0,0,0,9.217171717171716,0.9683520599250962,29.92340660095215,29.92340660095215,182,84
2026-03-28T08:08:41.761172,1565,19.44602942466736,1165,683.0499999999937,723,723,False,death,0,0,0,0,0,0,22.821969696969695,0.586309012875531,32.28687286376953,32.28687286376953,795,369
2026-03-28T08:08:47.737120,1566,5.000231504440308,297,235.90000000000055,269,269,False,death,0,0,0,0,0,0,8.491161616161616,0.7942760942760961,29.446033477783203,29.446033477783203,202,94
2026-03-28T08:09:10.422164,1567,21.014914512634277,1261,513.9499999999895,595,595,False,stuck_timeout,0,0,0,0,0,0,18.781565656565657,0.40757335448056264,30.718032836914062,30.718032836914062,861,399
2026-03-28T08:09:34.241257,1568,21.0269193649292,1260,656.9999999999918,695,695,False,death,0,0,0,0,0,0,21.93813131313131,0.5214285714285649,32.34634017944336,32.34634017944336,860,399
2026-03-28T08:09:58.084258,1569,21.116474390029907,1263,662.5499999999847,723,723,False,stuck_timeout,0,0,0,0,0,0,22.821969696969695,0.524584323040368,32.67216491699219,32.67216491699219,861,401
2026-03-28T08:10:02.363331,1570,3.4345643520355225,205,279.15000000000055,313,313,False,death,0,0,0,0,0,0,9.880050505050505,1.3617073170731735,31.375837326049805,31.375837326049805,139,65
2026-03-28T08:10:22.248765,1571,18.426230669021606,1108,537.5499999999931,594,594,False,stuck_timeout,0,0,0,0,0,0,18.75,0.4851534296028819,29.994749069213867,29.994749069213867,756,351
2026-03-28T08:10:27.868367,1572,4.685466289520264,277,237.45000000000053,270,270,False,death,0,0,0,0,0,0,8.522727272727272,0.8572202166065,29.718753814697266,29.718753814697266,189,87
2026-03-28T08:10:33.699445,1573,4.9145121574401855,292,226.05000000000058,259,259,False,death,0,0,0,0,0,0,8.175505050505052,0.7741438356164403,29.792816162109375,29.792816162109375,199,92
2026-03-28T08:10:50.955840,1574,15.824061632156372,947,534.6999999999947,595,595,False,stuck_timeout,0,0,0,0,0,0,18.781565656565657,0.5646251319957706,31.17403221130371,31.17403221130371,646,300
2026-03-28T08:11:02.943811,1575,10.161675691604614,611,675.399999999998,697,697,False,death,0,0,0,0,0,0,22.001262626262626,1.1054009819967234,32.28694152832031,32.28694152832031,416,194
2026-03-28T08:11:09.091213,1576,5.213581800460815,313,273.3500000000005,307,307,False,death,0,0,0,0,0,0,9.690656565656566,0.8733226837060718,30.898601531982422,30.898601531982422,213,99
2026-03-28T08:11:15.367872,1577,5.402260780334473,321,269.80000000000024,309,309,False,death,0,0,0,0,0,0,9.753787878787879,0.840498442367602,29.812488555908203,29.812488555908203,218,102
2026-03-28T08:11:45.460887,1578,26.554382801055908,1593,671.6999999999892,723,723,False,stuck_timeout,0,0,0,0,0,0,22.821969696969695,0.42165725047080305,31.85342025756836,31.85342025756836,1086,506
2026-03-28T08:12:04.441376,1579,16.623169660568237,993,762.299999999989,799,799,False,death,0,0,0,0,0,0,25.220959595959595,0.7676737160120736,31.330913543701172,31.330913543701172,676,316
2026-03-28T08:12:34.362642,1580,26.529120445251465,1589,843.1999999999824,899,899,False,stuck_timeout,0,0,0,0,0,0,28.377525252525253,0.5306482064191205,31.742612838745117,31.742612838745117,1082,506
2026-03-28T08:12:38.951941,1581,3.721781015396118,220,275.35000000000036,309,309,False,death,0,0,0,0,0,0,9.753787878787879,1.2515909090909108,31.119529724121094,31.119529724121094,149,70
2026-03-28T08:13:18.112844,1582,35.013031244277954,2099,647.1999999999767,722,722,False,death,0,0,0,0,0,0,22.79040404040404,0.3083373034778355,30.5682373046875,30.5682373046875,1428,670
2026-03-28T08:13:46.202142,1583,24.875699520111084,1495,650.6999999999804,723,723,False,stuck_timeout,0,0,0,0,0,0,22.821969696969695,0.43525083612038823,30.216115951538086,30.216115951538086,1017,477
2026-03-28T08:14:26.364452,1584,35.99045157432556,2162,633.2999999999763,723,723,False,stuck_timeout,0,0,0,0,0,0,22.821969696969695,0.29292321924143216,31.561809539794922,31.561809539794922,1470,691
2026-03-28T08:14:54.909692,1585,25.214862823486328,1513,664.1999999999867,723,723,False,stuck_timeout,0,0,0,0,0,0,22.821969696969695,0.43899537343026224,30.747848510742188,30.747848510742188,1028,484
2026-03-28T08:15:08.198486,1586,11.943241357803345,714,636.5499999999986,658,658,False,death,0,0,0,0,0,0,20.77020202020202,0.8915266106442558,29.249969482421875,29.249969482421875,485,228
2026-03-28T08:15:30.242975,1587,19.25085139274597,1156,645.8499999999948,683,683,False,death,0,0,0,0,0,0,21.559343434343432,0.5586937716262931,33.87683868408203,33.87683868408203,785,370
2026-03-28T08:15:37.038872,1588,5.853219747543335,346,221.1500000000005,256,256,False,death,0,0,0,0,0,0,8.080808080808081,0.6391618497109841,30.023948669433594,30.023948669433594,235,110
2026-03-28T08:15:45.945210,1589,7.863637924194336,471,245.45000000000056,287,287,False,death,0,0,0,0,0,0,9.059343434343434,0.5211252653927825,30.14459800720215,30.14459800720215,319,151
2026-03-28T08:16:12.041413,1590,22.80226755142212,1370,849.7999999999843,899,899,False,stuck_timeout,0,0,0,0,0,0,28.377525252525253,0.6202919708029082,31.266874313354492,31.266874313354492,930,439
2026-03-28T08:16:27.494128,1591,13.2936270236969,793,690.1999999999953,722,722,False,death,0,0,0,0,0,0,22.79040404040404,0.8703656998738907,31.33795738220215,31.33795738220215,538,254
2026-03-28T08:16:44.413531,1592,14.69765830039978,883,806.8999999999897,837,837,False,death,0,0,0,0,0,0,26.420454545454547,0.9138165345413247,30.85851287841797,30.85851287841797,598,284
2026-03-28T08:16:56.874886,1593,11.307000398635864,675,544.8499999999932,594,594,False,stuck_timeout,0,0,0,0,0,0,18.75,0.8071851851851751,30.312938690185547,30.312938690185547,457,217
2026-03-28T08:17:01.556941,1594,3.8509912490844727,229,251.25000000000065,283,283,False,death,0,0,0,0,0,0,8.933080808080808,1.0971615720524046,30.363210678100586,30.363210678100586,155,73
2026-03-28T08:17:43.443497,1595,37.28291082382202,2239,636.599999999977,722,722,False,stuck_timeout,0,0,0,0,0,0,22.79040404040404,0.28432335864224073,30.058452606201172,30.058452606201172,1518,720
2026-03-28T08:17:51.452910,1596,7.01936674118042,417,210.55000000000064,247,247,False,death,0,0,0,0,0,0,7.796717171717171,0.5049160671462845,31.642929077148438,31.642929077148438,282,134
2026-03-28T08:18:07.782451,1597,15.01365041732788,897,632.9499999999948,668,668,False,death,0,0,0,0,0,0,21.085858585858585,0.7056298773690021,29.308162689208984,29.308162689208984,608,288
2026-03-28T08:18:38.414085,1598,27.151483297348022,1625,656.2999999999851,723,723,False,stuck_timeout,0,0,0,0,0,0,22.821969696969695,0.40387692307691386,31.369075775146484,31.369075775146484,1101,523
2026-03-28T08:18:51.427323,1599,11.234440088272095,669,663.949999999998,686,686,False,death,0,0,0,0,0,0,21.654040404040405,0.9924514200298924,29.64875030517578,29.64875030517578,453,215
2026-03-28T08:18:55.623457,1600,3.202038049697876,191,276.30000000000047,312,312,False,death,0,0,0,0,0,0,9.848484848484848,1.4465968586387459,31.800743103027344,31.800743103027344,129,61
2026-03-28T08:19:01.726509,1601,5.169358491897583,307,254.20000000000041,292,292,False,death,0,0,0,0,0,0,9.217171717171716,0.8280130293159622,30.27545166015625,30.27545166015625,207,99
2026-03-28T08:19:26.364656,1602,21.647979736328125,1301,665.6999999999887,723,723,False,stuck_timeout,0,0,0,0,0,0,22.821969696969695,0.5116833205226662,31.251068115234375,31.251068115234375,880,420
2026-03-28T08:19:40.778036,1603,12.364240407943726,739,682.7999999999989,702,702,False,death,0,0,0,0,0,0,22.15909090909091,0.9239512855209728,30.341705322265625,30.341705322265625,499,239
2026-03-28T08:20:28.259992,1604,42.536824464797974,2551,1902.0999999999663,1899,1899,False,death,0,0,0,0,0,0,59.94318181818182,0.745629165033307,32.053123474121094,32.053123474121094,1724,826
2026-03-28T08:20:57.230572,1605,25.719398736953735,1544,626.6499999999774,723,723,False,stuck_timeout,0,0,0,0,0,0,22.821969696969695,0.4058613989637159,34.301422119140625,34.301422119140625,1043,500
2026-03-28T08:21:01.454219,1606,3.405575752258301,202,272.75000000000045,307,307,False,death,0,0,0,0,0,0,9.690656565656566,1.3502475247524774,30.073497772216797,30.073497772216797,136,65
2026-03-28T08:21:28.442361,1607,23.824787378311157,1424,742.2499999999878,783,783,False,death,0,0,0,0,0,0,24.71590909090909,0.5212429775280814,29.619503021240234,29.619503021240234,961,462
2026-03-28T08:21:35.569567,1608,6.181914329528809,367,225.10000000000068,262,262,False,death,0,0,0,0,0,0,8.27020202020202,0.6133514986376041,32.217411041259766,32.217411041259766,247,119
2026-03-28T08:21:52.281896,1609,14.48808765411377,868,693.2499999999961,722,722,False,death,0,0,0,0,0,0,22.79040404040404,0.7986751152073688,29.727371215820312,29.727371215820312,585,282
2026-03-28T08:22:12.104660,1610,17.30957818031311,1035,658.9499999999904,723,723,False,stuck_timeout,0,0,0,0,0,0,22.821969696969695,0.6366666666666574,30.07018280029297,30.07018280029297,698,336
2026-03-28T08:22:15.835730,1611,2.9453125,173,275.9500000000003,311,311,False,death,0,0,0,0,0,0,9.816919191919192,1.5950867052023137,31.845563888549805,31.845563888549805,116,56
2026-03-28T08:22:39.741212,1612,21.089824438095093,1262,814.6499999999885,849,849,False,death,0,0,0,0,0,0,26.799242424242426,0.6455229793977721,30.478984832763672,30.478984832763672,850,411
2026-03-28T08:22:55.591299,1613,13.72737979888916,822,663.3999999999911,709,709,False,death,0,0,0,0,0,0,22.380050505050505,0.8070559610705488,28.19508934020996,28.19508934020996,553,268
2026-03-28T08:23:28.486970,1614,29.277996301651,1755,650.7499999999835,723,723,False,stuck_timeout,0,0,0,0,0,0,22.821969696969695,0.3707977207977114,32.415870666503906,32.415870666503906,1182,572
2026-03-28T08:23:34.714007,1615,5.349881649017334,321,254.9000000000003,289,289,False,death,0,0,0,0,0,0,9.122474747474747,0.7940809968847361,31.49665069580078,31.49665069580078,216,104
2026-03-28T08:24:05.648809,1616,27.375444173812866,1645,643.5999999999827,723,723,False,stuck_timeout,0,0,0,0,0,0,22.821969696969695,0.3912462006078922,31.22536849975586,31.22536849975586,1107,537
2026-03-28T08:24:40.007266,1617,30.648918390274048,1838,644.3499999999771,736,736,False,stuck_timeout,0,0,0,0,0,0,23.232323232323232,0.3505712731229473,30.02874755859375,30.02874755859375,1236,601
2026-03-28T08:25:02.883388,1618,20.18364143371582,1209,853.8499999999854,899,899,False,death,0,0,0,0,0,0,28.377525252525253,0.7062448304383667,32.64754867553711,32.64754867553711,813,395
2026-03-28T08:25:38.443366,1619,31.712960243225098,1900,828.049999999974,898,898,False,stuck_timeout,0,0,0,0,0,0,28.345959595959595,0.43581578947367056,33.0841178894043,33.0841178894043,1277,622
2026-03-28T08:25:43.330657,1620,3.816789388656616,227,256.7500000000005,290,290,False,death,0,0,0,0,0,0,9.154040404040405,1.1310572687224691,30.849002838134766,30.849002838134766,152,74
2026-03-28T08:25:59.232978,1621,14.58515739440918,873,542.6499999999925,595,595,False,stuck_timeout,0,0,0,0,0,0,18.781565656565657,0.6215922107674599,32.64712905883789,32.64712905883789,586,286
2026-03-28T08:26:04.382202,1622,4.291038751602173,254,269.3500000000005,305,305,False,death,0,0,0,0,0,0,9.627525252525253,1.0604330708661436,31.020917892456055,31.020917892456055,170,83
2026-03-28T08:26:10.908559,1623,5.527715682983398,333,254.6500000000007,287,287,False,death,0,0,0,0,0,0,9.059343434343434,0.7647147147147167,31.943279266357422,31.943279266357422,223,109
2026-03-28T08:26:22.892954,1624,10.911575078964233,653,218.4999999999999,275,275,False,death,0,0,0,0,0,0,8.680555555555555,0.33460949464012235,32.183685302734375,32.183685302734375,438,214
2026-03-28T08:26:41.947099,1625,17.68050765991211,1061,529.9999999999968,595,595,False,stuck_timeout,0,0,0,0,0,0,18.781565656565657,0.4995287464655955,32.58030700683594,32.58030700683594,712,348
2026-03-28T08:26:53.041570,1626,10.057656288146973,602,286.7499999999972,347,347,False,stuck_timeout,0,0,0,0,0,0,10.953282828282829,0.47632890365448044,30.743932723999023,30.743932723999023,404,197
2026-03-28T08:27:27.094845,1627,30.21385407447815,1812,609.0499999999702,722,722,False,stuck_timeout,0,0,0,0,0,0,22.79040404040404,0.3361203090507562,31.905162811279297,31.905162811279297,1216,595
2026-03-28T08:27:31.701842,1628,3.743452548980713,222,258.0500000000006,292,292,False,death,0,0,0,0,0,0,9.217171717171716,1.16238738738739,30.561382293701172,30.561382293701172,149,72
2026-03-28T08:27:56.344595,1629,23.021483421325684,1383,527.9999999999924,595,595,False,stuck_timeout,0,0,0,0,0,0,18.781565656565657,0.38177874186550426,30.919296264648438,30.919296264648438,928,454
2026-03-28T08:28:00.708797,1630,3.5231854915618896,211,260.6500000000006,295,295,False,death,0,0,0,0,0,0,9.311868686868687,1.2353080568720407,30.676944732666016,30.676944732666016,141,69
2026-03-28T08:28:08.849171,1631,7.112279891967773,422,255.15000000000023,292,292,False,death,0,0,0,0,0,0,9.217171717171716,0.6046208530805692,32.26971435546875,32.26971435546875,283,138
2026-03-28T08:28:52.474016,1632,38.93297004699707,2337,640.4499999999771,723,723,False,stuck_timeout,0,0,0,0,0,0,22.821969696969695,0.2740479246897634,31.098058700561523,31.098058700561523,1568,768
2026-03-28T08:29:12.027464,1633,17.119555473327637,1024,678.0999999999906,723,723,False,stuck_timeout,0,0,0,0,0,0,22.821969696969695,0.6622070312499908,31.85671615600586,31.85671615600586,687,336
2026-03-28T08:29:18.979669,1634,5.986544132232666,353,257.7500000000006,290,290,False,death,0,0,0,0,0,0,9.154040404040405,0.7301699716713899,32.4736442565918,32.4736442565918,236,116
2026-03-28T08:29:39.815679,1635,18.2881920337677,1096,672.5999999999917,724,724,False,stuck_timeout,0,0,0,0,0,0,22.853535353535353,0.6136861313868538,28.63483238220215,28.63483238220215,734,361
2026-03-28T08:29:48.855443,1636,7.975127458572388,479,205.1000000000007,240,240,False,death,0,0,0,0,0,0,7.575757575757576,0.42818371607515804,29.935535430908203,29.935535430908203,321,157
2026-03-28T08:30:03.069880,1637,12.926295518875122,777,641.0999999999981,669,669,False,death,0,0,0,0,0,0,21.117424242424242,0.8250965250965226,31.808746337890625,31.808746337890625,521,255
2026-03-28T08:30:09.785270,1638,5.819296836853027,349,196.15000000000086,243,243,False,death,0,0,0,0,0,0,7.670454545454546,0.5620343839541572,32.06987762451172,32.06987762451172,234,114
2026-03-28T08:30:22.219177,1639,11.317519426345825,677,638.0499999999981,664,664,False,death,0,0,0,0,0,0,20.95959595959596,0.9424667651403222,27.79207420349121,27.79207420349121,453,223
2026-03-28T08:31:01.431142,1640,35.123313665390015,2108,547.799999999981,627,627,False,stuck_timeout,0,0,0,0,0,0,19.791666666666664,0.2598671726755128,30.31582260131836,30.31582260131836,1412,695
2026-03-28T08:31:34.317977,1641,29.132485151290894,1751,1100.6999999999819,1125,1125,False,death,0,0,0,0,0,0,35.51136363636363,0.6286122215876538,32.924713134765625,32.924713134765625,1173,577
2026-03-28T08:31:50.484838,1642,14.835286140441895,889,643.9999999999935,686,686,False,death,0,0,0,0,0,0,21.654040404040405,0.7244094488188904,31.89337158203125,31.89337158203125,595,293
2026-03-28T08:32:31.703860,1643,36.916645526885986,2212,1404.0499999999713,1422,1422,False,death,0,0,0,0,0,0,44.88636363636363,0.634742314647365,30.623266220092773,30.623266220092773,1481,730
2026-03-28T08:32:37.449841,1644,4.823829174041748,285,251.90000000000074,284,284,False,death,0,0,0,0,0,0,8.964646464646464,0.8838596491228097,30.758108139038086,30.758108139038086,190,94
2026-03-28T08:32:53.928564,1645,15.203062295913696,914,658.8999999999943,692,692,False,death,0,0,0,0,0,0,21.843434343434343,0.720897155361044,32.604164123535156,32.604164123535156,611,302
2026-03-28T08:33:00.310511,1646,5.443417072296143,323,207.10000000000073,246,246,False,death,0,0,0,0,0,0,7.765151515151516,0.6411764705882376,32.493831634521484,32.493831634521484,216,106
2026-03-28T08:33:18.635899,1647,16.941053867340088,1013,550.5999999999924,605,605,False,stuck_timeout,0,0,0,0,0,0,19.09722222222222,0.5435340572556687,30.20009422302246,30.20009422302246,678,334
2026-03-28T08:33:24.050169,1648,4.502438545227051,269,270.45000000000033,305,305,False,death,0,0,0,0,0,0,9.627525252525253,1.005390334572492,31.219470977783203,31.219470977783203,180,88
2026-03-28T08:33:29.281423,1649,4.3959801197052,260,251.90000000000063,285,285,False,death,0,0,0,0,0,0,8.996212121212121,0.9688461538461562,32.237518310546875,32.237518310546875,174,85
2026-03-28T08:33:35.077793,1650,4.863515853881836,291,224.55000000000047,258,258,False,death,0,0,0,0,0,0,8.143939393939394,0.7716494845360841,30.395278930664062,30.395278930664062,194,96
2026-03-28T08:33:51.458936,1651,14.181674718856812,852,688.9499999999972,722,722,False,death,0,0,0,0,0,0,22.79040404040404,0.808626760563377,30.84689712524414,30.84689712524414,570,281
2026-03-28T08:34:10.428660,1652,16.652488470077515,994,673.8499999999905,723,723,False,stuck_timeout,0,0,0,0,0,0,22.821969696969695,0.6779175050301715,30.972610473632812,30.972610473632812,664,329
2026-03-28T08:34:19.076604,1653,7.249135494232178,433,696.3999999999982,723,723,False,death,0,0,0,0,0,0,22.821969696969695,1.608314087759811,31.002729415893555,31.002729415893555,289,143
2026-03-28T08:35:22.372006,1654,56.98743295669556,3422,1061.0499999999652,1128,1128,False,death,0,0,0,0,0,0,35.60606060606061,0.31006721215662336,30.88290023803711,30.88290023803711,2286,1135
2026-03-28T08:35:46.807142,1655,21.504189491271973,1286,669.3499999999917,723,723,False,stuck_timeout,0,0,0,0,0,0,22.821969696969695,0.5204898911352969,29.567052841186523,29.567052841186523,858,427
2026-03-28T08:36:20.540657,1656,29.886185884475708,1793,826.7499999999789,899,899,False,stuck_timeout,0,0,0,0,0,0,28.377525252525253,0.4610987172336748,30.53571128845215,30.53571128845215,1196,596
2026-03-28T08:36:37.015776,1657,15.152202367782593,905,623.5999999999974,654,654,False,death,0,0,0,0,0,0,20.643939393939394,0.6890607734806601,31.512596130371094,31.512596130371094,604,300
2026-03-28T08:36:49.694491,1658,11.555758714675903,693,682.0499999999981,702,702,False,death,0,0,0,0,0,0,22.15909090909091,0.9841991341991315,30.006038665771484,30.006038665771484,462,230
2026-03-28T08:37:13.067583,1659,20.565595149993896,1233,661.2999999999862,722,722,False,stuck_timeout,0,0,0,0,0,0,22.79040404040404,0.5363341443633303,31.449108123779297,31.449108123779297,822,410
2026-03-28T08:37:25.256919,1660,10.462838172912598,621,634.1999999999965,663,663,False,death,0,0,0,0,0,0,20.928030303030305,1.0212560386473375,31.89057731628418,31.89057731628418,414,206
2026-03-28T08:37:53.502409,1661,24.947213649749756,1496,787.3999999999783,852,852,False,death,0,0,0,0,0,0,26.89393939393939,0.5263368983957074,31.093830108642578,31.093830108642578,997,498
2026-03-28T08:38:15.034699,1662,18.830286502838135,1131,670.1499999999869,723,723,False,stuck_timeout,0,0,0,0,0,0,22.821969696969695,0.5925287356321723,33.128662109375,33.128662109375,753,377
2026-03-28T08:38:32.287544,1663,14.953513145446777,893,820.9499999999946,842,842,False,death,0,0,0,0,0,0,26.57828282828283,0.9193169092945068,31.06841278076172,31.06841278076172,594,298
2026-03-28T08:38:41.548890,1664,8.278579473495483,495,237.30000000000035,287,287,False,death,0,0,0,0,0,0,9.059343434343434,0.4793939393939401,32.089561462402344,32.089561462402344,329,165
2026-03-28T08:38:59.481371,1665,16.438525438308716,986,642.9999999999967,666,666,False,death,0,0,0,0,0,0,21.022727272727273,0.6521298174442157,31.193275451660156,31.193275451660156,656,329
2026-03-28T08:39:19.610892,1666,17.66938614845276,1056,667.4999999999897,723,723,False,stuck_timeout,0,0,0,0,0,0,22.821969696969695,0.6321022727272629,28.767621994018555,28.767621994018555,702,353
2026-03-28T08:39:23.733649,1667,3.3317747116088867,195,274.70000000000067,308,308,False,death,0,0,0,0,0,0,9.722222222222223,1.4087179487179522,31.96504783630371,31.96504783630371,129,65
2026-03-28T08:39:53.956732,1668,26.905399322509766,1612,668.7499999999856,723,723,False,stuck_timeout,0,0,0,0,0,0,22.821969696969695,0.41485732009924664,30.26449203491211,30.26449203491211,1072,539
2026-03-28T08:40:01.595214,1669,6.611146688461304,392,187.20000000000067,231,231,False,death,0,0,0,0,0,0,7.291666666666667,0.477551020408165,30.20844078063965,30.20844078063965,260,131
2026-03-28T08:40:21.064512,1670,18.016331434249878,1082,620.4000000000005,660,660,False,death,0,0,0,0,0,0,20.833333333333336,0.5733826247689469,31.758411407470703,31.758411407470703,719,362
2026-03-28T08:40:26.058384,1671,4.075238227844238,243,250.30000000000055,284,284,False,death,0,0,0,0,0,0,8.964646464646464,1.0300411522633768,29.918209075927734,29.918209075927734,161,81
2026-03-28T08:40:50.956713,1672,22.01503324508667,1322,654.0999999999833,723,723,False,stuck_timeout,0,0,0,0,0,0,22.821969696969695,0.4947806354008951,30.24066162109375,30.24066162109375,879,442
2026-03-28T08:40:54.859262,1673,3.1193249225616455,185,271.30000000000047,305,305,False,death,0,0,0,0,0,0,9.627525252525253,1.466486486486489,30.197017669677734,30.197017669677734,123,61
2026-03-28T08:41:03.072731,1674,7.208119869232178,427,215.40000000000052,253,253,False,death,0,0,0,0,0,0,7.986111111111111,0.504449648711945,28.519384384155273,28.519384384155273,283,143
2026-03-28T08:41:51.632646,1675,43.28766703605652,2600,782.6499999999572,899,899,False,stuck_timeout,0,0,0,0,0,0,28.377525252525253,0.30101923076921433,31.65369987487793,31.65369987487793,1727,872
2026-03-28T08:42:07.310946,1676,14.301148414611816,855,545.1999999999945,595,595,False,stuck_timeout,0,0,0,0,0,0,18.781565656565657,0.6376608187134438,32.126747131347656,32.126747131347656,568,286
2026-03-28T08:42:26.259158,1677,17.58195471763611,1057,669.6999999999953,695,695,False,death,0,0,0,0,0,0,21.93813131313131,0.6335856196783304,29.56853485107422,29.56853485107422,702,354
2026-03-28T08:42:59.770761,1678,29.955613374710083,1800,647.3999999999871,722,722,False,stuck_timeout,0,0,0,0,0,0,22.79040404040404,0.35966666666665953,29.267520904541016,29.267520904541016,1195,604
2026-03-28T08:43:27.668478,1679,24.746436595916748,1485,666.4999999999856,723,723,False,stuck_timeout,0,0,0,0,0,0,22.821969696969695,0.4488215488215391,31.315261840820312,31.315261840820312,985,499
2026-03-28T08:43:52.948256,1680,22.24584436416626,1336,662.3499999999829,723,723,False,stuck_timeout,0,0,0,0,0,0,22.821969696969695,0.4957709580838195,30.628616333007812,30.628616333007812,886,449
2026-03-28T08:44:27.600034,1681,30.916275024414062,1858,824.6999999999795,899,899,False,stuck_timeout,0,0,0,0,0,0,28.377525252525253,0.44386437029062403,30.45870018005371,30.45870018005371,1232,625
2026-03-28T08:44:57.485449,1682,26.597191095352173,1596,834.7999999999855,898,898,False,death,0,0,0,0,0,0,28.345959595959595,0.5230576441102666,31.874418258666992,31.874418258666992,1058,537
2026-03-28T08:45:20.279929,1683,20.031911611557007,1200,675.6499999999894,724,724,False,stuck_timeout,0,0,0,0,0,0,22.853535353535353,0.5630416666666579,35.84695816040039,35.84695816040039,795,404
2026-03-28T08:45:37.939549,1684,16.293195724487305,978,545.9999999999931,594,594,False,stuck_timeout,0,0,0,0,0,0,18.75,0.55828220858895,33.355857849121094,33.355857849121094,648,329
2026-03-28T08:46:14.779264,1685,32.34951305389404,1936,1370.9499999999643,1434,1434,False,death,0,0,0,0,0,0,45.265151515151516,0.708135330578494,31.713237762451172,31.713237762451172,1282,653
2026-03-28T08:46:34.005499,1686,16.76247477531433,1004,672.9499999999903,724,724,False,stuck_timeout,0,0,0,0,0,0,22.853535353535353,0.6702689243027792,30.14740753173828,30.14740753173828,664,339
2026-03-28T08:46:52.343262,1687,16.09492826461792,967,672.1499999999902,723,723,False,stuck_timeout,0,0,0,0,0,0,22.821969696969695,0.6950879007238782,31.027341842651367,31.027341842651367,639,327
2026-03-28T08:47:14.647701,1688,19.619964122772217,1173,674.6999999999925,722,722,False,stuck_timeout,0,0,0,0,0,0,22.79040404040404,0.5751918158567711,30.88636016845703,30.88636016845703,775,397
2026-03-28T08:47:47.673574,1689,29.30599856376648,1756,828.0999999999781,898,898,False,stuck_timeout,0,0,0,0,0,0,28.345959595959595,0.47158314350796016,32.2745361328125,32.2745361328125,1160,595
2026-03-28T08:48:33.053982,1690,40.504570960998535,2433,742.0999999999692,918,918,False,stuck_timeout,0,0,0,0,0,0,28.97727272727273,0.305014385532252,30.828384399414062,30.828384399414062,1607,825
2026-03-28T08:48:58.440345,1691,22.449389934539795,1348,841.1499999999797,898,898,False,stuck_timeout,0,0,0,0,0,0,28.345959595959595,0.6239985163204598,31.458972930908203,31.458972930908203,890,457
2026-03-28T08:49:05.896592,1692,6.5542309284210205,390,659.6999999999988,688,688,False,death,0,0,0,0,0,0,21.71717171717172,1.6915384615384585,31.54651641845703,31.54651641845703,257,132
2026-03-28T08:49:29.267083,1693,20.58677625656128,1234,686.6499999999915,723,723,False,death,0,0,0,0,0,0,22.821969696969695,0.5564424635332184,31.522159576416016,31.522159576416016,814,419
2026-03-28T08:49:40.994189,1694,10.607187986373901,631,651.0499999999977,676,676,False,death,0,0,0,0,0,0,21.338383838383837,1.031774960380345,30.137252807617188,30.137252807617188,416,214
2026-03-28T08:50:08.211920,1695,25.510150909423828,1527,502.99999999998465,595,595,False,stuck_timeout,0,0,0,0,0,0,18.781565656565657,0.3294040602488439,31.107009887695312,31.107009887695312,1007,519
2026-03-28T08:50:12.507952,1696,3.507969379425049,207,264.55000000000047,298,298,False,death,0,0,0,0,0,0,9.406565656565656,1.2780193236714998,33.01995849609375,33.01995849609375,136,70
2026-03-28T08:50:37.350800,1697,22.014567375183105,1321,686.0999999999908,722,722,False,death,0,0,0,0,0,0,22.79040404040404,0.5193792581377674,30.433902740478516,30.433902740478516,871,449
2026-03-28T08:51:15.030816,1698,33.59176182746887,2013,643.3499999999789,724,724,False,stuck_timeout,0,0,0,0,0,0,22.853535353535353,0.31959761549924437,31.278364181518555,31.278364181518555,1327,685
2026-03-28T08:51:37.979032,1699,20.088685035705566,1206,1408.799999999983,1429,1429,False,death,0,0,0,0,0,0,45.10732323232323,1.1681592039800852,31.550933837890625,31.550933837890625,794,411
2026-03-28T08:51:43.312975,1700,4.254164695739746,255,262.6500000000005,296,296,False,death,0,0,0,0,0,0,9.343434343434344,1.030000000000002,31.577682495117188,31.577682495117188,167,87
2026-03-28T08:52:25.289478,1701,37.593438386917114,2257,797.0999999999739,899,899,False,stuck_timeout,0,0,0,0,0,0,28.377525252525253,0.35316792202036945,31.2629451751709,31.2629451751709,1485,771
2026-03-28T08:52:29.858695,1702,3.7554383277893066,223,271.7000000000004,306,306,False,death,0,0,0,0,0,0,9.659090909090908,1.218385650224217,31.27040672302246,31.27040672302246,146,76
2026-03-28T08:52:34.657903,1703,3.8845229148864746,233,255.75000000000082,288,288,False,death,0,0,0,0,0,0,9.090909090909092,1.0976394849785442,30.266387939453125,30.266387939453125,153,79
2026-03-28T08:52:39.905495,1704,4.367352485656738,259,245.95000000000067,280,280,False,death,0,0,0,0,0,0,8.83838383838384,0.9496138996139022,31.174360275268555,31.174360275268555,170,88
2026-03-28T08:52:45.536750,1705,4.792851686477661,281,263.6000000000003,297,297,False,death,0,0,0,0,0,0,9.375,0.9380782918149477,29.49274253845215,29.49274253845215,184,96
2026-03-28T08:53:35.814974,1706,45.04890775680542,2702,560.0999999999636,723,723,False,stuck_timeout,0,0,0,0,0,0,22.821969696969695,0.20729089563285108,30.974838256835938,30.974838256835938,1777,924
2026-03-28T08:53:52.056048,1707,14.21571397781372,851,1103.9999999999861,1135,1135,False,death,0,0,0,0,0,0,35.82702020202021,1.297297297297281,31.144664764404297,31.144664764404297,559,291
2026-03-28T08:54:37.043189,1708,40.43086838722229,2428,822.7499999999707,898,898,False,stuck_timeout,0,0,0,0,0,0,28.345959595959595,0.33885914332782974,30.089523315429688,30.089523315429688,1595,832
2026-03-28T08:54:50.163266,1709,11.901977777481079,716,659.3999999999991,687,687,False,death,0,0,0,0,0,0,21.685606060606062,0.9209497206703897,30.103012084960938,30.103012084960938,470,245
2026-03-28T08:55:09.410832,1710,17.73528218269348,1065,545.399999999994,595,595,False,stuck_timeout,0,0,0,0,0,0,18.781565656565657,0.5121126760563324,31.094085693359375,31.094085693359375,700,364
2026-03-28T08:55:15.261069,1711,4.898736476898193,293,218.7000000000007,251,251,False,death,0,0,0,0,0,0,7.9229797979797985,0.7464163822525621,30.8721923828125,30.8721923828125,192,100
2026-03-28T08:55:19.847835,1712,3.792187213897705,226,266.45000000000033,300,300,False,death,0,0,0,0,0,0,9.469696969696969,1.1789823008849571,31.572898864746094,31.572898864746094,148,77
2026-03-28T08:55:24.400954,1713,3.728243827819824,221,254.55000000000047,288,288,False,death,0,0,0,0,0,0,9.090909090909092,1.1518099547511333,30.537099838256836,30.537099838256836,145,75
2026-03-28T08:55:36.359515,1714,10.869743585586548,649,676.199999999999,704,704,False,death,0,0,0,0,0,0,22.22222222222222,1.0419106317411386,31.21383285522461,31.21383285522461,426,222
2026-03-28T08:55:56.450173,1715,17.62806272506714,1053,687.3999999999936,723,723,False,death,0,0,0,0,0,0,22.821969696969695,0.6528015194681801,32.840126037597656,32.840126037597656,691,361
2026-03-28T08:56:11.459353,1716,13.675190210342407,819,379.5999999999976,440,440,False,stuck_timeout,0,0,0,0,0,0,13.88888888888889,0.4634920634920605,31.11224937438965,31.11224937438965,538,280
2026-03-28T08:56:21.852686,1717,9.359031438827515,562,644.6499999999983,669,669,False,death,0,0,0,0,0,0,21.117424242424242,1.1470640569394988,31.625442504882812,31.625442504882812,369,192
2026-03-28T08:56:26.626940,1718,3.9727256298065186,238,256.25000000000074,289,289,False,death,0,0,0,0,0,0,9.122474747474747,1.0766806722689106,31.84438705444336,31.84438705444336,156,81
2026-03-28T08:56:30.553812,1719,3.137453317642212,189,272.9500000000004,306,306,False,death,0,0,0,0,0,0,9.659090909090908,1.4441798941798962,30.60433578491211,30.60433578491211,124,64
2026-03-28T08:56:44.823016,1720,12.259655714035034,736,379.39999999999714,437,437,False,stuck_timeout,0,0,0,0,0,0,13.79419191919192,0.5154891304347787,31.8394832611084,31.8394832611084,483,252
2026-03-28T08:57:02.273405,1721,16.068923950195312,965,625.2499999999922,668,668,False,death,0,0,0,0,0,0,21.085858585858585,0.6479274611398882,33.665279388427734,33.665279388427734,633,331
2026-03-28T08:57:20.371332,1722,15.759718894958496,944,675.9999999999928,723,723,False,stuck_timeout,0,0,0,0,0,0,22.821969696969695,0.7161016949152467,29.963680267333984,29.963680267333984,619,324
2026-03-28T08:57:51.300782,1723,27.57767152786255,1651,857.3999999999832,898,898,False,death,0,0,0,0,0,0,28.345959595959595,0.519321623258621,32.4652099609375,32.4652099609375,1083,567
2026-03-28T08:58:36.816043,1724,40.69370484352112,2442,1068.0499999999683,1138,1138,False,death,0,0,0,0,0,0,35.92171717171717,0.4373669123668994,28.77168846130371,28.77168846130371,1601,840
2026-03-28T08:58:55.704592,1725,17.44873023033142,1046,630.7999999999951,670,670,False,death,0,0,0,0,0,0,21.148989898989896,0.6030592734225574,32.01882553100586,32.01882553100586,685,360
2026-03-28T08:59:17.351017,1726,19.166544198989868,1145,1780.1999999999764,1782,1782,False,death,0,0,0,0,0,0,56.25,1.5547598253274904,31.808609008789062,31.808609008789062,750,394
2026-03-28T08:59:33.799308,1727,15.069676399230957,901,547.8999999999933,595,595,False,stuck_timeout,0,0,0,0,0,0,18.781565656565657,0.6081021087680281,31.832561492919922,31.832561492919922,590,310
2026-03-28T08:59:40.665445,1728,5.933663845062256,353,264.1000000000003,300,300,False,death,0,0,0,0,0,0,9.469696969696969,0.7481586402266298,30.696895599365234,30.696895599365234,231,121
2026-03-28T08:59:58.462809,1729,15.499943256378174,929,830.4999999999919,854,854,False,death,0,0,0,0,0,0,26.957070707070706,0.8939720129171065,32.89439010620117,32.89439010620117,608,320
2026-03-28T09:00:23.423513,1730,22.026198148727417,1322,665.7499999999897,723,723,False,stuck_timeout,0,0,0,0,0,0,22.821969696969695,0.5035930408471934,31.0626220703125,31.0626220703125,865,456
2026-03-28T09:00:54.876475,1731,27.961292028427124,1681,2016.6999999999694,2008,2008,False,death,0,0,0,0,0,0,63.38383838383839,1.1997025580011715,32.354034423828125,32.354034423828125,1099,581
2026-03-28T09:01:09.910787,1732,13.771889686584473,825,532.3499999999933,595,595,False,stuck_timeout,0,0,0,0,0,0,18.781565656565657,0.6452727272727191,33.401424407958984,33.401424407958984,539,285
2026-03-28T09:01:17.611922,1733,6.698075294494629,402,231.65000000000066,268,268,False,death,0,0,0,0,0,0,8.45959595959596,0.576243781094529,32.16917037963867,32.16917037963867,263,138
2026-03-28T09:01:35.241970,1734,16.30628228187561,976,569.0999999999932,617,617,False,stuck_timeout,0,0,0,0,0,0,19.476010101010104,0.583094262295075,31.392879486083984,31.392879486083984,638,337
2026-03-28T09:01:49.508078,1735,13.098670482635498,783,653.149999999998,678,678,False,death,0,0,0,0,0,0,21.401515151515152,0.8341634738186438,32.23676681518555,32.23676681518555,512,270
2026-03-28T09:02:14.712580,1736,22.388712167739868,1340,637.699999999983,722,722,False,stuck_timeout,0,0,0,0,0,0,22.79040404040404,0.475895522388047,33.033660888671875,33.033660888671875,876,463
2026-03-28T09:02:21.188602,1737,5.555519342422485,333,207.0500000000007,246,246,False,death,0,0,0,0,0,0,7.765151515151516,0.6217717717717739,30.43560791015625,30.43560791015625,217,115
2026-03-28T09:02:43.764049,1738,20.98358988761902,1262,519.2999999999892,595,595,False,stuck_timeout,0,0,0,0,0,0,18.781565656565657,0.4114896988906412,31.1505126953125,31.1505126953125,825,436
2026-03-28T09:03:05.357471,1739,20.063434600830078,1203,537.4499999999907,596,596,False,stuck_timeout,0,0,0,0,0,0,18.81313131313131,0.4467581047381469,31.17323875427246,31.17323875427246,786,416
2026-03-28T09:03:22.511029,1740,14.877720832824707,889,537.549999999994,595,595,False,stuck_timeout,0,0,0,0,0,0,18.781565656565657,0.6046681664791834,31.5179500579834,31.5179500579834,581,307
2026-03-28T09:03:48.254050,1741,22.56203603744507,1348,855.4499999999857,900,900,False,death,0,0,0,0,0,0,28.40909090909091,0.6346068249258054,30.48293113708496,30.48293113708496,880,467
2026-03-28T09:03:53.235476,1742,4.056804180145264,238,265.5000000000006,299,299,False,death,0,0,0,0,0,0,9.438131313131313,1.1155462184873977,32.63230895996094,32.63230895996094,155,82
2026-03-28T09:04:20.231648,1743,23.930603981018066,1435,1203.79999999998,1219,1219,False,death,0,0,0,0,0,0,38.47853535353536,0.8388850174215888,33.64887237548828,33.64887237548828,937,497
2026-03-28T09:04:43.625288,1744,20.60318922996521,1233,843.6499999999868,899,899,False,stuck_timeout,0,0,0,0,0,0,28.377525252525253,0.6842254663422439,31.42864990234375,31.42864990234375,804,428
2026-03-28T09:05:27.496384,1745,39.16536498069763,2351,787.6499999999634,899,899,False,stuck_timeout,0,0,0,0,0,0,28.377525252525253,0.33502764780942723,32.227149963378906,32.227149963378906,1533,817
2026-03-28T09:05:33.480919,1746,5.028107404708862,299,215.7000000000004,250,250,False,death,0,0,0,0,0,0,7.891414141414141,0.7214046822742488,31.18404197692871,31.18404197692871,195,103
2026-03-28T09:05:40.981383,1747,6.588429927825928,393,683.0999999999974,710,710,False,death,0,0,0,0,0,0,22.411616161616163,1.7381679389312912,31.958999633789062,31.958999633789062,256,136
2026-03-28T09:06:07.852053,1748,23.84827470779419,1432,648.1499999999817,723,723,False,stuck_timeout,0,0,0,0,0,0,22.821969696969695,0.4526187150837861,30.597942352294922,30.597942352294922,933,498
2026-03-28T09:06:31.306129,1749,20.60214376449585,1236,670.5999999999884,723,723,False,stuck_timeout,0,0,0,0,0,0,22.821969696969695,0.5425566343041978,30.544849395751953,30.544849395751953,805,430
2026-03-28T09:06:41.014037,1750,8.626662492752075,515,647.2999999999995,675,675,False,death,0,0,0,0,0,0,21.306818181818183,1.2568932038834941,29.106117248535156,29.106117248535156,335,179
2026-03-28T09:06:47.063640,1751,5.149660110473633,309,255.55000000000035,289,289,False,death,0,0,0,0,0,0,9.122474747474747,0.827022653721684,32.78941345214844,32.78941345214844,201,107
2026-03-28T09:07:00.586387,1752,12.357934474945068,739,546.1499999999938,596,596,False,stuck_timeout,0,0,0,0,0,0,18.81313131313131,0.7390392422192068,31.843664169311523,31.843664169311523,481,257
2026-03-28T09:07:08.740085,1753,7.15502405166626,426,33.14999999999959,95,95,False,stuck_timeout,0,0,0,0,0,0,2.9987373737373737,0.07781690140844974,30.50392723083496,30.50392723083496,277,148
2026-03-28T09:07:31.294353,1754,21.030128717422485,1260,532.399999999993,595,595,False,stuck_timeout,0,0,0,0,0,0,18.781565656565657,0.422539682539677,30.41176414489746,30.41176414489746,821,438
2026-03-28T09:07:52.414185,1755,19.61260747909546,1179,548.349999999994,595,595,False,stuck_timeout,0,0,0,0,0,0,18.781565656565657,0.4650975402883749,30.924108505249023,30.924108505249023,768,410
2026-03-28T09:08:10.529902,1756,16.735517978668213,1000,671.3499999999964,696,696,False,death,0,0,0,0,0,0,21.96969696969697,0.6713499999999963,32.42869567871094,32.42869567871094,651,348
2026-03-28T09:08:15.581433,1757,4.156806230545044,249,239.00000000000063,272,272,False,death,0,0,0,0,0,0,8.585858585858585,0.9598393574297214,29.870512008666992,29.870512008666992,162,86
2026-03-28T09:08:45.809867,1758,26.75676918029785,1603,670.0499999999884,725,725,False,stuck_timeout,0,0,0,0,0,0,22.88510101010101,0.4179975046787201,31.802038192749023,31.802038192749023,1044,558
2026-03-28T09:09:11.000200,1759,23.581986904144287,1414,525.1999999999892,595,595,False,stuck_timeout,0,0,0,0,0,0,18.781565656565657,0.37142857142856384,30.94936752319336,30.94936752319336,921,492
2026-03-28T09:09:24.515471,1760,11.591833591461182,693,673.2999999999975,701,701,False,death,0,0,0,0,0,0,22.127525252525253,0.9715728715728679,30.754108428955078,30.754108428955078,451,241
2026-03-28T09:09:41.437630,1761,14.619495868682861,877,691.3499999999927,723,723,False,death,0,0,0,0,0,0,22.821969696969695,0.7883124287343133,30.02509117126465,30.02509117126465,570,306
2026-03-28T09:09:45.580018,1762,3.3353047370910645,198,260.8500000000003,295,295,False,death,0,0,0,0,0,0,9.311868686868687,1.317424242424244,32.80877685546875,32.80877685546875,128,69
2026-03-28T09:10:17.164760,1763,27.838454723358154,1671,839.1999999999795,898,898,False,death,0,0,0,0,0,0,28.345959595959595,0.5022142429682702,31.4918270111084,31.4918270111084,1086,584
2026-03-28T09:10:20.704808,1764,2.7706010341644287,163,278.5500000000005,313,313,False,death,0,0,0,0,0,0,9.880050505050505,1.7088957055214755,30.954946517944336,30.954946517944336,106,56
2026-03-28T09:10:42.789395,1765,19.392135858535767,1161,680.3999999999942,722,722,False,death,0,0,0,0,0,0,22.79040404040404,0.586046511627902,33.35243225097656,33.35243225097656,754,406
2026-03-28T09:10:56.268480,1766,12.288835525512695,735,631.749999999996,661,661,False,death,0,0,0,0,0,0,20.86489898989899,0.8595238095238041,31.94036865234375,31.94036865234375,477,257
2026-03-28T09:11:00.524174,1767,3.4283769130706787,201,256.0000000000004,292,292,False,death,0,0,0,0,0,0,9.217171717171716,1.2736318407960219,32.56974411010742,32.56974411010742,130,70
2026-03-28T09:11:18.255811,1768,16.28287386894226,977,654.3999999999949,697,697,False,death,0,0,0,0,0,0,22.001262626262626,0.6698055271238432,32.47579574584961,32.47579574584961,635,341
2026-03-28T09:11:57.628260,1769,35.27815818786621,2119,641.9499999999771,723,723,False,stuck_timeout,0,0,0,0,0,0,22.821969696969695,0.302949504483236,31.5575008392334,31.5575008392334,1376,742
2026-03-28T09:12:22.797447,1770,22.152660846710205,1330,663.9499999999866,723,723,False,stuck_timeout,0,0,0,0,0,0,22.821969696969695,0.49921052631577945,30.971790313720703,30.971790313720703,863,466
2026-03-28T09:12:51.217863,1771,25.173136472702026,1508,847.9999999999817,900,900,False,stuck_timeout,0,0,0,0,0,0,28.40909090909091,0.5623342175066192,31.485076904296875,31.485076904296875,978,529
2026-03-28T09:12:58.844946,1772,6.732177972793579,405,198.85000000000102,245,245,False,death,0,0,0,0,0,0,7.733585858585859,0.4909876543209902,29.91534996032715,29.91534996032715,262,142
2026-03-28T09:13:33.434908,1773,30.818039655685425,1850,811.349999999975,899,899,False,death,0,0,0,0,0,0,28.377525252525253,0.43856756756755405,31.265644073486328,31.265644073486328,1200,649
2026-03-28T09:14:14.707730,1774,36.84969210624695,2214,981.4499999999671,1067,1067,False,stuck_timeout,0,0,0,0,0,0,33.68055555555556,0.4432926829268144,30.142253875732422,30.142253875732422,1435,778
2026-03-28T09:14:35.495490,1775,19.21755075454712,1153,526.5999999999883,594,594,False,stuck_timeout,0,0,0,0,0,0,18.75,0.45672159583693694,30.62126922607422,30.62126922607422,747,405
2026-03-28T09:14:41.691584,1776,5.277478933334351,314,210.6500000000007,252,252,False,death,0,0,0,0,0,0,7.954545454545454,0.6708598726114672,33.644935607910156,33.644935607910156,203,110
2026-03-28T09:14:51.677814,1777,8.852292776107788,525,675.7499999999991,696,696,False,death,0,0,0,0,0,0,21.96969696969697,1.2871428571428554,31.2274169921875,31.2274169921875,340,184
2026-03-28T09:15:08.347423,1778,15.368501424789429,919,682.9999999999942,722,722,False,death,0,0,0,0,0,0,22.79040404040404,0.7431991294885683,33.615570068359375,33.615570068359375,595,323
2026-03-28T09:15:14.483160,1779,5.202249765396118,311,250.50000000000057,286,286,False,death,0,0,0,0,0,0,9.027777777777777,0.805466237942124,29.94790267944336,29.94790267944336,201,109
2026-03-28T09:15:52.500425,1780,33.7986159324646,2031,643.4499999999788,723,723,False,stuck_timeout,0,0,0,0,0,0,22.821969696969695,0.3168143771541008,32.34657287597656,32.34657287597656,1316,714
2026-03-28T09:16:19.565545,1781,23.78145742416382,1427,640.3499999999796,723,723,False,stuck_timeout,0,0,0,0,0,0,22.821969696969695,0.4487386124737068,33.00273513793945,33.00273513793945,924,502
2026-03-28T09:16:40.031395,1782,18.983999729156494,1135,636.8499999999951,672,672,False,death,0,0,0,0,0,0,21.21212121212121,0.5611013215858988,30.900442123413086,30.900442123413086,735,399
2026-03-28T09:17:09.004121,1783,27.173087120056152,1632,540.599999999982,634,634,False,stuck_timeout,0,0,0,0,0,0,20.012626262626263,0.33124999999998894,33.67369079589844,33.67369079589844,1057,574
2026-03-28T09:17:50.629232,1784,37.088138818740845,2225,1054.799999999969,1124,1124,False,death,0,0,0,0,0,0,35.47979797979798,0.4740674157303232,32.552730560302734,32.552730560302734,1440,784
2026-03-28T09:17:56.054431,1785,4.5762717723846436,270,267.7000000000003,308,308,False,death,0,0,0,0,0,0,9.722222222222223,0.9914814814814825,30.182233810424805,30.182233810424805,174,95
2026-03-28T09:18:16.007609,1786,18.403569221496582,1093,630.9999999999926,677,677,False,death,0,0,0,0,0,0,21.369949494949495,0.5773101555352174,30.72658348083496,30.72658348083496,707,385
2026-03-28T09:18:30.517829,1787,12.562345266342163,752,673.1999999999925,723,723,False,stuck_timeout,0,0,0,0,0,0,22.821969696969695,0.8952127659574369,31.980331420898438,31.980331420898438,486,265
2026-03-28T09:19:15.341800,1788,40.05909252166748,2406,1070.2999999999756,1123,1123,False,death,0,0,0,0,0,0,35.448232323232325,0.44484621778885103,32.27482986450195,32.27482986450195,1556,849
2026-03-28T09:19:37.848108,1789,19.757986307144165,1186,839.8499999999843,898,898,False,stuck_timeout,0,0,0,0,0,0,28.345959595959595,0.7081365935918924,30.567821502685547,30.567821502685547,766,419
2026-03-28T09:19:45.660465,1790,6.802999258041382,409,251.80000000000052,285,285,False,death,0,0,0,0,0,0,8.996212121212121,0.6156479217603925,31.719274520874023,31.719274520874023,264,144
2026-03-28T09:19:52.446585,1791,5.858012914657593,347,250.05000000000058,283,283,False,death,0,0,0,0,0,0,8.933080808080808,0.7206051873198864,30.9639892578125,30.9639892578125,224,122
2026-03-28T09:20:04.893781,1792,10.761182308197021,638,796.3999999999951,819,819,False,death,0,0,0,0,0,0,25.85227272727273,1.2482758620689578,31.242862701416016,31.242862701416016,412,225
2026-03-28T09:20:24.954790,1793,18.59700036048889,1113,541.5499999999929,594,594,False,stuck_timeout,0,0,0,0,0,0,18.75,0.48656783468103587,33.309814453125,33.309814453125,719,393
2026-03-28T09:20:33.302426,1794,7.361402988433838,442,235.35000000000065,276,276,False,death,0,0,0,0,0,0,8.712121212121213,0.5324660633484177,29.96515464782715,29.96515464782715,285,156
2026-03-28T09:20:53.885315,1795,17.99022674560547,1076,785.099999999988,824,824,False,death,0,0,0,0,0,0,26.01010101010101,0.7296468401486877,31.712623596191406,31.712623596191406,694,381
2026-03-28T09:20:59.362642,1796,4.584228515625,271,250.35000000000073,282,282,False,death,0,0,0,0,0,0,8.901515151515152,0.9238007380073828,32.88508605957031,32.88508605957031,175,95
2026-03-28T09:21:50.036399,1797,45.49082851409912,2728,622.1999999999786,723,723,False,stuck_timeout,0,0,0,0,0,0,22.821969696969695,0.22807917888562265,33.26786804199219,33.26786804199219,1761,966
2026-03-28T09:21:59.322290,1798,8.247418403625488,490,668.7999999999982,694,694,False,death,0,0,0,0,0,0,21.906565656565657,1.3648979591836699,30.749126434326172,30.749126434326172,316,173
2026-03-28T09:22:22.915766,1799,20.721548318862915,1240,1393.699999999982,1421,1421,False,death,0,0,0,0,0,0,44.85479797979798,1.1239516129032114,32.47907257080078,32.47907257080078,800,439
2026-03-28T09:22:40.211885,1800,15.002876281738281,896,649.8499999999966,674,674,False,death,0,0,0,0,0,0,21.275252525252526,0.7252790178571391,31.342052459716797,31.342052459716797,577,318
2026-03-28T09:22:45.988537,1801,4.9278340339660645,293,260.3000000000006,299,299,False,death,0,0,0,0,0,0,9.438131313131313,0.888395904436862,30.720458984375,30.720458984375,188,104
2026-03-28T09:22:49.881976,1802,3.0757462978363037,181,269.1000000000005,303,303,False,death,0,0,0,0,0,0,9.56439393939394,1.4867403314917154,33.8626708984375,33.8626708984375,116,64
2026-03-28T09:23:08.084759,1803,16.868010759353638,1008,533.0999999999938,595,595,False,stuck_timeout,0,0,0,0,0,0,18.781565656565657,0.5288690476190414,31.546215057373047,31.546215057373047,650,357
2026-03-28T09:23:32.479526,1804,21.35691213607788,1278,638.3999999999849,723,723,False,stuck_timeout,0,0,0,0,0,0,22.821969696969695,0.49953051643191304,31.887237548828125,31.887237548828125,823,454
2026-03-28T09:23:38.138052,1805,4.768353462219238,283,228.0500000000002,264,264,False,death,0,0,0,0,0,0,8.333333333333332,0.8058303886925803,30.826019287109375,30.826019287109375,182,100
2026-03-28T09:24:26.967185,1806,43.76820945739746,2627,1608.8999999999612,1663,1663,False,death,0,0,0,0,0,0,52.49368686868687,0.6124476589265174,31.50790786743164,31.50790786743164,1692,934
2026-03-28T09:24:31.426604,1807,3.614603042602539,215,259.5500000000006,293,293,False,death,0,0,0,0,0,0,9.248737373737374,1.207209302325584,32.39559555053711,32.39559555053711,138,76
2026-03-28T09:24:36.470870,1808,4.174084901809692,247,258.9000000000007,291,291,False,death,0,0,0,0,0,0,9.18560606060606,1.0481781376518247,31.732038497924805,31.732038497924805,159,87
2026-03-28T09:24:46.524644,1809,9.016817808151245,539,262.1500000000003,301,301,False,death,0,0,0,0,0,0,9.501262626262626,0.48636363636363694,32.47822189331055,32.47822189331055,347,191
2026-03-28T09:25:04.134022,1810,15.326404809951782,917,821.1999999999938,840,840,False,death,0,0,0,0,0,0,26.515151515151516,0.895528898582327,33.29985809326172,33.29985809326172,590,326
2026-03-28T09:25:28.666622,1811,21.752669095993042,1301,654.2499999999868,723,723,False,stuck_timeout,0,0,0,0,0,0,22.821969696969695,0.502882398155255,32.837684631347656,32.837684631347656,837,463
2026-03-28T09:25:33.239791,1812,3.7292704582214355,223,249.8000000000004,284,284,False,death,0,0,0,0,0,0,8.964646464646464,1.1201793721973112,31.54519271850586,31.54519271850586,143,79
2026-03-28T09:25:49.925918,1813,15.363132953643799,920,629.1999999999978,654,654,False,death,0,0,0,0,0,0,20.643939393939394,0.6839130434782584,32.08131790161133,32.08131790161133,592,327
2026-03-28T09:26:19.785511,1814,26.31536555290222,1575,671.7999999999882,723,723,False,stuck_timeout,0,0,0,0,0,0,22.821969696969695,0.42653968253967506,31.190732955932617,31.190732955932617,1013,561
2026-03-28T09:26:34.885603,1815,13.773886680603027,827,544.6999999999942,595,595,False,stuck_timeout,0,0,0,0,0,0,18.781565656565657,0.6586457073760511,32.629241943359375,32.629241943359375,532,294
2026-03-28T09:26:39.373466,1816,3.6415152549743652,219,266.55000000000035,300,300,False,death,0,0,0,0,0,0,9.469696969696969,1.2171232876712346,31.145252227783203,31.145252227783203,140,78
2026-03-28T09:26:54.711986,1817,14.094892024993896,845,681.4499999999931,722,722,False,death,0,0,0,0,0,0,22.79040404040404,0.8064497041420037,31.55572509765625,31.55572509765625,543,301
2026-03-28T09:27:09.205833,1818,13.208483695983887,788,545.3499999999943,595,595,False,stuck_timeout,0,0,0,0,0,0,18.781565656565657,0.6920685279187745,32.19164276123047,32.19164276123047,506,281
2026-03-28T09:27:25.905416,1819,15.292980909347534,914,641.9499999999999,667,667,False,death,0,0,0,0,0,0,21.054292929292927,0.7023522975929978,31.541013717651367,31.541013717651367,587,326
2026-03-28T09:27:32.569499,1820,5.443001747131348,323,252.20000000000059,288,288,False,death,0,0,0,0,0,0,9.090909090909092,0.7808049535603734,31.702131271362305,31.702131271362305,207,115
2026-03-28T09:27:51.391635,1821,16.431978464126587,984,677.6499999999912,723,723,False,stuck_timeout,0,0,0,0,0,0,22.821969696969695,0.6886686991869829,32.18281936645508,32.18281936645508,632,351
2026-03-28T09:28:21.456905,1822,26.6514732837677,1594,840.2999999999773,899,899,False,death,0,0,0,0,0,0,28.377525252525253,0.5271643663738879,34.28021240234375,34.28021240234375,1023,570
2026-03-28T09:28:26.356414,1823,4.015734434127808,241,278.75000000000045,315,315,False,death,0,0,0,0,0,0,9.943181818181818,1.1566390041493795,31.538610458374023,31.538610458374023,154,86
2026-03-28T09:28:57.594633,1824,27.741315841674805,1661,1094.04999999998,1122,1122,False,death,0,0,0,0,0,0,35.41666666666667,0.658669476219133,31.727142333984375,31.727142333984375,1066,594
2026-03-28T09:29:08.062831,1825,9.448466539382935,563,687.2999999999989,710,710,False,death,0,0,0,0,0,0,22.411616161616163,1.2207815275310816,33.43547821044922,33.43547821044922,361,201
2026-03-28T09:29:43.009704,1826,32.898661375045776,1970,645.9499999999828,722,722,False,stuck_timeout,0,0,0,0,0,0,22.79040404040404,0.3278934010152197,33.53302764892578,33.53302764892578,1264,705
2026-03-28T09:30:03.045512,1827,17.56537413597107,1051,674.949999999989,723,723,False,stuck_timeout,0,0,0,0,0,0,22.821969696969695,0.6421979067554605,32.09103012084961,32.09103012084961,674,376
2026-03-28T09:30:31.478318,1828,25.271446466445923,1514,1400.6499999999755,1412,1412,False,death,0,0,0,0,0,0,44.57070707070707,0.925132100396285,31.67220687866211,31.67220687866211,971,542
2026-03-28T09:30:48.574725,1829,14.772626876831055,888,683.7499999999934,723,723,False,death,0,0,0,0,0,0,22.821969696969695,0.7699887387387313,33.22707748413086,33.22707748413086,569,318
2026-03-28T09:31:18.565924,1830,26.63769245147705,1599,814.799999999978,899,899,False,stuck_timeout,0,0,0,0,0,0,28.377525252525253,0.5095684803001739,32.69219207763672,32.69219207763672,1024,574
2026-03-28T09:31:23.561532,1831,4.136475563049316,244,264.9500000000004,300,300,False,death,0,0,0,0,0,0,9.469696969696969,1.0858606557377064,32.294647216796875,32.294647216796875,156,87
2026-03-28T09:31:46.475233,1832,20.116323947906494,1209,675.099999999992,723,723,False,stuck_timeout,0,0,0,0,0,0,22.821969696969695,0.5583953680727808,29.101177215576172,29.101177215576172,774,434
2026-03-28T09:32:39.282537,1833,47.48706793785095,2850,753.6999999999773,828,828,False,death,0,0,0,0,0,0,26.136363636363637,0.26445614035086923,31.904293060302734,31.904293060302734,1824,1025
2026-03-28T09:32:44.539705,1834,4.366994142532349,257,238.05000000000075,271,271,False,death,0,0,0,0,0,0,8.554292929292929,0.9262645914396916,31.04979705810547,31.04979705810547,164,92
2026-03-28T09:32:51.622694,1835,6.066522598266602,362,240.65000000000055,279,279,False,death,0,0,0,0,0,0,8.806818181818182,0.6647790055248634,31.524642944335938,31.524642944335938,231,130
2026-03-28T09:33:01.546783,1836,8.871558666229248,532,676.8499999999987,700,700,False,death,0,0,0,0,0,0,22.095959595959595,1.272274436090223,31.6308650970459,31.6308650970459,340,191
2026-03-28T09:33:14.047384,1837,11.299625396728516,673,546.3999999999935,599,599,False,stuck_timeout,0,0,0,0,0,0,18.90782828282828,0.8118870728083113,30.370595932006836,30.370595932006836,430,242
2026-03-28T09:33:21.662151,1838,6.61864447593689,393,206.9000000000007,243,243,False,death,0,0,0,0,0,0,7.670454545454546,0.5264631043257015,33.06432342529297,33.06432342529297,251,141
2026-03-28T09:34:13.675497,1839,46.44429016113281,2786,799.3499999999631,899,899,False,stuck_timeout,0,0,0,0,0,0,28.377525252525253,0.28691672648957756,32.9000358581543,32.9000358581543,1782,1003
2026-03-28T09:34:32.987668,1840,16.766673803329468,1007,1111.7999999999856,1123,1123,False,death,0,0,0,0,0,0,35.448232323232325,1.1040714995034615,31.801162719726562,31.801162719726562,643,363
2026-03-28T09:35:03.040497,1841,26.579298496246338,1591,647.7999999999823,723,723,False,stuck_timeout,0,0,0,0,0,0,22.821969696969695,0.40716530483971236,32.83937072753906,32.83937072753906,1016,574
2026-03-28T09:35:23.001448,1842,17.502544403076172,1045,681.1499999999913,727,727,False,stuck_timeout,0,0,0,0,0,0,22.94823232323232,0.6518181818181735,32.84742736816406,32.84742736816406,667,377
2026-03-28T09:35:50.995152,1843,24.749300956726074,1487,836.5499999999846,899,899,False,stuck_timeout,0,0,0,0,0,0,28.377525252525253,0.5625756556825721,32.4167366027832,32.4167366027832,949,537
2026-03-28T09:35:58.995414,1844,6.933372974395752,413,219.4000000000007,252,252,False,death,0,0,0,0,0,0,7.954545454545454,0.5312348668280888,32.282203674316406,32.282203674316406,263,149
2026-03-28T09:36:16.392635,1845,15.93254804611206,955,548.8499999999958,595,595,False,stuck_timeout,0,0,0,0,0,0,18.781565656565657,0.5747120418848124,30.923351287841797,30.923351287841797,609,345
2026-03-28T09:36:20.644850,1846,3.4388246536254883,201,261.1500000000005,295,295,False,death,0,0,0,0,0,0,9.311868686868687,1.299253731343286,30.369482040405273,30.369482040405273,128,72
2026-03-28T09:36:37.512633,1847,14.636179447174072,881,674.6999999999906,724,724,False,stuck_timeout,0,0,0,0,0,0,22.853535353535353,0.7658342792281392,33.849098205566406,33.849098205566406,562,318
2026-03-28T09:36:56.871755,1848,16.961594820022583,1019,867.5499999999907,899,899,False,death,0,0,0,0,0,0,28.377525252525253,0.8513738959764384,32.49135971069336,32.49135971069336,649,369
2026-03-28T09:37:03.711050,1849,5.84563136100769,349,204.05000000000072,243,243,False,death,0,0,0,0,0,0,7.670454545454546,0.5846704871060192,31.57470703125,31.57470703125,222,126
2026-03-28T09:37:34.972962,1850,27.913328886032104,1675,829.899999999976,899,899,False,stuck_timeout,0,0,0,0,0,0,28.377525252525253,0.49546268656714987,31.354042053222656,31.354042053222656,1067,607
2026-03-28T09:37:46.261476,1851,10.163159370422363,606,692.2499999999956,722,722,False,death,0,0,0,0,0,0,22.79040404040404,1.14232673267326,31.48971176147461,31.48971176147461,386,219
2026-03-28T09:38:01.907053,1852,14.412888288497925,863,537.1499999999927,596,596,False,stuck_timeout,0,0,0,0,0,0,18.81313131313131,0.622421784472761,30.167715072631836,30.167715072631836,550,312
2026-03-28T09:38:07.487577,1853,4.744097709655762,281,236.70000000000027,271,271,False,death,0,0,0,0,0,0,8.554292929292929,0.8423487544483995,30.95128631591797,30.95128631591797,179,101
2026-03-28T09:38:50.573948,1854,38.686606884002686,2319,822.3499999999801,898,898,False,death,0,0,0,0,0,0,28.345959595959595,0.3546140577835188,33.49198913574219,33.49198913574219,1477,841
2026-03-28T09:39:06.117137,1855,13.421935081481934,805,689.4499999999946,723,723,False,death,0,0,0,0,0,0,22.821969696969695,0.8564596273291858,33.27313995361328,33.27313995361328,512,292
2026-03-28T09:39:26.088695,1856,17.49763560295105,1051,859.0999999999909,901,901,False,death,0,0,0,0,0,0,28.440656565656564,0.8174119885822939,31.271350860595703,31.271350860595703,669,381
2026-03-28T09:39:31.036442,1857,4.138865232467651,249,255.9000000000005,289,289,False,death,0,0,0,0,0,0,9.122474747474747,1.0277108433734958,31.739364624023438,31.739364624023438,158,90
2026-03-28T09:39:48.306571,1858,15.033578157424927,898,679.8999999999905,724,724,False,stuck_timeout,0,0,0,0,0,0,22.853535353535353,0.7571269487750452,32.55772018432617,32.55772018432617,571,326
2026-03-28T09:40:19.080923,1859,27.38267183303833,1645,812.4499999999726,899,899,False,stuck_timeout,0,0,0,0,0,0,28.377525252525253,0.49389057750758214,31.325407028198242,31.325407028198242,1046,598
2026-03-28T09:41:08.453561,1860,44.37438678741455,2661,1387.8499999999706,1424,1424,False,death,0,0,0,0,0,0,44.94949494949495,0.5215520481022061,32.76062774658203,32.76062774658203,1691,969
2026-03-28T09:42:03.048462,1861,49.0268816947937,2943,1043.7999999999595,1129,1129,False,death,0,0,0,0,0,0,35.63762626262626,0.35467210329594273,33.0491943359375,33.0491943359375,1869,1073
2026-03-28T09:42:48.303022,1862,40.502721071243286,2428,635.7499999999775,724,724,False,stuck_timeout,0,0,0,0,0,0,22.853535353535353,0.26184102141679466,30.80848503112793,30.80848503112793,1541,886
2026-03-28T09:43:02.766266,1863,13.260805130004883,793,695.5499999999978,722,722,False,death,0,0,0,0,0,0,22.79040404040404,0.877112232030262,32.70350646972656,32.70350646972656,503,289
2026-03-28T09:43:22.924582,1864,18.626171588897705,1116,662.0999999999877,722,722,False,stuck_timeout,0,0,0,0,0,0,22.79040404040404,0.5932795698924621,31.775114059448242,31.775114059448242,708,407
2026-03-28T09:43:48.783075,1865,22.8190815448761,1369,653.5499999999801,723,723,False,stuck_timeout,0,0,0,0,0,0,22.821969696969695,0.4773922571219723,30.357769012451172,30.357769012451172,868,500
2026-03-28T09:44:24.159184,1866,31.54255723953247,1891,622.9999999999756,724,724,False,stuck_timeout,0,0,0,0,0,0,22.853535353535353,0.3294553146483213,32.06584548950195,32.06584548950195,1199,691
2026-03-28T09:44:48.523407,1867,21.522438764572144,1286,661.5999999999884,723,723,False,stuck_timeout,0,0,0,0,0,0,22.821969696969695,0.5144634525660874,32.49064254760742,32.49064254760742,815,470
2026-03-28T09:44:58.113457,1868,8.454272508621216,506,674.5499999999992,699,699,False,death,0,0,0,0,0,0,22.064393939393938,1.3331027667984172,31.920757293701172,31.920757293701172,320,185
2026-03-28T09:45:43.881748,1869,40.932247161865234,2456,627.4999999999758,724,724,False,stuck_timeout,0,0,0,0,0,0,22.853535353535353,0.2554967426709999,32.0268669128418,32.0268669128418,1556,899
2026-03-28T09:46:00.189654,1870,15.0152108669281,897,541.3499999999962,596,596,False,stuck_timeout,0,0,0,0,0,0,18.81313131313131,0.6035117056856144,32.60254669189453,32.60254669189453,568,328
2026-03-28T09:46:04.660516,1871,3.605862617492676,215,265.90000000000026,300,300,False,death,0,0,0,0,0,0,9.469696969696969,1.236744186046513,31.970197677612305,31.970197677612305,136,78
2026-03-28T09:46:09.665247,1872,4.099194765090942,240,267.5500000000004,304,304,False,death,0,0,0,0,0,0,9.595959595959595,1.1147916666666684,31.36945152282715,31.36945152282715,152,87
2026-03-28T09:46:15.276500,1873,4.699982404708862,281,235.40000000000063,268,268,False,death,0,0,0,0,0,0,8.45959595959596,0.8377224199288279,31.606685638427734,31.606685638427734,178,102
2026-03-28T09:46:54.203507,1874,34.48540496826172,2069,621.7999999999741,723,723,False,stuck_timeout,0,0,0,0,0,0,22.821969696969695,0.30053165780569074,30.732864379882812,30.732864379882812,1310,758
2026-03-28T09:47:06.553977,1875,10.520253658294678,630,698.099999999997,723,723,False,death,0,0,0,0,0,0,22.821969696969695,1.1080952380952334,31.808242797851562,31.808242797851562,398,231
2026-03-28T09:47:28.162678,1876,20.112964868545532,1201,536.2999999999922,595,595,False,stuck_timeout,0,0,0,0,0,0,18.781565656565657,0.44654454621148393,31.250783920288086,31.250783920288086,760,440
2026-03-28T09:47:34.071223,1877,4.934808254241943,291,220.25000000000045,254,254,False,death,0,0,0,0,0,0,8.017676767676768,0.7568728522336785,31.62834930419922,31.62834930419922,184,106
2026-03-28T09:47:38.010709,1878,3.1440277099609375,185,274.8000000000006,309,309,False,death,0,0,0,0,0,0,9.753787878787879,1.4854054054054084,30.741186141967773,30.741186141967773,117,67
2026-03-28T09:48:12.977532,1879,31.092268705368042,1867,637.349999999977,723,723,False,stuck_timeout,0,0,0,0,0,0,22.821969696969695,0.3413765399035763,31.748144149780273,31.748144149780273,1181,685
2026-03-28T09:48:33.353912,1880,17.91213083267212,1075,825.9999999999892,859,859,False,death,0,0,0,0,0,0,27.11489898989899,0.7683720930232457,30.642629623413086,30.642629623413086,679,395
2026-03-28T09:48:39.094291,1881,4.845628023147583,287,261.0500000000005,294,294,False,death,0,0,0,0,0,0,9.280303030303031,0.9095818815331028,31.422048568725586,31.422048568725586,181,105
2026-03-28T09:48:55.603982,1882,14.33096981048584,861,686.2999999999926,723,723,False,death,0,0,0,0,0,0,22.821969696969695,0.7970963995354153,30.448352813720703,30.448352813720703,544,316
2026-03-28T09:49:20.020345,1883,22.82582187652588,1367,522.8999999999919,595,595,False,stuck_timeout,0,0,0,0,0,0,18.781565656565657,0.3825164594001404,30.995655059814453,30.995655059814453,864,502
2026-03-28T09:49:24.536271,1884,3.6767539978027344,221,259.0500000000006,292,292,False,death,0,0,0,0,0,0,9.217171717171716,1.1721719457013602,31.928829193115234,31.928829193115234,139,81
2026-03-28T09:49:40.272399,1885,14.443962812423706,861,555.0499999999925,606,606,False,stuck_timeout,0,0,0,0,0,0,19.12878787878788,0.6446573751451713,30.470325469970703,30.470325469970703,544,316
2026-03-28T09:49:47.139489,1886,5.957545042037964,359,238.35000000000028,281,281,False,death,0,0,0,0,0,0,8.869949494949495,0.6639275766016721,31.538793563842773,31.538793563842773,226,132
2026-03-28T09:49:54.475743,1887,6.36561393737793,380,259.3000000000007,291,291,False,death,0,0,0,0,0,0,9.18560606060606,0.6823684210526334,32.061275482177734,32.061275482177734,240,139
2026-03-28T09:50:20.885344,1888,24.692873001098633,1482,513.4999999999831,594,594,False,stuck_timeout,0,0,0,0,0,0,18.75,0.346491228070164,33.181114196777344,33.181114196777344,936,545
2026-03-28T09:50:38.945004,1889,15.80790400505066,947,680.0999999999906,725,725,False,stuck_timeout,0,0,0,0,0,0,22.88510101010101,0.7181626187961886,28.940494537353516,28.940494537353516,598,348
2026-03-28T09:51:07.524264,1890,25.246033191680908,1511,631.5499999999776,724,724,False,stuck_timeout,0,0,0,0,0,0,22.853535353535353,0.4179682329582909,31.47193145751953,31.47193145751953,954,556
2026-03-28T09:51:19.268271,1891,10.637139081954956,637,652.5999999999977,680,680,False,death,0,0,0,0,0,0,21.464646464646464,1.0244897959183639,32.29803466796875,32.29803466796875,402,234
2026-03-28T09:51:45.207454,1892,24.215424060821533,1454,523.7999999999837,602,602,False,stuck_timeout,0,0,0,0,0,0,19.002525252525253,0.3602475928473065,31.433156967163086,31.433156967163086,918,535
2026-03-28T09:51:50.807905,1893,4.67596960067749,281,250.05000000000055,283,283,False,death,0,0,0,0,0,0,8.933080808080808,0.8898576512455536,30.9671630859375,30.9671630859375,177,103
2026-03-28T09:52:08.325213,1894,16.203087091445923,973,536.5999999999925,595,595,False,stuck_timeout,0,0,0,0,0,0,18.781565656565657,0.551490236382315,32.39869689941406,32.39869689941406,614,358
2026-03-28T09:52:43.108011,1895,31.0965735912323,1862,829.2999999999762,899,899,False,death,0,0,0,0,0,0,28.377525252525253,0.4453813104188916,32.50563430786133,32.50563430786133,1175,686
2026-03-28T09:53:00.233213,1896,14.904208421707153,892,672.9999999999898,724,724,False,stuck_timeout,0,0,0,0,0,0,22.853535353535353,0.754484304932724,31.931798934936523,31.931798934936523,562,329
2026-03-28T09:53:15.926955,1897,13.539488315582275,810,682.9499999999955,723,723,False,death,0,0,0,0,0,0,22.821969696969695,0.8431481481481425,30.306777954101562,30.306777954101562,510,299
2026-03-28T09:53:23.442590,1898,6.476147890090942,388,212.1000000000006,244,244,False,death,0,0,0,0,0,0,7.7020202020202015,0.546649484536084,32.070518493652344,32.070518493652344,244,143
2026-03-28T09:53:50.315469,1899,23.814193964004517,1426,846.3999999999855,899,899,False,stuck_timeout,0,0,0,0,0,0,28.377525252525253,0.593548387096764,31.92031478881836,31.92031478881836,898,527
2026-03-28T09:54:04.635814,1900,12.312257289886475,737,540.7499999999932,595,595,False,stuck_timeout,0,0,0,0,0,0,18.781565656565657,0.7337177747625416,31.91004753112793,31.91004753112793,464,272
2026-03-28T09:54:43.161148,1901,34.25442981719971,2056,656.2999999999773,724,724,False,stuck_timeout,0,0,0,0,0,0,22.853535353535353,0.3192120622567983,31.528440475463867,31.528440475463867,1294,761
2026-03-28T09:54:48.541149,1902,4.445290565490723,263,262.45000000000044,299,299,False,death,0,0,0,0,0,0,9.438131313131313,0.99790874524715,32.80500030517578,32.80500030517578,165,97
2026-03-28T09:55:04.360397,1903,14.523179769515991,869,659.1999999999925,701,701,False,death,0,0,0,0,0,0,22.127525252525253,0.7585730724971146,30.122177124023438,30.122177124023438,547,321
2026-03-28T09:55:23.968353,1904,17.194008827209473,1030,685.0999999999956,723,723,False,death,0,0,0,0,0,0,22.821969696969695,0.6651456310679569,31.36825942993164,31.36825942993164,648,381
2026-03-28T09:55:40.947477,1905,14.927469968795776,892,677.349999999994,723,723,False,stuck_timeout,0,0,0,0,0,0,22.821969696969695,0.7593609865470785,31.920886993408203,31.920886993408203,561,330
2026-03-28T09:55:50.503446,1906,8.53156590461731,508,677.2499999999981,700,700,False,death,0,0,0,0,0,0,22.095959595959595,1.3331692913385789,32.12765121459961,32.12765121459961,319,188
2026-03-28T09:56:20.470643,1907,26.43390727043152,1581,643.4499999999811,724,724,False,stuck_timeout,0,0,0,0,0,0,22.853535353535353,0.40698924731181596,30.49184799194336,30.49184799194336,993,587
2026-03-28T09:56:36.446075,1908,13.840545654296875,829,690.7999999999947,723,723,False,death,0,0,0,0,0,0,22.821969696969695,0.8332931242460733,31.61960220336914,31.61960220336914,520,308
2026-03-28T09:57:13.072645,1909,32.6916880607605,1962,831.9499999999761,899,899,False,stuck_timeout,0,0,0,0,0,0,28.377525252525253,0.424031600407735,32.742862701416016,32.742862701416016,1232,729
2026-03-28T09:57:25.359208,1910,11.126229047775269,667,372.94999999999595,435,435,False,stuck_timeout,0,0,0,0,0,0,13.731060606060606,0.5591454272863507,29.4996395111084,29.4996395111084,418,248
2026-03-28T09:57:58.049542,1911,29.035494089126587,1744,628.6499999999734,723,723,False,stuck_timeout,0,0,0,0,0,0,22.821969696969695,0.36046444954126916,30.69368553161621,30.69368553161621,1094,649
2026-03-28T09:58:33.462256,1912,31.636507272720337,1898,1094.2999999999797,1131,1131,False,death,0,0,0,0,0,0,35.70075757575758,0.5765542676501474,31.750316619873047,31.750316619873047,1190,707
2026-03-28T09:59:01.150681,1913,24.486013174057007,1471,652.7499999999807,723,723,False,stuck_timeout,0,0,0,0,0,0,22.821969696969695,0.44374575118965376,31.04884147644043,31.04884147644043,922,548
2026-03-28T09:59:21.230722,1914,18.59297823905945,1112,667.0499999999904,722,722,False,stuck_timeout,0,0,0,0,0,0,22.79040404040404,0.5998651079136604,31.918216705322266,31.918216705322266,697,414
2026-03-28T09:59:46.056152,1915,21.804900884628296,1306,649.5999999999867,723,723,False,stuck_timeout,0,0,0,0,0,0,22.821969696969695,0.4973966309341399,31.780380249023438,31.780380249023438,818,487
2026-03-28T10:00:01.117567,1916,13.008320808410645,777,690.4999999999936,723,723,False,death,0,0,0,0,0,0,22.821969696969695,0.8886743886743805,32.7943229675293,32.7943229675293,486,290
2026-03-28T10:00:32.079505,1917,27.381952047348022,1640,824.8999999999749,898,898,False,stuck_timeout,0,0,0,0,0,0,28.345959595959595,0.5029878048780334,31.799518585205078,31.799518585205078,1026,613
2026-03-28T10:00:38.946455,1918,5.951157093048096,357,248.65000000000046,286,286,False,death,0,0,0,0,0,0,9.027777777777777,0.6964985994397772,30.805377960205078,30.805377960205078,223,133
2026-03-28T10:01:18.120108,1919,35.062257528305054,2105,636.7999999999797,723,723,False,stuck_timeout,0,0,0,0,0,0,22.821969696969695,0.3025178147268312,29.788368225097656,29.788368225097656,1317,787
2026-03-28T10:01:52.116231,1920,30.243013620376587,1810,1362.4999999999707,1412,1412,False,death,0,0,0,0,0,0,44.57070707070707,0.7527624309392104,31.905513763427734,31.905513763427734,1132,677
2026-03-28T10:01:58.874024,1921,5.843873739242554,347,227.90000000000055,261,261,False,death,0,0,0,0,0,0,8.238636363636363,0.6567723342939497,31.758968353271484,31.758968353271484,217,129
2026-03-28T10:02:23.424093,1922,21.67017912864685,1301,841.8999999999805,899,899,False,stuck_timeout,0,0,0,0,0,0,28.377525252525253,0.6471176018447199,32.42795944213867,32.42795944213867,813,487
2026-03-28T10:02:33.992135,1923,9.466413497924805,569,642.4999999999992,665,665,False,death,0,0,0,0,0,0,20.991161616161616,1.129173989455183,31.935400009155273,31.935400009155273,355,213
2026-03-28T10:02:48.549479,1924,13.280380249023438,795,655.4999999999991,681,681,False,death,0,0,0,0,0,0,21.49621212121212,0.8245283018867913,32.197052001953125,32.197052001953125,497,297
2026-03-28T10:02:55.225908,1925,5.744363784790039,343,265.3500000000006,299,299,False,death,0,0,0,0,0,0,9.438131313131313,0.773615160349856,32.660240173339844,32.660240173339844,214,128
2026-03-28T10:03:25.863651,1926,27.183123111724854,1630,766.299999999983,824,824,False,death,0,0,0,0,0,0,26.01010101010101,0.47012269938649265,33.678157806396484,33.678157806396484,1018,611
2026-03-28T10:03:32.036830,1927,5.266101360321045,315,254.8500000000005,288,288,False,death,0,0,0,0,0,0,9.090909090909092,0.8090476190476207,30.39263916015625,30.39263916015625,196,118
2026-03-28T10:03:38.047748,1928,5.130514144897461,305,219.85000000000065,254,254,False,death,0,0,0,0,0,0,8.017676767676768,0.7208196721311496,32.42806625366211,32.42806625366211,190,114
2026-03-28T10:03:53.747913,1929,13.538259267807007,803,686.1999999999913,723,723,False,death,0,0,0,0,0,0,22.821969696969695,0.8545454545454437,30.851490020751953,30.851490020751953,501,301
2026-03-28T10:04:05.424143,1930,10.484947443008423,629,651.0499999999981,677,677,False,death,0,0,0,0,0,0,21.369949494949495,1.0350556438791703,29.59564781188965,29.59564781188965,392,236
2026-03-28T10:04:11.848457,1931,5.4790472984313965,325,255.95000000000056,289,289,False,death,0,0,0,0,0,0,9.122474747474747,0.7875384615384633,31.26332664489746,31.26332664489746,203,121
2026-03-28T10:04:28.975087,1932,14.880015134811401,889,692.2999999999956,725,725,False,death,0,0,0,0,0,0,22.88510101010101,0.77874015748031,32.4346923828125,32.4346923828125,555,333
2026-03-28T10:04:52.895177,1933,21.05592942237854,1262,1146.8999999999908,1179,1179,False,death,0,0,0,0,0,0,37.215909090909086,0.9087955625990418,30.44948387145996,30.44948387145996,787,474
2026-03-28T10:05:12.296104,1934,17.973469972610474,1080,544.0499999999935,595,595,False,stuck_timeout,0,0,0,0,0,0,18.781565656565657,0.5037499999999939,30.108793258666992,30.108793258666992,673,406
2026-03-28T10:05:41.881903,1935,26.041877508163452,1563,643.4999999999808,723,723,False,stuck_timeout,0,0,0,0,0,0,22.821969696969695,0.41170825335891287,31.4005126953125,31.4005126953125,974,588
2026-03-28T10:05:48.392384,1936,5.578973054885864,335,246.90000000000057,280,280,False,death,0,0,0,0,0,0,8.83838383838384,0.7370149253731361,32.023929595947266,32.023929595947266,208,126
2026-03-28T10:06:01.637697,1937,11.984583616256714,714,546.5999999999945,596,596,False,stuck_timeout,0,0,0,0,0,0,18.81313131313131,0.7655462184873872,31.25387191772461,31.25387191772461,445,268
2026-03-28T10:06:18.195590,1938,15.308816194534302,918,653.5999999999964,682,682,False,death,0,0,0,0,0,0,21.52777777777778,0.7119825708060963,32.5096549987793,32.5096549987793,572,345
2026-03-28T10:07:08.064192,1939,44.8049533367157,2692,805.7499999999654,898,898,False,stuck_timeout,0,0,0,0,0,0,28.345959595959595,0.2993127786032561,30.06713104248047,30.06713104248047,1678,1013
2026-03-28T10:07:34.367281,1940,23.231114387512207,1391,649.5499999999779,723,723,False,stuck_timeout,0,0,0,0,0,0,22.821969696969695,0.46696621135871885,32.18954849243164,32.18954849243164,866,524
2026-03-28T10:07:40.084123,1941,4.804457426071167,285,236.85000000000048,271,271,False,death,0,0,0,0,0,0,8.554292929292929,0.831052631578949,29.969837188720703,29.969837188720703,177,107
2026-03-28T10:07:44.392476,1942,3.4660539627075195,207,260.5000000000006,293,293,False,death,0,0,0,0,0,0,9.248737373737374,1.2584541062801962,30.025772094726562,30.025772094726562,128,78
2026-03-28T10:08:08.241643,1943,21.044550895690918,1262,664.749999999988,723,723,False,stuck_timeout,0,0,0,0,0,0,22.821969696969695,0.5267432646592615,31.92598533630371,31.92598533630371,785,476
2026-03-28T10:08:14.939006,1944,5.706758975982666,339,255.00000000000057,288,288,False,death,0,0,0,0,0,0,9.090909090909092,0.7522123893805327,31.92727279663086,31.92727279663086,211,127
2026-03-28T10:08:19.872133,1945,4.074377536773682,240,259.2000000000005,293,293,False,death,0,0,0,0,0,0,9.248737373737374,1.080000000000002,32.212806701660156,32.212806701660156,149,90
2026-03-28T10:08:31.766259,1946,10.800736904144287,643,637.549999999999,659,659,False,death,0,0,0,0,0,0,20.80176767676768,0.9915241057542753,32.68986511230469,32.68986511230469,400,242
2026-03-28T10:08:50.438112,1947,16.35693359375,976,677.0499999999915,725,725,False,death,0,0,0,0,0,0,22.88510101010101,0.6936987704917946,30.218276977539062,30.218276977539062,607,368
2026-03-28T10:09:11.941582,1948,19.957711219787598,1195,644.59999999999,684,684,False,death,0,0,0,0,0,0,21.59090909090909,0.5394142259414142,30.433940887451172,30.433940887451172,743,451
2026-03-28T10:09:15.820587,1949,3.0803942680358887,183,276.6000000000005,311,311,False,death,0,0,0,0,0,0,9.816919191919192,1.511475409836068,32.764251708984375,32.764251708984375,113,69
2026-03-28T10:09:31.907917,1950,14.81529188156128,890,529.8499999999894,595,595,False,stuck_timeout,0,0,0,0,0,0,18.781565656565657,0.5953370786516735,30.10040283203125,30.10040283203125,553,336
2026-03-28T10:09:48.347947,1951,15.158726453781128,905,540.1499999999934,595,595,False,stuck_timeout,0,0,0,0,0,0,18.781565656565657,0.5968508287292744,30.642528533935547,30.642528533935547,563,341
2026-03-28T10:10:00.343978,1952,10.831839561462402,645,656.3499999999977,682,682,False,death,0,0,0,0,0,0,21.52777777777778,1.0175968992248028,32.16953659057617,32.16953659057617,401,243
2026-03-28T10:10:11.297684,1953,9.87153959274292,589,668.5999999999988,693,693,False,death,0,0,0,0,0,0,21.875,1.1351443123938858,32.79155731201172,32.79155731201172,366,222
2026-03-28T10:10:33.909305,1954,19.868833303451538,1194,861.2499999999837,899,899,False,stuck_timeout,0,0,0,0,0,0,28.377525252525253,0.7213149078726832,29.10860252380371,29.10860252380371,742,451
2026-03-28T10:11:10.048728,1955,33.981433629989624,2034,623.9999999999718,722,722,False,stuck_timeout,0,0,0,0,0,0,22.79040404040404,0.30678466076694777,30.152172088623047,30.152172088623047,1265,768
2026-03-28T10:11:28.962497,1956,16.483660221099854,986,866.9499999999898,898,898,False,death,0,0,0,0,0,0,28.345959595959595,0.8792596348884278,30.407466888427734,30.407466888427734,613,372
2026-03-28T10:11:35.930416,1957,6.0434250831604,363,239.1000000000005,274,274,False,death,0,0,0,0,0,0,8.6489898989899,0.6586776859504146,31.83420181274414,31.83420181274414,225,137
2026-03-28T10:11:39.587482,1958,2.889277935028076,169,271.40000000000066,306,306,False,death,0,0,0,0,0,0,9.659090909090908,1.6059171597633175,32.95186996459961,32.95186996459961,105,63
2026-03-28T10:12:03.114030,1959,21.93460440635681,1313,657.6999999999862,722,722,False,stuck_timeout,0,0,0,0,0,0,22.79040404040404,0.5009139375475904,30.332805633544922,30.332805633544922,816,496
2026-03-28T10:12:21.969461,1960,16.384429693222046,981,875.599999999991,898,898,False,death,0,0,0,0,0,0,28.345959595959595,0.8925586136595219,30.6760311126709,30.6760311126709,609,371
2026-03-28T10:12:25.968137,1961,3.1853809356689453,188,263.50000000000074,298,298,False,death,0,0,0,0,0,0,9.406565656565656,1.401595744680855,31.380512237548828,31.380512237548828,116,71
2026-03-28T10:12:57.972627,1962,28.480754375457764,1709,639.2499999999777,724,724,False,stuck_timeout,0,0,0,0,0,0,22.853535353535353,0.37404915155060137,31.803558349609375,31.803558349609375,1061,647
2026-03-28T10:13:04.232859,1963,5.342850685119629,316,240.5000000000005,274,274,False,death,0,0,0,0,0,0,8.6489898989899,0.7610759493670902,31.20358657836914,31.20358657836914,196,119
2026-03-28T10:13:21.259535,1964,14.809881448745728,888,683.8499999999965,723,723,False,death,0,0,0,0,0,0,22.821969696969695,0.7701013513513474,31.233869552612305,31.233869552612305,551,336
2026-03-28T10:13:41.137687,1965,18.40225839614868,1106,691.9499999999952,722,722,False,death,0,0,0,0,0,0,22.79040404040404,0.6256329113924007,31.070592880249023,31.070592880249023,686,419
2026-03-28T10:14:33.589865,1966,47.09829926490784,2823,1977.6999999999503,2016,2016,False,death,0,0,0,0,0,0,63.63636363636363,0.7005667729365747,31.44122886657715,31.44122886657715,1751,1071
2026-03-28T10:14:50.205234,1967,15.221433639526367,911,541.0499999999929,595,595,False,stuck_timeout,0,0,0,0,0,0,18.781565656565657,0.5939077936333621,33.86372375488281,33.86372375488281,565,345
2026-03-28T10:15:14.642547,1968,21.451128482818604,1284,657.7999999999845,723,723,False,stuck_timeout,0,0,0,0,0,0,22.821969696969695,0.5123052959501437,31.919836044311523,31.919836044311523,796,487
2026-03-28T10:15:19.954238,1969,4.374223232269287,258,235.55000000000064,268,268,False,death,0,0,0,0,0,0,8.45959595959596,0.9129844961240334,31.494701385498047,31.494701385498047,160,97
2026-03-28T10:15:32.850491,1970,11.712215185165405,701,542.9999999999947,595,595,False,stuck_timeout,0,0,0,0,0,0,18.781565656565657,0.7746077032810195,31.504352569580078,31.504352569580078,434,266
2026-03-28T10:15:42.925960,1971,8.98642373085022,541,651.7999999999992,679,679,False,death,0,0,0,0,0,0,21.43308080808081,1.204805914972272,30.170272827148438,30.170272827148438,335,205
2026-03-28T10:15:54.009437,1972,9.973047494888306,599,671.7499999999989,694,694,False,death,0,0,0,0,0,0,21.906565656565657,1.1214524207011667,31.471637725830078,31.471637725830078,371,227
2026-03-28T10:15:59.330195,1973,4.3809003829956055,261,261.85000000000065,295,295,False,death,0,0,0,0,0,0,9.311868686868687,1.0032567049808454,30.639373779296875,30.639373779296875,161,99
2026-03-28T10:16:39.565513,1974,36.04059338569641,2161,813.5499999999731,899,899,False,stuck_timeout,0,0,0,0,0,0,28.377525252525253,0.37646922720961273,31.573287963867188,31.573287963867188,1339,821
2026-03-28T10:17:03.057940,1975,21.79475498199463,1309,646.6999999999861,722,722,False,stuck_timeout,0,0,0,0,0,0,22.79040404040404,0.49404125286477163,30.697711944580078,30.697711944580078,811,497
2026-03-28T10:17:10.639717,1976,6.621463775634766,397,227.10000000000065,259,259,False,death,0,0,0,0,0,0,8.175505050505052,0.5720403022670042,32.06279373168945,32.06279373168945,246,150
2026-03-28T10:17:31.353211,1977,19.27206063270569,1156,665.6999999999871,722,722,False,stuck_timeout,0,0,0,0,0,0,22.79040404040404,0.575865051903103,31.712833404541016,31.712833404541016,716,439
2026-03-28T10:17:45.072698,1978,12.500638484954834,747,538.5499999999942,595,595,False,stuck_timeout,0,0,0,0,0,0,18.781565656565657,0.7209504685408221,30.82244110107422,30.82244110107422,463,283
2026-03-28T10:18:04.956758,1979,17.376712799072266,1043,683.6999999999891,725,725,False,stuck_timeout,0,0,0,0,0,0,22.88510101010101,0.6555129434323961,31.65450668334961,31.65450668334961,646,396
2026-03-28T10:18:25.997116,1980,18.47554349899292,1107,678.5999999999884,722,722,False,death,0,0,0,0,0,0,22.79040404040404,0.6130081300812904,30.344879150390625,30.344879150390625,685,421
2026-03-28T10:18:58.235583,1981,28.692671537399292,1718,826.449999999973,899,899,False,stuck_timeout,0,0,0,0,0,0,28.377525252525253,0.48105355064026367,31.98211669921875,31.98211669921875,1063,654
2026-03-28T10:19:17.032358,1982,16.395304679870605,981,671.849999999989,725,725,False,death,0,0,0,0,0,0,22.88510101010101,0.6848623853210897,30.49666404724121,30.49666404724121,606,374
2026-03-28T10:19:45.566641,1983,26.6912624835968,1597,661.3499999999858,722,722,False,death,0,0,0,0,0,0,22.79040404040404,0.41412022542265864,31.85684585571289,31.85684585571289,988,608
2026-03-28T10:20:16.110155,1984,28.712838649749756,1725,627.1999999999788,722,722,False,stuck_timeout,0,0,0,0,0,0,22.79040404040404,0.36359420289853844,29.45784568786621,29.45784568786621,1067,657
2026-03-28T10:20:32.868828,1985,14.5400869846344,868,772.6499999999947,796,796,False,death,0,0,0,0,0,0,25.126262626262623,0.8901497695852474,30.064403533935547,30.064403533935547,536,331
2026-03-28T10:20:50.812653,1986,16.612059116363525,997,635.8999999999963,667,667,False,death,0,0,0,0,0,0,21.054292929292927,0.6378134403209592,33.60527801513672,33.60527801513672,616,380
2026-03-28T10:21:11.339375,1987,17.964473485946655,1076,672.8999999999882,723,723,False,stuck_timeout,0,0,0,0,0,0,22.821969696969695,0.6253717472118849,32.50420379638672,32.50420379638672,665,410
2026-03-28T10:21:35.856024,1988,21.590412855148315,1293,675.0999999999857,723,723,False,stuck_timeout,0,0,0,0,0,0,22.821969696969695,0.5221191028615512,31.100189208984375,31.100189208984375,798,494
2026-03-28T10:22:02.356608,1989,23.46425223350525,1404,863.3999999999826,899,899,False,stuck_timeout,0,0,0,0,0,0,28.377525252525253,0.6149572649572526,32.22072982788086,32.22072982788086,866,537
2026-03-28T10:22:21.793117,1990,17.965177297592163,1079,537.0499999999935,595,595,False,stuck_timeout,0,0,0,0,0,0,18.781565656565657,0.49772937905467424,31.376602172851562,31.376602172851562,666,412
2026-03-28T10:22:45.565542,1991,21.004519939422607,1261,850.799999999983,899,899,False,death,0,0,0,0,0,0,28.377525252525253,0.6747026169706447,33.022789001464844,33.022789001464844,778,482
2026-03-28T10:23:01.424729,1992,14.4962637424469,871,653.9999999999943,685,685,False,death,0,0,0,0,0,0,21.622474747474747,0.7508610792192817,30.213125228881836,30.213125228881836,537,333
2026-03-28T10:23:16.650296,1993,13.921904802322388,832,696.6499999999955,722,722,False,death,0,0,0,0,0,0,22.79040404040404,0.8373197115384562,29.59732437133789,29.59732437133789,513,318
2026-03-28T10:23:37.921786,1994,18.640788793563843,1115,864.3499999999872,899,899,False,death,0,0,0,0,0,0,28.377525252525253,0.7752017937219616,30.961688995361328,30.961688995361328,687,427
2026-03-28T10:23:44.437088,1995,5.552727699279785,329,257.20000000000067,294,294,False,death,0,0,0,0,0,0,9.280303030303031,0.7817629179331327,33.911170959472656,33.911170959472656,202,126
2026-03-28T10:24:12.086513,1996,24.465197801589966,1469,774.8999999999805,922,922,False,stuck_timeout,0,0,0,0,0,0,29.103535353535353,0.5275017018379717,30.845439910888672,30.845439910888672,905,563
2026-03-28T10:24:52.353521,1997,36.0611252784729,2162,801.5999999999676,899,899,False,stuck_timeout,0,0,0,0,0,0,28.377525252525253,0.37076780758555394,31.546058654785156,31.546058654785156,1332,829
2026-03-28T10:25:00.527755,1998,7.228055000305176,433,208.2000000000005,249,249,False,death,0,0,0,0,0,0,7.859848484848484,0.4808314087759827,30.87609100341797,30.87609100341797,266,166
2026-03-28T10:25:07.674380,1999,6.229217052459717,373,259.5500000000004,293,293,False,death,0,0,0,0,0,0,9.248737373737374,0.6958445040214488,31.582637786865234,31.582637786865234,229,143
2026-03-28T10:25:57.619616,2000,44.764317989349365,2687,778.2999999999628,899,899,False,stuck_timeout,0,0,0,0,0,0,28.377525252525253,0.28965388909563183,31.768577575683594,31.768577575683594,1655,1031
2026-03-28T10:26:01.518033,2001,3.104877233505249,185,268.6500000000004,303,303,False,death,0,0,0,0,0,0,9.56439393939394,1.452162162162164,31.48275375366211,31.48275375366211,113,71
2026-03-28T10:26:28.082292,2002,23.475184679031372,1404,659.9999999999924,724,724,False,stuck_timeout,0,0,0,0,0,0,22.853535353535353,0.47008547008546464,31.26399040222168,31.26399040222168,864,539
2026-03-28T10:26:33.884851,2003,5.068147659301758,302,211.9500000000005,250,250,False,death,0,0,0,0,0,0,7.891414141414141,0.7018211920529818,32.344844818115234,32.344844818115234,185,116
2026-03-28T10:26:40.820605,2004,5.939236879348755,353,258.2500000000005,292,292,False,death,0,0,0,0,0,0,9.217171717171716,0.7315864022662903,31.236440658569336,31.236440658569336,217,135
2026-03-28T10:27:09.009925,2005,24.990131855010986,1500,640.0499999999752,723,723,False,stuck_timeout,0,0,0,0,0,0,22.821969696969695,0.4266999999999834,32.50004959106445,32.50004959106445,922,577
2026-03-28T10:27:36.715299,2006,24.47850275039673,1469,668.8999999999858,723,723,False,stuck_timeout,0,0,0,0,0,0,22.821969696969695,0.4553437712729651,32.15679931640625,32.15679931640625,903,565
2026-03-28T10:28:12.158571,2007,31.640900135040283,1898,802.9999999999684,899,899,False,stuck_timeout,0,0,0,0,0,0,28.377525252525253,0.4230769230769064,30.848241806030273,30.848241806030273,1166,731
2026-03-28T10:28:40.190895,2008,24.924914598464966,1493,637.7999999999763,723,723,False,stuck_timeout,0,0,0,0,0,0,22.821969696969695,0.4271935699932862,30.344810485839844,30.344810485839844,917,575
2026-03-28T10:29:03.361278,2009,20.503364086151123,1228,661.7499999999859,723,723,False,stuck_timeout,0,0,0,0,0,0,22.821969696969695,0.5388843648208355,29.832778930664062,29.832778930664062,754,473
2026-03-28T10:29:28.080294,2010,23.055617570877075,1385,665.1499999999843,722,722,False,stuck_timeout,0,0,0,0,0,0,22.79040404040404,0.4802527075812161,31.019214630126953,31.019214630126953,850,534
2026-03-28T10:30:02.394499,2011,30.57577872276306,1835,653.9999999999857,723,723,False,stuck_timeout,0,0,0,0,0,0,22.821969696969695,0.3564032697547606,30.542236328125,30.542236328125,1126,708
2026-03-28T10:30:21.288630,2012,16.58661913871765,995,670.3999999999885,724,724,False,stuck_timeout,0,0,0,0,0,0,22.853535353535353,0.673768844221094,29.293081283569336,29.293081283569336,610,384
2026-03-28T10:30:27.319832,2013,5.1361048221588135,306,266.9500000000006,302,302,False,death,0,0,0,0,0,0,9.532828282828284,0.8723856209150347,32.83937072753906,32.83937072753906,187,118
2026-03-28T10:30:45.205998,2014,16.518237352371216,988,544.4999999999944,594,594,False,stuck_timeout,0,0,0,0,0,0,18.75,0.551113360323881,30.71895980834961,30.71895980834961,606,381
2026-03-28T10:31:21.113764,2015,32.055493116378784,1922,630.299999999971,723,723,False,stuck_timeout,0,0,0,0,0,0,22.821969696969695,0.32793964620185795,30.422054290771484,30.422054290771484,1178,743
2026-03-28T10:32:05.097990,2016,39.4454140663147,2371,620.8999999999728,723,723,False,stuck_timeout,0,0,0,0,0,0,22.821969696969695,0.2618726275832867,30.95392608642578,30.95392608642578,1453,917
2026-03-28T10:32:29.691877,2017,21.634523391723633,1299,1081.2999999999813,1123,1123,False,death,0,0,0,0,0,0,35.448232323232325,0.8324095458044506,31.107383728027344,31.107383728027344,795,503
2026-03-28T10:32:51.727176,2018,19.37864899635315,1160,671.3999999999878,724,724,False,stuck_timeout,0,0,0,0,0,0,22.853535353535353,0.5787931034482654,31.54963493347168,31.54963493347168,710,449
2026-03-28T10:32:55.780458,2019,3.2350971698760986,190,266.1500000000008,299,299,False,death,0,0,0,0,0,0,9.438131313131313,1.4007894736842146,32.07081604003906,32.07081604003906,116,73
2026-03-28T10:33:00.273094,2020,3.4311184883117676,207,261.4000000000006,295,295,False,death,0,0,0,0,0,0,9.311868686868687,1.2628019323671527,31.039569854736328,31.039569854736328,126,80
2026-03-28T10:33:06.486792,2021,5.324416160583496,317,266.6500000000005,300,300,False,death,0,0,0,0,0,0,9.469696969696969,0.8411671924290236,31.784820556640625,31.784820556640625,193,123
2026-03-28T10:33:10.379905,2022,3.1041433811187744,185,271.00000000000045,305,305,False,death,0,0,0,0,0,0,9.627525252525253,1.4648648648648672,30.7662353515625,30.7662353515625,113,71
2026-03-28T10:33:28.401477,2023,15.634668350219727,938,665.2499999999895,724,724,False,stuck_timeout,0,0,0,0,0,0,22.853535353535353,0.7092217484008417,31.769512176513672,31.769512176513672,573,364
2026-03-28T10:33:42.785114,2024,13.084664583206177,781,696.6499999999952,722,722,False,death,0,0,0,0,0,0,22.79040404040404,0.8919974391805316,32.21018600463867,32.21018600463867,477,303
2026-03-28T10:33:53.448856,2025,9.618599653244019,572,686.8999999999987,709,709,False,death,0,0,0,0,0,0,22.380050505050505,1.2008741258741236,32.10406494140625,32.10406494140625,349,222
2026-03-28T10:34:28.413941,2026,31.164286375045776,1870,809.9999999999811,899,899,False,stuck_timeout,0,0,0,0,0,0,28.377525252525253,0.43315508021389365,32.42628479003906,32.42628479003906,1143,726
2026-03-28T10:34:45.299980,2027,15.561999559402466,931,656.399999999995,699,699,False,death,0,0,0,0,0,0,22.064393939393938,0.7050483351235177,31.621963500976562,31.621963500976562,569,361
2026-03-28T10:34:51.073084,2028,4.91802191734314,295,227.8500000000005,263,263,False,death,0,0,0,0,0,0,8.301767676767676,0.772372881355934,31.632003784179688,31.632003784179688,180,114
2026-03-28T10:35:07.233124,2029,14.859606504440308,889,546.1499999999946,595,595,False,stuck_timeout,0,0,0,0,0,0,18.781565656565657,0.614341957255337,31.321758270263672,31.321758270263672,543,345
2026-03-28T10:35:13.631235,2030,5.401052474975586,323,265.55000000000047,299,299,False,death,0,0,0,0,0,0,9.438131313131313,0.8221362229102182,30.90790367126465,30.90790367126465,197,125
2026-03-28T10:35:24.027048,2031,9.3571617603302,556,612.9999999999998,643,643,False,death,0,0,0,0,0,0,20.29671717171717,1.1025179856115104,31.338886260986328,31.338886260986328,339,216
2026-03-28T10:36:04.360716,2032,36.04461979866028,2162,604.4499999999642,723,723,False,stuck_timeout,0,0,0,0,0,0,22.821969696969695,0.27957909343199083,32.26707077026367,32.26707077026367,1321,840
2026-03-28T10:36:09.988127,2033,4.708953380584717,281,237.45000000000064,270,270,False,death,0,0,0,0,0,0,8.522727272727272,0.8450177935943083,30.995929718017578,30.995929718017578,171,109
2026-03-28T10:36:28.941488,2034,16.539901733398438,993,693.5499999999952,723,723,False,death,0,0,0,0,0,0,22.821969696969695,0.6984390735145973,30.072559356689453,30.072559356689453,606,386
2026-03-28T10:36:35.508932,2035,5.650264263153076,336,250.4500000000005,294,294,False,death,0,0,0,0,0,0,9.280303030303031,0.7453869047619063,33.79693603515625,33.79693603515625,205,130
2026-03-28T10:36:51.079664,2036,13.528692483901978,807,691.7499999999944,723,723,False,death,0,0,0,0,0,0,22.821969696969695,0.857187112763314,33.09446716308594,33.09446716308594,492,314
2026-03-28T10:37:26.395892,2037,33.278754234313965,1998,637.7499999999691,722,722,False,stuck_timeout,0,0,0,0,0,0,22.79040404040404,0.3191941941941787,31.566747665405273,31.566747665405273,1219,778
2026-03-28T10:37:46.321236,2038,18.46736431121826,1104,674.3999999999904,722,722,False,stuck_timeout,0,0,0,0,0,0,22.79040404040404,0.6108695652173827,32.50045394897461,32.50045394897461,673,430
2026-03-28T10:38:01.203071,2039,12.826857566833496,771,692.5499999999964,723,723,False,death,0,0,0,0,0,0,22.821969696969695,0.8982490272373495,31.715129852294922,31.715129852294922,470,300
2026-03-28T10:38:15.569589,2040,12.44002652168274,748,547.649999999995,596,596,False,stuck_timeout,0,0,0,0,0,0,18.81313131313131,0.7321524064171056,30.83747100830078,30.83747100830078,456,291
2026-03-28T10:38:36.249492,2041,18.1057710647583,1084,848.8499999999905,872,872,False,death,0,0,0,0,0,0,27.525252525252526,0.7830719557195484,31.970409393310547,31.970409393310547,660,423
2026-03-28T10:38:42.997944,2042,5.859710216522217,347,211.0000000000004,247,247,False,death,0,0,0,0,0,0,7.796717171717171,0.6080691642651308,32.446529388427734,32.446529388427734,211,135
2026-03-28T10:38:47.221432,2043,3.3751626014709473,199,262.95000000000067,296,296,False,death,0,0,0,0,0,0,9.343434343434344,1.3213567839196014,33.28826904296875,33.28826904296875,121,77
2026-03-28T10:38:51.475795,2044,3.4176218509674072,202,263.50000000000057,297,297,False,death,0,0,0,0,0,0,9.375,1.3044554455445572,32.06243133544922,32.06243133544922,123,78
2026-03-28T10:39:17.197153,2045,22.662815809249878,1357,796.44999999999,840,840,False,death,0,0,0,0,0,0,26.515151515151516,0.5869196757553353,32.035057067871094,32.035057067871094,826,530
2026-03-28T10:39:22.743596,2046,4.674574613571167,278,230.8000000000004,266,266,False,death,0,0,0,0,0,0,8.396464646464647,0.8302158273381309,32.702232360839844,32.702232360839844,169,108
2026-03-28T10:39:46.599875,2047,21.004827976226807,1257,650.9999999999832,723,723,False,stuck_timeout,0,0,0,0,0,0,22.821969696969695,0.5178997613365022,30.683345794677734,30.683345794677734,765,491
2026-03-28T10:39:51.067085,2048,3.6308434009552,219,261.6000000000004,295,295,False,death,0,0,0,0,0,0,9.311868686868687,1.1945205479452075,30.804609298706055,30.804609298706055,133,85
2026-03-28T10:40:07.383466,2049,15.053847551345825,901,547.299999999993,596,596,False,stuck_timeout,0,0,0,0,0,0,18.81313131313131,0.6074361820199701,32.43457794189453,32.43457794189453,548,352
2026-03-28T10:40:28.141315,2050,19.335145473480225,1161,519.7499999999862,595,595,False,stuck_timeout,0,0,0,0,0,0,18.781565656565657,0.4476744186046393,31.343379974365234,31.343379974365234,706,454
2026-03-28T10:40:55.093650,2051,23.918772220611572,1434,650.5499999999829,723,723,False,stuck_timeout,0,0,0,0,0,0,22.821969696969695,0.4536610878660969,33.79442596435547,33.79442596435547,872,561
2026-03-28T10:41:10.174665,2052,12.959840297698975,775,818.249999999986,852,852,False,death,0,0,0,0,0,0,26.89393939393939,1.055806451612885,30.4642333984375,30.4642333984375,471,303
2026-03-28T10:41:20.481216,2053,9.228371381759644,552,670.899999999998,693,693,False,death,0,0,0,0,0,0,21.875,1.215398550724634,31.972732543945312,31.972732543945312,335,216
2026-03-28T10:41:24.874637,2054,3.6033167839050293,213,267.70000000000044,302,302,False,death,0,0,0,0,0,0,9.532828282828284,1.2568075117370914,30.85884666442871,30.85884666442871,129,83
2026-03-28T10:41:48.209881,2055,20.49563479423523,1231,666.5999999999871,723,723,False,stuck_timeout,0,0,0,0,0,0,22.821969696969695,0.5415109666937344,32.891361236572266,32.891361236572266,748,482
2026-03-28T10:42:07.217815,2056,17.506151914596558,1051,638.3999999999954,668,668,False,death,0,0,0,0,0,0,21.085858585858585,0.6074215033301574,32.743125915527344,32.743125915527344,638,412
2026-03-28T10:42:19.950650,2057,11.563939094543457,689,648.1499999999983,672,672,False,death,0,0,0,0,0,0,21.21212121212121,0.9407111756168335,29.279491424560547,29.279491424560547,418,270
2026-03-28T10:42:50.648271,2058,27.20070219039917,1632,828.299999999974,898,898,False,stuck_timeout,0,0,0,0,0,0,28.345959595959595,0.5075367647058664,29.730674743652344,29.730674743652344,991,640
2026-03-28T10:42:54.793669,2059,3.2953686714172363,199,262.1500000000006,295,295,False,death,0,0,0,0,0,0,9.311868686868687,1.3173366834170885,34.00401306152344,34.00401306152344,120,78
2026-03-28T10:43:12.063015,2060,14.978994131088257,899,654.9999999999952,686,686,False,death,0,0,0,0,0,0,21.654040404040405,0.7285873192435987,32.38977813720703,32.38977813720703,546,352
2026-03-28T10:43:30.001811,2061,16.591214895248413,994,698.4499999999962,722,722,False,death,0,0,0,0,0,0,22.79040404040404,0.7026659959758513,30.852039337158203,30.852039337158203,603,390
2026-03-28T10:44:01.409319,2062,29.498326539993286,1771,638.2999999999811,722,722,False,stuck_timeout,0,0,0,0,0,0,22.79040404040404,0.360417843026528,31.526885986328125,31.526885986328125,1075,695
2026-03-28T10:44:11.052608,2063,8.657350063323975,517,681.7999999999967,705,705,False,death,0,0,0,0,0,0,22.25378787878788,1.3187620889748484,32.332820892333984,32.332820892333984,314,202
2026-03-28T10:44:16.448837,2064,4.58844256401062,269,233.4500000000005,267,267,False,death,0,0,0,0,0,0,8.428030303030303,0.8678438661710056,31.00490379333496,31.00490379333496,163,105
2026-03-28T10:44:32.128600,2065,13.55349612236023,807,680.5999999999909,723,723,False,death,0,0,0,0,0,0,22.821969696969695,0.8433705080545116,30.511672973632812,30.511672973632812,489,317
2026-03-28T10:44:36.802345,2066,3.8266892433166504,226,262.7000000000002,297,297,False,death,0,0,0,0,0,0,9.375,1.1623893805309744,32.32621765136719,32.32621765136719,137,88
2026-03-28T10:44:42.406130,2067,4.7119598388671875,281,251.30000000000055,288,288,False,death,0,0,0,0,0,0,9.090909090909092,0.8943060498220661,32.718055725097656,32.718055725097656,170,110
2026-03-28T10:44:47.811744,2068,4.523022413253784,267,237.00000000000068,270,270,False,death,0,0,0,0,0,0,8.522727272727272,0.8876404494382047,31.198516845703125,31.198516845703125,162,104
2026-03-28T10:45:08.775894,2069,18.34729504585266,1100,663.149999999987,723,723,False,stuck_timeout,0,0,0,0,0,0,22.821969696969695,0.6028636363636246,31.919654846191406,31.919654846191406,667,432
2026-03-28T10:45:13.600865,2070,3.9319417476654053,234,270.20000000000056,305,305,False,death,0,0,0,0,0,0,9.627525252525253,1.154700854700857,32.2883415222168,32.2883415222168,141,92
2026-03-28T10:45:18.400149,2071,3.985722541809082,239,265.95000000000044,300,300,False,death,0,0,0,0,0,0,9.469696969696969,1.1127615062761524,30.134878158569336,30.134878158569336,145,93
2026-03-28T10:45:39.074844,2072,19.203298568725586,1149,545.8499999999947,595,595,False,stuck_timeout,0,0,0,0,0,0,18.781565656565657,0.4750652741514314,31.686132431030273,31.686132431030273,697,451
2026-03-28T10:45:58.829732,2073,17.244195699691772,1033,661.9499999999863,723,723,False,stuck_timeout,0,0,0,0,0,0,22.821969696969695,0.6408034849951465,31.836027145385742,31.836027145385742,626,406
2026-03-28T10:46:15.283653,2074,15.169086217880249,911,544.0499999999934,596,596,False,stuck_timeout,0,0,0,0,0,0,18.81313131313131,0.5972008781558654,31.630796432495117,31.630796432495117,552,358
2026-03-28T10:46:30.593183,2075,13.935856342315674,833,545.8999999999943,595,595,False,stuck_timeout,0,0,0,0,0,0,18.781565656565657,0.6553421368547351,30.795345306396484,30.795345306396484,505,327
2026-03-28T10:47:05.673677,2076,31.28161931037903,1873,619.1499999999751,723,723,False,stuck_timeout,0,0,0,0,0,0,22.821969696969695,0.3305659369994528,33.148284912109375,33.148284912109375,1135,737
2026-03-28T10:47:32.973296,2077,24.169235467910767,1447,643.6499999999825,723,723,False,stuck_timeout,0,0,0,0,0,0,22.821969696969695,0.4448168624740722,32.11402130126953,32.11402130126953,876,570
2026-03-28T10:48:12.272196,2078,35.03160333633423,2102,595.7999999999681,723,723,False,stuck_timeout,0,0,0,0,0,0,22.821969696969695,0.2834443387250086,31.1773738861084,31.1773738861084,1272,829
2026-03-28T10:48:24.430570,2079,11.007901430130005,663,626.8999999999978,650,650,False,death,0,0,0,0,0,0,20.517676767676768,0.9455505279034658,32.64283752441406,32.64283752441406,401,261
2026-03-28T10:48:43.286705,2080,16.47268033027649,986,625.7999999999947,659,659,False,death,0,0,0,0,0,0,20.80176767676768,0.6346855983772766,30.889991760253906,30.889991760253906,596,389
2026-03-28T10:48:48.936829,2081,4.769540071487427,287,232.65000000000057,266,266,False,death,0,0,0,0,0,0,8.396464646464647,0.8106271777003504,34.06150436401367,34.06150436401367,173,113
2026-03-28T10:48:56.038170,2082,6.16305947303772,365,226.10000000000068,258,258,False,death,0,0,0,0,0,0,8.143939393939394,0.6194520547945224,32.27281951904297,32.27281951904297,220,144
2026-03-28T10:49:25.967028,2083,26.573930978775024,1596,652.1999999999838,723,723,False,stuck_timeout,0,0,0,0,0,0,22.821969696969695,0.4086466165413432,30.396568298339844,30.396568298339844,965,630
2026-03-28T10:49:57.030095,2084,27.67839527130127,1657,625.6499999999731,723,723,False,stuck_timeout,0,0,0,0,0,0,22.821969696969695,0.37757996378996567,32.853736877441406,32.853736877441406,1001,655
2026-03-28T10:50:15.852777,2085,17.485246658325195,1049,529.6999999999917,595,595,False,stuck_timeout,0,0,0,0,0,0,18.781565656565657,0.5049571020018987,29.78707504272461,29.78707504272461,634,414
2026-03-28T10:50:38.137754,2086,19.60099172592163,1173,677.0999999999896,723,723,False,stuck_timeout,0,0,0,0,0,0,22.821969696969695,0.5772378516623952,30.448684692382812,30.448684692382812,708,464
2026-03-28T10:51:06.330988,2087,24.975760221481323,1495,854.8999999999863,898,898,False,death,0,0,0,0,0,0,28.345959595959595,0.571839464882934,31.73780632019043,31.73780632019043,903,591
2026-03-28T10:51:23.138062,2088,14.638070344924927,873,673.2499999999918,723,723,False,stuck_timeout,0,0,0,0,0,0,22.821969696969695,0.7711912943871613,31.606128692626953,31.606128692626953,527,345
2026-03-28T10:51:35.135321,2089,10.78099536895752,643,664.5499999999977,686,686,False,death,0,0,0,0,0,0,21.654040404040405,1.0335147744945532,31.797760009765625,31.797760009765625,388,254
2026-03-28T10:51:39.578211,2090,3.603342056274414,212,276.05000000000047,311,311,False,death,0,0,0,0,0,0,9.816919191919192,1.3021226415094362,32.337242126464844,32.337242126464844,127,84
2026-03-28T10:52:23.775699,2091,39.54218029975891,2370,782.3499999999689,898,898,False,stuck_timeout,0,0,0,0,0,0,28.345959595959595,0.33010548523205435,32.450042724609375,32.450042724609375,1430,939
2026-03-28T10:52:42.840803,2092,16.665691614151,1001,876.7999999999915,898,898,False,death,0,0,0,0,0,0,28.345959595959595,0.8759240759240675,30.17437744140625,30.17437744140625,603,397
2026-03-28T10:53:01.621756,2093,17.281378746032715,1038,655.399999999991,697,697,False,death,0,0,0,0,0,0,22.001262626262626,0.6314065510597215,30.999191284179688,30.999191284179688,626,411
2026-03-28T10:53:07.504472,2094,5.008698463439941,297,222.60000000000056,256,256,False,death,0,0,0,0,0,0,8.080808080808081,0.7494949494949514,30.96559715270996,30.96559715270996,179,117
2026-03-28T10:53:42.426183,2095,30.965315580368042,1856,622.6499999999708,723,723,False,stuck_timeout,0,0,0,0,0,0,22.821969696969695,0.3354795258620532,31.487960815429688,31.487960815429688,1118,737
2026-03-28T10:53:47.671545,2096,4.386809587478638,259,247.70000000000053,282,282,False,death,0,0,0,0,0,0,8.901515151515152,0.9563706563706584,31.942230224609375,31.942230224609375,156,102
2026-03-28T10:54:07.445816,2097,17.325788259506226,1037,786.5499999999867,827,827,False,death,0,0,0,0,0,0,26.10479797979798,0.7584860173577499,31.036026000976562,31.036026000976562,624,412
2026-03-28T10:54:23.392992,2098,13.774389505386353,825,669.9499999999914,723,723,False,stuck_timeout,0,0,0,0,0,0,22.821969696969695,0.8120606060605956,32.569190979003906,32.569190979003906,496,328
2026-03-28T10:54:40.717673,2099,16.00612783432007,959,538.149999999995,595,595,False,stuck_timeout,0,0,0,0,0,0,18.781565656565657,0.5611574556829979,33.13788604736328,33.13788604736328,577,381
2026-03-28T10:54:57.898068,2100,14.976313352584839,899,544.299999999994,595,595,False,stuck_timeout,0,0,0,0,0,0,18.781565656565657,0.6054505005561669,33.4659423828125,33.4659423828125,541,357
2026-03-28T10:55:03.657615,2101,4.882043361663818,288,251.35000000000048,286,286,False,death,0,0,0,0,0,0,9.027777777777777,0.8727430555555572,31.936376571655273,31.936376571655273,173,114
2026-03-28T10:55:26.247816,2102,19.884754180908203,1192,653.7999999999876,723,723,False,stuck_timeout,0,0,0,0,0,0,22.821969696969695,0.5484899328858956,31.333847045898438,31.333847045898438,717,474
2026-03-28T10:55:55.555683,2103,26.038853883743286,1557,654.3499999999822,723,723,False,stuck_timeout,0,0,0,0,0,0,22.821969696969695,0.42026332691071433,32.916011810302734,32.916011810302734,936,620
2026-03-28T10:56:22.691132,2104,25.42150568962097,1522,511.6999999999823,595,595,False,stuck_timeout,0,0,0,0,0,0,18.781565656565657,0.3362023653087926,31.709156036376953,31.709156036376953,915,606
2026-03-28T10:56:44.320807,2105,18.896312952041626,1130,664.2999999999923,723,723,False,stuck_timeout,0,0,0,0,0,0,22.821969696969695,0.5878761061946834,30.744216918945312,30.744216918945312,679,450
2026-03-28T10:56:50.077727,2106,4.864843130111694,288,264.05000000000047,298,298,False,death,0,0,0,0,0,0,9.406565656565656,0.9168402777777794,30.416982650756836,30.416982650756836,173,114
2026-03-28T10:57:16.110545,2107,23.015580415725708,1381,648.9999999999811,723,723,False,stuck_timeout,0,0,0,0,0,0,22.821969696969695,0.46994931209267277,31.802059173583984,31.802059173583984,829,551
2026-03-28T10:57:33.014858,2108,14.739050388336182,879,847.4499999999866,899,899,False,stuck_timeout,0,0,0,0,0,0,28.377525252525253,0.9641069397041941,31.29767417907715,31.29767417907715,527,351
2026-03-28T10:57:55.643768,2109,19.897484064102173,1190,851.6999999999881,898,898,False,death,0,0,0,0,0,0,28.345959595959595,0.7157142857142758,31.854610443115234,31.854610443115234,714,475
2026-03-28T10:58:25.157177,2110,26.186443090438843,1568,653.6499999999814,723,723,False,stuck_timeout,0,0,0,0,0,0,22.821969696969695,0.4168686224489678,32.12553787231445,32.12553787231445,940,627
2026-03-28T10:58:47.148933,2111,19.3580539226532,1163,866.0999999999888,898,898,False,death,0,0,0,0,0,0,28.345959595959595,0.7447119518486576,30.221542358398438,30.221542358398438,697,465
2026-03-28T10:59:04.231037,2112,15.771703481674194,941,678.7499999999916,722,722,False,death,0,0,0,0,0,0,22.79040404040404,0.721307120085007,31.462814331054688,31.462814331054688,564,376
2026-03-28T10:59:11.613658,2113,6.405454874038696,380,208.2500000000004,243,243,False,death,0,0,0,0,0,0,7.670454545454546,0.5480263157894747,32.57966232299805,32.57966232299805,227,152
2026-03-28T10:59:25.890615,2114,13.049839735031128,781,688.6499999999941,722,722,False,death,0,0,0,0,0,0,22.79040404040404,0.8817541613316185,31.046634674072266,31.046634674072266,468,312
2026-03-28T10:59:31.139036,2115,4.366356611251831,261,259.0500000000004,293,293,False,death,0,0,0,0,0,0,9.248737373737374,0.9925287356321855,31.898143768310547,31.898143768310547,156,104
2026-03-28T10:59:41.584308,2116,9.43294382095337,567,650.9,679,679,False,death,0,0,0,0,0,0,21.43308080808081,1.1479717813051147,32.21474838256836,32.21474838256836,339,227
2026-03-28T11:00:15.430609,2117,30.143267154693604,1807,807.9999999999741,899,899,False,death,0,0,0,0,0,0,28.377525252525253,0.4471499723298141,30.398290634155273,30.398290634155273,1082,724
2026-03-28T11:00:26.370242,2118,9.910746335983276,591,649.9499999999987,673,673,False,death,0,0,0,0,0,0,21.24368686868687,1.0997461928933987,32.360870361328125,32.360870361328125,354,236
2026-03-28T11:00:42.953849,2119,15.23377251625061,911,552.2999999999951,602,602,False,stuck_timeout,0,0,0,0,0,0,19.002525252525253,0.6062568605927497,31.906494140625,31.906494140625,545,365
2026-03-28T11:01:04.684950,2120,19.133188724517822,1145,677.0499999999915,723,723,False,stuck_timeout,0,0,0,0,0,0,22.821969696969695,0.5913100436681149,32.163780212402344,32.163780212402344,685,459
2026-03-28T11:01:08.984331,2121,3.4586760997772217,205,262.95000000000056,297,297,False,death,0,0,0,0,0,0,9.375,1.282682926829271,31.39528465270996,31.39528465270996,122,82
2026-03-28T11:01:37.211748,2122,25.151357650756836,1505,1379.9999999999786,1417,1417,False,death,0,0,0,0,0,0,44.72853535353536,0.9169435215946702,33.11314010620117,33.11314010620117,900,604
2026-03-28T11:01:42.072922,2123,3.971634864807129,233,267.9000000000006,302,302,False,death,0,0,0,0,0,0,9.532828282828284,1.1497854077253244,31.47241973876953,31.47241973876953,139,93
2026-03-28T11:01:47.518446,2124,4.577582597732544,270,253.9000000000005,287,287,False,death,0,0,0,0,0,0,9.059343434343434,0.9403703703703722,33.42118835449219,33.42118835449219,161,108
2026-03-28T11:01:51.447538,2125,3.1263415813446045,181,276.9500000000003,313,313,False,death,0,0,0,0,0,0,9.880050505050505,1.5301104972375705,31.3984432220459,31.3984432220459,108,72
2026-03-28T11:02:19.778067,2126,26.543282747268677,1589,637.3999999999764,722,722,False,stuck_timeout,0,0,0,0,0,0,22.79040404040404,0.40113278791691404,29.99880027770996,29.99880027770996,951,637
2026-03-28T11:02:41.518959,2127,20.156697750091553,1206,659.6999999999857,722,722,False,stuck_timeout,0,0,0,0,0,0,22.79040404040404,0.5470149253731225,31.57013511657715,31.57013511657715,721,484
2026-03-28T11:02:45.993512,2128,3.6209044456481934,216,275.35000000000036,309,309,False,death,0,0,0,0,0,0,9.753787878787879,1.2747685185185202,32.04761505126953,32.04761505126953,129,86
2026-03-28T11:02:59.225933,2129,12.096678256988525,722,682.0499999999985,709,709,False,death,0,0,0,0,0,0,22.380050505050505,0.9446675900276987,32.345436096191406,32.345436096191406,432,289
2026-03-28T11:03:02.889407,2130,2.8774099349975586,173,274.4500000000005,308,308,False,death,0,0,0,0,0,0,9.722222222222223,1.5864161849711012,32.24215316772461,32.24215316772461,103,69
2026-03-28T11:03:19.055390,2131,14.05893874168396,846,675.8499999999922,723,723,False,stuck_timeout,0,0,0,0,0,0,22.821969696969695,0.7988770685579104,30.686378479003906,30.686378479003906,506,339
2026-03-28T11:03:37.197248,2132,15.778745412826538,947,665.6999999999887,723,723,False,stuck_timeout,0,0,0,0,0,0,22.821969696969695,0.7029567053854157,30.474079132080078,30.474079132080078,566,380
2026-03-28T11:03:42.860231,2133,4.750941276550293,284,226.70000000000047,260,260,False,death,0,0,0,0,0,0,8.207070707070708,0.79823943661972,32.293785095214844,32.293785095214844,169,114
2026-03-28T11:04:15.468887,2134,28.93768835067749,1731,790.1499999999762,858,858,False,death,0,0,0,0,0,0,27.083333333333332,0.4564702484113092,30.20208740234375,30.20208740234375,1034,696
2026-03-28T11:04:37.201936,2135,19.00397562980652,1139,650.2499999999842,723,723,False,stuck_timeout,0,0,0,0,0,0,22.821969696969695,0.5708955223880459,31.182804107666016,31.182804107666016,680,458
2026-03-28T11:04:41.593052,2136,3.5531492233276367,208,278.65000000000026,314,314,False,death,0,0,0,0,0,0,9.91161616161616,1.3396634615384628,33.476295471191406,33.476295471191406,124,83
2026-03-28T11:04:47.709107,2137,5.2418177127838135,310,208.7500000000004,246,246,False,death,0,0,0,0,0,0,7.765151515151516,0.6733870967741948,30.049909591674805,30.049909591674805,185,124
2026-03-28T11:05:03.873140,2138,14.866536378860474,891,543.7999999999928,596,596,False,stuck_timeout,0,0,0,0,0,0,18.81313131313131,0.6103254769921356,32.09403610229492,32.09403610229492,532,358
2026-03-28T11:05:08.596455,2139,3.862858772277832,230,261.1000000000006,295,295,False,death,0,0,0,0,0,0,9.311868686868687,1.1352173913043504,30.029739379882812,30.029739379882812,137,92
2026-03-28T11:05:28.911122,2140,17.808199405670166,1069,538.9499999999925,595,595,False,stuck_timeout,0,0,0,0,0,0,18.781565656565657,0.5041627689429303,32.51496505737305,32.51496505737305,638,430
2026-03-28T11:05:33.205700,2141,3.464876174926758,206,268.40000000000043,302,302,False,death,0,0,0,0,0,0,9.532828282828284,1.3029126213592255,30.2342586517334,30.2342586517334,123,82
2026-03-28T11:05:47.792980,2142,13.358218908309937,799,686.2499999999962,722,722,False,death,0,0,0,0,0,0,22.79040404040404,0.8588861076345384,32.91724395751953,32.91724395751953,477,321
2026-03-28T11:06:14.999178,2143,24.12881827354431,1448,654.0499999999831,724,724,False,stuck_timeout,0,0,0,0,0,0,22.853535353535353,0.4516919889502646,31.89069175720215,31.89069175720215,864,583
2026-03-28T11:06:33.972010,2144,16.4975266456604,990,669.9999999999922,723,723,False,stuck_timeout,0,0,0,0,0,0,22.821969696969695,0.6767676767676688,33.46776580810547,33.46776580810547,590,399
2026-03-28T11:06:38.616718,2145,3.8248629570007324,225,254.95000000000059,288,288,False,death,0,0,0,0,0,0,9.090909090909092,1.1331111111111136,31.93902587890625,31.93902587890625,134,90
2026-03-28T11:06:44.424680,2146,4.889085531234741,292,240.30000000000064,273,273,False,death,0,0,0,0,0,0,8.617424242424242,0.8229452054794543,33.1820068359375,33.1820068359375,174,117
2026-03-28T11:06:53.339331,2147,7.89985728263855,474,680.5999999999985,705,705,False,death,0,0,0,0,0,0,22.25378787878788,1.4358649789029505,31.87862205505371,31.87862205505371,282,191
2026-03-28T11:06:58.831220,2148,4.645208835601807,274,257.5500000000004,292,292,False,death,0,0,0,0,0,0,9.217171717171716,0.9399635036496365,30.98910903930664,30.98910903930664,163,110
2026-03-28T11:07:03.609108,2149,3.951918125152588,233,263.7000000000008,295,295,False,death,0,0,0,0,0,0,9.311868686868687,1.1317596566523638,31.7506160736084,31.7506160736084,138,94
2026-03-28T11:07:19.589117,2150,14.680667877197266,878,664.6999999999927,697,697,False,death,0,0,0,0,0,0,22.001262626262626,0.7570615034168481,32.606788635253906,32.606788635253906,523,354
2026-03-28T11:07:38.400401,2151,16.521986722946167,991,667.6499999999896,723,723,False,stuck_timeout,0,0,0,0,0,0,22.821969696969695,0.6737134207870733,31.320838928222656,31.320838928222656,590,400
2026-03-28T11:07:47.771030,2152,8.354024410247803,498,666.3999999999969,694,694,False,death,0,0,0,0,0,0,21.906565656565657,1.338152610441761,31.469711303710938,31.469711303710938,296,201
2026-03-28T11:08:05.867883,2153,16.721163034439087,998,645.5499999999907,695,695,False,death,0,0,0,0,0,0,21.93813131313131,0.6468436873747402,32.01217269897461,32.01217269897461,595,402
2026-03-28T11:08:41.602261,2154,31.89943528175354,1913,623.2999999999691,723,723,False,stuck_timeout,0,0,0,0,0,0,22.821969696969695,0.3258233141662149,32.90174102783203,32.90174102783203,1140,772
2026-03-28T11:09:16.595203,2155,31.131484270095825,1868,821.7499999999769,899,899,False,stuck_timeout,0,0,0,0,0,0,28.377525252525253,0.43990899357600477,31.3870849609375,31.3870849609375,1112,755
2026-03-28T11:09:23.224230,2156,5.686278820037842,336,264.30000000000024,298,298,False,death,0,0,0,0,0,0,9.406565656565656,0.7866071428571436,30.683090209960938,30.683090209960938,200,135
2026-03-28T11:09:40.436719,2157,15.947805643081665,953,669.6999999999924,707,707,False,death,0,0,0,0,0,0,22.31691919191919,0.7027282266526678,31.193981170654297,31.193981170654297,567,385
2026-03-28T11:09:45.332213,2158,4.0427162647247314,240,262.6500000000005,295,295,False,death,0,0,0,0,0,0,9.311868686868687,1.094375000000002,32.589317321777344,32.589317321777344,142,97
2026-03-28T11:09:56.007501,2159,9.609176635742188,577,674.5999999999973,695,695,False,death,0,0,0,0,0,0,21.93813131313131,1.1691507798960092,32.001468658447266,32.001468658447266,343,233
2026-03-28T11:10:10.128132,2160,12.14685845375061,726,542.5499999999934,595,595,False,stuck_timeout,0,0,0,0,0,0,18.781565656565657,0.7473140495867677,32.918670654296875,32.918670654296875,432,293
2026-03-28T11:10:39.457607,2161,25.98039746284485,1559,1087.999999999977,1124,1124,False,death,0,0,0,0,0,0,35.47979797979798,0.6978832584990231,32.25117492675781,32.25117492675781,927,631
2026-03-28T11:11:12.816469,2162,29.704590559005737,1778,620.6499999999745,723,723,False,stuck_timeout,0,0,0,0,0,0,22.821969696969695,0.3490719910011105,30.544240951538086,30.544240951538086,1057,720
2026-03-28T11:11:40.807996,2163,24.671103954315186,1479,657.2999999999859,723,723,False,stuck_timeout,0,0,0,0,0,0,22.821969696969695,0.4444219066937024,30.845815658569336,30.845815658569336,879,599
2026-03-28T11:11:56.030318,2164,13.15215253829956,789,699.3999999999971,723,723,False,death,0,0,0,0,0,0,22.821969696969695,0.8864385297845337,32.841163635253906,32.841163635253906,468,320
2026-03-28T11:12:29.622895,2165,31.69735288619995,1905,627.4499999999767,722,722,False,stuck_timeout,0,0,0,0,0,0,22.79040404040404,0.3293700787401453,31.8709774017334,31.8709774017334,1131,773
2026-03-28T11:12:46.089893,2166,14.359004020690918,862,675.0499999999922,724,724,False,stuck_timeout,0,0,0,0,0,0,22.853535353535353,0.7831206496519632,31.593427658081055,31.593427658081055,511,350
2026-03-28T11:12:50.646525,2167,3.7145743370056152,218,265.15000000000055,298,298,False,death,0,0,0,0,0,0,9.406565656565656,1.2162844036697273,30.81097984313965,30.81097984313965,129,88
2026-03-28T11:13:23.477828,2168,29.198208808898926,1749,624.5499999999739,724,724,False,stuck_timeout,0,0,0,0,0,0,22.853535353535353,0.3570897655803167,33.088600158691406,33.088600158691406,1038,710
2026-03-28T11:13:33.447540,2169,8.86290717124939,527,680.8999999999975,702,702,False,death,0,0,0,0,0,0,22.15909090909091,1.2920303605313046,32.33401107788086,32.33401107788086,312,214
2026-03-28T11:13:42.830542,2170,8.301041603088379,496,662.0499999999997,688,688,False,death,0,0,0,0,0,0,21.71717171717172,1.3347782258064511,33.122310638427734,33.122310638427734,294,201
2026-03-28T11:14:04.941321,2171,20.55140519142151,1229,538.0999999999902,595,595,False,stuck_timeout,0,0,0,0,0,0,18.781565656565657,0.4378356387306674,30.54018783569336,30.54018783569336,729,499
2026-03-28T11:14:19.031380,2172,12.90068531036377,771,692.9999999999953,722,722,False,death,0,0,0,0,0,0,22.79040404040404,0.8988326848248966,31.046112060546875,31.046112060546875,457,313
2026-03-28T11:15:08.178940,2173,43.87680721282959,2632,797.1499999999653,899,899,False,stuck_timeout,0,0,0,0,0,0,28.377525252525253,0.3028685410334215,31.27273178100586,31.27273178100586,1561,1070
2026-03-28T11:15:30.506139,2174,19.45010471343994,1164,862.6999999999883,898,898,False,death,0,0,0,0,0,0,28.345959595959595,0.7411512027491308,32.31147384643555,32.31147384643555,690,473
2026-03-28T11:15:34.517692,2175,3.2171123027801514,187,264.6000000000004,299,299,False,death,0,0,0,0,0,0,9.438131313131313,1.4149732620320878,32.61140441894531,32.61140441894531,110,76
2026-03-28T11:15:55.127494,2176,18.155073165893555,1085,878.8999999999894,898,898,False,death,0,0,0,0,0,0,28.345959595959595,0.810046082949299,31.817459106445312,31.817459106445312,643,441
2026-03-28T11:15:59.839922,2177,3.8895981311798096,233,269.7500000000004,303,303,False,death,0,0,0,0,0,0,9.56439393939394,1.1577253218884138,32.69648361206055,32.69648361206055,138,94
2026-03-28T11:16:29.992395,2178,26.888263463974,1613,1111.6999999999848,1125,1125,False,death,0,0,0,0,0,0,35.51136363636363,0.6892126472411562,30.887968063354492,30.887968063354492,955,657
2026-03-28T11:17:08.634424,2179,34.509628772735596,2072,615.2499999999706,724,724,False,stuck_timeout,0,0,0,0,0,0,22.853535353535353,0.296935328185314,30.43508529663086,30.43508529663086,1226,845
2026-03-28T11:17:30.826409,2180,19.3497314453125,1159,667.0999999999859,723,723,False,stuck_timeout,0,0,0,0,0,0,22.821969696969695,0.5755823986194875,33.08890914916992,33.08890914916992,685,473
2026-03-28T11:18:12.016851,2181,36.98051047325134,2218,1077.699999999971,1127,1127,False,death,0,0,0,0,0,0,35.57449494949495,0.485888187556344,32.4404411315918,32.4404411315918,1311,906
2026-03-28T11:18:44.644684,2182,29.02861499786377,1741,831.9499999999722,899,899,False,stuck_timeout,0,0,0,0,0,0,28.377525252525253,0.4778575531303689,32.10930633544922,32.10930633544922,1029,711
2026-03-28T11:18:55.596724,2183,9.799707889556885,587,665.3999999999969,691,691,False,death,0,0,0,0,0,0,21.81186868686869,1.1335604770016983,30.246902465820312,30.246902465820312,347,239
2026-03-28T11:19:09.926100,2184,13.104336023330688,783,540.1499999999932,596,596,False,stuck_timeout,0,0,0,0,0,0,18.81313131313131,0.6898467432950104,31.048316955566406,31.048316955566406,462,320
2026-03-28T11:19:15.361980,2185,4.5104570388793945,263,231.65000000000055,266,266,False,death,0,0,0,0,0,0,8.396464646464647,0.8807984790874546,31.767574310302734,31.767574310302734,155,107
2026-03-28T11:19:24.361990,2186,8.015019178390503,481,675.05,700,700,False,death,0,0,0,0,0,0,22.095959595959595,1.4034303534303534,32.93524169921875,32.93524169921875,284,196
2026-03-28T11:19:47.226153,2187,20.083696842193604,1206,1506.8999999999799,1513,1513,False,death,0,0,0,0,0,0,47.75883838383838,1.2495024875621723,31.732295989990234,31.732295989990234,712,493
2026-03-28T11:20:00.500416,2188,12.098548889160156,721,695.649999999995,722,722,False,death,0,0,0,0,0,0,22.79040404040404,0.9648404993065117,30.519725799560547,30.519725799560547,426,294
2026-03-28T11:20:05.318917,2189,3.931931734085083,234,263.5500000000005,296,296,False,death,0,0,0,0,0,0,9.343434343434344,1.1262820512820535,30.98578453063965,30.98578453063965,138,95
2026-03-28T11:20:09.751110,2190,3.655513286590576,219,268.85000000000053,303,303,False,death,0,0,0,0,0,0,9.56439393939394,1.2276255707762582,31.073535919189453,31.073535919189453,129,89
2026-03-28T11:20:18.104405,2191,7.403919458389282,440,316.59999999999985,353,353,False,death,0,0,0,0,0,0,11.142676767676768,0.7195454545454542,31.81111717224121,31.81111717224121,259,180
2026-03-28T11:20:22.448017,2192,3.5055198669433594,211,252.1500000000004,287,287,False,death,0,0,0,0,0,0,9.059343434343434,1.1950236966824663,32.464874267578125,32.464874267578125,124,86
2026-03-28T11:20:37.313888,2193,13.623498678207397,815,693.9999999999975,722,722,False,death,0,0,0,0,0,0,22.79040404040404,0.8515337423312853,31.981460571289062,31.981460571289062,481,333
2026-03-28T11:20:59.006828,2194,20.200416803359985,1212,667.3499999999925,709,709,False,death,0,0,0,0,0,0,22.380050505050505,0.550618811881182,30.81447982788086,30.81447982788086,716,495
2026-03-28T11:21:21.418203,2195,19.74009656906128,1185,768.7999999999911,800,800,False,death,0,0,0,0,0,0,25.252525252525253,0.6487763713080094,30.71615219116211,30.71615219116211,699,485
2026-03-28T11:21:56.346886,2196,31.022300004959106,1864,1380.2499999999739,1399,1399,False,death,0,0,0,0,0,0,44.160353535353536,0.7404774678111448,31.632125854492188,31.632125854492188,1100,763
2026-03-28T11:22:20.042388,2197,20.827941179275513,1251,853.799999999987,899,899,False,stuck_timeout,0,0,0,0,0,0,28.377525252525253,0.6824940047961526,31.246471405029297,31.246471405029297,738,512
2026-03-28T11:22:30.512314,2198,9.37175726890564,557,249.95000000000084,287,287,False,death,0,0,0,0,0,0,9.059343434343434,0.44874326750448984,32.34886169433594,32.34886169433594,328,228
2026-03-28T11:22:55.963427,2199,22.461402893066406,1344,653.9999999999912,723,723,False,stuck_timeout,0,0,0,0,0,0,22.821969696969695,0.48660714285713635,30.68319320678711,30.68319320678711,792,551
2026-03-28T11:23:01.008810,2200,3.933349132537842,231,277.2500000000005,312,312,False,death,0,0,0,0,0,0,9.848484848484848,1.2002164502164525,31.967113494873047,31.967113494873047,136,94
2026-03-28T11:23:26.364466,2201,22.35193133354187,1340,663.4999999999866,723,723,False,stuck_timeout,0,0,0,0,0,0,22.821969696969695,0.4951492537313333,29.90850830078125,29.90850830078125,789,550
2026-03-28T11:23:38.761028,2202,11.189584732055664,669,689.799999999993,722,722,False,death,0,0,0,0,0,0,22.79040404040404,1.0310911808669552,33.20124816894531,33.20124816894531,394,274
2026-03-28T11:24:15.312043,2203,32.535062313079834,1949,844.0499999999809,898,898,False,death,0,0,0,0,0,0,28.345959595959595,0.4330682401231302,31.246139526367188,31.246139526367188,1147,801
2026-03-28T11:24:48.876947,2204,29.7746160030365,1785,838.5499999999842,898,898,False,death,0,0,0,0,0,0,28.345959595959595,0.4697759103641368,30.13617515563965,30.13617515563965,1050,734
2026-03-28T11:24:54.632166,2205,4.809063911437988,285,255.5000000000007,290,290,False,death,0,0,0,0,0,0,9.154040404040405,0.8964912280701779,31.29328727722168,31.29328727722168,167,117
2026-03-28T11:25:08.189124,2206,12.276712656021118,737,623.949999999994,663,663,False,death,0,0,0,0,0,0,20.928030303030305,0.8466078697421899,31.17525863647461,31.17525863647461,433,303
2026-03-28T11:25:21.787198,2207,11.692347764968872,699,691.549999999996,723,723,False,death,0,0,0,0,0,0,22.821969696969695,0.9893419170243147,30.48682403564453,30.48682403564453,411,287
2026-03-28T11:25:56.623144,2208,31.037428855895996,1859,810.4499999999708,898,898,False,stuck_timeout,0,0,0,0,0,0,28.345959595959595,0.4359601936524857,30.136459350585938,30.136459350585938,1092,766
2026-03-28T11:26:10.908526,2209,12.422307252883911,744,856.7499999999891,883,883,False,death,0,0,0,0,0,0,27.872474747474747,1.1515456989247166,31.706275939941406,31.706275939941406,437,306
2026-03-28T11:26:29.598451,2210,17.34778380393982,1040,663.8499999999862,722,722,False,stuck_timeout,0,0,0,0,0,0,22.79040404040404,0.6383173076922943,32.26694107055664,32.26694107055664,611,428
2026-03-28T11:26:43.210775,2211,12.30314016342163,734,644.4499999999975,679,679,False,death,0,0,0,0,0,0,21.43308080808081,0.8779972752043563,30.503459930419922,30.503459930419922,431,302
2026-03-28T11:27:37.051052,2212,48.2683310508728,2897,1957.8499999999415,2024,2024,False,death,0,0,0,0,0,0,63.888888888888886,0.6758198136002559,32.94793701171875,32.94793701171875,1701,1195
2026-03-28T11:27:58.594160,2213,19.0578510761261,1143,1415.2499999999782,1426,1426,False,death,0,0,0,0,0,0,45.01262626262626,1.2381889763779337,32.486427307128906,32.486427307128906,671,471
2026-03-28T11:28:19.529952,2214,18.425182580947876,1103,875.5999999999901,899,899,False,death,0,0,0,0,0,0,28.377525252525253,0.7938349954668995,31.757701873779297,31.757701873779297,647,455
2026-03-28T11:28:43.298737,2215,20.908758640289307,1255,875.7499999999889,899,899,False,death,0,0,0,0,0,0,28.377525252525253,0.6978087649402301,32.33440399169922,32.33440399169922,736,518
2026-03-28T11:28:47.943098,2216,3.7561116218566895,225,255.50000000000043,290,290,False,death,0,0,0,0,0,0,9.154040404040405,1.1355555555555574,31.209148406982422,31.209148406982422,131,93
2026-03-28T11:29:27.541075,2217,35.37000823020935,2122,608.2499999999719,723,723,False,stuck_timeout,0,0,0,0,0,0,22.821969696969695,0.286639962299704,30.397130966186523,30.397130966186523,1243,878
2026-03-28T11:29:43.048608,2218,13.326018333435059,797,785.7999999999962,807,807,False,death,0,0,0,0,0,0,25.47348484848485,0.985947302383935,33.38343048095703,33.38343048095703,466,330
2026-03-28T11:29:56.786301,2219,11.836007595062256,708,804.6999999999933,826,826,False,death,0,0,0,0,0,0,26.073232323232325,1.1365819209039454,32.02062225341797,32.02062225341797,414,293
2026-03-28T11:30:34.549048,2220,33.735645055770874,2017,1355.4999999999704,1395,1395,False,death,0,0,0,0,0,0,44.034090909090914,0.6720376797223453,31.659156799316406,31.659156799316406,1180,836
2026-03-28T11:31:00.833115,2221,23.166718006134033,1390,672.2499999999849,728,728,False,stuck_timeout,0,0,0,0,0,0,22.97979797979798,0.483633093525169,31.578704833984375,31.578704833984375,813,576
2026-03-28T11:31:17.025881,2222,14.912715435028076,894,674.2999999999902,722,722,False,stuck_timeout,0,0,0,0,0,0,22.79040404040404,0.7542505592841053,30.58931541442871,30.58931541442871,522,371
2026-03-28T11:31:21.952200,2223,4.121567249298096,246,238.5000000000005,272,272,False,death,0,0,0,0,0,0,8.585858585858585,0.9695121951219533,30.603435516357422,30.603435516357422,143,102
2026-03-28T11:31:26.948743,2224,4.176896333694458,245,254.20000000000067,287,287,False,death,0,0,0,0,0,0,9.059343434343434,1.037551020408166,31.318288803100586,31.318288803100586,143,101
2026-03-28T11:31:44.629451,2225,16.35370945930481,982,676.8999999999915,722,722,False,death,0,0,0,0,0,0,22.79040404040404,0.6893075356415391,31.616943359375,31.616943359375,574,407
2026-03-28T11:31:55.799518,2226,10.09060525894165,604,639.0499999999984,661,661,False,death,0,0,0,0,0,0,20.86489898989899,1.0580298013245006,30.13357162475586,30.13357162475586,353,250
2026-03-28T11:32:16.035810,2227,17.7963969707489,1065,761.7999999999882,801,801,False,death,0,0,0,0,0,0,25.28409090909091,0.7153051643192377,33.555870056152344,33.555870056152344,622,442
2026-03-28T11:32:19.943169,2228,3.1104254722595215,185,270.0500000000004,306,306,False,death,0,0,0,0,0,0,9.659090909090908,1.459729729729732,31.6751766204834,31.6751766204834,108,76
2026-03-28T11:32:44.690460,2229,21.787136554718018,1305,673.5999999999893,723,723,False,stuck_timeout,0,0,0,0,0,0,22.821969696969695,0.5161685823754708,30.257003784179688,30.257003784179688,762,542
2026-03-28T11:33:15.737219,2230,27.50805425643921,1651,669.249999999989,725,725,False,stuck_timeout,0,0,0,0,0,0,22.88510101010101,0.4053603876438455,32.044708251953125,32.044708251953125,964,686
2026-03-28T11:33:32.963756,2231,15.040976285934448,904,795.9999999999944,815,815,False,death,0,0,0,0,0,0,25.7260101010101,0.8805309734513213,31.73126792907715,31.73126792907715,527,376
2026-03-28T11:33:37.728999,2232,3.9428956508636475,237,256.8500000000006,291,291,False,death,0,0,0,0,0,0,9.18560606060606,1.083755274261606,32.0778923034668,32.0778923034668,138,98
2026-03-28T11:33:51.894537,2233,12.923097848892212,775,378.5499999999956,435,435,False,stuck_timeout,0,0,0,0,0,0,13.731060606060606,0.4884516129032201,31.653242111206055,31.653242111206055,452,322
2026-03-28T11:34:12.928242,2234,19.597265481948853,1177,630.549999999992,680,680,False,death,0,0,0,0,0,0,21.464646464646464,0.5357264231095938,30.259618759155273,30.259618759155273,687,489
2026-03-28T11:34:23.476361,2235,9.446681499481201,565,644.8499999999975,673,673,False,death,0,0,0,0,0,0,21.24368686868687,1.1413274336283141,30.623220443725586,30.623220443725586,329,235
2026-03-28T11:34:29.503940,2236,5.116659164428711,305,256.1500000000002,292,292,False,death,0,0,0,0,0,0,9.217171717171716,0.8398360655737712,31.218854904174805,31.218854904174805,178,126
2026-03-28T11:34:39.095347,2237,8.591827392578125,513,668.299999999999,692,692,False,death,0,0,0,0,0,0,21.843434343434343,1.302729044834306,31.590740203857422,31.590740203857422,299,213
2026-03-28T11:34:57.234396,2238,15.820395946502686,948,676.6999999999899,724,724,False,stuck_timeout,0,0,0,0,0,0,22.853535353535353,0.7138185654008332,30.229825973510742,30.229825973510742,553,394
2026-03-28T11:35:01.791434,2239,3.714028835296631,221,250.65000000000057,284,284,False,death,0,0,0,0,0,0,8.964646464646464,1.1341628959276044,31.575359344482422,31.575359344482422,128,92
2026-03-28T11:35:06.418914,2240,3.539262533187866,208,259.7000000000006,293,293,False,death,0,0,0,0,0,0,9.248737373737374,1.2485576923076953,30.838848114013672,30.838848114013672,121,86
2026-03-28T11:35:25.243065,2241,16.3488872051239,979,1387.549999999984,1403,1403,False,death,0,0,0,0,0,0,44.28661616161616,1.417313585291097,31.294204711914062,31.294204711914062,570,408
2026-03-28T11:35:51.269846,2242,24.272674560546875,1455,664.9999999999876,722,722,False,death,0,0,0,0,0,0,22.79040404040404,0.4570446735395104,32.29897689819336,32.29897689819336,848,606
2026-03-28T11:36:28.445796,2243,33.14523673057556,1990,630.4499999999753,723,723,False,stuck_timeout,0,0,0,0,0,0,22.821969696969695,0.31680904522611825,31.9190731048584,31.9190731048584,1159,830
2026-03-28T11:36:35.140187,2244,5.830045461654663,348,213.90000000000055,247,247,False,death,0,0,0,0,0,0,7.796717171717171,0.6146551724137946,30.98691177368164,30.98691177368164,202,145
2026-03-28T11:36:46.108143,2245,9.769178867340088,581,673.6999999999987,698,698,False,death,0,0,0,0,0,0,22.03282828282828,1.1595524956970718,30.2640380859375,30.2640380859375,338,242
2026-03-28T11:37:08.039966,2246,19.31647825241089,1155,815.5499999999882,851,851,False,death,0,0,0,0,0,0,26.862373737373733,0.7061038961038859,30.259489059448242,30.259489059448242,672,482
2026-03-28T11:37:13.696313,2247,4.825848579406738,289,258.6500000000004,298,298,False,death,0,0,0,0,0,0,9.406565656565656,0.894982698961939,30.907222747802734,30.907222747802734,168,120
2026-03-28T11:37:38.444783,2248,21.863710641860962,1313,859.3999999999862,899,899,False,stuck_timeout,0,0,0,0,0,0,28.377525252525253,0.654531607006844,30.275121688842773,30.275121688842773,764,548
2026-03-28T11:37:52.879253,2249,12.555205583572388,749,683.4499999999929,723,723,False,death,0,0,0,0,0,0,22.821969696969695,0.9124833110814324,31.735197067260742,31.735197067260742,435,313
2026-03-28T11:38:12.833482,2250,17.49486756324768,1048,665.0999999999881,723,723,False,stuck_timeout,0,0,0,0,0,0,22.821969696969695,0.6346374045801413,32.49304962158203,32.49304962158203,609,438
2026-03-28T11:38:27.687014,2251,12.78359866142273,767,676.7999999999921,724,724,False,stuck_timeout,0,0,0,0,0,0,22.853535353535353,0.8823989569752179,33.00371551513672,33.00371551513672,445,321
2026-03-28T11:38:42.606956,2252,13.717575311660767,820,656.2999999999967,684,684,False,death,0,0,0,0,0,0,21.59090909090909,0.8003658536585325,31.78316307067871,31.78316307067871,476,343
2026-03-28T11:38:58.403998,2253,13.60252594947815,813,840.7999999999947,864,864,False,death,0,0,0,0,0,0,27.27272727272727,1.034194341943413,33.851959228515625,33.851959228515625,472,340
2026-03-28T11:39:11.970379,2254,12.366431951522827,741,671.3499999999973,694,694,False,death,0,0,0,0,0,0,21.906565656565657,0.9060053981106576,31.692943572998047,31.692943572998047,430,310
2026-03-28T11:39:40.736362,2255,25.487837076187134,1530,646.4999999999816,723,723,False,stuck_timeout,0,0,0,0,0,0,22.821969696969695,0.4225490196078311,32.060237884521484,32.060237884521484,888,641
2026-03-28T11:40:15.374938,2256,30.918795585632324,1857,1384.2499999999866,1413,1413,False,death,0,0,0,0,0,0,44.60227272727273,0.7454227248249793,32.42571258544922,32.42571258544922,1077,779
2026-03-28T11:40:51.011184,2257,31.76916241645813,1909,845.09999999998,898,898,False,death,0,0,0,0,0,0,28.345959595959595,0.44269250916709274,31.0019588470459,31.0019588470459,1107,801
2026-03-28T11:41:04.871810,2258,12.626748085021973,759,687.499999999993,722,722,False,death,0,0,0,0,0,0,22.79040404040404,0.9057971014492661,31.873443603515625,31.873443603515625,440,318
2026-03-28T11:41:28.243680,2259,20.47629714012146,1225,854.9999999999849,899,899,False,stuck_timeout,0,0,0,0,0,0,28.377525252525253,0.697959183673457,32.41244125366211,32.41244125366211,710,514
2026-03-28T11:41:57.324109,2260,25.774108409881592,1545,1191.79999999998,1221,1221,False,death,0,0,0,0,0,0,38.54166666666667,0.7713915857605048,31.532855987548828,31.532855987548828,895,649
2026-03-28T11:42:01.735980,2261,3.6396775245666504,215,256.6500000000003,291,291,False,death,0,0,0,0,0,0,9.18560606060606,1.1937209302325595,33.28498840332031,33.28498840332031,124,90
2026-03-28T11:42:29.948430,2262,25.010757446289062,1499,1105.1499999999799,1135,1135,False,death,0,0,0,0,0,0,35.82702020202021,0.7372581721147298,32.25800323486328,32.25800323486328,868,630
2026-03-28T11:42:44.697762,2263,13.490060567855835,811,540.5499999999948,595,595,False,stuck_timeout,0,0,0,0,0,0,18.781565656565657,0.6665228113440134,33.51709747314453,33.51709747314453,469,341
2026-03-28T11:43:15.427235,2264,27.30606484413147,1636,1174.1999999999769,1225,1225,False,death,0,0,0,0,0,0,38.667929292929294,0.717726161369179,31.62311363220215,31.62311363220215,947,688
2026-03-28T11:43:20.479313,2265,4.149762392044067,249,246.40000000000046,280,280,False,death,0,0,0,0,0,0,8.83838383838384,0.9895582329317287,31.671682357788086,31.671682357788086,144,104
2026-03-28T11:43:46.208684,2266,22.78843331336975,1368,1102.6999999999784,1138,1138,False,death,0,0,0,0,0,0,35.92171717171717,0.8060672514619726,31.873565673828125,31.873565673828125,791,576
2026-03-28T11:43:51.898304,2267,4.764209270477295,282,242.85000000000056,276,276,False,death,0,0,0,0,0,0,8.712121212121213,0.8611702127659594,32.22333526611328,32.22333526611328,163,118
2026-03-28T11:43:58.788526,2268,5.93412184715271,356,231.05000000000047,264,264,False,death,0,0,0,0,0,0,8.333333333333332,0.6490168539325856,31.68512535095215,31.68512535095215,205,150
2026-03-28T11:44:18.494254,2269,17.17713975906372,1032,1114.7999999999888,1127,1127,False,death,0,0,0,0,0,0,35.57449494949495,1.080232558139524,31.05129623413086,31.05129623413086,596,435
2026-03-28T11:45:23.154664,2270,58.17023777961731,3492,616.4999999999656,731,731,False,stuck_timeout,0,0,0,0,0,0,23.07449494949495,0.17654639175256745,31.471954345703125,31.471954345703125,2018,1473
2026-03-28T11:45:38.697144,2271,14.27165699005127,857,639.8999999999969,664,664,False,death,0,0,0,0,0,0,20.95959595959596,0.7466744457409532,30.702678680419922,30.702678680419922,495,361
2026-03-28T11:45:43.170111,2272,3.642841100692749,217,260.85000000000036,295,295,False,death,0,0,0,0,0,0,9.311868686868687,1.2020737327188957,31.545658111572266,31.545658111572266,125,91
2026-03-28T11:45:47.050958,2273,3.1100549697875977,186,277.6500000000005,312,312,False,death,0,0,0,0,0,0,9.848484848484848,1.4927419354838736,30.132465362548828,30.132465362548828,107,78
2026-03-28T11:46:00.205974,2274,11.913576364517212,709,635.5499999999972,664,664,False,death,0,0,0,0,0,0,20.95959595959596,0.8964033850493613,31.69002914428711,31.69002914428711,409,299
2026-03-28T11:46:05.475235,2275,4.372003555297852,261,236.70000000000044,271,271,False,death,0,0,0,0,0,0,8.554292929292929,0.9068965517241396,29.774450302124023,29.774450302124023,150,110
2026-03-28T11:46:21.444064,2276,13.789958477020264,825,673.0999999999921,723,723,False,stuck_timeout,0,0,0,0,0,0,22.821969696969695,0.8158787878787782,31.523635864257812,31.523635864257812,476,348
2026-03-28T11:46:55.339146,2277,29.95350217819214,1801,848.9999999999814,899,899,False,stuck_timeout,0,0,0,0,0,0,28.377525252525253,0.47140477512492024,32.62555694580078,32.62555694580078,1039,761
2026-03-28T11:47:04.837968,2278,8.502716064453125,507,683.7499999999975,706,706,False,death,0,0,0,0,0,0,22.285353535353536,1.3486193293885553,31.852481842041016,31.852481842041016,292,214
2026-03-28T11:47:19.039436,2279,13.009088516235352,780,545.1999999999944,595,595,False,stuck_timeout,0,0,0,0,0,0,18.781565656565657,0.6989743589743518,32.396060943603516,32.396060943603516,450,329
2026-03-28T11:47:38.110718,2280,16.692334175109863,998,1113.849999999989,1137,1137,False,death,0,0,0,0,0,0,35.890151515151516,1.1160821643286463,31.615150451660156,31.615150451660156,576,421
2026-03-28T11:47:54.487008,2281,14.99569320678711,898,548.1999999999945,597,597,False,stuck_timeout,0,0,0,0,0,0,18.84469696969697,0.6104677060133569,32.69270324707031,32.69270324707031,518,379
2026-03-28T11:48:10.024284,2282,14.234346866607666,855,545.7999999999936,595,595,False,stuck_timeout,0,0,0,0,0,0,18.781565656565657,0.6383625730994077,31.489164352416992,31.489164352416992,493,361
2026-03-28T11:48:15.442058,2283,4.531131267547607,271,230.2500000000005,263,263,False,death,0,0,0,0,0,0,8.301767676767676,0.849630996309965,32.403221130371094,32.403221130371094,156,114
2026-03-28T11:48:36.354137,2284,18.324077129364014,1101,851.149999999992,873,873,False,death,0,0,0,0,0,0,27.556818181818183,0.7730699364214279,32.74245834350586,32.74245834350586,635,465
2026-03-28T11:48:56.328741,2285,17.571964502334595,1054,675.1999999999912,723,723,False,stuck_timeout,0,0,0,0,0,0,22.821969696969695,0.6406072106261775,34.326995849609375,34.326995849609375,607,446
2026-03-28T11:49:00.407953,2286,3.313093662261963,197,268.75000000000045,303,303,False,death,0,0,0,0,0,0,9.56439393939394,1.3642131979695455,33.20817184448242,33.20817184448242,113,83
2026-03-28T11:49:07.529967,2287,6.229351282119751,369,256.2000000000005,291,291,False,death,0,0,0,0,0,0,9.18560606060606,0.6943089430894323,31.882381439208984,31.882381439208984,212,156
2026-03-28T11:49:39.109038,2288,28.135002613067627,1689,1094.049999999984,1126,1126,False,death,0,0,0,0,0,0,35.542929292929294,0.6477501480165684,32.077110290527344,32.077110290527344,973,715
2026-03-28T11:49:44.199230,2289,4.241119623184204,251,239.4500000000006,273,273,False,death,0,0,0,0,0,0,8.617424242424242,0.9539840637450223,31.127920150756836,31.127920150756836,144,106
2026-03-28T11:50:00.756528,2290,14.36451530456543,856,791.6999999999938,811,811,False,death,0,0,0,0,0,0,25.599747474747474,0.9248831775700862,31.12440299987793,31.12440299987793,493,362
2026-03-28T11:50:31.447829,2291,27.220057487487793,1634,1083.1999999999828,1124,1124,False,death,0,0,0,0,0,0,35.47979797979798,0.6629130966952159,32.70527267456055,32.70527267456055,940,693
2026-03-28T11:50:53.408493,2292,19.24773383140564,1152,824.5999999999899,852,852,False,death,0,0,0,0,0,0,26.89393939393939,0.7157986111111023,30.888816833496094,30.888816833496094,662,489
2026-03-28T11:51:09.337452,2293,13.708565711975098,818,669.9999999999902,723,723,False,stuck_timeout,0,0,0,0,0,0,22.821969696969695,0.8190709046454648,32.269920349121094,32.269920349121094,470,347
2026-03-28T11:51:19.363274,2294,8.959905624389648,533,652.949999999998,680,680,False,death,0,0,0,0,0,0,21.464646464646464,1.2250469043151933,29.905662536621094,29.905662536621094,306,226
2026-03-28T11:51:48.109020,2295,25.48714566230774,1526,826.5499999999755,899,899,False,stuck_timeout,0,0,0,0,0,0,28.377525252525253,0.5416448230668254,30.845367431640625,30.845367431640625,877,648
2026-03-28T11:52:06.525152,2296,17.093564748764038,1025,612.499999999995,668,668,False,death,0,0,0,0,0,0,21.085858585858585,0.5975609756097512,34.124732971191406,34.124732971191406,589,435
2026-03-28T11:52:12.393820,2297,4.893386602401733,291,235.7000000000005,269,269,False,death,0,0,0,0,0,0,8.491161616161616,0.8099656357388333,29.917707443237305,29.917707443237305,167,123
2026-03-28T11:52:17.343045,2298,4.085678815841675,241,260.6500000000005,293,293,False,death,0,0,0,0,0,0,9.248737373737374,1.0815352697095455,30.680288314819336,30.680288314819336,138,102
2026-03-28T11:52:23.394124,2299,5.156286716461182,306,209.45000000000067,246,246,False,death,0,0,0,0,0,0,7.765151515151516,0.6844771241830088,32.46715545654297,32.46715545654297,175,130
2026-03-28T11:52:48.618616,2300,22.22840929031372,1330,1776.0499999999784,1783,1783,False,death,0,0,0,0,0,0,56.28156565656566,1.335375939849608,30.367345809936523,30.367345809936523,764,565
2026-03-28T11:52:53.916507,2301,4.367648601531982,262,230.4500000000006,263,263,False,death,0,0,0,0,0,0,8.301767676767676,0.879580152671758,30.83832359313965,30.83832359313965,150,111
2026-03-28T11:52:59.332464,2302,4.488405704498291,269,267.9500000000001,307,307,False,death,0,0,0,0,0,0,9.690656565656566,0.9960966542750933,33.257598876953125,33.257598876953125,154,114
2026-03-28T11:53:19.410540,2303,17.584667444229126,1055,678.4499999999895,723,723,False,stuck_timeout,0,0,0,0,0,0,22.821969696969695,0.6430805687203691,31.69368553161621,31.69368553161621,605,449
2026-03-28T11:53:40.964573,2304,18.83721113204956,1127,664.2999999999872,724,724,False,stuck_timeout,0,0,0,0,0,0,22.853535353535353,0.5894409937888085,31.96889305114746,31.96889305114746,646,480
2026-03-28T11:54:03.345464,2305,19.664369583129883,1177,659.0999999999873,723,723,False,stuck_timeout,0,0,0,0,0,0,22.821969696969695,0.5599830076465483,32.31499481201172,32.31499481201172,675,501
2026-03-28T11:54:13.124320,2306,8.744803428649902,524,654.149999999998,679,679,False,death,0,0,0,0,0,0,21.43308080808081,1.248377862595416,33.26543426513672,33.26543426513672,300,223
2026-03-28T11:54:32.107982,2307,16.679391145706177,998,677.799999999991,723,723,False,stuck_timeout,0,0,0,0,0,0,22.821969696969695,0.6791583166332575,30.220561981201172,30.220561981201172,572,425
2026-03-28T11:54:53.255822,2308,18.570653915405273,1114,677.4499999999889,724,724,False,stuck_timeout,0,0,0,0,0,0,22.853535353535353,0.6081238779174047,32.76243209838867,32.76243209838867,638,475
2026-03-28T11:55:10.804084,2309,16.196078300476074,969,634.4499999999938,669,669,False,death,0,0,0,0,0,0,21.117424242424242,0.6547471620226974,32.76140594482422,32.76140594482422,555,413
2026-03-28T11:55:19.685942,2310,7.87862753868103,473,671.0999999999988,696,696,False,death,0,0,0,0,0,0,21.96969696969697,1.4188160676532744,31.0340576171875,31.0340576171875,271,201
2026-03-28T11:55:30.295881,2311,9.462686538696289,567,678.4999999999977,702,702,False,death,0,0,0,0,0,0,22.15909090909091,1.1966490299823593,30.825740814208984,30.825740814208984,324,242
2026-03-28T11:55:48.014525,2312,15.531397104263306,930,1107.8499999999894,1122,1122,False,death,0,0,0,0,0,0,35.41666666666667,1.1912365591397736,30.188724517822266,30.188724517822266,532,397
2026-03-28T11:55:57.909843,2313,8.881271123886108,529,672.0499999999993,703,703,False,death,0,0,0,0,0,0,22.190656565656568,1.270415879017012,32.6460075378418,32.6460075378418,303,225
2026-03-28T11:56:10.356141,2314,11.263086080551147,674,646.549999999998,671,671,False,death,0,0,0,0,0,0,21.180555555555554,0.959272997032638,31.190471649169922,31.190471649169922,386,287
2026-03-28T11:56:31.397859,2315,18.45789623260498,1108,675.8499999999923,723,723,False,stuck_timeout,0,0,0,0,0,0,22.821969696969695,0.6099729241877186,31.11493492126465,31.11493492126465,634,473
2026-03-28T11:56:37.304702,2316,5.002463102340698,299,235.40000000000057,269,269,False,death,0,0,0,0,0,0,8.491161616161616,0.7872909698996675,31.1579647064209,31.1579647064209,171,127
2026-03-28T11:56:45.627133,2317,7.400563716888428,439,656.9999999999973,684,684,False,death,0,0,0,0,0,0,21.59090909090909,1.4965831435079664,32.714229583740234,32.714229583740234,251,187
2026-03-28T11:57:05.352693,2318,17.305254220962524,1039,674.5499999999887,723,723,False,stuck_timeout,0,0,0,0,0,0,22.821969696969695,0.6492300288739064,31.49633026123047,31.49633026123047,594,444
2026-03-28T11:57:09.227367,2319,3.0879809856414795,185,278.4000000000005,314,314,False,death,0,0,0,0,0,0,9.91161616161616,1.5048648648648675,32.7648811340332,32.7648811340332,105,79
2026-03-28T11:57:42.058371,2320,29.234740495681763,1750,1101.9999999999757,1134,1134,False,death,0,0,0,0,0,0,35.79545454545455,0.6297142857142718,31.562450408935547,31.562450408935547,1000,749
2026-03-28T11:58:17.701439,2321,31.83212971687317,1911,843.1999999999788,898,898,False,death,0,0,0,0,0,0,28.345959595959595,0.4412349555206587,32.6851806640625,32.6851806640625,1092,818
2026-03-28T11:58:22.431714,2322,3.8626444339752197,229,256.8500000000004,292,292,False,death,0,0,0,0,0,0,9.217171717171716,1.1216157205240194,31.049169540405273,31.049169540405273,130,98
2026-03-28T11:58:53.970768,2323,28.016727209091187,1678,666.0499999999861,723,723,False,stuck_timeout,0,0,0,0,0,0,22.821969696969695,0.39693087008342437,32.099876403808594,32.099876403808594,958,719
2026-03-28T11:59:19.928174,2324,23.02391266822815,1380,1098.349999999982,1135,1135,False,death,0,0,0,0,0,0,35.82702020202021,0.7959057971014362,30.852127075195312,30.852127075195312,788,591
2026-03-28T11:59:24.207112,2325,3.511037826538086,211,262.45000000000067,295,295,False,death,0,0,0,0,0,0,9.311868686868687,1.243838862559245,32.0273551940918,32.0273551940918,120,90
2026-03-28T11:59:29.058250,2326,4.029049873352051,239,261.1000000000007,294,294,False,death,0,0,0,0,0,0,9.280303030303031,1.092468619246865,31.54296875,31.54296875,136,102
2026-03-28T12:00:07.442238,2327,34.43575096130371,2067,619.999999999974,723,723,False,stuck_timeout,0,0,0,0,0,0,22.821969696969695,0.2999516207063251,33.19623565673828,33.19623565673828,1179,887
2026-03-28T12:00:13.025267,2328,4.673818111419678,281,227.00000000000048,260,260,False,death,0,0,0,0,0,0,8.207070707070708,0.8078291814946637,31.857803344726562,31.857803344726562,160,120
2026-03-28T12:00:18.395338,2329,4.453960418701172,264,241.10000000000056,274,274,False,death,0,0,0,0,0,0,8.6489898989899,0.9132575757575779,32.12782287597656,32.12782287597656,150,113
2026-03-28T12:00:35.858662,2330,15.138025045394897,910,668.5499999999904,723,723,False,stuck_timeout,0,0,0,0,0,0,22.821969696969695,0.7346703296703191,31.707260131835938,31.707260131835938,519,390
2026-03-28T12:01:01.185690,2331,22.33104920387268,1340,642.3499999999824,723,723,False,stuck_timeout,0,0,0,0,0,0,22.821969696969695,0.4793656716417779,31.818973541259766,31.818973541259766,764,575
2026-03-28T12:01:19.726916,2332,16.170572757720947,966,691.4999999999941,723,723,False,death,0,0,0,0,0,0,22.821969696969695,0.7158385093167641,30.83319664001465,30.83319664001465,550,415
2026-03-28T12:01:37.687118,2333,16.589905261993408,993,546.4499999999952,596,596,False,stuck_timeout,0,0,0,0,0,0,18.81313131313131,0.5503021148036205,32.15411376953125,32.15411376953125,565,427
2026-03-28T12:01:50.249492,2334,11.370360374450684,678,685.6499999999992,707,707,False,death,0,0,0,0,0,0,22.31691919191919,1.0112831858407068,33.08052062988281,33.08052062988281,386,291
2026-03-28T12:01:59.992557,2335,8.742297649383545,525,684.1999999999977,709,709,False,death,0,0,0,0,0,0,22.380050505050505,1.3032380952380909,30.464263916015625,30.464263916015625,299,225
2026-03-28T12:02:06.458944,2336,5.592438697814941,330,227.95000000000016,262,262,False,death,0,0,0,0,0,0,8.27020202020202,0.6907575757575762,31.610431671142578,31.610431671142578,188,141
2026-03-28T12:02:35.076166,2337,25.34173274040222,1517,649.6999999999787,723,723,False,stuck_timeout,0,0,0,0,0,0,22.821969696969695,0.4282794990111923,31.079784393310547,31.079784393310547,864,652
2026-03-28T12:02:49.112403,2338,12.744720458984375,761,671.4499999999983,695,695,False,death,0,0,0,0,0,0,21.93813131313131,0.8823258869907994,30.68976593017578,30.68976593017578,433,327
2026-03-28T12:02:52.798407,2339,2.9032535552978516,170,274.6500000000005,309,309,False,death,0,0,0,0,0,0,9.753787878787879,1.6155882352941204,31.190196990966797,31.190196990966797,96,73
2026-03-28T12:03:03.133947,2340,8.73024296760559,519,672.9999999999983,696,696,False,death,0,0,0,0,0,0,21.96969696969697,1.2967244701348715,30.94614028930664,30.94614028930664,295,223
2026-03-28T12:03:07.549311,2341,3.62052583694458,214,263.45000000000056,297,297,False,death,0,0,0,0,0,0,9.375,1.2310747663551427,32.579036712646484,32.579036712646484,121,92
2026-03-28T12:03:23.360798,2342,13.595210075378418,817,829.8499999999925,854,854,False,death,0,0,0,0,0,0,26.957070707070706,1.0157282741737974,31.676265716552734,31.676265716552734,464,352
2026-03-28T12:03:28.145844,2343,3.9299190044403076,233,271.80000000000024,307,307,False,death,0,0,0,0,0,0,9.690656565656566,1.1665236051502157,31.55829429626465,31.55829429626465,132,100
2026-03-28T12:03:52.977496,2344,21.869052410125732,1305,1104.999999999981,1128,1128,False,death,0,0,0,0,0,0,35.60606060606061,0.8467432950191425,32.091712951660156,32.091712951660156,742,562
2026-03-28T12:04:09.419715,2345,15.148270845413208,906,537.5999999999917,596,596,False,stuck_timeout,0,0,0,0,0,0,18.81313131313131,0.5933774834436994,32.66822814941406,32.66822814941406,515,390
2026-03-28T12:04:35.449086,2346,22.994372367858887,1381,687.2999999999959,723,723,False,death,0,0,0,0,0,0,22.821969696969695,0.49768283852280654,31.65152359008789,31.65152359008789,785,595
2026-03-28T12:05:11.761849,2347,32.37762260437012,1938,796.1499999999634,899,899,False,stuck_timeout,0,0,0,0,0,0,28.377525252525253,0.41081011351907293,31.46327781677246,31.46327781677246,1101,836
2026-03-28T12:05:28.306131,2348,14.342445373535156,860,694.3999999999963,723,723,False,death,0,0,0,0,0,0,22.821969696969695,0.807441860465112,31.195470809936523,31.195470809936523,488,371
2026-03-28T12:05:53.584605,2349,22.338730573654175,1341,741.249999999978,817,817,False,death,0,0,0,0,0,0,25.789141414141415,0.5527591349738836,33.068058013916016,33.068058013916016,761,579
2026-03-28T12:06:17.248474,2350,22.129876613616943,1322,517.3999999999928,595,595,False,stuck_timeout,0,0,0,0,0,0,18.781565656565657,0.39137670196671165,32.18736267089844,32.18736267089844,750,571
2026-03-28T12:06:23.758779,2351,5.506519317626953,325,249.85000000000062,283,283,False,death,0,0,0,0,0,0,8.933080808080808,0.7687692307692326,31.00582504272461,31.00582504272461,184,140
2026-03-28T12:06:35.376155,2352,10.516273021697998,633,645.5499999999998,673,673,False,death,0,0,0,0,0,0,21.24368686868687,1.0198262243285938,32.42795181274414,32.42795181274414,359,273
2026-03-28T12:06:54.919765,2353,18.01664113998413,1079,516.0499999999922,595,595,False,stuck_timeout,0,0,0,0,0,0,18.781565656565657,0.47826691380907527,31.123687744140625,31.123687744140625,612,466
2026-03-28T12:07:15.836510,2354,18.419153451919556,1107,672.4999999999898,723,723,False,stuck_timeout,0,0,0,0,0,0,22.821969696969695,0.6074977416440739,32.00311279296875,32.00311279296875,628,478
2026-03-28T12:07:23.369927,2355,6.559338569641113,388,233.7500000000004,268,268,False,death,0,0,0,0,0,0,8.45959595959596,0.6024484536082485,32.89752960205078,32.89752960205078,220,167
2026-03-28T12:07:37.711644,2356,12.340536117553711,736,691.9999999999957,723,723,False,death,0,0,0,0,0,0,22.821969696969695,0.940217391304342,33.26729965209961,33.26729965209961,417,318
2026-03-28T12:08:22.815503,2357,40.42638158798218,2425,769.6999999999551,899,899,False,stuck_timeout,0,0,0,0,0,0,28.377525252525253,0.3174020618556516,31.408935546875,31.408935546875,1374,1050
2026-03-28T12:08:43.565501,2358,18.182796478271484,1092,870.4999999999901,899,899,False,death,0,0,0,0,0,0,28.377525252525253,0.7971611721611631,33.143409729003906,33.143409729003906,618,473
2026-03-28T12:08:48.376588,2359,3.9086549282073975,234,259.85000000000053,292,292,False,death,0,0,0,0,0,0,9.217171717171716,1.1104700854700877,29.847793579101562,29.847793579101562,132,101
2026-03-28T12:08:52.918605,2360,3.4570882320404053,205,259.8000000000005,294,294,False,death,0,0,0,0,0,0,9.280303030303031,1.2673170731707342,33.30375671386719,33.30375671386719,116,88
2026-03-28T12:09:27.152342,2361,30.49578332901001,1826,1509.3499999999765,1514,1514,False,death,0,0,0,0,0,0,47.79040404040404,0.8265881708652664,31.570674896240234,31.570674896240234,1033,792
2026-03-28T12:09:31.596918,2362,3.6334526538848877,217,265.35000000000036,300,300,False,death,0,0,0,0,0,0,9.469696969696969,1.2228110599078357,33.24452590942383,33.24452590942383,122,94
2026-03-28T12:09:57.749353,2363,23.233102321624756,1394,654.7499999999841,723,723,False,stuck_timeout,0,0,0,0,0,0,22.821969696969695,0.4696915351506342,31.67758560180664,31.67758560180664,788,605
2026-03-28T12:10:22.234241,2364,21.64589214324951,1300,644.7999999999805,723,723,False,stuck_timeout,0,0,0,0,0,0,22.821969696969695,0.495999999999985,33.019920349121094,33.019920349121094,735,564
2026-03-28T12:10:50.721980,2365,25.25514030456543,1517,850.0999999999875,899,899,False,death,0,0,0,0,0,0,28.377525252525253,0.560382333553057,30.386764526367188,30.386764526367188,857,659
2026-03-28T12:10:58.143340,2366,6.503086805343628,387,674.849999999998,702,702,False,death,0,0,0,0,0,0,22.15909090909091,1.743798449612398,31.718795776367188,31.718795776367188,218,168
2026-03-28T12:11:31.364708,2367,29.53035569190979,1772,630.6999999999769,723,723,False,stuck_timeout,0,0,0,0,0,0,22.821969696969695,0.35592550790066413,33.914215087890625,33.914215087890625,1000,771
2026-03-28T12:11:59.408019,2368,24.80170702934265,1489,637.5499999999793,723,723,False,stuck_timeout,0,0,0,0,0,0,22.821969696969695,0.42817327065143,31.50686264038086,31.50686264038086,840,648
2026-03-28T12:12:22.735087,2369,20.49946141242981,1231,665.2499999999841,723,723,False,stuck_timeout,0,0,0,0,0,0,22.821969696969695,0.5404142973192397,32.89583969116211,32.89583969116211,694,536
2026-03-28T12:12:29.883936,2370,6.23525333404541,373,222.30000000000035,259,259,False,death,0,0,0,0,0,0,8.175505050505052,0.5959785522788213,32.07887268066406,32.07887268066406,210,162
2026-03-28T12:12:49.440970,2371,17.040019750595093,1021,665.849999999989,723,723,False,stuck_timeout,0,0,0,0,0,0,22.821969696969695,0.6521547502448473,31.161436080932617,31.161436080932617,575,445
2026-03-28T12:13:06.665720,2372,15.033716201782227,902,833.7499999999895,861,861,False,death,0,0,0,0,0,0,27.178030303030305,0.9243348115299219,32.00693893432617,32.00693893432617,508,393
2026-03-28T12:13:18.867094,2373,11.07166314125061,658,647.949999999999,675,675,False,death,0,0,0,0,0,0,21.306818181818183,0.9847264437689954,30.678455352783203,30.678455352783203,370,287
2026-03-28T12:13:22.865173,2374,3.1982614994049072,190,274.00000000000034,309,309,False,death,0,0,0,0,0,0,9.753787878787879,1.4421052631578966,32.553436279296875,32.553436279296875,107,82
2026-03-28T12:13:35.414450,2375,10.735436201095581,639,790.5999999999941,811,811,False,death,0,0,0,0,0,0,25.599747474747474,1.2372456964006167,31.64228057861328,31.64228057861328,360,278
2026-03-28T12:13:50.140821,2376,13.491196393966675,806,544.2999999999951,595,595,False,stuck_timeout,0,0,0,0,0,0,18.781565656565657,0.6753101736972643,31.52425765991211,31.52425765991211,454,351
2026-03-28T12:14:08.519791,2377,16.030273914337158,962,677.6999999999933,723,723,False,death,0,0,0,0,0,0,22.821969696969695,0.7044698544698476,31.79030418395996,31.79030418395996,541,420
2026-03-28T12:14:35.524653,2378,23.88083839416504,1427,658.1999999999814,723,723,False,stuck_timeout,0,0,0,0,0,0,22.821969696969695,0.4612473721093072,30.224966049194336,30.224966049194336,803,623
2026-03-28T12:14:40.147394,2379,3.761765718460083,225,268.7500000000004,303,303,False,death,0,0,0,0,0,0,9.56439393939394,1.1944444444444462,32.25508117675781,32.25508117675781,126,98
2026-03-28T12:15:10.129505,2380,26.570659160614014,1595,1091.7999999999834,1124,1124,False,death,0,0,0,0,0,0,35.47979797979798,0.6845141065830617,30.832067489624023,30.832067489624023,897,697
2026-03-28T12:15:41.640242,2381,27.90059804916382,1673,645.2999999999803,723,723,False,stuck_timeout,0,0,0,0,0,0,22.821969696969695,0.3857142857142739,30.383865356445312,30.383865356445312,940,732
2026-03-28T12:16:03.693474,2382,19.28740406036377,1159,851.8499999999865,898,898,False,stuck_timeout,0,0,0,0,0,0,28.345959595959595,0.7349870578084439,30.170757293701172,30.170757293701172,651,507
2026-03-28T12:16:30.672750,2383,23.78091812133789,1426,1091.8999999999794,1127,1127,False,death,0,0,0,0,0,0,35.57449494949495,0.7657082748947962,32.65874481201172,32.65874481201172,801,624
2026-03-28T12:16:36.319127,2384,4.759055137634277,284,264.1500000000008,297,297,False,death,0,0,0,0,0,0,9.375,0.9301056338028196,31.850200653076172,31.850200653076172,159,124
2026-03-28T12:16:50.122029,2385,11.887114524841309,711,678.2499999999947,723,723,False,death,0,0,0,0,0,0,22.821969696969695,0.9539381153305129,31.223302841186523,31.223302841186523,399,311
2026-03-28T12:17:12.338575,2386,19.600865364074707,1176,855.1999999999845,899,899,False,stuck_timeout,0,0,0,0,0,0,28.377525252525253,0.7272108843537283,30.09857940673828,30.09857940673828,659,516
2026-03-28T12:17:17.721162,2387,4.563877582550049,271,261.50000000000057,297,297,False,death,0,0,0,0,0,0,9.375,0.9649446494464966,31.2369384765625,31.2369384765625,152,118
2026-03-28T12:17:24.340527,2388,5.686269760131836,341,267.6000000000006,301,301,False,death,0,0,0,0,0,0,9.501262626262626,0.7847507331378316,31.732707977294922,31.732707977294922,191,149
2026-03-28T12:17:35.560955,2389,10.170804977416992,607,643.1499999999978,665,665,False,death,0,0,0,0,0,0,20.991161616161616,1.059555189456339,31.349472045898438,31.349472045898438,340,266
2026-03-28T12:18:00.970509,2390,22.448394775390625,1349,1398.6999999999757,1418,1418,False,death,0,0,0,0,0,0,44.76010101010101,1.0368421052631398,30.905385971069336,30.905385971069336,756,592
2026-03-28T12:18:04.743312,2391,2.9830362796783447,176,264.4000000000007,299,299,False,death,0,0,0,0,0,0,9.438131313131313,1.5022727272727314,29.342819213867188,29.342819213867188,98,77
2026-03-28T12:18:21.719561,2392,14.689066410064697,879,680.349999999991,723,723,False,stuck_timeout,0,0,0,0,0,0,22.821969696969695,0.7740045506257008,32.684967041015625,32.684967041015625,492,386
2026-03-28T12:18:43.179383,2393,18.79968786239624,1128,670.7999999999879,723,723,False,stuck_timeout,0,0,0,0,0,0,22.821969696969695,0.5946808510638191,30.828842163085938,30.828842163085938,632,495
2026-03-28T12:18:53.101275,2394,8.905689716339111,531,649.6999999999989,678,678,False,death,0,0,0,0,0,0,21.401515151515152,1.2235404896421824,31.529911041259766,31.529911041259766,297,233
2026-03-28T12:18:57.628782,2395,3.6719000339508057,219,263.6500000000004,297,297,False,death,0,0,0,0,0,0,9.375,1.2038812785388144,31.552379608154297,31.552379608154297,122,96
2026-03-28T12:19:29.820637,2396,28.602055549621582,1715,764.4499999999788,824,824,False,death,0,0,0,0,0,0,26.01010101010101,0.44574344023322376,30.450008392333984,30.450008392333984,960,754
2026-03-28T12:19:59.367766,2397,26.07549524307251,1565,652.1499999999807,723,723,False,stuck_timeout,0,0,0,0,0,0,22.821969696969695,0.4167092651757065,30.747756958007812,30.747756958007812,876,688
2026-03-28T12:20:29.862623,2398,27.1499342918396,1624,649.7499999999794,723,723,False,stuck_timeout,0,0,0,0,0,0,22.821969696969695,0.400092364532007,32.52231979370117,32.52231979370117,908,715
2026-03-28T12:20:40.069056,2399,9.151872873306274,546,680.3499999999982,703,703,False,death,0,0,0,0,0,0,22.190656565656568,1.2460622710622677,32.09197235107422,32.09197235107422,305,240
2026-03-28T12:20:45.205974,2400,4.033569097518921,241,269.5500000000005,303,303,False,death,0,0,0,0,0,0,9.56439393939394,1.1184647302904587,31.28900718688965,31.28900718688965,134,106
2026-03-28T12:21:13.713108,2401,25.227861881256104,1510,633.7499999999751,723,723,False,stuck_timeout,0,0,0,0,0,0,22.821969696969695,0.4197019867549504,32.343746185302734,32.343746185302734,844,665
2026-03-28T12:21:18.830620,2402,4.290862321853638,254,242.65000000000032,277,277,False,death,0,0,0,0,0,0,8.743686868686869,0.9553149606299225,31.728134155273438,31.728134155273438,141,112
2026-03-28T12:21:30.253269,2403,10.284749746322632,615,645.0999999999977,670,670,False,death,0,0,0,0,0,0,21.148989898989896,1.0489430894308907,31.791046142578125,31.791046142578125,343,271
2026-03-28T12:21:49.643543,2404,16.934026956558228,1016,683.1499999999921,723,723,False,death,0,0,0,0,0,0,22.821969696969695,0.6723917322834568,32.761383056640625,32.761383056640625,567,448
2026-03-28T12:22:03.382201,2405,12.591332912445068,751,692.6499999999952,722,722,False,death,0,0,0,0,0,0,22.79040404040404,0.922303595206385,31.459569931030273,31.459569931030273,419,331
2026-03-28T12:22:08.986660,2406,4.66315770149231,279,241.3500000000006,275,275,False,death,0,0,0,0,0,0,8.680555555555555,0.8650537634408624,32.44678497314453,32.44678497314453,155,123
2026-03-28T12:22:23.196355,2407,12.160083532333374,728,690.349999999997,723,723,False,death,0,0,0,0,0,0,22.821969696969695,0.9482829670329629,31.10205078125,31.10205078125,406,321
2026-03-28T12:22:45.166720,2408,19.23595666885376,1154,749.0499999999854,801,801,False,death,0,0,0,0,0,0,25.28409090909091,0.649090121317145,32.30591583251953,32.30591583251953,644,509
2026-03-28T12:22:59.596989,2409,13.213382720947266,792,545.7999999999947,595,595,False,stuck_timeout,0,0,0,0,0,0,18.781565656565657,0.6891414141414075,32.44071578979492,32.44071578979492,442,349
2026-03-28T12:23:03.970278,2410,3.535954236984253,211,260.70000000000044,295,295,False,death,0,0,0,0,0,0,9.311868686868687,1.2355450236966845,31.859642028808594,31.859642028808594,117,93
2026-03-28T12:23:21.681198,2411,15.399888038635254,924,671.1499999999916,723,723,False,stuck_timeout,0,0,0,0,0,0,22.821969696969695,0.7263528138528047,32.47071075439453,32.47071075439453,515,408
2026-03-28T12:23:49.640804,2412,24.795940160751343,1486,1388.6499999999746,1405,1405,False,death,0,0,0,0,0,0,44.349747474747474,0.9344885598923113,31.310665130615234,31.310665130615234,828,657
2026-03-28T12:24:04.867733,2413,13.228487014770508,793,780.949999999995,799,799,False,death,0,0,0,0,0,0,25.220959595959595,0.9848045397225662,30.57430076599121,30.57430076599121,441,351
2026-03-28T12:24:23.543564,2414,16.297815322875977,979,871.2999999999897,898,898,False,death,0,0,0,0,0,0,28.345959595959595,0.889989785495393,31.582839965820312,31.582839965820312,545,433
2026-03-28T12:24:40.602263,2415,14.861191987991333,890,694.6499999999961,723,723,False,death,0,0,0,0,0,0,22.821969696969695,0.7805056179775237,33.09933090209961,33.09933090209961,495,394
2026-03-28T12:25:04.702410,2416,21.317264556884766,1276,660.6499999999857,723,723,False,stuck_timeout,0,0,0,0,0,0,22.821969696969695,0.5177507836990484,32.13853454589844,32.13853454589844,710,565
2026-03-28T12:25:17.232237,2417,11.298854351043701,679,633.1499999999977,657,657,False,death,0,0,0,0,0,0,20.738636363636363,0.9324742268041203,30.459712982177734,30.459712982177734,377,301
2026-03-28T12:25:36.602738,2418,16.913559675216675,1011,789.199999999993,812,812,False,death,0,0,0,0,0,0,25.63131313131313,0.7806132542037517,32.49488067626953,32.49488067626953,562,448
2026-03-28T12:26:09.071099,2419,28.885952949523926,1735,851.9499999999827,899,899,False,stuck_timeout,0,0,0,0,0,0,28.377525252525253,0.49103746397693526,31.26861572265625,31.26861572265625,964,770
2026-03-28T12:26:16.051544,2420,5.795873641967773,341,233.40000000000055,267,267,False,death,0,0,0,0,0,0,8.428030303030303,0.6844574780058666,32.15869903564453,32.15869903564453,189,151
2026-03-28T12:26:33.804118,2421,15.548296689987183,926,1110.2499999999864,1124,1124,False,death,0,0,0,0,0,0,35.47979797979798,1.1989740820734194,31.345565795898438,31.345565795898438,514,411
2026-03-28T12:26:40.153593,2422,5.402007579803467,321,223.25000000000065,257,257,False,death,0,0,0,0,0,0,8.112373737373737,0.6954828660436158,31.50250816345215,31.50250816345215,178,142
2026-03-28T12:26:44.921031,2423,3.956085443496704,235,250.05000000000038,285,285,False,death,0,0,0,0,0,0,8.996212121212121,1.064042553191491,32.790489196777344,32.790489196777344,130,104
2026-03-28T12:27:09.819450,2424,21.941630840301514,1317,853.2499999999843,899,899,False,stuck_timeout,0,0,0,0,0,0,28.377525252525253,0.6478739559605045,32.6077766418457,32.6077766418457,731,585
2026-03-28T12:27:35.398888,2425,22.639606952667236,1359,852.1499999999863,898,898,False,death,0,0,0,0,0,0,28.345959595959595,0.6270419426048465,32.32463836669922,32.32463836669922,753,605
2026-03-28T12:28:03.078061,2426,24.605618000030518,1478,875.8499999999891,898,898,False,death,0,0,0,0,0,0,28.345959595959595,0.5925913396481658,30.93355941772461,30.93355941772461,819,658
2026-03-28T12:28:22.299335,2427,16.77227210998535,1006,677.0999999999893,723,723,False,stuck_timeout,0,0,0,0,0,0,22.821969696969695,0.6730616302186773,32.24239730834961,32.24239730834961,557,448
2026-03-28T12:28:27.092596,2428,3.9660253524780273,236,245.7000000000003,280,280,False,death,0,0,0,0,0,0,8.83838383838384,1.0411016949152556,32.54320526123047,32.54320526123047,130,105
2026-03-28T12:28:30.755770,2429,2.8887603282928467,173,277.8500000000003,313,313,False,death,0,0,0,0,0,0,9.880050505050505,1.6060693641618515,31.9174861907959,31.9174861907959,95,77
2026-03-28T12:29:04.404699,2430,29.997715711593628,1800,603.8499999999727,723,723,False,stuck_timeout,0,0,0,0,0,0,22.821969696969695,0.3354722222222071,31.515880584716797,31.515880584716797,997,802
2026-03-28T12:29:07.686903,2431,2.5523407459259033,154,275.3500000000004,311,311,False,death,0,0,0,0,0,0,9.816919191919192,1.7879870129870157,33.18339538574219,33.18339538574219,85,68
2026-03-28T12:29:21.401962,2432,12.42827844619751,741,687.1499999999941,722,722,False,death,0,0,0,0,0,0,22.79040404040404,0.9273279352226641,31.483379364013672,31.483379364013672,410,330
2026-03-28T12:29:35.011029,2433,12.370001077651978,741,690.6499999999958,722,722,False,death,0,0,0,0,0,0,22.79040404040404,0.9320512820512763,31.04428482055664,31.04428482055664,410,330
2026-03-28T12:30:00.149725,2434,22.157779932022095,1328,1106.9999999999773,1151,1151,False,death,0,0,0,0,0,0,36.332070707070706,0.8335843373493804,32.370548248291016,32.370548248291016,735,592
2026-03-28T12:30:07.349936,2435,6.253251075744629,373,656.4499999999996,686,686,False,death,0,0,0,0,0,0,21.654040404040405,1.7599195710455753,32.13864517211914,32.13864517211914,206,166
2026-03-28T12:30:26.637861,2436,16.793425798416138,1006,678.4999999999899,723,723,False,stuck_timeout,0,0,0,0,0,0,22.821969696969695,0.6744532803180814,32.27251434326172,32.27251434326172,556,449
2026-03-28T12:30:30.773812,2437,3.2943429946899414,192,266.20000000000044,302,302,False,death,0,0,0,0,0,0,9.532828282828284,1.3864583333333356,32.136497497558594,32.136497497558594,106,85
2026-03-28T12:30:34.419765,2438,2.891556739807129,169,273.2500000000003,309,309,False,death,0,0,0,0,0,0,9.753787878787879,1.6168639053254454,31.435054779052734,31.435054779052734,93,75
2026-03-28T12:30:56.916774,2439,19.856114387512207,1191,779.6499999999894,813,813,False,death,0,0,0,0,0,0,25.66287878787879,0.6546179680940297,31.238943099975586,31.238943099975586,658,532
2026-03-28T12:31:16.002382,2440,16.645882844924927,998,634.6999999999949,678,678,False,death,0,0,0,0,0,0,21.401515151515152,0.6359719438877705,32.10197067260742,32.10197067260742,551,446
2026-03-28T12:31:24.346946,2441,7.280027389526367,433,678.5999999999967,703,703,False,death,0,0,0,0,0,0,22.190656565656568,1.5672055427251657,30.583770751953125,30.583770751953125,239,193
2026-03-28T12:31:55.093553,2442,27.182546854019165,1629,821.2999999999794,900,900,False,stuck_timeout,0,0,0,0,0,0,28.40909090909091,0.5041743400859297,31.949003219604492,31.949003219604492,900,728
2026-03-28T12:32:04.636375,2443,8.52436089515686,513,675.0999999999984,701,701,False,death,0,0,0,0,0,0,22.127525252525253,1.3159844054580867,31.257110595703125,31.257110595703125,283,229
2026-03-28T12:32:33.501015,2444,25.488904237747192,1531,1500.699999999973,1521,1521,False,death,0,0,0,0,0,0,48.01136363636363,0.9802090137165075,31.591888427734375,31.591888427734375,845,685
2026-03-28T12:32:43.384235,2445,8.80929446220398,528,677.8999999999977,703,703,False,death,0,0,0,0,0,0,22.190656565656568,1.2839015151515107,32.70252227783203,32.70252227783203,291,236
2026-03-28T12:32:48.018729,2446,3.832648992538452,224,266.35000000000014,301,301,False,death,0,0,0,0,0,0,9.501262626262626,1.1890625000000006,31.219778060913086,31.219778060913086,123,100
2026-03-28T12:32:59.844936,2447,10.657679319381714,637,655.0499999999982,680,680,False,death,0,0,0,0,0,0,21.464646464646464,1.0283359497645184,32.091957092285156,32.091957092285156,351,285
2026-03-28T12:33:14.577736,2448,13.46169662475586,806,644.1999999999991,668,668,False,death,0,0,0,0,0,0,21.085858585858585,0.7992555831265498,32.55949020385742,32.55949020385742,445,360
2026-03-28T12:33:19.959746,2449,4.462424039840698,265,260.45000000000067,293,293,False,death,0,0,0,0,0,0,9.248737373737374,0.9828301886792478,32.719688415527344,32.719688415527344,146,118
2026-03-28T12:33:37.277809,2450,15.952012300491333,957,548.1999999999947,599,599,False,stuck_timeout,0,0,0,0,0,0,18.90782828282828,0.5728317659352087,31.891019821166992,31.891019821166992,528,428
2026-03-28T12:34:07.460381,2451,26.686893463134766,1601,1409.5999999999788,1426,1426,False,death,0,0,0,0,0,0,45.01262626262626,0.8804497189256582,31.74550437927246,31.74550437927246,883,717
2026-03-28T12:34:21.798590,2452,12.329892635345459,737,818.1999999999947,843,843,False,death,0,0,0,0,0,0,26.609848484848484,1.1101763907733986,32.881744384765625,32.881744384765625,406,330
2026-03-28T12:34:45.520547,2453,20.81482481956482,1247,675.8999999999893,723,723,False,stuck_timeout,0,0,0,0,0,0,22.821969696969695,0.5420208500400876,33.51256561279297,33.51256561279297,687,559
2026-03-28T12:34:50.144937,2454,3.7453701496124268,224,271.5500000000005,307,307,False,death,0,0,0,0,0,0,9.690656565656566,1.212276785714288,32.03932189941406,32.03932189941406,123,100
2026-03-28T12:35:03.124966,2455,11.80393123626709,708,542.6999999999952,595,595,False,stuck_timeout,0,0,0,0,0,0,18.781565656565657,0.7665254237288067,31.231689453125,31.231689453125,390,317
2026-03-28T12:35:10.856388,2456,6.781840085983276,403,256.30000000000024,297,297,False,death,0,0,0,0,0,0,9.375,0.6359801488833753,32.2020378112793,32.2020378112793,222,180
2026-03-28T12:35:47.481122,2457,32.64011764526367,1955,1490.1499999999778,1504,1504,False,death,0,0,0,0,0,0,47.474747474747474,0.7622250639386076,33.68898010253906,33.68898010253906,1077,877
2026-03-28T12:36:08.486183,2458,18.51637053489685,1108,656.0999999999856,723,723,False,stuck_timeout,0,0,0,0,0,0,22.821969696969695,0.5921480144404202,31.833782196044922,31.833782196044922,610,497
2026-03-28T12:36:13.144581,2459,3.8603148460388184,229,258.3500000000006,292,292,False,death,0,0,0,0,0,0,9.217171717171716,1.1281659388646315,30.25819969177246,30.25819969177246,126,102
2026-03-28T12:36:38.399812,2460,22.2529399394989,1333,734.3499999999844,801,801,False,death,0,0,0,0,0,0,25.28409090909091,0.5509002250562524,32.875911712646484,32.875911712646484,734,598
2026-03-28T12:36:55.171491,2461,14.562374591827393,870,675.9999999999914,723,723,False,stuck_timeout,0,0,0,0,0,0,22.821969696969695,0.7770114942528636,31.896976470947266,31.896976470947266,478,391
2026-03-28T12:36:59.912660,2462,3.864577293395996,231,261.35000000000053,295,295,False,death,0,0,0,0,0,0,9.311868686868687,1.1313852813852836,31.91242027282715,31.91242027282715,127,103
2026-03-28T12:37:06.362094,2463,5.478758811950684,329,213.85000000000045,248,248,False,death,0,0,0,0,0,0,7.828282828282829,0.6500000000000014,30.979137420654297,30.979137420654297,181,147
2026-03-28T12:37:30.059917,2464,20.9415864944458,1257,858.6999999999845,899,899,False,stuck_timeout,0,0,0,0,0,0,28.377525252525253,0.6831344470962486,30.34755516052246,30.34755516052246,691,565
2026-03-28T12:37:39.919385,2465,8.843562126159668,530,661.1999999999981,684,684,False,death,0,0,0,0,0,0,21.59090909090909,1.2475471698113172,31.429092407226562,31.429092407226562,291,238
2026-03-28T12:37:45.326456,2466,4.542391538619995,270,248.80000000000047,283,283,False,death,0,0,0,0,0,0,8.933080808080808,0.9214814814814832,31.880321502685547,31.880321502685547,148,121
2026-03-28T12:37:50.263922,2467,4.039580345153809,241,238.10000000000036,273,273,False,death,0,0,0,0,0,0,8.617424242424242,0.9879668049792546,32.85065460205078,32.85065460205078,132,108
2026-03-28T12:38:12.970482,2468,20.048136472702026,1201,1102.9499999999841,1128,1128,False,death,0,0,0,0,0,0,35.60606060606061,0.9183597002497786,30.479717254638672,30.479717254638672,660,540
2026-03-28T12:38:34.711372,2469,19.064080476760864,1140,679.399999999991,724,724,False,stuck_timeout,0,0,0,0,0,0,22.853535353535353,0.5959649122806938,32.67081069946289,32.67081069946289,626,513
2026-03-28T12:38:40.940135,2470,5.318364381790161,317,255.55000000000058,293,293,False,death,0,0,0,0,0,0,9.248737373737374,0.8061514195583614,31.884597778320312,31.884597778320312,174,142
2026-03-28T12:38:52.576073,2471,10.52049708366394,629,654.5499999999984,679,679,False,death,0,0,0,0,0,0,21.43308080808081,1.0406200317964998,31.717845916748047,31.717845916748047,345,283
2026-03-28T12:38:58.140326,2472,4.69197940826416,277,255.30000000000067,288,288,False,death,0,0,0,0,0,0,9.090909090909092,0.921660649819497,31.12570571899414,31.12570571899414,152,124
2026-03-28T12:39:04.120976,2473,5.034341335296631,297,217.70000000000056,251,251,False,death,0,0,0,0,0,0,7.9229797979797985,0.7329966329966349,32.62120819091797,32.62120819091797,163,133
2026-03-28T12:39:26.487390,2474,19.62135100364685,1173,759.9999999999883,799,799,False,death,0,0,0,0,0,0,25.220959595959595,0.6479113384484129,33.507869720458984,33.507869720458984,644,528
2026-03-28T12:40:03.363196,2475,32.839067220687866,1972,1096.649999999979,1123,1123,False,death,0,0,0,0,0,0,35.448232323232325,0.5561105476673321,31.542224884033203,31.542224884033203,1082,889
2026-03-28T12:40:21.192235,2476,16.358521699905396,979,658.799999999991,710,710,False,death,0,0,0,0,0,0,22.411616161616163,0.6729315628191941,30.63820457458496,30.63820457458496,537,441
2026-03-28T12:40:25.353548,2477,3.3124923706054688,195,266.1500000000006,300,300,False,death,0,0,0,0,0,0,9.469696969696969,1.3648717948717979,32.6080322265625,32.6080322265625,107,87
2026-03-28T12:40:59.712396,2478,30.431551694869995,1824,1387.8499999999742,1407,1407,False,death,0,0,0,0,0,0,44.41287878787879,0.7608826754385823,32.82796859741211,32.82796859741211,1000,823
2026-03-28T12:41:26.132245,2479,23.175262928009033,1387,655.7499999999843,723,723,False,stuck_timeout,0,0,0,0,0,0,22.821969696969695,0.47278298485939746,32.78770446777344,32.78770446777344,760,626
2026-03-28T12:41:31.803970,2480,4.443254232406616,267,270.85000000000053,305,305,False,death,0,0,0,0,0,0,9.627525252525253,1.0144194756554328,33.799903869628906,33.799903869628906,146,120
2026-03-28T12:41:35.776558,2481,3.170278310775757,186,273.30000000000047,309,309,False,death,0,0,0,0,0,0,9.753787878787879,1.46935483870968,31.090885162353516,31.090885162353516,101,84
2026-03-28T12:42:05.847181,2482,26.699024200439453,1603,1388.9999999999761,1404,1404,False,death,0,0,0,0,0,0,44.31818181818182,0.8665003119151442,31.343578338623047,31.343578338623047,878,724
2026-03-28T12:42:52.919550,2483,42.158056020736694,2528,774.6999999999589,899,899,False,stuck_timeout,0,0,0,0,0,0,28.377525252525253,0.3064477848101103,30.982616424560547,30.982616424560547,1384,1143
2026-03-28T12:43:26.548454,2484,29.95288634300232,1797,838.7999999999809,899,899,False,stuck_timeout,0,0,0,0,0,0,28.377525252525253,0.4667779632721095,32.77262878417969,32.77262878417969,983,813
2026-03-28T12:43:52.950290,2485,23.435229778289795,1401,850.6499999999819,912,912,False,death,0,0,0,0,0,0,28.78787878787879,0.6071734475374603,33.25006103515625,33.25006103515625,766,634
2026-03-28T12:44:29.226681,2486,32.30825901031494,1939,1094.8499999999788,1126,1126,False,death,0,0,0,0,0,0,35.542929292929294,0.5646467251160282,31.854042053222656,31.854042053222656,1060,878
2026-03-28T12:44:56.212735,2487,23.84460186958313,1431,755.8499999999849,811,811,False,death,0,0,0,0,0,0,25.599747474747474,0.5281970649895072,32.01495361328125,32.01495361328125,782,648
2026-03-28T12:45:10.120279,2488,12.67557144165039,761,695.9999999999985,722,722,False,death,0,0,0,0,0,0,22.79040404040404,0.9145860709592621,31.75548553466797,31.75548553466797,415,345
2026-03-28T12:45:33.501476,2489,20.433274030685425,1219,1110.9999999999843,1123,1123,False,death,0,0,0,0,0,0,35.448232323232325,0.9114027891714391,32.72049331665039,32.72049331665039,665,553
2026-03-28T12:45:46.247042,2490,11.534950017929077,691,542.549999999995,595,595,False,stuck_timeout,0,0,0,0,0,0,18.781565656565657,0.7851664254703256,31.9217529296875,31.9217529296875,377,313
2026-03-28T12:46:05.362795,2491,17.67309069633484,1062,692.4999999999958,722,722,False,death,0,0,0,0,0,0,22.79040404040404,0.6520715630885083,31.779272079467773,31.779272079467773,580,481
2026-03-28T12:46:09.687558,2492,3.454138994216919,205,263.70000000000067,298,298,False,death,0,0,0,0,0,0,9.406565656565656,1.2863414634146375,30.478361129760742,30.478361129760742,111,93
2026-03-28T12:46:14.777440,2493,4.286907434463501,255,242.60000000000076,276,276,False,death,0,0,0,0,0,0,8.712121212121213,0.9513725490196109,32.18601989746094,32.18601989746094,139,115
2026-03-28T12:46:45.015258,2494,26.904125452041626,1609,1098.1999999999782,1130,1130,False,death,0,0,0,0,0,0,35.66919191919192,0.6825357364822736,30.8319149017334,30.8319149017334,878,730
2026-03-28T12:46:48.776039,2495,2.9694559574127197,172,276.70000000000033,312,312,False,death,0,0,0,0,0,0,9.848484848484848,1.60872093023256,33.82398986816406,33.82398986816406,93,78
2026-03-28T12:47:04.706746,2496,13.916905879974365,835,870.6499999999912,899,899,False,death,0,0,0,0,0,0,28.377525252525253,1.0426946107784325,31.68914794921875,31.68914794921875,455,379
2026-03-28T12:47:24.402780,2497,17.191927909851074,1033,675.5499999999921,723,723,False,stuck_timeout,0,0,0,0,0,0,22.821969696969695,0.6539690222652392,32.94234848022461,32.94234848022461,563,469
2026-03-28T12:47:45.918854,2498,18.82272744178772,1125,667.6999999999891,724,724,False,stuck_timeout,0,0,0,0,0,0,22.853535353535353,0.5935111111111014,32.75768280029297,32.75768280029297,613,511
2026-03-28T12:48:04.266567,2499,16.052562475204468,959,816.0999999999939,837,837,False,death,0,0,0,0,0,0,26.420454545454547,0.8509906152241855,31.50398826599121,31.50398826599121,522,436
2026-03-28T12:48:39.760073,2500,31.672032833099365,1897,1491.749999999972,1513,1513,False,death,0,0,0,0,0,0,47.75883838383838,0.7863732208750511,32.40046310424805,32.40046310424805,1033,863
2026-03-28T12:48:55.296328,2501,14.243805646896362,855,543.0999999999949,596,596,False,stuck_timeout,0,0,0,0,0,0,18.81313131313131,0.6352046783625671,32.71293258666992,32.71293258666992,465,389
2026-03-28T12:49:00.101413,2502,3.8910281658172607,229,252.75000000000043,287,287,False,death,0,0,0,0,0,0,9.059343434343434,1.103711790393015,31.513336181640625,31.513336181640625,124,104
2026-03-28T12:49:10.702088,2503,9.515433549880981,567,641.9999999999986,671,671,False,death,0,0,0,0,0,0,21.180555555555554,1.1322751322751299,33.619163513183594,33.619163513183594,308,258
2026-03-28T12:49:16.724492,2504,5.084315538406372,301,225.4500000000007,258,258,False,death,0,0,0,0,0,0,8.143939393939394,0.7490033222591386,31.675329208374023,31.675329208374023,163,137
2026-03-28T12:49:38.040215,2505,18.723236322402954,1120,843.6499999999918,863,863,False,death,0,0,0,0,0,0,27.24116161616162,0.7532589285714213,32.57653045654297,32.57653045654297,609,510
2026-03-28T12:49:48.507805,2506,9.390966176986694,563,658.3999999999991,681,681,False,death,0,0,0,0,0,0,21.49621212121212,1.1694493783303714,32.39592742919922,32.39592742919922,306,256
2026-03-28T12:50:09.176558,2507,18.13814640045166,1088,668.8499999999882,724,724,False,stuck_timeout,0,0,0,0,0,0,22.853535353535353,0.6147518382352832,31.433629989624023,31.433629989624023,591,496
2026-03-28T12:50:36.740512,2508,24.4364070892334,1468,639.9499999999807,723,723,False,stuck_timeout,0,0,0,0,0,0,22.821969696969695,0.4359332425067989,30.411182403564453,30.411182403564453,798,669
2026-03-28T12:50:53.558524,2509,15.512508630752563,925,670.3499999999902,722,722,False,stuck_timeout,0,0,0,0,0,0,22.79040404040404,0.7247027027026921,34.53911590576172,34.53911590576172,503,421
2026-03-28T12:51:05.569068,2510,10.92298150062561,650,684.0499999999985,707,707,False,death,0,0,0,0,0,0,22.31691919191919,1.052384615384613,31.644500732421875,31.644500732421875,353,296
2026-03-28T12:51:29.714238,2511,21.221079349517822,1271,851.4499999999875,899,899,False,death,0,0,0,0,0,0,28.377525252525253,0.669905586152626,31.879852294921875,31.879852294921875,690,580
2026-03-28T12:51:41.935016,2512,11.057013511657715,661,657.6999999999971,679,679,False,death,0,0,0,0,0,0,21.43308080808081,0.995007564296516,31.972476959228516,31.972476959228516,359,301
2026-03-28T12:52:03.674298,2513,19.148964881896973,1145,816.5999999999914,840,840,False,death,0,0,0,0,0,0,26.515151515151516,0.7131877729257566,31.0152587890625,31.0152587890625,622,522
2026-03-28T12:52:36.282273,2514,28.9936580657959,1742,1115.6499999999837,1132,1132,False,death,0,0,0,0,0,0,35.73232323232323,0.640442020665892,33.064605712890625,33.064605712890625,945,796
2026-03-28T12:52:48.306752,2515,10.780948162078857,641,655.7499999999986,677,677,False,death,0,0,0,0,0,0,21.369949494949495,1.0230109204368154,31.960371017456055,31.960371017456055,348,292
2026-03-28T12:53:24.251507,2516,31.873560905456543,1912,1114.6499999999812,1137,1137,False,death,0,0,0,0,0,0,35.890151515151516,0.5829759414225844,33.80134201049805,33.80134201049805,1037,874
2026-03-28T12:53:29.226309,2517,4.181063652038574,246,235.2500000000006,269,269,False,death,0,0,0,0,0,0,8.491161616161616,0.9563008130081325,32.797088623046875,32.797088623046875,133,112
2026-03-28T12:54:08.478114,2518,35.13128161430359,2109,1185.499999999974,1219,1219,False,death,0,0,0,0,0,0,38.47853535353536,0.5621147463252604,31.500228881835938,31.500228881835938,1144,964
2026-03-28T12:54:24.015496,2519,14.278832912445068,855,540.8499999999943,595,595,False,stuck_timeout,0,0,0,0,0,0,18.781565656565657,0.632573099415198,32.57617950439453,32.57617950439453,463,391
2026-03-28T12:54:52.491783,2520,25.08498787879944,1505,845.9999999999895,866,866,False,death,0,0,0,0,0,0,27.335858585858585,0.5621262458471691,31.46773910522461,31.46773910522461,815,689
2026-03-28T12:55:18.962093,2521,23.489700078964233,1408,843.3999999999871,899,899,False,stuck_timeout,0,0,0,0,0,0,28.377525252525253,0.5990056818181727,32.50276184082031,32.50276184082031,763,644
2026-03-28T12:55:25.287884,2522,5.459564924240112,323,223.45000000000044,257,257,False,death,0,0,0,0,0,0,8.112373737373737,0.6917956656346763,33.75798797607422,33.75798797607422,175,147
2026-03-28T12:55:30.363384,2523,4.230392694473267,255,233.1500000000008,267,267,False,death,0,0,0,0,0,0,8.428030303030303,0.9143137254901992,31.997631072998047,31.997631072998047,138,116
2026-03-28T12:55:58.077321,2524,24.470831632614136,1465,659.8999999999859,723,723,False,stuck_timeout,0,0,0,0,0,0,22.821969696969695,0.4504436860068163,32.0101432800293,32.0101432800293,793,671
2026-03-28T12:56:08.396146,2525,9.220012664794922,551,683.9499999999992,708,708,False,death,0,0,0,0,0,0,22.348484848484848,1.2412885662431927,32.12882614135742,32.12882614135742,298,252
2026-03-28T12:56:47.370856,2526,34.79086089134216,2087,610.4499999999723,723,723,False,stuck_timeout,0,0,0,0,0,0,22.821969696969695,0.2925011978916973,32.32857894897461,32.32857894897461,1129,957
2026-03-28T12:57:11.159644,2527,20.87367558479309,1252,852.2499999999839,899,899,False,stuck_timeout,0,0,0,0,0,0,28.377525252525253,0.6807108626197954,31.531179428100586,31.531179428100586,677,574
2026-03-28T12:57:16.587329,2528,4.607440233230591,276,237.9000000000006,271,271,False,death,0,0,0,0,0,0,8.554292929292929,0.8619565217391326,33.65962219238281,33.65962219238281,149,126
2026-03-28T12:57:51.584029,2529,31.232564687728882,1875,841.4499999999779,902,902,False,stuck_timeout,0,0,0,0,0,0,28.47222222222222,0.44877333333332153,31.538097381591797,31.538097381591797,1014,860
2026-03-28T12:58:11.793088,2530,17.65380835533142,1055,846.1999999999834,899,899,False,stuck_timeout,0,0,0,0,0,0,28.377525252525253,0.8020853080568563,31.510671615600586,31.510671615600586,570,484
2026-03-28T12:58:34.179083,2531,19.59233832359314,1176,659.9999999999873,723,723,False,stuck_timeout,0,0,0,0,0,0,22.821969696969695,0.5612244897959076,30.66510009765625,30.66510009765625,635,540
2026-03-28T12:58:38.898184,2532,3.8725409507751465,229,270.55000000000047,307,307,False,death,0,0,0,0,0,0,9.690656565656566,1.1814410480349364,31.732177734375,31.732177734375,123,105
2026-03-28T12:59:27.728365,2533,43.63995814323425,2619,2476.300000000012,2467,2467,False,death,0,0,0,0,0,0,77.87247474747475,0.9455135547919099,32.273658752441406,32.273658752441406,1414,1204
2026-03-28T12:59:43.952074,2534,14.843331336975098,888,692.1499999999954,722,722,False,death,0,0,0,0,0,0,22.79040404040404,0.779448198198193,32.60045623779297,32.60045623779297,479,408
2026-03-28T13:00:12.597185,2535,25.323278188705444,1522,625.2999999999769,723,723,False,stuck_timeout,0,0,0,0,0,0,22.821969696969695,0.4108409986859244,31.7491512298584,31.7491512298584,821,700
2026-03-28T13:00:41.418799,2536,25.5316743850708,1535,1941.949999999972,1934,1934,False,death,0,0,0,0,0,0,61.0479797979798,1.2651140065146398,33.257972717285156,33.257972717285156,828,706
2026-03-28T13:01:08.226863,2537,23.7711079120636,1426,660.849999999984,723,723,False,stuck_timeout,0,0,0,0,0,0,22.821969696969695,0.4634291725105077,31.049678802490234,31.049678802490234,768,657
2026-03-28T13:01:20.169358,2538,10.854635953903198,644,679.799999999999,706,706,False,death,0,0,0,0,0,0,22.285353535353536,1.0555900621117997,31.068687438964844,31.068687438964844,347,296
2026-03-28T13:01:42.076142,2539,19.20805335044861,1150,842.1999999999814,900,900,False,stuck_timeout,0,0,0,0,0,0,28.40909090909091,0.7323478260869404,32.899227142333984,32.899227142333984,619,530
2026-03-28T13:01:46.104589,2540,3.0125999450683594,177,275.30000000000035,310,310,False,death,0,0,0,0,0,0,9.785353535353536,1.5553672316384202,32.50157165527344,32.50157165527344,95,81
2026-03-28T13:02:12.081766,2541,22.933051347732544,1373,638.5499999999814,723,723,False,stuck_timeout,0,0,0,0,0,0,22.821969696969695,0.46507647487252834,32.524986267089844,32.524986267089844,739,633
2026-03-28T13:02:15.988327,2542,3.1159045696258545,182,276.8500000000004,311,311,False,death,0,0,0,0,0,0,9.816919191919192,1.5211538461538485,33.306968688964844,33.306968688964844,97,84
2026-03-28T13:02:25.670767,2543,8.677144050598145,516,675.0999999999992,698,698,False,death,0,0,0,0,0,0,22.03282828282828,1.3083333333333318,33.82939529418945,33.82939529418945,277,238
2026-03-28T13:02:34.410470,2544,7.76768946647644,461,674.6999999999983,702,702,False,death,0,0,0,0,0,0,22.15909090909091,1.463557483731016,32.82991027832031,32.82991027832031,248,212
2026-03-28T13:03:00.772867,2545,23.183236122131348,1386,1102.1499999999808,1124,1124,False,death,0,0,0,0,0,0,35.47979797979798,0.7952020202020064,31.96230125427246,31.96230125427246,745,640
2026-03-28T13:03:14.788693,2546,12.788505792617798,764,678.6999999999991,709,709,False,death,0,0,0,0,0,0,22.380050505050505,0.888350785340313,32.259761810302734,32.259761810302734,411,352
2026-03-28T13:03:44.719001,2547,26.421959161758423,1586,645.0499999999797,723,723,False,stuck_timeout,0,0,0,0,0,0,22.821969696969695,0.40671500630515744,32.5579719543457,32.5579719543457,853,732
2026-03-28T13:03:54.231523,2548,8.504864931106567,507,669.4999999999977,695,695,False,death,0,0,0,0,0,0,21.93813131313131,1.320512820512816,32.693878173828125,32.693878173828125,272,234
2026-03-28T13:04:07.523001,2549,12.081315994262695,723,682.3999999999945,722,722,False,death,0,0,0,0,0,0,22.79040404040404,0.9438450899031736,33.523704528808594,33.523704528808594,388,334
2026-03-28T13:04:12.227272,2550,3.9021213054656982,235,261.6500000000005,297,297,False,death,0,0,0,0,0,0,9.375,1.113404255319151,32.182132720947266,32.182132720947266,126,108
2026-03-28T13:04:36.967788,2551,21.781598806381226,1305,1487.4499999999784,1498,1498,False,death,0,0,0,0,0,0,47.285353535353536,1.1398084291187573,31.32925033569336,31.32925033569336,701,603
2026-03-28T13:04:42.590689,2552,4.671950340270996,279,267.6500000000004,309,309,False,death,0,0,0,0,0,0,9.753787878787879,0.959318996415772,32.44537353515625,32.44537353515625,149,129
2026-03-28T13:05:05.323692,2553,20.028169631958008,1199,675.9499999999888,723,723,False,stuck_timeout,0,0,0,0,0,0,22.821969696969695,0.5637614678898989,33.84749984741211,33.84749984741211,644,554
2026-03-28T13:05:25.909792,2554,18.069672346115112,1085,814.1499999999867,923,923,False,stuck_timeout,0,0,0,0,0,0,29.13510101010101,0.7503686635944578,32.83771896362305,32.83771896362305,582,502
2026-03-28T13:05:34.573439,2555,7.689779996871948,461,665.2999999999995,695,695,False,death,0,0,0,0,0,0,21.93813131313131,1.443167028199565,31.521007537841797,31.521007537841797,247,213
2026-03-28T13:05:50.225133,2556,14.354643821716309,863,682.8499999999927,722,722,False,death,0,0,0,0,0,0,22.79040404040404,0.7912514484356811,32.97674560546875,32.97674560546875,463,399
2026-03-28T13:05:56.664589,2557,5.5296242237091064,331,259.1500000000007,293,293,False,death,0,0,0,0,0,0,9.248737373737374,0.7829305135951683,33.85832977294922,33.85832977294922,177,153
2026-03-28T13:06:01.992220,2558,4.454978704452515,263,264.6000000000004,298,298,False,death,0,0,0,0,0,0,9.406565656565656,1.0060836501901156,31.765188217163086,31.765188217163086,141,121
2026-03-28T13:06:27.258192,2559,22.337459802627563,1337,671.4499999999892,723,723,False,death,0,0,0,0,0,0,22.821969696969695,0.5022064323111363,32.083412170410156,32.083412170410156,717,619
2026-03-28T13:06:45.298742,2560,15.702822208404541,936,539.8499999999933,596,596,False,stuck_timeout,0,0,0,0,0,0,18.81313131313131,0.5767628205128134,32.764808654785156,32.764808654785156,502,433
2026-03-28T13:06:58.042550,2561,11.550682067871094,689,683.2499999999982,706,706,False,death,0,0,0,0,0,0,22.285353535353536,0.9916545718432485,32.676361083984375,32.676361083984375,369,319
2026-03-28T13:07:03.828950,2562,4.887773036956787,291,234.85000000000056,268,268,False,death,0,0,0,0,0,0,8.45959595959596,0.8070446735395208,31.376277923583984,31.376277923583984,156,134
2026-03-28T13:07:15.618088,2563,10.632225513458252,632,662.8999999999987,686,686,False,death,0,0,0,0,0,0,21.654040404040405,1.048892405063289,32.648529052734375,32.648529052734375,339,292
2026-03-28T13:07:34.755298,2564,17.778098106384277,1067,682.7999999999919,722,722,False,death,0,0,0,0,0,0,22.79040404040404,0.6399250234301704,32.4122314453125,32.4122314453125,572,494
2026-03-28T13:07:38.959973,2565,3.3928866386413574,200,260.90000000000083,295,295,False,death,0,0,0,0,0,0,9.311868686868687,1.3045000000000042,32.03338623046875,32.03338623046875,107,92
2026-03-28T13:07:55.792333,2566,14.652331352233887,876,848.5999999999908,870,870,False,death,0,0,0,0,0,0,27.46212121212121,0.9687214611872041,33.33294677734375,33.33294677734375,469,406
2026-03-28T13:08:12.530461,2567,14.610835313796997,873,673.849999999993,723,723,False,stuck_timeout,0,0,0,0,0,0,22.821969696969695,0.7718785796105303,33.237098693847656,33.237098693847656,467,405
2026-03-28T13:08:24.451731,2568,10.821449279785156,643,650.2499999999987,672,672,False,death,0,0,0,0,0,0,21.21212121212121,1.01127527216174,33.36760711669922,33.36760711669922,344,298
2026-03-28T13:08:28.808193,2569,3.502742290496826,208,263.2000000000007,296,296,False,death,0,0,0,0,0,0,9.343434343434344,1.2653846153846189,30.548847198486328,30.548847198486328,111,96
2026-03-28T13:08:40.434333,2570,10.538819313049316,628,643.7999999999971,669,669,False,death,0,0,0,0,0,0,21.117424242424242,1.0251592356687853,32.02700424194336,32.02700424194336,336,291
2026-03-28T13:08:53.694689,2571,12.076495170593262,722,546.9999999999949,596,596,False,stuck_timeout,0,0,0,0,0,0,18.81313131313131,0.7576177285318488,32.682762145996094,32.682762145996094,386,335
2026-03-28T13:09:15.143379,2572,18.872318506240845,1132,785.7499999999854,839,839,False,death,0,0,0,0,0,0,26.483585858585855,0.6941254416961002,34.04295349121094,34.04295349121094,606,525
2026-03-28T13:09:34.924386,2573,17.29866361618042,1038,1120.949999999987,1131,1131,False,death,0,0,0,0,0,0,35.70075757575758,1.0799132947976755,34.2205810546875,34.2205810546875,555,482
2026-03-28T13:10:04.431591,2574,26.18725895881653,1570,641.8499999999816,723,723,False,stuck_timeout,0,0,0,0,0,0,22.821969696969695,0.40882165605094367,30.341049194335938,30.341049194335938,840,729
2026-03-28T13:10:30.849742,2575,23.3759024143219,1399,746.999999999988,791,791,False,death,0,0,0,0,0,0,24.968434343434343,0.5339528234453095,32.93632507324219,32.93632507324219,748,650
2026-03-28T13:10:35.673039,2576,3.933950424194336,232,262.0000000000006,296,296,False,death,0,0,0,0,0,0,9.343434343434344,1.129310344827589,31.640798568725586,31.640798568725586,124,107
2026-03-28T13:10:50.195332,2577,12.586739540100098,750,677.7499999999918,727,727,False,stuck_timeout,0,0,0,0,0,0,22.94823232323232,0.9036666666666557,32.347564697265625,32.347564697265625,400,349
2026-03-28T13:11:07.790955,2578,16.177080631256104,968,641.3499999999927,689,689,False,death,0,0,0,0,0,0,21.748737373737374,0.6625516528925545,31.13905143737793,31.13905143737793,517,450
2026-03-28T13:11:37.458129,2579,26.306225776672363,1579,831.5499999999806,899,899,False,stuck_timeout,0,0,0,0,0,0,28.377525252525253,0.5266307789740219,31.459686279296875,31.459686279296875,843,735
2026-03-28T13:11:51.054798,2580,11.600022315979004,697,639.5999999999973,665,665,False,death,0,0,0,0,0,0,20.991161616161616,0.9176470588235255,31.134130477905273,31.134130477905273,372,324
2026-03-28T13:12:09.611636,2581,16.221647024154663,972,857.3999999999882,899,899,False,stuck_timeout,0,0,0,0,0,0,28.377525252525253,0.8820987654320865,32.63886260986328,32.63886260986328,518,453
2026-03-28T13:12:24.134516,2582,12.502948522567749,752,675.5999999999921,723,723,False,stuck_timeout,0,0,0,0,0,0,22.821969696969695,0.8984042553191384,30.86383056640625,30.86383056640625,401,350
2026-03-28T13:12:33.834976,2583,8.611632585525513,518,665.5999999999985,688,688,False,death,0,0,0,0,0,0,21.71717171717172,1.284942084942082,32.64501190185547,32.64501190185547,276,241
2026-03-28T13:12:43.636927,2584,8.70207667350769,522,661.1499999999976,685,685,False,death,0,0,0,0,0,0,21.622474747474747,1.266570881226049,31.672468185424805,31.672468185424805,278,243
2026-03-28T13:12:47.603218,2585,3.1820881366729736,190,274.3000000000005,308,308,False,death,0,0,0,0,0,0,9.722222222222223,1.4436842105263186,33.258026123046875,33.258026123046875,101,88
2026-03-28T13:12:53.520107,2586,5.049374580383301,301,246.15000000000066,280,280,False,death,0,0,0,0,0,0,8.83838383838384,0.8177740863787397,33.901424407958984,33.901424407958984,160,140
2026-03-28T13:13:20.651574,2587,24.00976800918579,1441,662.9999999999853,723,723,False,stuck_timeout,0,0,0,0,0,0,22.821969696969695,0.4600971547536331,31.697919845581055,31.697919845581055,768,672
2026-03-28T13:13:48.683966,2588,24.80268883705139,1490,758.9999999999877,798,798,False,death,0,0,0,0,0,0,25.189393939393938,0.5093959731543541,33.43534469604492,33.43534469604492,794,695
2026-03-28T13:14:32.039060,2589,38.90615367889404,2333,796.9999999999684,899,899,False,death,0,0,0,0,0,0,28.377525252525253,0.34162023146162385,31.622074127197266,31.622074127197266,1242,1090
2026-03-28T13:14:36.084947,2590,3.1994411945343018,192,265.5000000000004,299,299,False,death,0,0,0,0,0,0,9.438131313131313,1.382812500000002,32.174957275390625,32.174957275390625,102,89
2026-03-28T13:14:47.027440,2591,9.815993547439575,590,657.0499999999976,680,680,False,death,0,0,0,0,0,0,21.464646464646464,1.113644067796606,33.16191101074219,33.16191101074219,314,275
2026-03-28T13:14:53.264160,2592,5.33235764503479,313,258.45000000000056,293,293,False,death,0,0,0,0,0,0,9.248737373737374,0.8257188498402573,31.508031845092773,31.508031845092773,166,146
2026-03-28T13:14:58.425915,2593,4.3027284145355225,255,236.05000000000055,269,269,False,death,0,0,0,0,0,0,8.491161616161616,0.9256862745098061,34.95647048950195,34.95647048950195,135,119
2026-03-28T13:15:12.952678,2594,13.25172758102417,794,539.1499999999944,595,595,False,stuck_timeout,0,0,0,0,0,0,18.781565656565657,0.6790302267002448,33.14954376220703,33.14954376220703,423,370
2026-03-28T13:15:41.662222,2595,25.375786781311035,1518,1118.2999999999797,1148,1148,False,death,0,0,0,0,0,0,36.23737373737374,0.7366930171277863,33.315696716308594,33.315696716308594,808,709
2026-03-28T13:15:45.942555,2596,3.428576946258545,203,259.3500000000008,292,292,False,death,0,0,0,0,0,0,9.217171717171716,1.2775862068965558,32.74355697631836,32.74355697631836,108,94
2026-03-28T13:16:01.874895,2597,14.693503379821777,877,698.7499999999972,722,722,False,death,0,0,0,0,0,0,22.79040404040404,0.7967502850627105,33.874935150146484,33.874935150146484,467,409
2026-03-28T13:16:15.177171,2598,12.126185178756714,725,642.1499999999978,665,665,False,death,0,0,0,0,0,0,20.991161616161616,0.8857241379310314,34.646270751953125,34.646270751953125,386,338
2026-03-28T13:17:02.901648,2599,42.95247721672058,2578,1047.2999999999724,1125,1125,False,death,0,0,0,0,0,0,35.51136363636363,0.4062451512800514,33.011192321777344,33.011192321777344,1372,1205
2026-03-28T13:17:13.655781,2600,9.092352151870728,544,665.2999999999979,689,689,False,death,0,0,0,0,0,0,21.748737373737374,1.2229779411764667,32.17948913574219,32.17948913574219,289,254
2026-03-28T13:17:24.622825,2601,9.893392324447632,590,654.0499999999989,679,679,False,death,0,0,0,0,0,0,21.43308080808081,1.1085593220338965,32.215492248535156,32.215492248535156,313,276
2026-03-28T13:17:44.898121,2602,17.729134559631348,1064,815.2999999999877,850,850,False,death,0,0,0,0,0,0,26.830808080808083,0.766259398496229,30.956233978271484,30.956233978271484,565,498
2026-03-28T13:18:24.502798,2603,35.28826451301575,2120,588.3999999999631,723,723,False,stuck_timeout,0,0,0,0,0,0,22.821969696969695,0.2775471698113034,33.74482345581055,33.74482345581055,1126,993
2026-03-28T13:18:28.867083,2604,3.5249929428100586,210,255.75000000000054,290,290,False,death,0,0,0,0,0,0,9.154040404040405,1.2178571428571454,32.770179748535156,32.770179748535156,111,98
2026-03-28T13:19:12.135578,2605,38.73125076293945,2324,791.8999999999638,899,899,False,stuck_timeout,0,0,0,0,0,0,28.377525252525253,0.3407487091221875,31.805667877197266,31.805667877197266,1234,1089
2026-03-28T13:19:38.535982,2606,23.23916506767273,1395,646.7999999999788,723,723,False,stuck_timeout,0,0,0,0,0,0,22.821969696969695,0.46365591397847944,33.59442901611328,33.59442901611328,740,654
2026-03-28T13:19:43.682970,2607,4.2292962074279785,253,256.65000000000026,291,291,False,death,0,0,0,0,0,0,9.18560606060606,1.0144268774703569,33.102745056152344,33.102745056152344,134,118
2026-03-28T13:19:48.113419,2608,3.6342387199401855,218,265.6500000000005,300,300,False,death,0,0,0,0,0,0,9.469696969696969,1.2185779816513784,32.18621826171875,32.18621826171875,115,102
2026-03-28T13:19:52.511370,2609,3.6188032627105713,215,258.45000000000044,292,292,False,death,0,0,0,0,0,0,9.217171717171716,1.202093023255816,31.85195541381836,31.85195541381836,114,100
2026-03-28T13:19:56.897116,2610,3.5538318157196045,209,259.60000000000065,294,294,False,death,0,0,0,0,0,0,9.280303030303031,1.242105263157898,31.026466369628906,31.026466369628906,110,98
2026-03-28T13:20:11.083528,2611,12.977260112762451,779,693.4999999999956,722,722,False,death,0,0,0,0,0,0,22.79040404040404,0.8902439024390187,33.06593322753906,33.06593322753906,413,365
2026-03-28T13:20:15.730575,2612,3.790299654006958,224,261.3500000000002,296,296,False,death,0,0,0,0,0,0,9.343434343434344,1.1667410714285722,31.870128631591797,31.870128631591797,118,105
2026-03-28T13:20:20.871155,2613,4.229079484939575,253,254.2500000000005,288,288,False,death,0,0,0,0,0,0,9.090909090909092,1.0049407114624527,32.380584716796875,32.380584716796875,134,118
2026-03-28T13:20:44.242648,2614,20.687319040298462,1239,756.9499999999844,799,799,False,death,0,0,0,0,0,0,25.220959595959595,0.610936238902328,33.75759506225586,33.75759506225586,657,581
2026-03-28T13:21:04.354979,2615,17.515434741973877,1048,848.9999999999873,899,899,False,stuck_timeout,0,0,0,0,0,0,28.377525252525253,0.8101145038167817,32.098480224609375,32.098480224609375,555,492
2026-03-28T13:21:09.121936,2616,3.9721806049346924,237,260.35000000000065,292,292,False,death,0,0,0,0,0,0,9.217171717171716,1.0985232067510575,33.440120697021484,33.440120697021484,125,111
2026-03-28T13:21:38.031665,2617,25.56200861930847,1534,627.3499999999789,723,723,False,stuck_timeout,0,0,0,0,0,0,22.821969696969695,0.4089634941329719,32.477840423583984,32.477840423583984,813,720
2026-03-28T13:21:57.881015,2618,17.3249454498291,1037,809.0999999999873,844,844,False,death,0,0,0,0,0,0,26.641414141414145,0.7802314368370177,32.91074752807617,32.91074752807617,549,487
2026-03-28T13:22:03.123803,2619,4.394873142242432,262,273.3500000000004,312,312,False,death,0,0,0,0,0,0,9.848484848484848,1.0433206106870245,31.754222869873047,31.754222869873047,138,123
2026-03-28T13:22:18.841242,2620,13.690986156463623,823,697.4499999999979,722,722,False,death,0,0,0,0,0,0,22.79040404040404,0.8474483596597787,32.717559814453125,32.717559814453125,435,387
2026-03-28T13:22:22.445217,2621,2.8054540157318115,167,277.60000000000036,312,312,False,death,0,0,0,0,0,0,9.848484848484848,1.6622754491017986,34.04832077026367,34.04832077026367,88,78
2026-03-28T13:22:27.270415,2622,3.9555516242980957,236,248.40000000000052,281,281,False,death,0,0,0,0,0,0,8.869949494949495,1.052542372881358,32.50837707519531,32.50837707519531,124,111
2026-03-28T13:22:32.431949,2623,4.254216194152832,254,264.7500000000005,298,298,False,death,0,0,0,0,0,0,9.406565656565656,1.0423228346456712,31.97738265991211,31.97738265991211,134,119
2026-03-28T13:23:22.805365,2624,45.20856738090515,2709,774.949999999958,898,898,False,death,0,0,0,0,0,0,28.345959595959595,0.28606496862309266,31.928295135498047,31.928295135498047,1433,1275
2026-03-28T13:23:27.486660,2625,3.8371808528900146,226,275.3000000000004,309,309,False,death,0,0,0,0,0,0,9.753787878787879,1.2181415929203558,31.203506469726562,31.203506469726562,119,106
2026-03-28T13:23:32.699593,2626,4.338718891143799,260,261.3000000000005,295,295,False,death,0,0,0,0,0,0,9.311868686868687,1.0050000000000021,32.345863342285156,32.345863342285156,137,122
2026-03-28T13:23:39.152938,2627,5.5769689083099365,333,221.10000000000045,255,255,False,death,0,0,0,0,0,0,8.049242424242424,0.6639639639639653,33.951568603515625,33.951568603515625,176,156
2026-03-28T13:23:44.298254,2628,4.33988356590271,257,238.0500000000006,270,270,False,death,0,0,0,0,0,0,8.522727272727272,0.9262645914396911,32.5903434753418,32.5903434753418,136,120
2026-03-28T13:23:54.546853,2629,9.19184947013855,550,660.9999999999978,685,685,False,death,0,0,0,0,0,0,21.622474747474747,1.201818181818178,32.74087142944336,32.74087142944336,291,258
2026-03-28T13:24:25.721892,2630,27.55175256729126,1655,1082.8999999999742,1126,1126,False,death,0,0,0,0,0,0,35.542929292929294,0.6543202416918273,32.77825927734375,32.77825927734375,875,779
2026-03-28T13:24:46.340417,2631,18.01393151283264,1080,866.8499999999899,899,899,False,death,0,0,0,0,0,0,28.377525252525253,0.8026388888888796,34.71350860595703,34.71350860595703,571,508
2026-03-28T13:25:11.298367,2632,22.122498273849487,1328,1106.449999999986,1124,1124,False,death,0,0,0,0,0,0,35.47979797979798,0.833170180722881,31.71047019958496,31.71047019958496,701,626
2026-03-28T13:25:35.613062,2633,21.523347854614258,1287,1088.0999999999808,1122,1122,False,death,0,0,0,0,0,0,35.41666666666667,0.8454545454545306,33.252052307128906,33.252052307128906,679,607
2026-03-28T13:25:46.054348,2634,9.375953197479248,563,665.0499999999989,687,687,False,death,0,0,0,0,0,0,21.685606060606062,1.1812611012433374,32.049888610839844,32.049888610839844,297,265
2026-03-28T13:25:54.587727,2635,7.525668144226074,448,658.0999999999992,685,685,False,death,0,0,0,0,0,0,21.622474747474747,1.4689732142857126,32.29759216308594,32.29759216308594,236,211
2026-03-28T13:26:17.711029,2636,20.462618589401245,1225,665.0499999999896,723,723,False,stuck_timeout,0,0,0,0,0,0,22.821969696969695,0.542897959183665,32.67082977294922,32.67082977294922,646,578
2026-03-28T13:26:30.922519,2637,12.0281503200531,718,691.9499999999952,722,722,False,death,0,0,0,0,0,0,22.79040404040404,0.9637186629526395,31.930797576904297,31.930797576904297,379,338
2026-03-28T13:26:36.448306,2638,4.65132474899292,274,267.5000000000004,300,300,False,death,0,0,0,0,0,0,9.469696969696969,0.9762773722627752,33.73853302001953,33.73853302001953,144,129
2026-03-28T13:27:00.433152,2639,21.12897300720215,1265,859.0499999999854,899,899,False,stuck_timeout,0,0,0,0,0,0,28.377525252525253,0.6790909090908975,34.085819244384766,34.085819244384766,667,597
2026-03-28T13:27:18.515090,2640,15.701029777526855,940,676.19999999999,723,723,False,death,0,0,0,0,0,0,22.821969696969695,0.7193617021276489,31.37728500366211,31.37728500366211,495,444
2026-03-28T13:27:27.985328,2641,8.435434579849243,501,675.0499999999989,701,701,False,death,0,0,0,0,0,0,22.127525252525253,1.3474051896207564,31.947179794311523,31.947179794311523,264,236
2026-03-28T13:27:45.286946,2642,15.036906957626343,903,670.1999999999871,723,723,False,stuck_timeout,0,0,0,0,0,0,22.821969696969695,0.742192691029886,32.5040283203125,32.5040283203125,476,426
2026-03-28T13:27:55.362589,2643,9.011389017105103,536,648.5999999999982,678,678,False,death,0,0,0,0,0,0,21.401515151515152,1.2100746268656684,32.782772064208984,32.782772064208984,282,253
2026-03-28T13:28:21.879886,2644,23.82070016860962,1428,839.4999999999847,899,899,False,stuck_timeout,0,0,0,0,0,0,28.377525252525253,0.5878851540616139,33.54862594604492,33.54862594604492,752,675
2026-03-28T13:28:43.545773,2645,19.03754997253418,1141,1109.9499999999832,1130,1130,False,death,0,0,0,0,0,0,35.66919191919192,0.9727870289219835,32.59258270263672,32.59258270263672,600,540
2026-03-28T13:29:01.891887,2646,16.868350982666016,1011,538.6999999999939,595,595,False,stuck_timeout,0,0,0,0,0,0,18.781565656565657,0.5328387734915865,30.894515991210938,30.894515991210938,532,478
2026-03-28T13:29:07.409371,2647,4.678105354309082,276,247.45000000000067,280,280,False,death,0,0,0,0,0,0,8.83838383838384,0.8965579710144952,33.62574005126953,33.62574005126953,145,130
2026-03-28T13:29:30.845407,2648,20.572822093963623,1233,829.9999999999854,872,872,False,death,0,0,0,0,0,0,27.525252525252526,0.6731549067315372,34.1177978515625,34.1177978515625,649,583
2026-03-28T13:29:35.930800,2649,4.194619178771973,247,266.3000000000006,301,301,False,death,0,0,0,0,0,0,9.501262626262626,1.0781376518218646,32.99909591674805,32.99909591674805,130,116
2026-03-28T13:29:40.303742,2650,3.5302810668945312,213,259.0000000000005,292,292,False,death,0,0,0,0,0,0,9.217171717171716,1.2159624413145564,32.90452575683594,32.90452575683594,112,100
2026-03-28T13:29:50.369484,2651,9.000049114227295,539,657.6499999999972,680,680,False,death,0,0,0,0,0,0,21.464646464646464,1.220129870129865,32.47462844848633,32.47462844848633,283,255
2026-03-28T13:30:14.726051,2652,21.517854690551758,1286,850.3999999999846,899,899,False,stuck_timeout,0,0,0,0,0,0,28.377525252525253,0.6612752721617299,32.47089767456055,32.47089767456055,676,609
2026-03-28T13:30:30.784582,2653,14.820108890533447,885,653.8999999999917,698,698,False,death,0,0,0,0,0,0,22.03282828282828,0.7388700564971658,32.01484298706055,32.01484298706055,465,419
2026-03-28T13:30:34.599560,2654,3.0223143100738525,176,276.00000000000034,311,311,False,death,0,0,0,0,0,0,9.816919191919192,1.5681818181818201,33.372764587402344,33.372764587402344,92,83
2026-03-28T13:30:37.949539,2655,2.5777664184570312,155,274.85000000000025,311,311,False,death,0,0,0,0,0,0,9.816919191919192,1.7732258064516144,34.706199645996094,34.706199645996094,81,73
2026-03-28T13:31:01.865640,2656,22.277157306671143,1334,663.4499999999896,722,722,False,stuck_timeout,0,0,0,0,0,0,22.79040404040404,0.49733883058469985,33.72767639160156,33.72767639160156,701,632
2026-03-28T13:31:18.493921,2657,14.45561170578003,863,790.1499999999949,812,812,False,death,0,0,0,0,0,0,25.63131313131313,0.9155851680185341,33.95987319946289,33.95987319946289,453,409
2026-03-28T13:31:31.492068,2658,11.214062690734863,675,690.2999999999975,723,723,False,death,0,0,0,0,0,0,22.821969696969695,1.0226666666666628,33.37984848022461,33.37984848022461,354,320
2026-03-28T13:32:00.463656,2659,25.68594479560852,1541,1395.6999999999796,1412,1412,False,death,0,0,0,0,0,0,44.57070707070707,0.9057105775470341,32.87033462524414,32.87033462524414,809,731
2026-03-28T13:32:19.252007,2660,16.502247095108032,989,624.2999999999915,669,669,False,death,0,0,0,0,0,0,21.117424242424242,0.6312436804853302,31.975727081298828,31.975727081298828,519,469
2026-03-28T13:33:01.152819,2661,39.50626516342163,2371,605.6999999999634,722,722,False,stuck_timeout,0,0,0,0,0,0,22.79040404040404,0.25546183045127097,32.54753875732422,32.54753875732422,1245,1125
2026-03-28T13:33:11.309460,2662,9.076048135757446,545,676.3999999999977,700,700,False,death,0,0,0,0,0,0,22.095959595959595,1.2411009174311884,33.024478912353516,33.024478912353516,286,258
2026-03-28T13:33:15.429216,2663,3.2877273559570312,194,262.0500000000006,296,296,False,death,0,0,0,0,0,0,9.343434343434344,1.3507731958762916,31.80097007751465,31.80097007751465,101,92
2026-03-28T13:33:37.088293,2664,18.98916220664978,1136,1095.199999999983,1128,1128,False,death,0,0,0,0,0,0,35.60606060606061,0.9640845070422386,33.15179443359375,33.15179443359375,596,539
2026-03-28T13:33:40.810863,2665,2.904270648956299,169,264.15000000000066,299,299,False,death,0,0,0,0,0,0,9.438131313131313,1.5630177514792938,32.977142333984375,32.977142333984375,88,80
2026-03-28T13:34:06.086139,2666,22.337268590927124,1339,833.8999999999845,887,887,False,death,0,0,0,0,0,0,27.998737373737377,0.6227781926810937,33.0192756652832,33.0192756652832,702,636
2026-03-28T13:34:21.146715,2667,13.012643814086914,777,673.5499999999923,723,723,False,stuck_timeout,0,0,0,0,0,0,22.821969696969695,0.866859716859707,32.56550598144531,32.56550598144531,407,369
2026-03-28T13:34:48.154148,2668,23.847618579864502,1429,1093.1499999999803,1134,1134,False,death,0,0,0,0,0,0,35.79545454545455,0.7649755073477819,32.66954803466797,32.66954803466797,748,680
2026-03-28T13:35:09.235918,2669,18.457813024520874,1108,1082.8999999999862,1125,1125,False,death,0,0,0,0,0,0,35.51136363636363,0.9773465703970995,33.09890365600586,33.09890365600586,580,527
2026-03-28T13:35:13.655470,2670,3.6131889820098877,215,253.60000000000068,286,286,False,death,0,0,0,0,0,0,9.027777777777777,1.1795348837209334,32.1749267578125,32.1749267578125,112,102
2026-03-28T13:35:25.083712,2671,10.30575156211853,615,657.0499999999984,685,685,False,death,0,0,0,0,0,0,21.622474747474747,1.0683739837398347,33.870018005371094,33.870018005371094,322,292
2026-03-28T13:35:30.011188,2672,4.082738637924194,242,259.1000000000003,294,294,False,death,0,0,0,0,0,0,9.280303030303031,1.0706611570247946,32.25438690185547,32.25438690185547,126,115
2026-03-28T13:35:38.830058,2673,7.8201751708984375,469,681.7999999999982,704,704,False,death,0,0,0,0,0,0,22.22222222222222,1.4537313432835783,34.17168426513672,34.17168426513672,245,223
2026-03-28T13:35:43.181606,2674,3.5112051963806152,205,264.9000000000005,300,300,False,death,0,0,0,0,0,0,9.469696969696969,1.292195121951222,32.47068786621094,32.47068786621094,107,97
2026-03-28T13:35:58.496129,2675,13.204933166503906,786,681.0499999999915,723,723,False,death,0,0,0,0,0,0,22.821969696969695,0.8664758269719994,34.02653503417969,34.02653503417969,411,374
2026-03-28T13:36:09.479260,2676,9.917478322982788,593,679.5499999999981,706,706,False,death,0,0,0,0,0,0,22.285353535353536,1.1459527824620541,34.20206832885742,34.20206832885742,310,282
2026-03-28T13:36:40.459428,2677,27.42058229446411,1642,832.8499999999833,899,899,False,stuck_timeout,0,0,0,0,0,0,28.377525252525253,0.5072168087697828,33.218231201171875,33.218231201171875,859,782
2026-03-28T13:36:44.370676,2678,3.1179254055023193,185,269.8000000000004,304,304,False,death,0,0,0,0,0,0,9.595959595959595,1.4583783783783806,33.23213195800781,33.23213195800781,96,88
2026-03-28T13:37:07.582260,2679,20.43883466720581,1225,796.2999999999843,919,919,False,stuck_timeout,0,0,0,0,0,0,29.00883838383838,0.6500408163265178,32.90424728393555,32.90424728393555,640,584
2026-03-28T13:37:24.745443,2680,14.833732843399048,890,658.3499999999887,723,723,False,stuck_timeout,0,0,0,0,0,0,22.821969696969695,0.7397191011235827,32.87554168701172,32.87554168701172,465,424
2026-03-28T13:37:28.933700,2681,3.339902877807617,198,276.6000000000004,310,310,False,death,0,0,0,0,0,0,9.785353535353536,1.3969696969696992,34.498863220214844,34.498863220214844,103,94
2026-03-28T13:37:41.726984,2682,11.679043531417847,700,634.4499999999935,674,674,False,death,0,0,0,0,0,0,21.275252525252526,0.9063571428571335,32.50743103027344,32.50743103027344,365,334
2026-03-28T13:37:52.186603,2683,9.343259334564209,555,668.799999999998,696,696,False,death,0,0,0,0,0,0,21.96969696969697,1.2050450450450414,33.0916748046875,33.0916748046875,290,264
2026-03-28T13:38:14.704201,2684,19.734875917434692,1181,851.7499999999826,899,899,False,stuck_timeout,0,0,0,0,0,0,28.377525252525253,0.7212108382726355,33.054168701171875,33.054168701171875,617,563
2026-03-28T13:38:41.088389,2685,23.35417127609253,1399,1107.5499999999838,1129,1129,False,death,0,0,0,0,0,0,35.63762626262626,0.7916726233023472,34.385284423828125,34.385284423828125,730,668
2026-03-28T13:38:58.444277,2686,15.165559530258179,908,1107.2499999999895,1124,1124,False,death,0,0,0,0,0,0,35.47979797979798,1.2194383259911779,32.94798278808594,32.94798278808594,473,434
2026-03-28T13:39:11.687541,2687,12.055561542510986,717,661.1999999999979,686,686,False,death,0,0,0,0,0,0,21.654040404040405,0.9221757322175703,34.19886016845703,34.19886016845703,374,342
2026-03-28T13:39:36.950001,2688,22.236952304840088,1333,658.2999999999851,723,723,False,stuck_timeout,0,0,0,0,0,0,22.821969696969695,0.4938484621155177,34.623374938964844,34.623374938964844,695,637
2026-03-28T13:39:59.182484,2689,19.546594858169556,1173,647.7499999999817,723,723,False,stuck_timeout,0,0,0,0,0,0,22.821969696969695,0.5522165387894132,34.605743408203125,34.605743408203125,611,561
2026-03-28T13:40:08.104969,2690,7.883148670196533,473,670.6999999999988,698,698,False,death,0,0,0,0,0,0,22.03282828282828,1.4179704016913295,33.60796356201172,33.60796356201172,246,226
2026-03-28T13:40:28.894370,2691,18.249743223190308,1092,1098.8999999999867,1126,1126,False,death,0,0,0,0,0,0,35.542929292929294,1.006318681318669,34.34213638305664,34.34213638305664,569,522
2026-03-28T13:41:01.088467,2692,28.607521295547485,1717,825.549999999979,900,900,False,stuck_timeout,0,0,0,0,0,0,28.40909090909091,0.4808095515433774,32.614044189453125,32.614044189453125,894,822
2026-03-28T13:41:10.920324,2693,8.750152111053467,522,666.3999999999985,688,688,False,death,0,0,0,0,0,0,21.71717171717172,1.2766283524904185,33.59833908081055,33.59833908081055,271,250
2026-03-28T13:41:15.741797,2694,4.003605604171753,236,248.2500000000004,283,283,False,death,0,0,0,0,0,0,8.933080808080808,1.0519067796610186,32.66014099121094,32.66014099121094,122,113
2026-03-28T13:41:19.993628,2695,3.4303627014160156,200,262.85000000000065,296,296,False,death,0,0,0,0,0,0,9.343434343434344,1.3142500000000032,32.22545623779297,32.22545623779297,104,95
2026-03-28T13:41:24.542558,2696,3.710019111633301,218,263.6000000000005,297,297,False,death,0,0,0,0,0,0,9.375,1.2091743119266076,34.499969482421875,34.499969482421875,113,104
2026-03-28T13:41:53.174578,2697,25.312040328979492,1515,823.4999999999783,899,899,False,stuck_timeout,0,0,0,0,0,0,28.377525252525253,0.5435643564356293,32.997650146484375,32.997650146484375,788,726
2026-03-28T13:42:02.501086,2698,8.300763368606567,493,673.8999999999976,697,697,False,death,0,0,0,0,0,0,22.001262626262626,1.3669371196754514,31.621051788330078,31.621051788330078,256,236
2026-03-28T13:42:07.726552,2699,4.342174530029297,258,254.00000000000028,288,288,False,death,0,0,0,0,0,0,9.090909090909092,0.9844961240310088,34.11322784423828,34.11322784423828,134,123
2026-03-28T13:42:34.486613,2700,23.700319051742554,1418,1403.3499999999772,1428,1428,False,death,0,0,0,0,0,0,45.07575757575758,0.9896685472496313,32.49591064453125,32.49591064453125,737,680
2026-03-28T13:42:38.530684,2701,3.249030351638794,191,265.65000000000066,299,299,False,death,0,0,0,0,0,0,9.438131313131313,1.390837696335082,33.90723419189453,33.90723419189453,99,91
2026-03-28T13:42:43.754770,2702,4.339285850524902,259,271.90000000000043,306,306,False,death,0,0,0,0,0,0,9.659090909090908,1.0498069498069516,33.38941192626953,33.38941192626953,134,124
2026-03-28T13:43:11.127525,2703,24.2971670627594,1457,787.4999999999839,924,924,False,stuck_timeout,0,0,0,0,0,0,29.166666666666668,0.5404941660947041,33.07440948486328,33.07440948486328,757,699
2026-03-28T13:43:15.404300,2704,3.4500091075897217,204,272.9500000000004,307,307,False,death,0,0,0,0,0,0,9.690656565656566,1.3379901960784333,33.33885192871094,33.33885192871094,106,97
2026-03-28T13:43:29.055486,2705,11.686574697494507,699,772.8499999999949,793,793,False,death,0,0,0,0,0,0,25.031565656565657,1.1056509298998496,34.33417510986328,34.33417510986328,363,335
2026-03-28T13:43:43.242089,2706,12.876712560653687,769,667.7499999999984,694,694,False,death,0,0,0,0,0,0,21.906565656565657,0.8683355006501929,33.797645568847656,33.797645568847656,399,369
2026-03-28T13:43:54.307391,2707,9.910163879394531,595,670.0999999999977,693,693,False,death,0,0,0,0,0,0,21.875,1.1262184873949541,32.52001953125,32.52001953125,309,285
2026-03-28T13:44:26.870489,2708,28.91216540336609,1738,1101.3499999999794,1138,1138,False,death,0,0,0,0,0,0,35.92171717171717,0.6336881472957304,32.03089904785156,32.03089904785156,903,834
2026-03-28T13:44:37.930776,2709,10.027393341064453,598,643.4999999999991,670,670,False,death,0,0,0,0,0,0,21.148989898989896,1.0760869565217377,32.547698974609375,32.547698974609375,310,287
2026-03-28T13:44:53.897474,2710,13.815317392349243,829,814.1499999999913,840,840,False,death,0,0,0,0,0,0,26.515151515151516,0.9820868516284575,34.074440002441406,34.074440002441406,430,398
2026-03-28T13:45:08.248273,2711,13.141351222991943,786,540.8999999999941,596,596,False,stuck_timeout,0,0,0,0,0,0,18.81313131313131,0.6881679389312901,35.1910514831543,35.1910514831543,408,377
2026-03-28T13:45:24.476536,2712,14.900508165359497,895,676.0499999999907,722,722,False,death,0,0,0,0,0,0,22.79040404040404,0.7553631284916098,33.43925476074219,33.43925476074219,464,430
2026-03-28T13:45:40.513813,2713,14.784208536148071,884,544.3499999999948,595,595,False,stuck_timeout,0,0,0,0,0,0,18.781565656565657,0.6157805429864195,31.990459442138672,31.990459442138672,459,424
2026-03-28T13:45:50.021223,2714,8.407785654067993,500,664.2999999999985,689,689,False,death,0,0,0,0,0,0,21.748737373737374,1.328599999999997,32.63642120361328,32.63642120361328,259,240
2026-03-28T13:46:32.410269,2715,37.87563133239746,2275,592.799999999955,723,723,False,stuck_timeout,0,0,0,0,0,0,22.821969696969695,0.2605714285714088,32.353172302246094,32.353172302246094,1180,1094
2026-03-28T13:46:50.139248,2716,15.461705446243286,922,789.1999999999904,813,813,False,death,0,0,0,0,0,0,25.66287878787879,0.8559652928416381,32.22914123535156,32.22914123535156,478,443
2026-03-28T13:47:19.623353,2717,26.126781225204468,1563,644.2499999999806,723,723,False,stuck_timeout,0,0,0,0,0,0,22.821969696969695,0.412188099808049,33.54515075683594,33.54515075683594,810,752
2026-03-28T13:47:24.153187,2718,3.675269603729248,219,259.8000000000007,292,292,False,death,0,0,0,0,0,0,9.217171717171716,1.186301369863017,33.55080032348633,33.55080032348633,113,105
2026-03-28T13:47:29.028973,2719,4.059437990188599,241,264.1000000000005,299,299,False,death,0,0,0,0,0,0,9.438131313131313,1.0958506224066409,32.21688461303711,32.21688461303711,124,116
2026-03-28T13:47:34.576163,2720,4.363201856613159,257,265.65000000000026,302,302,False,death,0,0,0,0,0,0,9.532828282828284,1.0336575875486391,34.41331100463867,34.41331100463867,133,123
2026-03-28T13:47:45.662060,2721,9.975821256637573,599,660.2499999999981,682,682,False,death,0,0,0,0,0,0,21.52777777777778,1.1022537562604309,32.9536018371582,32.9536018371582,310,288
2026-03-28T13:47:49.987923,2722,3.553415298461914,210,266.8500000000004,301,301,False,death,0,0,0,0,0,0,9.501262626262626,1.2707142857142877,33.15880584716797,33.15880584716797,108,101
2026-03-28T13:48:18.023866,2723,24.822547674179077,1488,831.4499999999848,899,899,False,stuck_timeout,0,0,0,0,0,0,28.377525252525253,0.5587701612903124,31.278045654296875,31.278045654296875,770,717
2026-03-28T13:48:22.174247,2724,3.3236117362976074,197,272.60000000000014,307,307,False,death,0,0,0,0,0,0,9.690656565656566,1.3837563451776658,33.50279235839844,33.50279235839844,102,94
2026-03-28T13:48:51.579443,2725,26.05776572227478,1561,847.7499999999827,899,899,False,stuck_timeout,0,0,0,0,0,0,28.377525252525253,0.5430813581037686,32.54433822631836,32.54433822631836,808,752
2026-03-28T13:49:21.973097,2726,26.936537504196167,1619,647.3999999999785,723,723,False,stuck_timeout,0,0,0,0,0,0,22.821969696969695,0.39987646695489715,34.57969284057617,34.57969284057617,837,781
2026-03-28T13:50:08.047817,2727,41.24234390258789,2474,783.0999999999701,899,899,False,stuck_timeout,0,0,0,0,0,0,28.377525252525253,0.3165319320937632,32.01026153564453,32.01026153564453,1279,1194
2026-03-28T13:50:25.395782,2728,15.092202425003052,904,676.0499999999905,724,724,False,stuck_timeout,0,0,0,0,0,0,22.853535353535353,0.7478429203539718,34.15814208984375,34.15814208984375,467,436
2026-03-28T13:50:46.490655,2729,18.612040042877197,1117,1401.2499999999823,1409,1409,False,death,0,0,0,0,0,0,44.4760101010101,1.2544762757385697,32.1356315612793,32.1356315612793,577,539
2026-03-28T13:50:59.263463,2730,11.654407024383545,700,657.3499999999982,678,678,False,death,0,0,0,0,0,0,21.401515151515152,0.939071428571426,34.02409744262695,34.02409744262695,361,338
2026-03-28T13:51:14.769193,2731,14.26676869392395,856,655.6999999999963,687,687,False,death,0,0,0,0,0,0,21.685606060606062,0.766004672897192,33.48978042602539,33.48978042602539,442,413
2026-03-28T13:51:19.013463,2732,3.4158830642700195,200,260.3000000000005,297,297,False,death,0,0,0,0,0,0,9.375,1.3015000000000025,34.06061935424805,34.06061935424805,103,96
2026-03-28T13:51:39.940199,2733,18.387898683547974,1104,668.8499999999871,723,723,False,stuck_timeout,0,0,0,0,0,0,22.821969696969695,0.6058423913043361,32.52812194824219,32.52812194824219,570,533
2026-03-28T13:52:00.453308,2734,18.003251314163208,1077,871.5999999999923,898,898,False,death,0,0,0,0,0,0,28.345959595959595,0.8092850510677737,33.183284759521484,33.183284759521484,556,520
2026-03-28T13:52:22.256363,2735,19.1443190574646,1148,1121.4999999999864,1130,1130,False,death,0,0,0,0,0,0,35.66919191919192,0.9769163763066083,33.17958068847656,33.17958068847656,592,555
2026-03-28T13:52:33.569886,2736,10.155992031097412,609,662.799999999998,685,685,False,death,0,0,0,0,0,0,21.622474747474747,1.088341543513954,32.56661605834961,32.56661605834961,314,294
2026-03-28T13:52:38.046726,2737,3.6288490295410156,219,268.65000000000055,303,303,False,death,0,0,0,0,0,0,9.56439393939394,1.2267123287671258,32.709800720214844,32.709800720214844,113,105
2026-03-28T13:52:48.538528,2738,9.417498111724854,565,631.8999999999994,658,658,False,death,0,0,0,0,0,0,20.77020202020202,1.1184070796460166,34.92131042480469,34.92131042480469,291,273
2026-03-28T13:53:05.147027,2739,14.487571477890015,868,700.9499999999973,723,723,False,death,0,0,0,0,0,0,22.821969696969695,0.8075460829493056,32.920230865478516,32.920230865478516,447,420
2026-03-28T13:53:09.852068,2740,3.6650912761688232,219,255.10000000000048,289,289,False,death,0,0,0,0,0,0,9.122474747474747,1.164840182648404,35.329071044921875,35.329071044921875,112,106
2026-03-28T13:53:29.161761,2741,16.819342374801636,1008,1097.4499999999841,1129,1129,False,death,0,0,0,0,0,0,35.63762626262626,1.0887400793650637,32.89139175415039,32.89139175415039,519,488
2026-03-28T13:53:44.602067,2742,13.310800075531006,796,677.099999999993,723,723,False,stuck_timeout,0,0,0,0,0,0,22.821969696969695,0.8506281407035088,34.435482025146484,34.435482025146484,409,386
2026-03-28T13:54:02.857112,2743,15.953112125396729,959,661.3999999999907,723,723,False,death,0,0,0,0,0,0,22.821969696969695,0.6896767466110434,31.75970458984375,31.75970458984375,493,465
2026-03-28T13:54:18.914717,2744,14.707358121871948,882,691.8499999999945,722,722,False,death,0,0,0,0,0,0,22.79040404040404,0.784410430838996,31.489822387695312,31.489822387695312,453,428
2026-03-28T13:54:45.417899,2745,23.376385927200317,1401,647.4999999999784,723,723,False,stuck_timeout,0,0,0,0,0,0,22.821969696969695,0.46216987865808595,32.804874420166016,32.804874420166016,720,680
2026-03-28T13:55:17.878210,2746,28.84741473197937,1730,813.8999999999737,900,900,False,stuck_timeout,0,0,0,0,0,0,28.40909090909091,0.47046242774564956,33.207496643066406,33.207496643066406,889,840
2026-03-28T13:55:38.368324,2747,18.015884160995483,1081,660.2999999999889,723,723,False,stuck_timeout,0,0,0,0,0,0,22.821969696969695,0.6108233117483709,32.45246124267578,32.45246124267578,555,525
2026-03-28T13:55:55.151985,2748,15.504301071166992,926,544.9999999999944,595,595,False,stuck_timeout,0,0,0,0,0,0,18.781565656565657,0.5885529157667326,33.23353576660156,33.23353576660156,475,450
2026-03-28T13:56:08.362837,2749,11.993072271347046,718,692.1999999999955,722,722,False,death,0,0,0,0,0,0,22.79040404040404,0.9640668523676817,33.918609619140625,33.918609619140625,369,348
2026-03-28T13:56:14.339069,2750,5.099381446838379,304,254.05000000000072,292,292,False,death,0,0,0,0,0,0,9.217171717171716,0.8356907894736866,34.75108337402344,34.75108337402344,156,147
2026-03-28T13:56:20.541270,2751,5.3512022495269775,317,213.35000000000062,250,250,False,death,0,0,0,0,0,0,7.891414141414141,0.6730283911671944,33.250389099121094,33.250389099121094,162,154
2026-03-28T13:56:58.712775,2752,33.96569776535034,2039,626.1499999999731,723,723,False,stuck_timeout,0,0,0,0,0,0,22.821969696969695,0.30708680725844684,33.93974304199219,33.93974304199219,1047,991
2026-03-28T13:57:13.746935,2753,13.708415746688843,820,695.549999999996,722,722,False,death,0,0,0,0,0,0,22.79040404040404,0.8482317073170683,34.78746795654297,34.78746795654297,421,398
2026-03-28T13:57:20.302667,2754,5.627371311187744,333,254.50000000000048,286,286,False,death,0,0,0,0,0,0,9.027777777777777,0.7642642642642657,34.344764709472656,34.344764709472656,171,161
2026-03-28T13:57:28.990060,2755,7.6515138149261475,454,665.0499999999971,692,692,False,death,0,0,0,0,0,0,21.843434343434343,1.4648678414096852,34.60805892944336,34.60805892944336,233,220
2026-03-28T13:57:33.175348,2756,3.3370535373687744,199,259.6500000000006,293,293,False,death,0,0,0,0,0,0,9.248737373737374,1.3047738693467368,32.4217414855957,32.4217414855957,102,96
2026-03-28T13:57:49.495192,2757,15.078029155731201,903,686.8999999999947,722,722,False,death,0,0,0,0,0,0,22.79040404040404,0.7606866002214782,33.49446487426758,33.49446487426758,463,439
2026-03-28T13:58:10.754710,2758,18.605510473251343,1114,678.5999999999904,723,723,False,stuck_timeout,0,0,0,0,0,0,22.821969696969695,0.6091561938958621,34.80476379394531,34.80476379394531,571,542
2026-03-28T13:58:16.060249,2759,4.48183536529541,266,261.2500000000005,294,294,False,death,0,0,0,0,0,0,9.280303030303031,0.9821428571428591,35.29350280761719,35.29350280761719,136,129
2026-03-28T13:58:41.532508,2760,22.89599299430847,1374,807.8499999999898,840,840,False,death,0,0,0,0,0,0,26.515151515151516,0.5879548762736462,32.89409637451172,32.89409637451172,705,668
2026-03-28T13:59:01.803946,2761,18.74446201324463,1122,656.4499999999844,722,722,False,stuck_timeout,0,0,0,0,0,0,22.79040404040404,0.5850713012477579,33.34672546386719,33.34672546386719,575,546
2026-03-28T13:59:11.413032,2762,8.568061828613281,513,679.6999999999971,703,703,False,death,0,0,0,0,0,0,22.190656565656568,1.3249512670565244,33.20054626464844,33.20054626464844,263,249
2026-03-28T13:59:20.994451,2763,8.551816701889038,509,668.1499999999982,692,692,False,death,0,0,0,0,0,0,21.843434343434343,1.3126719056974423,32.37043762207031,32.37043762207031,261,247
2026-03-28T13:59:33.263941,2764,10.507872343063354,628,694.4999999999958,723,723,False,death,0,0,0,0,0,0,22.821969696969695,1.1058917197452163,33.25807189941406,33.25807189941406,322,305
2026-03-28T13:59:43.002304,2765,8.723595142364502,524,639.6999999999989,667,667,False,death,0,0,0,0,0,0,21.054292929292927,1.2208015267175552,33.27033615112305,33.27033615112305,268,255
2026-03-28T13:59:53.229509,2766,9.151066780090332,549,670.0499999999978,694,694,False,death,0,0,0,0,0,0,21.906565656565657,1.2204918032786845,33.72568893432617,33.72568893432617,281,267
2026-03-28T14:00:09.374369,2767,14.04862928390503,845,880.2999999999917,899,899,False,death,0,0,0,0,0,0,28.377525252525253,1.0417751479289843,32.41851806640625,32.41851806640625,433,411
2026-03-28T14:00:14.531618,2768,4.259035110473633,251,240.80000000000067,274,274,False,death,0,0,0,0,0,0,8.6489898989899,0.9593625498007995,34.467620849609375,34.467620849609375,128,122
2026-03-28T14:00:37.196843,2769,19.86033058166504,1189,859.7999999999863,899,899,False,death,0,0,0,0,0,0,28.377525252525253,0.7231286795626461,34.41856384277344,34.41856384277344,609,579
2026-03-28T14:01:03.726610,2770,23.475075006484985,1406,640.449999999979,723,723,False,stuck_timeout,0,0,0,0,0,0,22.821969696969695,0.4555120910383919,34.633033752441406,34.633033752441406,720,685
2026-03-28T14:01:09.182815,2771,4.606937408447266,271,260.3500000000002,294,294,False,death,0,0,0,0,0,0,9.280303030303031,0.9607011070110708,34.2171745300293,34.2171745300293,138,132
2026-03-28T14:01:14.142668,2772,4.106550931930542,244,252.60000000000065,285,285,False,death,0,0,0,0,0,0,8.996212121212121,1.035245901639347,34.88188934326172,34.88188934326172,124,119
2026-03-28T14:01:25.408188,2773,10.149065971374512,611,649.5999999999987,673,673,False,death,0,0,0,0,0,0,21.24368686868687,1.0631751227495887,34.04596710205078,34.04596710205078,312,298
2026-03-28T14:01:53.376424,2774,24.763237714767456,1486,644.1999999999773,724,724,False,stuck_timeout,0,0,0,0,0,0,22.853535353535353,0.4335127860026765,35.09349822998047,35.09349822998047,760,725
2026-03-28T14:02:03.786332,2775,9.379229307174683,561,657.9499999999992,681,681,False,death,0,0,0,0,0,0,21.49621212121212,1.1728163992869862,34.85447692871094,34.85447692871094,287,273
2026-03-28T14:02:20.965594,2776,14.943044185638428,894,680.049999999993,723,723,False,stuck_timeout,0,0,0,0,0,0,22.821969696969695,0.7606823266219161,32.9668083190918,32.9668083190918,457,436
2026-03-28T14:02:25.433852,2777,3.6254286766052246,216,262.1500000000006,294,294,False,death,0,0,0,0,0,0,9.280303030303031,1.2136574074074102,33.64558029174805,33.64558029174805,110,105
2026-03-28T14:02:29.273118,2778,3.009629487991333,181,266.95000000000033,302,302,False,death,0,0,0,0,0,0,9.532828282828284,1.4748618784530405,33.63285446166992,33.63285446166992,92,88
2026-03-28T14:02:44.360733,2779,13.873614311218262,830,669.199999999991,722,722,False,death,0,0,0,0,0,0,22.79040404040404,0.8062650602409529,33.32435607910156,33.32435607910156,424,405
2026-03-28T14:03:02.057897,2780,15.494699478149414,926,656.2499999999873,723,723,False,stuck_timeout,0,0,0,0,0,0,22.821969696969695,0.7086933045356234,34.29297637939453,34.29297637939453,473,452
2026-03-28T14:03:28.240936,2781,23.156128644943237,1387,636.7999999999798,723,723,False,stuck_timeout,0,0,0,0,0,0,22.821969696969695,0.45912040374908425,33.403907775878906,33.403907775878906,708,678
2026-03-28T14:03:44.185788,2782,14.62967324256897,879,695.1499999999957,722,722,False,death,0,0,0,0,0,0,22.79040404040404,0.7908418657565366,33.89867401123047,33.89867401123047,449,429
2026-03-28T14:03:55.772086,2783,10.400548458099365,616,643.5999999999983,668,668,False,death,0,0,0,0,0,0,21.085858585858585,1.0448051948051922,32.02375793457031,32.02375793457031,314,301
2026-03-28T14:04:45.180684,2784,44.32194137573242,2659,766.4999999999576,899,899,False,stuck_timeout,0,0,0,0,0,0,28.377525252525253,0.28826626551333495,32.72098159790039,32.72098159790039,1358,1300
2026-03-28T14:04:49.566659,2785,3.5390145778656006,213,252.30000000000032,287,287,False,death,0,0,0,0,0,0,9.059343434343434,1.1845070422535227,33.87531280517578,33.87531280517578,108,104
2026-03-28T14:05:34.191508,2786,39.98562788963318,2393,598.299999999964,724,724,False,stuck_timeout,0,0,0,0,0,0,22.853535353535353,0.2500208942749536,33.57090377807617,33.57090377807617,1221,1171
2026-03-28T14:05:40.107226,2787,4.956927299499512,293,262.25000000000045,296,296,False,death,0,0,0,0,0,0,9.343434343434344,0.8950511945392507,33.59676742553711,33.59676742553711,149,143
2026-03-28T14:06:08.321792,2788,25.018630266189575,1502,1377.5499999999736,1429,1429,False,death,0,0,0,0,0,0,45.10732323232323,0.9171438082556416,33.374725341796875,33.374725341796875,766,735
2026-03-28T14:06:31.118812,2789,20.02860689163208,1203,807.6499999999877,845,845,False,death,0,0,0,0,0,0,26.672979797979796,0.6713632585203555,34.108062744140625,34.108062744140625,613,589
2026-03-28T14:06:53.025204,2790,19.242794513702393,1151,868.6499999999891,898,898,False,death,0,0,0,0,0,0,28.345959595959595,0.754691572545603,33.53962707519531,33.53962707519531,586,564
2026-03-28T14:07:07.227533,2791,12.895433187484741,774,677.2999999999912,722,722,False,death,0,0,0,0,0,0,22.79040404040404,0.8750645994831928,32.46704864501953,32.46704864501953,394,379
2026-03-28T14:07:21.462246,2792,12.916491746902466,770,673.4499999999896,722,722,False,stuck_timeout,0,0,0,0,0,0,22.79040404040404,0.8746103896103761,33.481929779052734,33.481929779052734,392,377
2026-03-28T14:07:25.088477,2793,2.866677761077881,171,271.20000000000056,306,306,False,death,0,0,0,0,0,0,9.659090909090908,1.585964912280705,33.15563201904297,33.15563201904297,87,83
2026-03-28T14:07:44.675161,2794,17.155613899230957,1030,692.6999999999945,723,723,False,death,0,0,0,0,0,0,22.821969696969695,0.6725242718446548,32.51173400878906,32.51173400878906,524,505
2026-03-28T14:08:13.820141,2795,25.9344801902771,1559,812.999999999973,899,899,False,stuck_timeout,0,0,0,0,0,0,28.377525252525253,0.5214881334188409,32.793243408203125,32.793243408203125,794,764
2026-03-28T14:08:32.377902,2796,16.314241647720337,978,671.5499999999927,724,724,False,stuck_timeout,0,0,0,0,0,0,22.853535353535353,0.686656441717784,33.45472717285156,33.45472717285156,497,480
2026-03-28T14:08:36.602510,2797,3.4110283851623535,201,261.1500000000007,294,294,False,death,0,0,0,0,0,0,9.280303030303031,1.2992537313432873,33.08258819580078,33.08258819580078,102,98
2026-03-28T14:09:01.676897,2798,22.114134550094604,1324,648.6999999999847,723,723,False,stuck_timeout,0,0,0,0,0,0,22.821969696969695,0.48995468277944465,32.83551788330078,32.83551788330078,673,650
2026-03-28T14:09:25.987960,2799,21.471492767333984,1286,649.1999999999804,723,723,False,stuck_timeout,0,0,0,0,0,0,22.821969696969695,0.5048211508553502,33.465213775634766,33.465213775634766,654,631
2026-03-28T14:09:30.083525,2800,3.0857138633728027,185,277.5000000000005,312,312,False,death,0,0,0,0,0,0,9.848484848484848,1.5000000000000027,33.555755615234375,33.555755615234375,94,90
2026-03-28T14:09:58.731990,2801,25.50967764854431,1532,1052.7999999999756,1122,1122,False,death,0,0,0,0,0,0,35.41666666666667,0.687206266318522,34.28783416748047,34.28783416748047,778,753
2026-03-28T14:10:02.890414,2802,3.313983201980591,196,276.6500000000004,311,311,False,death,0,0,0,0,0,0,9.816919191919192,1.4114795918367367,32.799530029296875,32.799530029296875,99,96
2026-03-28T14:10:06.509688,2803,2.7814109325408936,164,270.1500000000006,305,305,False,death,0,0,0,0,0,0,9.627525252525253,1.6472560975609793,33.58730697631836,33.58730697631836,83,80
2026-03-28T14:10:26.058012,2804,17.189270734786987,1031,1416.5499999999806,1420,1420,False,death,0,0,0,0,0,0,44.823232323232325,1.373957322987372,34.65211486816406,34.65211486816406,523,507
2026-03-28T14:10:37.874111,2805,10.716685771942139,638,689.6999999999954,722,722,False,death,0,0,0,0,0,0,22.79040404040404,1.0810344827586134,34.631404876708984,34.631404876708984,323,314
2026-03-28T14:10:58.854882,2806,19.527471780776978,1174,660.0999999999872,722,722,False,stuck_timeout,0,0,0,0,0,0,22.79040404040404,0.5622657580919823,32.884029388427734,32.884029388427734,596,577
2026-03-28T14:11:03.087636,2807,3.4132866859436035,205,265.15000000000026,300,300,False,death,0,0,0,0,0,0,9.469696969696969,1.2934146341463428,34.44811248779297,34.44811248779297,104,100
2026-03-28T14:11:18.961564,2808,13.826859474182129,823,686.7999999999945,723,723,False,death,0,0,0,0,0,0,22.821969696969695,0.8345078979343797,32.92692184448242,32.92692184448242,417,405
2026-03-28T14:11:25.194725,2809,5.287092208862305,311,268.95000000000044,304,304,False,death,0,0,0,0,0,0,9.595959595959595,0.8647909967845674,33.93646240234375,33.93646240234375,157,153
2026-03-28T14:11:30.777953,2810,4.6904802322387695,277,203.60000000000053,245,245,False,death,0,0,0,0,0,0,7.733585858585859,0.7350180505415181,34.696983337402344,34.696983337402344,140,136
2026-03-28T14:11:36.396691,2811,4.741481304168701,285,262.20000000000033,295,295,False,death,0,0,0,0,0,0,9.311868686868687,0.9200000000000012,32.99364471435547,32.99364471435547,144,140
2026-03-28T14:11:53.624980,2812,14.981038570404053,893,674.6999999999921,723,723,False,stuck_timeout,0,0,0,0,0,0,22.821969696969695,0.7555431131018948,33.812252044677734,33.812252044677734,453,439
2026-03-28T14:12:10.387447,2813,14.632369756698608,880,670.0999999999908,723,723,False,stuck_timeout,0,0,0,0,0,0,22.821969696969695,0.7614772727272623,33.569305419921875,33.569305419921875,446,433
2026-03-28T14:12:39.729598,2814,26.076894521713257,1563,650.1999999999815,723,723,False,stuck_timeout,0,0,0,0,0,0,22.821969696969695,0.4159948816378641,33.76287078857422,33.76287078857422,792,770
2026-03-28T14:12:58.129324,2815,16.10723614692688,967,852.199999999991,898,898,False,death,0,0,0,0,0,0,28.345959595959595,0.8812823164425967,33.980369567871094,33.980369567871094,489,477
2026-03-28T14:13:28.562370,2816,26.980266094207764,1616,1076.3999999999749,1122,1122,False,death,0,0,0,0,0,0,35.41666666666667,0.6660891089108756,34.731300354003906,34.731300354003906,818,797
2026-03-28T14:13:46.208946,2817,15.433310270309448,923,686.2999999999926,723,723,False,death,0,0,0,0,0,0,22.821969696969695,0.7435536294691144,34.18063735961914,34.18063735961914,467,455
2026-03-28T14:13:58.031984,2818,10.736391305923462,641,681.9499999999994,706,706,False,death,0,0,0,0,0,0,22.285353535353536,1.0638845553822143,32.646087646484375,32.646087646484375,324,316
2026-03-28T14:14:24.579562,2819,23.511404037475586,1406,633.1999999999779,723,723,False,stuck_timeout,0,0,0,0,0,0,22.821969696969695,0.4503556187766557,34.634613037109375,34.634613037109375,711,694
2026-03-28T14:14:43.930595,2820,17.014031887054443,1017,830.2999999999897,864,864,False,death,0,0,0,0,0,0,27.27272727272727,0.8164208456243753,33.058162689208984,33.058162689208984,514,502
2026-03-28T14:14:48.079557,2821,3.327636480331421,196,263.60000000000065,296,296,False,death,0,0,0,0,0,0,9.343434343434344,1.3448979591836767,33.885475158691406,33.885475158691406,99,96
2026-03-28T14:14:51.502999,2822,2.679274797439575,159,270.55000000000035,306,306,False,death,0,0,0,0,0,0,9.659090909090908,1.7015723270440273,34.21430587768555,34.21430587768555,80,78
2026-03-28T14:15:03.416831,2823,10.822837352752686,648,541.5999999999922,595,595,False,stuck_timeout,0,0,0,0,0,0,18.781565656565657,0.8358024691357904,33.95212936401367,33.95212936401367,327,320
2026-03-28T14:15:12.234902,2824,7.759643077850342,464,677.899999999999,703,703,False,death,0,0,0,0,0,0,22.190656565656568,1.4609913793103426,32.902042388916016,32.902042388916016,234,229
2026-03-28T14:15:16.814202,2825,3.7231571674346924,220,270.4000000000006,304,304,False,death,0,0,0,0,0,0,9.595959595959595,1.229090909090912,33.79524612426758,33.79524612426758,111,108
2026-03-28T14:15:22.099519,2826,4.370850563049316,257,247.30000000000064,281,281,False,death,0,0,0,0,0,0,8.869949494949495,0.9622568093385239,33.078086853027344,33.078086853027344,129,127
2026-03-28T14:15:28.188512,2827,5.2139036655426025,309,231.50000000000045,265,265,False,death,0,0,0,0,0,0,8.36489898989899,0.7491909385113283,33.24058151245117,33.24058151245117,156,152
2026-03-28T14:15:38.988144,2828,9.7411367893219,583,663.949999999998,688,688,False,death,0,0,0,0,0,0,21.71717171717172,1.1388507718696363,33.58333969116211,33.58333969116211,294,288
2026-03-28T14:16:12.510562,2829,29.81419014930725,1790,816.9999999999794,899,899,False,stuck_timeout,0,0,0,0,0,0,28.377525252525253,0.4564245810055751,34.12932586669922,34.12932586669922,904,885
2026-03-28T14:16:38.754978,2830,23.17094373703003,1387,855.6999999999858,898,898,False,death,0,0,0,0,0,0,28.345959595959595,0.6169430425378413,33.13256072998047,33.13256072998047,700,686
2026-03-28T14:17:01.530053,2831,19.929132223129272,1192,663.1499999999863,725,725,False,stuck_timeout,0,0,0,0,0,0,22.88510101010101,0.5563338926174382,33.346153259277344,33.346153259277344,601,590
2026-03-28T14:17:05.408330,2832,3.0844924449920654,185,277.95000000000044,313,313,False,death,0,0,0,0,0,0,9.880050505050505,1.5024324324324347,31.973522186279297,31.973522186279297,93,91
2026-03-28T14:17:15.118445,2833,8.663410902023315,517,650.6499999999983,676,676,False,death,0,0,0,0,0,0,21.338383838383837,1.258510638297869,32.9047737121582,32.9047737121582,260,256
2026-03-28T14:17:33.863028,2834,16.38924813270569,981,791.9999999999926,811,811,False,death,0,0,0,0,0,0,25.599747474747474,0.8073394495412769,33.62943649291992,33.62943649291992,494,486
2026-03-28T14:17:51.117518,2835,15.912915229797363,953,518.3499999999888,595,595,False,stuck_timeout,0,0,0,0,0,0,18.781565656565657,0.5439139559286346,34.194244384765625,34.194244384765625,480,472
2026-03-28T14:18:02.118436,2836,9.949881315231323,597,636.5499999999975,664,664,False,death,0,0,0,0,0,0,20.95959595959596,1.0662479061976506,34.08296585083008,34.08296585083008,301,295
2026-03-28T14:18:22.766590,2837,18.080793619155884,1085,852.0999999999867,899,899,False,stuck_timeout,0,0,0,0,0,0,28.377525252525253,0.7853456221198034,34.025733947753906,34.025733947753906,547,537
2026-03-28T14:18:41.379851,2838,16.156718969345093,965,677.9499999999935,723,723,False,death,0,0,0,0,0,0,22.821969696969695,0.7025388601036202,34.88416290283203,34.88416290283203,486,478
2026-03-28T14:18:58.274874,2839,14.678244352340698,877,691.9499999999985,723,723,False,death,0,0,0,0,0,0,22.821969696969695,0.7889965792474327,33.36115264892578,33.36115264892578,441,435
2026-03-28T14:19:10.504120,2840,10.472009897232056,629,655.1999999999975,688,688,False,death,0,0,0,0,0,0,21.71717171717172,1.0416534181240025,33.70758819580078,33.70758819580078,316,312
2026-03-28T14:19:24.167017,2841,12.396191835403442,740,546.0999999999931,596,596,False,stuck_timeout,0,0,0,0,0,0,18.81313131313131,0.7379729729729636,33.33676528930664,33.33676528930664,372,367
2026-03-28T14:19:29.403994,2842,4.351260662078857,255,247.30000000000058,280,280,False,death,0,0,0,0,0,0,8.83838383838384,0.9698039215686297,34.90116500854492,34.90116500854492,128,126
2026-03-28T14:19:51.368589,2843,19.29513907432556,1155,781.9999999999902,835,835,False,death,0,0,0,0,0,0,26.357323232323232,0.6770562770562686,34.30778121948242,34.30778121948242,581,573
2026-03-28T14:20:24.583879,2844,29.47106671333313,1766,831.4499999999817,899,899,False,stuck_timeout,0,0,0,0,0,0,28.377525252525253,0.47080973952433847,34.615928649902344,34.615928649902344,888,877
2026-03-28T14:20:28.291976,2845,2.930248260498047,172,276.30000000000047,312,312,False,death,0,0,0,0,0,0,9.848484848484848,1.606395348837212,33.30180358886719,33.30180358886719,86,85
2026-03-28T14:20:41.288506,2846,11.137014627456665,666,694.349999999994,723,723,False,death,0,0,0,0,0,0,22.821969696969695,1.0425675675675585,33.854854583740234,33.854854583740234,334,331
2026-03-28T14:20:46.179425,2847,4.031234264373779,237,267.1500000000005,302,302,False,death,0,0,0,0,0,0,9.532828282828284,1.1272151898734197,33.453773498535156,33.453773498535156,119,117
2026-03-28T14:21:06.482084,2848,17.773434162139893,1067,676.2499999999917,723,723,False,death,0,0,0,0,0,0,22.821969696969695,0.6337863167759997,34.16363525390625,34.16363525390625,536,530
2026-03-28T14:21:27.971066,2849,18.85538101196289,1131,669.0999999999873,723,723,False,stuck_timeout,0,0,0,0,0,0,22.821969696969695,0.591600353669308,35.058387756347656,35.058387756347656,568,562
2026-03-28T14:22:03.618017,2850,31.838820457458496,1913,621.4499999999694,723,723,False,stuck_timeout,0,0,0,0,0,0,22.821969696969695,0.3248562467328643,34.82563781738281,34.82563781738281,960,952
2026-03-28T14:22:14.218905,2851,9.5951988697052,573,667.1999999999977,690,690,False,death,0,0,0,0,0,0,21.78030303030303,1.1643979057591582,34.18521499633789,34.18521499633789,287,285
2026-03-28T14:22:21.255253,2852,6.078003644943237,359,248.80000000000035,282,282,False,death,0,0,0,0,0,0,8.901515151515152,0.6930362116991653,33.80524444580078,33.80524444580078,180,178
2026-03-28T14:22:41.216175,2853,17.556483030319214,1053,1086.049999999986,1123,1123,False,death,0,0,0,0,0,0,35.448232323232325,1.031386514719835,34.045623779296875,34.045623779296875,528,524
2026-03-28T14:22:57.272988,2854,13.87174129486084,831,875.9999999999927,898,898,False,death,0,0,0,0,0,0,28.345959595959595,1.0541516245487277,34.641700744628906,34.641700744628906,416,414
2026-03-28T14:23:02.349809,2855,4.22098183631897,249,240.6000000000003,276,276,False,death,0,0,0,0,0,0,8.712121212121213,0.966265060240965,34.0413818359375,34.0413818359375,124,124
2026-03-28T14:23:39.694223,2856,33.31297183036804,1997,825.4499999999754,898,898,False,death,0,0,0,0,0,0,28.345959595959595,0.4133450175262771,32.86878204345703,32.86878204345703,1000,996
2026-03-28T14:23:50.974080,2857,10.18386459350586,606,677.1999999999989,700,700,False,death,0,0,0,0,0,0,22.095959595959595,1.1174917491749157,33.06477737426758,33.06477737426758,303,302
2026-03-28T14:23:55.741290,2858,3.9521079063415527,230,250.05000000000067,283,283,False,death,0,0,0,0,0,0,8.933080808080808,1.0871739130434812,35.350738525390625,35.350738525390625,115,114
2026-03-28T14:24:00.700660,2859,4.063507556915283,240,264.6500000000005,297,297,False,death,0,0,0,0,0,0,9.375,1.1027083333333354,33.75455093383789,33.75455093383789,120,119
2026-03-28T14:24:16.077041,2860,13.294559478759766,799,789.8499999999931,818,818,False,death,0,0,0,0,0,0,25.820707070707073,0.9885481852315308,34.09913635253906,34.09913635253906,400,398
2026-03-28T14:24:26.454881,2861,8.785481929779053,524,695.6999999999966,723,723,False,death,0,0,0,0,0,0,22.821969696969695,1.3276717557251845,33.11075973510742,33.11075973510742,262,261
2026-03-28T14:24:42.282664,2862,13.728436946868896,822,670.0999999999897,723,723,False,stuck_timeout,0,0,0,0,0,0,22.821969696969695,0.8152068126520555,32.664093017578125,32.664093017578125,411,410
2026-03-28T14:25:10.778308,2863,25.196191787719727,1513,779.2999999999784,842,842,False,death,0,0,0,0,0,0,26.57828282828283,0.5150693985459209,34.878746032714844,34.878746032714844,756,756
2026-03-28T14:25:25.087464,2864,13.089545965194702,781,687.8499999999947,722,722,False,death,0,0,0,0,0,0,22.79040404040404,0.8807298335467282,32.746116638183594,32.746116638183594,390,390
2026-03-28T14:25:30.488144,2865,4.478845119476318,266,231.00000000000063,264,264,False,death,0,0,0,0,0,0,8.333333333333332,0.8684210526315813,31.950010299682617,31.950010299682617,133,132
2026-03-28T14:25:39.449238,2866,7.943433523178101,473,663.3499999999993,691,691,False,death,0,0,0,0,0,0,21.81186868686869,1.4024312896405906,33.64729690551758,33.64729690551758,236,236
2026-03-28T14:26:05.196106,2867,22.792460203170776,1368,861.9499999999863,898,898,False,death,0,0,0,0,0,0,28.345959595959595,0.6300804093567152,35.38130187988281,35.38130187988281,683,684
2026-03-28T14:26:20.404157,2868,13.180386781692505,787,867.4999999999911,898,898,False,death,0,0,0,0,0,0,28.345959595959595,1.1022871664548808,33.57667541503906,33.57667541503906,393,393
2026-03-28T14:26:35.193616,2869,12.792691946029663,766,689.1499999999955,723,723,False,death,0,0,0,0,0,0,22.821969696969695,0.899673629242814,33.65130615234375,33.65130615234375,382,383
2026-03-28T14:27:09.862888,2870,30.8968026638031,1852,1046.0499999999658,1123,1123,False,death,0,0,0,0,0,0,35.448232323232325,0.5648218142548411,32.95862579345703,32.95862579345703,924,927
2026-03-28T14:27:19.039235,2871,7.627453804016113,452,699.1999999999985,724,724,False,death,0,0,0,0,0,0,22.853535353535353,1.5469026548672533,32.60670471191406,32.60670471191406,225,226
2026-03-28T14:27:30.598696,2872,10.487790822982788,625,662.1999999999981,688,688,False,death,0,0,0,0,0,0,21.71717171717172,1.059519999999997,34.830299377441406,34.830299377441406,311,313
2026-03-28T14:27:48.422044,2873,15.554870128631592,929,877.4499999999927,898,898,False,death,0,0,0,0,0,0,28.345959595959595,0.9445102260495077,36.02513122558594,36.02513122558594,463,465
2026-03-28T14:28:07.070074,2874,16.249667644500732,977,669.0499999999874,723,723,False,death,0,0,0,0,0,0,22.821969696969695,0.6848004094165685,33.13702392578125,33.13702392578125,487,489
2026-03-28T14:28:21.854355,2875,13.532714605331421,809,692.9499999999977,722,722,False,death,0,0,0,0,0,0,22.79040404040404,0.8565512978986374,34.65233612060547,34.65233612060547,403,405
2026-03-28T14:28:27.284763,2876,4.5866875648498535,272,257.85000000000076,291,291,False,death,0,0,0,0,0,0,9.18560606060606,0.9479779411764734,32.584716796875,32.584716796875,135,136
2026-03-28T14:28:31.804215,2877,3.6586482524871826,215,256.70000000000033,291,291,False,death,0,0,0,0,0,0,9.18560606060606,1.1939534883720946,34.26608657836914,34.26608657836914,107,107
2026-03-28T14:28:47.360389,2878,13.527727365493774,808,688.6999999999946,723,723,False,death,0,0,0,0,0,0,22.821969696969695,0.8523514851485081,33.81348419189453,33.81348419189453,402,405
2026-03-28T14:28:51.459510,2879,3.2853658199310303,195,260.6500000000007,294,294,False,death,0,0,0,0,0,0,9.280303030303031,1.3366666666666704,33.14360427856445,33.14360427856445,97,97
2026-03-28T14:29:10.633084,2880,16.825953006744385,1005,831.0999999999896,861,861,False,death,0,0,0,0,0,0,27.178030303030305,0.8269651741293429,33.93212127685547,33.93212127685547,500,504
2026-03-28T14:29:32.205408,2881,18.742775440216064,1121,870.34999999999,899,899,False,death,0,0,0,0,0,0,28.377525252525253,0.7764049955396878,35.424072265625,35.424072265625,557,563
2026-03-28T14:29:38.534350,2882,5.462804555892944,322,256.7500000000008,290,290,False,death,0,0,0,0,0,0,9.154040404040405,0.7973602484472074,32.228389739990234,32.228389739990234,160,161
2026-03-28T14:29:54.814863,2883,14.109481573104858,848,677.149999999992,723,723,False,stuck_timeout,0,0,0,0,0,0,22.821969696969695,0.798525943396217,34.50666809082031,34.50666809082031,421,426
2026-03-28T14:30:06.474627,2884,10.017642974853516,599,693.9999999999981,723,723,False,death,0,0,0,0,0,0,22.821969696969695,1.1585976627712822,34.26466369628906,34.26466369628906,297,301
2026-03-28T14:30:38.085816,2885,29.604649782180786,1779,631.8499999999724,722,722,False,stuck_timeout,0,0,0,0,0,0,22.79040404040404,0.3551714446318001,33.98466491699219,33.98466491699219,884,894
2026-03-28T14:31:02.766166,2886,21.77895498275757,1301,839.0999999999809,899,899,False,death,0,0,0,0,0,0,28.377525252525253,0.6449654112221221,32.98936462402344,32.98936462402344,646,654
2026-03-28T14:31:13.885755,2887,10.055298566818237,602,640.7499999999973,667,667,False,death,0,0,0,0,0,0,21.054292929292927,1.0643687707641152,33.28099822998047,33.28099822998047,299,302
2026-03-28T14:31:18.526867,2888,3.756535053253174,225,257.9000000000006,291,291,False,death,0,0,0,0,0,0,9.18560606060606,1.146222222222225,33.68193054199219,33.68193054199219,111,113
2026-03-28T14:31:29.431465,2889,9.72965931892395,583,658.6499999999993,681,681,False,death,0,0,0,0,0,0,21.49621212121212,1.1297598627787295,33.59579849243164,33.59579849243164,289,293
2026-03-28T14:31:58.777195,2890,27.581689834594727,1654,499.549999999982,595,595,False,stuck_timeout,0,0,0,0,0,0,18.781565656565657,0.302025392986688,33.83928680419922,33.83928680419922,822,831
2026-03-28T14:32:14.990161,2891,14.87715744972229,895,683.9499999999957,711,711,False,death,0,0,0,0,0,0,22.443181818181817,0.7641899441340735,33.735260009765625,33.735260009765625,444,450
2026-03-28T14:32:37.669335,2892,20.017849683761597,1198,847.8499999999885,899,899,False,stuck_timeout,0,0,0,0,0,0,28.377525252525253,0.7077212020033293,35.07982635498047,35.07982635498047,595,602
2026-03-28T14:32:42.371216,2893,3.854442834854126,229,264.3000000000006,297,297,False,death,0,0,0,0,0,0,9.375,1.154148471615723,33.79165267944336,33.79165267944336,113,115
2026-03-28T14:32:55.925862,2894,12.331177473068237,737,543.5499999999945,595,595,False,stuck_timeout,0,0,0,0,0,0,18.781565656565657,0.7375169606512816,33.89590072631836,33.89590072631836,366,370
2026-03-28T14:33:13.891304,2895,15.74487853050232,941,678.0499999999917,723,723,False,death,0,0,0,0,0,0,22.821969696969695,0.7205632306057297,35.04636764526367,35.04636764526367,467,473
2026-03-28T14:33:18.263726,2896,3.5444905757904053,208,265.20000000000056,300,300,False,death,0,0,0,0,0,0,9.469696969696969,1.2750000000000026,35.191017150878906,35.191017150878906,103,104
2026-03-28T14:33:23.794104,2897,4.666831016540527,278,234.70000000000041,268,268,False,death,0,0,0,0,0,0,8.45959595959596,0.8442446043165482,33.38838577270508,33.38838577270508,138,139
2026-03-28T14:33:45.868946,2898,19.305917739868164,1158,665.5499999999819,723,723,False,stuck_timeout,0,0,0,0,0,0,22.821969696969695,0.5747409326424714,33.530601501464844,33.530601501464844,574,583
2026-03-28T14:33:50.753566,2899,4.06224513053894,241,260.9500000000006,295,295,False,death,0,0,0,0,0,0,9.311868686868687,1.0827800829875545,33.37873077392578,33.37873077392578,119,121
2026-03-28T14:34:15.619576,2900,21.99932861328125,1315,1098.8999999999796,1128,1128,False,death,0,0,0,0,0,0,35.60606060606061,0.8356653992395282,34.231082916259766,34.231082916259766,652,662
2026-03-28T14:34:35.439350,2901,17.337475776672363,1037,664.7999999999881,723,723,False,stuck_timeout,0,0,0,0,0,0,22.821969696969695,0.6410800385727947,33.267967224121094,33.267967224121094,514,522
2026-03-28T14:34:45.343123,2902,8.826306343078613,527,673.7499999999989,700,700,False,death,0,0,0,0,0,0,22.095959595959595,1.2784629981024647,33.44453048706055,33.44453048706055,261,265
2026-03-28T14:34:55.532458,2903,9.121218919754028,545,664.849999999998,688,688,False,death,0,0,0,0,0,0,21.71717171717172,1.2199082568807302,34.17632293701172,34.17632293701172,270,274
2026-03-28T14:35:00.000581,2904,3.632831335067749,215,264.55000000000024,299,299,False,death,0,0,0,0,0,0,9.438131313131313,1.230465116279071,34.06993103027344,34.06993103027344,106,108
2026-03-28T14:35:04.548396,2905,3.744957447052002,219,261.0500000000006,295,295,False,death,0,0,0,0,0,0,9.311868686868687,1.1920091324200939,33.67754364013672,33.67754364013672,108,110
2026-03-28T14:35:24.553179,2906,17.449000120162964,1045,848.1499999999864,899,899,False,death,0,0,0,0,0,0,28.377525252525253,0.8116267942583603,33.738033294677734,33.738033294677734,517,527
2026-03-28T14:35:28.997577,2907,3.629910469055176,212,258.0000000000004,292,292,False,death,0,0,0,0,0,0,9.217171717171716,1.2169811320754735,33.92881774902344,33.92881774902344,105,106
2026-03-28T14:35:48.398711,2908,16.95801830291748,1018,666.9499999999847,723,723,False,stuck_timeout,0,0,0,0,0,0,22.821969696969695,0.6551571709233641,33.10946273803711,33.10946273803711,504,513
2026-03-28T14:36:11.654856,2909,21.706777334213257,1305,658.9999999999887,722,722,False,stuck_timeout,0,0,0,0,0,0,22.79040404040404,0.5049808429118687,33.54156494140625,33.54156494140625,646,658
2026-03-28T14:36:27.989460,2910,15.062137603759766,902,677.2999999999938,708,708,False,death,0,0,0,0,0,0,22.348484848484848,0.7508869179600819,34.47092819213867,34.47092819213867,446,455
2026-03-28T14:36:54.109008,2911,22.98290705680847,1378,840.3499999999822,899,899,False,stuck_timeout,0,0,0,0,0,0,28.377525252525253,0.609833091436852,33.38916778564453,33.38916778564453,682,695
2026-03-28T14:37:08.274992,2912,12.940845012664795,774,698.1499999999955,722,722,False,death,0,0,0,0,0,0,22.79040404040404,0.9020025839793224,32.99335861206055,32.99335861206055,383,390
2026-03-28T14:37:13.275686,2913,4.15300989151001,249,267.2000000000004,301,301,False,death,0,0,0,0,0,0,9.501262626262626,1.073092369477913,34.11585235595703,34.11585235595703,123,125
2026-03-28T14:37:17.275308,2914,3.2246105670928955,193,267.9000000000005,301,301,False,death,0,0,0,0,0,0,9.501262626262626,1.3880829015544067,32.83097457885742,32.83097457885742,95,97
2026-03-28T14:37:22.091163,2915,3.959859609603882,239,259.9000000000004,293,293,False,death,0,0,0,0,0,0,9.248737373737374,1.0874476987447714,32.705787658691406,32.705787658691406,118,120
2026-03-28T14:37:27.108097,2916,4.148892402648926,247,249.5000000000004,284,284,False,death,0,0,0,0,0,0,8.964646464646464,1.0101214574898802,35.939876556396484,35.939876556396484,122,124
2026-03-28T14:37:36.293899,2917,8.175199747085571,487,663.4499999999972,689,689,False,death,0,0,0,0,0,0,21.748737373737374,1.3623203285420886,34.0028076171875,34.0028076171875,241,245
2026-03-28T14:37:50.029636,2918,12.459818363189697,748,546.7499999999952,595,595,False,stuck_timeout,0,0,0,0,0,0,18.781565656565657,0.7309491978609561,33.459007263183594,33.459007263183594,370,377
2026-03-28T14:38:18.774373,2919,25.536900520324707,1531,659.0499999999845,723,723,False,stuck_timeout,0,0,0,0,0,0,22.821969696969695,0.43047028086217143,32.44329071044922,32.44329071044922,757,773
2026-03-28T14:38:31.175841,2920,10.569318294525146,632,637.1499999999984,661,661,False,death,0,0,0,0,0,0,20.86489898989899,1.0081487341772126,33.836124420166016,33.836124420166016,312,319
2026-03-28T14:38:45.710500,2921,12.538203477859497,750,865.999999999994,898,898,False,death,0,0,0,0,0,0,28.345959595959595,1.1546666666666587,34.20811462402344,34.20811462402344,370,379
2026-03-28T14:38:49.717480,2922,3.2261526584625244,189,270.5500000000004,305,305,False,death,0,0,0,0,0,0,9.627525252525253,1.4314814814814836,34.90142822265625,34.90142822265625,93,95
2026-03-28T14:38:53.764391,2923,3.1931557655334473,189,269.7500000000005,303,303,False,death,0,0,0,0,0,0,9.56439393939394,1.4272486772486799,34.63151550292969,34.63151550292969,93,95
2026-03-28T14:39:27.759581,2924,30.20643448829651,1810,631.6499999999764,724,724,False,stuck_timeout,0,0,0,0,0,0,22.853535353535353,0.3489779005524732,32.11672592163086,32.11672592163086,894,915
2026-03-28T14:39:37.860731,2925,9.022850751876831,538,669.4999999999977,693,693,False,death,0,0,0,0,0,0,21.875,1.244423791821557,33.95525360107422,33.95525360107422,265,272
2026-03-28T14:39:52.662601,2926,13.587546348571777,812,664.7499999999942,702,702,False,death,0,0,0,0,0,0,22.15909090909091,0.8186576354679732,35.92072677612305,35.92072677612305,401,410
2026-03-28T14:40:20.651292,2927,24.781561851501465,1481,646.5999999999835,723,723,False,stuck_timeout,0,0,0,0,0,0,22.821969696969695,0.4365968939905358,33.64101028442383,33.64101028442383,731,749
2026-03-28T14:40:34.199976,2928,12.41900897026062,743,657.1999999999983,679,679,False,death,0,0,0,0,0,0,21.43308080808081,0.8845222072678309,33.89629364013672,33.89629364013672,366,376
2026-03-28T14:40:41.151201,2929,6.058858394622803,358,261.40000000000066,294,294,False,death,0,0,0,0,0,0,9.280303030303031,0.730167597765365,35.29759979248047,35.29759979248047,176,181
2026-03-28T14:40:45.531723,2930,3.543365716934204,207,254.65000000000026,290,290,False,death,0,0,0,0,0,0,9.154040404040405,1.230193236714977,32.29969787597656,32.29969787597656,102,104
2026-03-28T14:40:49.821052,2931,3.51316237449646,206,258.50000000000034,293,293,False,death,0,0,0,0,0,0,9.248737373737374,1.2548543689320404,34.37273025512695,34.37273025512695,101,104
2026-03-28T14:40:54.657514,2932,4.034689903259277,241,258.6500000000002,294,294,False,death,0,0,0,0,0,0,9.280303030303031,1.0732365145228224,34.57329177856445,34.57329177856445,118,122
2026-03-28T14:40:59.118969,2933,3.6255877017974854,217,261.00000000000057,294,294,False,death,0,0,0,0,0,0,9.280303030303031,1.202764976958528,33.63364791870117,33.63364791870117,107,109
2026-03-28T14:41:17.134199,2934,15.690789937973022,939,677.7999999999913,723,723,False,stuck_timeout,0,0,0,0,0,0,22.821969696969695,0.7218317358892347,34.1475944519043,34.1475944519043,463,475
2026-03-28T14:41:22.818500,2935,4.763042688369751,285,254.40000000000052,288,288,False,death,0,0,0,0,0,0,9.090909090909092,0.8926315789473702,33.685821533203125,33.685821533203125,140,144
2026-03-28T14:41:39.241851,2936,14.307341814041138,859,792.6999999999896,833,833,False,death,0,0,0,0,0,0,26.294191919191917,0.9228172293364256,34.073638916015625,34.073638916015625,423,435
2026-03-28T14:42:01.415376,2937,19.436787605285645,1163,1123.5999999999842,1134,1134,False,death,0,0,0,0,0,0,35.79545454545455,0.9661220980223424,34.42713165283203,34.42713165283203,573,589
2026-03-28T14:42:18.845611,2938,15.154155254364014,907,839.5999999999905,864,864,False,death,0,0,0,0,0,0,27.27272727272727,0.9256890848952486,34.31254196166992,34.31254196166992,446,460
2026-03-28T14:42:29.190454,2939,9.24708104133606,557,668.8499999999983,693,693,False,death,0,0,0,0,0,0,21.875,1.2008078994613973,35.45379638671875,35.45379638671875,274,282
2026-03-28T14:42:36.746314,2940,6.227533578872681,371,665.3999999999979,693,693,False,death,0,0,0,0,0,0,21.875,1.7935309973045765,33.54686737060547,33.54686737060547,182,188
2026-03-28T14:42:55.545075,2941,16.38486385345459,979,1108.7499999999864,1135,1135,False,death,0,0,0,0,0,0,35.82702020202021,1.1325331971399248,32.74251937866211,32.74251937866211,481,497
2026-03-28T14:43:18.031986,2942,19.676438808441162,1182,659.7999999999869,723,723,False,stuck_timeout,0,0,0,0,0,0,22.821969696969695,0.5582064297800228,33.583309173583984,33.583309173583984,581,600
2026-03-28T14:43:42.155754,2943,21.374247789382935,1278,1401.4999999999777,1409,1409,False,death,0,0,0,0,0,0,44.4760101010101,1.0966353677621108,33.83570861816406,33.83570861816406,628,649
2026-03-28T14:43:45.823775,2944,2.8933024406433105,174,264.0000000000006,299,299,False,death,0,0,0,0,0,0,9.438131313131313,1.5172413793103485,33.84523391723633,33.84523391723633,85,88
2026-03-28T14:43:50.757439,2945,4.061737775802612,236,257.8500000000007,291,291,False,death,0,0,0,0,0,0,9.18560606060606,1.092584745762715,34.91423034667969,34.91423034667969,116,119
2026-03-28T14:43:55.122999,2946,3.5038068294525146,211,257.1000000000005,291,291,False,death,0,0,0,0,0,0,9.18560606060606,1.2184834123222772,33.487667083740234,33.487667083740234,103,107
2026-03-28T14:44:16.928406,2947,19.159379482269287,1149,1181.949999999989,1220,1220,False,death,0,0,0,0,0,0,38.51010101010101,1.0286771105308867,34.80964660644531,34.80964660644531,564,584
2026-03-28T14:44:22.573590,2948,4.7707273960113525,283,260.70000000000056,295,295,False,death,0,0,0,0,0,0,9.311868686868687,0.9212014134275638,33.79524230957031,33.79524230957031,139,143
2026-03-28T14:44:27.086606,2949,3.642482042312622,215,258.4000000000005,293,293,False,death,0,0,0,0,0,0,9.248737373737374,1.2018604651162814,32.14894485473633,32.14894485473633,105,109
2026-03-28T14:44:49.998162,2950,20.156380891799927,1209,755.1499999999843,808,808,False,death,0,0,0,0,0,0,25.5050505050505,0.6246071133167778,34.18586349487305,34.18586349487305,593,615
2026-03-28T14:44:54.749603,2951,3.9124410152435303,233,252.4000000000005,287,287,False,death,0,0,0,0,0,0,9.059343434343434,1.0832618025751093,34.22800827026367,34.22800827026367,114,118
2026-03-28T14:45:06.017995,2952,10.132661581039429,609,658.9499999999982,682,682,False,death,0,0,0,0,0,0,21.52777777777778,1.0820197044334947,34.096588134765625,34.096588134765625,299,309
2026-03-28T14:45:20.400199,2953,12.415748596191406,742,780.1999999999973,807,807,False,death,0,0,0,0,0,0,25.47348484848485,1.051482479784363,33.5741081237793,33.5741081237793,364,377
2026-03-28T14:46:03.475690,2954,38.43998908996582,2302,1754.1999999999682,1784,1784,False,death,0,0,0,0,0,0,56.313131313131315,0.7620330147697516,34.51362609863281,34.51362609863281,1129,1172
2026-03-28T14:46:26.826302,2955,20.55960249900818,1231,1108.1999999999848,1127,1127,False,death,0,0,0,0,0,0,35.57449494949495,0.9002437043054304,34.33546829223633,34.33546829223633,603,627
2026-03-28T14:46:40.937405,2956,12.159089803695679,727,697.7499999999956,723,723,False,death,0,0,0,0,0,0,22.821969696969695,0.9597661623108604,33.97776412963867,33.97776412963867,356,370
2026-03-28T14:46:54.554822,2957,11.764355182647705,703,787.9999999999951,813,813,False,death,0,0,0,0,0,0,25.66287878787879,1.120910384068272,34.41016387939453,34.41016387939453,344,358
2026-03-28T14:46:59.916456,2958,4.494604110717773,267,262.8000000000007,295,295,False,death,0,0,0,0,0,0,9.311868686868687,0.9842696629213509,32.98211669921875,32.98211669921875,130,136
2026-03-28T14:47:16.565704,2959,14.503308534622192,865,866.6499999999893,899,899,False,death,0,0,0,0,0,0,28.377525252525253,1.0019075144508547,33.900672912597656,33.900672912597656,423,441
2026-03-28T14:47:43.052148,2960,23.3439621925354,1402,835.1999999999803,899,899,False,stuck_timeout,0,0,0,0,0,0,28.377525252525253,0.5957203994293725,34.41077423095703,34.41077423095703,686,715
2026-03-28T14:47:55.370171,2961,11.178617000579834,671,629.7999999999972,660,660,False,death,0,0,0,0,0,0,20.833333333333336,0.9385991058122164,35.40713882446289,35.40713882446289,328,342
2026-03-28T14:48:14.087241,2962,16.438756465911865,985,813.6999999999946,841,841,False,death,0,0,0,0,0,0,26.54671717171717,0.8260913705583701,32.69709014892578,32.69709014892578,482,502
2026-03-28T14:48:42.379462,2963,25.00116729736328,1497,798.799999999989,838,838,False,death,0,0,0,0,0,0,26.452020202020204,0.5336005344021303,33.293373107910156,33.293373107910156,732,764
2026-03-28T14:48:46.204218,2964,3.0309410095214844,178,269.45000000000016,305,305,False,death,0,0,0,0,0,0,9.627525252525253,1.5137640449438212,34.03687286376953,34.03687286376953,87,90
2026-03-28T14:48:50.272021,2965,3.265639305114746,194,268.5500000000004,303,303,False,death,0,0,0,0,0,0,9.56439393939394,1.384278350515466,35.925621032714844,35.925621032714844,94,99
2026-03-28T14:49:03.222515,2966,11.093684434890747,665,809.1499999999926,843,843,False,death,0,0,0,0,0,0,26.609848484848484,1.2167669172932218,34.587764739990234,34.587764739990234,325,339
2026-03-28T14:49:15.315439,2967,10.30428147315979,615,788.1999999999939,809,809,False,death,0,0,0,0,0,0,25.53661616161616,1.2816260162601527,33.83076095581055,33.83076095581055,300,314
2026-03-28T14:49:20.402679,2968,4.196377754211426,253,272.4000000000004,307,307,False,death,0,0,0,0,0,0,9.690656565656566,1.0766798418972348,34.35191345214844,34.35191345214844,123,129
2026-03-28T14:49:29.019171,2969,7.6320765018463135,455,652.1999999999994,678,678,False,death,0,0,0,0,0,0,21.401515151515152,1.433406593406592,32.838951110839844,32.838951110839844,222,232
2026-03-28T14:49:38.247583,2970,8.172502994537354,489,652.8999999999983,678,678,False,death,0,0,0,0,0,0,21.401515151515152,1.3351738241308757,33.40397262573242,33.40397262573242,238,250
2026-03-28T14:49:42.615622,2971,3.526005744934082,212,261.5000000000007,294,294,False,death,0,0,0,0,0,0,9.280303030303031,1.233490566037739,32.628143310546875,32.628143310546875,103,108
2026-03-28T14:50:08.724659,2972,23.07938313484192,1383,853.7999999999848,898,898,False,death,0,0,0,0,0,0,28.345959595959595,0.617353579175694,34.453094482421875,34.453094482421875,675,707
2026-03-28T14:50:12.766786,2973,3.2460312843322754,188,273.7000000000002,308,308,False,death,0,0,0,0,0,0,9.722222222222223,1.4558510638297883,33.61896514892578,33.61896514892578,91,96
2026-03-28T14:50:19.136829,2974,5.499371290206909,324,206.15000000000035,244,244,False,death,0,0,0,0,0,0,7.7020202020202015,0.6362654320987665,33.63439178466797,33.63439178466797,158,165
2026-03-28T14:50:36.268804,2975,14.865386724472046,893,817.4499999999916,849,849,False,death,0,0,0,0,0,0,26.799242424242426,0.9153975363941675,34.24729919433594,34.24729919433594,435,457
2026-03-28T14:51:00.899549,2976,21.661742448806763,1296,1101.5499999999845,1128,1128,False,death,0,0,0,0,0,0,35.60606060606061,0.8499614197530745,33.442840576171875,33.442840576171875,632,663
2026-03-28T14:51:25.004659,2977,21.32232165336609,1274,1376.2999999999777,1399,1399,False,death,0,0,0,0,0,0,44.160353535353536,1.0802982731553985,32.380950927734375,32.380950927734375,621,652
2026-03-28T14:51:58.264670,2978,29.750556707382202,1787,635.5499999999786,723,723,False,stuck_timeout,0,0,0,0,0,0,22.821969696969695,0.3556519306099488,33.414119720458984,33.414119720458984,870,916
2026-03-28T14:52:04.912166,2979,5.724054336547852,338,650.8499999999993,677,677,False,death,0,0,0,0,0,0,21.369949494949495,1.9255917159763294,33.88608169555664,33.88608169555664,164,173
2026-03-28T14:52:18.393079,2980,11.65200686454773,701,650.1499999999986,675,675,False,death,0,0,0,0,0,0,21.306818181818183,0.9274607703281007,34.88022994995117,34.88022994995117,341,359
2026-03-28T14:52:38.280094,2981,17.525354862213135,1051,666.099999999987,723,723,False,stuck_timeout,0,0,0,0,0,0,22.821969696969695,0.6337773549000827,35.27436828613281,35.27436828613281,511,539
2026-03-28T14:52:54.591976,2982,14.224817752838135,850,803.5999999999952,825,825,False,death,0,0,0,0,0,0,26.041666666666668,0.9454117647058767,32.88519287109375,32.88519287109375,413,436
2026-03-28T14:53:11.234886,2983,14.488160610198975,865,671.2999999999923,723,723,False,stuck_timeout,0,0,0,0,0,0,22.821969696969695,0.7760693641618408,33.70734405517578,33.70734405517578,420,444
2026-03-28T14:53:14.928355,2984,2.9174113273620605,173,269.0000000000005,304,304,False,death,0,0,0,0,0,0,9.595959595959595,1.554913294797691,35.5156135559082,35.5156135559082,84,88
2026-03-28T14:53:48.906923,2985,30.035078763961792,1801,1081.449999999981,1128,1128,False,death,0,0,0,0,0,0,35.60606060606061,0.6004719600221993,35.209747314453125,35.209747314453125,875,925
2026-03-28T14:54:02.363873,2986,12.311410903930664,738,544.4999999999948,596,596,False,stuck_timeout,0,0,0,0,0,0,18.81313131313131,0.7378048780487734,33.25931167602539,33.25931167602539,358,379
2026-03-28T14:54:36.476589,2987,30.411359310150146,1825,811.9999999999704,899,899,False,stuck_timeout,0,0,0,0,0,0,28.377525252525253,0.4449315068492989,34.705902099609375,34.705902099609375,886,938
2026-03-28T14:54:41.998137,2988,4.580918312072754,272,242.5500000000006,275,275,False,death,0,0,0,0,0,0,8.680555555555555,0.8917279411764728,33.578819274902344,33.578819274902344,132,139
2026-03-28T14:54:47.606118,2989,4.782841205596924,283,258.9000000000007,291,291,False,death,0,0,0,0,0,0,9.18560606060606,0.9148409893992958,34.34315490722656,34.34315490722656,137,145
2026-03-28T14:55:08.229190,2990,18.071577548980713,1083,1229.449999999985,1238,1238,False,death,0,0,0,0,0,0,39.07828282828283,1.1352262234533566,33.221492767333984,33.221492767333984,526,556
2026-03-28T14:55:11.880391,2991,2.872607469558716,167,279.60000000000053,314,314,False,death,0,0,0,0,0,0,9.91161616161616,1.6742514970059912,33.96113586425781,33.96113586425781,81,85
2026-03-28T14:55:22.764917,2992,9.753859519958496,585,641.4499999999991,667,667,False,death,0,0,0,0,0,0,21.054292929292927,1.096495726495725,33.467830657958984,33.467830657958984,284,300
2026-03-28T14:55:43.879573,2993,18.55110812187195,1110,665.1999999999867,723,723,False,stuck_timeout,0,0,0,0,0,0,22.821969696969695,0.5992792792792674,34.00746154785156,34.00746154785156,538,571
2026-03-28T14:56:10.266605,2994,23.46075129508972,1404,769.5499999999893,803,803,False,death,0,0,0,0,0,0,25.34722222222222,0.5481125356125279,34.550148010253906,34.550148010253906,681,722
2026-03-28T14:56:33.381677,2995,20.308178186416626,1216,636.5499999999861,725,725,False,stuck_timeout,0,0,0,0,0,0,22.88510101010101,0.5234786184210412,33.207340240478516,33.207340240478516,589,626
2026-03-28T14:56:58.129232,2996,21.706092596054077,1300,1393.9999999999789,1406,1406,False,death,0,0,0,0,0,0,44.381313131313135,1.072307692307676,33.422515869140625,33.422515869140625,630,669
2026-03-28T14:57:18.840216,2997,18.174234628677368,1090,1121.3499999999851,1135,1135,False,death,0,0,0,0,0,0,35.82702020202021,1.0287614678898946,34.022579193115234,34.022579193115234,528,561
2026-03-28T14:57:31.635663,2998,11.573450565338135,692,636.249999999998,664,664,False,death,0,0,0,0,0,0,20.95959595959596,0.9194364161849682,34.226470947265625,34.226470947265625,335,356
2026-03-28T14:57:36.205718,2999,3.713778018951416,223,256.9500000000001,292,292,False,death,0,0,0,0,0,0,9.217171717171716,1.1522421524663682,33.25799560546875,33.25799560546875,108,114
2026-03-28T14:57:40.611563,3000,3.308971643447876,197,258.9500000000005,293,293,False,death,0,0,0,0,0,0,9.248737373737374,1.3144670050761447,32.83537673950195,32.83537673950195,95,101
2026-03-28T14:57:44.716132,3001,3.3300414085388184,202,256.1000000000003,293,293,False,death,0,0,0,0,0,0,9.248737373737374,1.2678217821782194,33.648284912109375,33.648284912109375,97,104
2026-03-28T14:57:49.111381,3002,3.550962209701538,209,255.3000000000007,288,288,False,death,0,0,0,0,0,0,9.090909090909092,1.2215311004784721,34.6807975769043,34.6807975769043,101,107
2026-03-28T14:58:20.837868,3003,28.184223651885986,1691,1390.299999999975,1409,1409,False,death,0,0,0,0,0,0,44.4760101010101,0.8221762270845505,33.16001892089844,33.16001892089844,818,872
2026-03-28T14:58:30.721162,3004,8.887357711791992,529,661.6499999999997,686,686,False,death,0,0,0,0,0,0,21.654040404040405,1.2507561436672963,34.82252883911133,34.82252883911133,256,272
2026-03-28T14:58:46.015073,3005,13.253679752349854,797,858.5499999999904,899,899,False,death,0,0,0,0,0,0,28.377525252525253,1.0772271016311046,34.188045501708984,34.188045501708984,385,411
2026-03-28T14:58:50.368820,3006,3.5148098468780518,209,259.95000000000056,293,293,False,death,0,0,0,0,0,0,9.248737373737374,1.2437799043062228,35.44438934326172,35.44438934326172,101,107
2026-03-28T14:59:07.950641,3007,15.30563235282898,919,672.0999999999894,723,723,False,stuck_timeout,0,0,0,0,0,0,22.821969696969695,0.731338411316637,33.57394790649414,33.57394790649414,444,474
2026-03-28T14:59:42.682353,3008,30.83314538002014,1846,1405.3999999999808,1413,1413,False,death,0,0,0,0,0,0,44.60227272727273,0.7613217768147241,32.67705154418945,32.67705154418945,892,953
2026-03-28T14:59:46.795652,3009,3.2986607551574707,195,264.00000000000057,298,298,False,death,0,0,0,0,0,0,9.406565656565656,1.3538461538461568,33.20355224609375,33.20355224609375,94,100
2026-03-28T15:00:22.448150,3010,31.749832153320312,1907,1380.7499999999714,1431,1431,False,death,0,0,0,0,0,0,45.17045454545455,0.7240429994756011,34.433799743652344,34.433799743652344,921,985
2026-03-28T15:00:26.941755,3011,3.65258526802063,217,259.75000000000057,293,293,False,death,0,0,0,0,0,0,9.248737373737374,1.1970046082949335,35.230587005615234,35.230587005615234,104,112
2026-03-28T15:00:31.669368,3012,3.8488094806671143,227,258.2500000000005,293,293,False,death,0,0,0,0,0,0,9.248737373737374,1.1376651982378878,33.343170166015625,33.343170166015625,109,117
2026-03-28T15:00:36.842834,3013,4.273878812789917,253,256.6000000000004,290,290,False,death,0,0,0,0,0,0,9.154040404040405,1.0142292490118594,34.12995529174805,34.12995529174805,122,130
2026-03-28T15:00:51.616948,3014,13.523014545440674,807,665.2499999999943,698,698,False,death,0,0,0,0,0,0,22.03282828282828,0.8243494423791751,34.94575119018555,34.94575119018555,389,417
2026-03-28T15:01:15.229853,3015,20.83078169822693,1249,865.8499999999855,898,898,False,death,0,0,0,0,0,0,28.345959595959595,0.6932345876701245,33.59008026123047,33.59008026123047,602,646
2026-03-28T15:01:20.056706,3016,4.030067682266235,237,241.45000000000056,275,275,False,death,0,0,0,0,0,0,8.680555555555555,1.0187763713080191,33.578224182128906,33.578224182128906,114,122
2026-03-28T15:01:24.846214,3017,3.965205430984497,236,241.05000000000044,275,275,False,death,0,0,0,0,0,0,8.680555555555555,1.0213983050847477,34.274044036865234,34.274044036865234,113,122
2026-03-28T15:01:29.412520,3018,3.718759059906006,223,262.1500000000005,295,295,False,death,0,0,0,0,0,0,9.311868686868687,1.1755605381165941,33.701690673828125,33.701690673828125,107,115
2026-03-28T15:01:57.222765,3019,24.610124588012695,1480,638.8499999999822,723,723,False,stuck_timeout,0,0,0,0,0,0,22.821969696969695,0.4316554054053934,34.747283935546875,34.747283935546875,714,765
2026-03-28T15:02:27.890737,3020,27.184145212173462,1629,833.8499999999818,899,899,False,stuck_timeout,0,0,0,0,0,0,28.377525252525253,0.5118784530386629,33.07427215576172,33.07427215576172,785,843
2026-03-28T15:02:32.140655,3021,3.405177354812622,204,271.65000000000043,306,306,False,death,0,0,0,0,0,0,9.659090909090908,1.3316176470588257,34.54201126098633,34.54201126098633,98,105
2026-03-28T15:02:57.981595,3022,22.839383840560913,1365,659.2999999999865,723,723,False,stuck_timeout,0,0,0,0,0,0,22.821969696969695,0.48300366300365316,34.41498565673828,34.41498565673828,658,706
2026-03-28T15:03:02.408681,3023,3.606637954711914,216,259.4500000000004,294,294,False,death,0,0,0,0,0,0,9.280303030303031,1.2011574074074092,34.142433166503906,34.142433166503906,104,111
2026-03-28T15:03:13.288154,3024,9.75249171257019,583,682.4999999999987,706,706,False,death,0,0,0,0,0,0,22.285353535353536,1.1706689536878194,33.59919357299805,33.59919357299805,281,301
2026-03-28T15:03:31.375084,3025,15.817150592803955,949,674.4499999999924,723,723,False,stuck_timeout,0,0,0,0,0,0,22.821969696969695,0.710695468914639,34.40542221069336,34.40542221069336,457,491
2026-03-28T15:03:49.367677,3026,15.639806270599365,932,672.8499999999896,723,723,False,stuck_timeout,0,0,0,0,0,0,22.821969696969695,0.7219420600858257,34.74931335449219,34.74931335449219,448,483
2026-03-28T15:04:28.911698,3027,35.31286382675171,2120,787.1999999999654,899,899,False,stuck_timeout,0,0,0,0,0,0,28.377525252525253,0.3713207547169648,33.545074462890625,33.545074462890625,1020,1099
2026-03-28T15:04:33.779676,3028,3.9742166996002197,237,258.70000000000033,294,294,False,death,0,0,0,0,0,0,9.280303030303031,1.0915611814346005,33.75355911254883,33.75355911254883,114,122
2026-03-28T15:04:59.488077,3029,22.705124616622925,1364,864.7999999999876,898,898,False,death,0,0,0,0,0,0,28.345959595959595,0.6340175953079088,35.7232551574707,35.7232551574707,656,707
2026-03-28T15:05:25.983207,3030,23.30943250656128,1396,836.9999999999786,899,899,False,stuck_timeout,0,0,0,0,0,0,28.377525252525253,0.5995702005730505,34.00362014770508,34.00362014770508,671,724
2026-03-28T15:06:04.136062,3031,34.038063287734985,2042,1179.0999999999726,1228,1228,False,death,0,0,0,0,0,0,38.76262626262626,0.5774240940254518,35.932106018066406,35.932106018066406,981,1060
2026-03-28T15:06:09.369004,3032,4.3648552894592285,260,261.20000000000056,296,296,False,death,0,0,0,0,0,0,9.343434343434344,1.0046153846153867,33.9678840637207,33.9678840637207,124,135
2026-03-28T15:06:19.525191,3033,9.065219402313232,542,661.1499999999976,685,685,False,death,0,0,0,0,0,0,21.622474747474747,1.219833948339479,33.766456604003906,33.766456604003906,260,281
2026-03-28T15:06:41.326704,3034,19.233736515045166,1149,1125.0499999999877,1138,1138,False,death,0,0,0,0,0,0,35.92171717171717,0.9791557876414166,35.784088134765625,35.784088134765625,551,597
2026-03-28T15:06:47.219105,3035,5.02193808555603,300,254.25000000000057,290,290,False,death,0,0,0,0,0,0,9.154040404040405,0.8475000000000019,32.80793380737305,32.80793380737305,144,155
2026-03-28T15:06:51.464821,3036,3.3968935012817383,205,264.2000000000005,299,299,False,death,0,0,0,0,0,0,9.438131313131313,1.2887804878048805,33.75199890136719,33.75199890136719,98,106
2026-03-28T15:06:56.363708,3037,4.046045303344727,242,257.7000000000004,292,292,False,death,0,0,0,0,0,0,9.217171717171716,1.0648760330578528,33.655879974365234,33.655879974365234,116,125
2026-03-28T15:07:07.568263,3038,10.029683351516724,601,642.8999999999985,671,671,False,death,0,0,0,0,0,0,21.180555555555554,1.069717138103159,32.538578033447266,32.538578033447266,288,312
2026-03-28T15:07:26.521005,3039,16.517855405807495,991,680.3499999999899,723,723,False,stuck_timeout,0,0,0,0,0,0,22.821969696969695,0.686528758829455,34.824501037597656,34.824501037597656,475,515
2026-03-28T15:07:30.869890,3040,3.3070385456085205,195,261.05000000000047,295,295,False,death,0,0,0,0,0,0,9.311868686868687,1.338717948717951,34.97198486328125,34.97198486328125,93,101
2026-03-28T15:07:35.712452,3041,3.9469916820526123,235,246.5500000000002,281,281,False,death,0,0,0,0,0,0,8.869949494949495,1.0491489361702138,34.26075744628906,34.26075744628906,112,122
2026-03-28T15:07:40.115826,3042,3.6293492317199707,216,260.80000000000075,293,293,False,death,0,0,0,0,0,0,9.248737373737374,1.2074074074074108,33.97948455810547,33.97948455810547,103,112
2026-03-28T15:08:14.531223,3043,30.559397220611572,1828,1084.1999999999825,1125,1125,False,death,0,0,0,0,0,0,35.51136363636363,0.593107221006555,32.518531799316406,32.518531799316406,876,951
2026-03-28T15:08:31.818973,3044,15.935054063796997,957,538.3999999999938,595,595,False,stuck_timeout,0,0,0,0,0,0,18.781565656565657,0.5625914315569424,35.03386306762695,35.03386306762695,459,497
2026-03-28T15:08:52.183210,3045,17.793583393096924,1066,1507.4499999999832,1513,1513,False,death,0,0,0,0,0,0,47.75883838383838,1.4141181988742806,34.20924377441406,34.20924377441406,511,554
2026-03-28T15:09:00.690723,3046,7.545030832290649,448,653.7499999999995,680,680,False,death,0,0,0,0,0,0,21.464646464646464,1.459263392857142,33.20178985595703,33.20178985595703,214,233
2026-03-28T15:09:19.280805,3047,16.21573829650879,971,833.6499999999901,863,863,False,death,0,0,0,0,0,0,27.24116161616162,0.8585478887744491,34.52970886230469,34.52970886230469,465,505
2026-03-28T15:09:23.397663,3048,3.282783269882202,193,269.8500000000004,304,304,False,death,0,0,0,0,0,0,9.595959595959595,1.3981865284974115,34.08415222167969,34.08415222167969,92,100
2026-03-28T15:09:50.505562,3049,23.855193614959717,1426,657.2499999999824,723,723,False,stuck_timeout,0,0,0,0,0,0,22.821969696969695,0.46090462833098345,35.01774597167969,35.01774597167969,682,743
2026-03-28T15:10:31.016838,3050,36.28658437728882,2175,1749.2999999999709,1776,1776,False,death,0,0,0,0,0,0,56.060606060606055,0.8042758620689521,35.10859298706055,35.10859298706055,1041,1133
2026-03-28T15:10:41.237213,3051,9.107213020324707,543,672.0999999999987,697,697,False,death,0,0,0,0,0,0,22.001262626262626,1.2377532228360932,33.151824951171875,33.151824951171875,259,283
2026-03-28T15:10:45.412859,3052,3.336313486099243,197,263.15000000000066,297,297,False,death,0,0,0,0,0,0,9.375,1.3357868020304602,33.645565032958984,33.645565032958984,94,102
2026-03-28T15:11:11.153935,3053,22.657350540161133,1360,844.5499999999835,899,899,False,stuck_timeout,0,0,0,0,0,0,28.377525252525253,0.6209926470588114,33.665428161621094,33.665428161621094,650,709
2026-03-28T15:11:21.027800,3054,8.794620752334595,527,682.1999999999988,707,707,False,death,0,0,0,0,0,0,22.31691919191919,1.2944971537001875,35.16942596435547,35.16942596435547,252,274
2026-03-28T15:11:31.077756,3055,8.965900897979736,539,679.7499999999978,704,704,False,death,0,0,0,0,0,0,22.22222222222222,1.2611317254174357,33.538177490234375,33.538177490234375,257,281
2026-03-28T15:11:40.001182,3056,7.886451721191406,469,667.8499999999973,693,693,False,death,0,0,0,0,0,0,21.875,1.423987206823022,34.003700256347656,34.003700256347656,224,244
2026-03-28T15:11:49.255718,3057,8.258992671966553,495,668.249999999998,693,693,False,death,0,0,0,0,0,0,21.875,1.3499999999999959,33.76964569091797,33.76964569091797,236,258
2026-03-28T15:12:29.607514,3058,36.14094519615173,2172,760.8499999999711,916,916,False,stuck_timeout,0,0,0,0,0,0,28.914141414141415,0.3502992633517363,34.550933837890625,34.550933837890625,1038,1133
2026-03-28T15:12:44.047846,3059,13.256492614746094,796,676.4499999999915,722,722,False,stuck_timeout,0,0,0,0,0,0,22.79040404040404,0.849811557788934,33.349021911621094,33.349021911621094,380,415
2026-03-28T15:12:56.105466,3060,10.281622171401978,616,688.5999999999992,712,712,False,death,0,0,0,0,0,0,22.474747474747474,1.1178571428571416,33.86714172363281,33.86714172363281,294,321
2026-03-28T15:13:16.302823,3061,17.81993842124939,1070,1106.3499999999854,1135,1135,False,death,0,0,0,0,0,0,35.82702020202021,1.0339719626168087,33.63642120361328,33.63642120361328,511,558
2026-03-28T15:13:25.020764,3062,7.740734338760376,461,678.3999999999984,702,702,False,death,0,0,0,0,0,0,22.15909090909091,1.4715835140997795,32.38848876953125,32.38848876953125,220,240
2026-03-28T15:13:44.884549,3063,17.41848874092102,1044,666.39999999999,723,723,False,stuck_timeout,0,0,0,0,0,0,22.821969696969695,0.6383141762452011,33.64970779418945,33.64970779418945,498,545
2026-03-28T15:14:14.158136,3064,25.993672132492065,1560,1395.7999999999809,1408,1408,False,death,0,0,0,0,0,0,44.44444444444444,0.8947435897435775,34.03376770019531,34.03376770019531,744,815
2026-03-28T15:14:21.707359,3065,6.487439155578613,384,237.0500000000004,273,273,False,death,0,0,0,0,0,0,8.617424242424242,0.6173177083333344,33.26854705810547,33.26854705810547,183,200
2026-03-28T15:14:26.387817,3066,3.8039278984069824,226,264.25000000000057,297,297,False,death,0,0,0,0,0,0,9.375,1.169247787610622,35.13029098510742,35.13029098510742,107,118
2026-03-28T15:14:54.537900,3067,24.81456971168518,1489,648.9499999999807,723,723,False,stuck_timeout,0,0,0,0,0,0,22.821969696969695,0.4358294157152322,34.178707122802734,34.178707122802734,710,778
2026-03-28T15:15:06.919469,3068,10.534156084060669,631,771.3999999999961,795,795,False,death,0,0,0,0,0,0,25.094696969696972,1.2225039619651286,33.69621276855469,33.69621276855469,300,330
2026-03-28T15:15:21.692065,3069,12.654563903808594,755,1109.6499999999883,1127,1127,False,death,0,0,0,0,0,0,35.57449494949495,1.4697350993377327,35.28379821777344,35.28379821777344,359,395
2026-03-28T15:15:36.164230,3070,13.260554075241089,794,672.049999999999,699,699,False,death,0,0,0,0,0,0,22.064393939393938,0.846410579345087,34.40876007080078,34.40876007080078,378,415
2026-03-28T15:15:46.181214,3071,8.982926607131958,537,669.249999999999,696,696,False,death,0,0,0,0,0,0,21.96969696969697,1.2462756052141508,34.49473571777344,34.49473571777344,255,281
2026-03-28T15:16:03.257820,3072,14.834238767623901,885,772.7499999999933,796,796,False,death,0,0,0,0,0,0,25.126262626262623,0.8731638418079021,33.231441497802734,33.231441497802734,421,463
2026-03-28T15:16:07.553334,3073,3.498796224594116,209,263.95000000000067,297,297,False,death,0,0,0,0,0,0,9.375,1.2629186602870845,32.894020080566406,32.894020080566406,99,109
2026-03-28T15:16:43.683163,3074,32.078678369522095,1927,1372.9999999999673,1427,1427,False,death,0,0,0,0,0,0,45.04419191919192,0.7125064867669784,33.00537109375,33.00537109375,917,1009
2026-03-28T15:16:48.315360,3075,3.7818045616149902,223,263.40000000000055,296,296,False,death,0,0,0,0,0,0,9.343434343434344,1.1811659192825137,35.6258659362793,35.6258659362793,106,116
2026-03-28T15:17:03.684362,3076,13.26095724105835,795,776.3999999999943,799,799,False,death,0,0,0,0,0,0,25.220959595959595,0.9766037735848985,35.313499450683594,35.313499450683594,378,416
2026-03-28T15:17:08.142129,3077,3.6098873615264893,217,265.0000000000006,299,299,False,death,0,0,0,0,0,0,9.438131313131313,1.2211981566820305,32.734352111816406,32.734352111816406,103,113
2026-03-28T15:17:20.668644,3078,11.39083981513977,683,642.0499999999981,664,664,False,death,0,0,0,0,0,0,20.95959595959596,0.9400439238652974,32.61474609375,32.61474609375,324,358
2026-03-28T15:17:48.244925,3079,24.333155155181885,1456,1420.5499999999822,1429,1429,False,death,0,0,0,0,0,0,45.10732323232323,0.9756524725274603,34.12506103515625,34.12506103515625,692,763
2026-03-28T15:17:57.455460,3080,7.785932302474976,465,670.8999999999968,698,698,False,death,0,0,0,0,0,0,22.03282828282828,1.4427956989247244,36.19792938232422,36.19792938232422,221,243
2026-03-28T15:18:11.787041,3081,12.372735977172852,738,1107.9999999999889,1124,1124,False,death,0,0,0,0,0,0,35.47979797979798,1.5013550135501204,33.92539978027344,33.92539978027344,350,387
2026-03-28T15:18:27.726699,3082,13.797524452209473,826,679.7499999999916,725,725,False,stuck_timeout,0,0,0,0,0,0,22.88510101010101,0.8229418886198445,33.5750617980957,33.5750617980957,392,433
2026-03-28T15:18:59.850314,3083,28.57338523864746,1714,831.4999999999791,899,899,False,stuck_timeout,0,0,0,0,0,0,28.377525252525253,0.4851225204200578,34.64366912841797,34.64366912841797,813,900
2026-03-28T15:19:05.163320,3084,4.496994495391846,269,227.30000000000055,261,261,False,death,0,0,0,0,0,0,8.238636363636363,0.8449814126394073,32.78331756591797,32.78331756591797,127,141
2026-03-28T15:19:32.126511,3085,23.800947189331055,1425,1096.5499999999838,1133,1133,False,death,0,0,0,0,0,0,35.76388888888889,0.7695087719298132,34.02647018432617,34.02647018432617,676,748
2026-03-28T15:19:46.032925,3086,12.692959070205688,761,656.9999999999982,681,681,False,death,0,0,0,0,0,0,21.49621212121212,0.8633377135348203,34.741416931152344,34.741416931152344,361,399
2026-03-28T15:19:50.672811,3087,3.762850522994995,225,261.2500000000003,296,296,False,death,0,0,0,0,0,0,9.343434343434344,1.1611111111111123,34.669612884521484,34.669612884521484,106,118
2026-03-28T15:20:02.566767,3088,10.736047983169556,640,675.4999999999969,702,702,False,death,0,0,0,0,0,0,22.15909090909091,1.0554687499999953,35.36122131347656,35.36122131347656,303,336
2026-03-28T15:20:25.826874,3089,20.42808723449707,1226,1393.3499999999835,1411,1411,False,death,0,0,0,0,0,0,44.53914141414141,1.1365008156606717,35.43336486816406,35.43336486816406,581,644
2026-03-28T15:20:32.816088,3090,6.072274923324585,360,652.6999999999991,682,682,False,death,0,0,0,0,0,0,21.52777777777778,1.8130555555555532,35.759361267089844,35.759361267089844,170,189
2026-03-28T15:20:47.066096,3091,13.031259059906006,780,651.949999999992,703,703,False,death,0,0,0,0,0,0,22.190656565656568,0.835833333333323,34.06498718261719,34.06498718261719,369,410
2026-03-28T15:20:51.692357,3092,3.8426876068115234,226,270.10000000000053,303,303,False,death,0,0,0,0,0,0,9.56439393939394,1.1951327433628343,35.031578063964844,35.031578063964844,107,118
2026-03-28T15:20:55.855845,3093,3.3187618255615234,199,261.9000000000007,294,294,False,death,0,0,0,0,0,0,9.280303030303031,1.3160804020100538,33.86304473876953,33.86304473876953,94,104
2026-03-28T15:21:00.843887,3094,4.091238021850586,241,259.55000000000035,293,293,False,death,0,0,0,0,0,0,9.248737373737374,1.076970954356848,33.70790100097656,33.70790100097656,114,126
2026-03-28T15:21:22.265563,3095,18.751115083694458,1126,669.899999999992,723,723,False,stuck_timeout,0,0,0,0,0,0,22.821969696969695,0.5949378330372931,34.402687072753906,34.402687072753906,533,592
2026-03-28T15:21:31.259405,3096,8.021535396575928,479,642.7499999999986,672,672,False,death,0,0,0,0,0,0,21.21212121212121,1.3418580375782851,32.4405632019043,32.4405632019043,227,251
2026-03-28T15:21:35.875235,3097,3.776402711868286,224,275.5000000000004,310,310,False,death,0,0,0,0,0,0,9.785353535353536,1.229910714285716,33.334163665771484,33.334163665771484,106,117
2026-03-28T15:21:39.643942,3098,2.986945390701294,175,273.70000000000056,310,310,False,death,0,0,0,0,0,0,9.785353535353536,1.5640000000000032,35.16149139404297,35.16149139404297,82,92
2026-03-28T15:21:54.959280,3099,13.204463720321655,791,685.1499999999917,724,724,False,death,0,0,0,0,0,0,22.853535353535353,0.8661820480404446,33.50362777709961,33.50362777709961,374,416
2026-03-28T15:22:27.648253,3100,29.02567958831787,1739,654.1999999999798,723,723,False,stuck_timeout,0,0,0,0,0,0,22.821969696969695,0.37619321449107523,33.499755859375,33.499755859375,823,915
2026-03-28T15:22:55.074460,3101,24.263723850250244,1455,653.6499999999838,723,723,False,stuck_timeout,0,0,0,0,0,0,22.821969696969695,0.4492439862542844,33.982025146484375,33.982025146484375,688,766
2026-03-28T15:23:05.648677,3102,9.456320524215698,565,657.849999999998,681,681,False,death,0,0,0,0,0,0,21.49621212121212,1.164336283185837,34.467308044433594,34.467308044433594,267,297
2026-03-28T15:23:18.792697,3103,11.333879470825195,679,677.499999999994,723,723,False,death,0,0,0,0,0,0,22.821969696969695,0.9977908689248807,33.24974822998047,33.24974822998047,321,357
2026-03-28T15:23:23.842989,3104,4.2158825397491455,247,247.90000000000074,280,280,False,death,0,0,0,0,0,0,8.83838383838384,1.0036437246963592,34.31645584106445,34.31645584106445,116,130
2026-03-28T15:23:49.547116,3105,22.63564419746399,1361,861.3999999999877,899,899,False,death,0,0,0,0,0,0,28.377525252525253,0.6329169728140982,33.702552795410156,33.702552795410156,643,717
2026-03-28T15:24:01.273510,3106,9.982617139816284,597,867.2499999999944,898,898,False,death,0,0,0,0,0,0,28.345959595959595,1.4526800670016657,34.03977584838867,34.03977584838867,282,314
2026-03-28T15:24:19.380305,3107,15.794801473617554,948,1117.3499999999854,1130,1130,False,death,0,0,0,0,0,0,35.66919191919192,1.1786392405063137,33.687889099121094,33.687889099121094,447,500
2026-03-28T15:24:23.607356,3108,3.424055576324463,203,262.05000000000035,296,296,False,death,0,0,0,0,0,0,9.343434343434344,1.2908866995073909,34.57603454589844,34.57603454589844,95,107
2026-03-28T15:24:32.599970,3109,8.0138099193573,478,659.3499999999991,686,686,False,death,0,0,0,0,0,0,21.654040404040405,1.3793933054393286,33.4836540222168,33.4836540222168,225,252
2026-03-28T15:24:37.092956,3110,3.6448960304260254,213,272.2500000000004,307,307,False,death,0,0,0,0,0,0,9.690656565656566,1.278169014084509,34.257965087890625,34.257965087890625,100,112
2026-03-28T15:24:58.123687,3111,18.44215726852417,1105,872.1499999999922,899,899,False,death,0,0,0,0,0,0,28.377525252525253,0.7892760180995405,35.4466667175293,35.4466667175293,521,583
2026-03-28T15:25:02.816557,3112,3.8684909343719482,229,262.7000000000005,296,296,False,death,0,0,0,0,0,0,9.343434343434344,1.147161572052404,35.29853820800781,35.29853820800781,108,120
2026-03-28T15:25:07.777562,3113,4.068425893783569,241,239.80000000000035,275,275,False,death,0,0,0,0,0,0,8.680555555555555,0.9950207468879683,34.060874938964844,34.060874938964844,113,127
2026-03-28T15:25:11.114219,3114,2.594982147216797,151,275.15000000000043,311,311,False,death,0,0,0,0,0,0,9.816919191919192,1.822185430463579,33.7807731628418,33.7807731628418,71,79
2026-03-28T15:25:28.863113,3115,15.426526308059692,923,814.0999999999897,854,854,False,death,0,0,0,0,0,0,26.957070707070706,0.8820151679306497,35.78029251098633,35.78029251098633,435,487
2026-03-28T15:25:34.640531,3116,4.873389720916748,288,266.70000000000033,300,300,False,death,0,0,0,0,0,0,9.469696969696969,0.9260416666666678,35.112972259521484,35.112972259521484,135,152
2026-03-28T15:25:50.772955,3117,14.008322477340698,837,688.9499999999944,723,723,False,death,0,0,0,0,0,0,22.821969696969695,0.8231182795698857,34.147705078125,34.147705078125,394,442
2026-03-28T15:25:54.765480,3118,3.2266428470611572,191,260.9000000000003,295,295,False,death,0,0,0,0,0,0,9.311868686868687,1.3659685863874362,34.82806396484375,34.82806396484375,90,100
2026-03-28T15:26:00.205878,3119,4.563056230545044,272,225.75000000000057,259,259,False,death,0,0,0,0,0,0,8.175505050505052,0.8299632352941197,34.207481384277344,34.207481384277344,128,143
2026-03-28T15:26:09.430317,3120,7.732669115066528,463,668.2499999999983,694,694,False,death,0,0,0,0,0,0,21.906565656565657,1.4433045356371454,34.3022575378418,34.3022575378418,218,244
2026-03-28T15:26:33.999196,3121,21.642578840255737,1295,1392.3499999999772,1421,1421,False,death,0,0,0,0,0,0,44.85479797979798,1.0751737451737275,34.140228271484375,34.140228271484375,610,684
2026-03-28T15:26:43.325024,3122,8.25260877609253,494,669.3999999999978,693,693,False,death,0,0,0,0,0,0,21.875,1.3550607287449348,33.24818801879883,33.24818801879883,232,261
2026-03-28T15:26:47.472148,3123,3.319605588912964,199,263.75000000000057,298,298,False,death,0,0,0,0,0,0,9.406565656565656,1.3253768844221134,35.46879196166992,35.46879196166992,93,105
2026-03-28T15:26:53.244428,3124,4.904238939285278,288,262.70000000000056,296,296,False,death,0,0,0,0,0,0,9.343434343434344,0.9121527777777797,32.73603439331055,32.73603439331055,135,152
2026-03-28T15:27:04.696931,3125,10.373306274414062,622,665.699999999998,687,687,False,death,0,0,0,0,0,0,21.685606060606062,1.070257234726685,34.52376937866211,34.52376937866211,293,328
2026-03-28T15:27:12.031319,3126,6.352344512939453,383,666.199999999999,695,695,False,death,0,0,0,0,0,0,21.93813131313131,1.7394255874673603,34.94329833984375,34.94329833984375,180,202
2026-03-28T15:27:16.303426,3127,3.4185972213745117,201,262.70000000000033,296,296,False,death,0,0,0,0,0,0,9.343434343434344,1.3069651741293549,35.294837951660156,35.294837951660156,94,106
2026-03-28T15:27:33.054753,3128,14.565109252929688,874,673.3499999999879,723,723,False,stuck_timeout,0,0,0,0,0,0,22.821969696969695,0.7704233409610846,34.62696838378906,34.62696838378906,411,462
2026-03-28T15:27:46.578672,3129,11.573498487472534,693,1105.5999999999885,1125,1125,False,death,0,0,0,0,0,0,35.51136363636363,1.595382395382379,34.07950973510742,34.07950973510742,326,366
2026-03-28T15:27:51.384241,3130,3.949652671813965,237,237.55000000000058,272,272,False,death,0,0,0,0,0,0,8.585858585858585,1.0023206751054876,34.64336395263672,34.64336395263672,111,125
2026-03-28T15:28:14.868905,3131,20.67920732498169,1237,1104.5499999999827,1126,1126,False,death,0,0,0,0,0,0,35.542929292929294,0.8929264349231872,33.81367111206055,33.81367111206055,581,655
2026-03-28T15:28:30.727517,3132,13.651959419250488,815,863.9499999999917,899,899,False,death,0,0,0,0,0,0,28.377525252525253,1.0600613496932414,34.732234954833984,34.732234954833984,383,431
2026-03-28T15:28:34.296847,3133,2.8067879676818848,167,275.5000000000005,311,311,False,death,0,0,0,0,0,0,9.816919191919192,1.6497005988023983,33.2761344909668,33.2761344909668,78,88
2026-03-28T15:29:02.847633,3134,25.372164964675903,1524,1406.799999999982,1429,1429,False,death,0,0,0,0,0,0,45.10732323232323,0.9230971128608806,36.035823822021484,36.035823822021484,716,807
2026-03-28T15:29:45.001656,3135,37.54725885391235,2252,1054.5999999999647,1126,1126,False,death,0,0,0,0,0,0,35.542929292929294,0.4682948490230749,34.06037139892578,34.06037139892578,1057,1194
2026-03-28T15:29:49.645650,3136,3.778564929962158,223,258.5500000000006,292,292,False,death,0,0,0,0,0,0,9.217171717171716,1.159417040358747,34.07408142089844,34.07408142089844,104,118
2026-03-28T15:30:13.209565,3137,20.79288387298584,1243,1641.849999999977,1664,1664,False,death,0,0,0,0,0,0,52.52525252525253,1.320876910699901,34.51226806640625,34.51226806640625,583,659
2026-03-28T15:30:18.710752,3138,4.617048263549805,273,225.00000000000054,263,263,False,death,0,0,0,0,0,0,8.301767676767676,0.8241758241758261,32.80785369873047,32.80785369873047,128,144
2026-03-28T15:30:27.649911,3139,7.884373903274536,472,665.9999999999986,693,693,False,death,0,0,0,0,0,0,21.875,1.4110169491525395,34.34495544433594,34.34495544433594,221,250
2026-03-28T15:30:43.003301,3140,13.250243186950684,795,687.0999999999941,723,723,False,death,0,0,0,0,0,0,22.821969696969695,0.864276729559741,33.7834587097168,33.7834587097168,373,421
2026-03-28T15:31:04.936476,3141,19.302193641662598,1157,661.5499999999862,723,723,False,stuck_timeout,0,0,0,0,0,0,22.821969696969695,0.5717804667242751,34.77595520019531,34.77595520019531,542,614
2026-03-28T15:31:09.180329,3142,3.418405294418335,200,263.0000000000005,296,296,False,death,0,0,0,0,0,0,9.343434343434344,1.3150000000000026,35.020545959472656,35.020545959472656,93,106
2026-03-28T15:31:12.863536,3143,2.8823437690734863,169,271.2000000000006,305,305,False,death,0,0,0,0,0,0,9.627525252525253,1.6047337278106546,34.031822204589844,34.031822204589844,79,89
2026-03-28T15:31:26.494822,3144,11.711010217666626,703,785.7999999999955,812,812,False,death,0,0,0,0,0,0,25.63131313131313,1.117780938833564,33.95598602294922,33.95598602294922,329,373
2026-03-28T15:31:43.526859,3145,14.788406610488892,885,1123.699999999989,1135,1135,False,death,0,0,0,0,0,0,35.82702020202021,1.2697175141242814,34.22952651977539,34.22952651977539,414,470
2026-03-28T15:32:06.736406,3146,20.547605752944946,1229,820.9499999999924,849,849,False,death,0,0,0,0,0,0,26.799242424242426,0.6679820992676911,34.98345947265625,34.98345947265625,575,653
2026-03-28T15:32:20.647132,3147,12.76590871810913,765,651.4499999999977,680,680,False,death,0,0,0,0,0,0,21.464646464646464,0.8515686274509773,36.43632507324219,36.43632507324219,358,406
2026-03-28T15:32:45.297606,3148,21.769370079040527,1305,802.2499999999878,917,917,False,stuck_timeout,0,0,0,0,0,0,28.945707070707073,0.6147509578543968,35.37861251831055,35.37861251831055,610,694
2026-03-28T15:33:03.364141,3149,15.749430179595947,942,839.5999999999932,860,860,False,death,0,0,0,0,0,0,27.146464646464647,0.8912951167728166,33.81273651123047,33.81273651123047,440,501
2026-03-28T15:33:09.124674,3150,4.888948678970337,290,221.9000000000006,255,255,False,death,0,0,0,0,0,0,8.049242424242424,0.7651724137931055,35.8100700378418,35.8100700378418,135,154
2026-03-28T15:33:14.691842,3151,4.6785454750061035,278,236.80000000000018,273,273,False,death,0,0,0,0,0,0,8.617424242424242,0.8517985611510798,34.014617919921875,34.014617919921875,130,147
2026-03-28T15:33:36.023887,3152,18.668170928955078,1117,847.6999999999866,899,899,False,death,0,0,0,0,0,0,28.377525252525253,0.7589077887197732,34.33717346191406,34.33717346191406,522,594
2026-03-28T15:33:50.216923,3153,12.95171332359314,774,680.2999999999968,707,707,False,death,0,0,0,0,0,0,22.31691919191919,0.878940568475448,33.53369140625,33.53369140625,361,412
2026-03-28T15:33:54.212489,3154,3.2215542793273926,191,273.8500000000003,309,309,False,death,0,0,0,0,0,0,9.753787878787879,1.433769633507855,34.66609191894531,34.66609191894531,89,101
2026-03-28T15:35:00.395380,3155,59.57194423675537,3575,717.2499999999434,899,899,False,stuck_timeout,0,0,0,0,0,0,28.377525252525253,0.2006293706293548,32.45504379272461,32.45504379272461,1670,1904
2026-03-28T15:35:19.655529,3156,16.861135005950928,1010,673.7499999999873,724,724,False,stuck_timeout,0,0,0,0,0,0,22.853535353535353,0.6670792079207795,33.419532775878906,33.419532775878906,471,538
2026-03-28T15:35:38.202743,3157,16.14542245864868,969,878.499999999992,900,900,False,death,0,0,0,0,0,0,28.40909090909091,0.9066047471620144,34.08933639526367,34.08933639526367,452,516
2026-03-28T15:35:43.011657,3158,3.9882586002349854,237,267.40000000000026,301,301,False,death,0,0,0,0,0,0,9.501262626262626,1.1282700421940939,34.601898193359375,34.601898193359375,110,126
2026-03-28T15:35:47.986681,3159,4.110351324081421,241,250.00000000000037,284,284,False,death,0,0,0,0,0,0,8.964646464646464,1.0373443983402506,33.7059326171875,33.7059326171875,112,128
2026-03-28T15:35:52.285323,3160,3.2471511363983154,192,261.1500000000004,296,296,False,death,0,0,0,0,0,0,9.343434343434344,1.360156250000002,36.29302215576172,36.29302215576172,89,102
2026-03-28T15:36:13.145334,3161,18.3011372089386,1098,1107.0499999999854,1124,1124,False,death,0,0,0,0,0,0,35.47979797979798,1.0082422586520814,33.774436950683594,33.774436950683594,512,585
2026-03-28T15:36:20.456616,3162,6.333806753158569,375,653.8999999999988,680,680,False,death,0,0,0,0,0,0,21.464646464646464,1.7437333333333302,36.2532958984375,36.2532958984375,174,200
2026-03-28T15:36:29.805655,3163,8.382291555404663,501,634.0499999999972,663,663,False,death,0,0,0,0,0,0,20.928030303030305,1.2655688622754435,35.42347717285156,35.42347717285156,233,267
2026-03-28T15:36:41.456595,3164,10.51967453956604,631,656.7999999999982,679,679,False,death,0,0,0,0,0,0,21.43308080808081,1.0408874801901715,35.812740325927734,35.812740325927734,294,336
2026-03-28T15:37:06.647456,3165,22.353715896606445,1339,1121.1499999999876,1132,1132,False,death,0,0,0,0,0,0,35.73232323232323,0.8373039581777353,35.31773376464844,35.31773376464844,624,714
2026-03-28T15:37:25.567570,3166,16.569316864013672,988,756.5999999999867,799,799,False,death,0,0,0,0,0,0,25.220959595959595,0.7657894736841971,35.19523239135742,35.19523239135742,460,527
2026-03-28T15:37:38.151460,3167,11.425004482269287,681,544.2999999999943,595,595,False,stuck_timeout,0,0,0,0,0,0,18.781565656565657,0.7992657856093895,35.22420120239258,35.22420120239258,317,363
2026-03-28T15:37:54.050180,3168,14.619973182678223,870,689.999999999994,722,722,False,death,0,0,0,0,0,0,22.79040404040404,0.7931034482758551,35.667388916015625,35.667388916015625,405,464
2026-03-28T15:38:14.267247,3169,17.7307448387146,1061,853.099999999988,900,900,False,stuck_timeout,0,0,0,0,0,0,28.40909090909091,0.8040527803958416,35.0594367980957,35.0594367980957,494,566
2026-03-28T15:38:45.268801,3170,27.626670122146606,1656,1387.6999999999725,1416,1416,False,death,0,0,0,0,0,0,44.696969696969695,0.837983091787423,34.03271484375,34.03271484375,770,885
2026-03-28T15:39:02.639247,3171,15.10027527809143,903,1206.8499999999863,1221,1221,False,death,0,0,0,0,0,0,38.54166666666667,1.33648947951272,34.05975341796875,34.05975341796875,420,482
2026-03-28T15:39:06.433239,3172,3.0177001953125,179,273.25000000000034,309,309,False,death,0,0,0,0,0,0,9.753787878787879,1.526536312849164,33.7027702331543,33.7027702331543,83,95
2026-03-28T15:39:11.975774,3173,4.6910765171051025,283,227.15000000000046,264,264,False,death,0,0,0,0,0,0,8.333333333333332,0.8026501766784468,35.000099182128906,35.000099182128906,131,151
2026-03-28T15:39:22.177382,3174,9.15088152885437,544,694.7999999999986,722,722,False,death,0,0,0,0,0,0,22.79040404040404,1.2772058823529386,34.041404724121094,34.041404724121094,253,290
2026-03-28T15:39:26.726995,3175,3.733318328857422,223,259.4000000000003,294,294,False,death,0,0,0,0,0,0,9.280303030303031,1.163228699551571,33.94389343261719,33.94389343261719,103,119
2026-03-28T15:39:31.246384,3176,3.64981746673584,217,274.60000000000053,309,309,False,death,0,0,0,0,0,0,9.753787878787879,1.2654377880184355,35.688507080078125,35.688507080078125,100,116
2026-03-28T15:39:59.385897,3177,24.909302711486816,1495,1649.0999999999742,1665,1665,False,death,0,0,0,0,0,0,52.55681818181818,1.1030769230769057,34.58768844604492,34.58768844604492,695,799
2026-03-28T15:40:16.179206,3178,14.667864799499512,881,678.6999999999917,723,723,False,death,0,0,0,0,0,0,22.821969696969695,0.7703745743473233,34.22791290283203,34.22791290283203,409,471
2026-03-28T15:40:30.562252,3179,12.421096563339233,745,688.0499999999942,723,723,False,death,0,0,0,0,0,0,22.821969696969695,0.923557046979858,35.43574905395508,35.43574905395508,346,398
2026-03-28T15:40:34.803713,3180,3.232562303543091,191,252.65000000000046,288,288,False,death,0,0,0,0,0,0,9.090909090909092,1.3227748691099501,36.19596862792969,36.19596862792969,88,102
2026-03-28T15:40:43.694645,3181,7.915654182434082,471,682.6499999999995,706,706,False,death,0,0,0,0,0,0,22.285353535353536,1.4493630573248397,35.1173095703125,35.1173095703125,218,252
2026-03-28T15:41:09.180244,3182,22.462069272994995,1347,1083.8499999999826,1127,1127,False,death,0,0,0,0,0,0,35.57449494949495,0.8046399406087473,35.62370300292969,35.62370300292969,625,721
2026-03-28T15:41:19.301846,3183,8.98357605934143,537,685.7999999999986,709,709,False,death,0,0,0,0,0,0,22.380050505050505,1.2770949720670364,34.29044723510742,34.29044723510742,249,287
2026-03-28T15:41:33.221720,3184,12.682586908340454,757,685.6499999999935,722,722,False,death,0,0,0,0,0,0,22.79040404040404,0.9057463672390931,34.660560607910156,34.660560607910156,351,405
2026-03-28T15:41:53.319185,3185,17.602365493774414,1053,1109.7999999999874,1122,1122,False,death,0,0,0,0,0,0,35.41666666666667,1.0539411206077753,36.06586456298828,36.06586456298828,488,564
2026-03-28T15:41:56.978127,3186,2.8796346187591553,166,269.55000000000035,306,306,False,death,0,0,0,0,0,0,9.659090909090908,1.6237951807228936,33.84461975097656,33.84461975097656,76,89
2026-03-28T15:42:07.915932,3187,9.833794593811035,588,665.4999999999977,691,691,False,death,0,0,0,0,0,0,21.81186868686869,1.1318027210884316,35.585872650146484,35.585872650146484,272,315
2026-03-28T15:42:13.072556,3188,4.288339614868164,253,269.8500000000005,304,304,False,death,0,0,0,0,0,0,9.595959595959595,1.066600790513836,34.122562408447266,34.122562408447266,117,135
2026-03-28T15:42:17.373906,3189,3.4568145275115967,204,259.85000000000065,292,292,False,death,0,0,0,0,0,0,9.217171717171716,1.2737745098039248,35.34353256225586,35.34353256225586,94,109
2026-03-28T15:42:27.072336,3190,8.603910684585571,512,635.2499999999972,666,666,False,death,0,0,0,0,0,0,21.022727272727273,1.2407226562499944,32.70897674560547,32.70897674560547,237,274
2026-03-28T15:42:41.685420,3191,13.404316902160645,800,669.949999999988,722,722,False,stuck_timeout,0,0,0,0,0,0,22.79040404040404,0.837437499999985,35.39598083496094,35.39598083496094,371,428
2026-03-28T15:42:48.322931,3192,5.70352578163147,340,357.10000000000105,387,387,False,death,0,0,0,0,0,0,12.215909090909092,1.050294117647062,34.82806396484375,34.82806396484375,157,182
2026-03-28T15:43:16.654350,3193,24.97262954711914,1501,833.2999999999768,899,899,False,death,0,0,0,0,0,0,28.377525252525253,0.5551632245169732,34.441036224365234,34.441036224365234,695,805
2026-03-28T15:44:01.811515,3194,40.5919451713562,2435,1137.94999999996,1223,1223,False,death,0,0,0,0,0,0,38.60479797979798,0.4673305954825298,34.709625244140625,34.709625244140625,1128,1306
2026-03-28T15:44:27.766393,3195,23.05650234222412,1382,1082.549999999978,1128,1128,False,death,0,0,0,0,0,0,35.60606060606061,0.7833212735166265,33.793670654296875,33.793670654296875,640,741
2026-03-28T15:44:35.346649,3196,6.525074481964111,392,665.3999999999987,693,693,False,death,0,0,0,0,0,0,21.875,1.6974489795918335,34.23398208618164,34.23398208618164,181,210
2026-03-28T15:44:48.373754,3197,11.874268531799316,709,690.1499999999942,722,722,False,death,0,0,0,0,0,0,22.79040404040404,0.9734132581100059,35.71540451049805,35.71540451049805,328,380
2026-03-28T15:44:52.213969,3198,3.092280149459839,183,275.55000000000024,311,311,False,death,0,0,0,0,0,0,9.816919191919192,1.505737704918034,34.62726593017578,34.62726593017578,84,98
2026-03-28T15:45:03.273901,3199,9.886568784713745,593,671.1499999999994,698,698,False,death,0,0,0,0,0,0,22.03282828282828,1.131787521079257,35.18699645996094,35.18699645996094,274,318
2026-03-28T15:45:16.181867,3200,11.041751623153687,660,797.5499999999953,820,820,False,death,0,0,0,0,0,0,25.88383838383838,1.2084090909090839,35.7548713684082,35.7548713684082,305,354
2026-03-28T15:45:36.752514,3201,18.024726629257202,1083,833.59999999999,858,858,False,death,0,0,0,0,0,0,27.083333333333332,0.7697137580793998,35.90754699707031,35.90754699707031,501,581
2026-03-28T15:45:50.840091,3202,12.114070653915405,725,879.4999999999923,898,898,False,death,0,0,0,0,0,0,28.345959595959595,1.2131034482758514,34.6513557434082,34.6513557434082,335,389
2026-03-28T15:46:01.938005,3203,9.986800193786621,600,662.9499999999975,685,685,False,death,0,0,0,0,0,0,21.622474747474747,1.1049166666666626,34.06620788574219,34.06620788574219,277,322
2026-03-28T15:46:20.415006,3204,16.110016107559204,965,1103.8999999999908,1122,1122,False,death,0,0,0,0,0,0,35.41666666666667,1.1439378238341873,36.00255584716797,36.00255584716797,446,518
2026-03-28T15:46:38.491654,3205,15.68525218963623,941,775.4499999999896,811,811,False,death,0,0,0,0,0,0,25.599747474747474,0.8240701381508923,34.39410400390625,34.39410400390625,434,506
2026-03-28T15:47:07.224521,3206,25.440115928649902,1524,1095.9499999999712,1139,1139,False,death,0,0,0,0,0,0,35.95328282828283,0.7191272965879076,34.26148223876953,34.26148223876953,703,820
2026-03-28T15:47:18.411728,3207,9.559617519378662,571,695.2499999999968,723,723,False,death,0,0,0,0,0,0,22.821969696969695,1.2176007005253884,35.67329025268555,35.67329025268555,263,307
2026-03-28T15:47:38.359483,3208,17.347341775894165,1039,662.4499999999869,723,723,False,stuck_timeout,0,0,0,0,0,0,22.821969696969695,0.6375842155919027,34.256988525390625,34.256988525390625,479,559
2026-03-28T15:47:51.503721,3209,11.895598411560059,715,692.3999999999945,722,722,False,death,0,0,0,0,0,0,22.79040404040404,0.9683916083916008,33.41209411621094,33.41209411621094,329,385
2026-03-28T15:48:16.005200,3210,21.635695695877075,1296,1087.1999999999825,1122,1122,False,death,0,0,0,0,0,0,35.41666666666667,0.8388888888888754,36.15978240966797,36.15978240966797,597,698
2026-03-28T15:48:25.388130,3211,8.376225471496582,497,661.0499999999975,687,687,False,death,0,0,0,0,0,0,21.685606060606062,1.3300804828973791,34.40842056274414,34.40842056274414,229,267
2026-03-28T15:48:35.349912,3212,8.855804204940796,529,645.7999999999981,669,669,False,death,0,0,0,0,0,0,21.117424242424242,1.220793950850658,34.279258728027344,34.279258728027344,243,285
2026-03-28T15:48:39.496708,3213,3.3159561157226562,196,266.9000000000004,301,301,False,death,0,0,0,0,0,0,9.501262626262626,1.361734693877553,35.22547149658203,35.22547149658203,90,105
2026-03-28T15:48:48.398887,3214,7.4129722118377686,441,697.8499999999985,723,723,False,death,0,0,0,0,0,0,22.821969696969695,1.582426303854872,34.16163635253906,34.16163635253906,203,237
2026-03-28T15:49:09.249827,3215,18.224424839019775,1095,857.8499999999849,899,899,False,stuck_timeout,0,0,0,0,0,0,28.377525252525253,0.7834246575342327,34.584529876708984,34.584529876708984,504,590
2026-03-28T15:49:54.010730,3216,40.10648727416992,2411,715.3499999999625,811,811,False,death,0,0,0,0,0,0,25.599747474747474,0.2967026130236261,33.89396667480469,33.89396667480469,1109,1301
2026-03-28T15:50:17.824826,3217,20.987385749816895,1259,1098.8999999999855,1125,1125,False,death,0,0,0,0,0,0,35.51136363636363,0.8728355837966525,34.0272331237793,34.0272331237793,579,679
2026-03-28T15:50:32.305847,3218,13.288405418395996,799,695.7499999999976,722,722,False,death,0,0,0,0,0,0,22.79040404040404,0.8707759699624501,35.542816162109375,35.542816162109375,367,431
2026-03-28T15:50:41.513818,3219,8.168259382247925,488,637.5999999999976,667,667,False,death,0,0,0,0,0,0,21.054292929292927,1.3065573770491754,35.43120574951172,35.43120574951172,224,263
2026-03-28T15:50:44.927787,3220,2.4775967597961426,149,276.6500000000002,313,313,False,death,0,0,0,0,0,0,9.880050505050505,1.8567114093959745,34.3377685546875,34.3377685546875,68,80
2026-03-28T15:51:07.234911,3221,19.55656385421753,1172,1104.8499999999851,1123,1123,False,death,0,0,0,0,0,0,35.448232323232325,0.942704778156984,35.75416564941406,35.75416564941406,538,633
2026-03-28T15:51:15.842466,3222,7.56814980506897,448,657.4999999999995,684,684,False,death,0,0,0,0,0,0,21.59090909090909,1.4676339285714275,36.250911712646484,36.250911712646484,205,242
2026-03-28T15:51:38.368505,3223,19.729906797409058,1179,1109.849999999987,1126,1126,False,death,0,0,0,0,0,0,35.542929292929294,0.9413486005088948,34.559051513671875,34.559051513671875,541,637
2026-03-28T15:51:48.907987,3224,9.440165042877197,564,644.149999999997,677,677,False,death,0,0,0,0,0,0,21.369949494949495,1.142109929078009,35.559593200683594,35.559593200683594,259,304
2026-03-28T15:52:04.233079,3225,13.23494839668274,795,673.299999999992,723,723,False,stuck_timeout,0,0,0,0,0,0,22.821969696969695,0.8469182389937007,34.72215270996094,34.72215270996094,365,429
2026-03-28T15:52:07.840953,3226,2.8103256225585938,167,269.0500000000004,305,305,False,death,0,0,0,0,0,0,9.627525252525253,1.6110778443113798,35.50151824951172,35.50151824951172,76,90
2026-03-28T15:52:20.442558,3227,11.461385250091553,687,644.7499999999983,670,670,False,death,0,0,0,0,0,0,21.148989898989896,0.9385007278020354,34.77206802368164,34.77206802368164,315,371
2026-03-28T15:52:40.577106,3228,17.643099784851074,1061,827.7499999999909,867,867,False,death,0,0,0,0,0,0,27.367424242424242,0.7801602262016879,34.677093505859375,34.677093505859375,487,573
2026-03-28T15:52:56.679392,3229,13.908776044845581,833,685.8499999999952,723,723,False,death,0,0,0,0,0,0,22.821969696969695,0.8233493397358886,34.576412200927734,34.576412200927734,382,450
2026-03-28T15:53:14.143637,3230,15.137942790985107,910,879.999999999992,908,908,False,death,0,0,0,0,0,0,28.66161616161616,0.9670329670329583,35.82978057861328,35.82978057861328,417,492
2026-03-28T15:53:29.516621,3231,14.050567626953125,842,542.5999999999941,596,596,False,stuck_timeout,0,0,0,0,0,0,18.81313131313131,0.644418052256525,34.123252868652344,34.123252868652344,386,455
2026-03-28T15:53:44.771682,3232,13.187093734741211,793,875.4499999999903,899,899,False,death,0,0,0,0,0,0,28.377525252525253,1.1039722572509334,35.04686737060547,35.04686737060547,363,429
2026-03-28T15:53:50.485195,3233,4.820049285888672,286,227.5000000000002,264,264,False,death,0,0,0,0,0,0,8.333333333333332,0.7954545454545462,35.09173583984375,35.09173583984375,131,154
2026-03-28T15:54:08.174063,3234,15.449135780334473,927,835.2999999999951,867,867,False,death,0,0,0,0,0,0,27.367424242424242,0.9010787486515589,35.799591064453125,35.799591064453125,424,502
2026-03-28T15:54:16.991629,3235,7.76921534538269,461,665.849999999998,694,694,False,death,0,0,0,0,0,0,21.906565656565657,1.4443600867678914,34.03573989868164,34.03573989868164,211,249
2026-03-28T15:54:20.792026,3236,3.0132932662963867,179,277.40000000000055,313,313,False,death,0,0,0,0,0,0,9.880050505050505,1.5497206703910644,33.94800567626953,33.94800567626953,81,97
2026-03-28T15:54:36.407269,3237,13.625526428222656,812,1411.799999999986,1429,1429,False,death,0,0,0,0,0,0,45.10732323232323,1.7386699507388992,36.24396896362305,36.24396896362305,371,440
2026-03-28T15:54:57.623945,3238,18.6686372756958,1117,843.8499999999929,869,869,False,death,0,0,0,0,0,0,27.430555555555557,0.7554610564010679,35.96378707885742,35.96378707885742,511,605
2026-03-28T15:55:28.376083,3239,27.35351586341858,1642,1110.899999999982,1135,1135,False,death,0,0,0,0,0,0,35.82702020202021,0.6765529841656406,34.74999237060547,34.74999237060547,751,890
2026-03-28T15:55:37.969822,3240,8.165121793746948,486,670.6499999999984,695,695,False,death,0,0,0,0,0,0,21.93813131313131,1.3799382716049349,35.25286865234375,35.25286865234375,222,263
2026-03-28T15:55:42.413010,3241,3.6538400650024414,214,262.1000000000008,296,296,False,death,0,0,0,0,0,0,9.343434343434344,1.2247663551401908,34.46174621582031,34.46174621582031,97,116
2026-03-28T15:55:46.288905,3242,3.103209972381592,185,269.4500000000003,304,304,False,death,0,0,0,0,0,0,9.595959595959595,1.456486486486488,35.86814880371094,35.86814880371094,84,100
2026-03-28T15:55:50.390686,3243,3.1983232498168945,192,263.0500000000001,298,298,False,death,0,0,0,0,0,0,9.406565656565656,1.370052083333334,35.61119079589844,35.61119079589844,87,104
2026-03-28T15:56:02.914357,3244,11.314617395401001,678,652.5499999999982,681,681,False,death,0,0,0,0,0,0,21.49621212121212,0.9624631268436552,35.72097396850586,35.72097396850586,309,368
2026-03-28T15:56:06.519591,3245,2.822397470474243,169,276.5000000000005,310,310,False,death,0,0,0,0,0,0,9.785353535353536,1.6360946745562162,34.577980041503906,34.577980041503906,77,91
2026-03-28T15:56:18.323791,3246,10.682084798812866,640,632.649999999994,676,676,False,death,0,0,0,0,0,0,21.338383838383837,0.9885156249999906,35.44489669799805,35.44489669799805,292,347
2026-03-28T15:56:34.176601,3247,13.806467294692993,829,675.8499999999933,723,723,False,stuck_timeout,0,0,0,0,0,0,22.821969696969695,0.8152593486127784,34.7943115234375,34.7943115234375,378,450
2026-03-28T15:56:37.980851,3248,3.0317301750183105,177,273.65000000000026,308,308,False,death,0,0,0,0,0,0,9.722222222222223,1.5460451977401144,35.758602142333984,35.758602142333984,80,96
2026-03-28T15:57:03.767679,3249,22.75541377067566,1364,1409.2499999999811,1428,1428,False,death,0,0,0,0,0,0,45.07575757575758,1.0331744868035053,35.63021469116211,35.63021469116211,622,741
2026-03-28T15:57:07.779464,3250,3.253004550933838,191,272.4000000000002,309,309,False,death,0,0,0,0,0,0,9.753787878787879,1.4261780104712052,35.99323272705078,35.99323272705078,87,103
2026-03-28T15:57:23.280368,3251,14.256859540939331,854,643.1499999999953,681,681,False,death,0,0,0,0,0,0,21.49621212121212,0.7531030444964817,35.507972717285156,35.507972717285156,390,463
2026-03-28T15:57:33.590299,3252,9.21464467048645,553,651.649999999999,679,679,False,death,0,0,0,0,0,0,21.43308080808081,1.1783905967450252,35.757320404052734,35.757320404052734,252,300
2026-03-28T15:57:50.465679,3253,14.695217847824097,881,675.3999999999912,723,723,False,stuck_timeout,0,0,0,0,0,0,22.821969696969695,0.7666288308739968,35.03208541870117,35.03208541870117,402,478
2026-03-28T15:58:00.431545,3254,8.932908296585083,537,646.949999999999,675,675,False,death,0,0,0,0,0,0,21.306818181818183,1.2047486033519534,35.20751953125,35.20751953125,245,291
2026-03-28T15:58:20.459705,3255,17.61147403717041,1054,1501.2999999999768,1509,1509,False,death,0,0,0,0,0,0,47.63257575757576,1.4243833017077578,36.06318283081055,36.06318283081055,480,573
2026-03-28T15:58:30.996759,3256,9.376995086669922,562,649.949999999999,676,676,False,death,0,0,0,0,0,0,21.338383838383837,1.1564946619217065,34.22120666503906,34.22120666503906,256,305
2026-03-28T15:58:52.821889,3257,19.22659993171692,1151,659.7999999999862,724,724,False,stuck_timeout,0,0,0,0,0,0,22.853535353535353,0.5732406602953833,35.44565963745117,35.44565963745117,524,626
2026-03-28T15:58:57.257842,3258,3.6175403594970703,216,258.05000000000064,291,291,False,death,0,0,0,0,0,0,9.18560606060606,1.194675925925929,36.460506439208984,36.460506439208984,98,117
2026-03-28T15:59:02.349961,3259,4.203437089920044,249,260.9500000000007,294,294,False,death,0,0,0,0,0,0,9.280303030303031,1.0479919678714888,35.787593841552734,35.787593841552734,113,135
2026-03-28T15:59:06.621122,3260,3.221662759780884,188,266.00000000000045,300,300,False,death,0,0,0,0,0,0,9.469696969696969,1.414893617021279,36.408912658691406,36.408912658691406,85,102
2026-03-28T15:59:31.398089,3261,21.921531200408936,1311,1096.5999999999856,1124,1124,False,death,0,0,0,0,0,0,35.47979797979798,0.8364607170099051,34.909488677978516,34.909488677978516,597,713
2026-03-28T15:59:56.137034,3262,22.275331497192383,1335,651.4499999999839,723,723,False,stuck_timeout,0,0,0,0,0,0,22.821969696969695,0.4879775280898756,35.0136604309082,35.0136604309082,607,727
2026-03-28T16:00:14.058334,3263,15.72120714187622,941,860.9999999999901,899,899,False,death,0,0,0,0,0,0,28.377525252525253,0.9149840595111478,35.69587707519531,35.69587707519531,428,512
2026-03-28T16:00:18.208784,3264,3.3175816535949707,195,267.3000000000006,301,301,False,death,0,0,0,0,0,0,9.501262626262626,1.3707692307692338,37.63469696044922,37.63469696044922,88,106
2026-03-28T16:00:36.283410,3265,15.78543734550476,944,882.7499999999911,898,898,False,death,0,0,0,0,0,0,28.345959595959595,0.9351165254237194,34.9710807800293,34.9710807800293,429,514
2026-03-28T16:00:57.505672,3266,18.619634866714478,1117,1102.7999999999838,1123,1123,False,death,0,0,0,0,0,0,35.448232323232325,0.9872873769024026,34.1784553527832,34.1784553527832,507,609
2026-03-28T16:01:25.586372,3267,24.902302265167236,1492,1398.299999999983,1409,1409,False,death,0,0,0,0,0,0,44.4760101010101,0.9371983914209001,34.63050842285156,34.63050842285156,678,813
2026-03-28T16:01:29.712172,3268,3.353313446044922,197,270.7500000000002,305,305,False,death,0,0,0,0,0,0,9.627525252525253,1.3743654822335036,36.127681732177734,36.127681732177734,89,107
2026-03-28T16:01:45.020136,3269,13.170405864715576,788,1117.3999999999864,1135,1135,False,death,0,0,0,0,0,0,35.82702020202021,1.4180203045685107,34.728641510009766,34.728641510009766,357,430
2026-03-28T16:01:49.665031,3270,3.755272388458252,225,279.7500000000004,315,315,False,death,0,0,0,0,0,0,9.943181818181818,1.2433333333333352,35.50372314453125,35.50372314453125,102,122
2026-03-28T16:01:53.477735,3271,3.0093932151794434,177,272.65000000000015,307,307,False,death,0,0,0,0,0,0,9.690656565656566,1.5403954802259896,36.23514175415039,36.23514175415039,80,96
2026-03-28T16:01:58.535773,3272,4.257405519485474,254,252.4000000000003,287,287,False,death,0,0,0,0,0,0,9.059343434343434,0.993700787401576,36.05290985107422,36.05290985107422,115,138
2026-03-28T16:02:02.552738,3273,3.2312633991241455,189,270.9000000000003,306,306,False,death,0,0,0,0,0,0,9.659090909090908,1.4333333333333351,36.45970153808594,36.45970153808594,85,103
2026-03-28T16:02:22.565078,3274,17.552515983581543,1050,841.3999999999936,867,867,False,death,0,0,0,0,0,0,27.367424242424242,0.8013333333333272,35.129486083984375,35.129486083984375,476,573
2026-03-28T16:02:27.292730,3275,3.880141258239746,230,262.5000000000006,297,297,False,death,0,0,0,0,0,0,9.375,1.1413043478260896,36.738407135009766,36.738407135009766,104,125
2026-03-28T16:02:31.924562,3276,3.831848621368408,229,272.0500000000001,307,307,False,death,0,0,0,0,0,0,9.690656565656566,1.1879912663755463,35.416595458984375,35.416595458984375,103,125
2026-03-28T16:02:40.215765,3277,7.28708553314209,436,678.4499999999974,702,702,False,death,0,0,0,0,0,0,22.15909090909091,1.5560779816513703,35.116050720214844,35.116050720214844,197,238
2026-03-28T16:02:49.661684,3278,8.348770141601562,496,667.2499999999991,694,694,False,death,0,0,0,0,0,0,21.906565656565657,1.3452620967741917,35.398399353027344,35.398399353027344,225,270
2026-03-28T16:02:59.267558,3279,8.512027502059937,509,658.4500000000002,688,688,False,death,0,0,0,0,0,0,21.71717171717172,1.2936149312377214,35.328365325927734,35.328365325927734,231,277
2026-03-28T16:03:21.962698,3280,19.918668508529663,1194,1100.9499999999841,1126,1126,False,death,0,0,0,0,0,0,35.542929292929294,0.9220686767169046,36.66927719116211,36.66927719116211,541,652
2026-03-28T16:03:26.066364,3281,3.306699514389038,197,275.6500000000005,311,311,False,death,0,0,0,0,0,0,9.816919191919192,1.3992385786802055,34.5390739440918,34.5390739440918,89,107
2026-03-28T16:03:34.845144,3282,7.771825313568115,461,656.7999999999997,687,687,False,death,0,0,0,0,0,0,21.685606060606062,1.424728850325379,35.72251892089844,35.72251892089844,209,251
2026-03-28T16:03:50.893142,3283,13.840157508850098,826,694.7999999999956,723,723,False,death,0,0,0,0,0,0,22.821969696969695,0.8411622276029003,34.780818939208984,34.780818939208984,374,451
2026-03-28T16:04:18.713425,3284,24.620601892471313,1478,1397.0999999999772,1401,1401,False,death,0,0,0,0,0,0,44.22348484848485,0.9452638700947071,36.74742126464844,36.74742126464844,669,808
2026-03-28T16:04:46.491192,3285,24.655224561691284,1481,845.5499999999868,898,898,False,death,0,0,0,0,0,0,28.345959595959595,0.5709318028359127,36.48152160644531,36.48152160644531,671,809
2026-03-28T16:05:03.714531,3286,15.022206544876099,896,1109.7499999999884,1123,1123,False,death,0,0,0,0,0,0,35.448232323232325,1.23856026785713,35.233585357666016,35.233585357666016,405,490
2026-03-28T16:05:08.814651,3287,4.186690330505371,249,260.85000000000053,295,295,False,death,0,0,0,0,0,0,9.311868686868687,1.0475903614457853,35.8790283203125,35.8790283203125,112,136
2026-03-28T16:05:24.619815,3288,13.757433891296387,823,876.6999999999919,899,899,False,death,0,0,0,0,0,0,28.377525252525253,1.0652490886998687,35.2467041015625,35.2467041015625,372,450
2026-03-28T16:05:53.498676,3289,25.479887008666992,1533,2013.5999999999704,2011,2011,False,death,0,0,0,0,0,0,63.47853535353535,1.3135029354207244,35.6169548034668,35.6169548034668,693,839
2026-03-28T16:06:10.457656,3290,14.692698955535889,882,1411.1999999999834,1421,1421,False,death,0,0,0,0,0,0,44.85479797979798,1.5999999999999812,37.649620056152344,37.649620056152344,398,483
2026-03-28T16:06:28.798593,3291,15.999591588973999,960,1116.1999999999907,1135,1135,False,death,0,0,0,0,0,0,35.82702020202021,1.1627083333333237,35.76903533935547,35.76903533935547,433,526
2026-03-28T16:06:33.437215,3292,3.8382890224456787,228,267.9000000000005,301,301,False,death,0,0,0,0,0,0,9.501262626262626,1.175000000000002,35.74602508544922,35.74602508544922,103,124
2026-03-28T16:06:43.043314,3293,8.594093799591064,512,666.1999999999997,692,692,False,death,0,0,0,0,0,0,21.843434343434343,1.3011718749999994,36.20033264160156,36.20033264160156,231,280
2026-03-28T16:07:07.831131,3294,21.89950680732727,1312,1405.5999999999806,1428,1428,False,death,0,0,0,0,0,0,45.07575757575758,1.0713414634146194,36.90264892578125,36.90264892578125,592,719
2026-03-28T16:07:24.446200,3295,14.33420705795288,859,873.7999999999938,898,898,False,death,0,0,0,0,0,0,28.345959595959595,1.0172293364377112,35.411109924316406,35.411109924316406,387,471
2026-03-28T16:07:40.272400,3296,13.676458835601807,818,1400.3999999999871,1413,1413,False,death,0,0,0,0,0,0,44.60227272727273,1.7119804400977838,36.23607635498047,36.23607635498047,369,448
2026-03-28T16:07:52.042435,3297,10.632901668548584,637,658.2499999999991,684,684,False,death,0,0,0,0,0,0,21.59090909090909,1.0333594976452105,37.27389144897461,37.27389144897461,287,349
2026-03-28T16:08:11.654057,3298,17.0787250995636,1020,806.3499999999893,843,843,False,death,0,0,0,0,0,0,26.609848484848484,0.7905392156862641,35.71084213256836,35.71084213256836,460,559
2026-03-28T16:08:19.541046,3299,6.980591297149658,415,666.7499999999995,692,692,False,death,0,0,0,0,0,0,21.843434343434343,1.6066265060240952,35.77815628051758,35.77815628051758,187,227
2026-03-28T16:08:45.314084,3300,22.74215579032898,1364,1212.5999999999808,1247,1247,False,death,0,0,0,0,0,0,39.36237373737374,0.8890029325513056,35.56669235229492,35.56669235229492,614,749
2026-03-28T16:08:49.573333,3301,3.419766426086426,203,276.3000000000001,312,312,False,death,0,0,0,0,0,0,9.848484848484848,1.361083743842365,36.22362518310547,36.22362518310547,91,111
2026-03-28T16:08:53.130841,3302,2.7633252143859863,167,278.2500000000006,314,314,False,death,0,0,0,0,0,0,9.91161616161616,1.6661676646706625,37.51426696777344,37.51426696777344,75,91
2026-03-28T16:08:57.976240,3303,3.971727132797241,237,241.95000000000053,276,276,False,death,0,0,0,0,0,0,8.712121212121213,1.0208860759493694,35.62021255493164,35.62021255493164,106,130
2026-03-28T16:09:01.282973,3304,2.5707902908325195,153,275.5000000000005,311,311,False,death,0,0,0,0,0,0,9.816919191919192,1.8006535947712452,35.52079772949219,35.52079772949219,68,84
2026-03-28T16:09:05.564953,3305,3.4329164028167725,203,267.3000000000003,301,301,False,death,0,0,0,0,0,0,9.501262626262626,1.3167487684729078,37.866737365722656,37.866737365722656,91,111
2026-03-28T16:09:27.592855,3306,19.416534662246704,1166,1390.1499999999883,1406,1406,False,death,0,0,0,0,0,0,44.381313131313135,1.192238421955393,35.73686981201172,35.73686981201172,525,640
2026-03-28T16:09:31.762241,3307,3.344085693359375,200,259.8500000000005,294,294,False,death,0,0,0,0,0,0,9.280303030303031,1.2992500000000025,35.817596435546875,35.817596435546875,90,109
2026-03-28T16:09:46.775780,3308,13.727105140686035,825,688.2499999999961,723,723,False,death,0,0,0,0,0,0,22.821969696969695,0.8342424242424196,36.04514694213867,36.04514694213867,371,453
2026-03-28T16:09:55.299704,3309,7.467604160308838,445,654.3999999999991,683,683,False,death,0,0,0,0,0,0,21.559343434343432,1.470561797752807,35.30171203613281,35.30171203613281,200,244
2026-03-28T16:10:12.430338,3310,14.914001703262329,891,865.3499999999887,899,899,False,death,0,0,0,0,0,0,28.377525252525253,0.9712121212121084,34.924072265625,34.924072265625,401,489
2026-03-28T16:10:22.168652,3311,8.698523759841919,521,675.2499999999998,703,703,False,death,0,0,0,0,0,0,22.190656565656568,1.296065259117082,34.851646423339844,34.851646423339844,234,286
2026-03-28T16:10:25.725359,3312,2.794959783554077,166,268.9500000000005,306,306,False,death,0,0,0,0,0,0,9.659090909090908,1.6201807228915692,36.51408386230469,36.51408386230469,74,91
2026-03-28T16:10:49.927424,3313,21.343658208847046,1278,1402.5999999999788,1423,1423,False,death,0,0,0,0,0,0,44.917929292929294,1.0974960876369162,36.603607177734375,36.603607177734375,575,702
2026-03-28T16:10:57.448803,3314,6.515690326690674,387,248.90000000000038,283,283,False,death,0,0,0,0,0,0,8.933080808080808,0.6431524547803628,36.39838790893555,36.39838790893555,174,212
2026-03-28T16:11:07.528383,3315,8.991561889648438,541,685.0499999999978,710,710,False,death,0,0,0,0,0,0,22.411616161616163,1.2662661737523064,35.80465316772461,35.80465316772461,243,297
2026-03-28T16:11:12.030325,3316,3.660938024520874,215,259.5500000000005,294,294,False,death,0,0,0,0,0,0,9.280303030303031,1.2072093023255839,34.434471130371094,34.434471130371094,96,118
2026-03-28T16:11:31.826691,3317,17.308651447296143,1035,804.6499999999876,859,859,False,death,0,0,0,0,0,0,27.11489898989899,0.7774396135265581,36.47626495361328,36.47626495361328,465,569
2026-03-28T16:11:48.161195,3318,14.085893869400024,847,824.3499999999899,856,856,False,death,0,0,0,0,0,0,27.02020202020202,0.9732585596221841,37.121925354003906,37.121925354003906,380,466
2026-03-28T16:12:19.663704,3319,27.92781686782837,1674,1495.8499999999797,1513,1513,False,death,0,0,0,0,0,0,47.75883838383838,0.8935782556750177,36.055999755859375,36.055999755859375,752,921
2026-03-28T16:12:23.324331,3320,2.7081425189971924,157,275.2000000000006,312,312,False,death,0,0,0,0,0,0,9.848484848484848,1.7528662420382204,34.733055114746094,34.733055114746094,70,86
2026-03-28T16:12:41.883052,3321,17.208976984024048,1030,665.8999999999901,724,724,False,stuck_timeout,0,0,0,0,0,0,22.853535353535353,0.6465048543689225,37.66474151611328,37.66474151611328,462,567
2026-03-28T16:12:57.340403,3322,14.088639259338379,845,625.9499999999965,656,656,False,death,0,0,0,0,0,0,20.707070707070706,0.7407692307692266,36.61564636230469,36.61564636230469,379,465
2026-03-28T16:13:14.227285,3323,15.565404176712036,935,776.6999999999919,804,804,False,death,0,0,0,0,0,0,25.37878787878788,0.8306951871657667,36.60424041748047,36.60424041748047,420,514
2026-03-28T16:13:22.652217,3324,7.469906806945801,446,648.8999999999995,676,676,False,death,0,0,0,0,0,0,21.338383838383837,1.454932735426008,36.26383972167969,36.26383972167969,200,245
2026-03-28T16:13:26.693401,3325,3.2392773628234863,193,262.85000000000053,297,297,False,death,0,0,0,0,0,0,9.375,1.3619170984455986,35.14646530151367,35.14646530151367,86,106
2026-03-28T16:13:37.158192,3326,9.450939655303955,565,659.6999999999978,683,683,False,death,0,0,0,0,0,0,21.559343434343432,1.1676106194690226,36.571266174316406,36.571266174316406,253,311
2026-03-28T16:14:03.587262,3327,23.338388681411743,1396,1109.6499999999833,1134,1134,False,death,0,0,0,0,0,0,35.79545454545455,0.79487822349569,38.173614501953125,38.173614501953125,626,769
2026-03-28T16:14:12.005865,3328,7.4166741371154785,442,677.5999999999983,704,704,False,death,0,0,0,0,0,0,22.22222222222222,1.533031674208141,36.322303771972656,36.322303771972656,198,243
2026-03-28T16:14:30.381432,3329,16.041306734085083,962,1138.3499999999879,1151,1151,False,death,0,0,0,0,0,0,36.332070707070706,1.1833160083159957,37.35070037841797,37.35070037841797,431,530
2026-03-28T16:14:33.657546,3330,2.545011043548584,151,274.85000000000053,311,311,False,death,0,0,0,0,0,0,9.816919191919192,1.8201986754966923,36.243446350097656,36.243446350097656,67,83
2026-03-28T16:14:52.520851,3331,16.485219955444336,984,1103.2499999999875,1126,1126,False,death,0,0,0,0,0,0,35.542929292929294,1.1211890243902312,37.236183166503906,37.236183166503906,441,542
2026-03-28T16:15:22.438106,3332,26.481990337371826,1589,2015.099999999969,2015,2015,False,death,0,0,0,0,0,0,63.60479797979798,1.2681560730018684,35.99036407470703,35.99036407470703,712,876
2026-03-28T16:15:36.034722,3333,12.350327968597412,740,671.2999999999922,724,724,False,stuck_timeout,0,0,0,0,0,0,22.853535353535353,0.9071621621621516,37.25581359863281,37.25581359863281,331,408
2026-03-28T16:16:07.000966,3334,27.53065037727356,1649,802.9999999999828,923,923,False,stuck_timeout,0,0,0,0,0,0,29.13510101010101,0.4869617950272789,36.632408142089844,36.632408142089844,738,910
2026-03-28T16:16:44.734654,3335,35.63262748718262,2137,612.5999999999655,723,723,False,stuck_timeout,0,0,0,0,0,0,22.821969696969695,0.28666354702852853,34.017578125,34.017578125,957,1179
2026-03-28T16:17:05.243034,3336,19.031607389450073,1138,662.0999999999859,723,723,False,stuck_timeout,0,0,0,0,0,0,22.821969696969695,0.5818101933216046,37.056182861328125,37.056182861328125,509,628
2026-03-28T16:17:27.478816,3337,19.486079931259155,1170,1395.549999999985,1409,1409,False,death,0,0,0,0,0,0,44.4760101010101,1.1927777777777648,36.366607666015625,36.366607666015625,524,645
2026-03-28T16:17:47.173738,3338,17.030158519744873,1021,855.1499999999858,899,899,False,stuck_timeout,0,0,0,0,0,0,28.377525252525253,0.8375612144955786,36.81866455078125,36.81866455078125,457,563
2026-03-28T16:18:25.692905,3339,34.246296405792236,2055,2008.3499999999672,2007,2007,False,death,0,0,0,0,0,0,63.35227272727273,0.9772992700729767,37.27307891845703,37.27307891845703,919,1135
2026-03-28T16:18:44.595061,3340,16.556588411331177,993,1109.0999999999874,1124,1124,False,death,0,0,0,0,0,0,35.47979797979798,1.1169184290030085,35.88010787963867,35.88010787963867,444,548
2026-03-28T16:19:00.752405,3341,14.017891645431519,839,834.3999999999918,853,853,False,death,0,0,0,0,0,0,26.92550505050505,0.9945172824791321,36.85594177246094,36.85594177246094,375,463
2026-03-28T16:19:04.347858,3342,2.8025310039520264,169,273.20000000000016,309,309,False,death,0,0,0,0,0,0,9.753787878787879,1.616568047337279,36.82437515258789,36.82437515258789,75,93
2026-03-28T16:19:09.014943,3343,3.8821680545806885,231,274.8500000000004,309,309,False,death,0,0,0,0,0,0,9.753787878787879,1.1898268398268417,37.37367248535156,37.37367248535156,103,127
2026-03-28T16:19:37.878351,3344,25.687110900878906,1538,1085.29999999998,1125,1125,False,death,0,0,0,0,0,0,35.51136363636363,0.7056566970090897,37.03363800048828,37.03363800048828,687,850
2026-03-28T16:19:55.670287,3345,15.57730770111084,932,1094.9499999999866,1122,1122,False,death,0,0,0,0,0,0,35.41666666666667,1.174839055793977,37.87434768676758,37.87434768676758,416,515
2026-03-28T16:20:17.333936,3346,19.013556241989136,1138,1115.9999999999832,1133,1133,False,death,0,0,0,0,0,0,35.76388888888889,0.9806678383128148,35.84968185424805,35.84968185424805,507,630
2026-03-28T16:20:22.967929,3347,4.690279722213745,277,217.95000000000053,257,257,False,death,0,0,0,0,0,0,8.112373737373737,0.7868231046931426,36.47496795654297,36.47496795654297,123,153
2026-03-28T16:20:29.269028,3348,5.418365955352783,322,238.70000000000064,271,271,False,death,0,0,0,0,0,0,8.554292929292929,0.741304347826089,37.45734786987305,37.45734786987305,143,178
2026-03-28T16:20:50.306762,3349,18.499563455581665,1109,1508.8999999999844,1520,1520,False,death,0,0,0,0,0,0,47.97979797979798,1.3605951307484079,38.22901916503906,38.22901916503906,494,614
2026-03-28T16:21:17.054129,3350,23.597801208496094,1417,871.0499999999874,898,898,False,death,0,0,0,0,0,0,28.345959595959595,0.6147141848976623,36.75016403198242,36.75016403198242,631,785
2026-03-28T16:21:21.047807,3351,3.2132887840270996,190,269.00000000000034,304,304,False,death,0,0,0,0,0,0,9.595959595959595,1.4157894736842123,37.29344940185547,37.29344940185547,84,105
2026-03-28T16:21:31.177215,3352,9.095689296722412,542,685.1499999999991,709,709,False,death,0,0,0,0,0,0,22.380050505050505,1.2641143911439097,36.9271240234375,36.9271240234375,241,300
2026-03-28T16:21:36.792810,3353,4.778938055038452,285,264.8500000000004,299,299,False,death,0,0,0,0,0,0,9.438131313131313,0.9292982456140365,37.14952087402344,37.14952087402344,127,157
2026-03-28T16:21:40.798516,3354,3.22640323638916,189,276.8500000000004,311,311,False,death,0,0,0,0,0,0,9.816919191919192,1.464814814814817,37.028282165527344,37.028282165527344,84,104
2026-03-28T16:21:54.912233,3355,12.86322021484375,768,672.1499999999922,723,723,False,stuck_timeout,0,0,0,0,0,0,22.821969696969695,0.8751953124999899,35.41914367675781,35.41914367675781,342,425
2026-03-28T16:21:59.151466,3356,3.459479808807373,206,261.90000000000026,297,297,False,death,0,0,0,0,0,0,9.375,1.271359223300972,37.0908203125,37.0908203125,91,114
2026-03-28T16:22:02.724877,3357,2.8155441284179688,167,277.4500000000005,312,312,False,death,0,0,0,0,0,0,9.848484848484848,1.661377245508985,36.43247985839844,36.43247985839844,74,92
2026-03-28T16:22:06.303128,3358,2.8133978843688965,165,276.70000000000016,312,312,False,death,0,0,0,0,0,0,9.848484848484848,1.6769696969696979,35.99712371826172,35.99712371826172,73,91
2026-03-28T16:22:21.584139,3359,14.076164245605469,838,668.8499999999883,723,723,False,stuck_timeout,0,0,0,0,0,0,22.821969696969695,0.7981503579952128,36.90131378173828,36.90131378173828,373,464
2026-03-28T16:22:32.745238,3360,9.499621152877808,570,652.6499999999979,679,679,False,death,0,0,0,0,0,0,21.43308080808081,1.1449999999999965,37.212764739990234,37.212764739990234,254,315
2026-03-28T16:22:37.474164,3361,3.843736410140991,224,265.0000000000003,299,299,False,death,0,0,0,0,0,0,9.438131313131313,1.1830357142857155,36.387451171875,36.387451171875,99,124
2026-03-28T16:22:41.285188,3362,3.0016775131225586,176,268.6500000000007,302,302,False,death,0,0,0,0,0,0,9.532828282828284,1.5264204545454587,36.590179443359375,36.590179443359375,78,97
2026-03-28T16:23:03.164223,3363,19.27954077720642,1157,830.0999999999876,898,898,False,death,0,0,0,0,0,0,28.345959595959595,0.7174589455488225,37.45941162109375,37.45941162109375,515,641
2026-03-28T16:23:08.542962,3364,4.470412969589233,269,244.95000000000056,278,278,False,death,0,0,0,0,0,0,8.775252525252524,0.9105947955390356,37.862274169921875,37.862274169921875,119,149
2026-03-28T16:23:17.897447,3365,8.259864091873169,493,684.6499999999979,706,706,False,death,0,0,0,0,0,0,22.285353535353536,1.3887423935091237,37.27732849121094,37.27732849121094,219,273
2026-03-28T16:23:23.593751,3366,4.829939842224121,290,255.8500000000001,290,290,False,death,0,0,0,0,0,0,9.154040404040405,0.8822413793103452,36.79438400268555,36.79438400268555,129,160
2026-03-28T16:23:27.625677,3367,3.192582130432129,192,267.4000000000005,301,301,False,death,0,0,0,0,0,0,9.501262626262626,1.3927083333333359,38.41694259643555,38.41694259643555,85,106
2026-03-28T16:23:31.889726,3368,3.4170351028442383,200,265.3000000000004,299,299,False,death,0,0,0,0,0,0,9.438131313131313,1.326500000000002,37.06395721435547,37.06395721435547,89,110
2026-03-28T16:23:35.895178,3369,3.23152494430542,193,264.5500000000006,297,297,False,death,0,0,0,0,0,0,9.375,1.3707253886010393,36.66728210449219,36.66728210449219,85,107
2026-03-28T16:23:40.696703,3370,3.9449753761291504,235,257.85000000000076,291,291,False,death,0,0,0,0,0,0,9.18560606060606,1.0972340425531948,36.980186462402344,36.980186462402344,104,130
2026-03-28T16:23:49.868370,3371,8.108075618743896,488,653.9999999999984,678,678,False,death,0,0,0,0,0,0,21.401515151515152,1.3401639344262262,36.6678466796875,36.6678466796875,217,270
2026-03-28T16:24:28.133437,3372,34.13292860984802,2042,1059.999999999971,1126,1126,False,death,0,0,0,0,0,0,35.542929292929294,0.5190989226248633,36.792236328125,36.792236328125,909,1132
2026-03-28T16:24:33.084317,3373,4.0865514278411865,242,247.65000000000063,281,281,False,death,0,0,0,0,0,0,8.869949494949495,1.0233471074380192,37.04984664916992,37.04984664916992,107,134
2026-03-28T16:24:55.337267,3374,19.687927961349487,1177,848.7499999999849,899,899,False,stuck_timeout,0,0,0,0,0,0,28.377525252525253,0.7211129991503695,37.57518768310547,37.57518768310547,523,653
2026-03-28T16:24:59.783611,3375,3.616471767425537,215,268.05000000000024,303,303,False,death,0,0,0,0,0,0,9.56439393939394,1.2467441860465127,36.77123260498047,36.77123260498047,95,119
2026-03-28T16:25:15.498953,3376,14.455103874206543,862,696.649999999995,722,722,False,death,0,0,0,0,0,0,22.79040404040404,0.8081786542923376,37.02176284790039,37.02176284790039,383,478
2026-03-28T16:25:20.456445,3377,4.065445423126221,241,271.6000000000005,306,306,False,death,0,0,0,0,0,0,9.659090909090908,1.1269709543568485,37.072509765625,37.072509765625,107,133
2026-03-28T16:25:40.975128,3378,17.992464303970337,1074,844.5499999999881,882,882,False,death,0,0,0,0,0,0,27.84090909090909,0.7863594040968233,36.72978210449219,36.72978210449219,477,596
2026-03-28T16:25:55.253052,3379,13.036235570907593,783,797.4999999999932,826,826,False,death,0,0,0,0,0,0,26.073232323232325,1.0185185185185097,36.36931610107422,36.36931610107422,348,434
2026-03-28T16:26:10.174644,3380,12.847401142120361,765,1119.5999999999894,1136,1136,False,death,0,0,0,0,0,0,35.858585858585855,1.4635294117646922,37.45682907104492,37.45682907104492,340,424
2026-03-28T16:26:22.163290,3381,10.91642141342163,653,678.6499999999975,699,699,False,death,0,0,0,0,0,0,22.064393939393938,1.039280245022967,37.02416229248047,37.02416229248047,290,362
2026-03-28T16:26:34.123716,3382,10.788107872009277,640,674.5999999999981,698,698,False,death,0,0,0,0,0,0,22.03282828282828,1.054062499999997,35.93010711669922,35.93010711669922,284,355
2026-03-28T16:26:43.238754,3383,8.068979263305664,483,676.4499999999974,700,700,False,death,0,0,0,0,0,0,22.095959595959595,1.40051759834368,35.611663818359375,35.611663818359375,214,268
2026-03-28T16:26:56.442229,3384,11.984523057937622,716,544.4499999999953,596,596,False,stuck_timeout,0,0,0,0,0,0,18.81313131313131,0.7604050279329543,35.90486145019531,35.90486145019531,318,397
2026-03-28T16:27:01.703607,3385,4.435347080230713,267,267.7500000000005,302,302,False,death,0,0,0,0,0,0,9.532828282828284,1.0028089887640468,37.46104049682617,37.46104049682617,118,148
2026-03-28T16:27:05.259715,3386,2.7844693660736084,164,277.7500000000004,314,314,False,death,0,0,0,0,0,0,9.91161616161616,1.6935975609756122,38.89397048950195,38.89397048950195,72,91
2026-03-28T16:27:09.884895,3387,3.844370126724243,229,242.75000000000017,277,277,False,death,0,0,0,0,0,0,8.743686868686869,1.0600436681222716,36.6593017578125,36.6593017578125,101,127
2026-03-28T16:27:36.400915,3388,23.332544088363647,1398,1405.4999999999786,1409,1409,False,death,0,0,0,0,0,0,44.4760101010101,1.0053648068669374,36.567623138427734,36.567623138427734,621,776
2026-03-28T16:27:47.131618,3389,9.598064184188843,570,669.0999999999974,694,694,False,death,0,0,0,0,0,0,21.906565656565657,1.1738596491228024,36.06500244140625,36.06500244140625,253,316
2026-03-28T16:28:01.648999,3390,13.298697710037231,799,672.5499999999903,725,725,False,stuck_timeout,0,0,0,0,0,0,22.88510101010101,0.8417396745932294,36.63330078125,36.63330078125,355,443
2026-03-28T16:28:05.217506,3391,2.8020899295806885,169,275.5000000000003,311,311,False,death,0,0,0,0,0,0,9.816919191919192,1.6301775147929012,39.107967376708984,39.107967376708984,75,93
2026-03-28T16:28:14.168942,3392,7.8564019203186035,471,654.8999999999992,682,682,False,death,0,0,0,0,0,0,21.52777777777778,1.3904458598726097,36.87042999267578,36.87042999267578,209,261
2026-03-28T16:28:27.404906,3393,12.072964191436768,721,643.5499999999978,672,672,False,death,0,0,0,0,0,0,21.21212121212121,0.8925797503467375,38.10706329345703,38.10706329345703,320,400
2026-03-28T16:28:31.828370,3394,3.596738576889038,211,260.6500000000006,293,293,False,death,0,0,0,0,0,0,9.248737373737374,1.2353080568720407,36.57353210449219,36.57353210449219,93,117
2026-03-28T16:28:36.011227,3395,3.3927736282348633,201,271.45000000000056,306,306,False,death,0,0,0,0,0,0,9.659090909090908,1.3504975124378138,38.65611267089844,38.65611267089844,89,111
2026-03-28T16:28:48.718862,3396,11.564653158187866,693,790.9499999999945,814,814,False,death,0,0,0,0,0,0,25.694444444444443,1.1413419913419833,37.97026824951172,37.97026824951172,307,385
2026-03-28T16:29:17.566076,3397,25.53277587890625,1531,1377.199999999975,1411,1411,False,death,0,0,0,0,0,0,44.53914141414141,0.8995427824950849,36.54281234741211,36.54281234741211,679,851
2026-03-28T16:29:27.851498,3398,9.232237815856934,553,670.4499999999981,694,694,False,death,0,0,0,0,0,0,21.906565656565657,1.2123869801084957,37.14552307128906,37.14552307128906,245,307
2026-03-28T16:29:48.316095,3399,18.000776052474976,1077,1387.8499999999804,1409,1409,False,death,0,0,0,0,0,0,44.4760101010101,1.2886258124419503,36.74253463745117,36.74253463745117,478,598
2026-03-28T16:30:09.122717,3400,18.224619388580322,1090,1093.7499999999861,1133,1133,False,death,0,0,0,0,0,0,35.76388888888889,1.0034403669724643,36.77511215209961,36.77511215209961,483,606
2026-03-28T16:30:12.430475,3401,2.588740348815918,154,272.1500000000003,309,309,False,death,0,0,0,0,0,0,9.753787878787879,1.7672077922077942,36.77263259887695,36.77263259887695,68,85
2026-03-28T16:30:49.602646,3402,33.18076491355896,1992,1075.9499999999794,1127,1127,False,death,0,0,0,0,0,0,35.57449494949495,0.5401355421686643,36.01864242553711,36.01864242553711,883,1108
2026-03-28T16:30:53.976979,3403,3.554152011871338,210,253.10000000000045,286,286,False,death,0,0,0,0,0,0,9.027777777777777,1.2052380952380974,37.817710876464844,37.817710876464844,93,116
2026-03-28T16:31:04.000754,3404,8.982094526290894,535,681.8999999999986,707,707,False,death,0,0,0,0,0,0,22.31691919191919,1.2745794392523337,36.253822326660156,36.253822326660156,237,297
2026-03-28T16:31:23.319306,3405,17.892160177230835,1071,768.1499999999912,810,810,False,death,0,0,0,0,0,0,25.568181818181817,0.7172268907562943,37.15850067138672,37.15850067138672,474,596
2026-03-28T16:31:31.908078,3406,7.5130839347839355,449,682.1999999999995,709,709,False,death,0,0,0,0,0,0,22.380050505050505,1.5193763919821814,38.7420768737793,38.7420768737793,199,249
2026-03-28T16:31:46.374728,3407,13.273216009140015,795,679.6499999999937,724,724,False,death,0,0,0,0,0,0,22.853535353535353,0.8549056603773506,36.28791809082031,36.28791809082031,352,442
2026-03-28T16:31:50.870626,3408,3.662688732147217,220,275.70000000000033,311,311,False,death,0,0,0,0,0,0,9.816919191919192,1.2531818181818197,37.29357147216797,37.29357147216797,97,122
2026-03-28T16:31:55.725653,3409,3.961348533630371,237,259.7000000000006,293,293,False,death,0,0,0,0,0,0,9.248737373737374,1.0957805907173022,38.321006774902344,38.321006774902344,105,131
2026-03-28T16:31:59.432357,3410,2.919273614883423,171,270.1000000000003,305,305,False,death,0,0,0,0,0,0,9.627525252525253,1.5795321637426918,38.275001525878906,38.275001525878906,75,95
2026-03-28T16:32:06.275959,3411,5.9516472816467285,356,655.0999999999992,683,683,False,death,0,0,0,0,0,0,21.559343434343432,1.8401685393258405,36.222679138183594,36.222679138183594,157,198
2026-03-28T16:32:17.839818,3412,10.446690559387207,621,660.7999999999997,686,686,False,death,0,0,0,0,0,0,21.654040404040405,1.064090177133655,37.80656433105469,37.80656433105469,275,345
2026-03-28T16:32:21.951076,3413,3.317150831222534,197,258.1000000000003,294,294,False,death,0,0,0,0,0,0,9.280303030303031,1.310152284263961,36.758846282958984,36.758846282958984,87,109
2026-03-28T16:32:48.084739,3414,23.13692831993103,1389,798.0999999999813,916,916,False,stuck_timeout,0,0,0,0,0,0,28.914141414141415,0.5745860331173371,37.34355545043945,37.34355545043945,615,773
2026-03-28T16:33:03.599018,3415,14.284832954406738,854,695.4499999999961,722,722,False,death,0,0,0,0,0,0,22.79040404040404,0.8143442622950774,37.01337432861328,37.01337432861328,378,475
2026-03-28T16:33:35.729288,3416,28.517117023468018,1713,1072.6499999999735,1128,1128,False,death,0,0,0,0,0,0,35.60606060606061,0.6261821366024364,38.14630889892578,38.14630889892578,758,954
2026-03-28T16:33:39.298987,3417,2.796914577484131,167,271.0500000000002,308,308,False,death,0,0,0,0,0,0,9.722222222222223,1.62305389221557,37.56413269042969,37.56413269042969,73,93
2026-03-28T16:33:43.331364,3418,3.2570276260375977,193,270.1000000000006,304,304,False,death,0,0,0,0,0,0,9.595959595959595,1.3994818652849772,37.46658706665039,37.46658706665039,85,107
2026-03-28T16:34:07.020387,3419,20.81407356262207,1246,1094.9499999999853,1126,1126,False,death,0,0,0,0,0,0,35.542929292929294,0.8787720706259914,37.191612243652344,37.191612243652344,551,694
2026-03-28T16:34:16.194318,3420,7.670888662338257,461,654.9999999999992,686,686,False,death,0,0,0,0,0,0,21.654040404040405,1.4208242950108443,38.43913269042969,38.43913269042969,204,256
2026-03-28T16:34:32.773271,3421,14.381389379501343,863,868.5999999999902,899,899,False,death,0,0,0,0,0,0,28.377525252525253,1.0064889918887487,37.33312225341797,37.33312225341797,381,481
2026-03-28T16:34:37.457364,3422,3.7886171340942383,226,263.0500000000006,296,296,False,death,0,0,0,0,0,0,9.343434343434344,1.1639380530973478,36.85197448730469,36.85197448730469,99,126
2026-03-28T16:34:57.184993,3423,17.261584997177124,1033,820.4499999999884,860,860,False,death,0,0,0,0,0,0,27.146464646464647,0.7942400774443257,38.02479553222656,38.02479553222656,456,576
2026-03-28T16:35:09.373817,3424,11.053137302398682,657,802.2999999999934,838,838,False,death,0,0,0,0,0,0,26.452020202020204,1.2211567732115576,36.67106246948242,36.67106246948242,290,366
2026-03-28T16:35:34.702539,3425,22.396002531051636,1339,1415.4999999999811,1423,1423,False,death,0,0,0,0,0,0,44.917929292929294,1.0571321882001352,36.462345123291016,36.462345123291016,591,747
2026-03-28T16:35:45.104701,3426,9.26133108139038,555,662.4999999999962,690,690,False,death,0,0,0,0,0,0,21.78030303030303,1.1936936936936868,37.13166809082031,37.13166809082031,245,309
2026-03-28T16:35:49.263366,3427,3.337599039077759,197,272.25000000000045,308,308,False,death,0,0,0,0,0,0,9.722222222222223,1.3819796954314745,36.74434280395508,36.74434280395508,87,109
2026-03-28T16:35:54.078719,3428,3.929947853088379,231,268.9500000000005,302,302,False,death,0,0,0,0,0,0,9.532828282828284,1.1642857142857164,38.5509033203125,38.5509033203125,102,128
2026-03-28T16:36:21.367397,3429,25.47376775741577,1527,740.0499999999702,830,830,False,death,0,0,0,0,0,0,26.19949494949495,0.48464309102814024,36.59149169921875,36.59149169921875,674,852
2026-03-28T16:36:45.905525,3430,21.656705141067505,1298,1092.5999999999838,1123,1123,False,death,0,0,0,0,0,0,35.448232323232325,0.8417565485361971,38.14766311645508,38.14766311645508,573,724
2026-03-28T16:36:53.141942,3431,6.234526634216309,374,666.6999999999991,693,693,False,death,0,0,0,0,0,0,21.875,1.7826203208556126,39.098976135253906,39.098976135253906,165,208
2026-03-28T16:37:20.883234,3432,24.520594835281372,1469,1637.0999999999738,1662,1662,False,death,0,0,0,0,0,0,52.46212121212122,1.114431586112984,38.504180908203125,38.504180908203125,648,820
2026-03-28T16:37:25.008220,3433,3.300405740737915,198,267.70000000000056,302,302,False,death,0,0,0,0,0,0,9.532828282828284,1.3520202020202048,38.12074279785156,38.12074279785156,87,110
2026-03-28T16:37:42.339557,3434,15.092377662658691,903,879.0999999999923,898,898,False,death,0,0,0,0,0,0,28.345959595959595,0.9735326688814976,36.89079284667969,36.89079284667969,398,504
2026-03-28T16:37:49.761012,3435,6.449222803115845,384,693.3999999999984,722,722,False,death,0,0,0,0,0,0,22.79040404040404,1.8057291666666624,38.467369079589844,38.467369079589844,169,214
2026-03-28T16:37:54.643482,3436,4.043942928314209,236,230.70000000000041,266,266,False,death,0,0,0,0,0,0,8.396464646464647,0.9775423728813577,37.89406967163086,37.89406967163086,104,131
2026-03-28T16:38:04.622042,3437,8.884963035583496,532,637.9499999999981,663,663,False,death,0,0,0,0,0,0,20.928030303030305,1.1991541353383424,38.86232376098633,38.86232376098633,234,297
2026-03-28T16:38:27.355584,3438,19.93749213218689,1196,1108.499999999984,1135,1135,False,death,0,0,0,0,0,0,35.82702020202021,0.9268394648829298,37.611000061035156,37.611000061035156,527,668
2026-03-28T16:38:31.622401,3439,3.434887647628784,201,266.60000000000036,300,300,False,death,0,0,0,0,0,0,9.469696969696969,1.326368159203982,37.533267974853516,37.533267974853516,88,112
2026-03-28T16:38:48.924295,3440,15.163774013519287,910,808.0499999999955,829,829,False,death,0,0,0,0,0,0,26.167929292929294,0.8879670329670281,37.879150390625,37.879150390625,401,508
2026-03-28T16:39:17.340213,3441,25.127455472946167,1500,1393.09999999998,1426,1426,False,death,0,0,0,0,0,0,45.01262626262626,0.92873333333332,37.045650482177734,37.045650482177734,660,839
2026-03-28T16:39:34.459253,3442,14.921954154968262,892,868.7999999999894,899,899,False,death,0,0,0,0,0,0,28.377525252525253,0.9739910313901227,37.580448150634766,37.580448150634766,392,499
2026-03-28T16:40:05.292867,3443,27.43979287147522,1647,1098.2499999999825,1126,1126,False,death,0,0,0,0,0,0,35.542929292929294,0.6668184578020537,37.09457778930664,37.09457778930664,724,922
2026-03-28T16:40:23.594561,3444,16.05910348892212,963,853.1499999999882,899,899,False,stuck_timeout,0,0,0,0,0,0,28.377525252525253,0.8859293873312442,38.10755157470703,38.10755157470703,423,539
2026-03-28T16:40:27.414919,3445,3.035540819168091,179,269.3500000000004,305,305,False,death,0,0,0,0,0,0,9.627525252525253,1.5047486033519577,38.23500061035156,38.23500061035156,78,100
2026-03-28T16:40:36.571109,3446,8.053879737854004,478,668.9999999999998,695,695,False,death,0,0,0,0,0,0,21.93813131313131,1.3995815899581585,37.809444427490234,37.809444427490234,210,267
2026-03-28T16:41:01.480541,3447,21.89396572113037,1311,1103.499999999988,1123,1123,False,death,0,0,0,0,0,0,35.448232323232325,0.8417238749046437,37.66947937011719,37.66947937011719,576,734
2026-03-28T16:41:05.649215,3448,3.353703737258911,201,265.20000000000056,299,299,False,death,0,0,0,0,0,0,9.438131313131313,1.3194029850746296,37.06208038330078,37.06208038330078,88,112
2026-03-28T16:41:16.839442,3449,10.10781741142273,605,639.1999999999974,669,669,False,death,0,0,0,0,0,0,21.117424242424242,1.0565289256198305,36.87801742553711,36.87801742553711,266,338
2026-03-28T16:41:43.317251,3450,23.304433822631836,1396,1414.7499999999807,1423,1423,False,death,0,0,0,0,0,0,44.917929292929294,1.0134312320916767,37.892879486083984,37.892879486083984,613,782
2026-03-28T16:42:04.794461,3451,19.945658206939697,1193,829.4999999999894,866,866,False,death,0,0,0,0,0,0,27.335858585858585,0.6953059513830591,37.79057312011719,37.79057312011719,524,668
2026-03-28T16:42:34.325807,3452,26.150981664657593,1565,1480.6999999999748,1496,1496,False,death,0,0,0,0,0,0,47.22222222222222,0.9461341853034982,37.48015594482422,37.48015594482422,687,877
2026-03-28T16:43:01.161460,3453,23.784679889678955,1428,1401.7999999999806,1415,1415,False,death,0,0,0,0,0,0,44.66540404040404,0.9816526610644122,38.46778106689453,38.46778106689453,626,801
2026-03-28T16:43:11.402774,3454,9.175341844558716,549,652.9499999999996,679,679,False,death,0,0,0,0,0,0,21.43308080808081,1.1893442622950812,37.65285110473633,37.65285110473633,241,307
2026-03-28T16:43:30.098383,3455,17.273579597473145,1030,686.6999999999931,722,722,False,death,0,0,0,0,0,0,22.79040404040404,0.6666990291262069,38.58930587768555,38.58930587768555,452,577
2026-03-28T16:43:52.389765,3456,19.65793752670288,1177,860.4499999999846,899,899,False,stuck_timeout,0,0,0,0,0,0,28.377525252525253,0.731053525913326,38.143741607666016,38.143741607666016,516,660
2026-03-28T16:44:00.895444,3457,7.518361330032349,447,682.2499999999983,710,710,False,death,0,0,0,0,0,0,22.411616161616163,1.5262863534675577,39.15837860107422,39.15837860107422,196,250
2026-03-28T16:44:04.195293,3458,2.588287830352783,151,271.3500000000004,308,308,False,death,0,0,0,0,0,0,9.722222222222223,1.7970198675496716,37.36688232421875,37.36688232421875,66,84
2026-03-28T16:44:08.488947,3459,3.415480136871338,200,263.20000000000033,297,297,False,death,0,0,0,0,0,0,9.375,1.3160000000000016,37.4188232421875,37.4188232421875,87,112
2026-03-28T16:44:32.027822,3460,20.70104479789734,1243,1648.149999999976,1662,1662,False,death,0,0,0,0,0,0,52.46212121212122,1.3259452936443894,38.048641204833984,38.048641204833984,545,697
2026-03-28T16:44:35.909950,3461,3.117522954940796,187,271.9000000000004,307,307,False,death,0,0,0,0,0,0,9.690656565656566,1.4540106951871679,37.434051513671875,37.434051513671875,82,104
2026-03-28T16:45:03.981959,3462,24.863327026367188,1488,1181.5999999999779,1229,1229,False,death,0,0,0,0,0,0,38.79419191919192,0.7940860215053615,37.85893249511719,37.85893249511719,652,835
2026-03-28T16:45:18.906182,3463,13.636564254760742,819,811.4499999999944,833,833,False,death,0,0,0,0,0,0,26.294191919191917,0.9907814407814339,37.93122863769531,37.93122863769531,359,459
2026-03-28T16:45:22.778607,3464,3.095396041870117,186,272.60000000000014,307,307,False,death,0,0,0,0,0,0,9.690656565656566,1.465591397849463,38.388702392578125,38.388702392578125,81,104
2026-03-28T16:45:38.554981,3465,14.529975891113281,873,688.6999999999961,723,723,False,death,0,0,0,0,0,0,22.821969696969695,0.7888888888888844,36.950199127197266,36.950199127197266,382,490
2026-03-28T16:45:42.782487,3466,3.4169065952301025,200,276.5500000000002,312,312,False,death,0,0,0,0,0,0,9.848484848484848,1.3827500000000008,36.94995880126953,36.94995880126953,87,112
2026-03-28T16:46:06.019309,3467,20.27106022834778,1216,1410.94999999998,1422,1422,False,death,0,0,0,0,0,0,44.88636363636363,1.1603207236841941,37.56465148925781,37.56465148925781,532,683
2026-03-28T16:46:28.795380,3468,20.083248138427734,1202,1386.349999999981,1413,1413,False,death,0,0,0,0,0,0,44.60227272727273,1.1533693843593853,37.473506927490234,37.473506927490234,526,675
2026-03-28T16:46:50.747277,3469,19.307833194732666,1159,1206.6999999999844,1221,1221,False,death,0,0,0,0,0,0,38.54166666666667,1.0411561691112894,38.736751556396484,38.736751556396484,507,651
2026-03-28T16:47:12.235926,3470,18.959102392196655,1135,1115.2999999999847,1129,1129,False,death,0,0,0,0,0,0,35.63762626262626,0.9826431718061539,39.06458282470703,39.06458282470703,496,638
2026-03-28T16:47:44.143939,3471,28.27173924446106,1696,1103.7999999999809,1127,1127,False,death,0,0,0,0,0,0,35.57449494949495,0.6508254716981019,38.18812561035156,38.18812561035156,741,954
2026-03-28T16:48:08.821037,3472,21.760453939437866,1300,1099.7999999999795,1133,1133,False,death,0,0,0,0,0,0,35.76388888888889,0.8459999999999842,37.44395065307617,37.44395065307617,568,731
2026-03-28T16:48:56.217894,3473,42.46254849433899,2547,1015.4499999999588,1123,1123,False,death,0,0,0,0,0,0,35.448232323232325,0.39868472712994063,38.51051712036133,38.51051712036133,1112,1434
2026-03-28T16:49:11.281959,3474,13.844221115112305,830,682.4999999999933,724,724,False,death,0,0,0,0,0,0,22.853535353535353,0.8222891566264979,37.08614730834961,37.08614730834961,362,467
2026-03-28T16:49:15.154907,3475,3.0930118560791016,181,275.6000000000004,312,312,False,death,0,0,0,0,0,0,9.848484848484848,1.5226519337016597,37.84217071533203,37.84217071533203,79,101
2026-03-28T16:49:18.597429,3476,2.659292221069336,160,275.95000000000044,311,311,False,death,0,0,0,0,0,0,9.816919191919192,1.7246875000000028,39.259490966796875,39.259490966796875,69,90
2026-03-28T16:49:36.782586,3477,15.871812582015991,947,1104.3999999999844,1125,1125,False,death,0,0,0,0,0,0,35.51136363636363,1.1662090813093817,36.98109436035156,36.98109436035156,413,533
2026-03-28T16:49:47.864665,3478,9.979463577270508,597,681.9499999999982,705,705,False,death,0,0,0,0,0,0,22.25378787878788,1.1422948073701813,37.282371520996094,37.282371520996094,260,336
2026-03-28T16:49:53.238086,3479,4.44374680519104,263,242.9500000000002,277,277,False,death,0,0,0,0,0,0,8.743686868686869,0.9237642585551338,38.70128631591797,38.70128631591797,114,148
2026-03-28T16:50:10.668098,3480,15.14127516746521,906,537.949999999992,599,599,False,stuck_timeout,0,0,0,0,0,0,18.90782828282828,0.5937637969094834,38.30836486816406,38.30836486816406,395,510
2026-03-28T16:50:19.143699,3481,7.4383087158203125,447,663.7499999999991,691,691,False,death,0,0,0,0,0,0,21.81186868686869,1.4848993288590584,38.443782806396484,38.443782806396484,195,251
2026-03-28T16:50:29.458863,3482,9.260392904281616,550,657.9999999999989,682,682,False,death,0,0,0,0,0,0,21.52777777777778,1.1963636363636343,37.82048034667969,37.82048034667969,240,309
2026-03-28T16:50:39.597951,3483,9.055145740509033,542,663.0999999999992,691,691,False,death,0,0,0,0,0,0,21.81186868686869,1.2234317343173418,36.492130279541016,36.492130279541016,236,305
2026-03-28T16:50:55.042666,3484,14.201045274734497,849,838.5499999999895,867,867,False,death,0,0,0,0,0,0,27.367424242424242,0.9876914016489865,38.47571563720703,38.47571563720703,370,478
2026-03-28T16:51:16.049898,3485,19.55203628540039,1169,659.249999999986,723,723,False,stuck_timeout,0,0,0,0,0,0,22.821969696969695,0.5639435414884397,38.38825988769531,38.38825988769531,510,658
2026-03-28T16:51:30.898022,3486,12.894542217254639,775,1223.549999999986,1236,1236,False,death,0,0,0,0,0,0,39.015151515151516,1.5787741935483692,39.22730255126953,39.22730255126953,338,436
2026-03-28T16:51:40.583190,3487,8.570999145507812,515,674.2499999999984,698,698,False,death,0,0,0,0,0,0,22.03282828282828,1.3092233009708707,37.40476608276367,37.40476608276367,224,290
2026-03-28T16:51:49.600147,3488,8.04175877571106,480,653.5999999999985,680,680,False,death,0,0,0,0,0,0,21.464646464646464,1.3616666666666637,38.061317443847656,38.061317443847656,209,270
2026-03-28T16:52:11.175620,3489,19.02903914451599,1143,1403.0499999999822,1412,1412,False,death,0,0,0,0,0,0,44.57070707070707,1.2275153105861611,39.072792053222656,39.072792053222656,498,644
2026-03-28T16:52:21.177641,3490,8.866147518157959,527,674.1499999999983,699,699,False,death,0,0,0,0,0,0,22.064393939393938,1.279222011385196,38.77051544189453,38.77051544189453,229,297
2026-03-28T16:52:44.119512,3491,20.1933171749115,1209,1414.2499999999802,1425,1425,False,death,0,0,0,0,0,0,44.98106060606061,1.169768403639355,38.24374008178711,38.24374008178711,526,682
2026-03-28T16:52:47.750415,3492,2.8607594966888428,171,280.1000000000005,315,315,False,death,0,0,0,0,0,0,9.943181818181818,1.6380116959064355,37.79072570800781,37.79072570800781,74,96
2026-03-28T16:52:52.162228,3493,3.6424357891082764,213,263.80000000000047,297,297,False,death,0,0,0,0,0,0,9.375,1.2384976525821618,39.26462173461914,39.26462173461914,92,120
2026-03-28T16:53:08.392497,3494,14.109193801879883,841,872.0499999999934,899,899,False,death,0,0,0,0,0,0,28.377525252525253,1.0369203329369718,38.956260681152344,38.956260681152344,366,474
2026-03-28T16:53:17.974081,3495,8.583362102508545,510,678.6499999999987,708,708,False,death,0,0,0,0,0,0,22.348484848484848,1.3306862745098014,37.89080047607422,37.89080047607422,222,287
2026-03-28T16:53:30.926227,3496,11.816420555114746,707,675.2499999999942,722,722,False,death,0,0,0,0,0,0,22.79040404040404,0.9550919377651969,38.361026763916016,38.361026763916016,307,399
2026-03-28T16:53:34.802548,3497,3.105055332183838,186,269.85000000000036,304,304,False,death,0,0,0,0,0,0,9.595959595959595,1.4508064516129051,38.515682220458984,38.515682220458984,81,104
2026-03-28T16:53:40.008632,3498,4.371580123901367,259,267.74999999999983,306,306,False,death,0,0,0,0,0,0,9.659090909090908,1.033783783783783,38.34861755371094,38.34861755371094,112,146
2026-03-28T16:53:45.549650,3499,4.621686935424805,275,248.7000000000005,283,283,False,death,0,0,0,0,0,0,8.933080808080808,0.9043636363636381,39.0353889465332,39.0353889465332,119,155
2026-03-28T16:53:50.039609,3500,3.4148216247558594,202,263.8500000000005,297,297,False,death,0,0,0,0,0,0,9.375,1.3061881188118836,38.48624801635742,38.48624801635742,87,114
2026-03-28T16:53:59.545261,3501,8.509854793548584,510,648.1999999999975,680,680,False,death,0,0,0,0,0,0,21.464646464646464,1.2709803921568579,38.10549545288086,38.10549545288086,222,287
2026-03-28T16:54:08.514642,3502,7.8914103507995605,469,681.8999999999971,706,706,False,death,0,0,0,0,0,0,22.285353535353536,1.4539445628997807,38.301368713378906,38.301368713378906,204,264
2026-03-28T16:54:12.492703,3503,3.1991615295410156,187,264.45000000000056,298,298,False,death,0,0,0,0,0,0,9.406565656565656,1.4141711229946554,38.29844284057617,38.29844284057617,81,105
2026-03-28T16:54:17.532790,3504,4.147408723831177,247,271.5500000000004,305,305,False,death,0,0,0,0,0,0,9.627525252525253,1.0993927125506089,38.94212341308594,38.94212341308594,107,139
2026-03-28T16:54:35.484837,3505,16.585418939590454,989,675.7499999999909,723,723,False,stuck_timeout,0,0,0,0,0,0,22.821969696969695,0.6832659251769372,37.790077209472656,37.790077209472656,430,558
2026-03-28T16:55:06.417369,3506,27.55436372756958,1649,834.1999999999803,899,899,False,stuck_timeout,0,0,0,0,0,0,28.377525252525253,0.5058823529411645,39.193565368652344,39.193565368652344,717,931
2026-03-28T16:55:28.755607,3507,19.649165868759155,1176,1102.5999999999883,1124,1124,False,death,0,0,0,0,0,0,35.47979797979798,0.9375850340135955,38.871788024902344,38.871788024902344,511,664
2026-03-28T16:55:36.883126,3508,7.146418571472168,425,670.2499999999984,696,696,False,death,0,0,0,0,0,0,21.96969696969697,1.577058823529408,38.752037048339844,38.752037048339844,184,240
2026-03-28T16:55:56.142117,3509,16.79558038711548,1008,854.4999999999872,899,899,False,stuck_timeout,0,0,0,0,0,0,28.377525252525253,0.8477182539682412,38.61396408081055,38.61396408081055,438,569
2026-03-28T16:56:11.085082,3510,13.678460836410522,823,825.6999999999919,863,863,False,death,0,0,0,0,0,0,27.24116161616162,1.0032806804374141,38.83295822143555,38.83295822143555,357,465
2026-03-28T16:56:35.154712,3511,21.27518105506897,1276,1406.199999999977,1430,1430,False,death,0,0,0,0,0,0,45.13888888888889,1.102037617554841,38.38922882080078,38.38922882080078,554,721
2026-03-28T16:56:39.315869,3512,3.3796133995056152,199,268.6,305,305,False,death,0,0,0,0,0,0,9.627525252525253,1.349748743718593,37.929683685302734,37.929683685302734,86,112
2026-03-28T16:56:45.352598,3513,5.1375274658203125,307,648.5999999999988,679,679,False,death,0,0,0,0,0,0,21.43308080808081,2.112703583061885,39.02973937988281,39.02973937988281,133,173
2026-03-28T16:57:00.103472,3514,13.416263103485107,805,825.8999999999915,854,854,False,death,0,0,0,0,0,0,26.957070707070706,1.025962732919244,39.75664138793945,39.75664138793945,349,455
2026-03-28T16:57:08.842798,3515,7.6656880378723145,457,666.5499999999975,692,692,False,death,0,0,0,0,0,0,21.843434343434343,1.4585339168490097,39.74432373046875,39.74432373046875,198,258
2026-03-28T16:57:31.756288,3516,20.247469663619995,1211,1107.4499999999848,1126,1126,False,death,0,0,0,0,0,0,35.542929292929294,0.9144921552435877,37.882110595703125,37.882110595703125,525,685
2026-03-28T16:57:36.265475,3517,3.633430242538452,217,271.8500000000005,306,306,False,death,0,0,0,0,0,0,9.659090909090908,1.2527649769585276,37.12742614746094,37.12742614746094,94,122
2026-03-28T16:57:45.860468,3518,8.486445903778076,504,681.4499999999971,708,708,False,death,0,0,0,0,0,0,22.348484848484848,1.3520833333333275,39.45796203613281,39.45796203613281,218,285
2026-03-28T16:58:09.143560,3519,20.45416808128357,1225,798.399999999987,919,919,False,stuck_timeout,0,0,0,0,0,0,29.00883838383838,0.6517551020408058,38.41675567626953,38.41675567626953,531,693
2026-03-28T16:58:39.342076,3520,26.87396740913391,1611,1396.0499999999734,1418,1418,False,death,0,0,0,0,0,0,44.76010101010101,0.866573556797004,39.17095184326172,39.17095184326172,698,912
2026-03-28T16:58:58.477977,3521,16.801428079605103,1007,1112.199999999987,1125,1125,False,death,0,0,0,0,0,0,35.51136363636363,1.1044687189672167,39.11939239501953,39.11939239501953,436,570
2026-03-28T16:59:27.630260,3522,25.787187099456787,1548,1091.7999999999827,1127,1127,False,death,0,0,0,0,0,0,35.57449494949495,0.7052971576227278,38.16974639892578,38.16974639892578,670,877
2026-03-28T16:59:50.092199,3523,19.76185441017151,1183,1110.7999999999852,1130,1130,False,death,0,0,0,0,0,0,35.66919191919192,0.9389687235840957,39.13750457763672,39.13750457763672,512,670
2026-03-28T17:00:13.758472,3524,20.907448053359985,1252,1396.9499999999844,1406,1406,False,death,0,0,0,0,0,0,44.381313131313135,1.115774760383374,38.347450256347656,38.347450256347656,542,709
2026-03-28T17:00:19.868898,3525,5.187432289123535,306,264.3500000000003,304,304,False,death,0,0,0,0,0,0,9.595959595959595,0.8638888888888899,39.705604553222656,39.705604553222656,132,173
2026-03-28T17:00:27.404173,3526,6.6046459674835205,395,666.749999999999,695,695,False,death,0,0,0,0,0,0,21.93813131313131,1.6879746835443012,38.54104995727539,38.54104995727539,171,223
2026-03-28T17:00:31.064184,3527,2.976123332977295,177,274.8500000000003,310,310,False,death,0,0,0,0,0,0,9.785353535353536,1.5528248587570639,39.21061325073242,39.21061325073242,76,100
2026-03-28T17:00:44.179341,3528,11.99156641960144,718,793.0499999999929,820,820,False,death,0,0,0,0,0,0,25.88383838383838,1.1045264623955333,38.671592712402344,38.671592712402344,310,407
2026-03-28T17:01:02.739028,3529,16.186307430267334,969,1111.449999999986,1127,1127,False,death,0,0,0,0,0,0,35.57449494949495,1.147007223942194,39.508724212646484,39.508724212646484,419,549
2026-03-28T17:01:12.188023,3530,8.391038179397583,493,698.3499999999989,722,722,False,death,0,0,0,0,0,0,22.79040404040404,1.4165314401622695,38.61579132080078,38.61579132080078,213,279
2026-03-28T17:01:22.460122,3531,9.223888158798218,555,674.7999999999986,705,705,False,death,0,0,0,0,0,0,22.25378787878788,1.2158558558558532,38.90876770019531,38.90876770019531,240,314
2026-03-28T17:01:37.645334,3532,13.923677682876587,830,545.5499999999944,596,596,False,stuck_timeout,0,0,0,0,0,0,18.81313131313131,0.6572891566264992,38.5517692565918,38.5517692565918,359,470
2026-03-28T17:02:04.337407,3533,23.617242336273193,1413,788.7499999999794,918,918,False,stuck_timeout,0,0,0,0,0,0,28.97727272727273,0.5582094833687045,37.711753845214844,37.711753845214844,611,801
2026-03-28T17:02:13.602072,3534,8.278661489486694,497,644.6499999999984,672,672,False,death,0,0,0,0,0,0,21.21212121212121,1.2970824949698156,38.186668395996094,38.186668395996094,214,282
2026-03-28T17:02:17.597218,3535,3.2032408714294434,193,264.7000000000002,302,302,False,death,0,0,0,0,0,0,9.532828282828284,1.3715025906735763,39.534423828125,39.534423828125,83,109
2026-03-28T17:02:36.590722,3536,16.605896472930908,994,1108.1499999999871,1122,1122,False,death,0,0,0,0,0,0,35.41666666666667,1.1148390342052183,40.056941986083984,40.056941986083984,429,564
2026-03-28T17:02:53.951505,3537,15.990241527557373,958,677.9999999999917,723,723,False,stuck_timeout,0,0,0,0,0,0,22.821969696969695,0.7077244258872565,39.48052215576172,39.48052215576172,414,543
2026-03-28T17:03:13.166495,3538,16.8033344745636,1006,1109.4499999999875,1125,1125,False,death,0,0,0,0,0,0,35.51136363636363,1.1028330019880592,38.72325897216797,38.72325897216797,434,571
2026-03-28T17:03:21.288244,3539,7.081527471542358,425,694.9999999999976,723,723,False,death,0,0,0,0,0,0,22.821969696969695,1.6352941176470532,39.39531707763672,39.39531707763672,183,241
2026-03-28T17:03:48.829592,3540,24.22827696800232,1451,1391.9999999999818,1407,1407,False,death,0,0,0,0,0,0,44.41287878787879,0.9593383873190777,39.19502639770508,39.19502639770508,626,824
2026-03-28T17:03:52.808984,3541,3.190185308456421,188,263.70000000000044,299,299,False,death,0,0,0,0,0,0,9.438131313131313,1.4026595744680874,39.152679443359375,39.152679443359375,81,106
2026-03-28T17:03:57.572342,3542,3.8818681240081787,229,269.70000000000033,304,304,False,death,0,0,0,0,0,0,9.595959595959595,1.177729257641923,37.897918701171875,37.897918701171875,98,130
2026-03-28T17:04:11.928440,3543,13.13160514831543,785,842.4499999999945,864,864,False,death,0,0,0,0,0,0,27.27272727272727,1.0731847133757892,39.63079833984375,39.63079833984375,338,446
2026-03-28T17:04:15.130195,3544,2.4894564151763916,145,276.20000000000033,312,312,False,death,0,0,0,0,0,0,9.848484848484848,1.9048275862068988,39.447235107421875,39.447235107421875,62,82
2026-03-28T17:04:37.248840,3545,20.603781938552856,1235,658.7999999999877,723,723,False,stuck_timeout,0,0,0,0,0,0,22.821969696969695,0.5334412955465487,38.837005615234375,38.837005615234375,533,701
2026-03-28T17:04:41.548813,3546,3.451338529586792,204,267.35000000000053,301,301,False,death,0,0,0,0,0,0,9.501262626262626,1.3105392156862772,38.62897491455078,38.62897491455078,88,115
2026-03-28T17:05:05.646350,3547,21.165099143981934,1270,1091.149999999982,1126,1126,False,death,0,0,0,0,0,0,35.542929292929294,0.8591732283464425,38.50277328491211,38.50277328491211,548,721
2026-03-28T17:05:24.983392,3548,16.810258865356445,1004,859.0999999999857,903,903,False,stuck_timeout,0,0,0,0,0,0,28.50378787878788,0.8556772908366391,38.73448944091797,38.73448944091797,433,570
2026-03-28T17:05:34.562607,3549,8.584841012954712,512,673.8999999999977,699,699,False,death,0,0,0,0,0,0,22.064393939393938,1.3162109374999955,38.257171630859375,38.257171630859375,220,291
2026-03-28T17:05:53.335896,3550,16.39341926574707,984,867.4499999999872,899,899,False,death,0,0,0,0,0,0,28.377525252525253,0.8815548780487675,37.825443267822266,37.825443267822266,424,559
2026-03-28T17:05:57.504487,3551,3.3425533771514893,197,262.45000000000044,296,296,False,death,0,0,0,0,0,0,9.343434343434344,1.3322335025380734,40.3255500793457,40.3255500793457,84,112
2026-03-28T17:06:03.142714,3552,4.742778062820435,281,239.70000000000059,273,273,False,death,0,0,0,0,0,0,8.617424242424242,0.8530249110320306,38.702613830566406,38.702613830566406,121,159
2026-03-28T17:06:07.159107,3553,3.2255091667175293,188,266.95000000000044,302,302,False,death,0,0,0,0,0,0,9.532828282828284,1.4199468085106406,38.96919250488281,38.96919250488281,81,106
2026-03-28T17:06:11.078979,3554,3.10086727142334,181,277.2000000000003,313,313,False,death,0,0,0,0,0,0,9.880050505050505,1.5314917127071839,39.840049743652344,39.840049743652344,78,102
2026-03-28T17:06:26.577530,3555,14.266554594039917,855,693.5499999999946,723,723,False,death,0,0,0,0,0,0,22.821969696969695,0.8111695906432685,39.28241729736328,39.28241729736328,368,486
2026-03-28T17:06:30.088044,3556,2.7563581466674805,161,277.9000000000002,314,314,False,death,0,0,0,0,0,0,9.91161616161616,1.7260869565217405,40.303401947021484,40.303401947021484,69,91
2026-03-28T17:06:53.434389,3557,20.66551661491394,1236,1389.8499999999792,1413,1413,False,death,0,0,0,0,0,0,44.60227272727273,1.1244741100323457,39.48843765258789,39.48843765258789,532,703
2026-03-28T17:06:57.501299,3558,3.2574691772460938,194,252.85000000000045,288,288,False,death,0,0,0,0,0,0,9.090909090909092,1.3033505154639198,39.62388610839844,39.62388610839844,83,110
2026-03-28T17:07:01.278829,3559,3.0007224082946777,176,278.4000000000004,314,314,False,death,0,0,0,0,0,0,9.91161616161616,1.581818181818184,39.50572204589844,39.50572204589844,75,100
2026-03-28T17:07:22.428951,3560,18.57347059249878,1109,1396.5499999999838,1408,1408,False,death,0,0,0,0,0,0,44.44444444444444,1.2592876465283893,39.28258514404297,39.28258514404297,477,631
2026-03-28T17:07:39.521361,3561,14.903512239456177,891,1106.5499999999881,1124,1124,False,death,0,0,0,0,0,0,35.47979797979798,1.2419191919191785,38.788658142089844,38.788658142089844,383,507
2026-03-28T17:07:42.831874,3562,2.5892555713653564,150,276.6500000000005,313,313,False,death,0,0,0,0,0,0,9.880050505050505,1.8443333333333365,38.75519561767578,38.75519561767578,64,85
2026-03-28T17:07:52.918805,3563,9.036650896072388,541,685.0499999999993,708,708,False,death,0,0,0,0,0,0,22.348484848484848,1.266266173752309,39.20895004272461,39.20895004272461,232,308
2026-03-28T17:08:11.638638,3564,17.22429871559143,1032,654.9499999999861,724,724,False,stuck_timeout,0,0,0,0,0,0,22.853535353535353,0.6346414728682035,37.87476348876953,37.87476348876953,444,587
2026-03-28T17:08:43.671127,3565,28.480804681777954,1709,1095.099999999985,1123,1123,False,death,0,0,0,0,0,0,35.448232323232325,0.6407840842597922,38.4771842956543,38.4771842956543,735,973
2026-03-28T17:08:48.073618,3566,3.616088628768921,217,262.4000000000006,297,297,False,death,0,0,0,0,0,0,9.375,1.209216589861754,38.672080993652344,38.672080993652344,93,123
2026-03-28T17:08:51.852444,3567,3.024271249771118,177,270.6000000000003,305,305,False,death,0,0,0,0,0,0,9.627525252525253,1.5288135593220356,39.17424774169922,39.17424774169922,76,100
2026-03-28T17:08:56.847881,3568,4.133414030075073,246,252.70000000000027,287,287,False,death,0,0,0,0,0,0,9.059343434343434,1.0272357723577248,39.724578857421875,39.724578857421875,105,140
2026-03-28T17:09:10.637116,3569,12.520508289337158,749,870.5999999999924,898,898,False,death,0,0,0,0,0,0,28.345959595959595,1.1623497997329673,39.016563415527344,39.016563415527344,322,426
2026-03-28T17:09:35.674917,3570,23.374196529388428,1401,872.2999999999873,898,898,False,death,0,0,0,0,0,0,28.345959595959595,0.6226266952176926,38.81702423095703,38.81702423095703,602,798
2026-03-28T17:09:52.342675,3571,15.370848894119263,917,801.6999999999939,830,830,False,death,0,0,0,0,0,0,26.19949494949495,0.8742639040348897,39.81121826171875,39.81121826171875,394,522
2026-03-28T17:10:01.644274,3572,8.16078805923462,487,679.6499999999995,708,708,False,death,0,0,0,0,0,0,22.348484848484848,1.3955852156057484,38.10752868652344,38.10752868652344,209,277
2026-03-28T17:10:11.451298,3573,8.765058517456055,523,672.4499999999973,696,696,False,death,0,0,0,0,0,0,21.96969696969697,1.28575525812619,38.056514739990234,38.056514739990234,225,297
2026-03-28T17:10:15.429326,3574,3.207686424255371,187,266.9000000000004,301,301,False,death,0,0,0,0,0,0,9.501262626262626,1.4272727272727292,39.58642578125,39.58642578125,80,106
2026-03-28T17:10:19.647096,3575,3.4356882572174072,203,273.1000000000004,308,308,False,death,0,0,0,0,0,0,9.722222222222223,1.3453201970443371,40.71954345703125,40.71954345703125,87,115
2026-03-28T17:10:33.406375,3576,12.543318510055542,754,636.9999999999962,666,666,False,death,0,0,0,0,0,0,21.022727272727273,0.8448275862068916,39.20072937011719,39.20072937011719,324,429
2026-03-28T17:10:39.743771,3577,5.453191041946411,327,652.6499999999992,681,681,False,death,0,0,0,0,0,0,21.49621212121212,1.995871559633025,39.16796112060547,39.16796112060547,140,186
2026-03-28T17:10:44.193989,3578,3.6026930809020996,215,266.10000000000053,301,301,False,death,0,0,0,0,0,0,9.501262626262626,1.2376744186046535,38.62874984741211,38.62874984741211,92,122
2026-03-28T17:10:54.487934,3579,9.250296831130981,553,668.1499999999986,700,700,False,death,0,0,0,0,0,0,22.095959595959595,1.2082278481012634,38.699127197265625,38.699127197265625,237,315
2026-03-28T17:11:00.068044,3580,4.485872983932495,268,353.50000000000097,384,384,False,death,0,0,0,0,0,0,12.121212121212121,1.3190298507462723,40.51046371459961,40.51046371459961,115,152
2026-03-28T17:11:11.671182,3581,10.449580430984497,623,653.3999999999992,680,680,False,death,0,0,0,0,0,0,21.464646464646464,1.048796147672551,38.82285690307617,38.82285690307617,267,355
2026-03-28T17:11:33.348174,3582,19.008933782577515,1141,1102.3999999999883,1127,1127,False,death,0,0,0,0,0,0,35.57449494949495,0.9661700262927154,39.85464096069336,39.85464096069336,490,650
2026-03-28T17:12:02.750505,3583,26.086055278778076,1565,1470.9499999999744,1510,1510,False,death,0,0,0,0,0,0,47.66414141414141,0.9399041533546162,39.31023406982422,39.31023406982422,672,892
2026-03-28T17:12:26.935481,3584,21.29599642753601,1276,1103.8499999999824,1133,1133,False,death,0,0,0,0,0,0,35.76388888888889,0.8650862068965379,39.799896240234375,39.799896240234375,547,728
2026-03-28T17:12:41.361482,3585,13.202389478683472,791,681.449999999995,723,723,False,death,0,0,0,0,0,0,22.821969696969695,0.8615044247787548,39.72341537475586,39.72341537475586,339,451
2026-03-28T17:12:45.163753,3586,2.992415428161621,175,273.95000000000044,308,308,False,death,0,0,0,0,0,0,9.722222222222223,1.565428571428574,39.40876770019531,39.40876770019531,75,99
2026-03-28T17:12:58.964746,3587,12.616981744766235,756,690.949999999994,722,722,False,death,0,0,0,0,0,0,22.79040404040404,0.9139550264550186,39.23951721191406,39.23951721191406,324,431
2026-03-28T17:13:14.753693,3588,13.777112245559692,825,1122.049999999987,1137,1137,False,death,0,0,0,0,0,0,35.890151515151516,1.3600606060605902,39.840370178222656,39.840370178222656,354,470
2026-03-28T17:13:18.030525,3589,2.555518627166748,149,274.25000000000017,311,311,False,death,0,0,0,0,0,0,9.816919191919192,1.8406040268456387,39.34917449951172,39.34917449951172,63,85
2026-03-28T17:13:28.443378,3590,9.40443730354309,565,672.7499999999985,697,697,False,death,0,0,0,0,0,0,22.001262626262626,1.1907079646017673,39.02155685424805,39.02155685424805,242,322
2026-03-28T17:13:57.304948,3591,25.627145290374756,1539,1414.7999999999793,1422,1422,False,death,0,0,0,0,0,0,44.88636363636363,0.9192982456140216,39.017093658447266,39.017093658447266,660,878
2026-03-28T17:14:01.567305,3592,3.439483880996704,207,267.70000000000033,301,301,False,death,0,0,0,0,0,0,9.501262626262626,1.293236714975847,38.88741683959961,38.88741683959961,88,118
2026-03-28T17:14:23.145320,3593,18.868589878082275,1133,810.1499999999852,917,917,False,stuck_timeout,0,0,0,0,0,0,28.945707070707073,0.7150485436893074,38.800960540771484,38.800960540771484,485,647
2026-03-28T17:14:48.420268,3594,22.314146041870117,1339,1658.3499999999772,1668,1668,False,death,0,0,0,0,0,0,52.65151515151515,1.2384988797609986,39.45436096191406,39.45436096191406,573,765
2026-03-28T17:14:58.971157,3595,9.41465163230896,560,663.1999999999989,689,689,False,death,0,0,0,0,0,0,21.748737373737374,1.1842857142857124,38.17521667480469,38.17521667480469,240,319
2026-03-28T17:15:03.549604,3596,3.756038188934326,222,275.0500000000001,310,310,False,death,0,0,0,0,0,0,9.785353535353536,1.2389639639639645,39.93852996826172,39.93852996826172,95,126
2026-03-28T17:15:07.533487,3597,3.2248189449310303,191,265.80000000000047,299,299,False,death,0,0,0,0,0,0,9.438131313131313,1.391623036649217,39.28951644897461,39.28951644897461,81,109
2026-03-28T17:15:35.802227,3598,25.053789854049683,1500,1082.1499999999794,1124,1124,False,death,0,0,0,0,0,0,35.47979797979798,0.7214333333333196,39.816959381103516,39.816959381103516,642,857
2026-03-28T17:15:42.824526,3599,6.042503118515015,361,649.649999999999,679,679,False,death,0,0,0,0,0,0,21.43308080808081,1.7995844875346232,39.79320526123047,39.79320526123047,154,206
2026-03-28T17:16:01.559954,3600,16.369182348251343,983,1105.6499999999876,1123,1123,False,death,0,0,0,0,0,0,35.448232323232325,1.124771108850445,39.502830505371094,39.502830505371094,420,562
2026-03-28T17:16:06.090327,3601,3.6784567832946777,216,274.80000000000035,312,312,False,death,0,0,0,0,0,0,9.848484848484848,1.272222222222224,40.86373519897461,40.86373519897461,92,123
2026-03-28T17:16:48.231965,3602,37.628082513809204,2257,1942.4499999999719,1957,1957,False,death,0,0,0,0,0,0,61.7739898989899,0.8606335844040638,39.69170379638672,39.69170379638672,965,1291
2026-03-28T17:17:09.697495,3603,18.925849676132202,1131,1113.4999999999832,1138,1138,False,death,0,0,0,0,0,0,35.92171717171717,0.9845269672855731,39.647430419921875,39.647430419921875,483,647
2026-03-28T17:17:27.635935,3604,16.596619129180908,991,871.4999999999909,899,899,False,death,0,0,0,0,0,0,28.377525252525253,0.8794147325933309,39.9097785949707,39.9097785949707,423,567
2026-03-28T17:17:37.754346,3605,9.116801023483276,543,655.1999999999979,681,681,False,death,0,0,0,0,0,0,21.49621212121212,1.2066298342541397,38.96995544433594,38.96995544433594,232,310
2026-03-28T17:17:48.542950,3606,9.676439046859741,577,675.8999999999976,703,703,False,death,0,0,0,0,0,0,22.190656565656568,1.1714038128249524,39.7852897644043,39.7852897644043,246,330
2026-03-28T17:18:03.732541,3607,13.956079006195068,834,862.8999999999913,899,899,False,death,0,0,0,0,0,0,28.377525252525253,1.0346522781774476,40.723960876464844,40.723960876464844,356,477
2026-03-28T17:18:13.950826,3608,9.129698038101196,547,650.2499999999987,676,676,False,death,0,0,0,0,0,0,21.338383838383837,1.188756855575866,39.522682189941406,39.522682189941406,233,313
2026-03-28T17:18:31.796238,3609,16.391504049301147,980,786.7499999999882,830,830,False,death,0,0,0,0,0,0,26.19949494949495,0.8028061224489675,39.60991668701172,39.60991668701172,419,560
2026-03-28T17:18:35.587555,3610,3.002048969268799,175,275.45000000000033,311,311,False,death,0,0,0,0,0,0,9.816919191919192,1.5740000000000018,38.466773986816406,38.466773986816406,74,100
2026-03-28T17:18:44.900649,3611,8.302659273147583,496,657.3999999999987,684,684,False,death,0,0,0,0,0,0,21.59090909090909,1.325403225806449,39.61878967285156,39.61878967285156,212,283
2026-03-28T17:18:50.487019,3612,4.671506404876709,276,257.1000000000005,291,291,False,death,0,0,0,0,0,0,9.18560606060606,0.9315217391304366,38.558433532714844,38.558433532714844,118,157
2026-03-28T17:19:13.617009,3613,20.37078094482422,1221,1387.4999999999777,1407,1407,False,death,0,0,0,0,0,0,44.41287878787879,1.136363636363618,40.00403594970703,40.00403594970703,522,698
2026-03-28T17:19:17.988004,3614,3.516751527786255,207,250.1000000000005,285,285,False,death,0,0,0,0,0,0,8.996212121212121,1.208212560386476,40.481231689453125,40.481231689453125,88,118
2026-03-28T17:19:32.684863,3615,13.479842185974121,807,842.549999999992,867,867,False,death,0,0,0,0,0,0,27.367424242424242,1.0440520446096555,39.669368743896484,39.669368743896484,345,461
2026-03-28T17:19:55.546453,3616,20.0387179851532,1200,1104.5999999999856,1129,1129,False,death,0,0,0,0,0,0,35.63762626262626,0.920499999999988,39.715240478515625,39.715240478515625,512,687
2026-03-28T17:20:15.884599,3617,18.923839807510376,1137,774.8499999999864,833,833,False,death,0,0,0,0,0,0,26.294191919191917,0.681486367634113,38.90087127685547,38.90087127685547,485,651
2026-03-28T17:20:32.349906,3618,15.216180801391602,911,666.7499999999976,690,690,False,death,0,0,0,0,0,0,21.78030303030303,0.7318880351262322,39.76075744628906,39.76075744628906,389,521
2026-03-28T17:20:36.466449,3619,3.3042635917663574,194,261.7500000000006,295,295,False,death,0,0,0,0,0,0,9.311868686868687,1.3492268041237145,40.94763946533203,40.94763946533203,82,111
2026-03-28T17:20:47.425128,3620,9.312681436538696,559,648.5999999999973,677,677,False,death,0,0,0,0,0,0,21.369949494949495,1.1602862254024997,39.53956985473633,39.53956985473633,238,320
2026-03-28T17:21:11.371225,3621,22.361431121826172,1339,663.7499999999889,723,723,False,stuck_timeout,0,0,0,0,0,0,22.821969696969695,0.4957057505601112,40.163780212402344,40.163780212402344,571,767
2026-03-28T17:21:39.335122,3622,24.75711178779602,1482,1095.8999999999842,1125,1125,False,death,0,0,0,0,0,0,35.51136363636363,0.7394736842105156,39.68877029418945,39.68877029418945,632,849
2026-03-28T17:21:55.445086,3623,14.789229154586792,883,691.8499999999946,723,723,False,death,0,0,0,0,0,0,22.821969696969695,0.7835220838052034,38.9934196472168,38.9934196472168,376,506
2026-03-28T17:22:00.194314,3624,3.863492965698242,233,264.4000000000002,300,300,False,death,0,0,0,0,0,0,9.469696969696969,1.134763948497855,39.68854904174805,39.68854904174805,99,133
2026-03-28T17:22:11.053304,3625,9.736300468444824,583,683.7499999999993,708,708,False,death,0,0,0,0,0,0,22.348484848484848,1.172813036020582,39.677207946777344,39.677207946777344,248,334
2026-03-28T17:22:14.812252,3626,2.993236541748047,178,272.30000000000007,307,307,False,death,0,0,0,0,0,0,9.690656565656566,1.5297752808988767,39.89990234375,39.89990234375,75,102
2026-03-28T17:22:19.181547,3627,3.5038774013519287,205,268.5000000000004,302,302,False,death,0,0,0,0,0,0,9.532828282828284,1.3097560975609777,39.16413116455078,39.16413116455078,87,117
2026-03-28T17:22:26.154024,3628,6.04841947555542,363,652.0999999999989,681,681,False,death,0,0,0,0,0,0,21.49621212121212,1.796418732782366,40.40909194946289,40.40909194946289,154,208
2026-03-28T17:22:40.310941,3629,12.164079904556274,730,1106.499999999989,1124,1124,False,death,0,0,0,0,0,0,35.47979797979798,1.5157534246575193,39.360347747802734,39.360347747802734,311,418
2026-03-28T17:22:44.700669,3630,3.5433287620544434,207,258.7500000000006,293,293,False,death,0,0,0,0,0,0,9.248737373737374,1.250000000000003,40.18164825439453,40.18164825439453,88,118
2026-03-28T17:22:59.388881,3631,13.408062219619751,801,877.1999999999915,899,899,False,death,0,0,0,0,0,0,28.377525252525253,1.0951310861423116,40.414093017578125,40.414093017578125,341,459
2026-03-28T17:23:12.969145,3632,12.354589462280273,741,624.6999999999932,674,674,False,death,0,0,0,0,0,0,21.275252525252526,0.8430499325236076,38.97589874267578,38.97589874267578,316,424
2026-03-28T17:23:45.409129,3633,28.62187623977661,1715,1936.9499999999714,1939,1939,False,death,0,0,0,0,0,0,61.205808080808076,1.1294169096209745,39.476295471191406,39.476295471191406,731,983
2026-03-28T17:23:55.217768,3634,8.794285535812378,523,632.9999999999965,667,667,False,death,0,0,0,0,0,0,21.054292929292927,1.2103250478011405,40.38606262207031,40.38606262207031,223,299
2026-03-28T17:24:23.880040,3635,25.381583213806152,1519,1403.1999999999791,1411,1411,False,death,0,0,0,0,0,0,44.53914141414141,0.9237656352863589,40.50386047363281,40.50386047363281,647,871
2026-03-28T17:24:31.285683,3636,6.408249139785767,386,654.6999999999992,683,683,False,death,0,0,0,0,0,0,21.559343434343432,1.6961139896373039,39.636470794677734,39.636470794677734,164,221
2026-03-28T17:24:40.305583,3637,7.982818603515625,479,675.5499999999977,704,704,False,death,0,0,0,0,0,0,22.22222222222222,1.4103340292275526,40.094482421875,40.094482421875,204,274
2026-03-28T17:24:51.873526,3638,10.49289083480835,628,634.3999999999971,666,666,False,death,0,0,0,0,0,0,21.022727272727273,1.010191082802543,39.051109313964844,39.051109313964844,267,360
2026-03-28T17:25:12.473484,3639,18.166043043136597,1087,1121.8999999999885,1135,1135,False,death,0,0,0,0,0,0,35.82702020202021,1.0321067157313601,39.75034713745117,39.75034713745117,463,623
2026-03-28T17:25:21.872669,3640,7.972365140914917,475,647.8999999999978,677,677,False,death,0,0,0,0,0,0,21.369949494949495,1.3639999999999954,40.356788635253906,40.356788635253906,202,272
2026-03-28T17:25:29.481822,3641,6.629528045654297,397,674.3499999999987,704,704,False,death,0,0,0,0,0,0,22.22222222222222,1.6986146095717851,41.426841735839844,41.426841735839844,169,227
2026-03-28T17:25:45.393976,3642,14.59999394416809,873,869.4999999999933,899,899,False,death,0,0,0,0,0,0,28.377525252525253,0.9959908361970141,38.97068786621094,38.97068786621094,371,501
2026-03-28T17:26:01.216071,3643,14.562621355056763,875,672.8999999999915,723,723,False,stuck_timeout,0,0,0,0,0,0,22.821969696969695,0.7690285714285616,39.60612106323242,39.60612106323242,372,502
2026-03-28T17:26:04.417784,3644,2.477208375930786,145,275.45000000000044,312,312,False,death,0,0,0,0,0,0,9.848484848484848,1.8996551724137962,38.4375,38.4375,61,83
2026-03-28T17:26:29.311158,3645,23.246055126190186,1397,844.2999999999828,899,899,False,stuck_timeout,0,0,0,0,0,0,28.377525252525253,0.6043664996420779,38.89209747314453,38.89209747314453,594,802
2026-03-28T17:26:37.885973,3646,7.53361964225769,453,675.2499999999972,701,701,False,death,0,0,0,0,0,0,22.127525252525253,1.4906181015452475,40.219520568847656,40.219520568847656,192,260
2026-03-28T17:26:53.786383,3647,14.530539989471436,873,546.5999999999945,595,595,False,stuck_timeout,0,0,0,0,0,0,18.781565656565657,0.6261168384879662,39.326133728027344,39.326133728027344,371,501
2026-03-28T17:27:03.150260,3648,8.380685806274414,503,644.749999999998,678,678,False,death,0,0,0,0,0,0,21.401515151515152,1.2818091451292206,39.041603088378906,39.041603088378906,214,288
2026-03-28T17:27:08.087039,3649,4.068706035614014,241,240.45000000000056,275,275,False,death,0,0,0,0,0,0,8.680555555555555,0.9977178423236538,40.956886291503906,40.956886291503906,102,138
2026-03-28T17:27:26.534862,3650,16.03421449661255,961,1396.4499999999828,1409,1409,False,death,0,0,0,0,0,0,44.4760101010101,1.4531217481789622,40.10659408569336,40.10659408569336,409,551
2026-03-28T17:27:31.331253,3651,3.9424450397491455,237,266.70000000000056,304,304,False,death,0,0,0,0,0,0,9.595959595959595,1.125316455696205,39.04649353027344,39.04649353027344,100,136
2026-03-28T17:27:35.273674,3652,3.1342263221740723,183,274.00000000000034,310,310,False,death,0,0,0,0,0,0,9.785353535353536,1.4972677595628434,40.52165985107422,40.52165985107422,77,105
2026-03-28T17:27:41.987676,3653,5.776895999908447,347,651.3499999999984,681,681,False,death,0,0,0,0,0,0,21.49621212121212,1.877089337175788,39.2275505065918,39.2275505065918,147,199
2026-03-28T17:28:00.635643,3654,17.15968632698059,1032,867.1499999999909,898,898,False,death,0,0,0,0,0,0,28.345959595959595,0.8402616279069679,39.222900390625,39.222900390625,439,592
2026-03-28T17:28:04.642207,3655,3.1928658485412598,185,265.0500000000006,300,300,False,death,0,0,0,0,0,0,9.469696969696969,1.432702702702706,40.820796966552734,40.820796966552734,78,106
2026-03-28T17:28:21.106931,3656,14.23459005355835,848,1098.3499999999897,1123,1123,False,death,0,0,0,0,0,0,35.448232323232325,1.2952240566037614,39.92717361450195,39.92717361450195,360,487
2026-03-28T17:28:26.355526,3657,4.4279139041900635,261,231.8500000000004,267,267,False,death,0,0,0,0,0,0,8.428030303030303,0.8883141762452123,40.68781661987305,40.68781661987305,111,149
2026-03-28T17:28:35.492913,3658,8.099975824356079,485,676.6999999999986,701,701,False,death,0,0,0,0,0,0,22.127525252525253,1.39525773195876,39.02469253540039,39.02469253540039,206,278
2026-03-28T17:28:48.658940,3659,12.005645275115967,718,793.0499999999954,820,820,False,death,0,0,0,0,0,0,25.88383838383838,1.1045264623955369,40.22779846191406,40.22779846191406,305,412
2026-03-28T17:28:52.794918,3660,3.1032915115356445,182,279.0500000000006,313,313,False,death,0,0,0,0,0,0,9.880050505050505,1.5332417582417615,39.39132308959961,39.39132308959961,77,104
2026-03-28T17:29:01.235064,3661,7.436985969543457,441,668.8999999999992,695,695,False,death,0,0,0,0,0,0,21.93813131313131,1.5167800453514722,40.11707305908203,40.11707305908203,187,253
2026-03-28T17:29:05.050339,3662,3.0035347938537598,181,280.4000000000005,316,316,False,death,0,0,0,0,0,0,9.974747474747476,1.5491712707182348,39.95740509033203,39.95740509033203,76,104
2026-03-28T17:29:13.869950,3663,7.827402114868164,465,664.9499999999987,690,690,False,death,0,0,0,0,0,0,21.78030303030303,1.4299999999999973,40.154510498046875,40.154510498046875,197,267
2026-03-28T17:29:18.035026,3664,3.330479145050049,196,263.8000000000007,298,298,False,death,0,0,0,0,0,0,9.406565656565656,1.3459183673469424,40.046974182128906,40.046974182128906,83,112
2026-03-28T17:29:21.590630,3665,2.7755870819091797,163,275.30000000000024,312,312,False,death,0,0,0,0,0,0,9.848484848484848,1.6889570552147255,40.076927185058594,40.076927185058594,69,93
2026-03-28T17:29:35.087490,3666,12.32205057144165,738,633.7999999999979,662,662,False,death,0,0,0,0,0,0,20.896464646464647,0.8588075880758779,40.2827262878418,40.2827262878418,313,424
2026-03-28T17:29:48.050559,3667,11.806460618972778,707,629.2499999999995,660,660,False,death,0,0,0,0,0,0,20.833333333333336,0.8900282885431394,39.045257568359375,39.045257568359375,300,406
2026-03-28T17:30:11.851352,3668,20.996291875839233,1260,1109.4999999999848,1138,1138,False,death,0,0,0,0,0,0,35.92171717171717,0.8805555555555434,39.42210006713867,39.42210006713867,535,724
2026-03-28T17:30:21.940725,3669,9.059822797775269,545,657.2499999999997,683,683,False,death,0,0,0,0,0,0,21.559343434343432,1.205963302752293,38.90607452392578,38.90607452392578,231,313
2026-03-28T17:30:33.361344,3670,10.324410915374756,621,662.7999999999996,690,690,False,death,0,0,0,0,0,0,21.78030303030303,1.067310789049919,38.8077507019043,38.8077507019043,263,357
2026-03-28T17:30:37.023923,3671,2.856288433074951,167,275.0000000000004,312,312,False,death,0,0,0,0,0,0,9.848484848484848,1.6467065868263497,40.81966018676758,40.81966018676758,70,96
2026-03-28T17:30:57.383406,3672,17.924129009246826,1075,1199.4999999999911,1219,1219,False,death,0,0,0,0,0,0,38.47853535353536,1.1158139534883638,39.92523956298828,39.92523956298828,456,618
2026-03-28T17:31:01.251296,3673,3.0998170375823975,184,276.45000000000016,311,311,False,death,0,0,0,0,0,0,9.816919191919192,1.502445652173914,40.73912048339844,40.73912048339844,78,105
2026-03-28T17:31:28.430848,3674,24.007263898849487,1437,1391.3999999999805,1412,1412,False,death,0,0,0,0,0,0,44.57070707070707,0.9682672233820324,39.565120697021484,39.565120697021484,610,826
2026-03-28T17:31:32.442817,3675,3.2304155826568604,194,267.10000000000036,301,301,False,death,0,0,0,0,0,0,9.501262626262626,1.376804123711342,39.995826721191406,39.995826721191406,82,111
2026-03-28T17:31:41.396755,3676,7.937191009521484,475,655.0999999999982,686,686,False,death,0,0,0,0,0,0,21.654040404040405,1.3791578947368384,40.13594055175781,40.13594055175781,201,273
2026-03-28T17:31:44.652940,3677,2.555499792098999,148,275.3500000000004,311,311,False,death,0,0,0,0,0,0,9.816919191919192,1.8604729729729759,40.73966979980469,40.73966979980469,62,85
2026-03-28T17:31:52.790819,3678,7.14979362487793,424,679.3999999999988,708,708,False,death,0,0,0,0,0,0,22.348484848484848,1.602358490566035,41.037559509277344,41.037559509277344,180,243
2026-03-28T17:32:47.101965,3679,48.85168981552124,2928,2728.150000000016,2742,2742,False,death,0,0,0,0,0,0,86.5530303030303,0.9317452185792404,41.56378936767578,41.56378936767578,1242,1685
2026-03-28T17:33:09.284935,3680,19.45440363883972,1169,805.0999999999894,919,919,False,stuck_timeout,0,0,0,0,0,0,29.00883838383838,0.6887082976903246,39.94474411010742,39.94474411010742,495,673
2026-03-28T17:33:24.869350,3681,14.345199346542358,857,799.6499999999946,828,828,False,death,0,0,0,0,0,0,26.136363636363637,0.9330805134188969,41.4577751159668,41.4577751159668,363,493
2026-03-28T17:33:40.637401,3682,14.458198308944702,863,779.2499999999959,805,805,False,death,0,0,0,0,0,0,25.410353535353536,0.9029548088064843,41.71240234375,41.71240234375,366,496
2026-03-28T17:33:44.994248,3683,3.5259246826171875,211,257.3500000000002,292,292,False,death,0,0,0,0,0,0,9.217171717171716,1.2196682464454986,39.7235107421875,39.7235107421875,89,121
2026-03-28T17:34:05.984782,3684,18.44144320487976,1104,1077.4999999999834,1125,1125,False,death,0,0,0,0,0,0,35.51136363636363,0.9759963768115791,40.635780334472656,40.635780334472656,468,635
2026-03-28T17:34:11.239831,3685,4.383465766906738,257,226.05000000000052,262,262,False,death,0,0,0,0,0,0,8.27020202020202,0.8795719844357996,39.672447204589844,39.672447204589844,108,148
2026-03-28T17:34:14.559099,3686,2.584117889404297,151,281.25000000000057,315,315,False,death,0,0,0,0,0,0,9.943181818181818,1.8625827814569573,41.35551071166992,41.35551071166992,64,86
2026-03-28T17:34:18.784493,3687,3.4247424602508545,207,263.95000000000067,296,296,False,death,0,0,0,0,0,0,9.343434343434344,1.2751207729468632,41.1920166015625,41.1920166015625,87,119
2026-03-28T17:34:22.754783,3688,3.1966750621795654,187,265.6500000000004,301,301,False,death,0,0,0,0,0,0,9.501262626262626,1.4205882352941197,40.334617614746094,40.334617614746094,79,107
2026-03-28T17:34:38.235401,3689,14.197609663009644,853,798.7499999999948,821,821,False,death,0,0,0,0,0,0,25.915404040404038,0.9364009378663479,40.92107391357422,40.92107391357422,361,491
2026-03-28T17:34:55.921236,3690,16.344541788101196,980,646.9500000000002,676,676,False,death,0,0,0,0,0,0,21.338383838383837,0.6601530612244899,40.67048645019531,40.67048645019531,415,564
2026-03-28T17:35:39.410042,3691,38.799410581588745,2328,2471.7000000000103,2466,2466,False,death,0,0,0,0,0,0,77.8409090909091,1.0617268041237158,39.866397857666016,39.866397857666016,986,1341
2026-03-28T17:35:46.872191,3692,6.4301042556762695,385,649.4499999999989,677,677,False,death,0,0,0,0,0,0,21.369949494949495,1.686883116883114,40.75504684448242,40.75504684448242,163,221
2026-03-28T17:36:14.403855,3693,24.449398279190063,1464,1391.2499999999723,1413,1413,False,death,0,0,0,0,0,0,44.60227272727273,0.9503073770491614,41.14518356323242,41.14518356323242,619,844
2026-03-28T17:36:18.852381,3694,3.6188297271728516,214,268.9500000000003,303,303,False,death,0,0,0,0,0,0,9.56439393939394,1.2567757009345808,40.9725341796875,40.9725341796875,90,123
2026-03-28T17:36:31.899255,3695,11.790499687194824,703,687.1999999999972,722,722,False,death,0,0,0,0,0,0,22.79040404040404,0.977524893314363,40.84526443481445,40.84526443481445,297,405
2026-03-28T17:36:39.664950,3696,6.736925840377808,403,672.8499999999995,701,701,False,death,0,0,0,0,0,0,22.127525252525253,1.6696029776674925,41.33192443847656,41.33192443847656,170,232
2026-03-28T17:37:02.858667,3697,21.592845916748047,1294,847.9499999999871,899,899,False,stuck_timeout,0,0,0,0,0,0,28.377525252525253,0.6552936630602683,40.28541946411133,40.28541946411133,548,745
2026-03-28T17:37:11.074464,3698,7.1536431312561035,426,674.3999999999994,700,700,False,death,0,0,0,0,0,0,22.095959595959595,1.5830985915492943,40.456199645996094,40.456199645996094,180,245
2026-03-28T17:37:15.329929,3699,3.44256854057312,204,268.0000000000003,303,303,False,death,0,0,0,0,0,0,9.56439393939394,1.3137254901960798,41.15750503540039,41.15750503540039,86,117
2026-03-28T17:37:25.032753,3700,8.142672538757324,489,680.0499999999988,705,705,False,death,0,0,0,0,0,0,22.25378787878788,1.3906952965235149,40.870155334472656,40.870155334472656,206,282
2026-03-28T17:37:33.726620,3701,7.744003057479858,462,669.9999999999973,698,698,False,death,0,0,0,0,0,0,22.03282828282828,1.4502164502164443,40.71392059326172,40.71392059326172,195,266
2026-03-28T17:37:50.603616,3702,14.750962495803833,884,1106.4999999999886,1126,1126,False,death,0,0,0,0,0,0,35.542929292929294,1.2516968325791726,40.9336051940918,40.9336051940918,373,510
2026-03-28T17:38:18.637038,3703,24.748339891433716,1481,1240.5999999999801,1262,1262,False,death,0,0,0,0,0,0,39.83585858585859,0.8376772451046456,42.202545166015625,42.202545166015625,626,854
2026-03-28T17:38:45.072501,3704,23.50235390663147,1412,1389.699999999981,1426,1426,False,death,0,0,0,0,0,0,45.01262626262626,0.984206798866842,41.01013946533203,41.01013946533203,596,815
2026-03-28T17:38:53.245923,3705,7.113018274307251,425,668.5000000000005,696,696,False,death,0,0,0,0,0,0,21.96969696969697,1.5729411764705894,40.72162628173828,40.72162628173828,179,245
2026-03-28T17:39:06.488638,3706,12.088289737701416,724,864.2499999999937,900,900,False,death,0,0,0,0,0,0,28.40909090909091,1.193715469613251,39.446537017822266,39.446537017822266,305,418
2026-03-28T17:39:10.483938,3707,3.2179203033447266,191,266.20000000000016,301,301,False,death,0,0,0,0,0,0,9.501262626262626,1.3937172774869118,39.543418884277344,39.543418884277344,80,110
2026-03-28T17:39:13.812390,3708,2.5762712955474854,153,275.45000000000016,313,313,False,death,0,0,0,0,0,0,9.880050505050505,1.8003267973856218,41.67021942138672,41.67021942138672,64,88
2026-03-28T17:39:29.720790,3709,13.840303421020508,832,1106.7999999999906,1124,1124,False,death,0,0,0,0,0,0,35.47979797979798,1.3302884615384503,41.14255905151367,41.14255905151367,351,480
2026-03-28T17:39:38.287639,3710,7.590331792831421,453,678.5999999999981,706,706,False,death,0,0,0,0,0,0,22.285353535353536,1.4980132450331083,40.87580108642578,40.87580108642578,191,261
2026-03-28T17:39:41.625521,3711,2.5941619873046875,154,276.1500000000003,313,313,False,death,0,0,0,0,0,0,9.880050505050505,1.7931818181818202,40.7301025390625,40.7301025390625,65,88
2026-03-28T17:39:50.266037,3712,7.6386659145355225,453,679.0499999999996,707,707,False,death,0,0,0,0,0,0,22.31691919191919,1.4990066225165555,41.27426528930664,41.27426528930664,191,261
2026-03-28T17:40:02.399604,3713,11.01333999633789,660,671.1999999999916,723,723,False,stuck_timeout,0,0,0,0,0,0,22.821969696969695,1.0169696969696842,41.05447006225586,41.05447006225586,278,381
2026-03-28T17:40:16.914311,3714,13.317036151885986,795,858.0499999999917,899,899,False,death,0,0,0,0,0,0,28.377525252525253,1.0793081761006185,41.52197265625,41.52197265625,335,459
2026-03-28T17:40:29.191895,3715,11.168070554733276,671,794.7499999999937,821,821,False,death,0,0,0,0,0,0,25.915404040404038,1.1844262295081873,40.257179260253906,40.257179260253906,283,387
2026-03-28T17:40:47.168332,3716,15.633476495742798,937,1108.04999999999,1127,1127,False,death,0,0,0,0,0,0,35.57449494949495,1.1825506937032977,41.089576721191406,41.089576721191406,395,541
2026-03-28T17:41:12.140539,3717,22.13726544380188,1326,1080.3999999999821,1124,1124,False,death,0,0,0,0,0,0,35.47979797979798,0.8147812971342249,42.16143798828125,42.16143798828125,559,766
2026-03-28T17:41:15.525801,3718,2.6468489170074463,155,269.1000000000002,306,306,False,death,0,0,0,0,0,0,9.659090909090908,1.7361290322580658,41.387935638427734,41.387935638427734,65,89
2026-03-28T17:41:35.530704,3719,17.57309889793396,1052,1201.1499999999915,1222,1222,False,death,0,0,0,0,0,0,38.573232323232325,1.141777566539916,41.0618896484375,41.0618896484375,443,608
2026-03-28T17:41:39.083218,3720,2.5942351818084717,153,276.24999999999994,314,314,False,death,0,0,0,0,0,0,9.91161616161616,1.8055555555555551,40.30481719970703,40.30481719970703,64,88
2026-03-28T17:41:49.911637,3721,9.742640256881714,579,667.6999999999982,697,697,False,death,0,0,0,0,0,0,22.001262626262626,1.15319516407599,40.84001159667969,40.84001159667969,244,334
2026-03-28T17:42:03.023788,3722,11.993705987930298,719,686.6499999999959,723,723,False,death,0,0,0,0,0,0,22.821969696969695,0.955006954102915,39.5117301940918,39.5117301940918,303,415
2026-03-28T17:42:07.125943,3723,3.2948248386383057,198,276.9000000000004,311,311,False,death,0,0,0,0,0,0,9.816919191919192,1.3984848484848504,40.41386413574219,40.41386413574219,83,114
2026-03-28T17:42:23.999703,3724,15.556503772735596,931,770.7499999999922,799,799,False,death,0,0,0,0,0,0,25.220959595959595,0.8278732545649755,39.91761779785156,39.91761779785156,392,538
2026-03-28T17:42:28.540219,3725,3.7123496532440186,221,277.60000000000065,314,314,False,death,0,0,0,0,0,0,9.91161616161616,1.2561085972850707,40.58839416503906,40.58839416503906,93,127
2026-03-28T17:42:32.866957,3726,3.5176198482513428,211,255.30000000000055,291,291,False,death,0,0,0,0,0,0,9.18560606060606,1.2099526066350736,41.502010345458984,41.502010345458984,88,122
2026-03-28T17:42:37.229529,3727,3.5364649295806885,210,250.0000000000004,286,286,False,death,0,0,0,0,0,0,9.027777777777777,1.1904761904761925,39.596309661865234,39.596309661865234,88,121
2026-03-28T17:42:58.002482,3728,18.29190158843994,1095,1655.9499999999798,1668,1668,False,death,0,0,0,0,0,0,52.65151515151515,1.5122831050228127,40.00848388671875,40.00848388671875,461,633
2026-03-28T17:43:12.863687,3729,13.665691375732422,817,545.3999999999938,599,599,False,stuck_timeout,0,0,0,0,0,0,18.90782828282828,0.6675642594859166,41.07042694091797,41.07042694091797,344,472
2026-03-28T17:43:31.630576,3730,16.416343927383423,982,1099.949999999987,1127,1127,False,death,0,0,0,0,0,0,35.57449494949495,1.1201120162932658,40.12803268432617,40.12803268432617,413,568
2026-03-28T17:43:53.407255,3731,19.111760139465332,1147,1216.1499999999864,1234,1234,False,death,0,0,0,0,0,0,38.95202020202021,1.0602877070618888,40.876991271972656,40.876991271972656,482,664
2026-03-28T17:44:11.940284,3732,17.128334999084473,1026,861.6499999999887,899,899,False,death,0,0,0,0,0,0,28.377525252525253,0.8398148148148038,41.422119140625,41.422119140625,431,594
2026-03-28T17:44:16.390344,3733,3.6542842388153076,220,272.0500000000001,307,307,False,death,0,0,0,0,0,0,9.690656565656566,1.2365909090909097,41.431358337402344,41.431358337402344,92,127
2026-03-28T17:44:21.406486,3734,4.157578945159912,247,274.7500000000003,309,309,False,death,0,0,0,0,0,0,9.753787878787879,1.112348178137653,41.107357025146484,41.107357025146484,103,143
2026-03-28T17:44:42.791610,3735,18.823232650756836,1125,1737.9999999999814,1750,1750,False,death,0,0,0,0,0,0,55.239898989899,1.5448888888888723,40.3139762878418,40.3139762878418,473,651
2026-03-28T17:44:52.838406,3736,9.06895136833191,541,658.1499999999997,684,684,False,death,0,0,0,0,0,0,21.59090909090909,1.2165434380776337,39.90771484375,39.90771484375,227,313
2026-03-28T17:45:02.444793,3737,8.606290340423584,512,656.0999999999977,683,683,False,death,0,0,0,0,0,0,21.559343434343432,1.2814453124999956,40.71363830566406,40.71363830566406,215,296
2026-03-28T17:45:10.107693,3738,6.674835205078125,400,653.6999999999991,682,682,False,death,0,0,0,0,0,0,21.52777777777778,1.6342499999999978,41.34658432006836,41.34658432006836,168,231
2026-03-28T17:45:13.755877,3739,2.8600213527679443,166,275.1500000000002,312,312,False,death,0,0,0,0,0,0,9.848484848484848,1.657530120481929,40.59196090698242,40.59196090698242,69,96
2026-03-28T17:45:19.849694,3740,4.928758144378662,295,259.20000000000056,292,292,False,death,0,0,0,0,0,0,9.217171717171716,0.8786440677966121,40.238731384277344,40.238731384277344,124,170
2026-03-28T17:45:34.999028,3741,13.885384321212769,829,796.5499999999943,814,814,False,death,0,0,0,0,0,0,25.694444444444443,0.9608564535584974,40.81037139892578,40.81037139892578,348,480
2026-03-28T17:46:00.870272,3742,24.178685903549194,1454,667.2499999999852,724,724,False,stuck_timeout,0,0,0,0,0,0,22.853535353535353,0.45890646492433645,40.15633773803711,40.15633773803711,611,842
2026-03-28T17:46:10.576919,3743,8.579655170440674,515,663.5999999999981,698,698,False,death,0,0,0,0,0,0,22.03282828282828,1.2885436893203845,40.8983154296875,40.8983154296875,216,298
2026-03-28T17:46:14.138690,3744,2.781952381134033,162,273.1000000000004,310,310,False,death,0,0,0,0,0,0,9.785353535353536,1.6858024691358051,40.29962158203125,40.29962158203125,68,93
2026-03-28T17:46:23.601658,3745,8.468902111053467,510,648.1499999999999,680,680,False,death,0,0,0,0,0,0,21.464646464646464,1.2708823529411761,41.26080322265625,41.26080322265625,214,295
2026-03-28T17:46:39.863926,3746,14.993515491485596,897,675.6499999999897,723,723,False,stuck_timeout,0,0,0,0,0,0,22.821969696969695,0.7532329988851614,40.73045349121094,40.73045349121094,377,519
2026-03-28T17:46:53.915270,3747,12.770268678665161,761,867.7499999999941,898,898,False,death,0,0,0,0,0,0,28.345959595959595,1.1402759526938162,41.81694030761719,41.81694030761719,320,440
2026-03-28T17:47:18.111713,3748,21.293301105499268,1273,1101.3499999999824,1125,1125,False,death,0,0,0,0,0,0,35.51136363636363,0.865161036920646,40.574913024902344,40.574913024902344,535,737
2026-03-28T17:47:24.011980,3749,5.0176873207092285,301,219.25000000000037,255,255,False,death,0,0,0,0,0,0,8.049242424242424,0.7284053156146192,40.0504264831543,40.0504264831543,126,174
2026-03-28T17:47:40.180239,3750,14.091616153717041,842,1102.949999999988,1127,1127,False,death,0,0,0,0,0,0,35.57449494949495,1.3099168646080617,41.438297271728516,41.438297271728516,353,488
2026-03-28T17:47:43.964382,3751,3.023149013519287,179,271.25000000000017,307,307,False,death,0,0,0,0,0,0,9.690656565656566,1.5153631284916211,39.901466369628906,39.901466369628906,75,103
2026-03-28T17:47:48.323886,3752,3.5136020183563232,209,257.0000000000005,291,291,False,death,0,0,0,0,0,0,9.18560606060606,1.2296650717703375,41.24861145019531,41.24861145019531,87,121
2026-03-28T17:47:56.302695,3753,7.018794298171997,422,678.5499999999975,705,705,False,death,0,0,0,0,0,0,22.25378787878788,1.6079383886255865,40.96050262451172,40.96050262451172,177,244
2026-03-28T17:48:18.187287,3754,19.138293027877808,1144,1404.3499999999813,1418,1418,False,death,0,0,0,0,0,0,44.76010101010101,1.227578671328655,41.23356628417969,41.23356628417969,480,663
2026-03-28T17:48:27.752199,3755,8.525975942611694,513,666.3499999999976,690,690,False,death,0,0,0,0,0,0,21.78030303030303,1.2989278752436602,40.46742630004883,40.46742630004883,215,297
2026-03-28T17:48:32.000428,3756,3.4196927547454834,205,261.20000000000056,296,296,False,death,0,0,0,0,0,0,9.343434343434344,1.2741463414634173,40.81901550292969,40.81901550292969,86,118
2026-03-28T17:48:36.137532,3757,3.283961057662964,197,268.85000000000036,302,302,False,death,0,0,0,0,0,0,9.532828282828284,1.364720812182743,40.445762634277344,40.445762634277344,82,114
2026-03-28T17:48:54.043780,3758,16.514610528945923,992,850.3999999999895,899,899,False,stuck_timeout,0,0,0,0,0,0,28.377525252525253,0.8572580645161184,41.40956115722656,41.40956115722656,416,575
2026-03-28T17:48:57.752872,3759,2.9162986278533936,171,277.5000000000001,313,313,False,death,0,0,0,0,0,0,9.880050505050505,1.6228070175438603,39.841182708740234,39.841182708740234,71,99
2026-03-28T17:49:14.123862,3760,14.251198530197144,854,818.2499999999893,859,859,False,death,0,0,0,0,0,0,27.11489898989899,0.9581381733020952,39.85163879394531,39.85163879394531,358,495
2026-03-28T17:49:22.282146,3761,7.193773984909058,430,675.4499999999982,702,702,False,death,0,0,0,0,0,0,22.15909090909091,1.570813953488368,40.399253845214844,40.399253845214844,180,249
2026-03-28T17:49:32.144121,3762,8.844732761383057,531,656.449999999999,683,683,False,death,0,0,0,0,0,0,21.559343434343432,1.2362523540489623,41.22871017456055,41.22871017456055,222,308
2026-03-28T17:49:48.965661,3763,15.499437093734741,929,629.099999999996,664,664,False,death,0,0,0,0,0,0,20.95959595959596,0.6771797631862175,40.21178436279297,40.21178436279297,389,539
2026-03-28T17:50:04.332901,3764,14.097493410110474,845,875.3999999999912,898,898,False,death,0,0,0,0,0,0,28.345959595959595,1.0359763313609363,41.804473876953125,41.804473876953125,354,490
2026-03-28T17:50:27.612881,3765,20.477487325668335,1224,1109.9499999999844,1130,1130,False,death,0,0,0,0,0,0,35.66919191919192,0.9068218954248238,41.36635208129883,41.36635208129883,513,710
2026-03-28T17:50:44.562812,3766,15.628633737564087,939,793.5499999999922,822,822,False,death,0,0,0,0,0,0,25.946969696969695,0.8451011714589907,42.016441345214844,42.016441345214844,393,545
2026-03-28T17:51:03.742215,3767,16.82343363761902,1011,1110.3999999999864,1128,1128,False,death,0,0,0,0,0,0,35.60606060606061,1.0983184965380677,40.78234100341797,40.78234100341797,423,587
2026-03-28T17:51:07.986580,3768,3.4138598442077637,201,262.6500000000005,296,296,False,death,0,0,0,0,0,0,9.343434343434344,1.3067164179104502,39.981842041015625,39.981842041015625,84,116
2026-03-28T17:51:15.431781,3769,6.514051198959351,385,652.199999999999,681,681,False,death,0,0,0,0,0,0,21.49621212121212,1.6940259740259715,41.177955627441406,41.177955627441406,161,223
2026-03-28T17:51:36.975094,3770,19.97493314743042,1196,845.8499999999876,898,898,False,death,0,0,0,0,0,0,28.345959595959595,0.7072324414715616,40.502197265625,40.502197265625,501,694
2026-03-28T17:51:50.033321,3771,11.220535039901733,668,1119.4999999999882,1135,1135,False,death,0,0,0,0,0,0,35.82702020202021,1.6758982035927967,40.448753356933594,40.448753356933594,279,388
2026-03-28T17:52:14.692364,3772,21.752985954284668,1304,1404.7999999999777,1431,1431,False,death,0,0,0,0,0,0,45.17045454545455,1.0773006134969154,41.37826156616211,41.37826156616211,546,757
2026-03-28T17:52:24.964019,3773,9.202778816223145,550,667.3000000000003,691,691,False,death,0,0,0,0,0,0,21.81186868686869,1.2132727272727277,41.41548156738281,41.41548156738281,230,319
2026-03-28T17:52:28.853270,3774,3.1149864196777344,187,272.7500000000004,307,307,False,death,0,0,0,0,0,0,9.690656565656566,1.4585561497326225,40.843048095703125,40.843048095703125,78,108
2026-03-28T17:52:32.046332,3775,2.4714369773864746,149,278.4000000000005,314,314,False,death,0,0,0,0,0,0,9.91161616161616,1.8684563758389294,40.461341857910156,40.461341857910156,62,86
2026-03-28T17:52:37.311660,3776,4.435575485229492,265,243.65000000000026,280,280,False,death,0,0,0,0,0,0,8.83838383838384,0.919433962264152,41.26742172241211,41.26742172241211,110,154
2026-03-28T17:52:46.463813,3777,8.199573516845703,489,667.5499999999987,695,695,False,death,0,0,0,0,0,0,21.93813131313131,1.3651329243353756,40.50592041015625,40.50592041015625,204,284
2026-03-28T17:53:05.265646,3778,16.43537425994873,983,1123.0999999999854,1136,1136,False,death,0,0,0,0,0,0,35.858585858585855,1.1425228891149393,41.32050704956055,41.32050704956055,411,571
2026-03-28T17:53:10.213511,3779,4.062678575515747,242,247.05000000000047,282,282,False,death,0,0,0,0,0,0,8.901515151515152,1.0208677685950434,42.28753662109375,42.28753662109375,101,140
2026-03-28T17:53:14.337669,3780,3.1277236938476562,188,258.0000000000004,293,293,False,death,0,0,0,0,0,0,9.248737373737374,1.372340425531917,42.2830810546875,42.2830810546875,78,109
2026-03-28T17:53:34.476107,3781,18.724974870681763,1121,660.5999999999872,724,724,False,death,0,0,0,0,0,0,22.853535353535353,0.5892952720784899,41.34242248535156,41.34242248535156,469,651
2026-03-28T17:53:57.563970,3782,20.350196361541748,1220,1400.6499999999835,1428,1428,False,death,0,0,0,0,0,0,45.07575757575758,1.1480737704917898,41.03937530517578,41.03937530517578,510,709
2026-03-28T17:54:07.036909,3783,8.478830337524414,505,685.2499999999973,710,710,False,death,0,0,0,0,0,0,22.411616161616163,1.3569306930693015,41.07174301147461,41.07174301147461,211,293
2026-03-28T17:54:11.235350,3784,3.4183547496795654,205,261.1500000000005,295,295,False,death,0,0,0,0,0,0,9.311868686868687,1.2739024390243927,41.162776947021484,41.162776947021484,85,119
2026-03-28T17:54:19.771067,3785,7.497507333755493,451,670.7999999999977,698,698,False,death,0,0,0,0,0,0,22.03282828282828,1.487361419068731,42.080989837646484,42.080989837646484,188,262
2026-03-28T17:54:23.459864,3786,2.899536609649658,175,272.4500000000002,309,309,False,death,0,0,0,0,0,0,9.753787878787879,1.556857142857144,39.98094177246094,39.98094177246094,73,101
2026-03-28T17:54:45.697237,3787,19.64746904373169,1179,1390.4499999999819,1424,1424,False,death,0,0,0,0,0,0,44.94949494949495,1.1793469041560491,41.723628997802734,41.723628997802734,492,686
2026-03-28T17:54:55.169160,3788,8.402753353118896,503,653.8999999999983,681,681,False,death,0,0,0,0,0,0,21.49621212121212,1.2999999999999965,39.715904235839844,39.715904235839844,210,292
2026-03-28T17:55:09.814968,3789,13.412940979003906,805,674.3999999999922,724,724,False,stuck_timeout,0,0,0,0,0,0,22.853535353535353,0.8377639751552699,41.463783264160156,41.463783264160156,336,468
2026-03-28T17:55:27.521921,3790,16.423856735229492,987,674.2999999999892,724,724,False,stuck_timeout,0,0,0,0,0,0,22.853535353535353,0.6831813576494318,41.394710540771484,41.394710540771484,412,574
2026-03-28T17:55:31.387786,3791,3.089407444000244,183,266.00000000000017,302,302,False,death,0,0,0,0,0,0,9.532828282828284,1.453551912568307,42.03144454956055,42.03144454956055,76,106
2026-03-28T17:55:44.151723,3792,11.64073133468628,696,691.4499999999965,723,723,False,death,0,0,0,0,0,0,22.821969696969695,0.993462643678156,40.61865997314453,40.61865997314453,290,405
2026-03-28T17:55:59.800001,3793,14.373131036758423,859,867.6999999999903,899,899,False,death,0,0,0,0,0,0,28.377525252525253,1.0101280558789176,41.369720458984375,41.369720458984375,359,499
2026-03-28T17:56:12.059100,3794,11.079481601715088,664,667.2499999999993,693,693,False,death,0,0,0,0,0,0,21.875,1.004894578313252,41.18145751953125,41.18145751953125,277,386
2026-03-28T17:56:15.810730,3795,2.9828455448150635,176,275.40000000000015,311,311,False,death,0,0,0,0,0,0,9.816919191919192,1.564772727272728,41.99566650390625,41.99566650390625,73,102
2026-03-28T17:56:31.205727,3796,14.04889178276062,843,865.1999999999921,899,899,False,death,0,0,0,0,0,0,28.377525252525253,1.0263345195729443,41.04671096801758,41.04671096801758,352,490
2026-03-28T17:56:45.398903,3797,12.980769157409668,779,685.8999999999944,722,722,False,death,0,0,0,0,0,0,22.79040404040404,0.8804878048780416,42.37584686279297,42.37584686279297,325,453
2026-03-28T17:56:49.444620,3798,3.2255523204803467,193,266.95000000000033,302,302,False,death,0,0,0,0,0,0,9.532828282828284,1.3831606217616597,41.09550094604492,41.09550094604492,80,112
2026-03-28T17:57:12.398534,3799,20.160284996032715,1211,1422.0499999999813,1430,1430,False,death,0,0,0,0,0,0,45.13888888888889,1.1742774566473835,40.66134262084961,40.66134262084961,505,705
2026-03-28T17:57:16.577989,3800,3.147026777267456,187,276.40000000000015,313,313,False,death,0,0,0,0,0,0,9.880050505050505,1.4780748663101613,40.58681869506836,40.58681869506836,78,108
2026-03-28T17:57:34.136918,3801,16.24377417564392,973,836.8499999999898,871,871,False,death,0,0,0,0,0,0,27.49368686868687,0.8600719424460327,41.190757751464844,41.190757751464844,406,566
2026-03-28T17:57:44.431945,3802,9.242116689682007,551,670.5999999999983,699,699,False,death,0,0,0,0,0,0,22.064393939393938,1.217059891107075,40.794830322265625,40.794830322265625,230,320
2026-03-28T17:57:59.357886,3803,13.606198787689209,817,688.9499999999953,722,722,False,death,0,0,0,0,0,0,22.79040404040404,0.8432680538555634,42.30791091918945,42.30791091918945,341,475
2026-03-28T17:58:04.493024,3804,4.251061916351318,252,341.25000000000074,374,374,False,death,0,0,0,0,0,0,11.805555555555555,1.3541666666666696,41.36491394042969,41.36491394042969,105,146
2026-03-28T17:58:29.622270,3805,22.26037335395813,1334,1407.8999999999799,1428,1428,False,death,0,0,0,0,0,0,45.07575757575758,1.0553973013493103,41.91975021362305,41.91975021362305,556,777
2026-03-28T17:58:41.019069,3806,10.276068449020386,615,629.7499999999973,656,656,False,death,0,0,0,0,0,0,20.707070707070706,1.0239837398373939,41.56769943237305,41.56769943237305,256,358
2026-03-28T17:59:02.985866,3807,19.390587091445923,1162,1105.0999999999854,1123,1123,False,death,0,0,0,0,0,0,35.448232323232325,0.9510327022375089,40.4180908203125,40.4180908203125,484,677
2026-03-28T17:59:15.266412,3808,10.52117133140564,629,1112.0999999999917,1129,1129,False,death,0,0,0,0,0,0,35.63762626262626,1.7680445151033255,41.70295333862305,41.70295333862305,262,366
2026-03-28T17:59:19.043376,3809,2.9949100017547607,179,272.2000000000006,307,307,False,death,0,0,0,0,0,0,9.690656565656566,1.5206703910614559,40.31376647949219,40.31376647949219,74,104
2026-03-28T17:59:23.313626,3810,3.44834303855896,206,254.45000000000036,289,289,False,death,0,0,0,0,0,0,9.122474747474747,1.2351941747572832,41.835784912109375,41.835784912109375,85,120
2026-03-28T17:59:38.928162,3811,13.434872150421143,807,1111.299999999989,1125,1125,False,death,0,0,0,0,0,0,35.51136363636363,1.3770755885997386,41.21082305908203,41.21082305908203,336,470
2026-03-28T18:00:14.952327,3812,32.06580948829651,1921,1403.5499999999788,1420,1420,False,death,0,0,0,0,0,0,44.823232323232325,0.7306350858927532,41.21967697143555,41.21967697143555,800,1120
2026-03-28T18:01:02.402241,3813,42.72598695755005,2559,2454.7000000000144,2469,2469,False,death,0,0,0,0,0,0,77.93560606060606,0.9592418913638197,42.13524627685547,42.13524627685547,1065,1493
2026-03-28T18:01:13.971102,3814,10.444088220596313,625,660.2999999999965,694,694,False,death,0,0,0,0,0,0,21.906565656565657,1.0564799999999945,41.69697570800781,41.69697570800781,260,364
2026-03-28T18:01:36.347991,3815,19.78316068649292,1182,1105.0999999999888,1127,1127,False,death,0,0,0,0,0,0,35.57449494949495,0.934940778341784,40.54019546508789,40.54019546508789,491,690
2026-03-28T18:01:40.836793,3816,3.644153356552124,214,271.6500000000006,306,306,False,death,0,0,0,0,0,0,9.659090909090908,1.2693925233644887,42.48271942138672,42.48271942138672,89,124
2026-03-28T18:01:57.952576,3817,15.758171796798706,943,781.0499999999929,809,809,False,death,0,0,0,0,0,0,25.53661616161616,0.8282608695652098,41.352596282958984,41.352596282958984,392,550
2026-03-28T18:02:04.338546,3818,5.4417829513549805,322,649.6499999999983,680,680,False,death,0,0,0,0,0,0,21.464646464646464,2.017546583850926,41.89982223510742,41.89982223510742,133,188
2026-03-28T18:02:13.935602,3819,8.593829154968262,517,663.199999999998,686,686,False,death,0,0,0,0,0,0,21.654040404040405,1.2827852998065725,42.28313446044922,42.28313446044922,215,301
2026-03-28T18:02:33.736845,3820,17.3741672039032,1043,1112.199999999988,1133,1133,False,death,0,0,0,0,0,0,35.76388888888889,1.0663470757430373,40.54850387573242,40.54850387573242,433,609
2026-03-28T18:02:56.155910,3821,19.578280210494995,1172,1409.6499999999821,1418,1418,False,death,0,0,0,0,0,0,44.76010101010101,1.2027730375426469,41.383155822753906,41.383155822753906,487,684
2026-03-28T18:03:01.064818,3822,4.055995941162109,241,273.00000000000017,312,312,False,death,0,0,0,0,0,0,9.848484848484848,1.1327800829875525,41.39026641845703,41.39026641845703,100,140
2026-03-28T18:03:20.279944,3823,16.87002992630005,1009,1407.299999999983,1428,1428,False,death,0,0,0,0,0,0,45.07575757575758,1.39474727452922,41.63750457763672,41.63750457763672,419,589
2026-03-28T18:03:36.323030,3824,14.79629898071289,885,862.0499999999877,899,899,False,death,0,0,0,0,0,0,28.377525252525253,0.9740677966101555,41.40983581542969,41.40983581542969,367,517
2026-03-28T18:03:56.264955,3825,18.541508436203003,1103,796.6499999999896,840,840,False,death,0,0,0,0,0,0,26.515151515151516,0.7222574796010786,41.783992767333984,41.783992767333984,458,644
2026-03-28T18:04:19.789921,3826,21.9826922416687,1318,851.149999999987,899,899,False,stuck_timeout,0,0,0,0,0,0,28.377525252525253,0.6457890743550736,41.53253173828125,41.53253173828125,547,770
2026-03-28T18:04:23.775477,3827,3.1762874126434326,190,274.1500000000005,308,308,False,death,0,0,0,0,0,0,9.722222222222223,1.442894736842108,41.29715347290039,41.29715347290039,78,111
2026-03-28T18:04:51.183569,3828,24.184605360031128,1452,1089.8999999999824,1124,1124,False,death,0,0,0,0,0,0,35.47979797979798,0.7506198347107317,41.34822082519531,41.34822082519531,603,848
2026-03-28T18:04:54.465168,3829,2.560175895690918,151,276.4500000000002,313,313,False,death,0,0,0,0,0,0,9.880050505050505,1.8307947019867563,40.715206146240234,40.715206146240234,62,88
2026-03-28T18:05:21.566799,3830,25.382487058639526,1521,1077.3999999999792,1122,1122,False,death,0,0,0,0,0,0,35.41666666666667,0.7083497698882177,40.93891906738281,40.93891906738281,631,889
2026-03-28T18:05:37.898840,3831,14.917367219924927,895,856.2499999999894,900,900,False,stuck_timeout,0,0,0,0,0,0,28.40909090909091,0.9567039106145133,41.39081954956055,41.39081954956055,371,523
2026-03-28T18:05:41.536630,3832,2.859164237976074,170,274.35000000000025,310,310,False,death,0,0,0,0,0,0,9.785353535353536,1.6138235294117662,41.87323760986328,41.87323760986328,70,99
2026-03-28T18:05:50.444699,3833,7.861308336257935,471,698.6499999999982,723,723,False,death,0,0,0,0,0,0,22.821969696969695,1.4833333333333294,42.66544723510742,42.66544723510742,195,275
2026-03-28T18:06:00.382352,3834,8.849114418029785,531,652.1499999999974,678,678,False,death,0,0,0,0,0,0,21.401515151515152,1.2281544256120478,41.10041046142578,41.10041046142578,220,310
2026-03-28T18:06:49.082309,3835,43.561349630355835,2608,1923.8499999999628,1966,1966,False,death,0,0,0,0,0,0,62.05808080808081,0.7376725460122557,41.658416748046875,41.658416748046875,1082,1525
2026-03-28T18:06:52.392288,3836,2.5882654190063477,151,274.05000000000047,309,309,False,death,0,0,0,0,0,0,9.753787878787879,1.8149006622516588,41.37150192260742,41.37150192260742,62,88
2026-03-28T18:06:56.152269,3837,2.927771806716919,174,271.55000000000064,306,306,False,death,0,0,0,0,0,0,9.659090909090908,1.5606321839080497,41.970333099365234,41.970333099365234,72,101
2026-03-28T18:07:13.233169,3838,15.718820333480835,945,868.0999999999885,899,899,False,death,0,0,0,0,0,0,28.377525252525253,0.9186243386243265,41.4554328918457,41.4554328918457,392,552
2026-03-28T18:07:27.157248,3839,12.717019319534302,760,687.2999999999942,722,722,False,death,0,0,0,0,0,0,22.79040404040404,0.9043421052631502,40.85454559326172,40.85454559326172,315,444
2026-03-28T18:07:42.233700,3840,12.990525484085083,777,872.3499999999923,899,899,False,death,0,0,0,0,0,0,28.377525252525253,1.1227155727155629,41.4879035949707,41.4879035949707,322,454
2026-03-28T18:07:47.165083,3841,4.048416376113892,238,260.9500000000008,293,293,False,death,0,0,0,0,0,0,9.248737373737374,1.0964285714285746,40.20860290527344,40.20860290527344,98,139
2026-03-28T18:07:56.977257,3842,8.712616682052612,520,671.8999999999979,698,698,False,death,0,0,0,0,0,0,22.03282828282828,1.2921153846153806,40.60859298706055,40.60859298706055,215,304
2026-03-28T18:08:09.884271,3843,11.750295639038086,701,768.849999999994,794,794,False,death,0,0,0,0,0,0,25.063131313131315,1.0967902995720313,41.529541015625,41.529541015625,290,410
2026-03-28T18:08:45.831712,3844,32.20503807067871,1931,1177.0999999999758,1220,1220,False,death,0,0,0,0,0,0,38.51010101010101,0.6095805282237058,40.47984313964844,40.47984313964844,800,1130
2026-03-28T18:08:50.925363,3845,4.180816888809204,250,257.1000000000005,291,291,False,death,0,0,0,0,0,0,9.18560606060606,1.028400000000002,41.86051940917969,41.86051940917969,103,146
2026-03-28T18:09:01.166464,3846,9.124372243881226,545,653.2499999999976,678,678,False,death,0,0,0,0,0,0,21.401515151515152,1.1986238532110047,41.97856521606445,41.97856521606445,226,318
2026-03-28T18:09:27.936867,3847,23.67900848388672,1420,1403.199999999977,1430,1430,False,death,0,0,0,0,0,0,45.13888888888889,0.9881690140844909,40.78098678588867,40.78098678588867,588,831
2026-03-28T18:09:33.187045,3848,4.340132474899292,259,237.00000000000023,272,272,False,death,0,0,0,0,0,0,8.585858585858585,0.9150579150579159,41.68378448486328,41.68378448486328,107,151
2026-03-28T18:09:54.668172,3849,18.817463397979736,1126,1103.7499999999902,1127,1127,False,death,0,0,0,0,0,0,35.57449494949495,0.9802397868561192,40.826377868652344,40.826377868652344,466,659
2026-03-28T18:09:58.367339,3850,2.8948757648468018,171,267.9500000000005,303,303,False,death,0,0,0,0,0,0,9.56439393939394,1.5669590643274882,42.81531524658203,42.81531524658203,70,100
2026-03-28T18:10:08.125150,3851,8.698607683181763,519,674.849999999997,701,701,False,death,0,0,0,0,0,0,22.127525252525253,1.3002890173410346,41.71384811401367,41.71384811401367,215,303
2026-03-28T18:10:29.387771,3852,19.684815406799316,1182,658.4499999999811,724,724,False,stuck_timeout,0,0,0,0,0,0,22.853535353535353,0.5570642978003224,41.30326461791992,41.30326461791992,489,692
2026-03-28T18:10:37.031396,3853,6.639697074890137,398,697.6499999999977,723,723,False,death,0,0,0,0,0,0,22.821969696969695,1.7528894472361751,42.3143310546875,42.3143310546875,164,233
2026-03-28T18:10:45.665707,3854,7.561011075973511,453,651.1499999999978,681,681,False,death,0,0,0,0,0,0,21.49621212121212,1.4374172185430416,42.942466735839844,42.942466735839844,187,265
2026-03-28T18:10:49.795162,3855,3.2999768257141113,197,271.7000000000002,306,306,False,death,0,0,0,0,0,0,9.659090909090908,1.3791878172588843,41.19898223876953,41.19898223876953,81,115
2026-03-28T18:11:00.946823,3856,9.981602907180786,597,650.5999999999992,673,673,False,death,0,0,0,0,0,0,21.24368686868687,1.0897822445561125,41.14350128173828,41.14350128173828,247,349
2026-03-28T18:11:04.468161,3857,2.7595534324645996,163,273.4000000000004,309,309,False,death,0,0,0,0,0,0,9.753787878787879,1.6773006134969348,41.14924621582031,41.14924621582031,67,95
2026-03-28T18:11:09.091248,3858,3.7775309085845947,222,269.5500000000004,305,305,False,death,0,0,0,0,0,0,9.627525252525253,1.214189189189191,41.918209075927734,41.918209075927734,91,130
2026-03-28T18:11:13.492662,3859,3.602693796157837,215,254.8500000000008,287,287,False,death,0,0,0,0,0,0,9.059343434343434,1.185348837209306,42.229225158691406,42.229225158691406,89,125
2026-03-28T18:11:38.312420,3860,21.812875747680664,1306,1088.5999999999826,1123,1123,False,death,0,0,0,0,0,0,35.448232323232325,0.8335375191424063,41.71979904174805,41.71979904174805,540,765
2026-03-28T18:11:57.667548,3861,17.891690492630005,1075,678.699999999992,723,723,False,death,0,0,0,0,0,0,22.821969696969695,0.6313488372092949,41.161041259765625,41.161041259765625,445,629
2026-03-28T18:12:24.060912,3862,23.483219861984253,1405,1492.4499999999819,1510,1510,False,death,0,0,0,0,0,0,47.66414141414141,1.0622419928825493,40.60053634643555,40.60053634643555,581,823
2026-03-28T18:12:51.042638,3863,23.91880226135254,1434,1489.8499999999774,1494,1494,False,death,0,0,0,0,0,0,47.159090909090914,1.0389470013946844,41.62846755981445,41.62846755981445,593,840
2026-03-28T18:13:14.331276,3864,20.54018259048462,1229,1119.24999999998,1148,1148,False,death,0,0,0,0,0,0,36.23737373737374,0.9106997558990887,41.82975769042969,41.82975769042969,508,720
2026-03-28T18:13:31.126368,3865,15.410300016403198,920,802.0999999999893,838,838,False,death,0,0,0,0,0,0,26.452020202020204,0.8718478260869449,41.9364128112793,41.9364128112793,380,539
2026-03-28T18:13:34.485645,3866,2.6608359813690186,154,274.7500000000003,313,313,False,death,0,0,0,0,0,0,9.880050505050505,1.784090909090911,42.43146514892578,42.43146514892578,63,90
2026-03-28T18:14:01.939729,3867,24.32599377632141,1462,1386.2999999999738,1425,1425,False,death,0,0,0,0,0,0,44.98106060606061,0.9482216142270683,40.048851013183594,40.048851013183594,604,857
2026-03-28T18:14:10.687295,3868,7.743194341659546,464,694.1499999999983,722,722,False,death,0,0,0,0,0,0,22.79040404040404,1.496012931034479,41.935176849365234,41.935176849365234,191,272
2026-03-28T18:14:28.974774,3869,16.87113928794861,1009,1104.4499999999875,1123,1123,False,death,0,0,0,0,0,0,35.448232323232325,1.094598612487599,42.044227600097656,42.044227600097656,416,592
2026-03-28T18:14:52.051570,3870,20.18187379837036,1210,1124.4499999999855,1137,1137,False,death,0,0,0,0,0,0,35.890151515151516,0.929297520661145,41.387184143066406,41.387184143066406,499,710
2026-03-28T18:15:06.639768,3871,13.354883432388306,797,682.7499999999941,723,723,False,death,0,0,0,0,0,0,22.821969696969695,0.8566499372647354,42.18815612792969,42.18815612792969,329,467
2026-03-28T18:15:23.679790,3872,14.797349452972412,885,1107.5499999999874,1125,1125,False,death,0,0,0,0,0,0,35.51136363636363,1.251468926553658,41.38435363769531,41.38435363769531,365,519
2026-03-28T18:15:33.650766,3873,8.920421838760376,529,667.4999999999982,690,690,False,death,0,0,0,0,0,0,21.78030303030303,1.261814744801509,40.84126281738281,40.84126281738281,218,310
2026-03-28T18:16:11.117193,3874,35.30238056182861,2114,764.9999999999751,916,916,False,stuck_timeout,0,0,0,0,0,0,28.914141414141415,0.3618732261116249,40.78376388549805,40.78376388549805,872,1241
2026-03-28T18:16:14.894758,3875,2.997653007507324,177,269.00000000000034,303,303,False,death,0,0,0,0,0,0,9.56439393939394,1.519774011299437,40.27647018432617,40.27647018432617,73,103
2026-03-28T18:16:41.595929,3876,23.677323818206787,1419,1392.949999999978,1424,1424,False,death,0,0,0,0,0,0,44.94949494949495,0.9816420014094278,41.6453971862793,41.6453971862793,585,833
2026-03-28T18:16:57.387224,3877,13.7664213180542,824,1104.9499999999916,1127,1127,False,death,0,0,0,0,0,0,35.57449494949495,1.3409587378640675,41.7743034362793,41.7743034362793,339,484
2026-03-28T18:17:01.274075,3878,3.106144905090332,182,274.7000000000005,311,311,False,death,0,0,0,0,0,0,9.816919191919192,1.5093406593406622,41.43186569213867,41.43186569213867,75,106
2026-03-28T18:17:04.956104,3879,2.867513418197632,170,274.30000000000024,311,311,False,death,0,0,0,0,0,0,9.816919191919192,1.6135294117647072,41.7265625,41.7265625,70,99
2026-03-28T18:17:28.483356,3880,20.65908670425415,1240,1416.1499999999826,1424,1424,False,death,0,0,0,0,0,0,44.94949494949495,1.1420564516128893,41.81700897216797,41.81700897216797,511,728
2026-03-28T18:17:51.469600,3881,20.123260021209717,1206,1105.5499999999913,1130,1130,False,death,0,0,0,0,0,0,35.66919191919192,0.916708126036477,41.11211395263672,41.11211395263672,496,709
2026-03-28T18:17:56.579400,3882,4.2304346561431885,250,263.6500000000005,298,298,False,death,0,0,0,0,0,0,9.406565656565656,1.054600000000002,41.53447723388672,41.53447723388672,103,146
2026-03-28T18:18:01.810871,3883,4.349778413772583,261,242.15000000000055,277,277,False,death,0,0,0,0,0,0,8.743686868686869,0.9277777777777799,41.56956100463867,41.56956100463867,107,153
2026-03-28T18:18:14.277048,3884,11.275435209274292,675,773.7999999999948,804,804,False,death,0,0,0,0,0,0,25.37878787878788,1.1463703703703627,41.379058837890625,41.379058837890625,278,396
2026-03-28T18:18:22.532449,3885,7.239794015884399,434,667.2999999999985,694,694,False,death,0,0,0,0,0,0,21.906565656565657,1.5375576036866325,42.45356369018555,42.45356369018555,178,255
2026-03-28T18:18:30.942054,3886,7.464848041534424,446,649.8999999999984,679,679,False,death,0,0,0,0,0,0,21.43308080808081,1.4571748878923731,41.78569793701172,41.78569793701172,183,262
2026-03-28T18:18:42.661947,3887,10.60296368598938,633,774.0999999999947,798,798,False,death,0,0,0,0,0,0,25.189393939393938,1.2229067930489648,41.713768005371094,41.713768005371094,260,372
2026-03-28T18:18:52.180207,3888,8.515225172042847,510,677.5999999999995,703,703,False,death,0,0,0,0,0,0,22.190656565656568,1.328627450980391,41.52376937866211,41.52376937866211,210,299
2026-03-28T18:19:01.169225,3889,8.035115242004395,477,649.1499999999999,679,679,False,death,0,0,0,0,0,0,21.43308080808081,1.3609014675052409,41.29640197753906,41.29640197753906,196,280
2026-03-28T18:19:18.195725,3890,14.77025580406189,884,1410.4499999999875,1423,1423,False,death,0,0,0,0,0,0,44.917929292929294,1.5955316742081307,42.689048767089844,42.689048767089844,364,519
2026-03-28T18:19:21.974930,3891,2.990506410598755,174,270.6000000000004,305,305,False,death,0,0,0,0,0,0,9.627525252525253,1.5551724137931058,42.63243865966797,42.63243865966797,71,102
2026-03-28T18:19:30.932406,3892,7.963655233383179,473,673.9499999999995,700,700,False,death,0,0,0,0,0,0,22.095959595959595,1.4248414376321341,41.20799255371094,41.20799255371094,194,278
2026-03-28T18:19:35.583727,3893,3.8538436889648438,230,252.2000000000007,284,284,False,death,0,0,0,0,0,0,8.964646464646464,1.0965217391304378,42.38655471801758,42.38655471801758,94,135
2026-03-28T18:19:39.741544,3894,3.324080228805542,197,248.30000000000055,284,284,False,death,0,0,0,0,0,0,8.964646464646464,1.2604060913705613,42.375003814697266,42.375003814697266,81,115
2026-03-28T18:19:54.562741,3895,13.625441551208496,815,663.9999999999925,723,723,False,stuck_timeout,0,0,0,0,0,0,22.821969696969695,0.8147239263803588,42.27402877807617,42.27402877807617,335,479
2026-03-28T18:19:58.705289,3896,3.314164161682129,197,275.8000000000005,309,309,False,death,0,0,0,0,0,0,9.753787878787879,1.4000000000000026,42.08616256713867,42.08616256713867,81,115
2026-03-28T18:20:07.489019,3897,7.754315137863159,461,695.1999999999971,722,722,False,death,0,0,0,0,0,0,22.79040404040404,1.5080260303687572,42.039302825927734,42.039302825927734,189,271
2026-03-28T18:20:11.935015,3898,3.6312663555145264,212,278.55000000000035,316,316,False,death,0,0,0,0,0,0,9.974747474747476,1.3139150943396243,42.56705856323242,42.56705856323242,87,124
2026-03-28T18:20:16.128131,3899,3.3526382446289062,197,267.40000000000066,300,300,False,death,0,0,0,0,0,0,9.469696969696969,1.357360406091374,41.67530059814453,41.67530059814453,81,115
2026-03-28T18:20:31.457286,3900,13.307541847229004,795,665.1999999999972,701,701,False,death,0,0,0,0,0,0,22.127525252525253,0.8367295597484241,41.66665267944336,41.66665267944336,327,467
2026-03-28T18:20:38.822822,3901,6.401769638061523,383,211.5000000000007,256,256,False,death,0,0,0,0,0,0,8.080808080808081,0.5522193211488269,41.530364990234375,41.530364990234375,157,225
2026-03-28T18:20:51.293479,3902,11.308485984802246,674,866.5499999999943,899,899,False,death,0,0,0,0,0,0,28.377525252525253,1.285682492581594,41.77626037597656,41.77626037597656,277,396
2026-03-28T18:21:10.628487,3903,16.866634607315063,1012,1097.7499999999893,1126,1126,False,death,0,0,0,0,0,0,35.542929292929294,1.0847332015810172,42.0808219909668,42.0808219909668,416,595
2026-03-28T18:21:19.276060,3904,7.563553810119629,453,676.8499999999977,705,705,False,death,0,0,0,0,0,0,22.25378787878788,1.494150110375271,41.26436996459961,41.26436996459961,186,266
2026-03-28T18:21:33.864864,3905,12.630251407623291,754,1401.2999999999863,1416,1416,False,death,0,0,0,0,0,0,44.696969696969695,1.8584880636604593,42.3110466003418,42.3110466003418,310,443
2026-03-28T18:21:45.154944,3906,10.164391279220581,605,684.4499999999973,708,708,False,death,0,0,0,0,0,0,22.348484848484848,1.1313223140495823,42.68743133544922,42.68743133544922,248,356
2026-03-28T18:21:48.945903,3907,3.0350711345672607,177,278.0000000000003,313,313,False,death,0,0,0,0,0,0,9.880050505050505,1.5706214689265552,41.63975524902344,41.63975524902344,72,104
2026-03-28T18:21:53.703051,3908,3.876242160797119,232,328.35000000000076,364,364,False,death,0,0,0,0,0,0,11.48989898989899,1.4153017241379344,42.24702835083008,42.24702835083008,95,136
2026-03-28T18:21:58.093194,3909,3.6005775928497314,215,265.0000000000004,298,298,False,death,0,0,0,0,0,0,9.406565656565656,1.2325581395348855,41.92892837524414,41.92892837524414,88,126
2026-03-28T18:22:01.861008,3910,2.988032579421997,177,274.2500000000005,309,309,False,death,0,0,0,0,0,0,9.753787878787879,1.5494350282485905,40.354103088378906,40.354103088378906,72,104
2026-03-28T18:22:16.510023,3911,13.412314891815186,803,688.7499999999941,722,722,False,death,0,0,0,0,0,0,22.79040404040404,0.8577210460772031,41.83069610595703,41.83069610595703,330,472
2026-03-28T18:22:34.221506,3912,15.36484980583191,922,1097.3999999999874,1126,1126,False,death,0,0,0,0,0,0,35.542929292929294,1.1902386117136523,42.30925750732422,42.30925750732422,378,543
2026-03-28T18:22:57.711551,3913,21.93314504623413,1315,852.9499999999797,899,899,False,death,0,0,0,0,0,0,28.377525252525253,0.6486311787072089,43.2020378112793,43.2020378112793,540,774
2026-03-28T18:23:15.842920,3914,16.638814687728882,997,859.4999999999885,899,899,False,death,0,0,0,0,0,0,28.377525252525253,0.8620862587763175,42.012386322021484,42.012386322021484,409,587
2026-03-28T18:23:19.635115,3915,3.0036773681640625,176,276.80000000000035,312,312,False,death,0,0,0,0,0,0,9.848484848484848,1.5727272727272747,42.55052947998047,42.55052947998047,72,103
2026-03-28T18:23:41.374413,3916,20.1093590259552,1209,863.5999999999864,899,899,False,death,0,0,0,0,0,0,28.377525252525253,0.7143093465673999,40.99055480957031,40.99055480957031,496,712
2026-03-28T18:23:54.857139,3917,11.588865756988525,691,1111.1499999999908,1128,1128,False,death,0,0,0,0,0,0,35.60606060606061,1.6080318379160503,42.63987731933594,42.63987731933594,283,407
2026-03-28T18:23:58.772838,3918,3.1306705474853516,181,280.2000000000003,315,315,False,death,0,0,0,0,0,0,9.943181818181818,1.5480662983425428,42.6975212097168,42.6975212097168,74,106
2026-03-28T18:24:06.987500,3919,7.179992914199829,429,665.2499999999984,694,694,False,death,0,0,0,0,0,0,21.906565656565657,1.550699300699297,41.290260314941406,41.290260314941406,176,252
2026-03-28T18:24:24.321607,3920,15.02109980583191,899,1102.2499999999918,1123,1123,False,death,0,0,0,0,0,0,35.448232323232325,1.2260845383759642,41.683197021484375,41.683197021484375,369,529
2026-03-28T18:24:29.520239,3921,4.3712451457977295,263,263.6500000000006,298,298,False,death,0,0,0,0,0,0,9.406565656565656,1.002471482889736,41.547698974609375,41.547698974609375,107,155
2026-03-28T18:24:44.344774,3922,12.773637056350708,762,1117.2499999999875,1138,1138,False,death,0,0,0,0,0,0,35.92171717171717,1.4662073490813483,42.034454345703125,42.034454345703125,312,449
2026-03-28T18:25:06.472343,3923,19.495909929275513,1166,1415.9499999999825,1424,1424,False,death,0,0,0,0,0,0,44.94949494949495,1.2143653516294877,41.934974670410156,41.934974670410156,478,687
2026-03-28T18:25:13.108229,3924,5.67397928237915,340,651.8999999999996,682,682,False,death,0,0,0,0,0,0,21.52777777777778,1.9173529411764696,42.00385284423828,42.00385284423828,139,200
2026-03-28T18:25:16.307550,3925,2.4723167419433594,148,278.5000000000004,315,315,False,death,0,0,0,0,0,0,9.943181818181818,1.8817567567567595,40.983741760253906,40.983741760253906,60,87
2026-03-28T18:25:34.408492,3926,16.76072907447815,1001,663.9999999999885,723,723,False,stuck_timeout,0,0,0,0,0,0,22.821969696969695,0.6633366633366519,42.778297424316406,42.778297424316406,410,590
2026-03-28T18:25:46.516930,3927,10.94648790359497,656,669.6499999999913,723,723,False,stuck_timeout,0,0,0,0,0,0,22.821969696969695,1.0208079268292551,41.71672058105469,41.71672058105469,269,386
2026-03-28T18:25:54.564477,3928,7.041433572769165,417,671.1999999999985,699,699,False,death,0,0,0,0,0,0,22.064393939393938,1.609592326139085,42.09210205078125,42.09210205078125,171,245
2026-03-28T18:25:59.418356,3929,3.9696450233459473,239,273.55000000000024,308,308,False,death,0,0,0,0,0,0,9.722222222222223,1.144560669456068,41.48234939575195,41.48234939575195,98,140
2026-03-28T18:26:06.954585,3930,6.503426790237427,387,661.599999999999,687,687,False,death,0,0,0,0,0,0,21.685606060606062,1.7095607235142094,42.54037857055664,42.54037857055664,158,228
2026-03-28T18:26:11.175900,3931,3.3941867351531982,204,264.95000000000067,299,299,False,death,0,0,0,0,0,0,9.438131313131313,1.298774509803925,43.44160461425781,43.44160461425781,83,120
2026-03-28T18:26:19.556193,3932,7.328833103179932,435,695.3999999999963,723,723,False,death,0,0,0,0,0,0,22.821969696969695,1.598620689655164,42.311885833740234,42.311885833740234,178,256
2026-03-28T18:26:23.449221,3933,3.1083343029022217,181,273.8500000000004,311,311,False,death,0,0,0,0,0,0,9.816919191919192,1.512983425414367,42.39200973510742,42.39200973510742,74,106
2026-03-28T18:26:36.796177,3934,12.236637830734253,730,651.7999999999985,677,677,False,death,0,0,0,0,0,0,21.369949494949495,0.8928767123287651,42.09764862060547,42.09764862060547,299,430
2026-03-28T18:26:40.079191,3935,2.575939655303955,153,274.6500000000002,312,312,False,death,0,0,0,0,0,0,9.848484848484848,1.7950980392156877,42.20962142944336,42.20962142944336,62,90
2026-03-28T18:26:44.140416,3936,3.219119071960449,188,261.80000000000007,298,298,False,death,0,0,0,0,0,0,9.406565656565656,1.392553191489362,42.140296936035156,42.140296936035156,77,110
2026-03-28T18:26:48.154523,3937,3.212522029876709,190,277.6500000000005,312,312,False,death,0,0,0,0,0,0,9.848484848484848,1.4613157894736868,42.194175720214844,42.194175720214844,77,112
2026-03-28T18:26:52.830690,3938,3.834165334701538,231,258.5000000000005,292,292,False,death,0,0,0,0,0,0,9.217171717171716,1.1190476190476213,41.94964599609375,41.94964599609375,94,136
2026-03-28T18:27:04.942519,3939,10.964077949523926,657,630.399999999994,675,675,False,death,0,0,0,0,0,0,21.306818181818183,0.9595129375951201,41.896644592285156,41.896644592285156,269,387
2026-03-28T18:27:18.872151,3940,11.973277807235718,715,864.1999999999924,898,898,False,death,0,0,0,0,0,0,28.345959595959595,1.208671328671318,42.06509017944336,42.06509017944336,293,421
2026-03-28T18:27:35.476693,3941,15.2050199508667,909,865.4499999999929,898,898,False,death,0,0,0,0,0,0,28.345959595959595,0.9520902090208943,42.553321838378906,42.553321838378906,372,536
2026-03-28T18:27:42.092257,3942,5.670896530151367,339,649.4499999999991,677,677,False,death,0,0,0,0,0,0,21.369949494949495,1.9157817109144517,42.4224853515625,42.4224853515625,138,200
2026-03-28T18:27:59.049646,3943,14.71741533279419,883,1106.5499999999888,1124,1124,False,death,0,0,0,0,0,0,35.47979797979798,1.2531710079275071,43.14308166503906,43.14308166503906,361,521
2026-03-28T18:28:07.603634,3944,7.551206588745117,451,683.3000000000004,710,710,False,death,0,0,0,0,0,0,22.411616161616163,1.5150776053215087,41.318885803222656,41.318885803222656,184,266
2026-03-28T18:28:25.518050,3945,15.673373699188232,937,1409.9999999999866,1427,1427,False,death,0,0,0,0,0,0,45.04419191919192,1.5048025613660476,42.6689453125,42.6689453125,383,553
2026-03-28T18:28:34.997591,3946,8.394129514694214,501,667.1499999999977,693,693,False,death,0,0,0,0,0,0,21.875,1.3316367265469016,42.659034729003906,42.659034729003906,205,295
2026-03-28T18:28:44.793543,3947,8.73631477355957,522,666.8999999999982,693,693,False,death,0,0,0,0,0,0,21.875,1.2775862068965482,42.42662811279297,42.42662811279297,213,308
2026-03-28T18:28:49.173958,3948,3.5338568687438965,211,263.4500000000002,299,299,False,death,0,0,0,0,0,0,9.438131313131313,1.2485781990521336,40.80076217651367,40.80076217651367,86,124
2026-03-28T18:28:53.028935,3949,3.0859649181365967,183,271.35000000000036,307,307,False,death,0,0,0,0,0,0,9.690656565656566,1.4827868852459036,41.92747497558594,41.92747497558594,74,108
2026-03-28T18:28:56.985182,3950,3.1951332092285156,189,267.4500000000005,301,301,False,death,0,0,0,0,0,0,9.501262626262626,1.4150793650793678,43.24387741088867,43.24387741088867,77,111
2026-03-28T18:29:00.563570,3951,2.7990081310272217,166,278.6000000000003,314,314,False,death,0,0,0,0,0,0,9.91161616161616,1.6783132530120501,42.082664489746094,42.082664489746094,67,98
2026-03-28T18:29:05.136572,3952,3.7335364818573,219,279.2000000000002,315,315,False,death,0,0,0,0,0,0,9.943181818181818,1.2748858447488594,42.103363037109375,42.103363037109375,89,129
2026-03-28T18:29:12.250924,3953,6.130816698074341,365,650.4499999999985,680,680,False,death,0,0,0,0,0,0,21.464646464646464,1.7820547945205436,42.88111114501953,42.88111114501953,149,215
2026-03-28T18:29:25.314801,3954,11.921172857284546,717,854.649999999992,899,899,False,death,0,0,0,0,0,0,28.377525252525253,1.1919804741980362,41.780792236328125,41.780792236328125,293,423
2026-03-28T18:29:31.025327,3955,4.811678647994995,284,345.850000000001,378,378,False,death,0,0,0,0,0,0,11.931818181818182,1.2177816901408485,41.605159759521484,41.605159759521484,116,167
2026-03-28T18:29:56.403386,3956,22.3756160736084,1339,1505.4499999999798,1520,1520,False,death,0,0,0,0,0,0,47.97979797979798,1.1243091859596563,42.49734115600586,42.49734115600586,548,790
2026-03-28T18:30:17.005002,3957,19.14119005203247,1149,805.7999999999872,922,922,False,stuck_timeout,0,0,0,0,0,0,29.103535353535353,0.7013054830287095,42.0621223449707,42.0621223449707,470,678
2026-03-28T18:30:41.336539,3958,21.37379026412964,1279,1379.299999999977,1407,1407,False,death,0,0,0,0,0,0,44.41287878787879,1.0784206411258617,42.95846176147461,42.95846176147461,523,755
2026-03-28T18:30:55.713634,3959,13.128040790557861,784,830.99999999999,869,869,False,death,0,0,0,0,0,0,27.430555555555557,1.059948979591824,41.59203338623047,41.59203338623047,320,463
2026-03-28T18:31:04.794033,3960,7.615265846252441,455,679.0999999999985,705,705,False,death,0,0,0,0,0,0,22.25378787878788,1.4925274725274693,44.32952880859375,44.32952880859375,186,268
2026-03-28T18:31:09.134514,3961,3.5748496055603027,212,277.1500000000003,312,312,False,death,0,0,0,0,0,0,9.848484848484848,1.3073113207547185,41.46266555786133,41.46266555786133,86,125
2026-03-28T18:31:23.054337,3962,12.833343505859375,769,683.7999999999901,723,723,False,death,0,0,0,0,0,0,22.821969696969695,0.8892067620285956,41.60379409790039,41.60379409790039,314,454
2026-03-28T18:31:35.440273,3963,11.166513919830322,670,543.9999999999937,595,595,False,stuck_timeout,0,0,0,0,0,0,18.781565656565657,0.8119402985074533,41.32691955566406,41.32691955566406,273,396
2026-03-28T18:31:39.250854,3964,3.013943910598755,178,272.2500000000005,308,308,False,death,0,0,0,0,0,0,9.722222222222223,1.5294943820224747,42.63709259033203,42.63709259033203,72,105
2026-03-28T18:31:54.020573,3965,12.785954236984253,766,1136.4499999999916,1151,1151,False,death,0,0,0,0,0,0,36.332070707070706,1.4836161879895453,41.86402893066406,41.86402893066406,313,452
2026-03-28T18:31:57.322954,3966,2.59364652633667,155,276.95000000000033,313,313,False,death,0,0,0,0,0,0,9.880050505050505,1.7867741935483892,42.58334732055664,42.58334732055664,63,91
2026-03-28T18:32:34.093653,3967,32.76987051963806,1968,1374.599999999965,1423,1423,False,death,0,0,0,0,0,0,44.917929292929294,0.6984756097560797,42.77988815307617,42.77988815307617,803,1164
2026-03-28T18:32:50.978874,3968,15.522726058959961,927,685.5499999999918,723,723,False,death,0,0,0,0,0,0,22.821969696969695,0.7395361380798186,42.69122314453125,42.69122314453125,378,548
2026-03-28T18:32:59.501427,3969,7.554656744003296,454,649.1999999999972,676,676,False,death,0,0,0,0,0,0,21.338383838383837,1.4299559471365577,40.924285888671875,40.924285888671875,185,268
2026-03-28T18:33:06.428055,3970,5.9822938442230225,359,660.1999999999985,688,688,False,death,0,0,0,0,0,0,21.71717171717172,1.8389972144846753,41.71615219116211,41.71615219116211,146,212
2026-03-28T18:33:20.268516,3971,12.645216464996338,752,822.2999999999928,855,855,False,death,0,0,0,0,0,0,26.988636363636363,1.093484042553182,43.24290084838867,43.24290084838867,307,444
2026-03-28T18:33:38.067194,3972,15.522121667861938,931,1411.3999999999876,1432,1432,False,death,0,0,0,0,0,0,45.20202020202021,1.516004296455411,41.997047424316406,41.997047424316406,380,550
2026-03-28T18:33:56.014598,3973,15.691937923431396,942,1120.9999999999907,1138,1138,False,death,0,0,0,0,0,0,35.92171717171717,1.1900212314224954,42.10405731201172,42.10405731201172,384,557
2026-03-28T18:33:59.951403,3974,3.1474618911743164,189,267.4500000000002,302,302,False,death,0,0,0,0,0,0,9.532828282828284,1.4150793650793663,42.79450988769531,42.79450988769531,77,111
2026-03-28T18:34:15.457464,3975,13.454782247543335,801,1200.5499999999931,1223,1223,False,death,0,0,0,0,0,0,38.60479797979798,1.4988139825218392,42.53666687011719,42.53666687011719,326,474
2026-03-28T18:34:31.772411,3976,14.95118761062622,899,618.1499999999936,670,670,False,death,0,0,0,0,0,0,21.148989898989896,0.6875973303670674,42.4466552734375,42.4466552734375,366,532
2026-03-28T18:34:47.475590,3977,13.553587198257446,813,1119.24999999999,1135,1135,False,death,0,0,0,0,0,0,35.82702020202021,1.3766912669126568,42.29572677612305,42.29572677612305,331,481
2026-03-28T18:34:56.644055,3978,8.127678871154785,483,697.8999999999986,724,724,False,death,0,0,0,0,0,0,22.853535353535353,1.4449275362318812,42.76105880737305,42.76105880737305,196,286
2026-03-28T18:34:59.921135,3979,2.55725359916687,149,273.5000000000003,310,310,False,death,0,0,0,0,0,0,9.785353535353536,1.8355704697986597,42.90155029296875,42.90155029296875,60,88
2026-03-28T18:35:03.359748,3980,2.5460031032562256,150,274.60000000000036,311,311,False,death,0,0,0,0,0,0,9.816919191919192,1.830666666666669,42.695091247558594,42.695091247558594,61,88
2026-03-28T18:35:06.652066,3981,2.5808310508728027,154,276.7000000000003,313,313,False,death,0,0,0,0,0,0,9.880050505050505,1.7967532467532485,42.653160095214844,42.653160095214844,62,91
2026-03-28T18:35:32.560890,3982,22.904389142990112,1374,1501.049999999983,1512,1512,False,death,0,0,0,0,0,0,47.72727272727273,1.0924672489082845,42.83013153076172,42.83013153076172,559,814
2026-03-28T18:35:41.710300,3983,8.153011083602905,489,680.3999999999991,703,703,False,death,0,0,0,0,0,0,22.190656565656568,1.3914110429447835,42.563560485839844,42.563560485839844,199,289
2026-03-28T18:35:56.072779,3984,13.108980655670166,782,676.3499999999926,729,729,False,stuck_timeout,0,0,0,0,0,0,23.011363636363637,0.8648976982097093,43.02880096435547,43.02880096435547,318,463
2026-03-28T18:35:59.821586,3985,2.976128578186035,179,262.3500000000007,297,297,False,death,0,0,0,0,0,0,9.375,1.4656424581005627,42.389644622802734,42.389644622802734,72,106
2026-03-28T18:36:04.663083,3986,3.986213207244873,235,247.50000000000043,282,282,False,death,0,0,0,0,0,0,8.901515151515152,1.053191489361704,42.79697799682617,42.79697799682617,95,139
2026-03-28T18:36:14.191445,3987,8.466379165649414,505,645.2999999999979,675,675,False,death,0,0,0,0,0,0,21.306818181818183,1.2778217821782136,42.43812942504883,42.43812942504883,205,299
2026-03-28T18:36:27.207650,3988,11.715852975845337,701,661.2499999999922,723,723,False,stuck_timeout,0,0,0,0,0,0,22.821969696969695,0.9432952924393612,42.879852294921875,42.879852294921875,285,415
2026-03-28T18:36:35.620604,3989,7.465321779251099,442,673.5999999999997,701,701,False,death,0,0,0,0,0,0,22.127525252525253,1.523981900452488,42.5372428894043,42.5372428894043,180,261
2026-03-28T18:36:39.191201,3990,2.7946815490722656,169,276.0000000000004,313,313,False,death,0,0,0,0,0,0,9.880050505050505,1.6331360946745586,42.46308898925781,42.46308898925781,68,100
2026-03-28T18:36:47.595442,3991,7.430718183517456,445,665.7499999999986,695,695,False,death,0,0,0,0,0,0,21.93813131313131,1.496067415730334,42.939353942871094,42.939353942871094,181,263
2026-03-28T18:36:51.131526,3992,2.769930124282837,161,277.00000000000034,313,313,False,death,0,0,0,0,0,0,9.880050505050505,1.72049689440994,42.35154724121094,42.35154724121094,65,95
2026-03-28T18:37:02.469499,3993,10.204984903335571,608,679.8499999999987,707,707,False,death,0,0,0,0,0,0,22.31691919191919,1.118174342105261,42.43001174926758,42.43001174926758,247,360
2026-03-28T18:37:18.758094,3994,15.004842281341553,902,859.1499999999901,899,899,False,death,0,0,0,0,0,0,28.377525252525253,0.9524944567627385,42.55714416503906,42.55714416503906,367,534
2026-03-28T18:37:27.136969,3995,7.345752477645874,441,697.0499999999989,723,723,False,death,0,0,0,0,0,0,22.821969696969695,1.5806122448979567,41.820831298828125,41.820831298828125,179,261
2026-03-28T18:37:30.943302,3996,3.0095925331115723,179,269.2000000000001,305,305,False,death,0,0,0,0,0,0,9.627525252525253,1.5039106145251402,42.094051361083984,42.094051361083984,72,106
2026-03-28T18:37:50.629090,3997,17.232987880706787,1034,1093.0499999999836,1127,1127,False,death,0,0,0,0,0,0,35.57449494949495,1.0571083172146842,42.40479278564453,42.40479278564453,420,613
2026-03-28T18:38:01.020999,3998,9.259413242340088,555,676.7999999999986,703,703,False,death,0,0,0,0,0,0,22.190656565656568,1.219459459459457,43.40997314453125,43.40997314453125,225,329
2026-03-28T18:38:24.338207,3999,20.548906564712524,1233,1780.9999999999754,1793,1793,False,death,0,0,0,0,0,0,56.59722222222222,1.4444444444444244,41.931549072265625,41.931549072265625,501,731
2026-03-28T18:38:29.099105,4000,3.61989426612854,216,264.2000000000003,300,300,False,death,0,0,0,0,0,0,9.469696969696969,1.2231481481481494,42.09442901611328,42.09442901611328,87,128
2026-03-28T18:38:36.549136,4001,6.473779201507568,387,651.4499999999987,681,681,False,death,0,0,0,0,0,0,21.49621212121212,1.68333333333333,41.968467712402344,41.968467712402344,157,229
2026-03-28T18:38:50.578958,4002,12.77866244316101,762,698.0999999999974,722,722,False,death,0,0,0,0,0,0,22.79040404040404,0.9161417322834612,42.71234130859375,42.71234130859375,309,452
2026-03-28T18:38:59.793318,4003,8.180665016174316,491,689.6499999999978,713,713,False,death,0,0,0,0,0,0,22.50631313131313,1.4045824847250465,42.8836784362793,42.8836784362793,199,291
2026-03-28T18:39:05.672951,4004,4.9903037548065186,298,222.5000000000003,259,259,False,death,0,0,0,0,0,0,8.175505050505052,0.7466442953020145,42.149818420410156,42.149818420410156,121,176
2026-03-28T18:39:14.963115,4005,8.200143575668335,491,661.699999999998,690,690,False,death,0,0,0,0,0,0,21.78030303030303,1.3476578411405256,42.38560104370117,42.38560104370117,199,291
2026-03-28T18:39:22.313561,4006,6.400454759597778,383,681.6999999999977,709,709,False,death,0,0,0,0,0,0,22.380050505050505,1.7798955613576963,43.590118408203125,43.590118408203125,155,227
2026-03-28T18:39:32.804583,4007,9.37526535987854,559,655.5999999999972,684,684,False,death,0,0,0,0,0,0,21.59090909090909,1.1728085867620701,42.866294860839844,42.866294860839844,227,331
2026-03-28T18:39:41.395451,4008,7.55763053894043,454,675.4999999999978,703,703,False,death,0,0,0,0,0,0,22.190656565656568,1.4878854625550613,43.77973937988281,43.77973937988281,184,269
2026-03-28T18:39:56.380762,4009,13.735742330551147,824,1095.5999999999863,1123,1123,False,death,0,0,0,0,0,0,35.448232323232325,1.3296116504854203,42.794273376464844,42.794273376464844,335,488
2026-03-28T18:40:12.715749,4010,14.1819748878479,845,1112.3499999999915,1127,1127,False,death,0,0,0,0,0,0,35.57449494949495,1.3163905325443686,42.237056732177734,42.237056732177734,343,501
2026-03-28T18:40:22.181785,4011,8.488556623458862,504,665.5499999999977,689,689,False,death,0,0,0,0,0,0,21.748737373737374,1.3205357142857097,42.017669677734375,42.017669677734375,204,299
2026-03-28T18:40:30.945356,4012,7.779949903488159,467,673.2999999999994,699,699,False,death,0,0,0,0,0,0,22.064393939393938,1.4417558886509623,42.187252044677734,42.187252044677734,189,277
2026-03-28T18:40:41.410490,4013,9.469740152359009,569,646.4499999999971,676,676,False,death,0,0,0,0,0,0,21.338383838383837,1.136115992970118,42.7397575378418,42.7397575378418,231,337
2026-03-28T18:41:08.839634,4014,25.638515949249268,1534,786.7999999999813,916,916,False,stuck_timeout,0,0,0,0,0,0,28.914141414141415,0.5129074315514872,42.126976013183594,42.126976013183594,623,910
2026-03-28T18:41:17.506459,4015,7.641085147857666,455,672.9499999999987,704,704,False,death,0,0,0,0,0,0,22.22222222222222,1.4790109890109862,41.58307647705078,41.58307647705078,184,270
2026-03-28T18:41:31.296019,4016,12.51574993133545,749,683.649999999996,723,723,False,death,0,0,0,0,0,0,22.821969696969695,0.9127503337783658,42.17455291748047,42.17455291748047,304,444
2026-03-28T18:41:35.738959,4017,3.6191232204437256,217,276.5000000000001,312,312,False,death,0,0,0,0,0,0,9.848484848484848,1.2741935483870972,43.62596130371094,43.62596130371094,88,128
2026-03-28T18:41:51.167520,4018,14.168288707733154,846,881.1499999999919,899,899,False,death,0,0,0,0,0,0,28.377525252525253,1.0415484633569645,42.28291320800781,42.28291320800781,343,502
2026-03-28T18:41:59.729342,4019,7.563912391662598,454,670.7999999999981,696,696,False,death,0,0,0,0,0,0,21.96969696969697,1.477533039647573,42.76934051513672,42.76934051513672,184,269
2026-03-28T18:42:18.925455,4020,16.778534173965454,1002,685.7499999999974,707,707,False,death,0,0,0,0,0,0,22.31691919191919,0.6843812375249475,41.659645080566406,41.659645080566406,407,594
2026-03-28T18:42:33.546506,4021,13.35177206993103,800,667.8999999999928,723,723,False,stuck_timeout,0,0,0,0,0,0,22.821969696969695,0.834874999999991,42.12174606323242,42.12174606323242,325,474
2026-03-28T18:42:52.322427,4022,16.470974683761597,990,1098.7999999999872,1126,1126,False,death,0,0,0,0,0,0,35.542929292929294,1.109898989898977,43.217063903808594,43.217063903808594,402,587
2026-03-28T18:43:13.174174,4023,19.390072345733643,1166,840.0499999999838,899,899,False,stuck_timeout,0,0,0,0,0,0,28.377525252525253,0.7204545454545316,41.583038330078125,41.583038330078125,473,692
2026-03-28T18:43:26.052594,4024,11.759340286254883,702,873.5999999999909,898,898,False,death,0,0,0,0,0,0,28.345959595959595,1.2444444444444316,42.50613021850586,42.50613021850586,285,416
2026-03-28T18:43:29.933648,4025,3.1010711193084717,182,278.4000000000004,313,313,False,death,0,0,0,0,0,0,9.880050505050505,1.5296703296703318,43.310089111328125,43.310089111328125,73,108
2026-03-28T18:43:46.374121,4026,14.228890180587769,855,1417.399999999983,1428,1428,False,death,0,0,0,0,0,0,45.07575757575758,1.657777777777758,42.63370132446289,42.63370132446289,347,507
2026-03-28T18:43:59.420338,4027,11.828030586242676,706,540.7999999999946,596,596,False,stuck_timeout,0,0,0,0,0,0,18.81313131313131,0.7660056657223719,42.7095947265625,42.7095947265625,286,419
2026-03-28T18:44:03.068183,4028,2.8832268714904785,171,276.5499999999999,314,314,False,death,0,0,0,0,0,0,9.91161616161616,1.6172514619883034,43.117794036865234,43.117794036865234,69,101
2026-03-28T18:44:06.412406,4029,2.5849192142486572,150,273.7500000000003,312,312,False,death,0,0,0,0,0,0,9.848484848484848,1.825000000000002,43.187896728515625,43.187896728515625,60,89
2026-03-28T18:44:18.164530,4030,10.642329454421997,635,541.0499999999945,595,595,False,stuck_timeout,0,0,0,0,0,0,18.781565656565657,0.8520472440944795,42.142127990722656,42.142127990722656,257,377
2026-03-28T18:44:32.472993,4031,13.072997808456421,783,690.6999999999944,722,722,False,death,0,0,0,0,0,0,22.79040404040404,0.8821200510855611,42.150733947753906,42.150733947753906,317,465
2026-03-28T18:44:43.338875,4032,9.769317150115967,582,684.4999999999982,710,710,False,death,0,0,0,0,0,0,22.411616161616163,1.1761168384879694,42.008052825927734,42.008052825927734,236,345
2026-03-28T18:44:46.981890,4033,2.8693606853485107,169,276.60000000000053,312,312,False,death,0,0,0,0,0,0,9.848484848484848,1.6366863905325475,43.01885223388672,43.01885223388672,68,100
2026-03-28T18:44:58.115013,4034,9.991156578063965,600,636.3499999999985,666,666,False,death,0,0,0,0,0,0,21.022727272727273,1.060583333333331,42.92645263671875,42.92645263671875,243,356
2026-03-28T18:45:02.599276,4035,3.6383912563323975,219,274.65000000000015,310,310,False,death,0,0,0,0,0,0,9.785353535353536,1.2541095890410965,42.48162841796875,42.48162841796875,88,130
2026-03-28T18:45:06.638003,4036,3.2179038524627686,188,269.3000000000003,304,304,False,death,0,0,0,0,0,0,9.595959595959595,1.4324468085106399,42.088680267333984,42.088680267333984,76,111
2026-03-28T18:45:33.933667,4037,24.147160291671753,1449,1101.649999999979,1132,1132,False,death,0,0,0,0,0,0,35.73232323232323,0.7602829537612001,43.49163055419922,43.49163055419922,587,861
2026-03-28T18:45:57.202105,4038,21.70467519760132,1298,1099.449999999984,1123,1123,False,death,0,0,0,0,0,0,35.448232323232325,0.8470338983050724,43.12317657470703,43.12317657470703,526,771
2026-03-28T18:46:12.095229,4039,13.652021169662476,819,663.4999999999947,723,723,False,stuck_timeout,0,0,0,0,0,0,22.821969696969695,0.8101343101343036,42.88475799560547,42.88475799560547,332,486
2026-03-28T18:46:16.792900,4040,3.624795913696289,219,263.0000000000006,295,295,False,death,0,0,0,0,0,0,9.311868686868687,1.2009132420091353,41.832523345947266,41.832523345947266,88,130
2026-03-28T18:46:38.051079,4041,18.71216058731079,1121,1099.3499999999892,1126,1126,False,death,0,0,0,0,0,0,35.542929292929294,0.9806868867082865,42.86810302734375,42.86810302734375,454,666
2026-03-28T18:46:49.294345,4042,10.1287100315094,607,670.8999999999979,697,697,False,death,0,0,0,0,0,0,22.001262626262626,1.105271828665565,42.2501220703125,42.2501220703125,245,361
2026-03-28T18:46:57.836474,4043,7.548358201980591,452,672.5499999999987,700,700,False,death,0,0,0,0,0,0,22.095959595959595,1.4879424778761032,42.86298751831055,42.86298751831055,183,268
2026-03-28T18:47:03.119718,4044,4.434604167938232,263,262.45000000000056,296,296,False,death,0,0,0,0,0,0,9.343434343434344,0.9979087452471505,42.42955780029297,42.42955780029297,106,156
2026-03-28T18:47:21.183131,4045,16.582308053970337,993,643.2499999999914,697,697,False,death,0,0,0,0,0,0,22.001262626262626,0.6477844914400719,42.57250213623047,42.57250213623047,402,590
2026-03-28T18:47:48.550875,4046,24.032321453094482,1441,1410.8499999999776,1427,1427,False,death,0,0,0,0,0,0,45.04419191919192,0.9790770298403731,43.346221923828125,43.346221923828125,583,857
2026-03-28T18:47:53.439069,4047,4.039796352386475,239,266.45000000000056,301,301,False,death,0,0,0,0,0,0,9.501262626262626,1.1148535564853579,41.59107208251953,41.59107208251953,96,142
2026-03-28T18:48:02.396711,4048,7.933189153671265,477,671.3499999999983,698,698,False,death,0,0,0,0,0,0,22.03282828282828,1.4074423480083822,42.63508224487305,42.63508224487305,193,283
2026-03-28T18:48:05.832453,4049,2.7285261154174805,157,277.2500000000001,314,314,False,death,0,0,0,0,0,0,9.91161616161616,1.7659235668789817,43.007286071777344,43.007286071777344,63,93
2026-03-28T18:48:17.953666,4050,11.04422664642334,662,672.2499999999911,723,723,False,stuck_timeout,0,0,0,0,0,0,22.821969696969695,1.0154833836857873,42.715858459472656,42.715858459472656,268,393
2026-03-28T18:48:26.967230,4051,7.927804470062256,473,655.4999999999978,682,682,False,death,0,0,0,0,0,0,21.52777777777778,1.385835095137416,43.04492950439453,43.04492950439453,191,281
2026-03-28T18:48:40.331245,4052,12.16256046295166,728,695.6499999999955,723,723,False,death,0,0,0,0,0,0,22.821969696969695,0.9555631868131806,42.208595275878906,42.208595275878906,294,433
2026-03-28T18:48:45.224302,4053,4.056962966918945,239,264.55000000000047,299,299,False,death,0,0,0,0,0,0,9.438131313131313,1.1069037656903786,42.671775817871094,42.671775817871094,96,142
2026-03-28T18:48:54.605665,4054,8.30686354637146,497,664.2499999999975,693,693,False,death,0,0,0,0,0,0,21.875,1.3365191146881237,43.43865203857422,43.43865203857422,201,295
2026-03-28T18:49:07.939621,4055,12.132376194000244,725,811.1999999999954,834,834,False,death,0,0,0,0,0,0,26.325757575757574,1.1188965517241316,43.07145690917969,43.07145690917969,293,431
2026-03-28T18:49:27.819282,4056,18.465147733688354,1105,811.7999999999898,854,854,False,death,0,0,0,0,0,0,26.957070707070706,0.7346606334841537,43.00109100341797,43.00109100341797,447,657
2026-03-28T18:49:41.382586,4057,12.423049926757812,742,772.6999999999937,802,802,False,death,0,0,0,0,0,0,25.315656565656564,1.0413746630727678,42.53416061401367,42.53416061401367,300,441
2026-03-28T18:50:05.574981,4058,22.610079050064087,1355,1080.6999999999805,1124,1124,False,death,0,0,0,0,0,0,35.47979797979798,0.797564575645742,41.97175216674805,41.97175216674805,548,806
2026-03-28T18:50:09.702269,4059,3.293135166168213,192,267.7500000000004,303,303,False,death,0,0,0,0,0,0,9.56439393939394,1.394531250000002,43.199615478515625,43.199615478515625,77,114
2026-03-28T18:50:24.066520,4060,12.442208766937256,746,1122.0999999999894,1138,1138,False,death,0,0,0,0,0,0,35.92171717171717,1.5041554959785381,42.765411376953125,42.765411376953125,302,443
2026-03-28T18:50:32.358047,4061,7.368804693222046,437,655.149999999999,684,684,False,death,0,0,0,0,0,0,21.59090909090909,1.4991990846681897,42.929588317871094,42.929588317871094,176,260
2026-03-28T18:51:06.526570,4062,30.336681365966797,1818,2462.750000000031,2467,2467,False,death,0,0,0,0,0,0,77.87247474747475,1.3546479647964966,42.490203857421875,42.490203857421875,735,1082
2026-03-28T18:51:15.178883,4063,7.687776803970337,461,681.849999999997,711,711,False,death,0,0,0,0,0,0,22.443181818181817,1.4790672451192992,42.76229476928711,42.76229476928711,186,274
2026-03-28T18:51:26.221280,4064,9.855137348175049,591,645.7499999999975,674,674,False,death,0,0,0,0,0,0,21.275252525252526,1.0926395939086253,42.92887496948242,42.92887496948242,239,351
2026-03-28T18:51:30.475464,4065,3.4289872646331787,202,263.7000000000008,296,296,False,death,0,0,0,0,0,0,9.343434343434344,1.3054455445544593,42.681365966796875,42.681365966796875,81,120
2026-03-28T18:51:45.381336,4066,13.55648684501648,811,854.3999999999902,899,899,False,death,0,0,0,0,0,0,28.377525252525253,1.0535141800246488,42.83281707763672,42.83281707763672,328,482
2026-03-28T18:52:07.581670,4067,19.48038911819458,1169,1220.1999999999878,1232,1232,False,death,0,0,0,0,0,0,38.88888888888889,1.0437981180496045,42.93761444091797,42.93761444091797,472,696
2026-03-28T18:52:11.503861,4068,3.128648042678833,189,266.3500000000004,301,301,False,death,0,0,0,0,0,0,9.501262626262626,1.4092592592592614,41.65131378173828,41.65131378173828,76,112
2026-03-28T18:52:14.846199,4069,2.598532199859619,154,280.3500000000006,316,316,False,death,0,0,0,0,0,0,9.974747474747476,1.8204545454545493,41.80677795410156,41.80677795410156,62,91
2026-03-28T18:52:49.460835,4070,30.896974086761475,1853,1385.9499999999705,1427,1427,False,death,0,0,0,0,0,0,45.04419191919192,0.747949271451684,42.7294921875,42.7294921875,749,1103
2026-03-28T18:52:53.110165,4071,2.893211841583252,173,272.1000000000002,309,309,False,death,0,0,0,0,0,0,9.753787878787879,1.5728323699421976,41.88080596923828,41.88080596923828,69,103
2026-03-28T18:53:01.122889,4072,7.087559223175049,421,654.6499999999992,683,683,False,death,0,0,0,0,0,0,21.559343434343432,1.5549881235154375,42.866294860839844,42.866294860839844,170,250
2026-03-28T18:53:04.305410,4073,2.464386224746704,146,279.8000000000005,314,314,False,death,0,0,0,0,0,0,9.91161616161616,1.9164383561643872,42.721275329589844,42.721275329589844,59,86
2026-03-28T18:53:20.973376,4074,15.336777448654175,917,795.7999999999884,836,836,False,death,0,0,0,0,0,0,26.38888888888889,0.8678298800436078,42.307430267333984,42.307430267333984,370,546
2026-03-28T18:53:25.922872,4075,4.092782020568848,247,274.75000000000017,311,311,False,death,0,0,0,0,0,0,9.816919191919192,1.1123481781376525,41.31830978393555,41.31830978393555,99,147
2026-03-28T18:53:38.055745,4076,10.912603855133057,653,812.9999999999936,834,834,False,death,0,0,0,0,0,0,26.325757575757574,1.2450229709035125,43.72187423706055,43.72187423706055,263,389
2026-03-28T18:53:42.054860,4077,3.198920726776123,191,269.0000000000004,303,303,False,death,0,0,0,0,0,0,9.56439393939394,1.4083769633507874,42.087432861328125,42.087432861328125,77,113
2026-03-28T18:53:56.738362,4078,13.465580224990845,807,684.2499999999918,722,722,False,death,0,0,0,0,0,0,22.79040404040404,0.847893432465913,42.550994873046875,42.550994873046875,326,480
2026-03-28T18:54:05.084841,4079,7.385032653808594,442,678.0999999999975,704,704,False,death,0,0,0,0,0,0,22.22222222222222,1.5341628959275961,42.610504150390625,42.610504150390625,178,263
2026-03-28T18:54:15.470757,4080,8.815319299697876,529,676.4999999999989,701,701,False,death,0,0,0,0,0,0,22.127525252525253,1.2788279773156879,43.025970458984375,43.025970458984375,213,315
2026-03-28T18:54:32.183574,4081,15.310428857803345,919,850.7499999999902,899,899,False,death,0,0,0,0,0,0,28.377525252525253,0.9257344940152233,43.21515655517578,43.21515655517578,371,547
2026-03-28T18:54:35.958966,4082,2.991687774658203,179,271.30000000000024,306,306,False,death,0,0,0,0,0,0,9.659090909090908,1.51564245810056,42.66019821166992,42.66019821166992,72,106
2026-03-28T18:54:44.438769,4083,7.437532901763916,445,666.3499999999993,694,694,False,death,0,0,0,0,0,0,21.906565656565657,1.4974157303370772,42.87633514404297,42.87633514404297,179,265
2026-03-28T18:54:49.289382,4084,3.9719150066375732,239,241.8000000000004,276,276,False,death,0,0,0,0,0,0,8.712121212121213,1.0117154811715499,41.47444152832031,41.47444152832031,96,142
2026-03-28T18:54:53.498377,4085,3.4187939167022705,205,269.1000000000003,304,304,False,death,0,0,0,0,0,0,9.595959595959595,1.3126829268292697,43.6715202331543,43.6715202331543,82,122
2026-03-28T18:55:11.417618,4086,16.457698583602905,987,863.1499999999903,899,899,False,death,0,0,0,0,0,0,28.377525252525253,0.87451874366767,42.65440368652344,42.65440368652344,398,588
2026-03-28T18:55:22.192724,4087,9.705615758895874,581,660.8999999999983,689,689,False,death,0,0,0,0,0,0,21.748737373737374,1.1375215146299453,42.399444580078125,42.399444580078125,234,346
2026-03-28T18:55:32.513978,4088,9.223696231842041,551,645.1499999999985,672,672,False,death,0,0,0,0,0,0,21.21212121212121,1.1708711433756778,42.799678802490234,42.799678802490234,222,328
2026-03-28T18:55:37.305074,4089,3.96826171875,233,252.65000000000063,285,285,False,death,0,0,0,0,0,0,8.996212121212121,1.0843347639485006,42.4287109375,42.4287109375,94,138
2026-03-28T18:55:42.523146,4090,4.3425376415252686,256,276.9000000000005,312,312,False,death,0,0,0,0,0,0,9.848484848484848,1.081640625000002,43.59869384765625,43.59869384765625,103,152
2026-03-28T18:55:49.764078,4091,6.273778915405273,373,665.2999999999982,693,693,False,death,0,0,0,0,0,0,21.875,1.7836461126005314,43.15404510498047,43.15404510498047,150,222
2026-03-28T18:55:56.126944,4092,5.420498609542847,325,649.1999999999996,679,679,False,death,0,0,0,0,0,0,21.43308080808081,1.9975384615384604,42.789485931396484,42.789485931396484,131,193
2026-03-28T18:55:59.445864,4093,2.571085214614868,152,279.6000000000003,315,315,False,death,0,0,0,0,0,0,9.943181818181818,1.8394736842105284,43.50327682495117,43.50327682495117,61,90
2026-03-28T18:56:14.035436,4094,13.344271898269653,797,862.5999999999907,900,900,False,death,0,0,0,0,0,0,28.40909090909091,1.0823086574654839,42.789093017578125,42.789093017578125,322,474
2026-03-28T18:56:23.438946,4095,8.317560911178589,494,681.9999999999983,707,707,False,death,0,0,0,0,0,0,22.31691919191919,1.3805668016194297,43.48545837402344,43.48545837402344,199,294
2026-03-28T18:56:32.412488,4096,7.948292016983032,473,663.849999999999,692,692,False,death,0,0,0,0,0,0,21.843434343434343,1.4034883720930211,42.93042755126953,42.93042755126953,191,281
2026-03-28T18:56:53.242559,4097,18.292354583740234,1099,1088.2999999999847,1125,1125,False,death,0,0,0,0,0,0,35.51136363636363,0.9902638762511234,43.72742462158203,43.72742462158203,443,655
2026-03-28T18:57:01.392509,4098,7.128392219543457,425,671.7499999999995,698,698,False,death,0,0,0,0,0,0,22.03282828282828,1.5805882352941165,42.57256317138672,42.57256317138672,171,253
2026-03-28T18:57:16.455865,4099,13.79627537727356,826,541.7499999999943,596,596,False,stuck_timeout,0,0,0,0,0,0,18.81313131313131,0.6558716707021723,43.205665588378906,43.205665588378906,333,492
2026-03-28T18:57:20.555858,4100,3.096834421157837,184,280.6000000000004,315,315,False,death,0,0,0,0,0,0,9.943181818181818,1.5250000000000024,43.15793991088867,43.15793991088867,74,109
2026-03-28T18:57:54.176801,4101,29.95387864112854,1796,1577.3999999999662,1641,1641,False,death,0,0,0,0,0,0,51.79924242424242,0.8782850779509834,42.156097412109375,42.156097412109375,724,1071
2026-03-28T18:57:58.081704,4102,3.1073033809661865,183,273.1500000000004,307,307,False,death,0,0,0,0,0,0,9.690656565656566,1.4926229508196742,43.143211364746094,43.143211364746094,73,109
2026-03-28T18:58:20.990021,4103,21.240546703338623,1274,836.5499999999852,900,900,False,stuck_timeout,0,0,0,0,0,0,28.40909090909091,0.6566326530612129,42.10564422607422,42.10564422607422,513,760
2026-03-28T18:58:24.199391,4104,2.4838688373565674,145,276.1000000000004,312,312,False,death,0,0,0,0,0,0,9.848484848484848,1.9041379310344857,42.85228729248047,42.85228729248047,58,86
2026-03-28T18:58:49.892517,4105,22.63700008392334,1359,2007.0999999999772,2017,2017,False,death,0,0,0,0,0,0,63.667929292929294,1.4768947755702555,42.84882354736328,42.84882354736328,548,810
2026-03-28T18:58:54.173050,4106,3.4372944831848145,200,253.2000000000005,288,288,False,death,0,0,0,0,0,0,9.090909090909092,1.2660000000000025,43.03554916381836,43.03554916381836,80,119
2026-03-28T18:58:57.985663,4107,3.0064165592193604,177,276.6500000000004,312,312,False,death,0,0,0,0,0,0,9.848484848484848,1.562994350282488,43.0665283203125,43.0665283203125,71,105
2026-03-28T18:59:25.200666,4108,23.97179889678955,1439,1396.149999999977,1427,1427,False,death,0,0,0,0,0,0,45.04419191919192,0.9702223766504356,43.12163543701172,43.12163543701172,579,859
2026-03-28T18:59:39.803369,4109,13.283800840377808,794,687.2999999999942,722,722,False,death,0,0,0,0,0,0,22.79040404040404,0.8656171284634687,42.829891204833984,42.829891204833984,320,473
2026-03-28T18:59:56.296085,4110,15.255464792251587,917,678.8499999999942,723,723,False,death,0,0,0,0,0,0,22.821969696969695,0.7402944383860351,43.01926803588867,43.01926803588867,369,547
2026-03-28T19:00:14.756519,4111,16.06821894645691,961,1252.9999999999866,1269,1269,False,death,0,0,0,0,0,0,40.05681818181818,1.303850156087395,42.268638610839844,42.268638610839844,387,573
2026-03-28T19:00:23.162720,4112,7.460468053817749,447,659.8499999999991,690,690,False,death,0,0,0,0,0,0,21.78030303030303,1.4761744966442933,43.033233642578125,43.033233642578125,180,266
2026-03-28T19:00:32.226055,4113,8.063551664352417,482,652.9999999999993,680,680,False,death,0,0,0,0,0,0,21.464646464646464,1.3547717842323637,41.6356315612793,41.6356315612793,194,287
2026-03-28T19:00:53.200112,4114,19.45087957382202,1167,764.0999999999881,806,806,False,death,0,0,0,0,0,0,25.441919191919194,0.6547557840616864,42.63834762573242,42.63834762573242,470,696
2026-03-28T19:01:10.477544,4115,15.879597425460815,952,667.0499999999884,723,723,False,stuck_timeout,0,0,0,0,0,0,22.821969696969695,0.7006827731092314,42.35974884033203,42.35974884033203,383,568
2026-03-28T19:01:30.693223,4116,17.675554752349854,1058,1510.6499999999867,1524,1524,False,death,0,0,0,0,0,0,48.10606060606061,1.4278355387523503,43.54625701904297,43.54625701904297,425,632
2026-03-28T19:01:34.524425,4117,3.052046775817871,180,277.80000000000047,313,313,False,death,0,0,0,0,0,0,9.880050505050505,1.5433333333333359,43.4598503112793,43.4598503112793,72,107
2026-03-28T19:01:45.360474,4118,9.780040740966797,587,637.3499999999981,661,661,False,death,0,0,0,0,0,0,20.86489898989899,1.0857751277683103,43.13460922241211,43.13460922241211,236,350
2026-03-28T19:01:49.863583,4119,3.6574292182922363,220,267.35000000000036,302,302,False,death,0,0,0,0,0,0,9.532828282828284,1.2152272727272744,44.31769943237305,44.31769943237305,88,131
2026-03-28T19:01:53.927029,4120,3.111403703689575,187,263.95000000000067,298,298,False,death,0,0,0,0,0,0,9.406565656565656,1.4114973262032122,42.8638916015625,42.8638916015625,75,111
2026-03-28T19:02:07.068009,4121,11.954048871994019,713,806.5499999999913,835,835,False,death,0,0,0,0,0,0,26.357323232323232,1.1312061711079822,42.875946044921875,42.875946044921875,286,426
2026-03-28T19:02:15.498692,4122,7.4346795082092285,445,651.5499999999987,681,681,False,death,0,0,0,0,0,0,21.49621212121212,1.4641573033707835,43.720882415771484,43.720882415771484,179,265
2026-03-28T19:02:19.082539,4123,2.792152166366577,162,274.5500000000006,309,309,False,death,0,0,0,0,0,0,9.753787878787879,1.6947530864197566,42.494773864746094,42.494773864746094,65,96
2026-03-28T19:02:37.934899,4124,16.48668932914734,987,1416.1499999999796,1422,1422,False,death,0,0,0,0,0,0,44.88636363636363,1.4348024316109216,42.668426513671875,42.668426513671875,397,589
2026-03-28T19:03:04.307789,4125,23.317506074905396,1396,1421.0999999999815,1429,1429,False,death,0,0,0,0,0,0,45.10732323232323,1.0179799426933964,42.51026153564453,42.51026153564453,561,834
2026-03-28T19:03:08.724123,4126,3.5850934982299805,213,260.85000000000053,294,294,False,death,0,0,0,0,0,0,9.280303030303031,1.2246478873239461,43.08500289916992,43.08500289916992,85,127
2026-03-28T19:03:13.118572,4127,3.5537161827087402,209,261.70000000000044,296,296,False,death,0,0,0,0,0,0,9.343434343434344,1.252153110047849,43.89847946166992,43.89847946166992,84,124
2026-03-28T19:03:21.726073,4128,7.584217309951782,450,667.3499999999995,698,698,False,death,0,0,0,0,0,0,22.03282828282828,1.4829999999999988,42.498085021972656,42.498085021972656,180,269
2026-03-28T19:03:25.313528,4129,2.8097264766693115,165,275.70000000000033,311,311,False,death,0,0,0,0,0,0,9.816919191919192,1.670909090909093,43.27510070800781,43.27510070800781,66,98
2026-03-28T19:03:29.316355,4130,3.215131998062134,191,262.9000000000005,296,296,False,death,0,0,0,0,0,0,9.343434343434344,1.3764397905759187,43.001129150390625,43.001129150390625,76,114
2026-03-28T19:03:32.728874,4131,2.6781206130981445,155,275.1000000000003,312,312,False,death,0,0,0,0,0,0,9.848484848484848,1.7748387096774214,43.9317741394043,43.9317741394043,62,92
2026-03-28T19:03:37.351965,4132,3.8223683834075928,223,247.55000000000038,281,281,False,death,0,0,0,0,0,0,8.869949494949495,1.1100896860986564,43.280860900878906,43.280860900878906,89,133
2026-03-28T19:04:08.188788,4133,28.844510078430176,1722,813.7499999999743,899,899,False,stuck_timeout,0,0,0,0,0,0,28.377525252525253,0.4725609756097412,43.55418014526367,43.55418014526367,692,1029
2026-03-28T19:04:23.164030,4134,13.720178604125977,821,788.3999999999945,812,812,False,death,0,0,0,0,0,0,25.63131313131313,0.9602923264311748,43.60505676269531,43.60505676269531,330,490
2026-03-28T19:04:32.269728,4135,8.008478879928589,475,678.4999999999977,703,703,False,death,0,0,0,0,0,0,22.190656565656568,1.4284210526315742,42.87464141845703,42.87464141845703,190,284
2026-03-28T19:04:40.722983,4136,7.4991161823272705,451,647.3999999999982,675,675,False,death,0,0,0,0,0,0,21.306818181818183,1.4354767184035435,42.76979064941406,42.76979064941406,181,269
2026-03-28T19:04:56.999467,4137,15.034668684005737,899,867.0499999999921,899,899,False,death,0,0,0,0,0,0,28.377525252525253,0.9644605116796353,43.8499755859375,43.8499755859375,361,537
2026-03-28T19:05:26.073194,4138,25.551848649978638,1533,1434.3999999999803,1440,1440,False,death,0,0,0,0,0,0,45.45454545454545,0.9356816699282324,42.60784149169922,42.60784149169922,616,916
2026-03-28T19:05:36.098574,4139,8.902580499649048,534,668.4999999999987,697,697,False,death,0,0,0,0,0,0,22.001262626262626,1.2518726591760276,43.133697509765625,43.133697509765625,214,319
2026-03-28T19:05:47.760446,4140,9.900245428085327,593,653.449999999999,681,681,False,death,0,0,0,0,0,0,21.49621212121212,1.1019392917369293,42.524410247802734,42.524410247802734,238,354
2026-03-28T19:05:55.633258,4141,6.9267308712005615,415,677.7499999999999,706,706,False,death,0,0,0,0,0,0,22.285353535353536,1.6331325301204818,42.941734313964844,42.941734313964844,166,248
2026-03-28T19:05:59.211257,4142,2.7742795944213867,161,276.05000000000024,312,312,False,death,0,0,0,0,0,0,9.848484848484848,1.7145962732919269,42.783287048339844,42.783287048339844,64,96
2026-03-28T19:06:11.389397,4143,11.048724889755249,657,681.2999999999945,723,723,False,death,0,0,0,0,0,0,22.821969696969695,1.0369863013698546,43.165645599365234,43.165645599365234,263,393
2026-03-28T19:06:31.720584,4144,18.890434503555298,1132,1076.2499999999843,1124,1124,False,death,0,0,0,0,0,0,35.47979797979798,0.9507508833922123,43.309539794921875,43.309539794921875,454,677
2026-03-28T19:06:35.690641,4145,3.195169448852539,190,254.6000000000005,290,290,False,death,0,0,0,0,0,0,9.154040404040405,1.3400000000000027,43.02259063720703,43.02259063720703,76,113
2026-03-28T19:06:40.059088,4146,3.522669792175293,209,264.20000000000067,298,298,False,death,0,0,0,0,0,0,9.406565656565656,1.2641148325358884,43.26823425292969,43.26823425292969,83,125
2026-03-28T19:06:58.826144,4147,16.35411286354065,984,1396.5499999999838,1408,1408,False,death,0,0,0,0,0,0,44.44444444444444,1.4192581300812843,42.72587203979492,42.72587203979492,395,588
2026-03-28T19:07:03.202180,4148,3.551637649536133,208,276.15000000000055,312,312,False,death,0,0,0,0,0,0,9.848484848484848,1.3276442307692333,42.214073181152344,42.214073181152344,83,124
2026-03-28T19:07:08.262957,4149,4.159053325653076,249,239.45000000000036,274,274,False,death,0,0,0,0,0,0,8.6489898989899,0.9616465863453829,43.29164123535156,43.29164123535156,99,149
2026-03-28T19:07:13.298904,4150,4.215120315551758,248,251.5000000000003,285,285,False,death,0,0,0,0,0,0,8.996212121212121,1.0141129032258076,42.16844177246094,42.16844177246094,99,148
2026-03-28T19:07:26.171005,4151,11.707235097885132,702,682.3999999999951,722,722,False,death,0,0,0,0,0,0,22.79040404040404,0.972079772079765,42.61147689819336,42.61147689819336,281,420
2026-03-28T19:07:41.256863,4152,13.778822183609009,828,835.2499999999914,867,867,False,death,0,0,0,0,0,0,27.367424242424242,1.0087560386473327,43.089683532714844,43.089683532714844,332,495
2026-03-28T19:07:46.014389,4153,3.873176097869873,233,244.70000000000016,279,279,False,death,0,0,0,0,0,0,8.806818181818182,1.0502145922746788,42.41263961791992,42.41263961791992,93,139
2026-03-28T19:07:49.407557,4154,2.664036750793457,158,276.2000000000004,311,311,False,death,0,0,0,0,0,0,9.816919191919192,1.7481012658227872,42.48125457763672,42.48125457763672,63,94
2026-03-28T19:07:53.237093,4155,3.0791029930114746,184,261.0500000000006,296,296,False,death,0,0,0,0,0,0,9.343434343434344,1.418750000000003,43.34796142578125,43.34796142578125,73,110
2026-03-28T19:08:45.051142,4156,46.50474429130554,2787,3146.4000000000697,3138,3138,True,level_complete,0,0,0,0,0,0,99.0530303030303,1.1289558665231683,42.00042724609375,42.00042724609375,1118,1668
2026-03-28T19:08:54.271584,4157,8.196578979492188,490,653.9999999999987,681,681,False,death,0,0,0,0,0,0,21.49621212121212,1.3346938775510178,42.356178283691406,42.356178283691406,196,293
2026-03-28T19:09:13.292424,4158,16.61709451675415,997,1401.4499999999832,1413,1413,False,death,0,0,0,0,0,0,44.60227272727273,1.4056670010029921,42.57188415527344,42.57188415527344,399,597
2026-03-28T19:09:41.309806,4159,24.786734580993652,1487,1076.8499999999767,1125,1125,False,death,0,0,0,0,0,0,35.51136363636363,0.7241761936785317,43.08454895019531,43.08454895019531,596,890
2026-03-28T19:09:56.794069,4160,13.405425786972046,800,1104.3499999999904,1124,1124,False,death,0,0,0,0,0,0,35.47979797979798,1.380437499999988,42.709007263183594,42.709007263183594,320,479
2026-03-28T19:10:00.565258,4161,2.9694175720214844,173,275.9000000000004,310,310,False,death,0,0,0,0,0,0,9.785353535353536,1.5947976878612737,42.313438415527344,42.313438415527344,69,103
2026-03-28T19:10:07.281095,4162,5.780524492263794,345,648.3999999999983,680,680,False,death,0,0,0,0,0,0,21.464646464646464,1.8794202898550674,42.58106231689453,42.58106231689453,138,206
2026-03-28T19:10:21.617749,4163,13.150466680526733,785,800.1499999999944,827,827,False,death,0,0,0,0,0,0,26.10479797979798,1.0192993630573177,42.833030700683594,42.833030700683594,314,470
2026-03-28T19:10:36.251428,4164,12.596096992492676,757,1124.2999999999888,1140,1140,False,death,0,0,0,0,0,0,35.984848484848484,1.485204755614252,42.3964958190918,42.3964958190918,303,453
2026-03-28T19:10:44.571483,4165,7.387325048446655,443,634.3499999999974,671,671,False,death,0,0,0,0,0,0,21.180555555555554,1.4319413092550732,43.30865478515625,43.30865478515625,177,265
2026-03-28T19:10:59.152027,4166,13.338979482650757,799,873.5999999999914,898,898,False,death,0,0,0,0,0,0,28.345959595959595,1.093366708385471,43.72894287109375,43.72894287109375,319,479
2026-03-28T19:11:21.701799,4167,20.991985082626343,1257,809.6499999999908,917,917,False,stuck_timeout,0,0,0,0,0,0,28.945707070707073,0.6441129673826498,44.08110809326172,44.08110809326172,503,753
2026-03-28T19:11:25.077637,4168,2.650982141494751,157,272.5000000000007,308,308,False,death,0,0,0,0,0,0,9.722222222222223,1.7356687898089216,43.03025436401367,43.03025436401367,62,94
2026-03-28T19:11:29.613026,4169,3.7610137462615967,223,261.4500000000006,294,294,False,death,0,0,0,0,0,0,9.280303030303031,1.17242152466368,42.882041931152344,42.882041931152344,89,133
2026-03-28T19:11:38.345091,4170,7.656941652297974,457,669.3499999999979,694,694,False,death,0,0,0,0,0,0,21.906565656565657,1.4646608315098422,41.667449951171875,41.667449951171875,182,274
2026-03-28T19:11:50.903681,4171,11.327997922897339,677,676.799999999993,724,724,False,death,0,0,0,0,0,0,22.853535353535353,0.9997045790251005,43.0514030456543,43.0514030456543,271,405
2026-03-28T19:12:10.143606,4172,16.788519859313965,1006,1403.1499999999842,1412,1412,False,death,0,0,0,0,0,0,44.57070707070707,1.3947813121272208,43.23321533203125,43.23321533203125,402,603
2026-03-28T19:12:28.898466,4173,17.356931447982788,1036,854.8999999999884,899,899,False,stuck_timeout,0,0,0,0,0,0,28.377525252525253,0.825193050193039,43.20978546142578,43.20978546142578,414,621
2026-03-28T19:12:46.259022,4174,15.126176595687866,906,1421.6499999999853,1438,1438,False,death,0,0,0,0,0,0,45.391414141414145,1.5691501103752596,44.21999740600586,44.21999740600586,362,543
2026-03-28T19:13:02.105075,4175,13.702938318252563,818,1132.79999999999,1151,1151,False,death,0,0,0,0,0,0,36.332070707070706,1.3848410757946088,42.41411590576172,42.41411590576172,327,490
2026-03-28T19:13:05.552509,4176,2.6859211921691895,161,280.3000000000004,315,315,False,death,0,0,0,0,0,0,9.943181818181818,1.7409937888198783,43.20144271850586,43.20144271850586,64,96
2026-03-28T19:13:28.654823,4177,20.346555948257446,1222,1088.6999999999855,1126,1126,False,death,0,0,0,0,0,0,35.542929292929294,0.8909165302782205,44.49725341796875,44.49725341796875,488,733
2026-03-28T19:13:33.358060,4178,3.8428359031677246,226,245.2000000000005,280,280,False,death,0,0,0,0,0,0,8.83838383838384,1.0849557522123916,43.28038024902344,43.28038024902344,90,135
2026-03-28T19:14:02.272197,4179,25.654399633407593,1534,1738.5999999999713,1759,1759,False,death,0,0,0,0,0,0,55.5239898989899,1.1333767926988079,42.99445724487305,42.99445724487305,612,921
2026-03-28T19:14:15.683013,4180,11.467629194259644,687,679.6999999999939,722,722,False,death,0,0,0,0,0,0,22.79040404040404,0.9893740902474438,43.91927719116211,43.91927719116211,274,412
2026-03-28T19:14:28.695872,4181,11.82467770576477,705,775.899999999994,797,797,False,death,0,0,0,0,0,0,25.15782828282828,1.1005673758865162,43.438533782958984,43.438533782958984,281,423
2026-03-28T19:14:32.241250,4182,2.7761731147766113,163,272.95000000000016,310,310,False,death,0,0,0,0,0,0,9.785353535353536,1.6745398773006144,43.401458740234375,43.401458740234375,65,97
2026-03-28T19:14:56.080655,4183,22.204596281051636,1330,1079.999999999986,1123,1123,False,death,0,0,0,0,0,0,35.448232323232325,0.8120300751879593,42.721065521240234,42.721065521240234,530,799
2026-03-28T19:15:00.497777,4184,3.563192129135132,209,253.0000000000003,287,287,False,death,0,0,0,0,0,0,9.059343434343434,1.2105263157894752,43.37298583984375,43.37298583984375,83,125
2026-03-28T19:15:12.632732,4185,10.950906038284302,654,668.9999999999922,723,723,False,stuck_timeout,0,0,0,0,0,0,22.821969696969695,1.0229357798165017,43.8663330078125,43.8663330078125,261,392
2026-03-28T19:15:16.505499,4186,3.086487293243408,185,268.50000000000017,303,303,False,death,0,0,0,0,0,0,9.56439393939394,1.4513513513513523,43.502647399902344,43.502647399902344,73,111
2026-03-28T19:15:26.936165,4187,9.306827783584595,555,653.9999999999982,682,682,False,death,0,0,0,0,0,0,21.52777777777778,1.178378378378375,42.74726486206055,42.74726486206055,221,333
2026-03-28T19:15:35.909184,4188,7.974671840667725,475,680.7499999999991,706,706,False,death,0,0,0,0,0,0,22.285353535353536,1.4331578947368402,43.513885498046875,43.513885498046875,189,285
2026-03-28T19:15:47.157328,4189,10.139118909835815,603,633.8999999999982,661,661,False,death,0,0,0,0,0,0,20.86489898989899,1.0512437810945243,43.44318771362305,43.44318771362305,240,362
2026-03-28T19:15:59.823634,4190,11.435933828353882,684,780.0999999999942,804,804,False,death,0,0,0,0,0,0,25.37878787878788,1.1404970760233835,42.548194885253906,42.548194885253906,273,410
2026-03-28T19:16:16.007059,4191,14.921473503112793,890,665.4999999999892,723,723,False,stuck_timeout,0,0,0,0,0,0,22.821969696969695,0.747752808988752,43.880096435546875,43.880096435546875,355,534
2026-03-28T19:16:19.897532,4192,3.091134548187256,187,270.20000000000056,304,304,False,death,0,0,0,0,0,0,9.595959595959595,1.4449197860962597,43.495033264160156,43.495033264160156,74,112
2026-03-28T19:16:40.428518,4193,18.082576751708984,1086,1424.1999999999812,1430,1430,False,death,0,0,0,0,0,0,45.13888888888889,1.311418047882119,44.5499267578125,44.5499267578125,433,652
2026-03-28T19:16:50.332054,4194,8.880223274230957,530,631.5999999999958,667,667,False,death,0,0,0,0,0,0,21.054292929292927,1.1916981132075393,43.54228973388672,43.54228973388672,211,318
2026-03-28T19:17:01.351117,4195,9.958321809768677,593,663.949999999998,688,688,False,death,0,0,0,0,0,0,21.71717171717172,1.1196458684654267,43.960601806640625,43.960601806640625,236,356
2026-03-28T19:17:05.833371,4196,3.6380605697631836,219,267.0000000000004,300,300,False,death,0,0,0,0,0,0,9.469696969696969,1.2191780821917826,42.978816986083984,42.978816986083984,87,131
2026-03-28T19:17:19.480126,4197,11.73586654663086,702,1410.5999999999874,1429,1429,False,death,0,0,0,0,0,0,45.10732323232323,2.0094017094016916,43.49290084838867,43.49290084838867,279,422
2026-03-28T19:17:25.727844,4198,5.272710800170898,312,345.15000000000106,375,375,False,death,0,0,0,0,0,0,11.837121212121213,1.1062500000000033,43.73857879638672,43.73857879638672,124,187
2026-03-28T19:17:42.381272,4199,15.236062288284302,912,834.7999999999922,864,864,False,death,0,0,0,0,0,0,27.27272727272727,0.9153508771929739,43.574363708496094,43.574363708496094,363,548
2026-03-28T19:17:52.872212,4200,8.806936979293823,528,671.1999999999973,700,700,False,death,0,0,0,0,0,0,22.095959595959595,1.2712121212121161,42.97407150268555,42.97407150268555,210,317
2026-03-28T19:17:56.740231,4201,3.1112797260284424,183,267.6000000000005,302,302,False,death,0,0,0,0,0,0,9.532828282828284,1.4622950819672158,43.244625091552734,43.244625091552734,72,110
2026-03-28T19:18:28.764749,4202,28.448694944381714,1704,1931.7999999999672,1960,1960,False,death,0,0,0,0,0,0,61.86868686868687,1.1336854460093704,43.55469512939453,43.55469512939453,678,1025
2026-03-28T19:18:33.141084,4203,3.5441172122955322,213,263.90000000000066,297,297,False,death,0,0,0,0,0,0,9.375,1.238967136150238,43.453269958496094,43.453269958496094,84,128
2026-03-28T19:18:45.801102,4204,11.553327798843384,691,686.3999999999958,723,723,False,death,0,0,0,0,0,0,22.821969696969695,0.9933429811866799,42.88642120361328,42.88642120361328,275,415
2026-03-28T19:18:50.035514,4205,3.3947296142578125,205,266.80000000000035,301,301,False,death,0,0,0,0,0,0,9.501262626262626,1.3014634146341482,41.92926025390625,41.92926025390625,81,123
2026-03-28T19:18:57.772124,4206,6.7734291553497314,407,660.7999999999993,688,688,False,death,0,0,0,0,0,0,21.71717171717172,1.6235872235872217,43.516387939453125,43.516387939453125,162,244
2026-03-28T19:19:03.019470,4207,4.343814373016357,255,253.65000000000026,287,287,False,death,0,0,0,0,0,0,9.059343434343434,0.9947058823529422,43.26622772216797,43.26622772216797,101,153
2026-03-28T19:19:29.356315,4208,23.368454933166504,1400,1078.3499999999765,1137,1137,False,death,0,0,0,0,0,0,35.890151515151516,0.7702499999999832,42.823238372802734,42.823238372802734,557,842
2026-03-28T19:19:44.418681,4209,13.78848147392273,827,834.5999999999925,855,855,False,death,0,0,0,0,0,0,26.988636363636363,1.0091898428053114,41.805908203125,41.805908203125,329,497
2026-03-28T19:20:00.329577,4210,14.62854266166687,873,1091.4499999999869,1124,1124,False,death,0,0,0,0,0,0,35.47979797979798,1.2502290950744408,44.18508529663086,44.18508529663086,347,525
2026-03-28T19:20:08.824493,4211,7.5531885623931885,453,659.8499999999989,687,687,False,death,0,0,0,0,0,0,21.685606060606062,1.456622516556289,43.58280944824219,43.58280944824219,180,272
2026-03-28T19:20:39.017853,4212,26.93873167037964,1612,1396.649999999981,1432,1432,False,death,0,0,0,0,0,0,45.20202020202021,0.8664081885855961,43.37268829345703,43.37268829345703,641,970
2026-03-28T19:20:50.898931,4213,10.660021305084229,640,625.8499999999945,671,671,False,death,0,0,0,0,0,0,21.180555555555554,0.9778906249999914,43.437835693359375,43.437835693359375,254,385
2026-03-28T19:21:02.279834,4214,9.648198127746582,579,1104.8999999999921,1127,1127,False,death,0,0,0,0,0,0,35.57449494949495,1.9082901554404008,43.33851623535156,43.33851623535156,230,348
2026-03-28T19:21:06.188132,4215,3.1343278884887695,182,266.5000000000004,302,302,False,death,0,0,0,0,0,0,9.532828282828284,1.4642857142857164,43.646339416503906,43.646339416503906,72,109
2026-03-28T19:21:21.653315,4216,14.105057716369629,847,868.2999999999927,900,900,False,death,0,0,0,0,0,0,28.40909090909091,1.0251475796930256,42.85980987548828,42.85980987548828,336,510
2026-03-28T19:21:37.028376,4217,14.075823307037354,843,678.2999999999934,723,723,False,death,0,0,0,0,0,0,22.821969696969695,0.8046263345195651,43.155635833740234,43.155635833740234,335,507
2026-03-28T19:21:46.377072,4218,8.300456762313843,493,644.0999999999979,673,673,False,death,0,0,0,0,0,0,21.24368686868687,1.306490872210949,43.10374069213867,43.10374069213867,196,296
2026-03-28T19:22:16.446451,4219,26.69144058227539,1600,1381.3499999999776,1428,1428,False,death,0,0,0,0,0,0,45.07575757575758,0.863343749999986,44.088775634765625,44.088775634765625,636,963
2026-03-28T19:22:20.896079,4220,3.420060634613037,201,255.9500000000001,293,293,False,death,0,0,0,0,0,0,9.248737373737374,1.273383084577115,42.86772918701172,42.86772918701172,79,121
2026-03-28T19:22:24.662681,4221,2.9917314052581787,177,279.90000000000055,315,315,False,death,0,0,0,0,0,0,9.943181818181818,1.581355932203393,43.159637451171875,43.159637451171875,70,106
2026-03-28T19:22:33.999829,4222,8.333293914794922,496,698.549999999999,723,723,False,death,0,0,0,0,0,0,22.821969696969695,1.408366935483869,42.4919548034668,42.4919548034668,197,298
2026-03-28T19:23:02.904858,4223,25.627584218978882,1538,1475.349999999976,1522,1522,False,death,0,0,0,0,0,0,48.042929292929294,0.9592652795838595,43.32549285888672,43.32549285888672,610,927
2026-03-28T19:23:20.482799,4224,16.160341024398804,964,619.5999999999917,674,674,False,death,0,0,0,0,0,0,21.275252525252526,0.6427385892116096,43.33331298828125,43.33331298828125,382,581
2026-03-28T19:23:38.697615,4225,16.83140516281128,1009,815.5499999999915,837,837,False,death,0,0,0,0,0,0,26.420454545454547,0.8082755203171373,42.531105041503906,42.531105041503906,400,608
2026-03-28T19:23:59.543735,4226,18.20410704612732,1088,1503.299999999981,1517,1517,False,death,0,0,0,0,0,0,47.88510101010101,1.381709558823512,43.016929626464844,43.016929626464844,431,656
2026-03-28T19:24:08.521343,4227,7.961244821548462,477,665.8499999999985,690,690,False,death,0,0,0,0,0,0,21.78030303030303,1.3959119496855315,42.8979606628418,42.8979606628418,189,287
2026-03-28T19:24:17.525969,4228,7.917310476303101,474,668.9499999999986,699,699,False,death,0,0,0,0,0,0,22.064393939393938,1.4112869198312206,43.72455978393555,43.72455978393555,188,285
2026-03-28T19:24:29.628700,4229,10.933667182922363,651,647.4999999999991,675,675,False,death,0,0,0,0,0,0,21.306818181818183,0.9946236559139771,43.4578971862793,43.4578971862793,258,392
2026-03-28T19:24:54.427158,4230,21.87484312057495,1311,1659.299999999981,1672,1672,False,death,0,0,0,0,0,0,52.77777777777778,1.2656750572082236,42.46869659423828,42.46869659423828,520,790
2026-03-28T19:25:04.604851,4231,9.130342245101929,545,645.9999999999967,679,679,False,death,0,0,0,0,0,0,21.43308080808081,1.1853211009174252,42.9198112487793,42.9198112487793,216,328
2026-03-28T19:25:08.912819,4232,3.4962568283081055,207,268.80000000000035,305,305,False,death,0,0,0,0,0,0,9.627525252525253,1.2985507246376828,42.354331970214844,42.354331970214844,82,124
2026-03-28T19:25:14.351111,4233,4.50323748588562,267,246.45000000000047,281,281,False,death,0,0,0,0,0,0,8.869949494949495,0.9230337078651704,43.53752899169922,43.53752899169922,105,161
2026-03-28T19:25:29.533979,4234,13.859924554824829,829,1110.1999999999882,1125,1125,False,death,0,0,0,0,0,0,35.51136363636363,1.3392038600723621,42.733604431152344,42.733604431152344,328,500
2026-03-28T19:25:57.215929,4235,25.944586277008057,1557,1050.949999999977,1122,1122,False,death,0,0,0,0,0,0,35.41666666666667,0.6749839434810386,44.13048553466797,44.13048553466797,617,939
2026-03-28T19:26:01.320541,4236,3.298139810562134,195,268.25000000000057,301,301,False,death,0,0,0,0,0,0,9.501262626262626,1.3756410256410285,43.86895751953125,43.86895751953125,77,117
2026-03-28T19:26:15.945064,4237,13.420369863510132,800,685.2999999999972,711,711,False,death,0,0,0,0,0,0,22.443181818181817,0.8566249999999965,43.689849853515625,43.689849853515625,317,482
2026-03-28T19:26:29.674382,4238,12.464939594268799,747,813.8999999999954,837,837,False,death,0,0,0,0,0,0,26.420454545454547,1.0895582329317208,43.46670150756836,43.46670150756836,296,450
2026-03-28T19:26:33.092741,4239,2.696702241897583,159,277.65000000000015,315,315,False,death,0,0,0,0,0,0,9.943181818181818,1.7462264150943405,43.21418380737305,43.21418380737305,63,95
2026-03-28T19:26:45.663209,4240,10.85118055343628,643,793.6499999999953,818,818,False,death,0,0,0,0,0,0,25.820707070707073,1.2342923794712213,43.4383659362793,43.4383659362793,255,387
2026-03-28T19:26:54.661241,4241,7.951406955718994,472,652.2499999999976,680,680,False,death,0,0,0,0,0,0,21.464646464646464,1.381885593220334,43.67695236206055,43.67695236206055,187,284
2026-03-28T19:27:19.545008,4242,22.000203132629395,1317,1504.1499999999783,1519,1519,False,death,0,0,0,0,0,0,47.948232323232325,1.142103264996187,43.79522705078125,43.79522705078125,522,794
2026-03-28T19:27:41.334657,4243,19.145621061325073,1146,1405.3999999999803,1431,1431,False,death,0,0,0,0,0,0,45.17045454545455,1.226352530540995,43.350013732910156,43.350013732910156,454,691
2026-03-28T19:27:54.827398,4244,12.22348690032959,729,681.099999999995,723,723,False,death,0,0,0,0,0,0,22.821969696969695,0.9342935528120645,42.1844596862793,42.1844596862793,288,440
2026-03-28T19:28:03.209174,4245,7.356698274612427,438,663.8499999999988,691,691,False,death,0,0,0,0,0,0,21.81186868686869,1.5156392694063898,43.79555892944336,43.79555892944336,173,264
2026-03-28T19:28:06.996101,4246,2.989413261413574,179,269.35000000000053,304,304,False,death,0,0,0,0,0,0,9.595959595959595,1.5047486033519584,43.32624435424805,43.32624435424805,70,108
2026-03-28T19:28:10.598123,4247,2.758878231048584,165,276.9000000000004,312,312,False,death,0,0,0,0,0,0,9.848484848484848,1.6781818181818204,43.86967086791992,43.86967086791992,65,99
2026-03-28T19:28:27.371634,4248,15.45293140411377,920,849.1999999999886,899,899,False,stuck_timeout,0,0,0,0,0,0,28.377525252525253,0.9230434782608571,43.713043212890625,43.713043212890625,364,555
2026-03-28T19:28:34.620621,4249,6.307863235473633,374,667.1999999999994,698,698,False,death,0,0,0,0,0,0,22.03282828282828,1.783957219251335,43.09598922729492,43.09598922729492,148,225
2026-03-28T19:28:53.022604,4250,16.115987300872803,965,1108.1999999999853,1126,1126,False,death,0,0,0,0,0,0,35.542929292929294,1.1483937823834045,43.48565673828125,43.48565673828125,382,582
2026-03-28T19:29:02.227249,4251,8.140572547912598,487,673.6499999999996,703,703,False,death,0,0,0,0,0,0,22.190656565656568,1.3832648870636544,44.10530090332031,44.10530090332031,192,294
2026-03-28T19:29:06.450219,4252,3.396613359451294,201,259.05000000000047,293,293,False,death,0,0,0,0,0,0,9.248737373737374,1.288805970149256,43.26696014404297,43.26696014404297,79,121
2026-03-28T19:29:21.701095,4253,13.938063621520996,837,1101.3499999999904,1124,1124,False,death,0,0,0,0,0,0,35.47979797979798,1.3158303464754963,42.020137786865234,42.020137786865234,331,505
2026-03-28T19:29:25.258860,4254,2.7930147647857666,166,274.60000000000036,312,312,False,death,0,0,0,0,0,0,9.848484848484848,1.6542168674698816,42.57344055175781,42.57344055175781,65,100
2026-03-28T19:29:39.660806,4255,13.220257759094238,789,808.3999999999925,837,837,False,death,0,0,0,0,0,0,26.420454545454547,1.0245880861850347,44.4025993347168,44.4025993347168,312,476
2026-03-28T19:29:53.243960,4256,12.401073932647705,741,636.2499999999973,671,671,False,death,0,0,0,0,0,0,21.180555555555554,0.858636977058026,43.1094970703125,43.1094970703125,293,447
2026-03-28T19:30:00.564710,4257,6.394165754318237,381,660.1499999999982,688,688,False,death,0,0,0,0,0,0,21.71717171717172,1.7326771653543258,42.81956100463867,42.81956100463867,150,230
2026-03-28T19:30:04.600766,4258,3.2192561626434326,189,273.1500000000002,310,310,False,death,0,0,0,0,0,0,9.785353535353536,1.4452380952380963,43.34473419189453,43.34473419189453,74,114
2026-03-28T19:30:23.465746,4259,16.567094087600708,990,1102.5499999999897,1126,1126,False,death,0,0,0,0,0,0,35.542929292929294,1.1136868686868584,43.73482894897461,43.73482894897461,391,598
2026-03-28T19:30:44.796259,4260,18.76299548149109,1123,1111.299999999987,1130,1130,False,death,0,0,0,0,0,0,35.66919191919192,0.9895814781834257,43.74083709716797,43.74083709716797,444,678
2026-03-28T19:30:53.429717,4261,7.62282395362854,457,634.3499999999974,663,663,False,death,0,0,0,0,0,0,20.928030303030305,1.3880743982494472,42.73130798339844,42.73130798339844,180,276
2026-03-28T19:31:01.970561,4262,7.50370717048645,449,672.6499999999972,699,699,False,death,0,0,0,0,0,0,22.064393939393938,1.4981069042316197,43.521392822265625,43.521392822265625,177,271
2026-03-28T19:31:06.421817,4263,3.6386377811431885,217,264.4000000000006,299,299,False,death,0,0,0,0,0,0,9.438131313131313,1.218433179723505,43.491737365722656,43.491737365722656,85,131
2026-03-28T19:31:18.332123,4264,10.777292490005493,641,687.2999999999968,722,722,False,death,0,0,0,0,0,0,22.79040404040404,1.0722308892355643,42.98663330078125,42.98663330078125,253,387
2026-03-28T19:31:36.821759,4265,17.090179443359375,1025,1096.8999999999864,1125,1125,False,death,0,0,0,0,0,0,35.51136363636363,1.0701463414634014,44.332664489746094,44.332664489746094,405,619
2026-03-28T19:31:39.977269,4266,2.432199001312256,145,276.15000000000026,313,313,False,death,0,0,0,0,0,0,9.880050505050505,1.9044827586206914,43.67738342285156,43.67738342285156,57,87
2026-03-28T19:31:50.411344,4267,9.324240922927856,557,664.8999999999976,687,687,False,death,0,0,0,0,0,0,21.685606060606062,1.1937163375224373,43.65508270263672,43.65508270263672,220,336
2026-03-28T19:31:55.237887,4268,4.041818141937256,241,244.75000000000057,279,279,False,death,0,0,0,0,0,0,8.806818181818182,1.0155601659751061,43.16021728515625,43.16021728515625,95,145
2026-03-28T19:32:12.115496,4269,15.57560920715332,933,1110.7499999999866,1125,1125,False,death,0,0,0,0,0,0,35.51136363636363,1.1905144694533618,44.282371520996094,44.282371520996094,369,563
2026-03-28T19:32:23.494045,4270,10.306801795959473,616,789.8499999999934,822,822,False,death,0,0,0,0,0,0,25.946969696969695,1.2822240259740154,43.32623291015625,43.32623291015625,243,372
2026-03-28T19:32:45.612370,4271,19.455715894699097,1166,1411.1999999999798,1429,1429,False,death,0,0,0,0,0,0,45.10732323232323,1.2102915951972382,44.31110763549805,44.31110763549805,461,704
2026-03-28T19:32:59.123691,4272,12.224139213562012,729,638.249999999997,665,665,False,death,0,0,0,0,0,0,20.991161616161616,0.875514403292177,43.56586837768555,43.56586837768555,288,440
2026-03-28T19:33:09.628212,4273,9.43002724647522,566,688.4499999999974,724,724,False,death,0,0,0,0,0,0,22.853535353535353,1.216342756183741,43.51200485229492,43.51200485229492,223,342
2026-03-28T19:33:13.747782,4274,3.2869668006896973,195,271.55000000000024,308,308,False,death,0,0,0,0,0,0,9.722222222222223,1.3925641025641038,42.851783752441406,42.851783752441406,77,117
2026-03-28T19:33:22.999117,4275,8.308279514312744,497,647.1999999999981,678,678,False,death,0,0,0,0,0,0,21.401515151515152,1.3022132796780646,43.13459014892578,43.13459014892578,196,300
2026-03-28T19:33:26.756872,4276,3.006171464920044,179,273.5500000000003,308,308,False,death,0,0,0,0,0,0,9.722222222222223,1.528212290502795,43.3505859375,43.3505859375,70,108
2026-03-28T19:33:49.475519,4277,21.09897255897522,1262,660.5499999999867,724,724,False,stuck_timeout,0,0,0,0,0,0,22.853535353535353,0.5234152139461067,43.20958709716797,43.20958709716797,499,762
2026-03-28T19:34:09.699363,4278,17.752729892730713,1065,1408.0999999999835,1432,1432,False,death,0,0,0,0,0,0,45.20202020202021,1.3221596244131302,43.58087158203125,43.58087158203125,420,644
2026-03-28T19:34:32.532370,4279,20.113362073898315,1204,1410.9499999999823,1432,1432,False,death,0,0,0,0,0,0,45.20202020202021,1.1718853820597859,43.079681396484375,43.079681396484375,475,728
2026-03-28T19:34:36.579207,4280,2.9843499660491943,176,271.9500000000003,306,306,False,death,0,0,0,0,0,0,9.659090909090908,1.545170454545456,42.452484130859375,42.452484130859375,69,106
2026-03-28T19:34:44.720530,4281,7.20233154296875,433,670.6999999999967,698,698,False,death,0,0,0,0,0,0,22.03282828282828,1.5489607390300155,43.963890075683594,43.963890075683594,170,262
2026-03-28T19:34:49.594038,4282,4.069003343582153,241,252.15000000000057,285,285,False,death,0,0,0,0,0,0,8.996212121212121,1.0462655601659774,43.29011154174805,43.29011154174805,95,145
2026-03-28T19:35:02.494225,4283,11.746062994003296,699,639.7499999999967,674,674,False,death,0,0,0,0,0,0,21.275252525252526,0.9152360515021412,43.118438720703125,43.118438720703125,276,422
2026-03-28T19:35:32.371681,4284,26.42289900779724,1585,1372.2499999999798,1411,1411,False,death,0,0,0,0,0,0,44.53914141414141,0.8657728706624478,42.07160949707031,42.07160949707031,625,959
2026-03-28T19:35:44.224253,4285,10.671290636062622,639,688.0999999999948,723,723,False,death,0,0,0,0,0,0,22.821969696969695,1.0768388106416193,43.6270866394043,43.6270866394043,252,386
2026-03-28T19:35:48.516388,4286,3.442732334136963,202,259.45000000000056,296,296,False,death,0,0,0,0,0,0,9.343434343434344,1.2844059405940622,42.823577880859375,42.823577880859375,79,122
2026-03-28T19:36:12.280896,4287,21.037846326828003,1260,1416.9499999999848,1429,1429,False,death,0,0,0,0,0,0,45.10732323232323,1.12456349206348,43.428260803222656,43.428260803222656,497,762
2026-03-28T19:36:20.717785,4288,7.444731950759888,444,664.3499999999998,692,692,False,death,0,0,0,0,0,0,21.843434343434343,1.4962837837837832,43.70206832885742,43.70206832885742,175,268
2026-03-28T19:36:41.583531,4289,19.408096075057983,1162,1092.9999999999836,1125,1125,False,death,0,0,0,0,0,0,35.51136363636363,0.9406196213424988,43.09806823730469,43.09806823730469,458,703
2026-03-28T19:37:05.273056,4290,20.897056818008423,1249,1098.4999999999818,1126,1126,False,death,0,0,0,0,0,0,35.542929292929294,0.8795036028822912,43.33892822265625,43.33892822265625,492,756
2026-03-28T19:37:24.108941,4291,16.357279062271118,981,1110.0999999999879,1127,1127,False,death,0,0,0,0,0,0,35.57449494949495,1.1316004077471844,42.60287857055664,42.60287857055664,386,594
2026-03-28T19:37:27.656358,4292,2.768653631210327,165,276.2500000000004,310,310,False,death,0,0,0,0,0,0,9.785353535353536,1.6742424242424268,42.526031494140625,42.526031494140625,65,99
2026-03-28T19:37:42.252031,4293,12.59355354309082,754,1127.4999999999882,1150,1150,False,death,0,0,0,0,0,0,36.30050505050505,1.4953580901856607,43.274566650390625,43.274566650390625,296,457
2026-03-28T19:37:56.306529,4294,12.862108707427979,771,649.9999999999924,701,701,False,death,0,0,0,0,0,0,22.127525252525253,0.8430609597924674,42.82062911987305,42.82062911987305,303,467
2026-03-28T19:38:01.113089,4295,3.969423294067383,238,250.90000000000043,285,285,False,death,0,0,0,0,0,0,8.996212121212121,1.0542016806722707,43.844261169433594,43.844261169433594,93,144
2026-03-28T19:38:24.872243,4296,20.80212378501892,1243,1512.5499999999834,1524,1524,False,death,0,0,0,0,0,0,48.10606060606061,1.2168543845534863,43.72918701171875,43.72918701171875,489,753
2026-03-28T19:38:29.901082,4297,4.182546615600586,250,263.95000000000056,297,297,False,death,0,0,0,0,0,0,9.375,1.0558000000000023,44.34380340576172,44.34380340576172,98,151
2026-03-28T19:38:33.831913,4298,3.1181890964508057,184,270.55000000000047,305,305,False,death,0,0,0,0,0,0,9.627525252525253,1.4703804347826113,42.7959098815918,42.7959098815918,72,111
2026-03-28T19:38:40.388422,4299,5.623372554779053,337,667.7999999999982,698,698,False,death,0,0,0,0,0,0,22.03282828282828,1.9816023738872353,43.52556610107422,43.52556610107422,132,204
2026-03-28T19:39:06.438430,4300,22.945576190948486,1379,1396.349999999981,1429,1429,False,death,0,0,0,0,0,0,45.10732323232323,1.0125815808556788,43.3850212097168,43.3850212097168,542,836
2026-03-28T19:39:22.536079,4301,14.71328616142273,884,774.1499999999887,817,817,False,death,0,0,0,0,0,0,25.789141414141415,0.8757352941176343,43.85346221923828,43.85346221923828,347,536
2026-03-28T19:39:26.107761,4302,2.7670929431915283,165,277.95000000000033,313,313,False,death,0,0,0,0,0,0,9.880050505050505,1.6845454545454566,43.18639373779297,43.18639373779297,64,100
2026-03-28T19:39:45.853851,4303,18.215692281723022,1088,1101.199999999987,1123,1123,False,death,0,0,0,0,0,0,35.448232323232325,1.0121323529411645,43.06646728515625,43.06646728515625,428,659
2026-03-28T19:39:49.639034,4304,2.9807450771331787,177,275.35000000000014,311,311,False,death,0,0,0,0,0,0,9.816919191919192,1.555649717514125,43.70880126953125,43.70880126953125,69,107
2026-03-28T19:39:59.475251,4305,8.710240840911865,520,686.6499999999996,712,712,False,death,0,0,0,0,0,0,22.474747474747474,1.3204807692307685,43.00377655029297,43.00377655029297,204,315
2026-03-28T19:40:08.875246,4306,8.37919282913208,499,641.7999999999972,675,675,False,death,0,0,0,0,0,0,21.306818181818183,1.2861723446893731,43.011497497558594,43.011497497558594,196,302
2026-03-28T19:40:19.928569,4307,9.992191314697266,599,647.9499999999988,677,677,False,death,0,0,0,0,0,0,21.369949494949495,1.081719532554255,43.11400604248047,43.11400604248047,235,363
2026-03-28T19:40:28.224683,4308,7.343772649765015,437,671.849999999997,700,700,False,death,0,0,0,0,0,0,22.095959595959595,1.5374141876430136,43.64741134643555,43.64741134643555,171,265
2026-03-28T19:40:55.034658,4309,23.796532154083252,1423,1782.199999999974,1792,1792,False,death,0,0,0,0,0,0,56.56565656565656,1.2524244553759478,43.59410858154297,43.59410858154297,559,863
2026-03-28T19:40:58.449472,4310,2.7008402347564697,158,275.0000000000003,312,312,False,death,0,0,0,0,0,0,9.848484848484848,1.7405063291139258,43.646156311035156,43.646156311035156,62,95
2026-03-28T19:41:11.622089,4311,12.02102541923523,721,774.6999999999944,802,802,False,death,0,0,0,0,0,0,25.315656565656564,1.074479889042988,44.35478210449219,44.35478210449219,283,437
2026-03-28T19:41:15.545095,4312,3.1416027545928955,185,271.5000000000004,306,306,False,death,0,0,0,0,0,0,9.659090909090908,1.4675675675675697,43.9253044128418,43.9253044128418,72,112
2026-03-28T19:41:39.212931,4313,22.058783769607544,1320,846.6999999999883,900,900,False,stuck_timeout,0,0,0,0,0,0,28.40909090909091,0.6414393939393851,43.22358322143555,43.22358322143555,519,800
2026-03-28T19:41:43.364047,4314,3.306945562362671,198,261.4000000000003,296,296,False,death,0,0,0,0,0,0,9.343434343434344,1.3202020202020217,43.51350402832031,43.51350402832031,77,120
2026-03-28T19:41:53.670238,4315,9.225292444229126,552,650.6499999999969,679,679,False,death,0,0,0,0,0,0,21.43308080808081,1.1787137681159365,43.62321090698242,43.62321090698242,217,334
2026-03-28T19:42:08.423659,4316,13.422373056411743,803,665.1999999999957,698,698,False,death,0,0,0,0,0,0,22.03282828282828,0.8283935242839299,44.27935028076172,44.27935028076172,315,487
2026-03-28T19:42:21.148099,4317,11.549845933914185,690,689.699999999998,722,722,False,death,0,0,0,0,0,0,22.79040404040404,0.9995652173913014,43.73094177246094,43.73094177246094,271,418
2026-03-28T19:42:38.329456,4318,15.75382947921753,945,863.3499999999904,900,900,False,death,0,0,0,0,0,0,28.40909090909091,0.9135978835978734,43.62369918823242,43.62369918823242,371,573
2026-03-28T19:43:02.868595,4319,21.698214530944824,1304,1400.4499999999778,1430,1430,False,death,0,0,0,0,0,0,45.13888888888889,1.0739647239263632,42.513587951660156,42.513587951660156,512,791
2026-03-28T19:43:19.410669,4320,14.315783262252808,857,673.6499999999913,723,723,False,stuck_timeout,0,0,0,0,0,0,22.821969696969695,0.7860560093348791,43.03197479248047,43.03197479248047,336,520
2026-03-28T19:43:23.782211,4321,3.5468971729278564,211,255.15000000000046,289,289,False,death,0,0,0,0,0,0,9.122474747474747,1.2092417061611396,43.184326171875,43.184326171875,82,128
2026-03-28T19:43:50.046845,4322,23.18074059486389,1388,1396.09999999998,1430,1430,False,death,0,0,0,0,0,0,45.13888888888889,1.0058357348703024,43.46371078491211,43.46371078491211,545,842
2026-03-28T19:44:07.930028,4323,15.656902313232422,935,1100.749999999988,1126,1126,False,death,0,0,0,0,0,0,35.542929292929294,1.1772727272727144,42.683868408203125,42.683868408203125,366,568
2026-03-28T19:44:26.755208,4324,16.416612148284912,983,1213.5499999999859,1238,1238,False,death,0,0,0,0,0,0,39.07828282828283,1.2345371312309112,43.39994430541992,43.39994430541992,385,597
2026-03-28T19:44:43.435768,4325,14.528377771377563,868,1122.349999999989,1139,1139,False,death,0,0,0,0,0,0,35.95328282828283,1.293029953917038,43.038841247558594,43.038841247558594,340,527
2026-03-28T19:44:52.148935,4326,7.688332796096802,461,667.9499999999977,697,697,False,death,0,0,0,0,0,0,22.001262626262626,1.4489154013015133,43.30479049682617,43.30479049682617,180,280
2026-03-28T19:44:57.163110,4327,4.170968770980835,251,235.50000000000057,269,269,False,death,0,0,0,0,0,0,8.491161616161616,0.9382470119521935,43.032127380371094,43.032127380371094,98,152
2026-03-28T19:45:09.689122,4328,11.319657802581787,674,670.9499999999924,724,724,False,death,0,0,0,0,0,0,22.853535353535353,0.99547477744806,43.50556945800781,43.50556945800781,264,409
2026-03-28T19:45:14.507589,4329,3.9166407585144043,229,265.3000000000001,301,301,False,death,0,0,0,0,0,0,9.501262626262626,1.1585152838427952,43.0868034362793,43.0868034362793,89,139
2026-03-28T19:45:18.510514,4330,3.1867027282714844,191,271.55000000000007,307,307,False,death,0,0,0,0,0,0,9.690656565656566,1.4217277486910997,44.42242431640625,44.42242431640625,74,116
2026-03-28T19:45:27.364783,4331,7.889629125595093,469,657.3499999999992,686,686,False,death,0,0,0,0,0,0,21.654040404040405,1.4015991471215334,43.359893798828125,43.359893798828125,183,285
2026-03-28T19:45:36.558262,4332,8.159625768661499,489,651.8999999999991,680,680,False,death,0,0,0,0,0,0,21.464646464646464,1.3331288343558263,43.475730895996094,43.475730895996094,191,297
2026-03-28T19:46:05.521991,4333,27.06206488609314,1623,1079.8999999999805,1124,1124,False,death,0,0,0,0,0,0,35.47979797979798,0.6653727664818118,43.44352340698242,43.44352340698242,636,986
2026-03-28T19:46:15.545376,4334,8.90127420425415,530,659.4999999999983,685,685,False,death,0,0,0,0,0,0,21.622474747474747,1.2443396226415062,43.41943359375,43.41943359375,207,322
2026-03-28T19:46:28.669431,4335,11.932860851287842,713,548.499999999995,602,602,False,stuck_timeout,0,0,0,0,0,0,19.002525252525253,0.7692847124824614,42.47596740722656,42.47596740722656,279,433
2026-03-28T19:46:53.576003,4336,21.96731209754944,1317,1103.5999999999815,1149,1149,False,death,0,0,0,0,0,0,36.26893939393939,0.837965072133623,44.36419677734375,44.36419677734375,516,800
2026-03-28T19:47:14.846804,4337,18.66702961921692,1118,1418.4499999999834,1429,1429,False,death,0,0,0,0,0,0,45.10732323232323,1.2687388193201998,43.621543884277344,43.621543884277344,437,680
2026-03-28T19:47:22.651632,4338,6.832851409912109,411,679.1499999999976,707,707,False,death,0,0,0,0,0,0,22.31691919191919,1.6524330900243251,43.310394287109375,43.310394287109375,160,250
2026-03-28T19:47:26.746945,4339,3.2923991680145264,193,267.8500000000002,302,302,False,death,0,0,0,0,0,0,9.532828282828284,1.3878238341968923,43.854026794433594,43.854026794433594,75,117
2026-03-28T19:47:45.566945,4340,16.327664375305176,981,1127.1999999999898,1149,1149,False,death,0,0,0,0,0,0,36.26893939393939,1.1490316004077368,43.13884735107422,43.13884735107422,384,596
2026-03-28T19:47:59.680609,4341,12.869867324829102,771,678.1999999999933,724,724,False,death,0,0,0,0,0,0,22.853535353535353,0.87963683527885,43.22332000732422,43.22332000732422,301,469
2026-03-28T19:48:14.325331,4342,13.434696435928345,805,673.799999999992,723,723,False,stuck_timeout,0,0,0,0,0,0,22.821969696969695,0.8370186335403628,44.09601974487305,44.09601974487305,315,489
2026-03-28T19:48:19.294041,4343,4.0568482875823975,245,263.50000000000045,297,297,False,death,0,0,0,0,0,0,9.375,1.0755102040816344,43.89480209350586,43.89480209350586,95,149
2026-03-28T19:48:36.617842,4344,16.012824773788452,956,846.6999999999864,899,899,False,stuck_timeout,0,0,0,0,0,0,28.377525252525253,0.8856694560669314,44.02560043334961,44.02560043334961,374,581
2026-03-28T19:48:59.956555,4345,20.477336883544922,1225,1414.7499999999834,1437,1437,False,death,0,0,0,0,0,0,45.359848484848484,1.15489795918366,43.32403564453125,43.32403564453125,479,745
2026-03-28T19:49:13.886136,4346,12.755879402160645,761,645.5999999999915,694,694,False,death,0,0,0,0,0,0,21.906565656565657,0.8483574244415132,43.4586296081543,43.4586296081543,297,463
2026-03-28T19:49:28.456922,4347,13.260049819946289,794,867.7999999999925,899,899,False,death,0,0,0,0,0,0,28.377525252525253,1.0929471032745497,43.45479965209961,43.45479965209961,310,483
2026-03-28T19:49:32.619737,4348,3.327159881591797,196,266.7000000000005,300,300,False,death,0,0,0,0,0,0,9.469696969696969,1.3607142857142882,44.001930236816406,44.001930236816406,76,119
2026-03-28T19:49:36.412016,4349,2.989902973175049,177,273.20000000000033,308,308,False,death,0,0,0,0,0,0,9.722222222222223,1.543502824858759,43.262901306152344,43.262901306152344,69,107
2026-03-28T19:49:55.015929,4350,16.169089794158936,971,1483.349999999985,1509,1509,False,death,0,0,0,0,0,0,47.63257575757576,1.5276519052523017,44.169612884521484,44.169612884521484,379,591
2026-03-28T19:49:58.473431,4351,2.6876537799835205,162,278.80000000000047,314,314,False,death,0,0,0,0,0,0,9.91161616161616,1.7209876543209905,44.54035568237305,44.54035568237305,63,98
2026-03-28T19:50:08.490877,4352,8.9583580493927,532,651.5999999999974,684,684,False,death,0,0,0,0,0,0,21.59090909090909,1.224812030075183,44.659576416015625,44.659576416015625,208,323
2026-03-28T19:50:12.125834,4353,2.8751943111419678,171,279.25000000000045,314,314,False,death,0,0,0,0,0,0,9.91161616161616,1.6330409356725173,42.621036529541016,42.621036529541016,66,104
2026-03-28T19:50:16.252316,4354,3.28818678855896,194,260.1000000000003,294,294,False,death,0,0,0,0,0,0,9.280303030303031,1.3407216494845378,43.75664520263672,43.75664520263672,75,118
2026-03-28T19:50:19.664862,4355,2.6779234409332275,158,270.25000000000045,306,306,False,death,0,0,0,0,0,0,9.659090909090908,1.7104430379746864,44.403656005859375,44.403656005859375,61,96
2026-03-28T19:50:26.141085,4356,5.524044990539551,329,646.5999999999995,677,677,False,death,0,0,0,0,0,0,21.369949494949495,1.9653495440729467,43.49193572998047,43.49193572998047,128,200
2026-03-28T19:50:30.668944,4357,3.72357177734375,220,255.00000000000034,289,289,False,death,0,0,0,0,0,0,9.122474747474747,1.1590909090909107,42.935707092285156,42.935707092285156,86,133
2026-03-28T19:50:34.613414,4358,3.1266043186187744,187,268.7000000000005,303,303,False,death,0,0,0,0,0,0,9.56439393939394,1.436898395721928,43.64394760131836,43.64394760131836,73,113
2026-03-28T19:50:54.078745,4359,18.04583740234375,1085,796.1499999999882,839,839,False,death,0,0,0,0,0,0,26.483585858585855,0.733778801843307,43.96183395385742,43.96183395385742,424,660
2026-03-28T19:51:01.404410,4360,5.941952466964722,354,673.8999999999969,700,700,False,death,0,0,0,0,0,0,22.095959595959595,1.903672316384172,43.01554870605469,43.01554870605469,138,215
2026-03-28T19:51:20.205470,4361,17.380398273468018,1039,868.6999999999889,898,898,False,death,0,0,0,0,0,0,28.345959595959595,0.8360923965351192,43.40283966064453,43.40283966064453,406,632
2026-03-28T19:51:24.444527,4362,3.416018486022949,200,264.80000000000035,298,298,False,death,0,0,0,0,0,0,9.406565656565656,1.3240000000000018,43.63035202026367,43.63035202026367,78,121
2026-03-28T19:51:37.183356,4363,11.615673065185547,693,694.0999999999957,722,722,False,death,0,0,0,0,0,0,22.79040404040404,1.0015873015872954,44.34983444213867,44.34983444213867,270,422
2026-03-28T19:51:46.815682,4364,8.548053503036499,511,673.8499999999982,699,699,False,death,0,0,0,0,0,0,22.064393939393938,1.3186888454011707,43.59552001953125,43.59552001953125,199,311
2026-03-28T19:51:50.583912,4365,2.985128402709961,177,278.15000000000055,313,313,False,death,0,0,0,0,0,0,9.880050505050505,1.5714689265536754,44.0015983581543,44.0015983581543,69,107
2026-03-28T19:51:54.426880,4366,3.0964205265045166,182,269.85000000000036,305,305,False,death,0,0,0,0,0,0,9.627525252525253,1.4826923076923098,43.459144592285156,43.459144592285156,71,110
2026-03-28T19:51:59.251183,4367,3.987823963165283,235,250.60000000000042,286,286,False,death,0,0,0,0,0,0,9.027777777777777,1.066382978723406,43.865753173828125,43.865753173828125,91,143
2026-03-28T19:52:03.438706,4368,3.4196016788482666,203,258.4500000000004,294,294,False,death,0,0,0,0,0,0,9.280303030303031,1.2731527093596078,43.51671600341797,43.51671600341797,79,123
2026-03-28T19:52:19.067198,4369,14.3467435836792,855,793.8999999999904,828,828,False,death,0,0,0,0,0,0,26.136363636363637,0.9285380116958952,42.91307830810547,42.91307830810547,334,520
2026-03-28T19:52:34.255571,4370,13.858156204223633,829,684.449999999993,723,723,False,death,0,0,0,0,0,0,22.821969696969695,0.8256332931242376,43.235801696777344,43.235801696777344,324,504
2026-03-28T19:52:52.981889,4371,16.346413135528564,975,1110.6499999999878,1133,1133,False,death,0,0,0,0,0,0,35.76388888888889,1.1391282051281926,43.8908805847168,43.8908805847168,380,594
2026-03-28T19:53:05.539529,4372,11.381832599639893,681,778.3499999999963,803,803,False,death,0,0,0,0,0,0,25.34722222222222,1.1429515418502147,43.383087158203125,43.383087158203125,266,414
2026-03-28T19:53:21.659495,4373,14.83394169807434,887,675.2999999999918,723,723,False,stuck_timeout,0,0,0,0,0,0,22.821969696969695,0.7613303269447483,43.22037887573242,43.22037887573242,346,540
2026-03-28T19:53:24.963410,4374,2.577038526535034,151,276.3000000000002,312,312,False,death,0,0,0,0,0,0,9.848484848484848,1.8298013245033125,43.643035888671875,43.643035888671875,59,91
2026-03-28T19:53:55.425480,4375,28.601938247680664,1718,752.2999999999795,916,916,False,stuck_timeout,0,0,0,0,0,0,28.914141414141415,0.43789289871942927,43.02687072753906,43.02687072753906,671,1046
2026-03-28T19:53:59.886072,4376,3.634998321533203,215,257.0500000000006,291,291,False,death,0,0,0,0,0,0,9.18560606060606,1.19558139534884,43.552101135253906,43.552101135253906,84,130
2026-03-28T19:54:20.366779,4377,17.912975549697876,1076,1399.2999999999859,1407,1407,False,death,0,0,0,0,0,0,44.41287878787879,1.3004646840148568,43.49134826660156,43.49134826660156,420,655
2026-03-28T19:54:38.528054,4378,16.715102434158325,1004,1107.7999999999852,1124,1124,False,death,0,0,0,0,0,0,35.47979797979798,1.103386454183252,44.095733642578125,44.095733642578125,392,611
2026-03-28T19:54:59.253759,4379,19.317273378372192,1159,841.1499999999876,899,899,False,stuck_timeout,0,0,0,0,0,0,28.377525252525253,0.7257549611734146,43.0645866394043,43.0645866394043,452,706
2026-03-28T19:55:15.996346,4380,14.5568208694458,875,675.1499999999938,723,723,False,death,0,0,0,0,0,0,22.821969696969695,0.771599999999993,43.595947265625,43.595947265625,341,533
2026-03-28T19:55:20.197263,4381,3.4048478603363037,201,266.60000000000065,299,299,False,death,0,0,0,0,0,0,9.438131313131313,1.3263681592039833,44.585296630859375,44.585296630859375,78,122
2026-03-28T19:55:35.511107,4382,13.236300945281982,792,1115.599999999986,1131,1131,False,death,0,0,0,0,0,0,35.70075757575758,1.408585858585841,44.21361541748047,44.21361541748047,308,483
2026-03-28T19:55:39.191813,4383,2.9078385829925537,173,276.3500000000002,313,313,False,death,0,0,0,0,0,0,9.880050505050505,1.597398843930637,43.997222900390625,43.997222900390625,67,105
2026-03-28T19:55:49.390204,4384,9.145701169967651,545,652.0499999999993,678,678,False,death,0,0,0,0,0,0,21.401515151515152,1.1964220183486225,43.64503479003906,43.64503479003906,212,332
2026-03-28T19:55:53.174212,4385,3.0151262283325195,177,258.9500000000004,295,295,False,death,0,0,0,0,0,0,9.311868686868687,1.462994350282488,43.41899871826172,43.41899871826172,69,107
2026-03-28T19:56:15.281812,4386,20.45914363861084,1224,653.7999999999836,723,723,False,stuck_timeout,0,0,0,0,0,0,22.821969696969695,0.5341503267973722,43.0223503112793,43.0223503112793,477,746
2026-03-28T19:56:19.467623,4387,3.3668179512023926,197,268.35000000000065,302,302,False,death,0,0,0,0,0,0,9.532828282828284,1.3621827411167546,44.2196159362793,44.2196159362793,76,120
2026-03-28T19:56:32.058324,4388,11.4212646484375,681,690.0499999999948,722,722,False,death,0,0,0,0,0,0,22.79040404040404,1.0132892804698896,43.993980407714844,43.993980407714844,265,415
2026-03-28T19:56:55.294080,4389,21.61784601211548,1298,1091.5999999999851,1125,1125,False,death,0,0,0,0,0,0,35.51136363636363,0.8409861325115447,44.152706146240234,44.152706146240234,506,791
2026-03-28T19:57:19.401242,4390,21.12700581550598,1266,1388.799999999977,1421,1421,False,death,0,0,0,0,0,0,44.85479797979798,1.096998420221151,43.566261291503906,43.566261291503906,493,772
2026-03-28T19:57:37.429478,4391,15.718513011932373,939,1249.8999999999867,1263,1263,False,death,0,0,0,0,0,0,39.86742424242424,1.3310969116080795,43.741424560546875,43.741424560546875,365,573
2026-03-28T19:57:42.132485,4392,3.8285703659057617,227,254.35000000000048,288,288,False,death,0,0,0,0,0,0,9.090909090909092,1.1204845814977995,43.62978744506836,43.62978744506836,88,138
2026-03-28T19:57:57.153662,4393,13.784852981567383,822,688.4499999999936,723,723,False,death,0,0,0,0,0,0,22.821969696969695,0.8375304136252963,42.936126708984375,42.936126708984375,320,501
2026-03-28T19:58:16.533418,4394,16.903083562850952,1015,1766.0999999999779,1771,1771,False,death,0,0,0,0,0,0,55.90277777777778,1.7399999999999782,43.0438346862793,43.0438346862793,395,619
2026-03-28T19:58:34.461748,4395,16.510276794433594,987,863.5499999999928,899,899,False,death,0,0,0,0,0,0,28.377525252525253,0.8749240121580474,43.77720260620117,43.77720260620117,384,602
2026-03-28T19:58:48.083061,4396,12.436845541000366,743,680.0999999999942,723,723,False,death,0,0,0,0,0,0,22.821969696969695,0.9153432032301403,42.48662567138672,42.48662567138672,289,453
2026-03-28T19:59:12.682167,4397,21.656980991363525,1297,1477.399999999976,1510,1510,False,death,0,0,0,0,0,0,47.66414141414141,1.1390902081726877,43.62250900268555,43.62250900268555,505,791
2026-03-28T19:59:15.774799,4398,2.385986566543579,141,276.05000000000035,313,313,False,death,0,0,0,0,0,0,9.880050505050505,1.9578014184397188,43.85470199584961,43.85470199584961,54,86
2026-03-28T19:59:36.339145,4399,19.022971391677856,1139,1095.4999999999877,1123,1123,False,death,0,0,0,0,0,0,35.448232323232325,0.9618086040386196,43.37226104736328,43.37226104736328,443,695
2026-03-28T20:00:01.369311,4400,22.1726336479187,1330,1112.9499999999857,1130,1130,False,death,0,0,0,0,0,0,35.66919191919192,0.8368045112781848,43.13755798339844,43.13755798339844,517,812
2026-03-28T20:00:09.429697,4401,6.997997522354126,418,679.249999999998,707,707,False,death,0,0,0,0,0,0,22.31691919191919,1.6249999999999951,43.7679557800293,43.7679557800293,162,255
2026-03-28T20:00:15.526318,4402,5.141657829284668,310,322.05000000000075,356,356,False,death,0,0,0,0,0,0,11.237373737373737,1.0388709677419379,44.10346984863281,44.10346984863281,120,189
2026-03-28T20:00:32.197448,4403,15.410204410552979,923,780.6499999999908,820,820,False,death,0,0,0,0,0,0,25.88383838383838,0.8457746478873139,43.8322868347168,43.8322868347168,359,563
2026-03-28T20:00:35.864767,4404,2.8887553215026855,170,278.1000000000003,314,314,False,death,0,0,0,0,0,0,9.91161616161616,1.6358823529411783,43.613075256347656,43.613075256347656,66,103
2026-03-28T20:00:46.952305,4405,10.031549215316772,597,652.1999999999982,682,682,False,death,0,0,0,0,0,0,21.52777777777778,1.092462311557786,43.91339111328125,43.91339111328125,232,364
2026-03-28T20:00:50.489939,4406,2.776850938796997,163,275.6500000000005,311,311,False,death,0,0,0,0,0,0,9.816919191919192,1.6911042944785306,44.16592025756836,44.16592025756836,63,99
2026-03-28T20:01:12.987642,4407,20.923211336135864,1252,840.9999999999815,899,899,False,stuck_timeout,0,0,0,0,0,0,28.377525252525253,0.6717252396165986,43.16978073120117,43.16978073120117,487,764
2026-03-28T20:01:28.460880,4408,13.369500398635864,801,1213.5999999999888,1232,1232,False,death,0,0,0,0,0,0,38.88888888888889,1.5151061173532943,44.19085693359375,44.19085693359375,311,489
2026-03-28T20:01:43.035338,4409,13.34915566444397,799,875.5499999999927,899,899,False,death,0,0,0,0,0,0,28.377525252525253,1.095807259073833,42.76874923706055,42.76874923706055,310,488
2026-03-28T20:01:46.713521,4410,2.9145383834838867,172,274.2500000000001,310,310,False,death,0,0,0,0,0,0,9.785353535353536,1.5944767441860472,43.66238021850586,43.66238021850586,66,105
2026-03-28T20:01:55.414905,4411,7.683067321777344,458,668.4999999999983,693,693,False,death,0,0,0,0,0,0,21.875,1.4596069868995596,44.28861618041992,44.28861618041992,178,279
2026-03-28T20:02:15.055709,4412,18.134830713272095,1086,1081.399999999985,1125,1125,False,death,0,0,0,0,0,0,35.51136363636363,0.9957642725598389,43.837005615234375,43.837005615234375,422,663
2026-03-28T20:02:18.129437,4413,2.4726717472076416,145,275.85000000000036,312,312,False,death,0,0,0,0,0,0,9.848484848484848,1.9024137931034508,43.711326599121094,43.711326599121094,56,88
2026-03-28T20:02:32.197784,4414,12.832852840423584,766,640.0999999999946,678,678,False,death,0,0,0,0,0,0,21.401515151515152,0.835639686684066,44.27488708496094,44.27488708496094,297,468
2026-03-28T20:02:37.050792,4415,4.0485923290252686,238,247.30000000000064,281,281,False,death,0,0,0,0,0,0,8.869949494949495,1.0390756302521036,43.7169189453125,43.7169189453125,92,145
2026-03-28T20:02:40.951895,4416,3.104249954223633,182,258.50000000000034,294,294,False,death,0,0,0,0,0,0,9.280303030303031,1.4203296703296722,43.60150146484375,43.60150146484375,70,111
2026-03-28T20:02:50.456588,4417,8.515565872192383,505,661.4499999999981,691,691,False,death,0,0,0,0,0,0,21.81186868686869,1.309801980198016,44.016082763671875,44.016082763671875,196,308
2026-03-28T20:02:54.208090,4418,2.993978261947632,180,282.0000000000005,316,316,False,death,0,0,0,0,0,0,9.974747474747476,1.5666666666666695,43.05713653564453,43.05713653564453,70,109
2026-03-28T20:03:02.396163,4419,7.19011664390564,431,676.8499999999993,705,705,False,death,0,0,0,0,0,0,22.25378787878788,1.5704176334106714,43.11655807495117,43.11655807495117,167,263
2026-03-28T20:03:19.222266,4420,14.534307718276978,867,699.9499999999967,722,722,False,death,0,0,0,0,0,0,22.79040404040404,0.8073241061130297,43.335289001464844,43.335289001464844,337,529
2026-03-28T20:03:35.107120,4421,14.64536452293396,876,786.999999999992,816,816,False,death,0,0,0,0,0,0,25.757575757575758,0.8984018264840091,44.0963249206543,44.0963249206543,340,535
2026-03-28T20:03:38.993206,4422,3.0882084369659424,181,275.2000000000002,311,311,False,death,0,0,0,0,0,0,9.816919191919192,1.5204419889502774,44.28098678588867,44.28098678588867,70,110
2026-03-28T20:04:03.834365,4423,22.01461124420166,1311,1407.4999999999798,1430,1430,False,death,0,0,0,0,0,0,45.13888888888889,1.073607932875652,43.14286422729492,43.14286422729492,509,801
2026-03-28T20:04:31.268547,4424,24.306257486343384,1458,1393.4999999999761,1430,1430,False,death,0,0,0,0,0,0,45.13888888888889,0.9557613168724116,43.42803955078125,43.42803955078125,566,891
2026-03-28T20:04:40.608503,4425,8.257663011550903,491,652.3500000000003,683,683,False,death,0,0,0,0,0,0,21.559343434343432,1.3286150712830962,43.71509552001953,43.71509552001953,190,300
2026-03-28T20:04:44.975836,4426,3.5408990383148193,210,258.1500000000005,293,293,False,death,0,0,0,0,0,0,9.248737373737374,1.2292857142857165,43.99756622314453,43.99756622314453,81,128
2026-03-28T20:04:56.032757,4427,9.889536142349243,589,655.2999999999984,681,681,False,death,0,0,0,0,0,0,21.49621212121212,1.112563667232595,43.808563232421875,43.808563232421875,228,360
2026-03-28T20:05:00.820009,4428,3.971583127975464,235,257.6000000000003,293,293,False,death,0,0,0,0,0,0,9.248737373737374,1.0961702127659587,44.012550354003906,44.012550354003906,91,143
2026-03-28T20:05:09.604821,4429,7.764960289001465,466,666.7999999999972,695,695,False,death,0,0,0,0,0,0,21.93813131313131,1.4309012875536422,43.26461410522461,43.26461410522461,180,285
2026-03-28T20:05:21.974618,4430,11.212197542190552,670,675.4999999999923,727,727,False,stuck_timeout,0,0,0,0,0,0,22.94823232323232,1.008208955223869,44.26866912841797,44.26866912841797,260,409
2026-03-28T20:05:25.769306,4431,3.0221238136291504,179,279.25000000000017,314,314,False,death,0,0,0,0,0,0,9.91161616161616,1.5600558659217887,43.889427185058594,43.889427185058594,69,109
2026-03-28T20:05:39.771486,4432,12.824594497680664,766,815.09999999999,843,843,False,death,0,0,0,0,0,0,26.609848484848484,1.0640992167101697,43.670867919921875,43.670867919921875,297,468
2026-03-28T20:06:02.925336,4433,21.54445505142212,1292,848.1999999999862,899,899,False,stuck_timeout,0,0,0,0,0,0,28.377525252525253,0.6565015479876054,44.27607727050781,44.27607727050781,501,790
2026-03-28T20:06:27.157964,4434,22.554004430770874,1351,850.399999999986,899,899,False,death,0,0,0,0,0,0,28.377525252525253,0.6294596595114627,44.20515060424805,44.20515060424805,524,826
2026-03-28T20:06:39.671465,4435,11.336698532104492,675,685.7499999999951,722,722,False,death,0,0,0,0,0,0,22.79040404040404,1.0159259259259188,43.47184753417969,43.47184753417969,262,412
2026-03-28T20:06:43.214607,4436,2.771315336227417,164,278.55000000000047,313,313,False,death,0,0,0,0,0,0,9.880050505050505,1.6984756097561005,43.351295471191406,43.351295471191406,63,100
2026-03-28T20:06:54.406484,4437,10.04050612449646,601,661.0999999999995,690,690,False,death,0,0,0,0,0,0,21.78030303030303,1.0999999999999992,44.135841369628906,44.135841369628906,233,367
2026-03-28T20:07:15.177213,4438,18.187787771224976,1093,1401.2499999999866,1417,1417,False,death,0,0,0,0,0,0,44.72853535353536,1.282021957913986,43.6314697265625,43.6314697265625,424,668
2026-03-28T20:07:18.740699,4439,2.7982192039489746,165,269.90000000000043,306,306,False,death,0,0,0,0,0,0,9.659090909090908,1.6357575757575784,43.09957504272461,43.09957504272461,64,100
2026-03-28T20:07:29.103797,4440,8.81180739402771,527,672.3499999999981,695,695,False,death,0,0,0,0,0,0,21.93813131313131,1.2758064516128995,43.62297821044922,43.62297821044922,204,322
2026-03-28T20:07:32.658740,4441,2.7845094203948975,166,275.55000000000024,312,312,False,death,0,0,0,0,0,0,9.848484848484848,1.659939759036146,43.493499755859375,43.493499755859375,64,101
2026-03-28T20:07:40.051766,4442,6.3975584506988525,385,665.349999999999,692,692,False,death,0,0,0,0,0,0,21.843434343434343,1.7281818181818156,43.3946647644043,43.3946647644043,149,235
2026-03-28T20:07:43.836622,4443,3.01658296585083,174,279.8500000000003,315,315,False,death,0,0,0,0,0,0,9.943181818181818,1.6083333333333352,42.92280197143555,42.92280197143555,67,106
2026-03-28T20:07:58.991188,4444,13.847386121749878,832,663.4499999999886,723,723,False,stuck_timeout,0,0,0,0,0,0,22.821969696969695,0.7974158653846016,44.30006408691406,44.30006408691406,322,509
2026-03-28T20:08:14.765890,4445,14.42140817642212,863,867.299999999989,898,898,False,death,0,0,0,0,0,0,28.345959595959595,1.004982618771714,43.343780517578125,43.343780517578125,334,528
2026-03-28T20:08:33.337750,4446,17.08277726173401,1022,840.0999999999905,863,863,False,death,0,0,0,0,0,0,27.24116161616162,0.8220156555772901,43.93282699584961,43.93282699584961,396,625
2026-03-28T20:08:36.887914,4447,2.7681148052215576,161,278.7500000000003,314,314,False,death,0,0,0,0,0,0,9.91161616161616,1.731366459627331,44.087852478027344,44.087852478027344,62,98
2026-03-28T20:08:46.109400,4448,8.175268411636353,490,672.8999999999988,701,701,False,death,0,0,0,0,0,0,22.127525252525253,1.3732653061224467,43.358238220214844,43.358238220214844,190,299
2026-03-28T20:09:00.555483,4449,13.268001556396484,793,672.899999999992,724,724,False,stuck_timeout,0,0,0,0,0,0,22.853535353535353,0.8485498108448828,42.670654296875,42.670654296875,307,485
2026-03-28T20:09:10.769292,4450,9.131296157836914,547,657.3499999999975,681,681,False,death,0,0,0,0,0,0,21.49621212121212,1.20173674588665,43.81195068359375,43.81195068359375,212,334
2026-03-28T20:09:21.395818,4451,9.516234397888184,571,633.5499999999981,659,659,False,death,0,0,0,0,0,0,20.80176767676768,1.109544658493867,44.271575927734375,44.271575927734375,221,349
2026-03-28T20:09:53.340365,4452,28.311014652252197,1695,1993.6499999999724,2008,2008,False,death,0,0,0,0,0,0,63.38383838383839,1.1761946902654705,43.81006622314453,43.81006622314453,657,1037
2026-03-28T20:09:56.858176,4453,2.73783540725708,163,276.30000000000047,312,312,False,death,0,0,0,0,0,0,9.848484848484848,1.6950920245398802,43.6510009765625,43.6510009765625,63,99
2026-03-28T20:10:01.280111,4454,3.5346758365631104,208,267.1000000000005,300,300,False,death,0,0,0,0,0,0,9.469696969696969,1.2841346153846176,43.619598388671875,43.619598388671875,80,127
2026-03-28T20:10:04.962993,4455,2.8932228088378906,169,274.6000000000001,310,310,False,death,0,0,0,0,0,0,9.785353535353536,1.6248520710059176,43.6717529296875,43.6717529296875,65,103
2026-03-28T20:10:32.804957,4456,24.654167652130127,1477,1365.5499999999756,1414,1414,False,death,0,0,0,0,0,0,44.63383838383838,0.9245429925524548,43.70397186279297,43.70397186279297,572,904
2026-03-28T20:10:36.909252,4457,3.3194665908813477,193,264.3500000000006,298,298,False,death,0,0,0,0,0,0,9.406565656565656,1.3696891191709875,43.75938034057617,43.75938034057617,74,118
2026-03-28T20:10:59.384832,4458,20.8896005153656,1252,1091.7499999999814,1125,1125,False,death,0,0,0,0,0,0,35.51136363636363,0.8720047923322535,43.92454147338867,43.92454147338867,485,766
2026-03-28T20:11:16.834861,4459,15.118733882904053,904,1114.3499999999879,1128,1128,False,death,0,0,0,0,0,0,35.60606060606061,1.2326880530973316,44.788021087646484,44.788021087646484,350,553
2026-03-28T20:11:26.392071,4460,7.998552322387695,475,636.9499999999971,665,665,False,death,0,0,0,0,0,0,20.991161616161616,1.3409473684210464,43.53131103515625,43.53131103515625,183,291
2026-03-28T20:11:40.050066,4461,12.50037693977356,747,667.6499999999942,700,700,False,death,0,0,0,0,0,0,22.095959595959595,0.8937751004015987,43.711822509765625,43.711822509765625,289,457
2026-03-28T20:11:58.639316,4462,17.184027194976807,1029,877.0499999999902,900,900,False,death,0,0,0,0,0,0,28.40909090909091,0.8523323615160254,43.84305953979492,43.84305953979492,398,630
2026-03-28T20:12:09.102988,4463,9.360292196273804,560,658.0999999999972,691,691,False,death,0,0,0,0,0,0,21.81186868686869,1.1751785714285663,44.24290466308594,44.24290466308594,216,343
2026-03-28T20:12:23.054454,4464,11.97775673866272,716,1106.949999999992,1126,1126,False,death,0,0,0,0,0,0,35.542929292929294,1.5460195530726146,44.20452880859375,44.20452880859375,277,438
2026-03-28T20:12:26.479989,4465,2.692408800125122,159,276.1000000000005,312,312,False,death,0,0,0,0,0,0,9.848484848484848,1.7364779874213867,44.54194641113281,44.54194641113281,61,97
2026-03-28T20:12:54.519014,4466,24.939481019973755,1498,1648.2999999999765,1673,1673,False,death,0,0,0,0,0,0,52.80934343434344,1.100333778371146,43.63873291015625,43.63873291015625,579,918
2026-03-28T20:12:58.307883,4467,3.014599561691284,177,276.10000000000036,312,312,False,death,0,0,0,0,0,0,9.848484848484848,1.5598870056497196,43.45722579956055,43.45722579956055,68,108
2026-03-28T20:13:07.828043,4468,8.42171573638916,505,659.8499999999982,689,689,False,death,0,0,0,0,0,0,21.748737373737374,1.3066336633663331,44.643280029296875,44.643280029296875,195,309
2026-03-28T20:13:33.528496,4469,24.06250500679016,1442,1077.0999999999806,1123,1123,False,death,0,0,0,0,0,0,35.448232323232325,0.7469486823855621,44.599327087402344,44.599327087402344,557,884
2026-03-28T20:13:41.598091,4470,7.072843551635742,421,681.6999999999989,708,708,False,death,0,0,0,0,0,0,22.348484848484848,1.619239904988121,43.54465866088867,43.54465866088867,162,258
2026-03-28T20:13:53.483778,4471,10.74905252456665,639,688.3499999999929,722,722,False,death,0,0,0,0,0,0,22.79040404040404,1.0772300469483456,44.929954528808594,44.929954528808594,247,391
2026-03-28T20:13:57.149684,4472,2.8972883224487305,168,272.80000000000064,308,308,False,death,0,0,0,0,0,0,9.722222222222223,1.6238095238095276,44.42426681518555,44.42426681518555,64,103
2026-03-28T20:14:13.507669,4473,15.059398889541626,901,820.7999999999937,843,843,False,death,0,0,0,0,0,0,26.609848484848484,0.9109877913429453,44.28947067260742,44.28947067260742,348,552
2026-03-28T20:14:34.001636,4474,17.854451417922974,1067,1409.399999999984,1419,1419,False,death,0,0,0,0,0,0,44.79166666666667,1.3208997188378482,43.645713806152344,43.645713806152344,412,654
2026-03-28T20:14:38.645387,4475,3.7493293285369873,225,270.20000000000044,304,304,False,death,0,0,0,0,0,0,9.595959595959595,1.200888888888891,43.607383728027344,43.607383728027344,86,138
2026-03-28T20:14:51.799593,4476,11.909488439559937,712,667.5499999999909,724,724,False,stuck_timeout,0,0,0,0,0,0,22.853535353535353,0.9375702247190882,43.941619873046875,43.941619873046875,275,436
2026-03-28T20:14:55.662706,4477,3.0902786254882812,180,265.3000000000005,301,301,False,death,0,0,0,0,0,0,9.501262626262626,1.4738888888888917,43.56584930419922,43.56584930419922,69,110
2026-03-28T20:15:00.810451,4478,4.262380838394165,252,235.05000000000047,269,269,False,death,0,0,0,0,0,0,8.491161616161616,0.9327380952380971,43.64345932006836,43.64345932006836,97,154
2026-03-28T20:15:05.572951,4479,3.8623454570770264,229,234.65000000000035,271,271,False,death,0,0,0,0,0,0,8.554292929292929,1.024672489082971,43.05070114135742,43.05070114135742,88,140
2026-03-28T20:15:08.893538,4480,2.430816411972046,146,276.70000000000033,312,312,False,death,0,0,0,0,0,0,9.848484848484848,1.895205479452057,43.81343078613281,43.81343078613281,56,89
2026-03-28T20:15:18.821174,4481,8.847888946533203,527,682.5999999999973,707,707,False,death,0,0,0,0,0,0,22.31691919191919,1.295256166982917,43.9133415222168,43.9133415222168,203,323
2026-03-28T20:15:34.075004,4482,13.990651607513428,839,689.4499999999929,723,723,False,death,0,0,0,0,0,0,22.821969696969695,0.8217520858164397,44.08835983276367,44.08835983276367,324,514
2026-03-28T20:15:43.403712,4483,8.358684301376343,496,664.4499999999989,691,691,False,death,0,0,0,0,0,0,21.81186868686869,1.3396169354838687,43.91312789916992,43.91312789916992,191,304
2026-03-28T20:15:52.179743,4484,7.76466965675354,463,655.1999999999982,683,683,False,death,0,0,0,0,0,0,21.559343434343432,1.4151187904967564,44.115684509277344,44.115684509277344,178,284
2026-03-28T20:16:08.682068,4485,15.182174682617188,910,654.9999999999886,723,723,False,stuck_timeout,0,0,0,0,0,0,22.821969696969695,0.7197802197802073,43.66671371459961,43.66671371459961,351,558
2026-03-28T20:16:21.735978,4486,11.839385032653809,711,804.8499999999917,840,840,False,death,0,0,0,0,0,0,26.515151515151516,1.1319971870604666,43.75859832763672,43.75859832763672,274,436
2026-03-28T20:16:25.731538,4487,3.1968321800231934,187,269.50000000000074,303,303,False,death,0,0,0,0,0,0,9.56439393939394,1.4411764705882393,43.666534423828125,43.666534423828125,72,114
2026-03-28T20:16:37.015117,4488,10.170543909072876,607,687.6499999999982,710,710,False,death,0,0,0,0,0,0,22.411616161616163,1.1328665568368999,43.40194320678711,43.40194320678711,234,372
2026-03-28T20:16:49.904293,4489,11.723307132720947,703,784.5999999999941,808,808,False,death,0,0,0,0,0,0,25.5050505050505,1.1160739687055392,44.13200378417969,44.13200378417969,271,431
2026-03-28T20:17:15.266898,4490,22.386653900146484,1337,1397.349999999978,1429,1429,False,death,0,0,0,0,0,0,45.10732323232323,1.045138369483903,43.99713897705078,43.99713897705078,516,820
2026-03-28T20:17:26.647377,4491,10.27976655960083,615,805.8999999999959,831,831,False,death,0,0,0,0,0,0,26.23106060606061,1.310406504065034,43.97955322265625,43.97955322265625,237,377
2026-03-28T20:17:30.720642,4492,3.2304341793060303,192,266.05000000000035,300,300,False,death,0,0,0,0,0,0,9.469696969696969,1.3856770833333352,42.90379333496094,42.90379333496094,74,117
2026-03-28T20:17:52.876530,4493,20.662137508392334,1241,803.1499999999857,920,920,False,stuck_timeout,0,0,0,0,0,0,29.040404040404038,0.6471796937953148,44.4378776550293,44.4378776550293,479,761
2026-03-28T20:18:02.796339,4494,8.904345273971558,533,639.0499999999973,670,670,False,death,0,0,0,0,0,0,21.148989898989896,1.198968105065661,44.32005310058594,44.32005310058594,205,327
2026-03-28T20:18:14.405477,4495,10.487809896469116,627,652.6499999999985,682,682,False,death,0,0,0,0,0,0,21.52777777777778,1.0409090909090886,44.47349548339844,44.47349548339844,242,384
2026-03-28T20:18:18.341988,4496,3.177649974822998,190,269.55000000000047,305,305,False,death,0,0,0,0,0,0,9.627525252525253,1.4186842105263182,43.796722412109375,43.796722412109375,73,116
2026-03-28T20:18:29.629966,4497,10.154292583465576,607,666.5999999999983,692,692,False,death,0,0,0,0,0,0,21.843434343434343,1.098187808896208,43.779266357421875,43.779266357421875,234,372
2026-03-28T20:18:39.727008,4498,9.013422012329102,539,628.1499999999976,660,660,False,death,0,0,0,0,0,0,20.833333333333336,1.1653988868274539,44.281654357910156,44.281654357910156,208,330
2026-03-28T20:18:55.622919,4499,14.582872867584229,869,826.2499999999902,866,866,False,death,0,0,0,0,0,0,27.335858585858585,0.9508055235903224,44.48575973510742,44.48575973510742,335,533
2026-03-28T20:19:11.088817,4500,13.410527467727661,803,874.4999999999934,899,899,False,death,0,0,0,0,0,0,28.377525252525253,1.0890410958904027,44.13469696044922,44.13469696044922,310,492
2026-03-28T20:19:15.330368,4501,3.435654640197754,202,280.75000000000045,316,316,False,death,0,0,0,0,0,0,9.974747474747476,1.389851485148517,44.77476119995117,44.77476119995117,77,124
2026-03-28T20:19:24.689997,4502,8.212397813796997,487,676.0499999999979,700,700,False,death,0,0,0,0,0,0,22.095959595959595,1.3881930184804885,44.23729705810547,44.23729705810547,188,298
2026-03-28T20:19:40.689684,4503,13.872835636138916,828,1214.549999999988,1230,1230,False,death,0,0,0,0,0,0,38.82575757575758,1.466847826086942,44.90071105957031,44.90071105957031,319,508
2026-03-28T20:19:54.061542,4504,12.186874389648438,729,871.8499999999941,899,899,False,death,0,0,0,0,0,0,28.377525252525253,1.1959533607681676,44.45335388183594,44.45335388183594,281,447
2026-03-28T20:20:06.050592,4505,10.891802787780762,645,793.349999999994,825,825,False,death,0,0,0,0,0,0,26.041666666666668,1.2299999999999907,44.676597595214844,44.676597595214844,248,396
2026-03-28T20:20:10.693897,4506,3.767226457595825,227,271.8000000000003,305,305,False,death,0,0,0,0,0,0,9.627525252525253,1.1973568281938338,43.954586029052734,43.954586029052734,87,139
2026-03-28T20:20:14.615576,4507,3.128545045852661,183,267.1500000000006,301,301,False,death,0,0,0,0,0,0,9.501262626262626,1.4598360655737739,44.36022186279297,44.36022186279297,70,112
2026-03-28T20:20:41.256432,4508,23.67161536216736,1420,1370.6999999999787,1400,1400,False,death,0,0,0,0,0,0,44.19191919191919,0.9652816901408301,42.810516357421875,42.810516357421875,547,872
2026-03-28T20:21:39.468104,4509,52.149667739868164,3129,1274.2999999999554,1414,1414,False,death,0,0,0,0,0,0,44.63383838383838,0.4072547139661091,43.92674255371094,43.92674255371094,1206,1922
2026-03-28T20:21:48.434953,4510,7.889344930648804,469,671.4499999999973,699,699,False,death,0,0,0,0,0,0,22.064393939393938,1.4316631130063908,44.38128662109375,44.38128662109375,180,288
2026-03-28T20:21:56.613474,4511,7.176313161849976,427,664.7999999999989,693,693,False,death,0,0,0,0,0,0,21.875,1.5569086651053838,43.7512321472168,43.7512321472168,164,262
2026-03-28T20:22:00.642050,4512,3.2203118801116943,190,275.6000000000003,311,311,False,death,0,0,0,0,0,0,9.816919191919192,1.4505263157894752,43.62017059326172,43.62017059326172,73,116
2026-03-28T20:22:04.857211,4513,3.4089725017547607,201,276.1000000000003,310,310,False,death,0,0,0,0,0,0,9.785353535353536,1.3736318407960215,44.16146469116211,44.16146469116211,77,123
2026-03-28T20:22:19.284887,4514,13.242893695831299,795,866.5499999999927,898,898,False,death,0,0,0,0,0,0,28.345959595959595,1.0899999999999908,44.206825256347656,44.206825256347656,306,488
2026-03-28T20:22:22.857707,4515,2.7943429946899414,168,272.0000000000004,307,307,False,death,0,0,0,0,0,0,9.690656565656566,1.6190476190476215,44.26060104370117,44.26060104370117,64,103
2026-03-28T20:22:32.286274,4516,8.419469118118286,505,658.8499999999979,687,687,False,death,0,0,0,0,0,0,21.685606060606062,1.3046534653465305,44.16033935546875,44.16033935546875,194,310
2026-03-28T20:22:36.877931,4517,3.811779022216797,223,255.65000000000066,289,289,False,death,0,0,0,0,0,0,9.122474747474747,1.1464125560538145,44.137901306152344,44.137901306152344,85,137
2026-03-28T20:22:51.704086,4518,13.537144184112549,813,863.0999999999924,899,899,False,death,0,0,0,0,0,0,28.377525252525253,1.061623616236153,44.801116943359375,44.801116943359375,313,499
2026-03-28T20:23:06.258443,4519,13.369210481643677,797,789.8999999999944,814,814,False,death,0,0,0,0,0,0,25.694444444444443,0.9910915934755262,43.73926544189453,43.73926544189453,307,489
2026-03-28T20:23:27.436817,4520,18.560317993164062,1115,653.7499999999884,723,723,False,stuck_timeout,0,0,0,0,0,0,22.821969696969695,0.5863228699551466,44.49632263183594,44.49632263183594,429,685
2026-03-28T20:23:30.979789,4521,2.7691900730133057,166,272.7500000000005,308,308,False,death,0,0,0,0,0,0,9.722222222222223,1.6430722891566296,43.90043640136719,43.90043640136719,63,102
2026-03-28T20:23:34.840372,4522,3.0961289405822754,187,267.05000000000035,302,302,False,death,0,0,0,0,0,0,9.532828282828284,1.4280748663101623,44.89878845214844,44.89878845214844,72,114
2026-03-28T20:23:38.417809,4523,2.8087921142578125,165,267.00000000000045,303,303,False,death,0,0,0,0,0,0,9.56439393939394,1.6181818181818208,44.24338912963867,44.24338912963867,63,101
2026-03-28T20:23:53.678632,4524,14.001416683197021,838,766.6499999999945,792,792,False,death,0,0,0,0,0,0,25.0,0.9148568019093013,44.2156982421875,44.2156982421875,322,515
2026-03-28T20:23:58.469484,4525,3.938479423522949,233,261.05000000000024,295,295,False,death,0,0,0,0,0,0,9.311868686868687,1.1203862660944217,44.431758880615234,44.431758880615234,89,143
2026-03-28T20:24:02.245931,4526,3.0161588191986084,179,276.7000000000003,312,312,False,death,0,0,0,0,0,0,9.848484848484848,1.5458100558659233,43.47369384765625,43.47369384765625,68,110
2026-03-28T20:24:19.771503,4527,16.166046619415283,970,541.5999999999924,595,595,False,stuck_timeout,0,0,0,0,0,0,18.781565656565657,0.5583505154639097,44.29890060424805,44.29890060424805,373,596
2026-03-28T20:24:35.693226,4528,14.671078443527222,876,673.2999999999913,723,723,False,stuck_timeout,0,0,0,0,0,0,22.821969696969695,0.7686073059360632,43.78783416748047,43.78783416748047,337,538
2026-03-28T20:24:44.222404,4529,7.562098503112793,451,659.2999999999997,688,688,False,death,0,0,0,0,0,0,21.71717171717172,1.4618625277161856,44.083099365234375,44.083099365234375,173,277
2026-03-28T20:24:48.201961,4530,3.192737579345703,186,262.3500000000004,297,297,False,death,0,0,0,0,0,0,9.375,1.4104838709677443,43.723297119140625,43.723297119140625,71,114
2026-03-28T20:25:03.633520,4531,14.14285945892334,844,873.3499999999933,898,898,False,death,0,0,0,0,0,0,28.345959595959595,1.0347748815165798,43.77602767944336,43.77602767944336,325,518
2026-03-28T20:25:18.640182,4532,13.801475286483765,823,685.8999999999935,722,722,False,death,0,0,0,0,0,0,22.79040404040404,0.8334143377885704,44.192352294921875,44.192352294921875,317,505
2026-03-28T20:25:41.974796,4533,21.797953128814697,1305,656.3999999999876,723,723,False,stuck_timeout,0,0,0,0,0,0,22.821969696969695,0.502988505747117,43.582237243652344,43.582237243652344,502,802
2026-03-28T20:25:45.857473,4534,3.1165428161621094,185,271.1500000000006,305,305,False,death,0,0,0,0,0,0,9.627525252525253,1.465675675675679,43.46316146850586,43.46316146850586,71,113
2026-03-28T20:25:53.543966,4535,6.729836940765381,404,677.6999999999981,704,704,False,death,0,0,0,0,0,0,22.22222222222222,1.6774752475247479,43.99542236328125,43.99542236328125,155,248
2026-03-28T20:26:09.871159,4536,15.021772623062134,903,674.0999999999912,723,723,False,stuck_timeout,0,0,0,0,0,0,22.821969696969695,0.7465116279069669,44.8689079284668,44.8689079284668,347,555
2026-03-28T20:26:30.329322,4537,17.946778297424316,1074,1098.899999999983,1128,1128,False,death,0,0,0,0,0,0,35.60606060606061,1.0231843575418837,44.40095520019531,44.40095520019531,413,660
2026-03-28T20:26:34.774598,4538,3.6124444007873535,217,262.9500000000005,297,297,False,death,0,0,0,0,0,0,9.375,1.211751152073735,43.91781234741211,43.91781234741211,83,133
2026-03-28T20:26:38.577185,4539,3.0284016132354736,181,263.0000000000005,298,298,False,death,0,0,0,0,0,0,9.406565656565656,1.453038674033152,44.106929779052734,44.106929779052734,69,111
2026-03-28T20:26:42.682985,4540,3.1168665885925293,183,266.35000000000053,301,301,False,death,0,0,0,0,0,0,9.501262626262626,1.4554644808743198,44.46891403198242,44.46891403198242,70,112
2026-03-28T20:26:46.465659,4541,3.0203769207000732,178,275.9000000000003,312,312,False,death,0,0,0,0,0,0,9.848484848484848,1.5500000000000018,44.396080017089844,44.396080017089844,68,109
2026-03-28T20:26:54.926882,4542,7.457375764846802,447,669.8499999999985,698,698,False,death,0,0,0,0,0,0,22.03282828282828,1.498545861297536,44.15887451171875,44.15887451171875,172,274
2026-03-28T20:27:09.029465,4543,12.913700580596924,773,842.8499999999918,866,866,False,death,0,0,0,0,0,0,27.335858585858585,1.090362225097014,44.62480926513672,44.62480926513672,297,475
2026-03-28T20:27:18.822662,4544,8.73213815689087,523,665.4499999999983,697,697,False,death,0,0,0,0,0,0,22.001262626262626,1.2723709369024825,44.61430358886719,44.61430358886719,201,321
2026-03-28T20:27:27.948080,4545,8.03378677368164,481,646.899999999998,677,677,False,death,0,0,0,0,0,0,21.369949494949495,1.3449064449064407,43.904296875,43.904296875,185,295
2026-03-28T20:27:48.065565,4546,17.724968433380127,1059,1099.8999999999878,1135,1135,False,death,0,0,0,0,0,0,35.82702020202021,1.0386213408876184,44.72639465332031,44.72639465332031,407,651
2026-03-28T20:28:04.662523,4547,15.337665557861328,917,1110.7499999999868,1124,1124,False,death,0,0,0,0,0,0,35.47979797979798,1.2112868047982408,43.13972473144531,43.13972473144531,352,564
2026-03-28T20:28:12.721320,4548,7.032677412033081,417,681.3499999999976,709,709,False,death,0,0,0,0,0,0,22.380050505050505,1.6339328537170208,44.72431564331055,44.72431564331055,160,256
2026-03-28T20:28:20.932997,4549,7.248823881149292,431,648.6499999999987,684,684,False,death,0,0,0,0,0,0,21.59090909090909,1.5049883990719228,44.066917419433594,44.066917419433594,165,265
2026-03-28T20:28:26.192752,4550,4.332948923110962,257,249.65000000000032,284,284,False,death,0,0,0,0,0,0,8.964646464646464,0.9714007782101179,44.048397064208984,44.048397064208984,98,158
2026-03-28T20:28:47.597706,4551,18.78126072883606,1127,1110.1499999999885,1135,1135,False,death,0,0,0,0,0,0,35.82702020202021,0.9850488021295373,43.97071838378906,43.97071838378906,433,693
2026-03-28T20:28:51.489507,4552,3.1084914207458496,183,271.50000000000057,308,308,False,death,0,0,0,0,0,0,9.722222222222223,1.4836065573770523,43.89396667480469,43.89396667480469,70,112
2026-03-28T20:28:54.930161,4553,2.6997923851013184,157,271.95000000000056,307,307,False,death,0,0,0,0,0,0,9.690656565656566,1.732165605095545,43.79694747924805,43.79694747924805,60,96
2026-03-28T20:29:14.852808,4554,17.48201632499695,1045,1404.0999999999842,1416,1416,False,death,0,0,0,0,0,0,44.696969696969695,1.3436363636363486,43.553524017333984,43.553524017333984,401,643
2026-03-28T20:29:23.921916,4555,7.964296102523804,475,648.4999999999972,674,674,False,death,0,0,0,0,0,0,21.275252525252526,1.365263157894731,43.9193115234375,43.9193115234375,182,292
2026-03-28T20:29:38.909572,4556,13.71320390701294,819,1101.3999999999892,1122,1122,False,death,0,0,0,0,0,0,35.41666666666667,1.3448107448107316,44.6359977722168,44.6359977722168,314,504
2026-03-28T20:29:44.137485,4557,4.321043968200684,259,251.3000000000004,286,286,False,death,0,0,0,0,0,0,9.027777777777777,0.9702702702702718,44.25638961791992,44.25638961791992,99,159
2026-03-28T20:29:48.513476,4558,3.5436432361602783,213,266.5500000000004,300,300,False,death,0,0,0,0,0,0,9.469696969696969,1.2514084507042273,44.2389030456543,44.2389030456543,81,131
