timestamp,episode,step,frame_id,sync_delay_ms,desync_detected,recovery_time_ms,frame_drops,buffer_size,lua_timestamp,python_timestamp,clock_drift_ms
2026-03-25T18:21:32.187704,1,0,28,0.9055137634277344,False,0.0,0,1,1774480892187,1774480892187,0
2026-03-25T18:21:38.878660,1,100,428,2.122640609741211,False,0.0,0,1,1774480898878,1774480898878,0
2026-03-25T18:21:41.183286,2,0,27,1.9528865814208984,False,0.0,0,1,1774480901183,1774480901183,0
2026-03-25T18:21:47.858594,2,100,427,4.102230072021484,False,0.0,0,1,1774480907858,1774480907858,0
2026-03-25T18:21:49.952440,3,0,27,2.198934555053711,False,0.0,0,1,1774480909952,1774480909952,0
2026-03-25T18:21:55.727016,4,0,27,1.8968582153320312,False,0.0,0,1,1774480915727,1774480915727,0
2026-03-25T18:22:02.397783,4,100,427,1.3785362243652344,False,0.0,0,1,1774480922397,1774480922397,0
2026-03-25T18:22:05.798769,5,0,26,2.3279190063476562,False,0.0,0,1,1774480925798,1774480925798,0
2026-03-25T18:22:12.448860,5,100,426,1.985311508178711,False,0.0,0,1,1774480932448,1774480932448,0
2026-03-25T18:22:19.270996,6,0,27,2.2678375244140625,False,0.0,0,1,1774480939270,1774480939270,0
2026-03-25T18:22:25.378393,7,0,28,1.9676685333251953,False,0.0,0,1,1774480945378,1774480945378,0
2026-03-25T18:22:32.050230,7,100,428,3.248929977416992,False,0.0,0,1,1774480952050,1774480952050,0
2026-03-25T18:22:33.696670,8,0,27,1.6961097717285156,False,0.0,0,1,1774480953696,1774480953696,0
2026-03-25T18:22:40.368812,8,100,427,2.2585391998291016,False,0.0,0,1,1774480960368,1774480960368,0
2026-03-25T18:22:47.070936,8,200,827,1.9047260284423828,False,0.0,0,1,1774480967070,1774480967070,0
2026-03-25T18:22:54.362604,9,0,28,2.1746158599853516,False,0.0,0,1,1774480974362,1774480974362,0
2026-03-25T18:23:00.070260,10,0,27,1.8856525421142578,False,0.0,0,1,1774480980070,1774480980070,0
2026-03-25T18:23:06.726898,10,100,427,2.9191970825195312,False,0.0,0,1,1774480986726,1774480986726,0
2026-03-25T18:23:08.206012,11,0,27,2.0444393157958984,False,0.0,0,1,1774480988206,1774480988206,0
2026-03-25T18:23:14.464690,12,0,28,1.8470287322998047,False,0.0,0,1,1774480994464,1774480994464,0
2026-03-25T18:23:21.117542,12,100,428,1.8315315246582031,False,0.0,0,1,1774481001117,1774481001117,0
2026-03-25T18:23:22.352055,13,0,27,4.776477813720703,False,0.0,0,1,1774481002352,1774481002352,0
2026-03-25T18:23:29.006601,13,100,427,3.7958621978759766,False,0.0,0,1,1774481009006,1774481009006,0
2026-03-25T18:23:32.855652,14,0,28,3.721952438354492,False,0.0,0,1,1774481012855,1774481012855,0
2026-03-25T18:23:39.504384,14,100,428,2.289295196533203,False,0.0,0,1,1774481019504,1774481019504,0
2026-03-25T18:23:42.923203,15,0,27,1.7707347869873047,False,0.0,0,1,1774481022923,1774481022923,0
2026-03-25T18:23:49.571289,15,100,427,2.115011215209961,False,0.0,0,1,1774481029571,1774481029571,0
2026-03-25T18:23:56.226944,15,200,827,2.256631851196289,False,0.0,0,1,1774481036226,1774481036226,0
2026-03-25T18:24:02.291639,16,0,27,3.9451122283935547,False,0.0,0,1,1774481042291,1774481042291,0
2026-03-25T18:24:08.940367,16,100,427,2.4099349975585938,False,0.0,0,1,1774481048940,1774481048940,0
2026-03-25T18:24:15.598556,16,200,827,3.730297088623047,False,0.0,0,1,1774481055598,1774481055598,0
2026-03-25T18:24:16.809896,17,0,27,1.2133121490478516,False,0.0,0,1,1774481056809,1774481056809,0
2026-03-25T18:24:23.480539,17,100,427,1.6429424285888672,False,0.0,0,1,1774481063480,1774481063480,0
2026-03-25T18:24:25.478623,18,0,27,2.4039745330810547,False,0.0,0,1,1774481065478,1774481065478,0
2026-03-25T18:24:32.135840,18,100,427,4.099845886230469,False,0.0,0,1,1774481072135,1774481072135,0
2026-03-25T18:24:35.413851,19,0,28,2.244234085083008,False,0.0,0,1,1774481075413,1774481075413,0
2026-03-25T18:24:42.068233,19,100,428,3.3783912658691406,False,0.0,0,1,1774481082068,1774481082068,0
2026-03-25T18:24:44.729260,20,0,28,1.5785694122314453,False,0.0,0,1,1774481084729,1774481084729,0
2026-03-25T18:24:50.407526,21,0,27,1.7228126525878906,False,0.0,0,1,1774481090407,1774481090407,0
2026-03-25T18:24:57.076157,21,100,427,1.9342899322509766,False,0.0,0,1,1774481097076,1774481097076,0
2026-03-25T18:24:58.405938,22,0,28,1.4815330505371094,False,0.0,0,1,1774481098405,1774481098405,0
2026-03-25T18:25:05.080100,22,100,428,2.6640892028808594,False,0.0,0,1,1774481105080,1774481105080,0
2026-03-25T18:25:06.350232,23,0,27,2.3009777069091797,False,0.0,0,1,1774481106350,1774481106350,0
2026-03-25T18:25:12.998729,23,100,427,1.911163330078125,False,0.0,0,1,1774481112998,1774481112998,0
2026-03-25T18:25:19.671217,23,200,827,2.142190933227539,False,0.0,0,1,1774481119671,1774481119671,0
2026-03-25T18:25:26.826132,24,0,27,2.111196517944336,False,0.0,0,1,1774481126826,1774481126826,0
2026-03-25T18:25:33.483704,24,100,427,3.746509552001953,False,0.0,0,1,1774481133483,1774481133483,0
2026-03-25T18:25:40.137628,24,200,827,2.268552780151367,False,0.0,0,1,1774481140137,1774481140137,0
2026-03-25T18:25:46.277694,25,0,27,1.7046928405761719,False,0.0,0,1,1774481146277,1774481146277,0
2026-03-25T18:25:52.084591,26,0,27,2.3539066314697266,False,0.0,0,1,1774481152084,1774481152084,0
2026-03-25T18:25:58.740734,26,100,427,2.7036666870117188,False,0.0,0,1,1774481158740,1774481158740,0
2026-03-25T18:26:03.448866,27,0,27,1.36566162109375,False,0.0,0,1,1774481163448,1774481163448,0
2026-03-25T18:26:10.869361,28,0,28,1.8436908721923828,False,0.0,0,1,1774481170869,1774481170869,0
2026-03-25T18:26:17.542040,28,100,428,1.5687942504882812,False,0.0,0,1,1774481177542,1774481177542,0
2026-03-25T18:26:19.906025,29,0,28,3.1058788299560547,False,0.0,0,1,1774481179906,1774481179906,0
2026-03-25T18:26:26.562133,29,100,428,2.8662681579589844,False,0.0,0,1,1774481186562,1774481186562,0
2026-03-25T18:26:33.220641,29,200,828,2.716541290283203,False,0.0,0,1,1774481193220,1774481193220,0
2026-03-25T18:26:37.364799,30,0,27,4.630327224731445,False,0.0,0,1,1774481197364,1774481197364,0
2026-03-25T18:26:44.015820,30,100,427,3.1998157501220703,False,0.0,0,1,1774481204015,1774481204015,0
2026-03-25T18:26:50.707461,31,0,28,2.2635459899902344,False,0.0,0,1,1774481210707,1774481210707,0
2026-03-25T18:26:56.660450,32,0,27,2.1877288818359375,False,0.0,0,1,1774481216660,1774481216660,0
2026-03-25T18:27:03.318499,32,100,427,3.567218780517578,False,0.0,0,1,1774481223318,1774481223318,0
2026-03-25T18:27:09.989872,32,200,827,2.863645553588867,False,0.0,0,1,1774481229989,1774481229989,0
2026-03-25T18:27:11.074031,33,0,28,2.5832653045654297,False,0.0,0,1,1774481231074,1774481231074,0
2026-03-25T18:27:17.743063,33,100,428,3.110647201538086,False,0.0,0,1,1774481237743,1774481237743,0
2026-03-25T18:27:24.398124,33,200,828,1.8849372863769531,False,0.0,0,1,1774481244398,1774481244398,0
2026-03-25T18:27:31.113040,33,300,1228,3.106355667114258,False,0.0,0,1,1774481251113,1774481251113,0
2026-03-25T18:27:34.116371,34,0,28,3.3059120178222656,False,0.0,0,1,1774481254116,1774481254116,0
2026-03-25T18:27:40.787825,34,100,428,2.6769638061523438,False,0.0,0,1,1774481260787,1774481260787,0
2026-03-25T18:27:46.844997,35,0,28,3.233671188354492,False,0.0,0,1,1774481266844,1774481266844,0
2026-03-25T18:27:53.700916,36,0,27,3.6754608154296875,False,0.0,0,1,1774481273700,1774481273700,0
2026-03-25T18:28:00.355088,36,100,427,2.3686885833740234,False,0.0,0,1,1774481280355,1774481280355,0
2026-03-25T18:28:07.012050,36,200,827,3.1566619873046875,False,0.0,0,1,1774481287012,1774481287012,0
2026-03-25T18:28:11.263313,37,0,28,4.412174224853516,False,0.0,0,1,1774481291263,1774481291263,0
2026-03-25T18:28:17.072696,38,0,28,2.5458335876464844,False,0.0,0,1,1774481297072,1774481297072,0
2026-03-25T18:28:23.720796,38,100,428,5.602359771728516,False,0.0,0,1,1774481303720,1774481303720,0
2026-03-25T18:28:30.391711,38,200,828,4.569530487060547,False,0.0,0,1,1774481310391,1774481310391,0
2026-03-25T18:28:32.252677,39,0,27,2.048969268798828,False,0.0,0,1,1774481312252,1774481312252,0
2026-03-25T18:28:38.144118,40,0,28,3.086090087890625,False,0.0,0,1,1774481318144,1774481318144,0
2026-03-25T18:28:44.801949,40,100,428,5.103349685668945,False,0.0,0,1,1774481324801,1774481324801,0
2026-03-25T18:28:51.470853,40,200,828,2.8111934661865234,False,0.0,0,1,1774481331470,1774481331470,0
2026-03-25T18:28:54.817540,41,0,27,2.3658275604248047,False,0.0,0,1,1774481334817,1774481334817,0
2026-03-25T18:29:01.488986,41,100,427,3.5691261291503906,False,0.0,0,1,1774481341488,1774481341488,0
2026-03-25T18:29:03.717038,42,0,28,2.529621124267578,False,0.0,0,1,1774481343717,1774481343717,0
2026-03-25T18:29:10.356296,43,0,27,2.7933120727539062,False,0.0,0,1,1774481350356,1774481350356,0
2026-03-25T18:29:16.097359,44,0,28,2.832651138305664,False,0.0,0,1,1774481356097,1774481356097,0
2026-03-25T18:29:22.768797,44,100,428,2.749919891357422,False,0.0,0,1,1774481362768,1774481362768,0
2026-03-25T18:29:29.275029,45,0,27,2.4526119232177734,False,0.0,0,1,1774481369275,1774481369275,0
2026-03-25T18:29:35.933266,45,100,427,5.32984733581543,False,0.0,0,1,1774481375933,1774481375933,0
2026-03-25T18:29:42.589056,45,200,827,5.19561767578125,False,0.0,0,1,1774481382589,1774481382589,0
2026-03-25T18:29:44.235265,46,0,27,4.029035568237305,False,0.0,0,1,1774481384235,1774481384235,0
2026-03-25T18:29:50.772015,47,0,28,2.2640228271484375,False,0.0,0,1,1774481390772,1774481390772,0
2026-03-25T18:29:57.428393,47,100,428,2.2704601287841797,False,0.0,0,1,1774481397428,1774481397428,0
2026-03-25T18:30:04.085717,47,200,828,4.543066024780273,False,0.0,0,1,1774481404085,1774481404085,0
2026-03-25T18:30:05.468860,48,0,27,3.6635398864746094,False,0.0,0,1,1774481405468,1774481405468,0
2026-03-25T18:30:12.121714,48,100,427,3.1783580780029297,False,0.0,0,1,1774481412121,1774481412121,0
2026-03-25T18:30:15.731041,49,0,28,2.079010009765625,False,0.0,0,1,1774481415731,1774481415731,0
2026-03-25T18:30:22.386290,49,100,428,2.1970272064208984,False,0.0,0,1,1774481422386,1774481422386,0
2026-03-25T18:30:29.043624,49,200,828,3.3254623413085938,False,0.0,0,1,1774481429043,1774481429043,0
2026-03-25T18:30:35.697503,49,300,1228,2.3980140686035156,False,0.0,0,1,1774481435697,1774481435697,0
2026-03-25T18:30:42.422257,49,400,1628,5.026340484619141,False,0.0,0,1,1774481442422,1774481442422,0
2026-03-25T18:30:47.631794,50,0,28,2.4716854095458984,False,0.0,0,1,1774481447631,1774481447631,0
2026-03-25T18:30:54.286261,50,100,428,2.6035308837890625,False,0.0,0,1,1774481454286,1774481454286,0
2026-03-25T18:30:58.130529,51,0,28,5.659818649291992,False,0.0,0,1,1774481458130,1774481458130,0
2026-03-25T18:31:03.768294,52,0,27,2.718687057495117,False,0.0,0,1,1774481463768,1774481463768,0
2026-03-25T18:31:09.429411,53,0,28,2.835988998413086,False,0.0,0,1,1774481469429,1774481469429,0
2026-03-25T18:31:16.081745,53,100,428,2.4445056915283203,False,0.0,0,1,1774481476081,1774481476081,0
2026-03-25T18:31:17.977559,54,0,28,2.3615360260009766,False,0.0,0,1,1774481477977,1774481477977,0
2026-03-25T18:31:23.570512,55,0,28,4.401683807373047,False,0.0,0,1,1774481483570,1774481483570,0
2026-03-25T18:31:29.143269,56,0,27,3.309488296508789,False,0.0,0,1,1774481489143,1774481489143,0
2026-03-25T18:31:35.817555,56,100,427,4.265785217285156,False,0.0,0,1,1774481495817,1774481495817,0
2026-03-25T18:31:37.246512,57,0,28,2.64739990234375,False,0.0,0,1,1774481497246,1774481497246,0
2026-03-25T18:31:43.919999,57,100,428,4.138708114624023,False,0.0,0,1,1774481503919,1774481503919,0
2026-03-25T18:31:51.754031,58,0,26,1.0256767272949219,False,0.0,0,1,1774481511754,1774481511754,0
2026-03-25T18:31:58.412842,58,100,426,3.70025634765625,False,0.0,0,1,1774481518412,1774481518412,0
2026-03-25T18:32:05.070192,58,200,826,4.970788955688477,False,0.0,0,1,1774481525070,1774481525070,0
2026-03-25T18:32:09.678061,59,0,28,2.0248889923095703,False,0.0,0,1,1774481529678,1774481529678,0
2026-03-25T18:32:15.201780,60,0,27,3.6628246307373047,False,0.0,0,1,1774481535201,1774481535201,0
2026-03-25T18:32:21.855281,60,100,427,1.8014907836914062,False,0.0,0,1,1774481541855,1774481541855,0
2026-03-25T18:32:28.759786,61,0,27,1.096963882446289,False,0.0,0,1,1774481548759,1774481548759,0
2026-03-25T18:32:35.415994,61,100,427,2.4967193603515625,False,0.0,0,1,1774481555415,1774481555415,0
2026-03-25T18:32:37.928664,62,0,27,2.0923614501953125,False,0.0,0,1,1774481557928,1774481557928,0
2026-03-25T18:32:44.583676,62,100,427,1.695871353149414,False,0.0,0,1,1774481564583,1774481564583,0
2026-03-25T18:32:51.255484,62,200,827,1.8362998962402344,False,0.0,0,1,1774481571255,1774481571255,0
2026-03-25T18:32:55.865669,63,0,27,0.820159912109375,False,0.0,0,1,1774481575865,1774481575865,0
2026-03-25T18:33:02.537804,63,100,427,2.0394325256347656,False,0.0,0,1,1774481582537,1774481582537,0
2026-03-25T18:33:06.782596,64,0,28,3.186941146850586,False,0.0,0,1,1774481586782,1774481586782,0
2026-03-25T18:33:12.292650,65,0,27,2.0792484283447266,False,0.0,0,1,1774481592292,1774481592292,0
2026-03-25T18:33:17.846555,66,0,27,3.4215450286865234,False,0.0,0,1,1774481597846,1774481597846,0
2026-03-25T18:33:24.518781,66,100,427,2.2492408752441406,False,0.0,0,1,1774481604518,1774481604518,0
2026-03-25T18:33:31.174436,66,200,827,2.4366378784179688,False,0.0,0,1,1774481611174,1774481611174,0
2026-03-25T18:33:37.829304,66,300,1227,1.8086433410644531,False,0.0,0,1,1774481617829,1774481617829,0
2026-03-25T18:33:44.485087,66,400,1627,2.1135807037353516,False,0.0,0,1,1774481624485,1774481624485,0
2026-03-25T18:33:53.238074,67,0,26,1.4698505401611328,False,0.0,0,1,1774481633238,1774481633238,0
2026-03-25T18:33:59.894335,67,100,426,2.419710159301758,False,0.0,0,1,1774481639894,1774481639894,0
2026-03-25T18:34:08.427680,68,0,27,0.9908676147460938,False,0.0,0,1,1774481648427,1774481648427,0
2026-03-25T18:34:15.102698,68,100,427,2.7000904083251953,False,0.0,0,1,1774481655102,1774481655102,0
2026-03-25T18:34:17.847772,69,0,27,1.9404888153076172,False,0.0,0,1,1774481657847,1774481657847,0
2026-03-25T18:34:24.518087,69,100,427,1.901388168334961,False,0.0,0,1,1774481664518,1774481664518,0
2026-03-25T18:34:31.193801,69,200,827,2.389669418334961,False,0.0,0,1,1774481671193,1774481671193,0
2026-03-25T18:34:37.849435,69,300,1227,3.222227096557617,False,0.0,0,1,1774481677849,1774481677849,0
2026-03-25T18:34:41.921972,70,0,26,0.9300708770751953,False,0.0,0,1,1774481681921,1774481681921,0
2026-03-25T18:34:47.846278,71,0,27,1.8839836120605469,False,0.0,0,1,1774481687846,1774481687846,0
2026-03-25T18:34:54.501447,71,100,427,1.7685890197753906,False,0.0,0,1,1774481694501,1774481694501,0
2026-03-25T18:35:00.893926,72,0,27,1.4729499816894531,False,0.0,0,1,1774481700893,1774481700893,0
2026-03-25T18:35:07.547891,72,100,427,1.7230510711669922,False,0.0,0,1,1774481707547,1774481707547,0
2026-03-25T18:35:11.956833,73,0,27,2.471446990966797,False,0.0,0,1,1774481711956,1774481711956,0
2026-03-25T18:35:18.612295,73,100,427,2.0666122436523438,False,0.0,0,1,1774481718612,1774481718612,0
2026-03-25T18:35:21.357993,74,0,27,2.4056434631347656,False,0.0,0,1,1774481721357,1774481721357,0
2026-03-25T18:35:28.477634,75,0,27,0.7712841033935547,False,0.0,0,1,1774481728477,1774481728477,0
2026-03-25T18:35:35.134150,75,100,427,1.9123554229736328,False,0.0,0,1,1774481735134,1774481735134,0
2026-03-25T18:35:37.799497,76,0,27,2.2361278533935547,False,0.0,0,1,1774481737799,1774481737799,0
2026-03-25T18:35:44.453341,76,100,427,2.7365684509277344,False,0.0,0,1,1774481744453,1774481744453,0
2026-03-25T18:35:48.050689,77,0,27,2.096414566040039,False,0.0,0,1,1774481748050,1774481748050,0
2026-03-25T18:35:54.703755,77,100,427,3.0930042266845703,False,0.0,0,1,1774481754703,1774481754703,0
2026-03-25T18:35:58.081939,78,0,27,3.2203197479248047,False,0.0,0,1,1774481758081,1774481758081,0
2026-03-25T18:36:04.736290,78,100,427,2.054452896118164,False,0.0,0,1,1774481764736,1774481764736,0
2026-03-25T18:36:11.392159,78,200,827,2.5985240936279297,False,0.0,0,1,1774481771392,1774481771392,0
2026-03-25T18:36:13.122394,79,0,27,2.513408660888672,False,0.0,0,1,1774481773122,1774481773122,0
2026-03-25T18:36:19.795147,79,100,427,2.280712127685547,False,0.0,0,1,1774481779795,1774481779795,0
2026-03-25T18:36:24.153674,80,0,28,2.4557113647460938,False,0.0,0,1,1774481784153,1774481784153,0
2026-03-25T18:36:30.809579,80,100,428,2.4220943450927734,False,0.0,0,1,1774481790809,1774481790809,0
2026-03-25T18:36:38.328270,81,0,26,0.8938312530517578,False,0.0,0,1,1774481798328,1774481798328,0
2026-03-25T18:36:44.985171,81,100,426,1.8138885498046875,False,0.0,0,1,1774481804985,1774481804985,0
2026-03-25T18:36:51.641187,81,200,826,2.257108688354492,False,0.0,0,1,1774481811641,1774481811641,0
2026-03-25T18:37:00.259771,82,0,27,1.0318756103515625,False,0.0,0,1,1774481820259,1774481820259,0
2026-03-25T18:37:07.288716,83,0,27,1.8353462219238281,False,0.0,0,1,1774481827288,1774481827288,0
2026-03-25T18:37:12.810623,84,0,27,1.875162124633789,False,0.0,0,1,1774481832810,1774481832810,0
2026-03-25T18:37:19.462235,84,100,427,2.2590160369873047,False,0.0,0,1,1774481839462,1774481839462,0
2026-03-25T18:37:26.117798,84,200,827,2.545595169067383,False,0.0,0,1,1774481846117,1774481846117,0
2026-03-25T18:37:26.938211,85,0,27,2.094268798828125,False,0.0,0,1,1774481846938,1774481846938,0
2026-03-25T18:37:33.604651,85,100,427,1.5616416931152344,False,0.0,0,1,1774481853604,1774481853604,0
2026-03-25T18:37:40.262454,85,200,827,3.560304641723633,False,0.0,0,1,1774481860262,1774481860262,0
2026-03-25T18:37:43.470956,86,0,27,0.7183551788330078,False,0.0,0,1,1774481863470,1774481863470,0
2026-03-25T18:37:50.126697,86,100,427,1.7724037170410156,False,0.0,0,1,1774481870126,1774481870126,0
2026-03-25T18:37:56.799594,86,200,827,2.3338794708251953,False,0.0,0,1,1774481876799,1774481876799,0
2026-03-25T18:38:02.438814,87,0,26,0.7402896881103516,False,0.0,0,1,1774481882438,1774481882438,0
2026-03-25T18:38:09.111925,87,100,426,1.8839836120605469,False,0.0,0,1,1774481889111,1774481889111,0
2026-03-25T18:38:10.732133,88,0,27,2.028226852416992,False,0.0,0,1,1774481890732,1774481890732,0
2026-03-25T18:38:17.385111,89,0,27,1.972198486328125,False,0.0,0,1,1774481897385,1774481897385,0
2026-03-25T18:38:24.043994,89,100,427,8.628606796264648,False,0.0,0,1,1774481904043,1774481904043,0
2026-03-25T18:38:28.046664,90,0,28,0.8997917175292969,False,0.0,0,1,1774481908046,1774481908046,0
2026-03-25T18:38:34.704432,90,100,428,3.143310546875,False,0.0,0,1,1774481914704,1774481914704,0
2026-03-25T18:38:37.365894,91,0,27,2.684354782104492,False,0.0,0,1,1774481917365,1774481917365,0
2026-03-25T18:38:44.021626,91,100,427,1.9838809967041016,False,0.0,0,1,1774481924021,1774481924021,0
2026-03-25T18:38:50.427643,92,0,27,1.8358230590820312,False,0.0,0,1,1774481930427,1774481930427,0
2026-03-25T18:38:57.101990,92,100,427,1.9254684448242188,False,0.0,0,1,1774481937101,1774481937101,0
2026-03-25T18:38:57.833396,93,0,28,3.2041072845458984,False,0.0,0,1,1774481937833,1774481937833,0
2026-03-25T18:39:04.487829,93,100,428,2.4261474609375,False,0.0,0,1,1774481944487,1774481944487,0
2026-03-25T18:39:08.463583,94,0,28,0.9586811065673828,False,0.0,0,1,1774481948463,1774481948463,0
2026-03-25T18:39:15.354323,95,0,28,2.5060176849365234,False,0.0,0,1,1774481955354,1774481955354,0
2026-03-25T18:39:22.009912,95,100,428,3.187894821166992,False,0.0,0,1,1774481962009,1774481962009,0
2026-03-25T18:39:27.882504,96,0,27,2.5038719177246094,False,0.0,0,1,1774481967882,1774481967882,0
2026-03-25T18:39:34.537302,96,100,427,2.1979808807373047,False,0.0,0,1,1774481974537,1774481974537,0
2026-03-25T18:39:35.978390,97,0,27,2.1572113037109375,False,0.0,0,1,1774481975978,1774481975978,0
2026-03-25T18:39:42.650647,97,100,427,11.789321899414062,False,0.0,0,1,1774481982650,1774481982650,0
2026-03-25T18:39:49.299805,97,200,827,3.770589828491211,False,0.0,0,1,1774481989299,1774481989299,0
2026-03-25T18:39:50.479027,98,0,27,2.830982208251953,False,0.0,0,1,1774481990479,1774481990479,0
2026-03-25T18:39:56.095041,99,0,27,7.414340972900391,False,0.0,0,1,1774481996095,1774481996095,0
2026-03-25T18:40:02.741074,99,100,427,2.040386199951172,False,0.0,0,1,1774482002741,1774482002741,0
2026-03-25T18:40:08.631401,100,0,27,2.4924278259277344,False,0.0,0,1,1774482008631,1774482008631,0
2026-03-25T18:40:16.000479,101,0,28,0.8087158203125,False,0.0,0,1,1774482016000,1774482016000,0
2026-03-25T18:40:22.675764,101,100,428,3.258943557739258,False,0.0,0,1,1774482022675,1774482022675,0
2026-03-25T18:40:29.330810,101,200,828,2.138376235961914,False,0.0,0,1,1774482029330,1774482029330,0
2026-03-25T18:40:30.912214,102,0,27,2.1343231201171875,False,0.0,0,1,1774482030912,1774482030912,0
2026-03-25T18:40:37.567454,102,100,427,2.461671829223633,False,0.0,0,1,1774482037567,1774482037567,0
2026-03-25T18:40:39.080583,103,0,27,2.1712779998779297,False,0.0,0,1,1774482039080,1774482039080,0
2026-03-25T18:40:45.736494,103,100,427,1.91497802734375,False,0.0,0,1,1774482045736,1774482045736,0
2026-03-25T18:40:50.679263,104,0,27,0.8485317230224609,False,0.0,0,1,1774482050679,1774482050679,0
2026-03-25T18:40:57.335652,104,100,427,3.7789344787597656,False,0.0,0,1,1774482057335,1774482057335,0
2026-03-25T18:41:02.733090,105,0,27,0.9171962738037109,False,0.0,0,1,1774482062733,1774482062733,0
2026-03-25T18:41:09.379461,105,100,427,1.596689224243164,False,0.0,0,1,1774482069379,1774482069379,0
2026-03-25T18:41:16.469651,106,0,27,1.5735626220703125,False,0.0,0,1,1774482076469,1774482076469,0
2026-03-25T18:41:22.609116,107,0,27,2.08282470703125,False,0.0,0,1,1774482082609,1774482082609,0
2026-03-25T18:41:28.649329,108,0,27,2.0449161529541016,False,0.0,0,1,1774482088649,1774482088649,0
2026-03-25T18:41:34.766410,109,0,27,11.871337890625,False,0.0,0,1,1774482094766,1774482094766,0
2026-03-25T18:41:41.411771,109,100,427,1.9674301147460938,False,0.0,0,1,1774482101411,1774482101411,0
2026-03-25T18:41:48.069150,109,200,827,2.840757369995117,False,0.0,0,1,1774482108069,1774482108069,0
2026-03-25T18:41:54.725071,109,300,1227,2.1126270294189453,False,0.0,0,1,1774482114725,1774482114725,0
2026-03-25T18:42:03.492029,110,0,27,1.5523433685302734,False,0.0,0,1,1774482123492,1774482123492,0
2026-03-25T18:42:10.085635,111,0,27,2.4871826171875,False,0.0,0,1,1774482130085,1774482130085,0
2026-03-25T18:42:16.735935,111,100,427,1.8930435180664062,False,0.0,0,1,1774482136735,1774482136735,0
2026-03-25T18:42:23.393440,111,200,827,2.010822296142578,False,0.0,0,1,1774482143393,1774482143393,0
2026-03-25T18:42:26.253251,112,0,27,2.0647048950195312,False,0.0,0,1,1774482146253,1774482146253,0
2026-03-25T18:42:33.309004,113,0,26,2.7208328247070312,False,0.0,0,1,1774482153309,1774482153309,0
2026-03-25T18:42:40.046430,114,0,27,2.0029544830322266,False,0.0,0,1,1774482160046,1774482160046,0
2026-03-25T18:42:46.702414,114,100,427,2.465963363647461,False,0.0,0,1,1774482166702,1774482166702,0
2026-03-25T18:42:48.635160,115,0,27,1.8453598022460938,False,0.0,0,1,1774482168635,1774482168635,0
2026-03-25T18:42:55.306151,115,100,427,1.8243789672851562,False,0.0,0,1,1774482175306,1774482175306,0
2026-03-25T18:42:58.281869,116,0,27,0.99945068359375,False,0.0,0,1,1774482178281,1774482178281,0
2026-03-25T18:43:04.939369,116,100,427,1.9333362579345703,False,0.0,0,1,1774482184939,1774482184939,0
2026-03-25T18:43:11.594453,116,200,827,1.5842914581298828,False,0.0,0,1,1774482191594,1774482191594,0
2026-03-25T18:43:18.252081,116,300,1227,3.267049789428711,False,0.0,0,1,1774482198252,1774482198252,0
2026-03-25T18:43:19.348834,117,0,27,1.8455982208251953,False,0.0,0,1,1774482199348,1774482199348,0
2026-03-25T18:43:24.946673,118,0,27,2.6748180389404297,False,0.0,0,1,1774482204946,1774482204946,0
2026-03-25T18:43:31.597593,118,100,427,3.9703845977783203,False,0.0,0,1,1774482211597,1774482211597,0
2026-03-25T18:43:38.250323,118,200,827,1.9555091857910156,False,0.0,0,1,1774482218250,1774482218250,0
2026-03-25T18:43:46.587307,119,0,28,2.557992935180664,False,0.0,0,1,1774482226587,1774482226587,0
2026-03-25T18:43:53.241993,119,100,428,2.1543502807617188,False,0.0,0,1,1774482233241,1774482233241,0
2026-03-25T18:43:58.285591,120,0,27,3.086566925048828,False,0.0,0,1,1774482238285,1774482238285,0
2026-03-25T18:44:04.940875,120,100,427,3.011465072631836,False,0.0,0,1,1774482244940,1774482244940,0
2026-03-25T18:44:11.537055,121,0,27,1.1548995971679688,False,0.0,0,1,1774482251537,1774482251537,0
2026-03-25T18:44:18.201832,121,100,427,2.095460891723633,False,0.0,0,1,1774482258201,1774482258201,0
2026-03-25T18:44:24.856897,121,200,827,2.3229122161865234,False,0.0,0,1,1774482264856,1774482264856,0
2026-03-25T18:44:32.246572,122,0,27,1.1169910430908203,False,0.0,0,1,1774482272246,1774482272246,0
2026-03-25T18:44:38.900491,122,100,427,2.946138381958008,False,0.0,0,1,1774482278900,1774482278900,0
2026-03-25T18:44:42.160979,123,0,27,2.2249221801757812,False,0.0,0,1,1774482282160,1774482282160,0
2026-03-25T18:44:48.168097,124,0,27,2.1615028381347656,False,0.0,0,1,1774482288168,1774482288168,0
2026-03-25T18:44:53.759479,125,0,27,1.9373893737792969,False,0.0,0,1,1774482293759,1774482293759,0
2026-03-25T18:45:00.421047,125,100,427,9.435415267944336,False,0.0,0,1,1774482300421,1774482300421,0
2026-03-25T18:45:04.141310,126,0,27,1.8622875213623047,False,0.0,0,1,1774482304141,1774482304141,0
2026-03-25T18:45:10.815050,126,100,427,1.859903335571289,False,0.0,0,1,1774482310815,1774482310815,0
2026-03-25T18:45:17.303005,127,0,27,0.8177757263183594,False,0.0,0,1,1774482317303,1774482317303,0
2026-03-25T18:45:22.878605,128,0,26,1.6713142395019531,False,0.0,0,1,1774482322878,1774482322878,0
2026-03-25T18:45:29.333514,129,0,27,2.464771270751953,False,0.0,0,1,1774482329333,1774482329333,0
2026-03-25T18:45:36.006475,129,100,427,3.522634506225586,False,0.0,0,1,1774482336006,1774482336006,0
2026-03-25T18:45:36.858357,130,0,27,3.7157535552978516,False,0.0,0,1,1774482336858,1774482336858,0
2026-03-25T18:45:42.379233,131,0,27,2.967357635498047,False,0.0,0,1,1774482342379,1774482342379,0
2026-03-25T18:45:48.805432,132,0,27,2.7074813842773438,False,0.0,0,1,1774482348805,1774482348805,0
2026-03-25T18:45:55.474703,132,100,427,3.415346145629883,False,0.0,0,1,1774482355474,1774482355474,0
2026-03-25T18:46:02.129652,132,200,827,3.4317970275878906,False,0.0,0,1,1774482362129,1774482362129,0
2026-03-25T18:46:08.783646,132,300,1227,2.1829605102539062,False,0.0,0,1,1774482368783,1774482368783,0
2026-03-25T18:46:15.472424,132,400,1627,1.6515254974365234,False,0.0,0,1,1774482375472,1774482375472,0
2026-03-25T18:46:19.032498,133,0,29,0.7390975952148438,False,0.0,0,1,1774482379032,1774482379032,0
2026-03-25T18:46:24.612793,134,0,27,1.7936229705810547,False,0.0,0,1,1774482384612,1774482384612,0
2026-03-25T18:46:30.265854,135,0,28,2.826690673828125,False,0.0,0,1,1774482390265,1774482390265,0
2026-03-25T18:46:35.990201,136,0,27,2.2640228271484375,False,0.0,0,1,1774482395990,1774482395990,0
2026-03-25T18:46:42.627737,136,100,426,2.252340316772461,False,0.0,0,1,1774482402627,1774482402627,0
2026-03-25T18:46:43.246042,137,0,28,4.535198211669922,False,0.0,0,1,1774482403246,1774482403246,0
2026-03-25T18:46:49.898606,137,100,428,1.9271373748779297,False,0.0,0,1,1774482409898,1774482409898,0
2026-03-25T18:46:56.555056,137,200,828,2.0160675048828125,False,0.0,0,1,1774482416555,1774482416555,0
2026-03-25T18:47:03.211065,137,300,1228,2.1131038665771484,False,0.0,0,1,1774482423211,1774482423211,0
2026-03-25T18:47:08.556841,138,0,27,0.8249282836914062,False,0.0,0,1,1774482428556,1774482428556,0
2026-03-25T18:47:15.207955,138,100,427,2.2230148315429688,False,0.0,0,1,1774482435207,1774482435207,0
2026-03-25T18:47:16.190558,139,0,27,3.8552284240722656,False,0.0,0,1,1774482436190,1774482436190,0
2026-03-25T18:47:22.865258,139,100,427,3.537893295288086,False,0.0,0,1,1774482442865,1774482442865,0
2026-03-25T18:47:28.859070,140,0,27,4.900455474853516,False,0.0,0,1,1774482448859,1774482448859,0
2026-03-25T18:47:35.622405,141,0,27,0.9870529174804688,False,0.0,0,1,1774482455622,1774482455622,0
2026-03-25T18:47:41.663616,142,0,26,1.9562244415283203,False,0.0,0,1,1774482461663,1774482461663,0
2026-03-25T18:47:48.319869,142,100,426,2.259492874145508,False,0.0,0,1,1774482468319,1774482468319,0
2026-03-25T18:47:54.976968,142,200,826,2.8443336486816406,False,0.0,0,1,1774482474976,1774482474976,0
2026-03-25T18:48:01.633779,142,300,1226,3.907442092895508,False,0.0,0,1,1774482481633,1774482481633,0
2026-03-25T18:48:08.306643,142,400,1626,3.6411285400390625,False,0.0,0,1,1774482488306,1774482488306,0
2026-03-25T18:48:15.540483,143,0,26,1.2097358703613281,False,0.0,0,1,1774482495540,1774482495540,0
2026-03-25T18:48:21.788631,144,0,27,2.417325973510742,False,0.0,0,1,1774482501788,1774482501788,0
2026-03-25T18:48:28.435652,144,100,427,2.2335052490234375,False,0.0,0,1,1774482508435,1774482508435,0
2026-03-25T18:48:35.092523,144,200,827,2.927064895629883,False,0.0,0,1,1774482515092,1774482515092,0
2026-03-25T18:48:40.005282,145,0,28,1.9059181213378906,False,0.0,0,1,1774482520005,1774482520005,0
2026-03-25T18:48:45.640661,146,0,27,2.1810531616210938,False,0.0,0,1,1774482525640,1774482525640,0
2026-03-25T18:48:51.247927,147,0,28,2.101898193359375,False,0.0,0,1,1774482531247,1774482531247,0
2026-03-25T18:48:56.860679,148,0,28,2.626657485961914,False,0.0,0,1,1774482536860,1774482536860,0
2026-03-25T18:49:03.513012,148,100,428,2.176523208618164,False,0.0,0,1,1774482543513,1774482543513,0
2026-03-25T18:49:09.618327,149,0,27,2.695798873901367,False,0.0,0,1,1774482549618,1774482549618,0
2026-03-25T18:49:16.272267,149,100,427,1.7039775848388672,False,0.0,0,1,1774482556272,1774482556272,0
2026-03-25T18:49:17.110779,150,0,27,1.8885135650634766,False,0.0,0,1,1774482557110,1774482557110,0
2026-03-25T18:49:23.761399,150,100,427,2.200603485107422,False,0.0,0,1,1774482563761,1774482563761,0
2026-03-25T18:49:25.691020,151,0,27,2.2699832916259766,False,0.0,0,1,1774482565691,1774482565691,0
2026-03-25T18:49:31.249228,152,0,27,1.7478466033935547,False,0.0,0,1,1774482571249,1774482571249,0
2026-03-25T18:49:37.905969,152,100,427,3.7724971771240234,False,0.0,0,1,1774482577905,1774482577905,0
2026-03-25T18:49:40.283495,153,0,27,2.5620460510253906,False,0.0,0,1,1774482580283,1774482580283,0
2026-03-25T18:49:46.938837,153,100,427,1.9044876098632812,False,0.0,0,1,1774482586938,1774482586938,0
2026-03-25T18:49:53.594552,153,200,827,1.7096996307373047,False,0.0,0,1,1774482593594,1774482593594,0
2026-03-25T18:49:57.970718,154,0,27,1.697540283203125,False,0.0,0,1,1774482597970,1774482597970,0
2026-03-25T18:50:04.626261,154,100,427,2.254486083984375,False,0.0,0,1,1774482604626,1774482604626,0
2026-03-25T18:50:06.859885,155,0,27,1.9707679748535156,False,0.0,0,1,1774482606859,1774482606859,0
2026-03-25T18:50:13.513004,155,100,427,3.221273422241211,False,0.0,0,1,1774482613512,1774482613513,1
2026-03-25T18:50:15.407870,156,0,27,1.8939971923828125,False,0.0,0,1,1774482615407,1774482615407,0
2026-03-25T18:50:22.065367,156,100,427,2.116680145263672,False,0.0,0,1,1774482622065,1774482622065,0
2026-03-25T18:50:28.738232,156,200,827,2.745389938354492,False,0.0,0,1,1774482628738,1774482628738,0
2026-03-25T18:50:31.015210,157,0,28,0.6730556488037109,False,0.0,0,1,1774482631015,1774482631015,0
2026-03-25T18:50:37.671853,157,100,428,2.6178359985351562,False,0.0,0,1,1774482637671,1774482637671,0
2026-03-25T18:50:44.808253,158,0,27,1.0941028594970703,False,0.0,0,1,1774482644808,1774482644808,0
2026-03-25T18:50:51.466507,158,100,427,3.333568572998047,False,0.0,0,1,1774482651466,1774482651466,0
2026-03-25T18:50:55.194900,159,0,28,1.7061233520507812,False,0.0,0,1,1774482655194,1774482655194,0
2026-03-25T18:51:00.766866,160,0,28,1.8527507781982422,False,0.0,0,1,1774482660766,1774482660766,0
2026-03-25T18:51:07.438371,160,100,428,2.0265579223632812,False,0.0,0,1,1774482667438,1774482667438,0
2026-03-25T18:51:10.798663,161,0,27,1.0113716125488281,False,0.0,0,1,1774482670798,1774482670798,0
2026-03-25T18:51:17.457044,161,100,427,2.3326873779296875,False,0.0,0,1,1774482677457,1774482677457,0
2026-03-25T18:51:24.110840,161,200,827,2.0897388458251953,False,0.0,0,1,1774482684110,1774482684110,0
2026-03-25T18:51:30.776602,161,300,1227,9.901762008666992,False,0.0,0,1,1774482690776,1774482690776,0
2026-03-25T18:51:37.362774,162,0,27,2.412080764770508,False,0.0,0,1,1774482697362,1774482697362,0
2026-03-25T18:51:44.032382,162,100,427,1.7375946044921875,False,0.0,0,1,1774482704032,1774482704032,0
2026-03-25T18:51:50.972434,163,0,27,3.4558773040771484,False,0.0,0,1,1774482710972,1774482710972,0
2026-03-25T18:51:57.639234,163,100,427,1.9562244415283203,False,0.0,0,1,1774482717639,1774482717639,0
2026-03-25T18:52:01.783112,164,0,27,2.517223358154297,False,0.0,0,1,1774482721783,1774482721783,0
2026-03-25T18:52:07.323967,165,0,27,2.4843215942382812,False,0.0,0,1,1774482727323,1774482727323,0
2026-03-25T18:52:13.979867,165,100,427,2.348184585571289,False,0.0,0,1,1774482733979,1774482733979,0
2026-03-25T18:52:17.938470,166,0,26,2.161741256713867,False,0.0,0,1,1774482737938,1774482737938,0
2026-03-25T18:52:24.594428,166,100,426,1.873016357421875,False,0.0,0,1,1774482744594,1774482744594,0
2026-03-25T18:52:27.979473,167,0,27,1.9435882568359375,False,0.0,0,1,1774482747979,1774482747979,0
2026-03-25T18:52:33.914034,168,0,26,2.526521682739258,False,0.0,0,1,1774482753914,1774482753914,0
2026-03-25T18:52:40.585251,168,100,426,2.5463104248046875,False,0.0,0,1,1774482760585,1774482760585,0
2026-03-25T18:52:46.829617,169,0,27,2.0074844360351562,False,0.0,0,1,1774482766829,1774482766829,0
2026-03-25T18:52:53.479872,169,100,427,2.131223678588867,False,0.0,0,1,1774482773479,1774482773479,0
2026-03-25T18:53:00.134794,169,200,827,1.8131732940673828,False,0.0,0,1,1774482780134,1774482780134,0
2026-03-25T18:53:01.492343,170,0,27,3.846883773803711,False,0.0,0,1,1774482781492,1774482781492,0
2026-03-25T18:53:08.146756,170,100,427,9.464740753173828,False,0.0,0,1,1774482788146,1774482788146,0
2026-03-25T18:53:09.103140,171,0,27,1.878499984741211,False,0.0,0,1,1774482789103,1774482789103,0
2026-03-25T18:53:15.758857,171,100,427,1.6210079193115234,False,0.0,0,1,1774482795758,1774482795758,0
2026-03-25T18:53:22.887732,172,0,27,3.933429718017578,False,0.0,0,1,1774482802887,1774482802887,0
2026-03-25T18:53:29.537849,172,100,427,1.9309520721435547,False,0.0,0,1,1774482809537,1774482809537,0
2026-03-25T18:53:36.195319,172,200,827,4.2266845703125,False,0.0,0,1,1774482816195,1774482816195,0
2026-03-25T18:53:42.848669,172,300,1227,2.6535987854003906,False,0.0,0,1,1774482822848,1774482822848,0
2026-03-25T18:53:49.521496,172,400,1627,2.1567344665527344,False,0.0,0,1,1774482829521,1774482829521,0
2026-03-25T18:53:58.405434,173,0,27,1.1250972747802734,False,0.0,0,1,1774482838405,1774482838405,0
2026-03-25T18:54:05.078524,173,100,427,2.5670528411865234,False,0.0,0,1,1774482845078,1774482845078,0
2026-03-25T18:54:10.087613,174,0,27,3.4787654876708984,False,0.0,0,1,1774482850087,1774482850087,0
2026-03-25T18:54:16.741351,174,100,427,1.0094642639160156,False,0.0,0,1,1774482856741,1774482856741,0
2026-03-25T18:54:22.888650,175,0,27,0.7419586181640625,False,0.0,0,1,1774482862888,1774482862888,0
2026-03-25T18:54:29.538194,175,100,427,2.7625560760498047,False,0.0,0,1,1774482869538,1774482869538,0
2026-03-25T18:54:36.244247,175,200,827,1.9791126251220703,False,0.0,0,1,1774482876244,1774482876244,0
2026-03-25T18:54:42.898483,175,300,1227,2.4394989013671875,False,0.0,0,1,1774482882898,1774482882898,0
2026-03-25T18:54:49.555991,175,400,1627,1.798868179321289,False,0.0,0,1,1774482889555,1774482889555,0
2026-03-25T18:54:57.058300,176,0,27,1.2180805206298828,False,0.0,0,1,1774482897058,1774482897058,0
2026-03-25T18:55:03.713871,176,100,427,1.8353462219238281,False,0.0,0,1,1774482903713,1774482903713,0
2026-03-25T18:55:10.385823,176,200,827,2.2351741790771484,False,0.0,0,1,1774482910385,1774482910385,0
2026-03-25T18:55:17.048730,176,300,1227,9.105682373046875,False,0.0,0,1,1774482917048,1774482917048,0
2026-03-25T18:55:24.931149,177,0,26,1.2874603271484375,False,0.0,0,1,1774482924931,1774482924931,0
2026-03-25T18:55:31.606217,177,100,426,4.111289978027344,False,0.0,0,1,1774482931606,1774482931606,0
2026-03-25T18:55:39.608915,178,0,27,1.1949539184570312,False,0.0,0,1,1774482939608,1774482939608,0
2026-03-25T18:55:46.261324,178,100,427,1.5702247619628906,False,0.0,0,1,1774482946261,1774482946261,0
2026-03-25T18:55:52.318027,179,0,28,1.2063980102539062,False,0.0,0,1,1774482952318,1774482952318,0
2026-03-25T18:55:58.975680,179,100,428,3.8673877716064453,False,0.0,0,1,1774482958975,1774482958975,0
2026-03-25T18:56:05.630727,179,200,828,2.3870468139648438,False,0.0,0,1,1774482965630,1774482965630,0
2026-03-25T18:56:07.532392,180,0,28,3.8115978240966797,False,0.0,0,1,1774482967532,1774482967532,0
2026-03-25T18:56:14.481019,181,0,28,1.155853271484375,False,0.0,0,1,1774482974481,1774482974481,0
2026-03-25T18:56:21.137652,181,100,428,2.655506134033203,False,0.0,0,1,1774482981137,1774482981137,0
2026-03-25T18:56:24.432984,182,0,27,2.408742904663086,False,0.0,0,1,1774482984432,1774482984432,0
2026-03-25T18:56:31.087400,182,100,427,1.2888908386230469,False,0.0,0,1,1774482991087,1774482991087,0
2026-03-25T18:56:37.744409,182,200,827,2.3446083068847656,False,0.0,0,1,1774482997744,1774482997744,0
2026-03-25T18:56:39.226137,183,0,28,3.2367706298828125,False,0.0,0,1,1774482999226,1774482999226,0
2026-03-25T18:56:45.897093,183,100,428,2.1255016326904297,False,0.0,0,1,1774483005897,1774483005897,0
2026-03-25T18:56:48.724556,184,0,25,1.5437602996826172,False,0.0,0,1,1774483008724,1774483008724,0
2026-03-25T18:56:54.338959,185,0,28,1.9373893737792969,False,0.0,0,1,1774483014338,1774483014338,0
2026-03-25T18:57:00.990452,185,100,428,1.9283294677734375,False,0.0,0,1,1774483020990,1774483020990,0
2026-03-25T18:57:07.061186,186,0,27,1.1510848999023438,False,0.0,0,1,1774483027061,1774483027061,0
2026-03-25T18:57:13.717411,186,100,427,2.561807632446289,False,0.0,0,1,1774483033717,1774483033717,0
2026-03-25T18:57:20.857706,187,0,27,1.9919872283935547,False,0.0,0,1,1774483040857,1774483040857,0
2026-03-25T18:57:27.045458,188,0,27,1.8498897552490234,False,0.0,0,1,1774483047045,1774483047045,0
2026-03-25T18:57:34.292629,189,0,27,10.582208633422852,False,0.0,0,1,1774483054292,1774483054292,0
2026-03-25T18:57:40.924022,190,0,27,2.271890640258789,False,0.0,0,1,1774483060924,1774483060924,0
2026-03-25T18:57:47.598426,190,100,427,2.0728111267089844,False,0.0,0,1,1774483067598,1774483067598,0
2026-03-25T18:57:49.688642,191,0,26,10.083675384521484,False,0.0,0,1,1774483069688,1774483069688,0
2026-03-25T18:57:56.329544,191,100,426,2.4318695068359375,False,0.0,0,1,1774483076329,1774483076329,0
2026-03-25T18:57:58.262060,192,0,26,3.0074119567871094,False,0.0,0,1,1774483078262,1774483078262,0
2026-03-25T18:58:04.799307,193,0,26,1.674652099609375,False,0.0,0,1,1774483084799,1774483084799,0
2026-03-25T18:58:10.365113,194,0,27,9.949445724487305,False,0.0,0,1,1774483090365,1774483090365,0
2026-03-25T18:58:17.113760,195,0,27,3.147125244140625,False,0.0,0,1,1774483097113,1774483097113,0
2026-03-25T18:58:22.668957,196,0,27,1.9540786743164062,False,0.0,0,1,1774483102668,1774483102668,0
2026-03-25T18:58:29.325667,196,100,427,2.4530887603759766,False,0.0,0,1,1774483109325,1774483109325,0
2026-03-25T18:58:35.997020,196,200,827,1.94549560546875,False,0.0,0,1,1774483115997,1774483115997,0
2026-03-25T18:58:36.863587,197,0,27,2.1305084228515625,False,0.0,0,1,1774483116863,1774483116863,0
2026-03-25T18:58:43.784961,198,0,27,2.1038055419921875,False,0.0,0,1,1774483123784,1774483123784,0
2026-03-25T18:58:50.456816,198,100,427,2.015352249145508,False,0.0,0,1,1774483130456,1774483130456,0
2026-03-25T18:58:57.461165,199,0,26,0.7953643798828125,False,0.0,0,1,1774483137461,1774483137461,0
2026-03-25T18:59:04.118146,199,100,426,2.003192901611328,False,0.0,0,1,1774483144118,1774483144118,0
2026-03-25T18:59:07.045029,200,0,27,1.6696453094482422,False,0.0,0,1,1774483147045,1774483147045,0
2026-03-25T18:59:13.700772,200,100,427,1.8813610076904297,False,0.0,0,1,1774483153700,1774483153700,0
2026-03-25T18:59:20.357129,200,200,827,1.8582344055175781,False,0.0,0,1,1774483160357,1774483160357,0
2026-03-25T18:59:24.998594,201,0,27,0.9334087371826172,False,0.0,0,1,1774483164998,1774483164998,0
2026-03-25T18:59:30.640459,202,0,27,2.1779537200927734,False,0.0,0,1,1774483170640,1774483170640,0
2026-03-25T18:59:37.419609,203,0,27,1.2273788452148438,False,0.0,0,1,1774483177419,1774483177419,0
2026-03-25T18:59:44.185532,204,0,28,2.3190975189208984,False,0.0,0,1,1774483184185,1774483184185,0
2026-03-25T18:59:50.840529,204,100,428,2.6874542236328125,False,0.0,0,1,1774483190840,1774483190840,0
2026-03-25T18:59:53.919156,205,0,27,2.3026466369628906,False,0.0,0,1,1774483193919,1774483193919,0
2026-03-25T19:00:00.557485,205,100,425,2.104043960571289,False,0.0,0,1,1774483200557,1774483200557,0
2026-03-25T19:00:01.189451,206,0,28,2.4759769439697266,False,0.0,0,1,1774483201189,1774483201189,0
2026-03-25T19:00:06.739934,207,0,27,2.2001266479492188,False,0.0,0,1,1774483206739,1774483206739,0
2026-03-25T19:00:12.255600,208,0,26,3.210306167602539,False,0.0,0,1,1774483212255,1774483212255,0
2026-03-25T19:00:18.495912,209,0,27,1.8308162689208984,False,0.0,0,1,1774483218495,1774483218495,0
2026-03-25T19:00:24.534054,210,0,27,1.7750263214111328,False,0.0,0,1,1774483224534,1774483224534,0
2026-03-25T19:00:31.192041,210,100,427,3.6516189575195312,False,0.0,0,1,1774483231192,1774483231192,0
2026-03-25T19:00:37.845917,210,200,827,3.148317337036133,False,0.0,0,1,1774483237845,1774483237845,0
2026-03-25T19:00:45.602320,211,0,27,1.573801040649414,False,0.0,0,1,1774483245602,1774483245602,0
2026-03-25T19:00:51.139500,212,0,27,1.8906593322753906,False,0.0,0,1,1774483251139,1774483251139,0
2026-03-25T19:00:56.714136,213,0,27,1.898050308227539,False,0.0,0,1,1774483256714,1774483256714,0
2026-03-25T19:01:03.370183,213,100,427,1.9297599792480469,False,0.0,0,1,1774483263370,1774483263370,0
2026-03-25T19:01:10.042404,213,200,827,2.3839473724365234,False,0.0,0,1,1774483270042,1774483270042,0
2026-03-25T19:01:16.696722,213,300,1227,1.5342235565185547,False,0.0,0,1,1774483276696,1774483276696,0
2026-03-25T19:01:20.389668,214,0,27,0.78582763671875,False,0.0,0,1,1774483280389,1774483280389,0
2026-03-25T19:01:27.048562,214,100,427,2.6912689208984375,False,0.0,0,1,1774483287048,1774483287048,0
2026-03-25T19:01:33.704476,214,200,827,3.257274627685547,False,0.0,0,1,1774483293704,1774483293704,0
2026-03-25T19:01:40.359615,214,300,1227,3.155231475830078,False,0.0,0,1,1774483300359,1774483300359,0
2026-03-25T19:01:49.125841,215,0,27,0.9367465972900391,False,0.0,0,1,1774483309125,1774483309125,0
2026-03-25T19:01:54.962049,216,0,27,12.392044067382812,False,0.0,0,1,1774483314962,1774483314962,0
2026-03-25T19:02:00.829089,217,0,27,1.8680095672607422,False,0.0,0,1,1774483320829,1774483320829,0
2026-03-25T19:02:07.496906,217,100,427,2.530336380004883,False,0.0,0,1,1774483327496,1774483327496,0
2026-03-25T19:02:14.151641,217,200,827,1.9185543060302734,False,0.0,0,1,1774483334151,1774483334151,0
2026-03-25T19:02:21.756275,218,0,27,0.9698867797851562,False,0.0,0,1,1774483341756,1774483341756,0
2026-03-25T19:02:28.030117,219,0,28,2.035379409790039,False,0.0,0,1,1774483348030,1774483348030,0
2026-03-25T19:02:34.685886,219,100,428,2.8214454650878906,False,0.0,0,1,1774483354685,1774483354685,0
2026-03-25T19:02:35.854852,220,0,28,2.4781227111816406,False,0.0,0,1,1774483355854,1774483355854,0
2026-03-25T19:02:42.121527,221,0,27,1.3022422790527344,False,0.0,0,1,1774483362121,1774483362121,0
2026-03-25T19:02:48.793840,221,100,427,1.4760494232177734,False,0.0,0,1,1774483368793,1774483368793,0
2026-03-25T19:02:52.330975,222,0,28,10.07533073425293,False,0.0,0,1,1774483372330,1774483372330,0
2026-03-25T19:02:58.980123,222,100,428,3.062725067138672,False,0.0,0,1,1774483378980,1774483378980,0
2026-03-25T19:03:01.692361,223,0,27,1.959085464477539,False,0.0,0,1,1774483381692,1774483381692,0
2026-03-25T19:03:07.315620,224,0,28,1.9841194152832031,False,0.0,0,1,1774483387315,1774483387315,0
2026-03-25T19:03:12.890541,225,0,27,1.9168853759765625,False,0.0,0,1,1774483392890,1774483392890,0
2026-03-25T19:03:18.545362,226,0,27,2.2449493408203125,False,0.0,0,1,1774483398545,1774483398545,0
2026-03-25T19:03:24.104634,227,0,27,2.832174301147461,False,0.0,0,1,1774483404104,1774483404104,0
2026-03-25T19:03:30.725423,227,100,424,2.7043819427490234,False,0.0,0,1,1774483410725,1774483410725,0
2026-03-25T19:03:31.375186,228,0,28,2.1126270294189453,False,0.0,0,1,1774483411375,1774483411375,0
2026-03-25T19:03:38.048074,228,100,428,3.587007522583008,False,0.0,0,1,1774483418048,1774483418048,0
2026-03-25T19:03:44.820542,228,200,828,2.313852310180664,False,0.0,0,1,1774483424820,1774483424820,0
2026-03-25T19:03:46.401278,229,0,28,1.5149116516113281,False,0.0,0,1,1774483426401,1774483426401,0
2026-03-25T19:03:52.180106,230,0,27,2.0036697387695312,False,0.0,0,1,1774483432180,1774483432180,0
2026-03-25T19:03:58.832955,230,100,427,3.3445358276367188,False,0.0,0,1,1774483438832,1774483438832,0
2026-03-25T19:04:03.275032,231,0,26,2.4237632751464844,False,0.0,0,1,1774483443275,1774483443275,0
2026-03-25T19:04:09.931559,231,100,426,3.029346466064453,False,0.0,0,1,1774483449931,1774483449931,0
2026-03-25T19:04:16.584356,231,200,826,1.8875598907470703,False,0.0,0,1,1774483456584,1774483456584,0
2026-03-25T19:04:19.486573,232,0,27,1.8527507781982422,False,0.0,0,1,1774483459486,1774483459486,0
2026-03-25T19:04:26.138882,232,100,427,2.046346664428711,False,0.0,0,1,1774483466138,1774483466138,0
2026-03-25T19:04:31.725207,233,0,27,1.950979232788086,False,0.0,0,1,1774483471725,1774483471725,0
2026-03-25T19:04:38.384609,233,100,427,2.6133060455322266,False,0.0,0,1,1774483478384,1774483478384,0
2026-03-25T19:04:41.791715,234,0,27,1.9030570983886719,False,0.0,0,1,1774483481791,1774483481791,0
2026-03-25T19:04:47.384460,235,0,27,2.105712890625,False,0.0,0,1,1774483487384,1774483487384,0
2026-03-25T19:04:54.053335,235,100,427,0.8606910705566406,False,0.0,0,1,1774483494053,1774483494053,0
2026-03-25T19:05:00.710745,235,200,827,2.155303955078125,False,0.0,0,1,1774483500710,1774483500710,0
2026-03-25T19:05:09.810899,236,0,27,0.6587505340576172,False,0.0,0,1,1774483509810,1774483509810,0
2026-03-25T19:05:16.468870,236,100,427,3.3292770385742188,False,0.0,0,1,1774483516468,1774483516468,0
2026-03-25T19:05:23.123540,236,200,827,2.485990524291992,False,0.0,0,1,1774483523123,1774483523123,0
2026-03-25T19:05:27.016891,237,0,27,1.13677978515625,False,0.0,0,1,1774483527016,1774483527016,0
2026-03-25T19:05:33.672651,237,100,427,1.8460750579833984,False,0.0,0,1,1774483533672,1774483533672,0
2026-03-25T19:05:40.444582,238,0,27,1.8625259399414062,False,0.0,0,1,1774483540444,1774483540444,0
2026-03-25T19:05:47.118224,238,100,427,2.575397491455078,False,0.0,0,1,1774483547118,1774483547118,0
2026-03-25T19:05:53.772967,238,200,827,1.7418861389160156,False,0.0,0,1,1774483553772,1774483553772,0
2026-03-25T19:05:59.611561,239,0,27,1.0814666748046875,False,0.0,0,1,1774483559611,1774483559611,0
2026-03-25T19:06:06.268823,239,100,427,2.128124237060547,False,0.0,0,1,1774483566268,1774483566268,0
2026-03-25T19:06:07.217330,240,0,27,2.162456512451172,False,0.0,0,1,1774483567217,1774483567217,0
2026-03-25T19:06:13.872787,240,100,427,2.375364303588867,False,0.0,0,1,1774483573872,1774483573872,0
2026-03-25T19:06:19.629148,241,0,27,1.093149185180664,False,0.0,0,1,1774483579629,1774483579629,0
2026-03-25T19:06:26.287180,241,100,427,2.9129981994628906,False,0.0,0,1,1774483586287,1774483586287,0
2026-03-25T19:06:34.878913,242,0,27,0.9281635284423828,False,0.0,0,1,1774483594878,1774483594878,0
2026-03-25T19:06:41.544531,242,100,427,2.707958221435547,False,0.0,0,1,1774483601544,1774483601544,0
2026-03-25T19:06:48.224623,242,200,827,10.96487045288086,False,0.0,0,1,1774483608224,1774483608224,0
2026-03-25T19:06:54.870613,242,300,1227,1.7879009246826172,False,0.0,0,1,1774483614870,1774483614870,0
2026-03-25T19:07:00.561720,243,0,27,0.9434223175048828,False,0.0,0,1,1774483620561,1774483620561,0
2026-03-25T19:07:07.218334,243,100,427,2.084493637084961,False,0.0,0,1,1774483627218,1774483627218,0
2026-03-25T19:07:09.942323,244,0,27,9.510993957519531,False,0.0,0,1,1774483629942,1774483629942,0
2026-03-25T19:07:15.553841,245,0,27,1.9381046295166016,False,0.0,0,1,1774483635553,1774483635553,0
2026-03-25T19:07:22.227520,245,100,427,3.114461898803711,False,0.0,0,1,1774483642227,1774483642227,0
2026-03-25T19:07:27.568289,246,0,27,2.6946067810058594,False,0.0,0,1,1774483647568,1774483647568,0
2026-03-25T19:07:33.097360,247,0,27,1.8610954284667969,False,0.0,0,1,1774483653097,1774483653097,0
2026-03-25T19:07:39.747661,247,100,427,1.9948482513427734,False,0.0,0,1,1774483659747,1774483659747,0
2026-03-25T19:07:44.975557,248,0,27,2.987384796142578,False,0.0,0,1,1774483664975,1774483664975,0
2026-03-25T19:07:51.626884,248,100,427,2.0499229431152344,False,0.0,0,1,1774483671626,1774483671626,0
2026-03-25T19:07:54.074535,249,0,27,2.9916763305664062,False,0.0,0,1,1774483674074,1774483674074,0
2026-03-25T19:07:59.800465,250,0,27,2.1278858184814453,False,0.0,0,1,1774483679800,1774483679800,0
2026-03-25T19:08:06.036895,251,0,26,2.392292022705078,False,0.0,0,1,1774483686036,1774483686036,0
2026-03-25T19:08:12.691979,251,100,426,2.1533966064453125,False,0.0,0,1,1774483692691,1774483692691,0
2026-03-25T19:08:14.107806,252,0,28,2.6328563690185547,False,0.0,0,1,1774483694107,1774483694107,0
2026-03-25T19:08:20.779980,252,100,428,2.145528793334961,False,0.0,0,1,1774483700779,1774483700779,0
2026-03-25T19:08:27.685856,253,0,27,2.981424331665039,False,0.0,0,1,1774483707685,1774483707685,0
2026-03-25T19:08:34.341148,253,100,427,2.410888671875,False,0.0,0,1,1774483714341,1774483714341,0
2026-03-25T19:08:40.997303,253,200,827,3.0629634857177734,False,0.0,0,1,1774483720997,1774483720997,0
2026-03-25T19:08:42.715306,254,0,27,3.91387939453125,False,0.0,0,1,1774483722715,1774483722715,0
2026-03-25T19:08:49.365105,254,100,427,2.2792816162109375,False,0.0,0,1,1774483729365,1774483729365,0
2026-03-25T19:08:55.905135,255,0,27,2.7735233306884766,False,0.0,0,1,1774483735905,1774483735905,0
2026-03-25T19:09:02.559187,255,100,427,1.5654563903808594,False,0.0,0,1,1774483742559,1774483742559,0
2026-03-25T19:09:06.925682,256,0,28,1.8570423126220703,False,0.0,0,1,1774483746925,1774483746925,0
2026-03-25T19:09:13.576519,256,100,428,3.1201839447021484,False,0.0,0,1,1774483753576,1774483753576,0
2026-03-25T19:09:20.231760,256,200,828,2.846956253051758,False,0.0,0,1,1774483760231,1774483760231,0
2026-03-25T19:09:23.326525,257,0,27,0.8416175842285156,False,0.0,0,1,1774483763326,1774483763326,0
2026-03-25T19:09:28.951898,258,0,27,2.462625503540039,False,0.0,0,1,1774483768951,1774483768951,0
2026-03-25T19:09:35.607158,258,100,427,3.65447998046875,False,0.0,0,1,1774483775607,1774483775607,0
2026-03-25T19:09:42.260692,258,200,827,2.022981643676758,False,0.0,0,1,1774483782260,1774483782260,0
2026-03-25T19:09:48.918338,258,300,1227,2.267122268676758,False,0.0,0,1,1774483788918,1774483788918,0
2026-03-25T19:09:54.557735,259,0,27,1.3535022735595703,False,0.0,0,1,1774483794557,1774483794557,0
2026-03-25T19:10:01.228983,259,100,427,1.9485950469970703,False,0.0,0,1,1774483801228,1774483801228,0
2026-03-25T19:10:05.075349,260,0,26,4.291534423828125,False,0.0,0,1,1774483805075,1774483805075,0
2026-03-25T19:10:11.730261,260,100,426,3.002166748046875,False,0.0,0,1,1774483811730,1774483811730,0
2026-03-25T19:10:17.154829,261,0,27,0.9975433349609375,False,0.0,0,1,1774483817154,1774483817154,0
2026-03-25T19:10:23.826186,261,100,427,2.2890567779541016,False,0.0,0,1,1774483823826,1774483823826,0
2026-03-25T19:10:28.285811,262,0,27,3.6766529083251953,False,0.0,0,1,1774483828285,1774483828285,0
2026-03-25T19:10:34.050563,263,0,27,1.802682876586914,False,0.0,0,1,1774483834050,1774483834050,0
2026-03-25T19:10:40.713925,263,100,427,2.0055770874023438,False,0.0,0,1,1774483840713,1774483840713,0
2026-03-25T19:10:47.388241,263,200,827,3.124713897705078,False,0.0,0,1,1774483847388,1774483847388,0
2026-03-25T19:10:54.042374,263,300,1227,1.9257068634033203,False,0.0,0,1,1774483854042,1774483854042,0
2026-03-25T19:11:00.699463,263,400,1627,1.9352436065673828,False,0.0,0,1,1774483860699,1774483860699,0
2026-03-25T19:11:01.639739,264,0,27,2.628803253173828,False,0.0,0,1,1774483861639,1774483861639,0
2026-03-25T19:11:08.284458,264,100,427,1.9338130950927734,False,0.0,0,1,1774483868284,1774483868284,0
2026-03-25T19:11:09.350875,265,0,27,1.7573833465576172,False,0.0,0,1,1774483869350,1774483869350,0
2026-03-25T19:11:16.004956,265,100,427,2.0711421966552734,False,0.0,0,1,1774483876004,1774483876004,0
2026-03-25T19:11:17.805386,266,0,28,2.2766590118408203,False,0.0,0,1,1774483877805,1774483877805,0
2026-03-25T19:11:24.460664,266,100,428,3.30352783203125,False,0.0,0,1,1774483884460,1774483884460,0
2026-03-25T19:11:31.113850,266,200,828,1.8138885498046875,False,0.0,0,1,1774483891113,1774483891113,0
2026-03-25T19:11:32.045669,267,0,28,2.015829086303711,False,0.0,0,1,1774483892045,1774483892045,0
2026-03-25T19:11:38.700352,267,100,428,2.044677734375,False,0.0,0,1,1774483898700,1774483898700,0
2026-03-25T19:11:45.357205,267,200,828,2.640962600708008,False,0.0,0,1,1774483905357,1774483905357,0
2026-03-25T19:11:48.502672,268,0,27,2.312898635864258,False,0.0,0,1,1774483908502,1774483908502,0
2026-03-25T19:11:55.175066,268,100,427,2.2978782653808594,False,0.0,0,1,1774483915175,1774483915175,0
2026-03-25T19:11:58.400767,269,0,27,0.8339881896972656,False,0.0,0,1,1774483918400,1774483918400,0
2026-03-25T19:12:05.057904,269,100,427,2.036571502685547,False,0.0,0,1,1774483925057,1774483925057,0
2026-03-25T19:12:12.061368,270,0,27,1.219034194946289,False,0.0,0,1,1774483932061,1774483932061,0
2026-03-25T19:12:18.718316,270,100,427,2.2017955780029297,False,0.0,0,1,1774483938718,1774483938718,0
2026-03-25T19:12:22.464313,271,0,27,3.5669803619384766,False,0.0,0,1,1774483942464,1774483942464,0
2026-03-25T19:12:29.134163,271,100,427,2.0699501037597656,False,0.0,0,1,1774483949134,1774483949134,0
2026-03-25T19:12:31.964224,272,0,27,2.4864673614501953,False,0.0,0,1,1774483951964,1774483951964,0
2026-03-25T19:12:37.936294,273,0,27,1.9180774688720703,False,0.0,0,1,1774483957936,1774483957936,0
2026-03-25T19:12:44.594064,273,100,427,3.2355785369873047,False,0.0,0,1,1774483964594,1774483964594,0
2026-03-25T19:12:46.271610,274,0,26,1.264810562133789,False,0.0,0,1,1774483966271,1774483966271,0
2026-03-25T19:12:52.927439,274,100,426,1.897573471069336,False,0.0,0,1,1774483972927,1774483972927,0
2026-03-25T19:12:59.584907,274,200,826,1.836538314819336,False,0.0,0,1,1774483979584,1774483979584,0
2026-03-25T19:13:07.785152,275,0,26,0.9500980377197266,False,0.0,0,1,1774483987785,1774483987785,0
2026-03-25T19:13:13.828994,276,0,27,2.3872852325439453,False,0.0,0,1,1774483993828,1774483993828,0
2026-03-25T19:13:20.648929,277,0,27,2.7008056640625,False,0.0,0,1,1774484000648,1774484000648,0
2026-03-25T19:13:27.304982,277,100,427,2.2726058959960938,False,0.0,0,1,1774484007304,1774484007304,0
2026-03-25T19:13:31.540169,278,0,28,12.070417404174805,False,0.0,0,1,1774484011540,1774484011540,0
2026-03-25T19:13:38.186234,278,100,428,1.8796920776367188,False,0.0,0,1,1774484018186,1774484018186,0
2026-03-25T19:13:41.447343,279,0,28,1.962423324584961,False,0.0,0,1,1774484021447,1774484021447,0
2026-03-25T19:13:48.102825,279,100,428,1.829385757446289,False,0.0,0,1,1774484028102,1774484028102,0
2026-03-25T19:13:54.761151,279,200,828,3.7009716033935547,False,0.0,0,1,1774484034761,1774484034761,0
2026-03-25T19:14:01.415180,279,300,1228,3.4961700439453125,False,0.0,0,1,1774484041415,1774484041415,0
2026-03-25T19:14:11.198192,280,0,27,1.112222671508789,False,0.0,0,1,1774484051198,1774484051198,0
2026-03-25T19:14:17.870715,280,100,427,2.2923946380615234,False,0.0,0,1,1774484057870,1774484057870,0
2026-03-25T19:14:26.691861,281,0,28,0.7998943328857422,False,0.0,0,1,1774484066691,1774484066691,0
2026-03-25T19:14:33.346192,281,100,428,2.981901168823242,False,0.0,0,1,1774484073346,1774484073346,0
2026-03-25T19:14:40.000790,281,200,828,1.7952919006347656,False,0.0,0,1,1774484080000,1774484080000,0
2026-03-25T19:14:45.840989,282,0,27,0.9856224060058594,False,0.0,0,1,1774484085840,1774484085840,0
2026-03-25T19:14:52.513253,282,100,427,2.0203590393066406,False,0.0,0,1,1774484092513,1774484092513,0
2026-03-25T19:14:59.184320,282,200,827,1.4700889587402344,False,0.0,0,1,1774484099184,1774484099184,0
2026-03-25T19:15:05.839997,282,300,1227,1.8301010131835938,False,0.0,0,1,1774484105839,1774484105839,0
2026-03-25T19:15:12.496524,282,400,1627,2.435922622680664,False,0.0,0,1,1774484112496,1774484112496,0
2026-03-25T19:15:19.188000,282,500,2027,1.9860267639160156,False,0.0,0,1,1774484119187,1774484119187,0
2026-03-25T19:15:30.082427,283,0,26,1.0006427764892578,False,0.0,0,1,1774484130082,1774484130082,0
2026-03-25T19:15:36.739386,283,100,426,1.728057861328125,False,0.0,0,1,1774484136739,1774484136739,0
2026-03-25T19:15:38.074458,284,0,27,1.4629364013671875,False,0.0,0,1,1774484138074,1774484138074,0
2026-03-25T19:15:44.741985,284,100,427,1.5690326690673828,False,0.0,0,1,1774484144741,1774484144741,0
2026-03-25T19:15:45.409059,285,0,27,1.6307830810546875,False,0.0,0,1,1774484145409,1774484145409,0
2026-03-25T19:15:52.081817,285,100,427,2.796173095703125,False,0.0,0,1,1774484152081,1774484152081,0
2026-03-25T19:15:58.737595,285,200,827,2.536773681640625,False,0.0,0,1,1774484158737,1774484158737,0
2026-03-25T19:16:05.258204,286,0,27,1.5578269958496094,False,0.0,0,1,1774484165258,1774484165258,0
2026-03-25T19:16:10.899385,287,0,28,2.4423599243164062,False,0.0,0,1,1774484170899,1774484170899,0
2026-03-25T19:16:16.506435,288,0,26,2.114534378051758,False,0.0,0,1,1774484176506,1774484176506,0
2026-03-25T19:16:23.163340,288,100,426,3.1104087829589844,False,0.0,0,1,1774484183163,1774484183163,0
2026-03-25T19:16:29.817855,288,200,826,2.103090286254883,False,0.0,0,1,1774484189817,1774484189817,0
2026-03-25T19:16:36.473648,288,300,1226,2.2618770599365234,False,0.0,0,1,1774484196473,1774484196473,0
2026-03-25T19:16:40.300674,289,0,27,1.1658668518066406,False,0.0,0,1,1774484200300,1774484200300,0
2026-03-25T19:16:46.956828,289,100,427,2.257108688354492,False,0.0,0,1,1774484206956,1774484206956,0
2026-03-25T19:16:53.993553,290,0,27,0.9071826934814453,False,0.0,0,1,1774484213993,1774484213993,0
2026-03-25T19:17:00.138936,291,0,27,2.001047134399414,False,0.0,0,1,1774484220138,1774484220138,0
2026-03-25T19:17:06.807648,291,100,427,1.9114017486572266,False,0.0,0,1,1774484226807,1774484226807,0
2026-03-25T19:17:10.039464,292,0,27,1.9347667694091797,False,0.0,0,1,1774484230039,1774484230039,0
2026-03-25T19:17:15.674429,293,0,27,1.5494823455810547,False,0.0,0,1,1774484235674,1774484235674,0
2026-03-25T19:17:22.348456,293,100,427,3.153085708618164,False,0.0,0,1,1774484242348,1774484242348,0
2026-03-25T19:17:28.954295,294,0,27,3.1151771545410156,False,0.0,0,1,1774484248954,1774484248954,0
2026-03-25T19:17:35.612116,294,100,427,3.429412841796875,False,0.0,0,1,1774484255612,1774484255612,0
2026-03-25T19:17:38.288288,295,0,27,2.1791458129882812,False,0.0,0,1,1774484258288,1774484258288,0
2026-03-25T19:17:44.428984,296,0,27,0.8180141448974609,False,0.0,0,1,1774484264428,1774484264428,0
2026-03-25T19:17:51.084675,296,100,427,2.265453338623047,False,0.0,0,1,1774484271084,1774484271084,0
2026-03-25T19:17:57.722231,297,0,26,1.8222332000732422,False,0.0,0,1,1774484277722,1774484277722,0
2026-03-25T19:18:04.379882,297,100,426,3.099679946899414,False,0.0,0,1,1774484284379,1774484284379,0
2026-03-25T19:18:07.666305,298,0,27,11.844158172607422,False,0.0,0,1,1774484287666,1774484287666,0
2026-03-25T19:18:14.328115,298,100,427,1.926422119140625,False,0.0,0,1,1774484294328,1774484294328,0
2026-03-25T19:18:17.740679,299,0,27,3.453493118286133,False,0.0,0,1,1774484297740,1774484297740,0
2026-03-25T19:18:23.331712,300,0,27,3.799915313720703,False,0.0,0,1,1774484303331,1774484303331,0
2026-03-25T19:18:29.986996,300,100,427,2.499818801879883,False,0.0,0,1,1774484309986,1774484309986,0
2026-03-25T19:18:36.490099,301,0,27,0.9710788726806641,False,0.0,0,1,1774484316490,1774484316490,0
2026-03-25T19:18:43.147459,301,100,427,2.3145675659179688,False,0.0,0,1,1774484323147,1774484323147,0
2026-03-25T19:18:45.580999,302,0,26,1.0516643524169922,False,0.0,0,1,1774484325580,1774484325580,0
2026-03-25T19:18:52.481564,303,0,27,1.8444061279296875,False,0.0,0,1,1774484332481,1774484332481,0
2026-03-25T19:18:58.021938,304,0,27,1.9521713256835938,False,0.0,0,1,1774484338021,1774484338021,0
2026-03-25T19:19:04.678503,304,100,427,1.8215179443359375,False,0.0,0,1,1774484344678,1774484344678,0
2026-03-25T19:19:09.478138,305,0,27,10.641336441040039,False,0.0,0,1,1774484349478,1774484349478,0
2026-03-25T19:19:16.125269,305,100,427,2.041339874267578,False,0.0,0,1,1774484356125,1774484356125,0
2026-03-25T19:19:22.782142,305,200,827,2.544403076171875,False,0.0,0,1,1774484362782,1774484362782,0
2026-03-25T19:19:31.107180,306,0,27,0.7531642913818359,False,0.0,0,1,1774484371107,1774484371107,0
2026-03-25T19:19:37.759105,306,100,427,2.4504661560058594,False,0.0,0,1,1774484377759,1774484377759,0
2026-03-25T19:19:44.413145,306,200,827,2.0227432250976562,False,0.0,0,1,1774484384413,1774484384413,0
2026-03-25T19:19:51.071339,306,300,1227,2.974271774291992,False,0.0,0,1,1774484391071,1774484391071,0
2026-03-25T19:19:55.896306,307,0,27,0.8401870727539062,False,0.0,0,1,1774484395896,1774484395896,0
2026-03-25T19:20:01.716232,308,0,27,1.9109249114990234,False,0.0,0,1,1774484401716,1774484401716,0
2026-03-25T19:20:07.349769,309,0,27,10.171651840209961,False,0.0,0,1,1774484407349,1774484407349,0
2026-03-25T19:20:13.999642,309,100,427,1.8448829650878906,False,0.0,0,1,1774484413999,1774484413999,0
2026-03-25T19:20:20.670149,309,200,827,1.844167709350586,False,0.0,0,1,1774484420670,1774484420670,0
2026-03-25T19:20:27.326039,309,300,1227,2.4929046630859375,False,0.0,0,1,1774484427326,1774484427326,0
2026-03-25T19:20:31.869315,310,0,27,4.45556640625,False,0.0,0,1,1774484431869,1774484431869,0
2026-03-25T19:20:38.523513,310,100,427,1.7921924591064453,False,0.0,0,1,1774484438523,1774484438523,0
2026-03-25T19:20:41.634317,311,0,27,0.6687641143798828,False,0.0,0,1,1774484441634,1774484441634,0
2026-03-25T19:20:48.291172,311,100,427,1.9876956939697266,False,0.0,0,1,1774484448291,1774484448291,0
2026-03-25T19:20:54.947114,311,200,827,2.2292137145996094,False,0.0,0,1,1774484454947,1774484454947,0
2026-03-25T19:20:57.840298,312,0,27,1.7859935760498047,False,0.0,0,1,1774484457840,1774484457840,0
2026-03-25T19:21:04.513432,312,100,427,1.9555091857910156,False,0.0,0,1,1774484464513,1774484464513,0
2026-03-25T19:21:11.167723,312,200,827,1.361846923828125,False,0.0,0,1,1774484471167,1774484471167,0
2026-03-25T19:21:20.352370,313,0,27,0.9584426879882812,False,0.0,0,1,1774484480352,1774484480352,0
2026-03-25T19:21:27.058373,314,0,27,2.251148223876953,False,0.0,0,1,1774484487058,1774484487058,0
2026-03-25T19:21:33.715778,314,100,427,2.221822738647461,False,0.0,0,1,1774484493715,1774484493715,0
2026-03-25T19:21:36.793147,315,0,27,1.032114028930664,False,0.0,0,1,1774484496793,1774484496793,0
2026-03-25T19:21:42.549286,316,0,27,1.706838607788086,False,0.0,0,1,1774484502549,1774484502549,0
2026-03-25T19:21:49.221333,316,100,427,1.9695758819580078,False,0.0,0,1,1774484509221,1774484509221,0
2026-03-25T19:21:50.003920,317,0,27,2.0215511322021484,False,0.0,0,1,1774484510003,1774484510003,0
2026-03-25T19:21:55.531945,318,0,27,2.2933483123779297,False,0.0,0,1,1774484515531,1774484515531,0
2026-03-25T19:22:02.184975,318,100,427,2.506732940673828,False,0.0,0,1,1774484522184,1774484522184,0
2026-03-25T19:22:07.201300,319,0,26,11.738061904907227,False,0.0,0,1,1774484527201,1774484527201,0
2026-03-25T19:22:13.849639,319,100,426,2.553701400756836,False,0.0,0,1,1774484533849,1774484533849,0
2026-03-25T19:22:20.532010,319,200,826,13.821601867675781,False,0.0,0,1,1774484540532,1774484540532,0
2026-03-25T19:22:27.180115,319,300,1226,4.630804061889648,False,0.0,0,1,1774484547180,1774484547180,0
2026-03-25T19:22:34.370486,320,0,27,0.8530616760253906,False,0.0,0,1,1774484554370,1774484554370,0
2026-03-25T19:22:41.036553,320,100,427,2.4046897888183594,False,0.0,0,1,1774484561036,1774484561036,0
2026-03-25T19:22:47.692329,320,200,827,2.094745635986328,False,0.0,0,1,1774484567692,1774484567692,0
2026-03-25T19:22:56.627774,321,0,27,0.9725093841552734,False,0.0,0,1,1774484576627,1774484576627,0
2026-03-25T19:23:03.315403,322,0,27,1.3737678527832031,False,0.0,0,1,1774484583315,1774484583315,0
2026-03-25T19:23:09.986854,322,100,427,1.3458728790283203,False,0.0,0,1,1774484589986,1774484589986,0
2026-03-25T19:23:16.643367,322,200,827,2.1758079528808594,False,0.0,0,1,1774484596643,1774484596643,0
2026-03-25T19:23:23.301196,322,300,1227,3.263235092163086,False,0.0,0,1,1774484603301,1774484603301,0
2026-03-25T19:23:27.875123,323,0,27,1.0585784912109375,False,0.0,0,1,1774484607875,1774484607875,0
2026-03-25T19:23:33.401415,324,0,27,2.617359161376953,False,0.0,0,1,1774484613401,1774484613401,0
2026-03-25T19:23:40.056699,324,100,427,3.9145946502685547,False,0.0,0,1,1774484620056,1774484620056,0
2026-03-25T19:23:43.566810,325,0,27,2.2592544555664062,False,0.0,0,1,1774484623566,1774484623566,0
2026-03-25T19:23:50.220279,325,100,427,1.4781951904296875,False,0.0,0,1,1774484630220,1774484630220,0
2026-03-25T19:23:56.896583,325,200,827,3.6592483520507812,False,0.0,0,1,1774484636896,1774484636896,0
2026-03-25T19:24:00.454558,326,0,27,1.800537109375,False,0.0,0,1,1774484640454,1774484640454,0
2026-03-25T19:24:06.494499,327,0,27,1.9061565399169922,False,0.0,0,1,1774484646494,1774484646494,0
2026-03-25T19:24:13.150154,327,100,427,2.707958221435547,False,0.0,0,1,1774484653150,1774484653150,0
2026-03-25T19:24:14.465442,328,0,27,3.1266212463378906,False,0.0,0,1,1774484654465,1774484654465,0
2026-03-25T19:24:21.120700,328,100,427,2.6607513427734375,False,0.0,0,1,1774484661120,1774484661120,0
2026-03-25T19:24:24.414852,329,0,27,2.007722854614258,False,0.0,0,1,1774484664414,1774484664414,0
2026-03-25T19:24:31.071996,329,100,427,4.044532775878906,False,0.0,0,1,1774484671071,1774484671071,0
2026-03-25T19:24:34.015893,330,0,28,1.9366741180419922,False,0.0,0,1,1774484674015,1774484674015,0
2026-03-25T19:24:40.232935,331,0,26,2.6683807373046875,False,0.0,0,1,1774484680232,1774484680232,0
2026-03-25T19:24:46.878448,331,100,426,1.8932819366455078,False,0.0,0,1,1774484686878,1774484686878,0
2026-03-25T19:24:53.534151,331,200,826,2.899169921875,False,0.0,0,1,1774484693534,1774484693534,0
2026-03-25T19:24:58.016440,332,0,28,1.804351806640625,False,0.0,0,1,1774484698016,1774484698016,0
2026-03-25T19:25:04.664318,332,100,428,2.105712890625,False,0.0,0,1,1774484704664,1774484704664,0
2026-03-25T19:25:05.968978,333,0,26,7.144927978515625,False,0.0,0,1,1774484705968,1774484705968,0
2026-03-25T19:25:12.618012,333,100,426,2.0835399627685547,False,0.0,0,1,1774484712618,1774484712618,0
2026-03-25T19:25:19.275497,333,200,826,2.2916793823242188,False,0.0,0,1,1774484719275,1774484719275,0
2026-03-25T19:25:25.931182,333,300,1226,2.872467041015625,False,0.0,0,1,1774484725931,1774484725931,0
2026-03-25T19:25:32.586416,333,400,1626,2.945423126220703,False,0.0,0,1,1774484732586,1774484732586,0
2026-03-25T19:25:37.268261,334,0,28,0.9233951568603516,False,0.0,0,1,1774484737268,1774484737268,0
2026-03-25T19:25:42.874350,335,0,27,8.085012435913086,False,0.0,0,1,1774484742874,1774484742874,0
2026-03-25T19:25:49.523593,335,100,427,2.4080276489257812,False,0.0,0,1,1774484749523,1774484749523,0
2026-03-25T19:25:56.178467,335,200,827,1.8317699432373047,False,0.0,0,1,1774484756178,1774484756178,0
2026-03-25T19:26:01.518775,336,0,27,1.0714530944824219,False,0.0,0,1,1774484761518,1774484761518,0
2026-03-25T19:26:08.176390,336,100,427,2.2912025451660156,False,0.0,0,1,1774484768176,1774484768176,0
2026-03-25T19:26:09.373589,337,0,27,2.131938934326172,False,0.0,0,1,1774484769373,1774484769373,0
2026-03-25T19:26:16.029487,337,100,427,2.5167465209960938,False,0.0,0,1,1774484776029,1774484776029,0
2026-03-25T19:26:22.685777,337,200,827,2.054929733276367,False,0.0,0,1,1774484782685,1774484782685,0
2026-03-25T19:26:29.339846,337,300,1227,1.3489723205566406,False,0.0,0,1,1774484789339,1774484789339,0
2026-03-25T19:26:35.998158,337,400,1627,3.4079551696777344,False,0.0,0,1,1774484795998,1774484795998,0
2026-03-25T19:26:39.740757,338,0,27,2.453327178955078,False,0.0,0,1,1774484799740,1774484799740,0
2026-03-25T19:26:45.264548,339,0,27,2.106904983520508,False,0.0,0,1,1774484805264,1774484805264,0
2026-03-25T19:26:51.940012,339,100,427,2.066373825073242,False,0.0,0,1,1774484811940,1774484811940,0
2026-03-25T19:26:58.594189,339,200,827,2.763509750366211,False,0.0,0,1,1774484818594,1774484818594,0
2026-03-25T19:27:05.256407,339,300,1227,10.852813720703125,False,0.0,0,1,1774484825256,1774484825256,0
2026-03-25T19:27:14.098962,340,0,27,0.9005069732666016,False,0.0,0,1,1774484834098,1774484834098,0
2026-03-25T19:27:20.763549,340,100,427,9.733915328979492,False,0.0,0,1,1774484840763,1774484840763,0
2026-03-25T19:27:27.412361,340,200,827,2.147197723388672,False,0.0,0,1,1774484847412,1774484847412,0
2026-03-25T19:27:30.372405,341,0,26,1.1701583862304688,False,0.0,0,1,1774484850372,1774484850372,0
2026-03-25T19:27:37.053373,341,100,426,9.555816650390625,False,0.0,0,1,1774484857053,1774484857053,0
2026-03-25T19:27:43.719392,341,200,826,3.31878662109375,False,0.0,0,1,1774484863719,1774484863719,0
2026-03-25T19:27:50.372787,341,300,1226,1.806497573852539,False,0.0,0,1,1774484870372,1774484870372,0
2026-03-25T19:27:55.301294,342,0,27,2.0024776458740234,False,0.0,0,1,1774484875301,1774484875301,0
2026-03-25T19:28:01.340001,343,0,28,3.129243850708008,False,0.0,0,1,1774484881339,1774484881339,0
2026-03-25T19:28:07.995968,343,100,428,2.9129981994628906,False,0.0,0,1,1774484887995,1774484887995,0
2026-03-25T19:28:14.667360,343,200,828,2.5033950805664062,False,0.0,0,1,1774484894667,1774484894667,0
2026-03-25T19:28:21.322952,343,300,1228,2.1791458129882812,False,0.0,0,1,1774484901322,1774484901322,0
2026-03-25T19:28:31.138820,344,0,26,1.0714530944824219,False,0.0,0,1,1774484911138,1774484911138,0
2026-03-25T19:28:38.143683,345,0,27,1.9145011901855469,False,0.0,0,1,1774484918143,1774484918143,0
2026-03-25T19:28:44.799845,345,100,427,2.0232200622558594,False,0.0,0,1,1774484924799,1774484924799,0
2026-03-25T19:28:51.456648,345,200,827,2.9489994049072266,False,0.0,0,1,1774484931456,1774484931456,0
2026-03-25T19:28:58.111461,345,300,1227,1.970052719116211,False,0.0,0,1,1774484938111,1774484938111,0
2026-03-25T19:29:03.084896,346,0,27,0.9055137634277344,False,0.0,0,1,1774484943084,1774484943084,0
2026-03-25T19:29:09.740504,346,100,427,1.5337467193603516,False,0.0,0,1,1774484949740,1774484949740,0
2026-03-25T19:29:12.671437,347,0,27,0.8387565612792969,False,0.0,0,1,1774484952671,1774484952671,0
2026-03-25T19:29:18.976294,348,0,28,2.499103546142578,False,0.0,0,1,1774484958976,1774484958976,0
2026-03-25T19:29:25.633618,348,100,428,3.6873817443847656,False,0.0,0,1,1774484965633,1774484965633,0
2026-03-25T19:29:32.307512,348,200,828,4.562139511108398,False,0.0,0,1,1774484972307,1774484972307,0
2026-03-25T19:29:38.962054,348,300,1228,2.925872802734375,False,0.0,0,1,1774484978962,1774484978962,0
2026-03-25T19:29:43.085835,349,0,27,0.8428096771240234,False,0.0,0,1,1774484983085,1774484983085,0
2026-03-25T19:29:49.742913,349,100,427,2.7382373809814453,False,0.0,0,1,1774484989742,1774484989742,0
2026-03-25T19:29:51.875944,350,0,27,2.8085708618164062,False,0.0,0,1,1774484991875,1774484991875,0
2026-03-25T19:29:58.529660,350,100,427,1.9245147705078125,False,0.0,0,1,1774484998529,1774484998529,0
2026-03-25T19:30:05.203716,350,200,827,2.228260040283203,False,0.0,0,1,1774485005203,1774485005203,0
2026-03-25T19:30:11.857751,350,300,1227,3.4847259521484375,False,0.0,0,1,1774485011857,1774485011857,0
2026-03-25T19:30:18.532370,350,400,1627,2.0291805267333984,False,0.0,0,1,1774485018532,1774485018532,0
2026-03-25T19:30:25.184151,350,500,2027,2.0482540130615234,False,0.0,0,1,1774485025184,1774485025184,0
2026-03-25T19:30:33.719392,351,0,27,1.3294219970703125,False,0.0,0,1,1774485033719,1774485033719,0
2026-03-25T19:30:40.375003,351,100,427,2.8235912322998047,False,0.0,0,1,1774485040375,1774485040375,0
2026-03-25T19:30:49.064013,352,0,27,0.6716251373291016,False,0.0,0,1,1774485049064,1774485049064,0
2026-03-25T19:30:56.083106,353,0,27,2.232789993286133,False,0.0,0,1,1774485056083,1774485056083,0
2026-03-25T19:31:02.737433,353,100,427,1.5287399291992188,False,0.0,0,1,1774485062737,1774485062737,0
2026-03-25T19:31:03.386171,354,0,27,2.017498016357422,False,0.0,0,1,1774485063386,1774485063386,0
2026-03-25T19:31:08.994908,355,0,27,1.6562938690185547,False,0.0,0,1,1774485068994,1774485068994,0
2026-03-25T19:31:14.736580,356,0,27,2.160787582397461,False,0.0,0,1,1774485074736,1774485074736,0
2026-03-25T19:31:21.390604,356,100,427,2.947568893432617,False,0.0,0,1,1774485081390,1774485081390,0
2026-03-25T19:31:22.143494,357,0,27,1.8725395202636719,False,0.0,0,1,1774485082143,1774485082143,0
2026-03-25T19:31:28.794445,357,100,427,2.1190643310546875,False,0.0,0,1,1774485088794,1774485088794,0
2026-03-25T19:31:35.501468,357,200,827,2.7556419372558594,False,0.0,0,1,1774485095501,1774485095501,0
2026-03-25T19:31:36.647979,358,0,27,2.0012855529785156,False,0.0,0,1,1774485096647,1774485096647,0
2026-03-25T19:31:43.303026,358,100,427,1.8775463104248047,False,0.0,0,1,1774485103303,1774485103303,0
2026-03-25T19:31:48.733572,359,0,28,2.3026466369628906,False,0.0,0,1,1774485108733,1774485108733,0
2026-03-25T19:31:55.382643,359,100,428,1.5017986297607422,False,0.0,0,1,1774485115382,1774485115382,0
2026-03-25T19:32:02.040341,359,200,828,2.374410629272461,False,0.0,0,1,1774485122040,1774485122040,0
2026-03-25T19:32:08.695238,359,300,1228,2.644777297973633,False,0.0,0,1,1774485128695,1774485128695,0
2026-03-25T19:32:14.134044,360,0,27,0.7364749908447266,False,0.0,0,1,1774485134134,1774485134134,0
2026-03-25T19:32:20.524433,361,0,27,1.0235309600830078,False,0.0,0,1,1774485140524,1774485140524,0
2026-03-25T19:32:27.183165,361,100,427,3.6423206329345703,False,0.0,0,1,1774485147183,1774485147183,0
2026-03-25T19:32:28.262027,362,0,28,2.2559165954589844,False,0.0,0,1,1774485148262,1774485148262,0
2026-03-25T19:32:34.935711,362,100,428,2.1996498107910156,False,0.0,0,1,1774485154935,1774485154935,0
2026-03-25T19:32:41.607951,362,200,828,1.9817352294921875,False,0.0,0,1,1774485161607,1774485161607,0
2026-03-25T19:32:48.264844,362,300,1228,1.8160343170166016,False,0.0,0,1,1774485168264,1774485168264,0
2026-03-25T19:32:53.521835,363,0,27,0.8237361907958984,False,0.0,0,1,1774485173521,1774485173521,0
2026-03-25T19:33:00.277365,364,0,27,2.033233642578125,False,0.0,0,1,1774485180277,1774485180277,0
2026-03-25T19:33:06.933425,364,100,427,2.227783203125,False,0.0,0,1,1774485186933,1774485186933,0
2026-03-25T19:33:13.587770,364,200,827,1.775503158569336,False,0.0,0,1,1774485193587,1774485193587,0
2026-03-25T19:33:20.990516,365,0,27,0.9462833404541016,False,0.0,0,1,1774485200990,1774485200990,0
2026-03-25T19:33:26.616588,366,0,27,2.2530555725097656,False,0.0,0,1,1774485206616,1774485206616,0
2026-03-25T19:33:33.290090,366,100,427,2.321481704711914,False,0.0,0,1,1774485213290,1774485213290,0
2026-03-25T19:33:36.433790,367,0,28,2.801179885864258,False,0.0,0,1,1774485216433,1774485216433,0
2026-03-25T19:33:42.463608,368,0,27,6.268024444580078,False,0.0,0,1,1774485222463,1774485222463,0
2026-03-25T19:33:49.112852,368,100,427,2.0089149475097656,False,0.0,0,1,1774485229112,1774485229112,0
2026-03-25T19:33:55.767059,368,200,827,1.947164535522461,False,0.0,0,1,1774485235767,1774485235767,0
2026-03-25T19:34:02.422290,368,300,1227,1.8267631530761719,False,0.0,0,1,1774485242422,1774485242422,0
2026-03-25T19:34:05.717188,369,0,26,1.0716915130615234,False,0.0,0,1,1774485245717,1774485245717,0
2026-03-25T19:34:12.374126,369,100,426,2.056598663330078,False,0.0,0,1,1774485252374,1774485252374,0
2026-03-25T19:34:19.030738,369,200,826,1.9943714141845703,False,0.0,0,1,1774485259030,1774485259030,0
2026-03-25T19:34:25.687401,369,300,1226,3.9436817169189453,False,0.0,0,1,1774485265687,1774485265687,0
2026-03-25T19:34:32.357886,369,400,1626,1.9567012786865234,False,0.0,0,1,1774485272357,1774485272357,0
2026-03-25T19:34:37.114098,370,0,27,0.75531005859375,False,0.0,0,1,1774485277114,1774485277114,0
2026-03-25T19:34:43.143952,371,0,27,2.155780792236328,False,0.0,0,1,1774485283143,1774485283143,0
2026-03-25T19:34:49.763264,372,0,27,1.928567886352539,False,0.0,0,1,1774485289763,1774485289763,0
2026-03-25T19:34:56.418455,372,100,427,1.6815662384033203,False,0.0,0,1,1774485296418,1774485296418,0
2026-03-25T19:35:03.073250,372,200,827,1.9977092742919922,False,0.0,0,1,1774485303073,1774485303073,0
2026-03-25T19:35:10.725090,373,0,27,0.8461475372314453,False,0.0,0,1,1774485310725,1774485310725,0
2026-03-25T19:35:16.302596,374,0,27,1.8222332000732422,False,0.0,0,1,1774485316302,1774485316302,0
2026-03-25T19:35:22.955672,374,100,427,2.029895782470703,False,0.0,0,1,1774485322955,1774485322955,0
2026-03-25T19:35:27.608774,375,0,27,1.8680095672607422,False,0.0,0,1,1774485327608,1774485327608,0
2026-03-25T19:35:34.257476,375,100,427,2.449512481689453,False,0.0,0,1,1774485334257,1774485334257,0
2026-03-25T19:35:38.297915,376,0,27,2.6140213012695312,False,0.0,0,1,1774485338297,1774485338297,0
2026-03-25T19:35:43.856294,377,0,28,2.6085376739501953,False,0.0,0,1,1774485343856,1774485343856,0
2026-03-25T19:35:50.528078,377,100,428,2.8221607208251953,False,0.0,0,1,1774485350528,1774485350528,0
2026-03-25T19:35:53.538362,378,0,27,2.1791458129882812,False,0.0,0,1,1774485353538,1774485353538,0
2026-03-25T19:36:00.194694,378,100,427,1.8780231475830078,False,0.0,0,1,1774485360194,1774485360194,0
2026-03-25T19:36:06.857177,378,200,827,8.947372436523438,False,0.0,0,1,1774485366857,1774485366857,0
2026-03-25T19:36:13.506951,378,300,1227,2.6559829711914062,False,0.0,0,1,1774485373506,1774485373506,0
2026-03-25T19:36:20.161381,378,400,1627,2.1190643310546875,False,0.0,0,1,1774485380161,1774485380161,0
2026-03-25T19:36:24.403351,379,0,26,1.1849403381347656,False,0.0,0,1,1774485384403,1774485384403,0
2026-03-25T19:36:31.060542,379,100,426,2.0127296447753906,False,0.0,0,1,1774485391060,1774485391060,0
2026-03-25T19:36:35.600966,380,0,27,0.9524822235107422,False,0.0,0,1,1774485395600,1774485395600,0
2026-03-25T19:36:42.259670,380,100,427,3.462553024291992,False,0.0,0,1,1774485402259,1774485402259,0
2026-03-25T19:36:46.618832,381,0,27,1.6603469848632812,False,0.0,0,1,1774485406618,1774485406618,0
2026-03-25T19:36:52.891078,382,0,28,2.8696060180664062,False,0.0,0,1,1774485412891,1774485412891,0
2026-03-25T19:36:59.565427,382,100,428,2.847909927368164,False,0.0,0,1,1774485419565,1774485419565,0
2026-03-25T19:37:05.734080,383,0,28,0.81634521484375,False,0.0,0,1,1774485425734,1774485425734,0
2026-03-25T19:37:12.390941,383,100,428,2.0155906677246094,False,0.0,0,1,1774485432390,1774485432390,0
2026-03-25T19:37:14.703306,384,0,26,11.935949325561523,False,0.0,0,1,1774485434703,1774485434703,0
2026-03-25T19:37:21.342737,384,100,426,1.745462417602539,False,0.0,0,1,1774485441342,1774485441342,0
2026-03-25T19:37:26.172618,385,0,27,2.5811195373535156,False,0.0,0,1,1774485446172,1774485446172,0
2026-03-25T19:37:32.825539,385,100,427,1.531362533569336,False,0.0,0,1,1774485452825,1774485452825,0
2026-03-25T19:37:39.480525,385,200,827,2.1767616271972656,False,0.0,0,1,1774485459480,1774485459480,0
2026-03-25T19:37:48.139372,386,0,27,1.0826587677001953,False,0.0,0,1,1774485468139,1774485468139,0
2026-03-25T19:37:53.741556,387,0,28,2.424478530883789,False,0.0,0,1,1774485473741,1774485473741,0
2026-03-25T19:38:00.412810,387,100,428,2.7341842651367188,False,0.0,0,1,1774485480412,1774485480412,0
2026-03-25T19:38:07.085807,387,200,828,3.6852359771728516,False,0.0,0,1,1774485487085,1774485487085,0
2026-03-25T19:38:13.741707,387,300,1228,2.997159957885742,False,0.0,0,1,1774485493741,1774485493741,0
2026-03-25T19:38:20.412242,387,400,1628,1.9116401672363281,False,0.0,0,1,1774485500412,1774485500412,0
2026-03-25T19:38:23.955258,388,0,28,0.8678436279296875,False,0.0,0,1,1774485503955,1774485503955,0
2026-03-25T19:38:30.611989,388,100,428,2.2788047790527344,False,0.0,0,1,1774485510611,1774485510611,0
2026-03-25T19:38:34.238637,389,0,27,2.280712127685547,False,0.0,0,1,1774485514238,1774485514238,0
2026-03-25T19:38:40.913659,389,100,427,4.146575927734375,False,0.0,0,1,1774485520913,1774485520913,0
2026-03-25T19:38:47.567029,389,200,827,2.181529998779297,False,0.0,0,1,1774485527567,1774485527567,0
2026-03-25T19:38:54.743366,390,0,27,0.850677490234375,False,0.0,0,1,1774485534743,1774485534743,0
2026-03-25T19:39:01.393607,390,100,427,1.8525123596191406,False,0.0,0,1,1774485541393,1774485541393,0
2026-03-25T19:39:08.048890,390,200,827,1.8274784088134766,False,0.0,0,1,1774485548048,1774485548048,0
2026-03-25T19:39:14.705984,390,300,1227,2.9511451721191406,False,0.0,0,1,1774485554705,1774485554705,0
2026-03-25T19:39:18.698138,391,0,26,0.8935928344726562,False,0.0,0,1,1774485558698,1774485558698,0
2026-03-25T19:39:25.355844,391,100,426,2.323150634765625,False,0.0,0,1,1774485565355,1774485565355,0
2026-03-25T19:39:29.504214,392,0,27,9.253263473510742,False,0.0,0,1,1774485569504,1774485569504,0
2026-03-25T19:39:35.115203,393,0,28,11.554479598999023,False,0.0,0,1,1774485575115,1774485575115,0
2026-03-25T19:39:41.140482,394,0,27,10.614395141601562,False,0.0,0,1,1774485581140,1774485581140,0
2026-03-25T19:39:47.234924,395,0,28,2.035856246948242,False,0.0,0,1,1774485587234,1774485587234,0
2026-03-25T19:39:53.890661,395,100,428,2.315044403076172,False,0.0,0,1,1774485593890,1774485593890,0
2026-03-25T19:39:58.792444,396,0,27,11.407613754272461,False,0.0,0,1,1774485598792,1774485598792,0
2026-03-25T19:40:05.453486,396,100,427,1.6322135925292969,False,0.0,0,1,1774485605453,1774485605453,0
2026-03-25T19:40:08.621093,397,0,26,1.2845993041992188,False,0.0,0,1,1774485608621,1774485608621,0
2026-03-25T19:40:15.270774,397,100,426,1.3041496276855469,False,0.0,0,1,1774485615270,1774485615270,0
2026-03-25T19:40:19.929019,398,0,27,1.047372817993164,False,0.0,0,1,1774485619929,1774485619929,0
2026-03-25T19:40:26.585800,398,100,427,2.077817916870117,False,0.0,0,1,1774485626585,1774485626585,0
2026-03-25T19:40:33.689798,399,0,26,0.6973743438720703,False,0.0,0,1,1774485633689,1774485633689,0
2026-03-25T19:40:40.348107,399,100,426,2.324819564819336,False,0.0,0,1,1774485640348,1774485640348,0
2026-03-25T19:40:45.972561,400,0,27,3.395557403564453,False,0.0,0,1,1774485645972,1774485645972,0
2026-03-25T19:40:52.625556,400,100,427,1.6617774963378906,False,0.0,0,1,1774485652625,1774485652625,0
2026-03-25T19:40:59.281252,400,200,827,1.9693374633789062,False,0.0,0,1,1774485659281,1774485659281,0
2026-03-25T19:41:05.938287,400,300,1227,2.1016597747802734,False,0.0,0,1,1774485665938,1774485665938,0
2026-03-25T19:41:12.592346,400,400,1627,1.6553401947021484,False,0.0,0,1,1774485672592,1774485672592,0
2026-03-25T19:41:17.934161,401,0,27,0.823974609375,False,0.0,0,1,1774485677934,1774485677934,0
2026-03-25T19:41:24.607070,401,100,427,1.9459724426269531,False,0.0,0,1,1774485684607,1774485684607,0
2026-03-25T19:41:31.280371,401,200,827,2.0058155059814453,False,0.0,0,1,1774485691280,1774485691280,0
2026-03-25T19:41:38.133653,402,0,27,1.312255859375,False,0.0,0,1,1774485698133,1774485698133,0
2026-03-25T19:41:44.790990,402,100,427,2.3345947265625,False,0.0,0,1,1774485704790,1774485704790,0
2026-03-25T19:41:51.461922,402,200,827,2.5262832641601562,False,0.0,0,1,1774485711461,1774485711461,0
2026-03-25T19:41:58.006856,403,0,27,1.0714530944824219,False,0.0,0,1,1774485718006,1774485718006,0
2026-03-25T19:42:04.659808,403,100,427,2.6254653930664062,False,0.0,0,1,1774485724659,1774485724659,0
2026-03-25T19:42:09.791085,404,0,27,2.651691436767578,False,0.0,0,1,1774485729791,1774485729791,0
2026-03-25T19:42:16.438521,404,100,427,3.2613277435302734,False,0.0,0,1,1774485736438,1774485736438,0
2026-03-25T19:42:23.096011,404,200,827,3.6885738372802734,False,0.0,0,1,1774485743096,1774485743096,0
2026-03-25T19:42:29.748298,404,300,1227,1.99127197265625,False,0.0,0,1,1774485749748,1774485749748,0
2026-03-25T19:42:36.413042,404,400,1627,10.784387588500977,False,0.0,0,1,1774485756413,1774485756413,0
2026-03-25T19:42:43.059927,404,500,2027,2.3622512817382812,False,0.0,0,1,1774485763059,1774485763059,0
2026-03-25T19:42:48.067583,405,0,27,1.0404586791992188,False,0.0,0,1,1774485768067,1774485768067,0
2026-03-25T19:42:54.031570,406,0,28,1.863718032836914,False,0.0,0,1,1774485774031,1774485774031,0
2026-03-25T19:43:00.697374,406,100,428,2.286672592163086,False,0.0,0,1,1774485780697,1774485780697,0
2026-03-25T19:43:02.310365,407,0,27,1.0080337524414062,False,0.0,0,1,1774485782310,1774485782310,0
2026-03-25T19:43:08.966611,407,100,427,1.653909683227539,False,0.0,0,1,1774485788966,1774485788966,0
2026-03-25T19:43:15.622552,407,200,827,2.4178028106689453,False,0.0,0,1,1774485795622,1774485795622,0
2026-03-25T19:43:22.277748,407,300,1227,1.9505023956298828,False,0.0,0,1,1774485802277,1774485802277,0
2026-03-25T19:43:30.515306,408,0,27,2.346515655517578,False,0.0,0,1,1774485810515,1774485810515,0
2026-03-25T19:43:37.769078,409,0,27,1.8768310546875,False,0.0,0,1,1774485817769,1774485817769,0
2026-03-25T19:43:44.424322,409,100,427,1.3997554779052734,False,0.0,0,1,1774485824424,1774485824424,0
2026-03-25T19:43:49.767112,410,0,27,1.361846923828125,False,0.0,0,1,1774485829767,1774485829767,0
2026-03-25T19:43:56.420817,410,100,427,1.8954277038574219,False,0.0,0,1,1774485836420,1774485836420,0
2026-03-25T19:44:03.560304,411,0,28,2.292156219482422,False,0.0,0,1,1774485843560,1774485843560,0
2026-03-25T19:44:10.215548,411,100,428,2.051115036010742,False,0.0,0,1,1774485850215,1774485850215,0
2026-03-25T19:44:14.009415,412,0,28,1.9030570983886719,False,0.0,0,1,1774485854009,1774485854009,0
2026-03-25T19:44:19.601122,413,0,28,2.5959014892578125,False,0.0,0,1,1774485859601,1774485859601,0
2026-03-25T19:44:26.256198,413,100,428,2.512693405151367,False,0.0,0,1,1774485866256,1774485866256,0
2026-03-25T19:44:32.679141,414,0,27,2.869129180908203,False,0.0,0,1,1774485872679,1774485872679,0
2026-03-25T19:44:39.358455,414,100,427,9.95779037475586,False,0.0,0,1,1774485879358,1774485879358,0
2026-03-25T19:44:43.268954,415,0,27,2.5043487548828125,False,0.0,0,1,1774485883268,1774485883268,0
2026-03-25T19:44:49.918875,415,100,427,3.049612045288086,False,0.0,0,1,1774485889918,1774485889918,0
2026-03-25T19:44:58.135142,416,0,28,0.9179115295410156,False,0.0,0,1,1774485898135,1774485898135,0
2026-03-25T19:45:04.790795,416,100,428,1.542806625366211,False,0.0,0,1,1774485904790,1774485904790,0
2026-03-25T19:45:11.447859,416,200,828,2.874612808227539,False,0.0,0,1,1774485911447,1774485911447,0
2026-03-25T19:45:13.775588,417,0,27,0.6768703460693359,False,0.0,0,1,1774485913775,1774485913775,0
2026-03-25T19:45:20.432023,417,100,427,2.37274169921875,False,0.0,0,1,1774485920432,1774485920432,0
2026-03-25T19:45:22.876739,418,0,27,0.8904933929443359,False,0.0,0,1,1774485922876,1774485922876,0
2026-03-25T19:45:29.534715,418,100,427,2.1762847900390625,False,0.0,0,1,1774485929534,1774485929534,0
2026-03-25T19:45:31.663798,419,0,27,1.905679702758789,False,0.0,0,1,1774485931663,1774485931663,0
2026-03-25T19:45:38.319513,419,100,427,2.089262008666992,False,0.0,0,1,1774485938319,1774485938319,0
2026-03-25T19:45:42.895911,420,0,27,2.8734207153320312,False,0.0,0,1,1774485942895,1774485942895,0
2026-03-25T19:45:49.568382,420,100,427,2.7666091918945312,False,0.0,0,1,1774485949568,1774485949568,0
2026-03-25T19:45:56.373698,421,0,27,1.5342235565185547,False,0.0,0,1,1774485956373,1774485956373,0
2026-03-25T19:46:03.030159,421,100,427,3.7610530853271484,False,0.0,0,1,1774485963030,1774485963030,0
2026-03-25T19:46:10.847686,422,0,26,1.1315345764160156,False,0.0,0,1,1774485970847,1774485970847,0
2026-03-25T19:46:16.410347,423,0,27,3.682851791381836,False,0.0,0,1,1774485976410,1774485976410,0
2026-03-25T19:46:23.062398,423,100,427,2.1746158599853516,False,0.0,0,1,1774485983062,1774485983062,0
2026-03-25T19:46:29.719068,423,200,827,2.607583999633789,False,0.0,0,1,1774485989719,1774485989719,0
2026-03-25T19:46:36.374284,423,300,1227,2.9497146606445312,False,0.0,0,1,1774485996374,1774485996374,0
2026-03-25T19:46:43.030441,423,400,1627,3.672361373901367,False,0.0,0,1,1774486003030,1774486003030,0
2026-03-25T19:46:52.251321,424,0,26,3.4406185150146484,False,0.0,0,1,1774486012251,1774486012251,0
2026-03-25T19:46:58.902655,424,100,426,2.4538040161132812,False,0.0,0,1,1774486018902,1774486018902,0
2026-03-25T19:47:05.576050,424,200,826,3.3006668090820312,False,0.0,0,1,1774486025576,1774486025576,0
2026-03-25T19:47:12.231335,424,300,1226,2.8345584869384766,False,0.0,0,1,1774486032231,1774486032231,0
2026-03-25T19:47:15.278222,425,0,27,0.8633136749267578,False,0.0,0,1,1774486035278,1774486035278,0
2026-03-25T19:47:21.660961,426,0,27,10.421514511108398,False,0.0,0,1,1774486041660,1774486041660,0
2026-03-25T19:47:28.303088,426,100,427,1.9598007202148438,False,0.0,0,1,1774486048303,1774486048303,0
2026-03-25T19:47:34.962001,426,200,827,3.285646438598633,False,0.0,0,1,1774486054961,1774486054961,0
2026-03-25T19:47:37.006382,427,0,28,2.208232879638672,False,0.0,0,1,1774486057006,1774486057006,0
2026-03-25T19:47:43.661168,427,100,428,1.9307136535644531,False,0.0,0,1,1774486063661,1774486063661,0
2026-03-25T19:47:48.818290,428,0,26,0.7910728454589844,False,0.0,0,1,1774486068818,1774486068818,0
2026-03-25T19:47:55.478406,428,100,426,1.8398761749267578,False,0.0,0,1,1774486075478,1774486075478,0
2026-03-25T19:47:56.663141,429,0,27,8.956432342529297,False,0.0,0,1,1774486076663,1774486076663,0
2026-03-25T19:48:03.313325,429,100,427,1.9688606262207031,False,0.0,0,1,1774486083313,1774486083313,0
2026-03-25T19:48:09.984549,429,200,827,1.8184185028076172,False,0.0,0,1,1774486089984,1774486089984,0
2026-03-25T19:48:16.640012,429,300,1227,2.044677734375,False,0.0,0,1,1774486096640,1774486096640,0
2026-03-25T19:48:23.296858,429,400,1627,2.573728561401367,False,0.0,0,1,1774486103296,1774486103296,0
2026-03-25T19:48:33.194140,430,0,26,0.7140636444091797,False,0.0,0,1,1774486113194,1774486113194,0
2026-03-25T19:48:39.801059,430,100,423,1.8780231475830078,False,0.0,0,1,1774486119801,1774486119801,0
2026-03-25T19:48:40.416859,431,0,28,2.1505355834960938,False,0.0,0,1,1774486120416,1774486120416,0
2026-03-25T19:48:46.024929,432,0,27,2.0198822021484375,False,0.0,0,1,1774486126024,1774486126024,0
2026-03-25T19:48:52.684173,432,100,427,2.2420883178710938,False,0.0,0,1,1774486132684,1774486132684,0
2026-03-25T19:48:56.979818,433,0,27,3.346681594848633,False,0.0,0,1,1774486136979,1774486136979,0
2026-03-25T19:49:03.630086,433,100,427,2.3097991943359375,False,0.0,0,1,1774486143630,1774486143630,0
2026-03-25T19:49:04.759911,434,0,28,1.3310909271240234,False,0.0,0,1,1774486144759,1774486144759,0
2026-03-25T19:49:11.415407,434,100,428,2.0051002502441406,False,0.0,0,1,1774486151415,1774486151415,0
2026-03-25T19:49:18.071053,434,200,828,2.0024776458740234,False,0.0,0,1,1774486158071,1774486158071,0
2026-03-25T19:49:24.727230,434,300,1228,2.569437026977539,False,0.0,0,1,1774486164727,1774486164727,0
2026-03-25T19:49:31.384044,434,400,1628,2.2313594818115234,False,0.0,0,1,1774486171384,1774486171384,0
2026-03-25T19:49:38.039792,434,500,2028,2.652883529663086,False,0.0,0,1,1774486178039,1774486178039,0
2026-03-25T19:49:44.756859,434,600,2428,2.2270679473876953,False,0.0,0,1,1774486184756,1774486184756,0
2026-03-25T19:49:51.397039,434,700,2828,2.9435157775878906,False,0.0,0,1,1774486191397,1774486191397,0
2026-03-25T19:49:58.064398,434,800,3228,1.9533634185791016,False,0.0,0,1,1774486198064,1774486198064,0
2026-03-25T19:50:09.508640,435,0,28,0.9434223175048828,False,0.0,0,1,1774486209508,1774486209508,0
2026-03-25T19:50:16.159362,435,100,428,2.008199691772461,False,0.0,0,1,1774486216159,1774486216159,0
2026-03-25T19:50:22.815738,435,200,828,1.8465518951416016,False,0.0,0,1,1774486222815,1774486222815,0
2026-03-25T19:50:24.338291,436,0,27,3.3648014068603516,False,0.0,0,1,1774486224338,1774486224338,0
2026-03-25T19:50:31.000605,436,100,427,1.9373893737792969,False,0.0,0,1,1774486231000,1774486231000,0
2026-03-25T19:50:32.995704,437,0,27,0.8625984191894531,False,0.0,0,1,1774486232995,1774486232995,0
2026-03-25T19:50:39.653478,437,100,427,2.262115478515625,False,0.0,0,1,1774486239653,1774486239653,0
2026-03-25T19:50:46.308752,437,200,827,1.5711784362792969,False,0.0,0,1,1774486246308,1774486246308,0
2026-03-25T19:50:52.973766,437,300,1227,8.124351501464844,False,0.0,0,1,1774486252973,1774486252973,0
2026-03-25T19:50:59.619015,437,400,1627,1.806497573852539,False,0.0,0,1,1774486259619,1774486259619,0
2026-03-25T19:51:08.736552,438,0,27,0.8196830749511719,False,0.0,0,1,1774486268736,1774486268736,0
2026-03-25T19:51:15.393776,438,100,427,2.0856857299804688,False,0.0,0,1,1774486275393,1774486275393,0
2026-03-25T19:51:22.067019,438,200,827,2.500295639038086,False,0.0,0,1,1774486282067,1774486282067,0
2026-03-25T19:51:30.388457,439,0,27,0.9603500366210938,False,0.0,0,1,1774486290388,1774486290388,0
2026-03-25T19:51:37.457914,440,0,27,0.8778572082519531,False,0.0,0,1,1774486297457,1774486297457,0
2026-03-25T19:51:44.672130,441,0,27,0.77056884765625,False,0.0,0,1,1774486304672,1774486304672,0
2026-03-25T19:51:51.335029,441,100,427,1.9378662109375,False,0.0,0,1,1774486311335,1774486311335,0
2026-03-25T19:51:54.064939,442,0,28,3.287076950073242,False,0.0,0,1,1774486314064,1774486314064,0
2026-03-25T19:52:00.718147,442,100,428,1.6705989837646484,False,0.0,0,1,1774486320718,1774486320718,0
2026-03-25T19:52:03.444543,443,0,27,13.558387756347656,False,0.0,0,1,1774486323444,1774486323444,0
2026-03-25T19:52:10.103509,443,100,427,2.03704833984375,False,0.0,0,1,1774486330103,1774486330103,0
2026-03-25T19:52:16.760512,443,200,827,3.0412673950195312,False,0.0,0,1,1774486336760,1774486336760,0
2026-03-25T19:52:25.076480,444,0,27,0.8726119995117188,False,0.0,0,1,1774486345076,1774486345076,0
2026-03-25T19:52:31.733361,444,100,427,1.9969940185546875,False,0.0,0,1,1774486351733,1774486351733,0
2026-03-25T19:52:38.772367,445,0,27,1.8830299377441406,False,0.0,0,1,1774486358772,1774486358772,0
2026-03-25T19:52:45.430681,445,100,427,4.528522491455078,False,0.0,0,1,1774486365430,1774486365430,0
2026-03-25T19:52:52.082939,445,200,827,1.8048286437988281,False,0.0,0,1,1774486372082,1774486372082,0
2026-03-25T19:52:58.739030,445,300,1227,2.007007598876953,False,0.0,0,1,1774486378739,1774486378739,0
2026-03-25T19:53:05.394584,445,400,1627,1.9965171813964844,False,0.0,0,1,1774486385394,1774486385394,0
2026-03-25T19:53:09.555318,446,0,27,2.8133392333984375,False,0.0,0,1,1774486389555,1774486389555,0
2026-03-25T19:53:16.209859,446,100,427,1.8422603607177734,False,0.0,0,1,1774486396209,1774486396209,0
2026-03-25T19:53:19.490448,447,0,27,2.138376235961914,False,0.0,0,1,1774486399490,1774486399490,0
2026-03-25T19:53:26.162378,447,100,427,2.8765201568603516,False,0.0,0,1,1774486406162,1774486406162,0
2026-03-25T19:53:32.819181,447,200,827,3.4503936767578125,False,0.0,0,1,1774486412819,1774486412819,0
2026-03-25T19:53:39.472605,447,300,1227,2.023458480834961,False,0.0,0,1,1774486419472,1774486419472,0
2026-03-25T19:53:46.127750,447,400,1627,2.5081634521484375,False,0.0,0,1,1774486426127,1774486426127,0
2026-03-25T19:53:52.784256,447,500,2027,3.0303001403808594,False,0.0,0,1,1774486432784,1774486432784,0
2026-03-25T19:53:59.005489,448,0,27,1.039266586303711,False,0.0,0,1,1774486439005,1774486439005,0
2026-03-25T19:54:04.251183,449,0,28,1.04522705078125,False,0.0,0,1,1774486444251,1774486444251,0
2026-03-25T19:54:10.905441,449,100,428,3.6013126373291016,False,0.0,0,1,1774486450905,1774486450905,0
2026-03-25T19:54:15.718224,450,0,27,3.0362606048583984,False,0.0,0,1,1774486455718,1774486455718,0
2026-03-25T19:54:22.084294,451,0,28,2.279520034790039,False,0.0,0,1,1774486462084,1774486462084,0
2026-03-25T19:54:28.741152,451,100,428,2.844572067260742,False,0.0,0,1,1774486468741,1774486468741,0
2026-03-25T19:54:34.339675,452,0,28,11.398077011108398,False,0.0,0,1,1774486474339,1774486474339,0
2026-03-25T19:54:40.987153,452,100,428,2.437114715576172,False,0.0,0,1,1774486480987,1774486480987,0
2026-03-25T19:54:42.284907,453,0,27,2.3148059844970703,False,0.0,0,1,1774486482284,1774486482284,0
2026-03-25T19:54:48.956856,453,100,427,2.0465850830078125,False,0.0,0,1,1774486488956,1774486488956,0
2026-03-25T19:54:55.613467,453,200,827,3.353595733642578,False,0.0,0,1,1774486495613,1774486495613,0
2026-03-25T19:55:04.729922,454,0,27,0.9443759918212891,False,0.0,0,1,1774486504729,1774486504729,0
2026-03-25T19:55:11.404060,454,100,427,1.8079280853271484,False,0.0,0,1,1774486511404,1774486511404,0
2026-03-25T19:55:12.220957,455,0,28,2.218961715698242,False,0.0,0,1,1774486512220,1774486512220,0
2026-03-25T19:55:18.760350,456,0,27,3.147125244140625,False,0.0,0,1,1774486518760,1774486518760,0
2026-03-25T19:55:25.414672,456,100,427,2.5463104248046875,False,0.0,0,1,1774486525414,1774486525414,0
2026-03-25T19:55:31.908526,457,0,26,9.351253509521484,False,0.0,0,1,1774486531908,1774486531908,0
2026-03-25T19:55:38.558722,457,100,426,2.074718475341797,False,0.0,0,1,1774486538558,1774486538558,0
2026-03-25T19:55:45.229466,457,200,826,1.4395713806152344,False,0.0,0,1,1774486545229,1774486545229,0
2026-03-25T19:55:52.753476,458,0,27,0.9593963623046875,False,0.0,0,1,1774486552753,1774486552753,0
2026-03-25T19:55:59.422771,458,100,427,1.6765594482421875,False,0.0,0,1,1774486559422,1774486559422,0
2026-03-25T19:56:05.346958,459,0,27,3.072977066040039,False,0.0,0,1,1774486565346,1774486565346,0
2026-03-25T19:56:12.002173,459,100,427,2.1033287048339844,False,0.0,0,1,1774486572002,1774486572002,0
2026-03-25T19:56:15.634212,460,0,26,2.251863479614258,False,0.0,0,1,1774486575634,1774486575634,0
2026-03-25T19:56:22.285860,460,100,426,2.5849342346191406,False,0.0,0,1,1774486582285,1774486582285,0
2026-03-25T19:56:29.247533,460,200,826,3.1952857971191406,False,0.0,0,1,1774486589247,1774486589247,0
2026-03-25T19:56:34.587448,461,0,27,0.9987354278564453,False,0.0,0,1,1774486594587,1774486594587,0
2026-03-25T19:56:41.245300,461,100,427,3.2906532287597656,False,0.0,0,1,1774486601245,1774486601245,0
2026-03-25T19:56:43.339048,462,0,27,1.9004344940185547,False,0.0,0,1,1774486603339,1774486603339,0
2026-03-25T19:56:49.699871,463,0,28,4.683971405029297,False,0.0,0,1,1774486609699,1774486609699,0
2026-03-25T19:56:57.580498,464,0,28,0.7290840148925781,False,0.0,0,1,1774486617580,1774486617580,0
2026-03-25T19:57:02.814378,465,0,27,0.7948875427246094,False,0.0,0,1,1774486622814,1774486622814,0
2026-03-25T19:57:09.464325,465,100,427,1.8198490142822266,False,0.0,0,1,1774486629464,1774486629464,0
2026-03-25T19:57:16.122571,465,200,827,1.6548633575439453,False,0.0,0,1,1774486636122,1774486636122,0
2026-03-25T19:57:17.965346,466,0,27,2.7036666870117188,False,0.0,0,1,1774486637965,1774486637965,0
2026-03-25T19:57:24.637712,466,100,427,2.4328231811523438,False,0.0,0,1,1774486644637,1774486644637,0
2026-03-25T19:57:31.293485,466,200,827,1.878499984741211,False,0.0,0,1,1774486651293,1774486651293,0
2026-03-25T19:57:37.949193,466,300,1227,1.9350051879882812,False,0.0,0,1,1774486657949,1774486657949,0
2026-03-25T19:57:41.578972,467,0,27,1.7273426055908203,False,0.0,0,1,1774486661578,1774486661578,0
2026-03-25T19:57:48.232555,467,100,427,2.3734569549560547,False,0.0,0,1,1774486668232,1774486668232,0
2026-03-25T19:57:49.733325,468,0,28,2.015829086303711,False,0.0,0,1,1774486669733,1774486669733,0
2026-03-25T19:57:55.339269,469,0,27,2.1364688873291016,False,0.0,0,1,1774486675339,1774486675339,0
2026-03-25T19:58:01.993220,469,100,427,2.448558807373047,False,0.0,0,1,1774486681993,1774486681993,0
2026-03-25T19:58:08.648411,469,200,827,2.2597312927246094,False,0.0,0,1,1774486688648,1774486688648,0
2026-03-25T19:58:15.307283,469,300,1227,6.499528884887695,False,0.0,0,1,1774486695307,1774486695307,0
2026-03-25T19:58:16.368494,470,0,26,1.9733905792236328,False,0.0,0,1,1774486696368,1774486696368,0
2026-03-25T19:58:23.024366,470,100,426,2.0716190338134766,False,0.0,0,1,1774486703024,1774486703024,0
2026-03-25T19:58:29.679347,470,200,826,2.094268798828125,False,0.0,0,1,1774486709679,1774486709679,0
2026-03-25T19:58:36.336974,470,300,1226,2.243518829345703,False,0.0,0,1,1774486716336,1774486716336,0
2026-03-25T19:58:42.992102,470,400,1626,2.0585060119628906,False,0.0,0,1,1774486722992,1774486722992,0
2026-03-25T19:58:51.343911,471,0,27,0.9989738464355469,False,0.0,0,1,1774486731343,1774486731343,0
2026-03-25T19:58:58.001646,471,100,427,2.9647350311279297,False,0.0,0,1,1774486738001,1774486738001,0
2026-03-25T19:58:59.561900,472,0,27,0.9224414825439453,False,0.0,0,1,1774486739561,1774486739561,0
2026-03-25T19:59:05.636274,473,0,26,1.8701553344726562,False,0.0,0,1,1774486745636,1774486745636,0
2026-03-25T19:59:11.264705,474,0,28,2.489328384399414,False,0.0,0,1,1774486751264,1774486751264,0
2026-03-25T19:59:17.916217,474,100,428,2.3250579833984375,False,0.0,0,1,1774486757916,1774486757916,0
2026-03-25T19:59:24.572978,474,200,828,2.895832061767578,False,0.0,0,1,1774486764572,1774486764572,0
2026-03-25T19:59:26.237669,475,0,27,3.6649703979492188,False,0.0,0,1,1774486766237,1774486766237,0
2026-03-25T19:59:32.916238,475,100,427,10.75124740600586,False,0.0,0,1,1774486772916,1774486772916,0
2026-03-25T19:59:39.571300,475,200,827,10.131120681762695,False,0.0,0,1,1774486779571,1774486779571,0
2026-03-25T19:59:46.225600,475,300,1227,8.044004440307617,False,0.0,0,1,1774486786225,1774486786225,0
2026-03-25T19:59:52.875752,475,400,1627,2.096891403198242,False,0.0,0,1,1774486792875,1774486792875,0
2026-03-25T19:59:59.530902,475,500,2027,1.983642578125,False,0.0,0,1,1774486799530,1774486799530,0
2026-03-25T20:00:06.189584,475,600,2427,3.8607120513916016,False,0.0,0,1,1774486806189,1774486806189,0
2026-03-25T20:00:11.910469,476,0,26,1.0635852813720703,False,0.0,0,1,1774486811910,1774486811910,0
2026-03-25T20:00:18.582835,477,0,27,2.1445751190185547,False,0.0,0,1,1774486818582,1774486818582,0
2026-03-25T20:00:25.255641,477,100,427,2.752065658569336,False,0.0,0,1,1774486825255,1774486825255,0
2026-03-25T20:00:31.909808,477,200,827,2.15911865234375,False,0.0,0,1,1774486831909,1774486831909,0
2026-03-25T20:00:38.565603,477,300,1227,2.412080764770508,False,0.0,0,1,1774486838565,1774486838565,0
2026-03-25T20:00:42.891682,478,0,26,0.9236335754394531,False,0.0,0,1,1774486842891,1774486842891,0
2026-03-25T20:00:49.548194,478,100,426,2.459287643432617,False,0.0,0,1,1774486849548,1774486849548,0
2026-03-25T20:00:53.994049,479,0,27,1.7621517181396484,False,0.0,0,1,1774486853994,1774486853994,0
2026-03-25T20:01:00.646910,479,100,427,1.585245132446289,False,0.0,0,1,1774486860646,1774486860646,0
2026-03-25T20:01:07.302408,479,200,827,1.9412040710449219,False,0.0,0,1,1774486867302,1774486867302,0
2026-03-25T20:01:11.360600,480,0,27,0.9813308715820312,False,0.0,0,1,1774486871360,1774486871360,0
2026-03-25T20:01:18.018475,480,100,427,2.6133060455322266,False,0.0,0,1,1774486878018,1774486878018,0
2026-03-25T20:01:20.395888,481,0,28,0.9832382202148438,False,0.0,0,1,1774486880395,1774486880395,0
2026-03-25T20:01:27.051858,481,100,428,1.7743110656738281,False,0.0,0,1,1774486887051,1774486887051,0
2026-03-25T20:01:28.533575,482,0,28,2.061128616333008,False,0.0,0,1,1774486888533,1774486888533,0
2026-03-25T20:01:34.109466,483,0,27,1.9831657409667969,False,0.0,0,1,1774486894109,1774486894109,0
2026-03-25T20:01:40.762356,483,100,427,1.7936229705810547,False,0.0,0,1,1774486900762,1774486900762,0
2026-03-25T20:01:47.418763,483,200,827,1.8596649169921875,False,0.0,0,1,1774486907418,1774486907418,0
2026-03-25T20:01:48.801660,484,0,27,2.1278858184814453,False,0.0,0,1,1774486908801,1774486908801,0
2026-03-25T20:01:55.454853,484,100,427,2.264261245727539,False,0.0,0,1,1774486915454,1774486915454,0
2026-03-25T20:02:02.111949,484,200,827,1.8928050994873047,False,0.0,0,1,1774486922111,1774486922111,0
2026-03-25T20:02:04.258192,485,0,26,1.5819072723388672,False,0.0,0,1,1774486924258,1774486924258,0
2026-03-25T20:02:09.798884,486,0,28,2.7322769165039062,False,0.0,0,1,1774486929798,1774486929798,0
2026-03-25T20:02:16.455703,486,100,428,3.7887096405029297,False,0.0,0,1,1774486936455,1774486936455,0
2026-03-25T20:02:23.110720,486,200,828,3.3791065216064453,False,0.0,0,1,1774486943110,1774486943110,0
2026-03-25T20:02:27.584008,487,0,27,1.0406970977783203,False,0.0,0,1,1774486947584,1774486947584,0
2026-03-25T20:02:34.257650,487,100,427,2.4805068969726562,False,0.0,0,1,1774486954257,1774486954257,0
2026-03-25T20:02:37.440963,488,0,27,7.857084274291992,False,0.0,0,1,1774486957440,1774486957440,0
2026-03-25T20:02:44.093245,488,100,427,2.9060840606689453,False,0.0,0,1,1774486964093,1774486964093,0
2026-03-25T20:02:50.746939,488,200,827,2.1402835845947266,False,0.0,0,1,1774486970746,1774486970746,0
2026-03-25T20:02:57.402071,488,300,1227,1.8723011016845703,False,0.0,0,1,1774486977402,1774486977402,0
2026-03-25T20:03:03.856793,489,0,27,0.9508132934570312,False,0.0,0,1,1774486983856,1774486983856,0
2026-03-25T20:03:10.514187,490,0,27,1.911163330078125,False,0.0,0,1,1774486990514,1774486990514,0
2026-03-25T20:03:16.443960,491,0,27,3.021240234375,False,0.0,0,1,1774486996443,1774486996443,0
2026-03-25T20:03:23.092925,491,100,427,2.077341079711914,False,0.0,0,1,1774487003092,1774487003092,0
2026-03-25T20:03:26.238779,492,0,27,1.7762184143066406,False,0.0,0,1,1774487006238,1774487006238,0
2026-03-25T20:03:32.532830,493,0,28,3.3609867095947266,False,0.0,0,1,1774487012532,1774487012532,0
2026-03-25T20:03:39.199884,493,100,428,2.1822452545166016,False,0.0,0,1,1774487019199,1774487019199,0
2026-03-25T20:03:45.963577,493,200,828,3.8979053497314453,False,0.0,0,1,1774487025963,1774487025963,0
2026-03-25T20:03:48.244112,494,0,27,0.8780956268310547,False,0.0,0,1,1774487028244,1774487028244,0
2026-03-25T20:03:53.774421,495,0,27,10.680913925170898,False,0.0,0,1,1774487033774,1774487033774,0
2026-03-25T20:04:00.438476,495,100,427,2.305746078491211,False,0.0,0,1,1774487040438,1774487040438,0
2026-03-25T20:04:02.719070,496,0,28,2.1300315856933594,False,0.0,0,1,1774487042719,1774487042719,0
2026-03-25T20:04:09.375667,496,100,428,1.9314289093017578,False,0.0,0,1,1774487049375,1774487049375,0
2026-03-25T20:04:12.135266,497,0,27,2.7570724487304688,False,0.0,0,1,1774487052135,1774487052135,0
2026-03-25T20:04:18.577646,498,0,27,0.8375644683837891,False,0.0,0,1,1774487058577,1774487058577,0
2026-03-25T20:04:25.249182,498,100,427,4.535198211669922,False,0.0,0,1,1774487065249,1774487065249,0
2026-03-25T20:04:27.941954,499,0,27,1.5950202941894531,False,0.0,0,1,1774487067941,1774487067941,0
2026-03-25T20:04:34.596638,499,100,427,2.298593521118164,False,0.0,0,1,1774487074596,1774487074596,0
2026-03-25T20:04:40.603010,500,0,26,1.0597705841064453,False,0.0,0,1,1774487080603,1774487080603,0
2026-03-25T20:04:46.942681,501,0,27,1.1446475982666016,False,0.0,0,1,1774487086942,1774487086942,0
2026-03-25T20:04:53.598481,501,100,427,1.7654895782470703,False,0.0,0,1,1774487093598,1774487093598,0
2026-03-25T20:05:00.271579,501,200,827,2.326488494873047,False,0.0,0,1,1774487100271,1774487100271,0
2026-03-25T20:05:06.926551,501,300,1227,1.9869804382324219,False,0.0,0,1,1774487106926,1774487106926,0
2026-03-25T20:05:10.435778,502,0,27,0.8153915405273438,False,0.0,0,1,1774487110435,1774487110435,0
2026-03-25T20:05:17.110116,502,100,427,2.416849136352539,False,0.0,0,1,1774487117110,1774487117110,0
2026-03-25T20:05:23.765294,502,200,827,2.408742904663086,False,0.0,0,1,1774487123765,1774487123765,0
2026-03-25T20:05:30.104160,503,0,27,0.7662773132324219,False,0.0,0,1,1774487130104,1774487130104,0
2026-03-25T20:05:36.761580,503,100,427,2.689361572265625,False,0.0,0,1,1774487136761,1774487136761,0
2026-03-25T20:05:43.417354,503,200,827,2.9201507568359375,False,0.0,0,1,1774487143417,1774487143417,0
2026-03-25T20:05:50.071331,503,300,1227,1.8613338470458984,False,0.0,0,1,1774487150071,1774487150071,0
2026-03-25T20:05:56.730623,503,400,1627,2.9485225677490234,False,0.0,0,1,1774487156729,1774487156730,1
2026-03-25T20:06:03.401852,503,500,2027,3.1659603118896484,False,0.0,0,1,1774487163401,1774487163401,0
2026-03-25T20:06:10.057609,503,600,2427,2.5246143341064453,False,0.0,0,1,1774487170057,1774487170057,0
2026-03-25T20:06:20.654760,504,0,28,2.8107166290283203,False,0.0,0,1,1774487180654,1774487180654,0
2026-03-25T20:06:27.321498,504,100,428,9.707450866699219,False,0.0,0,1,1774487187321,1774487187321,0
2026-03-25T20:06:33.983175,504,200,828,1.8467903137207031,False,0.0,0,1,1774487193983,1774487193983,0
2026-03-25T20:06:40.638115,504,300,1228,1.8153190612792969,False,0.0,0,1,1774487200638,1774487200638,0
2026-03-25T20:06:44.314907,505,0,28,0.8332729339599609,False,0.0,0,1,1774487204314,1774487204314,0
2026-03-25T20:06:50.992592,505,100,428,7.596254348754883,False,0.0,0,1,1774487210992,1774487210992,0
2026-03-25T20:06:57.644673,505,200,828,3.2806396484375,False,0.0,0,1,1774487217644,1774487217644,0
2026-03-25T20:07:04.299185,505,300,1228,2.2416114807128906,False,0.0,0,1,1774487224299,1774487224299,0
2026-03-25T20:07:10.971002,505,400,1628,1.817941665649414,False,0.0,0,1,1774487230970,1774487230971,1
2026-03-25T20:07:17.626289,505,500,2028,1.9488334655761719,False,0.0,0,1,1774487237626,1774487237626,0
2026-03-25T20:07:24.154197,506,0,26,1.07574462890625,False,0.0,0,1,1774487244154,1774487244154,0
2026-03-25T20:07:30.805546,506,100,426,2.6404857635498047,False,0.0,0,1,1774487250805,1774487250805,0
2026-03-25T20:07:35.855094,507,0,27,2.422332763671875,False,0.0,0,1,1774487255855,1774487255855,0
2026-03-25T20:07:41.392523,508,0,27,2.9451847076416016,False,0.0,0,1,1774487261392,1774487261392,0
2026-03-25T20:07:48.060680,508,100,427,3.7598609924316406,False,0.0,0,1,1774487268060,1774487268060,0
2026-03-25T20:07:54.732240,508,200,827,2.382993698120117,False,0.0,0,1,1774487274732,1774487274732,0
2026-03-25T20:07:57.999258,509,0,26,0.8151531219482422,False,0.0,0,1,1774487277999,1774487277999,0
2026-03-25T20:08:04.651041,509,100,426,3.1766891479492188,False,0.0,0,1,1774487284651,1774487284651,0
2026-03-25T20:08:11.305047,509,200,826,2.38800048828125,False,0.0,0,1,1774487291305,1774487291305,0
2026-03-25T20:08:16.545285,510,0,27,1.161813735961914,False,0.0,0,1,1774487296545,1774487296545,0
2026-03-25T20:08:23.209040,510,100,427,10.178565979003906,False,0.0,0,1,1774487303209,1774487303209,0
2026-03-25T20:08:28.410957,511,0,27,2.576589584350586,False,0.0,0,1,1774487308410,1774487308410,0
2026-03-25T20:08:35.065647,511,100,427,2.810239791870117,False,0.0,0,1,1774487315065,1774487315065,0
2026-03-25T20:08:41.738382,511,200,827,1.8832683563232422,False,0.0,0,1,1774487321738,1774487321738,0
2026-03-25T20:08:44.632221,512,0,27,2.1445751190185547,False,0.0,0,1,1774487324632,1774487324632,0
2026-03-25T20:08:51.288081,512,100,427,1.8568038940429688,False,0.0,0,1,1774487331288,1774487331288,0
2026-03-25T20:08:53.136440,513,0,28,2.8443336486816406,False,0.0,0,1,1774487333136,1774487333136,0
2026-03-25T20:08:59.791117,513,100,428,1.7883777618408203,False,0.0,0,1,1774487339791,1774487339791,0
2026-03-25T20:09:06.446519,513,200,828,1.8999576568603516,False,0.0,0,1,1774487346446,1774487346446,0
2026-03-25T20:09:14.498361,514,0,26,0.9453296661376953,False,0.0,0,1,1774487354498,1774487354498,0
2026-03-25T20:09:21.155507,514,100,426,1.6427040100097656,False,0.0,0,1,1774487361155,1774487361155,0
2026-03-25T20:09:23.252941,515,0,27,1.0128021240234375,False,0.0,0,1,1774487363252,1774487363252,0
2026-03-25T20:09:29.907432,515,100,427,2.424478530883789,False,0.0,0,1,1774487369907,1774487369907,0
2026-03-25T20:09:35.497694,516,0,28,1.9221305847167969,False,0.0,0,1,1774487375497,1774487375497,0
2026-03-25T20:09:42.155717,516,100,428,2.466440200805664,False,0.0,0,1,1774487382155,1774487382155,0
2026-03-25T20:09:48.810964,516,200,828,2.512693405151367,False,0.0,0,1,1774487388810,1774487388810,0
2026-03-25T20:09:51.554976,517,0,27,0.8156299591064453,False,0.0,0,1,1774487391554,1774487391554,0
2026-03-25T20:09:58.211492,517,100,427,2.1059513092041016,False,0.0,0,1,1774487398211,1774487398211,0
2026-03-25T20:09:59.077969,518,0,28,3.926992416381836,False,0.0,0,1,1774487399077,1774487399077,0
2026-03-25T20:10:05.733472,518,100,428,3.124237060546875,False,0.0,0,1,1774487405733,1774487405733,0
2026-03-25T20:10:12.387237,518,200,828,1.7447471618652344,False,0.0,0,1,1774487412387,1774487412387,0
2026-03-25T20:10:21.173363,519,0,27,1.4014244079589844,False,0.0,0,1,1774487421173,1774487421173,0
2026-03-25T20:10:27.829965,519,100,427,3.193378448486328,False,0.0,0,1,1774487427829,1774487427829,0
2026-03-25T20:10:31.201157,520,0,26,13.322591781616211,False,0.0,0,1,1774487431201,1774487431201,0
2026-03-25T20:10:37.845998,520,100,426,2.6426315307617188,False,0.0,0,1,1774487437845,1774487437845,0
2026-03-25T20:10:41.789157,521,0,27,0.9026527404785156,False,0.0,0,1,1774487441789,1774487441789,0
2026-03-25T20:10:48.446121,521,100,427,2.514362335205078,False,0.0,0,1,1774487448446,1774487448446,0
2026-03-25T20:10:55.102352,521,200,827,1.8360614776611328,False,0.0,0,1,1774487455102,1774487455102,0
2026-03-25T20:11:01.757159,521,300,1227,3.4525394439697266,False,0.0,0,1,1774487461757,1774487461757,0
2026-03-25T20:11:08.413197,521,400,1627,1.7244815826416016,False,0.0,0,1,1774487468413,1774487468413,0
2026-03-25T20:11:15.549563,522,0,27,1.1680126190185547,False,0.0,0,1,1774487475549,1774487475549,0
2026-03-25T20:11:22.205049,522,100,427,2.6471614837646484,False,0.0,0,1,1774487482205,1774487482205,0
2026-03-25T20:11:28.345122,523,0,27,2.402067184448242,False,0.0,0,1,1774487488345,1774487488345,0
2026-03-25T20:11:35.000966,523,100,427,2.8994083404541016,False,0.0,0,1,1774487495000,1774487495000,0
2026-03-25T20:11:36.200365,524,0,27,3.6416053771972656,False,0.0,0,1,1774487496200,1774487496200,0
2026-03-25T20:11:42.870380,524,100,427,2.5920867919921875,False,0.0,0,1,1774487502870,1774487502870,0
2026-03-25T20:11:49.526983,524,200,827,2.678394317626953,False,0.0,0,1,1774487509526,1774487509526,0
2026-03-25T20:11:52.022585,525,0,27,3.0918121337890625,False,0.0,0,1,1774487512022,1774487512022,0
2026-03-25T20:11:58.678141,525,100,427,1.8093585968017578,False,0.0,0,1,1774487518678,1774487518678,0
2026-03-25T20:12:05.334625,525,200,827,2.881288528442383,False,0.0,0,1,1774487525334,1774487525334,0
2026-03-25T20:12:11.990120,525,300,1227,3.158092498779297,False,0.0,0,1,1774487531990,1774487531990,0
2026-03-25T20:12:18.666725,525,400,1627,7.201671600341797,False,0.0,0,1,1774487538666,1774487538666,0
2026-03-25T20:12:28.546554,526,0,27,3.9942264556884766,False,0.0,0,1,1774487548546,1774487548546,0
2026-03-25T20:12:35.000169,527,0,27,1.911163330078125,False,0.0,0,1,1774487555000,1774487555000,0
2026-03-25T20:12:41.656008,527,100,427,2.0945072174072266,False,0.0,0,1,1774487561656,1774487561656,0
2026-03-25T20:12:42.686992,528,0,28,1.5025138854980469,False,0.0,0,1,1774487562686,1774487562686,0
2026-03-25T20:12:48.878702,529,0,27,1.7359256744384766,False,0.0,0,1,1774487568878,1774487568878,0
2026-03-25T20:12:55.532852,529,100,427,2.017974853515625,False,0.0,0,1,1774487575532,1774487575532,0
2026-03-25T20:13:02.189289,529,200,827,1.649618148803711,False,0.0,0,1,1774487582189,1774487582189,0
2026-03-25T20:13:08.844612,529,300,1227,2.0220279693603516,False,0.0,0,1,1774487588844,1774487588844,0
2026-03-25T20:13:14.576203,530,0,27,0.881195068359375,False,0.0,0,1,1774487594576,1774487594576,0
2026-03-25T20:13:21.230153,530,100,427,8.729219436645508,False,0.0,0,1,1774487601230,1774487601230,0
2026-03-25T20:13:27.897494,530,200,827,2.8450489044189453,False,0.0,0,1,1774487607897,1774487607897,0
2026-03-25T20:13:34.551623,530,300,1227,2.3717880249023438,False,0.0,0,1,1774487614551,1774487614551,0
2026-03-25T20:13:43.836174,531,0,26,0.9007453918457031,False,0.0,0,1,1774487623836,1774487623836,0
2026-03-25T20:13:50.500051,531,100,426,9.271383285522461,False,0.0,0,1,1774487630500,1774487630500,0
2026-03-25T20:13:57.146843,531,200,826,1.3976097106933594,False,0.0,0,1,1774487637146,1774487637146,0
2026-03-25T20:14:03.802571,531,300,1226,2.016782760620117,False,0.0,0,1,1774487643802,1774487643802,0
2026-03-25T20:14:10.459015,531,400,1626,2.5453567504882812,False,0.0,0,1,1774487650459,1774487650459,0
2026-03-25T20:14:17.115316,531,500,2026,2.2652149200439453,False,0.0,0,1,1774487657115,1774487657115,0
2026-03-25T20:14:23.770457,531,600,2426,2.1533966064453125,False,0.0,0,1,1774487663770,1774487663770,0
2026-03-25T20:14:29.410821,532,0,27,1.3375282287597656,False,0.0,0,1,1774487669410,1774487669410,0
2026-03-25T20:14:36.083888,532,100,427,2.862691879272461,False,0.0,0,1,1774487676083,1774487676083,0
2026-03-25T20:14:42.274570,533,0,28,2.3093223571777344,False,0.0,0,1,1774487682274,1774487682274,0
2026-03-25T20:14:48.930555,533,100,428,2.0868778228759766,False,0.0,0,1,1774487688930,1774487688930,0
2026-03-25T20:14:55.587284,533,200,828,2.2444725036621094,False,0.0,0,1,1774487695587,1774487695587,0
2026-03-25T20:15:01.090074,534,0,28,0.8158683776855469,False,0.0,0,1,1774487701090,1774487701090,0
2026-03-25T20:15:07.569302,535,0,27,1.0211467742919922,False,0.0,0,1,1774487707569,1774487707569,0
2026-03-25T20:15:14.220214,535,100,427,2.0127296447753906,False,0.0,0,1,1774487714220,1774487714220,0
2026-03-25T20:15:15.517703,536,0,28,2.2547245025634766,False,0.0,0,1,1774487715517,1774487715517,0
2026-03-25T20:15:22.189508,536,100,428,2.2466182708740234,False,0.0,0,1,1774487722189,1774487722189,0
2026-03-25T20:15:28.863382,536,200,828,2.819538116455078,False,0.0,0,1,1774487728863,1774487728863,0
2026-03-25T20:15:35.517793,536,300,1228,2.249002456665039,False,0.0,0,1,1774487735517,1774487735517,0
2026-03-25T20:15:42.189307,536,400,1628,1.8045902252197266,False,0.0,0,1,1774487742189,1774487742189,0
2026-03-25T20:15:49.676117,537,0,27,0.6902217864990234,False,0.0,0,1,1774487749676,1774487749676,0
2026-03-25T20:15:56.336792,537,100,427,4.256963729858398,False,0.0,0,1,1774487756336,1774487756336,0
2026-03-25T20:16:02.358233,538,0,27,1.8868446350097656,False,0.0,0,1,1774487762358,1774487762358,0
2026-03-25T20:16:09.031254,538,100,427,1.9268989562988281,False,0.0,0,1,1774487769031,1774487769031,0
2026-03-25T20:16:14.969660,539,0,26,1.4529228210449219,False,0.0,0,1,1774487774969,1774487774969,0
2026-03-25T20:16:21.625992,539,100,426,2.341032028198242,False,0.0,0,1,1774487781625,1774487781625,0
2026-03-25T20:16:28.282453,539,200,826,2.482891082763672,False,0.0,0,1,1774487788282,1774487788282,0
2026-03-25T20:16:34.936549,539,300,1226,2.6102066040039062,False,0.0,0,1,1774487794936,1774487794936,0
2026-03-25T20:16:41.592731,539,400,1626,2.3708343505859375,False,0.0,0,1,1774487801592,1774487801592,0
2026-03-25T20:16:48.246954,539,500,2026,1.8815994262695312,False,0.0,0,1,1774487808246,1774487808246,0
2026-03-25T20:16:55.206887,539,600,2426,6.747245788574219,False,0.0,0,1,1774487815206,1774487815206,0
2026-03-25T20:17:02.041455,540,0,26,0.9388923645019531,False,0.0,0,1,1774487822041,1774487822041,0
2026-03-25T20:17:08.697478,540,100,426,2.801656723022461,False,0.0,0,1,1774487828697,1774487828697,0
2026-03-25T20:17:15.354342,540,200,826,3.1838417053222656,False,0.0,0,1,1774487835354,1774487835354,0
2026-03-25T20:17:18.264760,541,0,27,0.720977783203125,False,0.0,0,1,1774487838264,1774487838264,0
2026-03-25T20:17:24.920498,541,100,427,2.1245479583740234,False,0.0,0,1,1774487844920,1774487844920,0
2026-03-25T20:17:25.754375,542,0,28,2.5658607482910156,False,0.0,0,1,1774487845754,1774487845754,0
2026-03-25T20:17:32.427986,542,100,428,2.062559127807617,False,0.0,0,1,1774487852427,1774487852427,0
2026-03-25T20:17:37.005894,543,0,27,2.069234848022461,False,0.0,0,1,1774487857005,1774487857005,0
2026-03-25T20:17:43.656518,543,100,427,2.6700496673583984,False,0.0,0,1,1774487863656,1774487863656,0
2026-03-25T20:17:50.328575,543,200,827,1.9218921661376953,False,0.0,0,1,1774487870328,1774487870328,0
2026-03-25T20:17:55.036494,544,0,26,1.0306835174560547,False,0.0,0,1,1774487875036,1774487875036,0
2026-03-25T20:18:01.713917,544,100,426,2.4580955505371094,False,0.0,0,1,1774487881713,1774487881713,0
2026-03-25T20:18:02.840755,545,0,27,2.2292137145996094,False,0.0,0,1,1774487882840,1774487882840,0
2026-03-25T20:18:09.496333,545,100,427,1.9502639770507812,False,0.0,0,1,1774487889496,1774487889496,0
2026-03-25T20:18:16.152204,545,200,827,1.911163330078125,False,0.0,0,1,1774487896152,1774487896152,0
2026-03-25T20:18:18.964224,546,0,26,1.157522201538086,False,0.0,0,1,1774487898964,1774487898964,0
2026-03-25T20:18:25.620126,546,100,426,1.9690990447998047,False,0.0,0,1,1774487905620,1774487905620,0
2026-03-25T20:18:28.282603,547,0,27,2.705097198486328,False,0.0,0,1,1774487908282,1774487908282,0
2026-03-25T20:18:34.207507,548,0,27,2.0995140075683594,False,0.0,0,1,1774487914207,1774487914207,0
2026-03-25T20:18:39.517243,549,0,28,2.9077529907226562,False,0.0,0,1,1774487919517,1774487919517,0
2026-03-25T20:18:46.169689,549,100,428,2.4454593658447266,False,0.0,0,1,1774487926169,1774487926169,0
2026-03-25T20:18:52.827106,549,200,828,3.1943321228027344,False,0.0,0,1,1774487932827,1774487932827,0
2026-03-25T20:18:59.481131,549,300,1228,2.0999908447265625,False,0.0,0,1,1774487939481,1774487939481,0
2026-03-25T20:19:06.141419,549,400,1628,2.147197723388672,False,0.0,0,1,1774487946141,1774487946141,0
2026-03-25T20:19:12.792552,549,500,2028,1.8630027770996094,False,0.0,0,1,1774487952792,1774487952792,0
2026-03-25T20:19:19.928227,550,0,26,0.7815361022949219,False,0.0,0,1,1774487959928,1774487959928,0
2026-03-25T20:19:26.585345,550,100,426,1.8727779388427734,False,0.0,0,1,1774487966585,1774487966585,0
2026-03-25T20:19:29.880042,551,0,27,2.345561981201172,False,0.0,0,1,1774487969880,1774487969880,0
2026-03-25T20:19:36.536810,551,100,427,2.8111934661865234,False,0.0,0,1,1774487976536,1774487976536,0
2026-03-25T20:19:38.102080,552,0,27,4.522085189819336,False,0.0,0,1,1774487978102,1774487978102,0
2026-03-25T20:19:43.706399,553,0,28,2.342700958251953,False,0.0,0,1,1774487983706,1774487983706,0
2026-03-25T20:19:50.378734,553,100,428,2.3267269134521484,False,0.0,0,1,1774487990378,1774487990378,0
2026-03-25T20:19:57.101011,554,0,27,1.7712116241455078,False,0.0,0,1,1774487997101,1774487997101,0
2026-03-25T20:20:03.774135,554,100,427,2.1696090698242188,False,0.0,0,1,1774488003774,1774488003774,0
2026-03-25T20:20:10.446340,554,200,827,3.0934810638427734,False,0.0,0,1,1774488010446,1774488010446,0
2026-03-25T20:20:15.702758,555,0,27,1.2938976287841797,False,0.0,0,1,1774488015702,1774488015702,0
2026-03-25T20:20:22.359319,555,100,427,2.1233558654785156,False,0.0,0,1,1774488022359,1774488022359,0
2026-03-25T20:20:29.033685,555,200,827,3.4515857696533203,False,0.0,0,1,1774488029033,1774488029033,0
2026-03-25T20:20:35.686574,555,300,1227,2.1381378173828125,False,0.0,0,1,1774488035686,1774488035686,0
2026-03-25T20:20:42.342529,555,400,1627,2.335786819458008,False,0.0,0,1,1774488042342,1774488042342,0
2026-03-25T20:20:48.998082,555,500,2027,2.161741256713867,False,0.0,0,1,1774488048998,1774488048998,0
2026-03-25T20:20:55.654747,555,600,2427,2.8655529022216797,False,0.0,0,1,1774488055654,1774488055654,0
2026-03-25T20:21:01.927347,556,0,27,0.9756088256835938,False,0.0,0,1,1774488061927,1774488061927,0
2026-03-25T20:21:08.582707,556,100,427,2.145528793334961,False,0.0,0,1,1774488068582,1774488068582,0
2026-03-25T20:21:15.237658,556,200,827,1.8858909606933594,False,0.0,0,1,1774488075237,1774488075237,0
2026-03-25T20:21:21.893812,556,300,1227,2.2399425506591797,False,0.0,0,1,1774488081893,1774488081893,0
2026-03-25T20:21:28.548808,556,400,1627,1.7437934875488281,False,0.0,0,1,1774488088548,1774488088548,0
2026-03-25T20:21:35.205836,556,500,2027,3.331899642944336,False,0.0,0,1,1774488095205,1774488095205,0
2026-03-25T20:21:41.863428,556,600,2427,3.5979747772216797,False,0.0,0,1,1774488101863,1774488101863,0
2026-03-25T20:21:48.632423,557,0,26,0.9775161743164062,False,0.0,0,1,1774488108632,1774488108632,0
2026-03-25T20:21:55.290812,557,100,426,2.798795700073242,False,0.0,0,1,1774488115290,1774488115290,0
2026-03-25T20:21:59.195196,558,0,28,11.440753936767578,False,0.0,0,1,1774488119195,1774488119195,0
2026-03-25T20:22:05.852163,558,100,428,13.374805450439453,False,0.0,0,1,1774488125852,1774488125852,0
2026-03-25T20:22:08.749121,559,0,27,2.110004425048828,False,0.0,0,1,1774488128749,1774488128749,0
2026-03-25T20:22:15.430087,560,0,27,2.3980140686035156,False,0.0,0,1,1774488135430,1774488135430,0
2026-03-25T20:22:22.077718,560,100,427,2.1054744720458984,False,0.0,0,1,1774488142077,1774488142077,0
2026-03-25T20:22:28.752558,560,200,827,2.220630645751953,False,0.0,0,1,1774488148752,1774488148752,0
2026-03-25T20:22:32.359260,561,0,27,0.9205341339111328,False,0.0,0,1,1774488152359,1774488152359,0
2026-03-25T20:22:39.016864,561,100,427,2.116680145263672,False,0.0,0,1,1774488159016,1774488159016,0
2026-03-25T20:22:43.442156,562,0,27,2.514362335205078,False,0.0,0,1,1774488163442,1774488163442,0
2026-03-25T20:22:50.098970,562,100,427,1.825094223022461,False,0.0,0,1,1774488170098,1774488170098,0
2026-03-25T20:22:56.753544,562,200,827,1.760721206665039,False,0.0,0,1,1774488176753,1774488176753,0
2026-03-25T20:23:03.825321,563,0,27,2.4318695068359375,False,0.0,0,1,1774488183825,1774488183825,0
2026-03-25T20:23:10.898852,564,0,28,1.9834041595458984,False,0.0,0,1,1774488190898,1774488190898,0
2026-03-25T20:23:17.553605,564,100,428,2.123117446899414,False,0.0,0,1,1774488197553,1774488197553,0
2026-03-25T20:23:24.213752,564,200,828,8.097648620605469,False,0.0,0,1,1774488204213,1774488204213,0
2026-03-25T20:23:30.875023,564,300,1228,13.438940048217773,False,0.0,0,1,1774488210875,1774488210875,0
2026-03-25T20:23:36.585488,565,0,28,0.9415149688720703,False,0.0,0,1,1774488216585,1774488216585,0
2026-03-25T20:23:43.242737,565,100,428,2.292633056640625,False,0.0,0,1,1774488223242,1774488223242,0
2026-03-25T20:23:44.290893,566,0,27,2.0437240600585938,False,0.0,0,1,1774488224290,1774488224290,0
2026-03-25T20:23:50.947446,566,100,427,2.722024917602539,False,0.0,0,1,1774488230947,1774488230947,0
2026-03-25T20:23:56.012218,567,0,27,0.8389949798583984,False,0.0,0,1,1774488236012,1774488236012,0
2026-03-25T20:24:02.661922,567,100,427,3.2625198364257812,False,0.0,0,1,1774488242661,1774488242661,0
2026-03-25T20:24:09.118535,568,0,27,3.6115646362304688,False,0.0,0,1,1774488249118,1774488249118,0
2026-03-25T20:24:15.789499,568,100,427,2.4607181549072266,False,0.0,0,1,1774488255789,1774488255789,0
2026-03-25T20:24:22.445606,568,200,827,2.5925636291503906,False,0.0,0,1,1774488262445,1774488262445,0
2026-03-25T20:24:24.057871,569,0,27,2.02178955078125,False,0.0,0,1,1774488264057,1774488264057,0
2026-03-25T20:24:30.714235,569,100,427,2.7937889099121094,False,0.0,0,1,1774488270714,1774488270714,0
2026-03-25T20:24:32.764479,570,0,27,2.1626949310302734,False,0.0,0,1,1774488272764,1774488272764,0
2026-03-25T20:24:39.434975,570,100,427,3.132343292236328,False,0.0,0,1,1774488279434,1774488279434,0
2026-03-25T20:24:43.011502,571,0,28,2.7005672454833984,False,0.0,0,1,1774488283011,1774488283011,0
2026-03-25T20:24:49.681428,571,100,428,1.397848129272461,False,0.0,0,1,1774488289681,1774488289681,0
2026-03-25T20:24:56.337955,571,200,828,1.8689632415771484,False,0.0,0,1,1774488296337,1774488296337,0
2026-03-25T20:25:04.899120,572,0,27,1.0082721710205078,False,0.0,0,1,1774488304899,1774488304899,0
2026-03-25T20:25:11.546253,572,100,427,0.8928775787353516,False,0.0,0,1,1774488311546,1774488311546,0
2026-03-25T20:25:18.202853,572,200,827,2.884387969970703,False,0.0,0,1,1774488318202,1774488318202,0
2026-03-25T20:25:24.857783,572,300,1227,1.7247200012207031,False,0.0,0,1,1774488324857,1774488324857,0
2026-03-25T20:25:28.122246,573,0,26,0.8490085601806641,False,0.0,0,1,1774488328122,1774488328122,0
2026-03-25T20:25:34.775056,573,100,426,2.465963363647461,False,0.0,0,1,1774488334775,1774488334775,0
2026-03-25T20:25:39.217784,574,0,27,2.708911895751953,False,0.0,0,1,1774488339217,1774488339217,0
2026-03-25T20:25:45.874329,574,100,427,2.838134765625,False,0.0,0,1,1774488345874,1774488345874,0
2026-03-25T20:25:52.528590,574,200,827,2.0139217376708984,False,0.0,0,1,1774488352528,1774488352528,0
2026-03-25T20:25:59.193924,574,300,1227,11.212825775146484,False,0.0,0,1,1774488359193,1774488359193,0
2026-03-25T20:26:05.840541,574,400,1627,2.6857852935791016,False,0.0,0,1,1774488365840,1774488365840,0
2026-03-25T20:26:12.512081,574,500,2027,2.754688262939453,False,0.0,0,1,1774488372512,1774488372512,0
2026-03-25T20:26:19.169835,574,600,2427,3.881216049194336,False,0.0,0,1,1774488379169,1774488379169,0
2026-03-25T20:26:25.823872,574,700,2827,2.3131370544433594,False,0.0,0,1,1774488385823,1774488385823,0
2026-03-25T20:26:32.530521,575,0,27,3.271818161010742,False,0.0,0,1,1774488392530,1774488392530,0
2026-03-25T20:26:37.673782,576,0,27,2.150297164916992,False,0.0,0,1,1774488397673,1774488397673,0
2026-03-25T20:26:44.343195,576,100,427,1.8854141235351562,False,0.0,0,1,1774488404343,1774488404343,0
2026-03-25T20:26:48.253391,577,0,28,2.3245811462402344,False,0.0,0,1,1774488408253,1774488408253,0
2026-03-25T20:26:54.202815,578,0,27,11.66844367980957,False,0.0,0,1,1774488414202,1774488414202,0
2026-03-25T20:27:00.848073,578,100,427,1.9350051879882812,False,0.0,0,1,1774488420848,1774488420848,0
2026-03-25T20:27:04.177096,579,0,27,2.8047561645507812,False,0.0,0,1,1774488424177,1774488424177,0
2026-03-25T20:27:10.831580,579,100,427,2.2933483123779297,False,0.0,0,1,1774488430831,1774488430831,0
2026-03-25T20:27:17.487267,579,200,827,2.179861068725586,False,0.0,0,1,1774488437487,1774488437487,0
2026-03-25T20:27:24.142352,579,300,1227,1.481771469116211,False,0.0,0,1,1774488444142,1774488444142,0
2026-03-25T20:27:27.989098,580,0,27,0.75531005859375,False,0.0,0,1,1774488447989,1774488447989,0
2026-03-25T20:27:34.642147,580,100,427,1.3933181762695312,False,0.0,0,1,1774488454642,1774488454642,0
2026-03-25T20:27:41.315411,580,200,827,1.9683837890625,False,0.0,0,1,1774488461315,1774488461315,0
2026-03-25T20:27:47.971277,580,300,1227,2.554655075073242,False,0.0,0,1,1774488467971,1774488467971,0
2026-03-25T20:27:53.563823,581,0,27,1.4514923095703125,False,0.0,0,1,1774488473563,1774488473563,0
2026-03-25T20:28:00.217057,581,100,427,2.9261112213134766,False,0.0,0,1,1774488480217,1774488480217,0
2026-03-25T20:28:08.104937,582,0,27,1.4581680297851562,False,0.0,0,1,1774488488104,1774488488104,0
2026-03-25T20:28:14.759562,582,100,427,1.6770362854003906,False,0.0,0,1,1774488494759,1774488494759,0
2026-03-25T20:28:21.415266,582,200,827,1.7514228820800781,False,0.0,0,1,1774488501415,1774488501415,0
2026-03-25T20:28:29.183862,583,0,26,0.705718994140625,False,0.0,0,1,1774488509183,1774488509183,0
2026-03-25T20:28:35.849377,583,100,426,10.940074920654297,False,0.0,0,1,1774488515849,1774488515849,0
2026-03-25T20:28:42.509343,583,200,826,14.889001846313477,False,0.0,0,1,1774488522509,1774488522509,0
2026-03-25T20:28:43.847265,584,0,27,1.283884048461914,False,0.0,0,1,1774488523847,1774488523847,0
2026-03-25T20:28:50.500097,584,100,427,1.6460418701171875,False,0.0,0,1,1774488530500,1774488530500,0
2026-03-25T20:28:57.155914,584,200,827,2.175569534301758,False,0.0,0,1,1774488537155,1774488537155,0
2026-03-25T20:29:03.812695,584,300,1227,3.164529800415039,False,0.0,0,1,1774488543812,1774488543812,0
2026-03-25T20:29:07.803283,585,0,27,0.751495361328125,False,0.0,0,1,1774488547803,1774488547803,0
2026-03-25T20:29:14.461013,585,100,427,2.589702606201172,False,0.0,0,1,1774488554461,1774488554461,0
2026-03-25T20:29:15.410963,586,0,28,3.5097599029541016,False,0.0,0,1,1774488555410,1774488555410,0
2026-03-25T20:29:20.999957,587,0,27,2.4116039276123047,False,0.0,0,1,1774488560999,1774488560999,0
2026-03-25T20:29:27.655090,587,100,427,2.0220279693603516,False,0.0,0,1,1774488567655,1774488567655,0
2026-03-25T20:29:34.334976,587,200,827,9.401321411132812,False,0.0,0,1,1774488574334,1774488574334,0
2026-03-25T20:29:40.982641,587,300,1227,1.9075870513916016,False,0.0,0,1,1774488580982,1774488580982,0
2026-03-25T20:29:46.356477,588,0,26,0.8835792541503906,False,0.0,0,1,1774488586356,1774488586356,0
2026-03-25T20:29:52.646853,589,0,27,1.9948482513427734,False,0.0,0,1,1774488592646,1774488592646,0
2026-03-25T20:29:59.302841,589,100,427,2.8793811798095703,False,0.0,0,1,1774488599302,1774488599302,0
2026-03-25T20:30:02.430701,590,0,27,2.4900436401367188,False,0.0,0,1,1774488602430,1774488602430,0
2026-03-25T20:30:09.093150,590,100,427,8.614778518676758,False,0.0,0,1,1774488609093,1774488609093,0
2026-03-25T20:30:13.862547,591,0,27,1.9915103912353516,False,0.0,0,1,1774488613862,1774488613862,0
2026-03-25T20:30:20.521291,591,100,427,2.784252166748047,False,0.0,0,1,1774488620521,1774488620521,0
2026-03-25T20:30:27.174795,591,200,827,2.4919509887695312,False,0.0,0,1,1774488627174,1774488627174,0
2026-03-25T20:30:33.833842,591,300,1227,7.490634918212891,False,0.0,0,1,1774488633833,1774488633833,0
2026-03-25T20:30:40.501213,591,400,1627,1.9693374633789062,False,0.0,0,1,1774488640501,1774488640501,0
2026-03-25T20:30:51.049513,592,0,26,0.90789794921875,False,0.0,0,1,1774488651049,1774488651049,0
2026-03-25T20:30:57.705961,592,100,426,1.74713134765625,False,0.0,0,1,1774488657705,1774488657705,0
2026-03-25T20:31:04.385204,592,200,826,9.534835815429688,False,0.0,0,1,1774488664385,1774488664385,0
2026-03-25T20:31:12.596061,593,0,27,0.7596015930175781,False,0.0,0,1,1774488672596,1774488672596,0
2026-03-25T20:31:19.269845,593,100,427,1.21307373046875,False,0.0,0,1,1774488679269,1774488679269,0
2026-03-25T20:31:24.512027,594,0,27,2.032041549682617,False,0.0,0,1,1774488684512,1774488684512,0
2026-03-25T20:31:31.169191,594,100,427,3.2236576080322266,False,0.0,0,1,1774488691169,1774488691169,0
2026-03-25T20:31:37.838614,594,200,827,1.720428466796875,False,0.0,0,1,1774488697838,1774488697838,0
2026-03-25T20:31:44.493990,594,300,1227,1.699686050415039,False,0.0,0,1,1774488704493,1774488704493,0
2026-03-25T20:31:47.455078,595,0,27,0.8234977722167969,False,0.0,0,1,1774488707455,1774488707455,0
2026-03-25T20:31:54.113564,595,100,427,2.209186553955078,False,0.0,0,1,1774488714113,1774488714113,0
2026-03-25T20:32:00.772021,595,200,827,3.808736801147461,False,0.0,0,1,1774488720772,1774488720772,0
2026-03-25T20:32:05.593136,596,0,28,2.2840499877929688,False,0.0,0,1,1774488725593,1774488725593,0
2026-03-25T20:32:11.617153,597,0,27,2.7670860290527344,False,0.0,0,1,1774488731617,1774488731617,0
2026-03-25T20:32:18.271631,597,100,427,1.8396377563476562,False,0.0,0,1,1774488738271,1774488738271,0
2026-03-25T20:32:21.168143,598,0,27,2.1734237670898438,False,0.0,0,1,1774488741168,1774488741168,0
2026-03-25T20:32:27.825063,598,100,427,3.4027099609375,False,0.0,0,1,1774488747825,1774488747825,0
2026-03-25T20:32:34.486328,598,200,827,8.986234664916992,False,0.0,0,1,1774488754486,1774488754486,0
2026-03-25T20:32:41.140863,598,300,1227,8.03828239440918,False,0.0,0,1,1774488761140,1774488761140,0
2026-03-25T20:32:47.461977,599,0,27,0.9002685546875,False,0.0,0,1,1774488767461,1774488767461,0
2026-03-25T20:32:54.111823,599,100,427,1.5904903411865234,False,0.0,0,1,1774488774111,1774488774111,0
2026-03-25T20:32:57.672996,600,0,27,0.8902549743652344,False,0.0,0,1,1774488777672,1774488777672,0
2026-03-25T20:33:04.345476,600,100,427,2.0499229431152344,False,0.0,0,1,1774488784345,1774488784345,0
2026-03-25T20:33:06.791915,601,0,27,0.9622573852539062,False,0.0,0,1,1774488786791,1774488786791,0
2026-03-25T20:33:13.460846,601,100,427,13.78941535949707,False,0.0,0,1,1774488793460,1774488793460,0
2026-03-25T20:33:19.519232,602,0,26,1.0471343994140625,False,0.0,0,1,1774488799519,1774488799519,0
2026-03-25T20:33:25.444898,603,0,27,2.5930404663085938,False,0.0,0,1,1774488805444,1774488805444,0
2026-03-25T20:33:31.054100,604,0,27,1.760721206665039,False,0.0,0,1,1774488811054,1774488811054,0
2026-03-25T20:33:37.724091,604,100,427,2.746105194091797,False,0.0,0,1,1774488817724,1774488817724,0
2026-03-25T20:33:38.773030,605,0,27,2.515554428100586,False,0.0,0,1,1774488818773,1774488818773,0
2026-03-25T20:33:45.428124,605,100,427,2.2153854370117188,False,0.0,0,1,1774488825428,1774488825428,0
2026-03-25T20:33:52.083714,605,200,827,2.8619766235351562,False,0.0,0,1,1774488832083,1774488832083,0
2026-03-25T20:33:53.447032,606,0,26,1.7325878143310547,False,0.0,0,1,1774488833447,1774488833447,0
2026-03-25T20:34:00.122328,606,100,426,2.64739990234375,False,0.0,0,1,1774488840122,1774488840122,0
2026-03-25T20:34:03.101087,607,0,27,2.2051334381103516,False,0.0,0,1,1774488843101,1774488843101,0
2026-03-25T20:34:09.755878,607,100,427,4.0035247802734375,False,0.0,0,1,1774488849755,1774488849755,0
2026-03-25T20:34:13.523828,608,0,27,10.092735290527344,False,0.0,0,1,1774488853523,1774488853523,0
2026-03-25T20:34:20.188049,608,100,427,2.626180648803711,False,0.0,0,1,1774488860188,1774488860188,0
2026-03-25T20:34:23.638975,609,0,28,2.2416114807128906,False,0.0,0,1,1774488863638,1774488863638,0
2026-03-25T20:34:29.174750,610,0,27,2.5115013122558594,False,0.0,0,1,1774488869174,1774488869174,0
2026-03-25T20:34:35.827801,610,100,427,2.0749568939208984,False,0.0,0,1,1774488875827,1774488875827,0
2026-03-25T20:34:41.672717,611,0,27,1.8563270568847656,False,0.0,0,1,1774488881672,1774488881672,0
2026-03-25T20:34:48.341849,611,100,427,1.771688461303711,False,0.0,0,1,1774488888341,1774488888341,0
2026-03-25T20:34:51.143781,612,0,28,1.8620491027832031,False,0.0,0,1,1774488891143,1774488891143,0
2026-03-25T20:34:57.808035,612,100,428,2.0029544830322266,False,0.0,0,1,1774488897808,1774488897808,0
2026-03-25T20:34:58.605563,613,0,27,1.7883777618408203,False,0.0,0,1,1774488898605,1774488898605,0
2026-03-25T20:35:04.430506,614,0,27,1.6262531280517578,False,0.0,0,1,1774488904430,1774488904430,0
2026-03-25T20:35:11.102565,614,100,427,1.0423660278320312,False,0.0,0,1,1774488911102,1774488911102,0
2026-03-25T20:35:17.758833,614,200,827,1.997232437133789,False,0.0,0,1,1774488917758,1774488917758,0
2026-03-25T20:35:20.237785,615,0,27,1.2662410736083984,False,0.0,0,1,1774488920237,1774488920237,0
2026-03-25T20:35:26.893762,615,100,427,2.595663070678711,False,0.0,0,1,1774488926893,1774488926893,0
2026-03-25T20:35:30.803186,616,0,27,2.237558364868164,False,0.0,0,1,1774488930803,1774488930803,0
2026-03-25T20:35:35.547770,617,0,27,3.4134387969970703,False,0.0,0,1,1774488935547,1774488935547,0
2026-03-25T20:35:42.200709,617,100,427,1.9490718841552734,False,0.0,0,1,1774488942200,1774488942200,0
2026-03-25T20:35:48.873508,617,200,827,2.5365352630615234,False,0.0,0,1,1774488948873,1774488948873,0
2026-03-25T20:35:54.500882,618,0,27,0.8656978607177734,False,0.0,0,1,1774488954500,1774488954500,0
2026-03-25T20:36:01.152808,618,100,427,1.985311508178711,False,0.0,0,1,1774488961152,1774488961152,0
2026-03-25T20:36:03.193677,619,0,27,13.48876953125,False,0.0,0,1,1774488963193,1774488963193,0
2026-03-25T20:36:09.840182,619,100,427,2.2630691528320312,False,0.0,0,1,1774488969840,1774488969840,0
2026-03-25T20:36:16.496720,619,200,827,2.747058868408203,False,0.0,0,1,1774488976496,1774488976496,0
2026-03-25T20:36:23.367285,620,0,27,1.4452934265136719,False,0.0,0,1,1774488983367,1774488983367,0
2026-03-25T20:36:30.029113,620,100,427,9.618520736694336,False,0.0,0,1,1774488990029,1774488990029,0
2026-03-25T20:36:36.678092,620,200,827,2.714395523071289,False,0.0,0,1,1774488996678,1774488996678,0
2026-03-25T20:36:43.332894,620,300,1227,1.836538314819336,False,0.0,0,1,1774489003332,1774489003332,0
2026-03-25T20:36:50.227155,621,0,27,0.8616447448730469,False,0.0,0,1,1774489010227,1774489010227,0
2026-03-25T20:36:56.876494,621,100,427,1.5773773193359375,False,0.0,0,1,1774489016876,1774489016876,0
2026-03-25T20:36:59.223168,622,0,27,2.2764205932617188,False,0.0,0,1,1774489019223,1774489019223,0
2026-03-25T20:37:05.895219,622,100,427,1.4467239379882812,False,0.0,0,1,1774489025895,1774489025895,0
2026-03-25T20:37:12.566945,622,200,827,1.8780231475830078,False,0.0,0,1,1774489032566,1774489032566,0
2026-03-25T20:37:19.223026,622,300,1227,2.2430419921875,False,0.0,0,1,1774489039223,1774489039223,0
2026-03-25T20:37:19.842606,623,0,28,2.5298595428466797,False,0.0,0,1,1774489039842,1774489039842,0
2026-03-25T20:37:26.506905,623,100,428,14.813899993896484,False,0.0,0,1,1774489046506,1774489046506,0
2026-03-25T20:37:33.151452,623,200,828,2.2459030151367188,False,0.0,0,1,1774489053151,1774489053151,0
2026-03-25T20:37:38.646400,624,0,27,5.075216293334961,False,0.0,0,1,1774489058646,1774489058646,0
2026-03-25T20:37:45.296175,624,100,427,1.6140937805175781,False,0.0,0,1,1774489065296,1774489065296,0
2026-03-25T20:37:47.477881,625,0,27,2.864360809326172,False,0.0,0,1,1774489067477,1774489067477,0
2026-03-25T20:37:53.101996,626,0,27,2.072572708129883,False,0.0,0,1,1774489073101,1774489073101,0
2026-03-25T20:37:59.756315,626,100,427,2.017974853515625,False,0.0,0,1,1774489079756,1774489079756,0
2026-03-25T20:38:00.889447,627,0,26,1.7762184143066406,False,0.0,0,1,1774489080889,1774489080889,0
2026-03-25T20:38:07.543960,627,100,426,2.012491226196289,False,0.0,0,1,1774489087543,1774489087543,0
2026-03-25T20:38:12.601178,628,0,27,1.9977092742919922,False,0.0,0,1,1774489092601,1774489092601,0
2026-03-25T20:38:18.185668,629,0,27,12.749433517456055,False,0.0,0,1,1774489098185,1774489098185,0
2026-03-25T20:38:24.830892,629,100,427,1.649618148803711,False,0.0,0,1,1774489104830,1774489104830,0
2026-03-25T20:38:25.766027,630,0,28,1.451730728149414,False,0.0,0,1,1774489105766,1774489105766,0
2026-03-25T20:38:31.481620,631,0,27,13.170242309570312,False,0.0,0,1,1774489111481,1774489111481,0
2026-03-25T20:38:38.142493,631,100,427,1.863718032836914,False,0.0,0,1,1774489118142,1774489118142,0
2026-03-25T20:38:44.814431,631,200,827,1.9991397857666016,False,0.0,0,1,1774489124814,1774489124814,0
2026-03-25T20:38:51.502446,632,0,27,0.6804466247558594,False,0.0,0,1,1774489131502,1774489131502,0
2026-03-25T20:38:58.160040,632,100,427,2.8662681579589844,False,0.0,0,1,1774489138160,1774489138160,0
2026-03-25T20:39:04.814907,632,200,827,2.0847320556640625,False,0.0,0,1,1774489144814,1774489144814,0
2026-03-25T20:39:11.486661,632,300,1227,2.096891403198242,False,0.0,0,1,1774489151486,1774489151486,0
2026-03-25T20:39:19.042225,633,0,26,1.0895729064941406,False,0.0,0,1,1774489159042,1774489159042,0
2026-03-25T20:39:25.697775,633,100,426,2.323150634765625,False,0.0,0,1,1774489165697,1774489165697,0
2026-03-25T20:39:32.353281,633,200,826,3.029346466064453,False,0.0,0,1,1774489172353,1774489172353,0
2026-03-25T20:39:35.247936,634,0,27,2.0203590393066406,False,0.0,0,1,1774489175247,1774489175247,0
2026-03-25T20:39:41.922702,634,100,427,3.1180381774902344,False,0.0,0,1,1774489181922,1774489181922,0
2026-03-25T20:39:46.977955,635,0,27,1.6944408416748047,False,0.0,0,1,1774489186977,1774489186977,0
2026-03-25T20:39:53.633219,635,100,427,1.2061595916748047,False,0.0,0,1,1774489193633,1774489193633,0
2026-03-25T20:40:00.305565,635,200,827,1.5802383422851562,False,0.0,0,1,1774489200305,1774489200305,0
2026-03-25T20:40:06.961759,635,300,1227,2.1202564239501953,False,0.0,0,1,1774489206961,1774489206961,0
2026-03-25T20:40:13.640123,635,400,1627,8.59522819519043,False,0.0,0,1,1774489213640,1774489213640,0
2026-03-25T20:40:22.423821,636,0,26,1.1234283447265625,False,0.0,0,1,1774489222423,1774489222423,0
2026-03-25T20:40:29.111345,637,0,27,1.9752979278564453,False,0.0,0,1,1774489229111,1774489229111,0
2026-03-25T20:40:35.779674,637,100,427,1.5494823455810547,False,0.0,0,1,1774489235779,1774489235779,0
2026-03-25T20:40:42.436298,637,200,827,1.9354820251464844,False,0.0,0,1,1774489242436,1774489242436,0
2026-03-25T20:40:51.653868,638,0,27,0.7882118225097656,False,0.0,0,1,1774489251653,1774489251653,0
2026-03-25T20:40:58.312107,638,100,427,1.88446044921875,False,0.0,0,1,1774489258312,1774489258312,0
2026-03-25T20:41:05.082513,639,0,28,1.7673969268798828,False,0.0,0,1,1774489265082,1774489265082,0
2026-03-25T20:41:11.737573,639,100,428,1.5418529510498047,False,0.0,0,1,1774489271737,1774489271737,0
2026-03-25T20:41:12.668563,640,0,27,1.6155242919921875,False,0.0,0,1,1774489272668,1774489272668,0
2026-03-25T20:41:19.342484,640,100,427,2.4442672729492188,False,0.0,0,1,1774489279342,1774489279342,0
2026-03-25T20:41:25.996918,640,200,827,1.8382072448730469,False,0.0,0,1,1774489285996,1774489285996,0
2026-03-25T20:41:32.654123,640,300,1227,2.6068687438964844,False,0.0,0,1,1774489292654,1774489292654,0
2026-03-25T20:41:39.325387,640,400,1627,2.096891403198242,False,0.0,0,1,1774489299325,1774489299325,0
2026-03-25T20:41:49.909610,641,0,26,1.13677978515625,False,0.0,0,1,1774489309909,1774489309909,0
2026-03-25T20:41:56.413616,642,0,27,2.302408218383789,False,0.0,0,1,1774489316413,1774489316413,0
2026-03-25T20:42:03.085732,642,100,427,2.177715301513672,False,0.0,0,1,1774489323085,1774489323085,0
2026-03-25T20:42:03.800950,643,0,27,2.162933349609375,False,0.0,0,1,1774489323800,1774489323800,0
2026-03-25T20:42:10.457827,643,100,427,2.7723312377929688,False,0.0,0,1,1774489330457,1774489330457,0
2026-03-25T20:42:11.290475,644,0,27,3.6211013793945312,False,0.0,0,1,1774489331290,1774489331290,0
2026-03-25T20:42:16.914313,645,0,27,2.0902156829833984,False,0.0,0,1,1774489336914,1774489336914,0
2026-03-25T20:42:23.569969,645,100,427,2.681255340576172,False,0.0,0,1,1774489343569,1774489343569,0
2026-03-25T20:42:30.240815,645,200,827,2.234935760498047,False,0.0,0,1,1774489350240,1774489350240,0
2026-03-25T20:42:32.160991,646,0,27,8.503437042236328,False,0.0,0,1,1774489352160,1774489352160,0
2026-03-25T20:42:38.818227,646,100,427,10.036468505859375,False,0.0,0,1,1774489358818,1774489358818,0
2026-03-25T20:42:39.693976,647,0,27,4.0607452392578125,False,0.0,0,1,1774489359693,1774489359693,0
2026-03-25T20:42:45.266778,648,0,28,1.947641372680664,False,0.0,0,1,1774489365266,1774489365266,0
2026-03-25T20:42:50.799622,649,0,27,1.7445087432861328,False,0.0,0,1,1774489370799,1774489370799,0
2026-03-25T20:42:57.455664,649,100,427,11.07645034790039,False,0.0,0,1,1774489377455,1774489377455,0
2026-03-25T20:43:04.101416,649,200,827,1.749277114868164,False,0.0,0,1,1774489384101,1774489384101,0
2026-03-25T20:43:06.100945,650,0,27,1.641988754272461,False,0.0,0,1,1774489386100,1774489386100,0
2026-03-25T20:43:12.754871,650,100,427,2.568960189819336,False,0.0,0,1,1774489392754,1774489392754,0
2026-03-25T20:43:16.052241,651,0,28,1.851797103881836,False,0.0,0,1,1774489396052,1774489396052,0
2026-03-25T20:43:22.709307,651,100,428,7.313966751098633,False,0.0,0,1,1774489402709,1774489402709,0
2026-03-25T20:43:26.650236,652,0,27,3.154754638671875,False,0.0,0,1,1774489406650,1774489406650,0
2026-03-25T20:43:33.302848,652,100,427,1.8434524536132812,False,0.0,0,1,1774489413302,1774489413302,0
2026-03-25T20:43:36.906640,653,0,28,10.483264923095703,False,0.0,0,1,1774489416906,1774489416906,0
2026-03-25T20:43:43.569938,653,100,428,1.9862651824951172,False,0.0,0,1,1774489423569,1774489423569,0
2026-03-25T20:43:50.224700,653,200,828,1.9793510437011719,False,0.0,0,1,1774489430224,1774489430224,0
2026-03-25T20:43:56.880957,653,300,1228,1.9266605377197266,False,0.0,0,1,1774489436880,1774489436880,0
2026-03-25T20:44:00.642180,654,0,27,1.325368881225586,False,0.0,0,1,1774489440642,1774489440642,0
2026-03-25T20:44:07.296098,654,100,427,1.8544197082519531,False,0.0,0,1,1774489447296,1774489447296,0
2026-03-25T20:44:13.952740,654,200,827,2.0062923431396484,False,0.0,0,1,1774489453952,1774489453952,0
2026-03-25T20:44:20.609222,654,300,1227,1.802206039428711,False,0.0,0,1,1774489460609,1774489460609,0
2026-03-25T20:44:27.270294,654,400,1627,8.373498916625977,False,0.0,0,1,1774489467270,1774489467270,0
2026-03-25T20:44:33.919637,654,500,2027,2.7801990509033203,False,0.0,0,1,1774489473919,1774489473919,0
2026-03-25T20:44:40.575853,654,600,2427,2.2766590118408203,False,0.0,0,1,1774489480575,1774489480575,0
2026-03-25T20:44:46.630210,655,0,27,1.1088848114013672,False,0.0,0,1,1774489486630,1774489486630,0
2026-03-25T20:44:53.203774,656,0,27,2.329111099243164,False,0.0,0,1,1774489493203,1774489493203,0
2026-03-25T20:44:59.863801,656,100,427,6.415605545043945,False,0.0,0,1,1774489499863,1774489499863,0
2026-03-25T20:45:06.533005,656,200,827,3.2320022583007812,False,0.0,0,1,1774489506533,1774489506533,0
2026-03-25T20:45:13.201012,656,300,1227,13.789176940917969,False,0.0,0,1,1774489513201,1774489513201,0
2026-03-25T20:45:19.859627,656,400,1627,1.8143653869628906,False,0.0,0,1,1774489519859,1774489519859,0
2026-03-25T20:45:26.521616,656,500,2027,8.734941482543945,False,0.0,0,1,1774489526521,1774489526521,0
2026-03-25T20:45:33.172430,656,600,2427,2.8426647186279297,False,0.0,0,1,1774489533172,1774489533172,0
2026-03-25T20:45:43.070441,657,0,26,0.9682178497314453,False,0.0,0,1,1774489543070,1774489543070,0
2026-03-25T20:45:49.727058,657,100,426,1.9173622131347656,False,0.0,0,1,1774489549727,1774489549727,0
2026-03-25T20:45:54.554693,658,0,27,2.6869773864746094,False,0.0,0,1,1774489554554,1774489554554,0
2026-03-25T20:46:01.207461,658,100,427,1.8029212951660156,False,0.0,0,1,1774489561207,1774489561207,0
2026-03-25T20:46:04.486695,659,0,27,2.974987030029297,False,0.0,0,1,1774489564486,1774489564486,0
2026-03-25T20:46:11.158578,659,100,427,2.7282238006591797,False,0.0,0,1,1774489571158,1774489571158,0
2026-03-25T20:46:18.241255,660,0,27,13.226747512817383,False,0.0,0,1,1774489578241,1774489578241,0
2026-03-25T20:46:24.554162,661,0,26,1.0707378387451172,False,0.0,0,1,1774489584554,1774489584554,0
2026-03-25T20:46:31.208115,661,100,426,2.5436878204345703,False,0.0,0,1,1774489591208,1774489591208,0
2026-03-25T20:46:35.359831,662,0,27,1.8153190612792969,False,0.0,0,1,1774489595359,1774489595359,0
2026-03-25T20:46:39.695130,663,0,26,19.380569458007812,False,0.0,0,1,1774489599695,1774489599695,0
2026-03-25T20:46:46.336639,663,100,426,2.6857852935791016,False,0.0,0,1,1774489606336,1774489606336,0
2026-03-25T20:46:49.484236,664,0,27,2.4747848510742188,False,0.0,0,1,1774489609484,1774489609484,0
2026-03-25T20:46:56.133433,664,100,427,2.268075942993164,False,0.0,0,1,1774489616133,1774489616133,0
2026-03-25T20:47:02.805799,664,200,827,1.8851757049560547,False,0.0,0,1,1774489622805,1774489622805,0
2026-03-25T20:47:09.461491,664,300,1227,1.9617080688476562,False,0.0,0,1,1774489629461,1774489629461,0
2026-03-25T20:47:16.117467,664,400,1627,2.5217533111572266,False,0.0,0,1,1774489636117,1774489636117,0
2026-03-25T20:47:22.796962,664,500,2027,9.525537490844727,False,0.0,0,1,1774489642796,1774489642796,0
2026-03-25T20:47:29.445145,664,600,2427,2.7866363525390625,False,0.0,0,1,1774489649445,1774489649445,0
2026-03-25T20:47:36.100254,664,700,2827,1.9581317901611328,False,0.0,0,1,1774489656100,1774489656100,0
2026-03-25T20:47:41.974895,665,0,27,1.2218952178955078,False,0.0,0,1,1774489661974,1774489661974,0
2026-03-25T20:47:48.629103,665,100,427,1.4045238494873047,False,0.0,0,1,1774489668629,1774489668629,0
2026-03-25T20:47:55.286338,665,200,827,2.6929378509521484,False,0.0,0,1,1774489675286,1774489675286,0
2026-03-25T20:47:56.762030,666,0,26,10.214567184448242,False,0.0,0,1,1774489676762,1774489676762,0
2026-03-25T20:48:03.423695,666,100,426,2.2377967834472656,False,0.0,0,1,1774489683423,1774489683423,0
2026-03-25T20:48:07.682708,667,0,27,1.8579959869384766,False,0.0,0,1,1774489687682,1774489687682,0
2026-03-25T20:48:14.353585,667,100,427,2.3915767669677734,False,0.0,0,1,1774489694353,1774489694353,0
2026-03-25T20:48:21.010539,667,200,827,2.396106719970703,False,0.0,0,1,1774489701010,1774489701010,0
2026-03-25T20:48:21.883659,668,0,27,1.9495487213134766,False,0.0,0,1,1774489701883,1774489701883,0
2026-03-25T20:48:28.553780,668,100,427,8.539915084838867,False,0.0,0,1,1774489708553,1774489708553,0
2026-03-25T20:48:35.335155,669,0,27,1.2974739074707031,False,0.0,0,1,1774489715335,1774489715335,0
2026-03-25T20:48:41.993650,669,100,427,3.039121627807617,False,0.0,0,1,1774489721993,1774489721993,0
2026-03-25T20:48:46.318000,670,0,28,2.0606517791748047,False,0.0,0,1,1774489726317,1774489726317,0
2026-03-25T20:48:52.973035,670,100,428,1.6028881072998047,False,0.0,0,1,1774489732973,1774489732973,0
2026-03-25T20:48:59.630498,670,200,828,3.4246444702148438,False,0.0,0,1,1774489739630,1774489739630,0
2026-03-25T20:49:02.145070,671,0,26,0.9584426879882812,False,0.0,0,1,1774489742145,1774489742145,0
2026-03-25T20:49:08.813397,671,100,426,2.3651123046875,False,0.0,0,1,1774489748813,1774489748813,0
2026-03-25T20:49:12.091667,672,0,28,1.6438961029052734,False,0.0,0,1,1774489752091,1774489752091,0
2026-03-25T20:49:18.747818,672,100,428,2.7627944946289062,False,0.0,0,1,1774489758747,1774489758747,0
2026-03-25T20:49:22.374248,673,0,28,2.2051334381103516,False,0.0,0,1,1774489762374,1774489762374,0
2026-03-25T20:49:29.045792,673,100,428,1.6574859619140625,False,0.0,0,1,1774489769045,1774489769045,0
2026-03-25T20:49:33.924977,674,0,27,3.7882328033447266,False,0.0,0,1,1774489773924,1774489773924,0
2026-03-25T20:49:40.594606,674,100,427,1.8706321716308594,False,0.0,0,1,1774489780594,1774489780594,0
2026-03-25T20:49:41.459514,675,0,28,2.1164417266845703,False,0.0,0,1,1774489781459,1774489781459,0
2026-03-25T20:49:48.132715,675,100,428,2.285003662109375,False,0.0,0,1,1774489788132,1774489788132,0
2026-03-25T20:49:54.813939,675,200,828,10.960578918457031,False,0.0,0,1,1774489794813,1774489794813,0
2026-03-25T20:50:01.460979,675,300,1228,3.3195018768310547,False,0.0,0,1,1774489801460,1774489801460,0
2026-03-25T20:50:08.116813,675,400,1628,2.4623870849609375,False,0.0,0,1,1774489808116,1774489808116,0
2026-03-25T20:50:14.772070,675,500,2028,3.1096935272216797,False,0.0,0,1,1774489814772,1774489814772,0
2026-03-25T20:50:19.063599,676,0,27,1.6417503356933594,False,0.0,0,1,1774489819063,1774489819063,0
2026-03-25T20:50:25.721786,676,100,427,3.386259078979492,False,0.0,0,1,1774489825721,1774489825721,0
2026-03-25T20:50:32.374556,676,200,827,1.8839836120605469,False,0.0,0,1,1774489832374,1774489832374,0
2026-03-25T20:50:39.030505,676,300,1227,1.850128173828125,False,0.0,0,1,1774489839030,1774489839030,0
2026-03-25T20:50:42.491747,677,0,27,2.191305160522461,False,0.0,0,1,1774489842491,1774489842491,0
2026-03-25T20:50:49.146610,677,100,427,1.8570423126220703,False,0.0,0,1,1774489849146,1774489849146,0
2026-03-25T20:50:55.803304,677,200,827,2.384662628173828,False,0.0,0,1,1774489855803,1774489855803,0
2026-03-25T20:51:02.458232,677,300,1227,1.649618148803711,False,0.0,0,1,1774489862458,1774489862458,0
2026-03-25T20:51:09.131046,677,400,1627,2.950429916381836,False,0.0,0,1,1774489869131,1774489869131,0
2026-03-25T20:51:15.786398,677,500,2027,2.726316452026367,False,0.0,0,1,1774489875786,1774489875786,0
2026-03-25T20:51:22.443682,677,600,2427,3.6122798919677734,False,0.0,0,1,1774489882443,1774489882443,0
2026-03-25T20:51:30.577701,678,0,26,0.9009838104248047,False,0.0,0,1,1774489890577,1774489890577,0
2026-03-25T20:51:37.237841,678,100,426,3.770112991333008,False,0.0,0,1,1774489897237,1774489897237,0
2026-03-25T20:51:42.642597,679,0,27,2.4247169494628906,False,0.0,0,1,1774489902642,1774489902642,0
2026-03-25T20:51:49.298851,679,100,427,3.2596588134765625,False,0.0,0,1,1774489909298,1774489909298,0
2026-03-25T20:51:55.952939,679,200,827,1.821756362915039,False,0.0,0,1,1774489915952,1774489915952,0
2026-03-25T20:52:02.608657,679,300,1227,2.103090286254883,False,0.0,0,1,1774489922608,1774489922608,0
2026-03-25T20:52:09.265758,679,400,1627,2.348184585571289,False,0.0,0,1,1774489929265,1774489929265,0
2026-03-25T20:52:15.926534,679,500,2027,9.137153625488281,False,0.0,0,1,1774489935926,1774489935926,0
2026-03-25T20:52:22.576466,679,600,2427,2.6030540466308594,False,0.0,0,1,1774489942576,1774489942576,0
2026-03-25T20:52:33.725708,680,0,27,1.3468265533447266,False,0.0,0,1,1774489953725,1774489953725,0
2026-03-25T20:52:40.250933,681,0,28,1.2426376342773438,False,0.0,0,1,1774489960250,1774489960250,0
2026-03-25T20:52:47.304353,682,0,27,2.8295516967773438,False,0.0,0,1,1774489967304,1774489967304,0
2026-03-25T20:52:53.961232,682,100,427,6.737470626831055,False,0.0,0,1,1774489973961,1774489973961,0
2026-03-25T20:52:54.878364,683,0,27,1.859903335571289,False,0.0,0,1,1774489974878,1774489974878,0
2026-03-25T20:53:01.527062,683,100,427,1.5361309051513672,False,0.0,0,1,1774489981527,1774489981527,0
2026-03-25T20:53:02.642536,684,0,27,1.9855499267578125,False,0.0,0,1,1774489982642,1774489982642,0
2026-03-25T20:53:09.299477,684,100,427,1.7859935760498047,False,0.0,0,1,1774489989299,1774489989299,0
2026-03-25T20:53:10.483354,685,0,27,1.7132759094238281,False,0.0,0,1,1774489990483,1774489990483,0
2026-03-25T20:53:17.136883,685,100,427,2.0036697387695312,False,0.0,0,1,1774489997136,1774489997136,0
2026-03-25T20:53:23.817752,685,200,827,12.538671493530273,False,0.0,0,1,1774490003817,1774490003817,0
2026-03-25T20:53:30.464756,685,300,1227,2.4993419647216797,False,0.0,0,1,1774490010464,1774490010464,0
2026-03-25T20:53:38.149697,686,0,27,1.4276504516601562,False,0.0,0,1,1774490018149,1774490018149,0
2026-03-25T20:53:44.805669,686,100,427,2.3610591888427734,False,0.0,0,1,1774490024805,1774490024805,0
2026-03-25T20:53:47.234506,687,0,27,1.4948844909667969,False,0.0,0,1,1774490027234,1774490027234,0
2026-03-25T20:53:53.890609,687,100,427,2.2678375244140625,False,0.0,0,1,1774490033890,1774490033890,0
2026-03-25T20:54:00.563487,687,200,827,1.8415451049804688,False,0.0,0,1,1774490040563,1774490040563,0
2026-03-25T20:54:07.219092,687,300,1227,2.5959014892578125,False,0.0,0,1,1774490047219,1774490047219,0
2026-03-25T20:54:13.874373,687,400,1627,1.9741058349609375,False,0.0,0,1,1774490053874,1774490053874,0
2026-03-25T20:54:19.962623,688,0,27,0.8504390716552734,False,0.0,0,1,1774490059962,1774490059962,0
2026-03-25T20:54:26.642041,689,0,28,2.210378646850586,False,0.0,0,1,1774490066642,1774490066642,0
2026-03-25T20:54:33.297868,689,100,428,6.848573684692383,False,0.0,0,1,1774490073297,1774490073297,0
2026-03-25T20:54:39.950738,689,200,828,4.188776016235352,False,0.0,0,1,1774490079950,1774490079950,0
2026-03-25T20:54:46.607720,689,300,1228,3.491640090942383,False,0.0,0,1,1774490086607,1774490086607,0
2026-03-25T20:54:49.815731,690,0,27,1.2879371643066406,False,0.0,0,1,1774490089815,1774490089815,0
2026-03-25T20:54:56.494478,690,100,427,8.721113204956055,False,0.0,0,1,1774490096494,1774490096494,0
2026-03-25T20:55:03.142642,690,200,827,1.922607421875,False,0.0,0,1,1774490103142,1774490103142,0
2026-03-25T20:55:06.153584,691,0,27,0.8733272552490234,False,0.0,0,1,1774490106153,1774490106153,0
2026-03-25T20:55:12.810481,691,100,427,1.9960403442382812,False,0.0,0,1,1774490112810,1774490112810,0
2026-03-25T20:55:19.484170,691,200,827,2.203702926635742,False,0.0,0,1,1774490119484,1774490119484,0
2026-03-25T20:55:27.018201,692,0,27,0.8256435394287109,False,0.0,0,1,1774490127018,1774490127018,0
2026-03-25T20:55:33.675073,692,100,427,1.922607421875,False,0.0,0,1,1774490133675,1774490133675,0
2026-03-25T20:55:40.331680,692,200,827,2.600431442260742,False,0.0,0,1,1774490140331,1774490140331,0
2026-03-25T20:55:46.986392,692,300,1227,1.6624927520751953,False,0.0,0,1,1774490146986,1774490146986,0
2026-03-25T20:55:53.643805,692,400,1627,2.953052520751953,False,0.0,0,1,1774490153643,1774490153643,0
2026-03-25T20:56:00.296610,692,500,2027,1.0521411895751953,False,0.0,0,1,1774490160296,1774490160296,0
2026-03-25T20:56:06.954152,692,600,2427,2.532958984375,False,0.0,0,1,1774490166954,1774490166954,0
2026-03-25T20:56:14.074243,693,0,27,1.0020732879638672,False,0.0,0,1,1774490174074,1774490174074,0
2026-03-25T20:56:20.115589,694,0,27,1.7724037170410156,False,0.0,0,1,1774490180115,1774490180115,0
2026-03-25T20:56:25.730818,695,0,27,1.9345283508300781,False,0.0,0,1,1774490185730,1774490185730,0
2026-03-25T20:56:30.713656,696,0,27,1.8765926361083984,False,0.0,0,1,1774490190713,1774490190713,0
2026-03-25T20:56:37.396714,696,100,427,11.739015579223633,False,0.0,0,1,1774490197396,1774490197396,0
2026-03-25T20:56:44.043064,696,200,827,1.9001960754394531,False,0.0,0,1,1774490204043,1774490204043,0
2026-03-25T20:56:50.706867,696,300,1227,2.879619598388672,False,0.0,0,1,1774490210706,1774490210706,0
2026-03-25T20:56:57.356092,696,400,1627,2.028942108154297,False,0.0,0,1,1774490217356,1774490217356,0
2026-03-25T20:57:04.020671,696,500,2027,11.884927749633789,False,0.0,0,1,1774490224020,1774490224020,0
2026-03-25T20:57:13.541396,697,0,27,0.8428096771240234,False,0.0,0,1,1774490233541,1774490233541,0
2026-03-25T20:57:20.202385,697,100,427,4.42814826965332,False,0.0,0,1,1774490240202,1774490240202,0
2026-03-25T20:57:20.889513,698,0,27,9.944438934326172,False,0.0,0,1,1774490240889,1774490240889,0
2026-03-25T20:57:27.535847,698,100,427,1.789093017578125,False,0.0,0,1,1774490247535,1774490247535,0
2026-03-25T20:57:30.349704,699,0,27,2.99835205078125,False,0.0,0,1,1774490250349,1774490250349,0
2026-03-25T20:57:37.004634,699,100,427,2.047300338745117,False,0.0,0,1,1774490257004,1774490257004,0
2026-03-25T20:57:43.663687,699,200,827,2.1386146545410156,False,0.0,0,1,1774490263663,1774490263663,0
2026-03-25T20:57:50.317398,699,300,1227,2.488851547241211,False,0.0,0,1,1774490270317,1774490270317,0
2026-03-25T20:57:54.014247,700,0,26,0.9901523590087891,False,0.0,0,1,1774490274014,1774490274014,0
2026-03-25T20:58:00.665922,700,100,426,2.4988651275634766,False,0.0,0,1,1774490280665,1774490280665,0
2026-03-25T20:58:07.321304,700,200,826,2.298116683959961,False,0.0,0,1,1774490287321,1774490287321,0
2026-03-25T20:58:13.976700,700,300,1226,2.4890899658203125,False,0.0,0,1,1774490293976,1774490293976,0
2026-03-25T20:58:20.649042,700,400,1626,1.9979476928710938,False,0.0,0,1,1774490300649,1774490300649,0
2026-03-25T20:58:30.347509,701,0,27,0.8997917175292969,False,0.0,0,1,1774490310347,1774490310347,0
2026-03-25T20:58:37.007131,701,100,427,4.459142684936523,False,0.0,0,1,1774490317007,1774490317007,0
2026-03-25T20:58:43.678411,701,200,827,2.306222915649414,False,0.0,0,1,1774490323678,1774490323678,0
2026-03-25T20:58:50.340469,701,300,1227,8.99958610534668,False,0.0,0,1,1774490330340,1774490330340,0
2026-03-25T20:58:56.988783,701,400,1627,2.201557159423828,False,0.0,0,1,1774490336988,1774490336988,0
2026-03-25T20:59:02.471148,702,0,27,1.1174678802490234,False,0.0,0,1,1774490342471,1774490342471,0
2026-03-25T20:59:09.124128,702,100,427,6.95347785949707,False,0.0,0,1,1774490349124,1774490349124,0
2026-03-25T20:59:15.790211,702,200,827,11.985301971435547,False,0.0,0,1,1774490355790,1774490355790,0
2026-03-25T20:59:18.021174,703,0,28,2.6586055755615234,False,0.0,0,1,1774490358021,1774490358021,0
2026-03-25T20:59:24.678203,703,100,428,1.9414424896240234,False,0.0,0,1,1774490364678,1774490364678,0
2026-03-25T20:59:31.347745,703,200,828,2.0296573638916016,False,0.0,0,1,1774490371347,1774490371347,0
2026-03-25T20:59:38.004589,703,300,1228,2.656221389770508,False,0.0,0,1,1774490378004,1774490378004,0
2026-03-25T20:59:40.352439,704,0,27,3.6895275115966797,False,0.0,0,1,1774490380352,1774490380352,0
2026-03-25T20:59:47.007083,704,100,427,2.573251724243164,False,0.0,0,1,1774490387007,1774490387007,0
2026-03-25T20:59:53.717791,704,200,827,2.1398067474365234,False,0.0,0,1,1774490393717,1774490393717,0
2026-03-25T21:00:00.373933,704,300,1227,2.712726593017578,False,0.0,0,1,1774490400373,1774490400373,0
2026-03-25T21:00:07.028756,704,400,1627,2.5463104248046875,False,0.0,0,1,1774490407028,1774490407028,0
2026-03-25T21:00:13.685911,704,500,2027,3.5369396209716797,False,0.0,0,1,1774490413685,1774490413685,0
2026-03-25T21:00:20.348714,704,600,2427,11.331796646118164,False,0.0,0,1,1774490420348,1774490420348,0
2026-03-25T21:00:31.853505,705,0,27,1.2514591217041016,False,0.0,0,1,1774490431853,1774490431853,0
2026-03-25T21:00:38.525809,705,100,427,1.5316009521484375,False,0.0,0,1,1774490438525,1774490438525,0
2026-03-25T21:00:41.695603,706,0,27,9.033441543579102,False,0.0,0,1,1774490441695,1774490441695,0
2026-03-25T21:00:48.342997,706,100,427,1.8742084503173828,False,0.0,0,1,1774490448342,1774490448342,0
2026-03-25T21:00:54.998985,706,200,827,1.8312931060791016,False,0.0,0,1,1774490454998,1774490454998,0
2026-03-25T21:01:01.654671,706,300,1227,2.3260116577148438,False,0.0,0,1,1774490461654,1774490461654,0
2026-03-25T21:01:08.310536,706,400,1627,2.431154251098633,False,0.0,0,1,1774490468310,1774490468310,0
2026-03-25T21:01:16.512658,707,0,27,0.9725093841552734,False,0.0,0,1,1774490476512,1774490476512,0
2026-03-25T21:01:23.468333,708,0,27,1.962423324584961,False,0.0,0,1,1774490483468,1774490483468,0
2026-03-25T21:01:30.126006,708,100,427,2.137422561645508,False,0.0,0,1,1774490490126,1774490490126,0
2026-03-25T21:01:36.797467,708,200,827,1.9919872283935547,False,0.0,0,1,1774490496797,1774490496797,0
2026-03-25T21:01:44.782416,709,0,27,1.026153564453125,False,0.0,0,1,1774490504782,1774490504782,0
2026-03-25T21:01:50.391554,710,0,27,2.9375553131103516,False,0.0,0,1,1774490510391,1774490510391,0
2026-03-25T21:01:57.596102,711,0,28,2.441883087158203,False,0.0,0,1,1774490517596,1774490517596,0
2026-03-25T21:02:04.277110,711,100,428,11.806249618530273,False,0.0,0,1,1774490524277,1774490524277,0
2026-03-25T21:02:05.983389,712,0,27,3.818988800048828,False,0.0,0,1,1774490525983,1774490525983,0
2026-03-25T21:02:12.653771,712,100,427,2.062559127807617,False,0.0,0,1,1774490532653,1774490532653,0
2026-03-25T21:02:14.958821,713,0,27,11.369466781616211,False,0.0,0,1,1774490534958,1774490534958,0
2026-03-25T21:02:20.574514,714,0,28,2.8738975524902344,False,0.0,0,1,1774490540574,1774490540574,0
2026-03-25T21:02:27.229487,714,100,428,2.693653106689453,False,0.0,0,1,1774490547229,1774490547229,0
2026-03-25T21:02:28.384422,715,0,27,9.157896041870117,False,0.0,0,1,1774490548384,1774490548384,0
2026-03-25T21:02:35.032647,715,100,427,1.8336772918701172,False,0.0,0,1,1774490555032,1774490555032,0
2026-03-25T21:02:41.189755,716,0,26,2.296924591064453,False,0.0,0,1,1774490561189,1774490561189,0
2026-03-25T21:02:47.863106,716,100,426,1.77001953125,False,0.0,0,1,1774490567863,1774490567863,0
2026-03-25T21:02:54.519092,716,200,826,2.002239227294922,False,0.0,0,1,1774490574519,1774490574519,0
2026-03-25T21:03:01.179210,716,300,1226,8.585214614868164,False,0.0,0,1,1774490581179,1774490581179,0
2026-03-25T21:03:05.414606,717,0,28,1.0485649108886719,False,0.0,0,1,1774490585414,1774490585414,0
2026-03-25T21:03:10.274238,718,0,27,1.379251480102539,False,0.0,0,1,1774490590274,1774490590274,0
2026-03-25T21:03:16.929615,718,100,427,1.8384456634521484,False,0.0,0,1,1774490596929,1774490596929,0
2026-03-25T21:03:18.893496,719,0,27,2.085447311401367,False,0.0,0,1,1774490598893,1774490598893,0
2026-03-25T21:03:25.551090,719,100,427,3.0028820037841797,False,0.0,0,1,1774490605551,1774490605551,0
2026-03-25T21:03:31.130541,720,0,27,9.053945541381836,False,0.0,0,1,1774490611130,1774490611130,0
2026-03-25T21:03:37.787846,720,100,427,11.108636856079102,False,0.0,0,1,1774490617787,1774490617787,0
2026-03-25T21:03:39.818116,721,0,27,0.7565021514892578,False,0.0,0,1,1774490619818,1774490619818,0
2026-03-25T21:03:46.572269,721,100,427,2.1257400512695312,False,0.0,0,1,1774490626572,1774490626572,0
2026-03-25T21:03:48.339212,722,0,27,3.6077499389648438,False,0.0,0,1,1774490628339,1774490628339,0
2026-03-25T21:03:54.991566,722,100,427,2.1407604217529297,False,0.0,0,1,1774490634991,1774490634991,0
2026-03-25T21:04:01.646876,722,200,827,2.692699432373047,False,0.0,0,1,1774490641646,1774490641646,0
2026-03-25T21:04:08.302597,722,300,1227,2.100706100463867,False,0.0,0,1,1774490648302,1774490648302,0
2026-03-25T21:04:09.941364,723,0,28,2.282381057739258,False,0.0,0,1,1774490649941,1774490649941,0
2026-03-25T21:04:16.588740,723,100,428,1.9071102142333984,False,0.0,0,1,1774490656588,1774490656588,0
2026-03-25T21:04:18.085906,724,0,27,2.492189407348633,False,0.0,0,1,1774490658085,1774490658085,0
2026-03-25T21:04:24.742713,724,100,427,2.4390220642089844,False,0.0,0,1,1774490664742,1774490664742,0
2026-03-25T21:04:31.398071,724,200,827,3.478527069091797,False,0.0,0,1,1774490671398,1774490671398,0
2026-03-25T21:04:38.054877,724,300,1227,2.642393112182617,False,0.0,0,1,1774490678054,1774490678054,0
2026-03-25T21:04:45.574664,725,0,27,3.367185592651367,False,0.0,0,1,1774490685574,1774490685574,0
2026-03-25T21:04:52.228591,725,100,427,1.8248558044433594,False,0.0,0,1,1774490692228,1774490692228,0
2026-03-25T21:04:58.885074,725,200,827,2.466917037963867,False,0.0,0,1,1774490698885,1774490698885,0
2026-03-25T21:05:05.553565,725,300,1227,10.046958923339844,False,0.0,0,1,1774490705553,1774490705553,0
2026-03-25T21:05:12.195193,725,400,1627,1.4982223510742188,False,0.0,0,1,1774490712195,1774490712195,0
2026-03-25T21:05:18.851786,725,500,2027,1.983642578125,False,0.0,0,1,1774490718851,1774490718851,0
2026-03-25T21:05:25.508188,725,600,2427,2.2182464599609375,False,0.0,0,1,1774490725508,1774490725508,0
2026-03-25T21:05:33.435139,726,0,26,1.312255859375,False,0.0,0,1,1774490733435,1774490733435,0
2026-03-25T21:05:40.083404,726,100,426,1.5721321105957031,False,0.0,0,1,1774490740083,1774490740083,0
2026-03-25T21:05:46.740932,726,200,826,2.075672149658203,False,0.0,0,1,1774490746740,1774490746740,0
2026-03-25T21:05:48.420369,727,0,27,2.5777816772460938,False,0.0,0,1,1774490748420,1774490748420,0
2026-03-25T21:05:55.074932,727,100,427,2.1615028381347656,False,0.0,0,1,1774490755074,1774490755074,0
2026-03-25T21:06:01.732836,727,200,827,3.4542083740234375,False,0.0,0,1,1774490761732,1774490761732,0
2026-03-25T21:06:03.643586,728,0,26,1.744985580444336,False,0.0,0,1,1774490763643,1774490763643,0
2026-03-25T21:06:10.316640,728,100,426,2.0482540130615234,False,0.0,0,1,1774490770316,1774490770316,0
2026-03-25T21:06:16.971449,728,200,826,1.895904541015625,False,0.0,0,1,1774490776971,1774490776971,0
2026-03-25T21:06:24.175011,729,0,27,0.9987354278564453,False,0.0,0,1,1774490784175,1774490784175,0
2026-03-25T21:06:30.834313,729,100,427,3.242969512939453,False,0.0,0,1,1774490790834,1774490790834,0
2026-03-25T21:06:37.504533,729,200,827,2.187967300415039,False,0.0,0,1,1774490797504,1774490797504,0
2026-03-25T21:06:44.891659,730,0,28,1.3594627380371094,False,0.0,0,1,1774490804891,1774490804891,0
2026-03-25T21:06:51.547399,730,100,428,1.768350601196289,False,0.0,0,1,1774490811547,1774490811547,0
2026-03-25T21:06:58.204612,730,200,828,3.1058788299560547,False,0.0,0,1,1774490818204,1774490818204,0
2026-03-25T21:07:04.858758,730,300,1228,2.0058155059814453,False,0.0,0,1,1774490824858,1774490824858,0
2026-03-25T21:07:11.514331,730,400,1628,1.8129348754882812,False,0.0,0,1,1774490831514,1774490831514,0
2026-03-25T21:07:21.170522,731,0,26,1.4388561248779297,False,0.0,0,1,1774490841170,1774490841170,0
2026-03-25T21:07:27.821468,731,100,426,2.1889209747314453,False,0.0,0,1,1774490847821,1774490847821,0
2026-03-25T21:07:34.478173,731,200,826,3.0515193939208984,False,0.0,0,1,1774490854478,1774490854478,0
2026-03-25T21:07:41.132123,731,300,1226,2.3632049560546875,False,0.0,0,1,1774490861132,1774490861132,0
2026-03-25T21:07:47.787811,731,400,1626,2.1393299102783203,False,0.0,0,1,1774490867787,1774490867787,0
2026-03-25T21:07:55.825369,732,0,27,1.1892318725585938,False,0.0,0,1,1774490875825,1774490875825,0
2026-03-25T21:08:02.481381,732,100,427,3.157377243041992,False,0.0,0,1,1774490882481,1774490882481,0
2026-03-25T21:08:09.144032,732,200,827,10.532140731811523,False,0.0,0,1,1774490889144,1774490889144,0
2026-03-25T21:08:15.791610,732,300,1227,1.8897056579589844,False,0.0,0,1,1774490895791,1774490895791,0
2026-03-25T21:08:22.452693,732,400,1627,7.833003997802734,False,0.0,0,1,1774490902452,1774490902452,0
2026-03-25T21:08:27.961831,733,0,26,4.767894744873047,False,0.0,0,1,1774490907961,1774490907961,0
2026-03-25T21:08:34.617710,733,100,426,8.89897346496582,False,0.0,0,1,1774490914617,1774490914617,0
2026-03-25T21:08:36.441610,734,0,27,2.725362777709961,False,0.0,0,1,1774490916441,1774490916441,0
2026-03-25T21:08:43.113312,734,100,427,1.886606216430664,False,0.0,0,1,1774490923113,1774490923113,0
2026-03-25T21:08:49.773053,734,200,827,2.034902572631836,False,0.0,0,1,1774490929773,1774490929773,0
2026-03-25T21:08:51.488791,735,0,27,8.444070816040039,False,0.0,0,1,1774490931488,1774490931488,0
2026-03-25T21:08:58.144434,735,100,427,8.154869079589844,False,0.0,0,1,1774490938144,1774490938144,0
2026-03-25T21:09:04.810068,735,200,827,1.6291141510009766,False,0.0,0,1,1774490944810,1774490944810,0
2026-03-25T21:09:11.465209,735,300,1227,1.817464828491211,False,0.0,0,1,1774490951465,1774490951465,0
2026-03-25T21:09:14.392926,736,0,27,0.7808208465576172,False,0.0,0,1,1774490954392,1774490954392,0
2026-03-25T21:09:21.057108,736,100,427,8.830785751342773,False,0.0,0,1,1774490961057,1774490961057,0
2026-03-25T21:09:27.707324,736,200,827,3.275632858276367,False,0.0,0,1,1774490967707,1774490967707,0
2026-03-25T21:09:32.898328,737,0,27,3.1020641326904297,False,0.0,0,1,1774490972898,1774490972898,0
2026-03-25T21:09:39.553753,737,100,427,1.9176006317138672,False,0.0,0,1,1774490979553,1774490979553,0
2026-03-25T21:09:45.462883,738,0,27,0.9434223175048828,False,0.0,0,1,1774490985462,1774490985462,0
2026-03-25T21:09:52.082763,738,100,425,2.5529861450195312,False,0.0,0,1,1774490992082,1774490992082,0
2026-03-25T21:09:52.730439,739,0,27,1.8451213836669922,False,0.0,0,1,1774490992730,1774490992730,0
2026-03-25T21:09:59.388091,739,100,427,2.6314258575439453,False,0.0,0,1,1774490999388,1774490999388,0
2026-03-25T21:10:00.822226,740,0,28,2.0558834075927734,False,0.0,0,1,1774491000822,1774491000822,0
2026-03-25T21:10:07.473576,740,100,428,2.447366714477539,False,0.0,0,1,1774491007473,1774491007473,0
2026-03-25T21:10:14.132089,740,200,828,2.925395965576172,False,0.0,0,1,1774491014132,1774491014132,0
2026-03-25T21:10:20.787241,740,300,1228,2.568483352661133,False,0.0,0,1,1774491020787,1774491020787,0
2026-03-25T21:10:27.440403,740,400,1628,1.9507408142089844,False,0.0,0,1,1774491027440,1774491027440,0
2026-03-25T21:10:34.098115,740,500,2028,2.165079116821289,False,0.0,0,1,1774491034098,1774491034098,0
2026-03-25T21:10:44.613458,741,0,26,1.2426376342773438,False,0.0,0,1,1774491044613,1774491044613,0
2026-03-25T21:10:51.267155,741,100,426,1.9450187683105469,False,0.0,0,1,1774491051267,1774491051267,0
2026-03-25T21:10:52.933635,742,0,28,1.2295246124267578,False,0.0,0,1,1774491052933,1774491052933,0
2026-03-25T21:10:59.586834,742,100,428,1.9843578338623047,False,0.0,0,1,1774491059586,1774491059586,0
2026-03-25T21:11:06.678074,743,0,27,1.903533935546875,False,0.0,0,1,1774491066678,1774491066678,0
2026-03-25T21:11:13.333347,743,100,427,2.1331310272216797,False,0.0,0,1,1774491073333,1774491073333,0
2026-03-25T21:11:17.190449,744,0,26,0.8788108825683594,False,0.0,0,1,1774491077190,1774491077190,0
2026-03-25T21:11:23.649899,745,0,27,2.919435501098633,False,0.0,0,1,1774491083649,1774491083649,0
2026-03-25T21:11:29.204982,746,0,28,2.818584442138672,False,0.0,0,1,1774491089204,1774491089204,0
2026-03-25T21:11:35.494350,747,0,26,2.057313919067383,False,0.0,0,1,1774491095494,1774491095494,0
2026-03-25T21:11:42.151626,747,100,426,3.867626190185547,False,0.0,0,1,1774491102151,1774491102151,0
2026-03-25T21:11:47.691680,748,0,28,2.8791427612304688,False,0.0,0,1,1774491107691,1774491107691,0
2026-03-25T21:11:54.347460,748,100,428,2.211332321166992,False,0.0,0,1,1774491114347,1774491114347,0
2026-03-25T21:11:57.193683,749,0,27,2.0682811737060547,False,0.0,0,1,1774491117193,1774491117193,0
2026-03-25T21:12:03.848446,749,100,427,2.1750926971435547,False,0.0,0,1,1774491123848,1774491123848,0
2026-03-25T21:12:10.504494,749,200,827,3.309011459350586,False,0.0,0,1,1774491130504,1774491130504,0
2026-03-25T21:12:17.161378,749,300,1227,2.0532608032226562,False,0.0,0,1,1774491137161,1774491137161,0
2026-03-25T21:12:25.512457,750,0,27,0.8728504180908203,False,0.0,0,1,1774491145512,1774491145512,0
2026-03-25T21:12:32.185079,750,100,427,2.7341842651367188,False,0.0,0,1,1774491152185,1774491152185,0
2026-03-25T21:12:35.211991,751,0,27,2.3314952850341797,False,0.0,0,1,1774491155211,1774491155211,0
2026-03-25T21:12:41.876033,751,100,427,9.901285171508789,False,0.0,0,1,1774491161876,1774491161876,0
2026-03-25T21:12:50.126524,752,0,28,0.7824897766113281,False,0.0,0,1,1774491170126,1774491170126,0
2026-03-25T21:12:54.362757,753,0,27,1.8379688262939453,False,0.0,0,1,1774491174362,1774491174362,0
2026-03-25T21:13:01.036506,753,100,427,2.7475357055664062,False,0.0,0,1,1774491181036,1774491181036,0
2026-03-25T21:13:03.105386,754,0,26,1.8429756164550781,False,0.0,0,1,1774491183105,1774491183105,0
2026-03-25T21:13:09.213651,755,0,28,9.985923767089844,False,0.0,0,1,1774491189213,1774491189213,0
2026-03-25T21:13:15.860416,755,100,428,1.953125,False,0.0,0,1,1774491195860,1774491195860,0
2026-03-25T21:13:22.516259,755,200,828,1.8999576568603516,False,0.0,0,1,1774491202516,1774491202516,0
2026-03-25T21:13:29.173232,755,300,1228,2.7298927307128906,False,0.0,0,1,1774491209173,1774491209173,0
2026-03-25T21:13:35.829826,755,400,1628,3.421306610107422,False,0.0,0,1,1774491215829,1774491215829,0
2026-03-25T21:13:42.500163,755,500,2028,1.9145011901855469,False,0.0,0,1,1774491222500,1774491222500,0
2026-03-25T21:13:53.833894,756,0,27,0.8232593536376953,False,0.0,0,1,1774491233833,1774491233833,0
2026-03-25T21:14:00.490404,756,100,427,2.461671829223633,False,0.0,0,1,1774491240490,1774491240490,0
2026-03-25T21:14:07.148665,756,200,827,7.956027984619141,False,0.0,0,1,1774491247148,1774491247148,0
2026-03-25T21:14:13.798281,756,300,1227,2.276182174682617,False,0.0,0,1,1774491253798,1774491253798,0
2026-03-25T21:14:16.676607,757,0,28,1.0421276092529297,False,0.0,0,1,1774491256676,1774491256676,0
2026-03-25T21:14:23.332505,757,100,428,2.338409423828125,False,0.0,0,1,1774491263332,1774491263332,0
2026-03-25T21:14:29.989767,757,200,828,2.7685165405273438,False,0.0,0,1,1774491269989,1774491269989,0
2026-03-25T21:14:37.891055,758,0,27,0.9369850158691406,False,0.0,0,1,1774491277891,1774491277891,0
2026-03-25T21:14:43.004995,759,0,27,2.674102783203125,False,0.0,0,1,1774491283004,1774491283004,0
2026-03-25T21:14:49.674269,759,100,427,3.2117366790771484,False,0.0,0,1,1774491289674,1774491289674,0
2026-03-25T21:14:56.347794,759,200,827,1.813650131225586,False,0.0,0,1,1774491296347,1774491296347,0
2026-03-25T21:15:02.999575,759,300,1227,1.9164085388183594,False,0.0,0,1,1774491302999,1774491302999,0
2026-03-25T21:15:11.235411,760,0,27,0.7510185241699219,False,0.0,0,1,1774491311235,1774491311235,0
2026-03-25T21:15:17.627440,761,0,27,0.8974075317382812,False,0.0,0,1,1774491317627,1774491317627,0
2026-03-25T21:15:24.285932,761,100,427,2.445697784423828,False,0.0,0,1,1774491324285,1774491324285,0
2026-03-25T21:15:25.562557,762,0,27,2.2628307342529297,False,0.0,0,1,1774491325562,1774491325562,0
2026-03-25T21:15:32.219196,762,100,427,2.0759105682373047,False,0.0,0,1,1774491332219,1774491332219,0
2026-03-25T21:15:38.893310,762,200,827,3.094911575317383,False,0.0,0,1,1774491338893,1774491338893,0
2026-03-25T21:15:45.547990,762,300,1227,2.79998779296875,False,0.0,0,1,1774491345547,1774491345547,0
2026-03-25T21:15:52.214595,762,400,1627,12.141942977905273,False,0.0,0,1,1774491352214,1774491352214,0
2026-03-25T21:15:58.876085,762,500,2027,3.1385421752929688,False,0.0,0,1,1774491358876,1774491358876,0
2026-03-25T21:16:07.642843,763,0,27,1.1200904846191406,False,0.0,0,1,1774491367642,1774491367642,0
2026-03-25T21:16:12.118104,764,0,27,1.6858577728271484,False,0.0,0,1,1774491372118,1774491372118,0
2026-03-25T21:16:18.791661,764,100,427,1.6856193542480469,False,0.0,0,1,1774491378791,1774491378791,0
2026-03-25T21:16:23.376387,765,0,26,9.77015495300293,False,0.0,0,1,1774491383376,1774491383376,0
2026-03-25T21:16:30.023356,765,100,426,2.562284469604492,False,0.0,0,1,1774491390023,1774491390023,0
2026-03-25T21:16:36.681628,765,200,826,3.4470558166503906,False,0.0,0,1,1774491396681,1774491396681,0
2026-03-25T21:16:43.335572,765,300,1226,2.622365951538086,False,0.0,0,1,1774491403335,1774491403335,0
2026-03-25T21:16:46.849308,766,0,27,1.371622085571289,False,0.0,0,1,1774491406849,1774491406849,0
2026-03-25T21:16:53.501419,766,100,427,3.2966136932373047,False,0.0,0,1,1774491413501,1774491413501,0
2026-03-25T21:17:00.154957,766,200,827,1.461029052734375,False,0.0,0,1,1774491420154,1774491420154,0
2026-03-25T21:17:06.820245,766,300,1227,11.143922805786133,False,0.0,0,1,1774491426820,1774491426820,0
2026-03-25T21:17:13.467729,766,400,1627,2.6373863220214844,False,0.0,0,1,1774491433467,1774491433467,0
2026-03-25T21:17:18.291321,767,0,27,1.028299331665039,False,0.0,0,1,1774491438291,1774491438291,0
2026-03-25T21:17:24.954175,767,100,427,2.1483898162841797,False,0.0,0,1,1774491444954,1774491444954,0
2026-03-25T21:17:31.605147,767,200,827,2.4449825286865234,False,0.0,0,1,1774491451605,1774491451605,0
2026-03-25T21:17:35.080868,768,0,27,1.1835098266601562,False,0.0,0,1,1774491455080,1774491455080,0
2026-03-25T21:17:41.736289,768,100,427,1.1785030364990234,False,0.0,0,1,1774491461736,1774491461736,0
2026-03-25T21:17:48.393585,768,200,827,1.9447803497314453,False,0.0,0,1,1774491468393,1774491468393,0
2026-03-25T21:17:55.049488,768,300,1227,2.9234886169433594,False,0.0,0,1,1774491475049,1774491475049,0
2026-03-25T21:18:01.706356,768,400,1627,3.0586719512939453,False,0.0,0,1,1774491481706,1774491481706,0
2026-03-25T21:18:07.428656,769,0,26,1.3837814331054688,False,0.0,0,1,1774491487428,1774491487428,0
2026-03-25T21:18:14.083927,769,100,426,1.8069744110107422,False,0.0,0,1,1774491494083,1774491494083,0
2026-03-25T21:18:17.587470,770,0,27,12.155771255493164,False,0.0,0,1,1774491497587,1774491497587,0
2026-03-25T21:18:21.221907,771,0,27,1.67083740234375,False,0.0,0,1,1774491501221,1774491501221,0
2026-03-25T21:18:27.878274,771,100,427,2.389669418334961,False,0.0,0,1,1774491507878,1774491507878,0
2026-03-25T21:18:34.533513,771,200,827,2.8412342071533203,False,0.0,0,1,1774491514533,1774491514533,0
2026-03-25T21:18:40.754527,772,0,27,0.8249282836914062,False,0.0,0,1,1774491520754,1774491520754,0
2026-03-25T21:18:46.713331,773,0,28,2.944469451904297,False,0.0,0,1,1774491526713,1774491526713,0
2026-03-25T21:18:53.377965,773,100,428,10.883569717407227,False,0.0,0,1,1774491533377,1774491533377,0
2026-03-25T21:19:00.023426,773,200,828,1.8749237060546875,False,0.0,0,1,1774491540023,1774491540023,0
2026-03-25T21:19:00.990788,774,0,27,1.775979995727539,False,0.0,0,1,1774491540990,1774491540990,0
2026-03-25T21:19:07.577429,775,0,28,12.533903121948242,False,0.0,0,1,1774491547577,1774491547577,0
2026-03-25T21:19:14.229187,775,100,428,12.089729309082031,False,0.0,0,1,1774491554229,1774491554229,0
2026-03-25T21:19:20.874026,775,200,828,2.229452133178711,False,0.0,0,1,1774491560874,1774491560874,0
2026-03-25T21:19:27.994547,776,0,26,1.0600090026855469,False,0.0,0,1,1774491567994,1774491567994,0
2026-03-25T21:19:33.819381,777,0,28,2.6428699493408203,False,0.0,0,1,1774491573819,1774491573819,0
2026-03-25T21:19:40.474837,777,100,428,2.629995346069336,False,0.0,0,1,1774491580474,1774491580474,0
2026-03-25T21:19:47.135844,777,200,828,8.090972900390625,False,0.0,0,1,1774491587135,1774491587135,0
2026-03-25T21:19:53.787164,777,300,1228,2.6471614837646484,False,0.0,0,1,1774491593787,1774491593787,0
2026-03-25T21:20:00.442443,777,400,1628,3.1402111053466797,False,0.0,0,1,1774491600442,1774491600442,0
2026-03-25T21:20:05.083923,778,0,27,1.0445117950439453,False,0.0,0,1,1774491605083,1774491605083,0
2026-03-25T21:20:11.756646,778,100,427,2.6116371154785156,False,0.0,0,1,1774491611756,1774491611756,0
2026-03-25T21:20:13.070348,779,0,27,2.064228057861328,False,0.0,0,1,1774491613070,1774491613070,0
2026-03-25T21:20:19.886280,779,100,427,7.282495498657227,False,0.0,0,1,1774491619886,1774491619886,0
2026-03-25T21:20:26.553650,779,200,827,2.8984546661376953,False,0.0,0,1,1774491626553,1774491626553,0
2026-03-25T21:20:33.208248,779,300,1227,2.080678939819336,False,0.0,0,1,1774491633208,1774491633208,0
2026-03-25T21:20:39.871859,779,400,1627,11.307954788208008,False,0.0,0,1,1774491639871,1774491639871,0
2026-03-25T21:20:46.519250,779,500,2027,1.8911361694335938,False,0.0,0,1,1774491646519,1774491646519,0
2026-03-25T21:20:53.173516,779,600,2427,1.7285346984863281,False,0.0,0,1,1774491653173,1774491653173,0
2026-03-25T21:21:03.522271,780,0,27,0.7808208465576172,False,0.0,0,1,1774491663522,1774491663522,0
2026-03-25T21:21:10.179245,780,100,427,1.6291141510009766,False,0.0,0,1,1774491670179,1774491670179,0
2026-03-25T21:21:16.835089,780,200,827,1.7614364624023438,False,0.0,0,1,1774491676835,1774491676835,0
2026-03-25T21:21:21.349716,781,0,27,0.8039474487304688,False,0.0,0,1,1774491681349,1774491681349,0
2026-03-25T21:21:28.478944,782,0,27,12.487411499023438,False,0.0,0,1,1774491688478,1774491688478,0
2026-03-25T21:21:34.330564,783,0,27,9.668588638305664,False,0.0,0,1,1774491694330,1774491694330,0
2026-03-25T21:21:40.979581,783,100,427,2.0639896392822266,False,0.0,0,1,1774491700979,1774491700979,0
2026-03-25T21:21:47.636881,783,200,827,3.1871795654296875,False,0.0,0,1,1774491707636,1774491707636,0
2026-03-25T21:21:54.290592,783,300,1227,2.574443817138672,False,0.0,0,1,1774491714290,1774491714290,0
2026-03-25T21:22:00.961648,783,400,1627,1.9061565399169922,False,0.0,0,1,1774491720961,1774491720961,0
2026-03-25T21:22:04.873636,784,0,26,1.6756057739257812,False,0.0,0,1,1774491724873,1774491724873,0
2026-03-25T21:22:11.529679,784,100,426,2.6617050170898438,False,0.0,0,1,1774491731529,1774491731529,0
2026-03-25T21:22:18.186582,784,200,826,3.421306610107422,False,0.0,0,1,1774491738186,1774491738186,0
2026-03-25T21:22:24.840152,784,300,1226,2.3958683013916016,False,0.0,0,1,1774491744840,1774491744840,0
2026-03-25T21:22:31.519947,784,400,1626,10.246038436889648,False,0.0,0,1,1774491751519,1774491751519,0
2026-03-25T21:22:38.265303,785,0,26,0.7212162017822266,False,0.0,0,1,1774491758265,1774491758265,0
2026-03-25T21:22:44.723049,786,0,27,2.6781558990478516,False,0.0,0,1,1774491764723,1774491764723,0
2026-03-25T21:22:51.378857,786,100,427,2.0041465759277344,False,0.0,0,1,1774491771378,1774491771378,0
2026-03-25T21:22:58.052418,786,200,827,1.641988754272461,False,0.0,0,1,1774491778052,1774491778052,0
2026-03-25T21:23:04.707328,786,300,1227,3.224611282348633,False,0.0,0,1,1774491784707,1774491784707,0
2026-03-25T21:23:10.483046,787,0,26,1.1072158813476562,False,0.0,0,1,1774491790483,1774491790483,0
2026-03-25T21:23:17.135860,787,100,426,1.7070770263671875,False,0.0,0,1,1774491797135,1774491797135,0
2026-03-25T21:23:23.792023,787,200,826,2.142190933227539,False,0.0,0,1,1774491803792,1774491803792,0
2026-03-25T21:23:30.447149,787,300,1226,2.493143081665039,False,0.0,0,1,1774491810447,1774491810447,0
2026-03-25T21:23:37.120434,787,400,1626,3.397703170776367,False,0.0,0,1,1774491817120,1774491817120,0
2026-03-25T21:23:42.632269,788,0,28,1.049041748046875,False,0.0,0,1,1774491822632,1774491822632,0
2026-03-25T21:23:48.384165,789,0,27,12.848377227783203,False,0.0,0,1,1774491828384,1774491828384,0
2026-03-25T21:23:55.039876,789,100,427,2.206087112426758,False,0.0,0,1,1774491835039,1774491835039,0
2026-03-25T21:24:01.714705,789,200,827,3.8602352142333984,False,0.0,0,1,1774491841714,1774491841714,0
2026-03-25T21:24:03.192310,790,0,27,2.028942108154297,False,0.0,0,1,1774491843192,1774491843192,0
2026-03-25T21:24:09.849545,790,100,427,1.9347667694091797,False,0.0,0,1,1774491849849,1774491849849,0
2026-03-25T21:24:16.503712,790,200,827,1.9426345825195312,False,0.0,0,1,1774491856503,1774491856503,0
2026-03-25T21:24:23.159848,790,300,1227,2.444744110107422,False,0.0,0,1,1774491863159,1774491863159,0
2026-03-25T21:24:28.001049,791,0,27,0.9403228759765625,False,0.0,0,1,1774491868001,1774491868001,0
2026-03-25T21:24:34.674839,791,100,427,2.650737762451172,False,0.0,0,1,1774491874674,1774491874674,0
2026-03-25T21:24:41.331497,791,200,827,3.3349990844726562,False,0.0,0,1,1774491881331,1774491881331,0
2026-03-25T21:24:46.938382,792,0,26,1.546621322631836,False,0.0,0,1,1774491886938,1774491886938,0
2026-03-25T21:24:53.593547,792,100,426,1.947641372680664,False,0.0,0,1,1774491893593,1774491893593,0
2026-03-25T21:25:00.248102,792,200,826,2.0618438720703125,False,0.0,0,1,1774491900248,1774491900248,0
2026-03-25T21:25:06.911972,792,300,1226,9.899139404296875,False,0.0,0,1,1774491906911,1774491906911,0
2026-03-25T21:25:13.561191,792,400,1626,1.9862651824951172,False,0.0,0,1,1774491913561,1774491913561,0
2026-03-25T21:25:23.025602,793,0,27,0.762939453125,False,0.0,0,1,1774491923025,1774491923025,0
2026-03-25T21:25:29.684876,793,100,427,3.2689571380615234,False,0.0,0,1,1774491929684,1774491929684,0
2026-03-25T21:25:38.257690,794,0,27,2.957582473754883,False,0.0,0,1,1774491938257,1774491938257,0
2026-03-25T21:25:44.915431,794,100,427,7.870674133300781,False,0.0,0,1,1774491944915,1774491944915,0
2026-03-25T21:25:45.847287,795,0,28,1.9888877868652344,False,0.0,0,1,1774491945847,1774491945847,0
2026-03-25T21:25:52.495398,795,100,428,1.8534660339355469,False,0.0,0,1,1774491952495,1774491952495,0
2026-03-25T21:25:54.659210,796,0,27,3.0477046966552734,False,0.0,0,1,1774491954659,1774491954659,0
2026-03-25T21:26:01.313443,796,100,427,1.791238784790039,False,0.0,0,1,1774491961313,1774491961313,0
2026-03-25T21:26:07.987616,796,200,827,1.781463623046875,False,0.0,0,1,1774491967987,1774491967987,0
2026-03-25T21:26:14.641810,796,300,1227,2.437591552734375,False,0.0,0,1,1774491974641,1774491974641,0
2026-03-25T21:26:21.296988,796,400,1627,1.6057491302490234,False,0.0,0,1,1774491981296,1774491981296,0
2026-03-25T21:26:26.494622,797,0,27,0.7946491241455078,False,0.0,0,1,1774491986494,1774491986494,0
2026-03-25T21:26:33.145800,797,100,427,1.9388198852539062,False,0.0,0,1,1774491993145,1774491993145,0
2026-03-25T21:26:39.800384,797,200,827,2.618074417114258,False,0.0,0,1,1774491999800,1774491999800,0
2026-03-25T21:26:46.456429,797,300,1227,1.9409656524658203,False,0.0,0,1,1774492006456,1774492006456,0
2026-03-25T21:26:53.110608,797,400,1627,1.8391609191894531,False,0.0,0,1,1774492013110,1774492013110,0
2026-03-25T21:26:58.071072,798,0,28,2.6848316192626953,False,0.0,0,1,1774492018071,1774492018071,0
2026-03-25T21:27:04.725775,798,100,428,1.898050308227539,False,0.0,0,1,1774492024725,1774492024725,0
2026-03-25T21:27:11.382218,798,200,828,1.9567012786865234,False,0.0,0,1,1774492031382,1774492031382,0
2026-03-25T21:27:18.036952,798,300,1228,1.6865730285644531,False,0.0,0,1,1774492038036,1774492038036,0
2026-03-25T21:27:24.692667,798,400,1628,1.8970966339111328,False,0.0,0,1,1774492044692,1774492044692,0
2026-03-25T21:27:30.881061,799,0,27,0.7960796356201172,False,0.0,0,1,1774492050881,1774492050881,0
2026-03-25T21:27:37.545165,799,100,427,8.826971054077148,False,0.0,0,1,1774492057545,1774492057545,0
2026-03-25T21:27:38.329002,800,0,28,10.229349136352539,False,0.0,0,1,1774492058328,1774492058328,0
2026-03-25T21:27:44.994976,800,100,428,5.040884017944336,False,0.0,0,1,1774492064994,1774492064994,0
2026-03-25T21:27:48.035275,801,0,26,0.6754398345947266,False,0.0,0,1,1774492068035,1774492068035,0
2026-03-25T21:27:51.799013,802,0,27,2.058744430541992,False,0.0,0,1,1774492071799,1774492071799,0
2026-03-25T21:27:57.686611,803,0,27,1.5316009521484375,False,0.0,0,1,1774492077686,1774492077686,0
2026-03-25T21:28:04.344587,803,100,427,2.745389938354492,False,0.0,0,1,1774492084344,1774492084344,0
2026-03-25T21:28:11.008567,803,200,827,10.558128356933594,False,0.0,0,1,1774492091008,1774492091008,0
2026-03-25T21:28:17.664088,803,300,1227,10.562658309936523,False,0.0,0,1,1774492097664,1774492097664,0
2026-03-25T21:28:24.327624,803,400,1627,2.2466182708740234,False,0.0,0,1,1774492104327,1774492104327,0
2026-03-25T21:28:30.999871,803,500,2027,1.9385814666748047,False,0.0,0,1,1774492110999,1774492110999,0
