timestamp,episode,step,frame_id,sync_delay_ms,desync_detected,recovery_time_ms,frame_drops,buffer_size,lua_timestamp,python_timestamp,clock_drift_ms
2026-03-21T21:24:10.761788,1,0,26,0.8587837219238281,False,0.0,0,1,1774146250761,1774146250761,0
2026-03-21T21:24:17.168776,2,0,28,2.0890235900878906,False,0.0,0,1,1774146257168,1774146257168,0
2026-03-21T21:24:23.876936,2,100,428,1.9543170928955078,False,0.0,0,1,1774146263876,1774146263876,0
2026-03-21T21:24:26.352410,3,0,27,2.282381057739258,False,0.0,0,1,1774146266352,1774146266352,0
2026-03-21T21:24:33.023900,3,100,427,2.2537708282470703,False,0.0,0,1,1774146273023,1774146273023,0
2026-03-21T21:24:39.756275,3,200,827,2.033710479736328,False,0.0,0,1,1774146279756,1774146279756,0
2026-03-21T21:24:46.404330,3,300,1227,1.650094985961914,False,0.0,0,1,1774146286404,1774146286404,0
2026-03-21T21:24:53.069370,3,400,1627,2.7763843536376953,False,0.0,0,1,1774146293069,1774146293069,0
2026-03-21T21:24:55.421640,4,0,28,1.8188953399658203,False,0.0,0,1,1774146295421,1774146295421,0
2026-03-21T21:25:01.160274,5,0,27,1.621246337890625,False,0.0,0,1,1774146301160,1774146301160,0
2026-03-21T21:25:07.816870,5,100,427,1.7387866973876953,False,0.0,0,1,1774146307816,1774146307816,0
2026-03-21T21:25:09.030379,6,0,27,1.7218589782714844,False,0.0,0,1,1774146309030,1774146309030,0
2026-03-21T21:25:15.687815,6,100,427,2.1817684173583984,False,0.0,0,1,1774146315687,1774146315687,0
2026-03-21T21:25:22.158942,7,0,27,1.8236637115478516,False,0.0,0,1,1774146322158,1774146322158,0
2026-03-21T21:25:27.918201,8,0,27,2.4826526641845703,False,0.0,0,1,1774146327918,1774146327918,0
2026-03-21T21:25:33.607928,9,0,27,1.8434524536132812,False,0.0,0,1,1774146333607,1774146333607,0
2026-03-21T21:25:40.263821,9,100,427,2.228260040283203,False,0.0,0,1,1774146340263,1774146340263,0
2026-03-21T21:25:43.225966,10,0,27,1.8301010131835938,False,0.0,0,1,1774146343225,1774146343225,0
2026-03-21T21:25:49.897620,10,100,427,1.299142837524414,False,0.0,0,1,1774146349897,1774146349897,0
2026-03-21T21:25:52.874373,11,0,27,1.6143321990966797,False,0.0,0,1,1774146352874,1774146352874,0
2026-03-21T21:25:58.601409,12,0,27,3.1571388244628906,False,0.0,0,1,1774146358601,1774146358601,0
2026-03-21T21:26:05.256619,12,100,427,2.249479293823242,False,0.0,0,1,1774146365256,1774146365256,0
2026-03-21T21:26:10.867675,13,0,28,2.2029876708984375,False,0.0,0,1,1774146370867,1774146370867,0
2026-03-21T21:26:17.241251,14,0,28,1.6503334045410156,False,0.0,0,1,1774146377241,1774146377241,0
2026-03-21T21:26:23.891200,14,100,428,1.8665790557861328,False,0.0,0,1,1774146383891,1774146383891,0
2026-03-21T21:26:28.682566,15,0,27,1.4219284057617188,False,0.0,0,1,1774146388682,1774146388682,0
2026-03-21T21:26:34.988911,16,0,28,2.961397171020508,False,0.0,0,1,1774146394988,1774146394988,0
2026-03-21T21:26:41.644113,16,100,428,1.9581317901611328,False,0.0,0,1,1774146401644,1774146401644,0
2026-03-21T21:26:44.307420,17,0,28,2.0012855529785156,False,0.0,0,1,1774146404307,1774146404307,0
2026-03-21T21:26:50.013056,18,0,27,1.8086433410644531,False,0.0,0,1,1774146410013,1774146410013,0
2026-03-21T21:26:56.406776,19,0,27,1.7590522766113281,False,0.0,0,1,1774146416406,1774146416406,0
2026-03-21T21:27:02.063110,20,0,28,1.6200542449951172,False,0.0,0,1,1774146422063,1774146422063,0
2026-03-21T21:27:08.716259,20,100,428,2.1114349365234375,False,0.0,0,1,1774146428716,1774146428716,0
2026-03-21T21:27:11.596425,21,0,28,1.5037059783935547,False,0.0,0,1,1774146431596,1774146431596,0
2026-03-21T21:27:18.250526,21,100,428,2.0542144775390625,False,0.0,0,1,1774146438250,1774146438250,0
2026-03-21T21:27:24.981796,22,0,27,4.414081573486328,False,0.0,0,1,1774146444981,1774146444981,0
2026-03-21T21:27:31.630834,22,100,427,5.592823028564453,False,0.0,0,1,1774146451630,1774146451630,0
2026-03-21T21:27:39.289758,23,0,28,2.6960372924804688,False,0.0,0,1,1774146459289,1774146459289,0
2026-03-21T21:27:45.937562,23,100,428,2.331972122192383,False,0.0,0,1,1774146465937,1774146465937,0
2026-03-21T21:27:49.751543,24,0,26,4.434823989868164,False,0.0,0,1,1774146469751,1774146469751,0
2026-03-21T21:27:56.404504,24,100,426,2.703428268432617,False,0.0,0,1,1774146476404,1774146476404,0
2026-03-21T21:27:57.967002,25,0,27,2.0554065704345703,False,0.0,0,1,1774146477966,1774146477967,1
2026-03-21T21:28:04.626179,25,100,427,5.175590515136719,False,0.0,0,1,1774146484626,1774146484626,0
2026-03-21T21:28:11.279132,25,200,827,1.9567012786865234,False,0.0,0,1,1774146491279,1774146491279,0
2026-03-21T21:28:12.682511,26,0,28,3.0100345611572266,False,0.0,0,1,1774146492682,1774146492682,0
2026-03-21T21:28:19.348184,26,100,428,1.9097328186035156,False,0.0,0,1,1774146499348,1774146499348,0
2026-03-21T21:28:24.358386,27,0,28,2.9664039611816406,False,0.0,0,1,1774146504358,1774146504358,0
2026-03-21T21:28:31.014860,27,100,428,3.3707618713378906,False,0.0,0,1,1774146511014,1774146511014,0
2026-03-21T21:28:37.151922,28,0,26,1.6846656799316406,False,0.0,0,1,1774146517151,1774146517151,0
2026-03-21T21:28:43.807931,28,100,426,2.080678939819336,False,0.0,0,1,1774146523807,1774146523807,0
2026-03-21T21:28:50.480408,28,200,826,2.1533966064453125,False,0.0,0,1,1774146530480,1774146530480,0
2026-03-21T21:28:51.763411,29,0,27,1.7826557159423828,False,0.0,0,1,1774146531763,1774146531763,0
2026-03-21T21:28:58.007219,30,0,28,2.8743743896484375,False,0.0,0,1,1774146538007,1774146538007,0
2026-03-21T21:29:04.674698,30,100,428,2.4547576904296875,False,0.0,0,1,1774146544674,1774146544674,0
2026-03-21T21:29:05.926026,31,0,28,2.1066665649414062,False,0.0,0,1,1774146545926,1774146545926,0
2026-03-21T21:29:12.593635,31,100,428,2.444744110107422,False,0.0,0,1,1774146552593,1774146552593,0
2026-03-21T21:29:14.077018,32,0,27,2.969980239868164,False,0.0,0,1,1774146554077,1774146554077,0
2026-03-21T21:29:19.819487,33,0,28,6.747007369995117,False,0.0,0,1,1774146559819,1774146559819,0
2026-03-21T21:29:26.474229,33,100,428,4.429340362548828,False,0.0,0,1,1774146566474,1774146566474,0
2026-03-21T21:29:27.588853,34,0,27,2.002239227294922,False,0.0,0,1,1774146567588,1774146567588,0
2026-03-21T21:29:34.241021,34,100,427,2.295970916748047,False,0.0,0,1,1774146574241,1774146574241,0
2026-03-21T21:29:40.899762,34,200,827,4.356861114501953,False,0.0,0,1,1774146580899,1774146580899,0
2026-03-21T21:29:47.552764,34,300,1227,2.3965835571289062,False,0.0,0,1,1774146587552,1774146587552,0
2026-03-21T21:29:49.683894,35,0,27,3.189563751220703,False,0.0,0,1,1774146589683,1774146589683,0
2026-03-21T21:29:56.357413,35,100,427,4.335165023803711,False,0.0,0,1,1774146596357,1774146596357,0
2026-03-21T21:29:58.502989,36,0,27,3.3414363861083984,False,0.0,0,1,1774146598502,1774146598502,0
2026-03-21T21:30:04.278318,37,0,28,1.659393310546875,False,0.0,0,1,1774146604278,1774146604278,0
2026-03-21T21:30:10.300816,38,0,26,3.016948699951172,False,0.0,0,1,1774146610300,1774146610300,0
2026-03-21T21:30:16.589727,39,0,27,2.2649765014648438,False,0.0,0,1,1774146616589,1774146616589,0
2026-03-21T21:30:23.246580,39,100,427,3.579854965209961,False,0.0,0,1,1774146623246,1774146623246,0
2026-03-21T21:30:25.997067,40,0,27,4.035711288452148,False,0.0,0,1,1774146625997,1774146625997,0
2026-03-21T21:30:31.799918,41,0,28,2.8192996978759766,False,0.0,0,1,1774146631799,1774146631799,0
2026-03-21T21:30:38.451515,41,100,428,2.2165775299072266,False,0.0,0,1,1774146638451,1774146638451,0
2026-03-21T21:30:40.636302,42,0,27,3.7283897399902344,False,0.0,0,1,1774146640636,1774146640636,0
2026-03-21T21:30:47.287588,42,100,427,2.5315284729003906,False,0.0,0,1,1774146647287,1774146647287,0
2026-03-21T21:30:49.775113,43,0,27,4.106760025024414,False,0.0,0,1,1774146649775,1774146649775,0
2026-03-21T21:30:55.557901,44,0,27,3.054380416870117,False,0.0,0,1,1774146655557,1774146655557,0
2026-03-21T21:31:01.381977,45,0,27,3.159046173095703,False,0.0,0,1,1774146661381,1774146661381,0
2026-03-21T21:31:08.052803,45,100,427,2.403736114501953,False,0.0,0,1,1774146668052,1774146668052,0
2026-03-21T21:31:14.708305,45,200,827,2.3610591888427734,False,0.0,0,1,1774146674708,1774146674708,0
2026-03-21T21:31:21.370680,45,300,1227,1.9981861114501953,False,0.0,0,1,1774146681370,1774146681370,0
2026-03-21T21:31:28.818241,46,0,28,1.4226436614990234,False,0.0,0,1,1774146688818,1774146688818,0
2026-03-21T21:31:35.442483,46,100,426,4.337787628173828,False,0.0,0,1,1774146695442,1774146695442,0
2026-03-21T21:31:36.291304,47,0,28,2.869129180908203,False,0.0,0,1,1774146696291,1774146696291,0
2026-03-21T21:31:42.961965,47,100,428,3.5724639892578125,False,0.0,0,1,1774146702961,1774146702961,0
2026-03-21T21:31:45.194644,48,0,28,5.797863006591797,False,0.0,0,1,1774146705194,1774146705194,0
2026-03-21T21:31:51.864186,48,100,428,2.705812454223633,False,0.0,0,1,1774146711864,1774146711864,0
2026-03-21T21:31:57.792505,49,0,27,6.598472595214844,False,0.0,0,1,1774146717792,1774146717792,0
2026-03-21T21:32:03.526888,50,0,28,2.3660659790039062,False,0.0,0,1,1774146723526,1774146723526,0
2026-03-21T21:32:10.201373,50,100,428,2.371072769165039,False,0.0,0,1,1774146730201,1774146730201,0
2026-03-21T21:32:13.895374,51,0,28,4.861354827880859,False,0.0,0,1,1774146733895,1774146733895,0
2026-03-21T21:32:20.370098,52,0,27,2.4449825286865234,False,0.0,0,1,1774146740370,1774146740370,0
2026-03-21T21:32:25.961489,53,0,28,7.193326950073242,False,0.0,0,1,1774146745961,1774146745961,0
2026-03-21T21:32:32.396127,54,0,27,2.944469451904297,False,0.0,0,1,1774146752396,1774146752396,0
2026-03-21T21:32:39.052360,54,100,427,2.9900074005126953,False,0.0,0,1,1774146759052,1774146759052,0
2026-03-21T21:32:45.728534,54,200,827,2.5184154510498047,False,0.0,0,1,1774146765728,1774146765728,0
2026-03-21T21:32:47.293870,55,0,27,2.565622329711914,False,0.0,0,1,1774146767293,1774146767293,0
2026-03-21T21:32:53.863875,56,0,27,2.307415008544922,False,0.0,0,1,1774146773863,1774146773863,0
2026-03-21T21:33:00.632767,57,0,28,2.593994140625,False,0.0,0,1,1774146780632,1774146780632,0
2026-03-21T21:33:07.289101,57,100,428,2.661466598510742,False,0.0,0,1,1774146787289,1774146787289,0
2026-03-21T21:33:14.525815,58,0,27,2.5243759155273438,False,0.0,0,1,1774146794525,1774146794525,0
2026-03-21T21:33:20.083564,59,0,28,2.518892288208008,False,0.0,0,1,1774146800083,1774146800083,0
2026-03-21T21:33:26.755839,59,100,428,18.77593994140625,False,0.0,0,1,1774146806755,1774146806755,0
2026-03-21T21:33:28.620861,60,0,28,3.695249557495117,False,0.0,0,1,1774146808620,1774146808620,0
2026-03-21T21:33:35.291961,60,100,428,2.401590347290039,False,0.0,0,1,1774146815291,1774146815291,0
2026-03-21T21:33:41.964680,60,200,828,2.580881118774414,False,0.0,0,1,1774146821964,1774146821964,0
2026-03-21T21:33:48.619718,60,300,1228,2.7396678924560547,False,0.0,0,1,1774146828619,1774146828619,0
2026-03-21T21:33:55.292313,60,400,1628,3.3898353576660156,False,0.0,0,1,1774146835292,1774146835292,0
2026-03-21T21:34:01.955227,61,0,27,0.9014606475830078,False,0.0,0,1,1774146841955,1774146841955,0
2026-03-21T21:34:08.612805,61,100,427,2.1424293518066406,False,0.0,0,1,1774146848612,1774146848612,0
2026-03-21T21:34:15.269723,61,200,827,3.0722618103027344,False,0.0,0,1,1774146855269,1774146855269,0
2026-03-21T21:34:21.927215,61,300,1227,3.639698028564453,False,0.0,0,1,1774146861927,1774146861927,0
2026-03-21T21:34:26.470240,62,0,26,1.1811256408691406,False,0.0,0,1,1774146866470,1774146866470,0
2026-03-21T21:34:33.122050,62,100,426,1.8846988677978516,False,0.0,0,1,1774146873122,1774146873122,0
2026-03-21T21:34:40.247765,63,0,27,4.269599914550781,False,0.0,0,1,1774146880247,1774146880247,0
2026-03-21T21:34:46.899221,63,100,427,2.112865447998047,False,0.0,0,1,1774146886899,1774146886899,0
2026-03-21T21:34:50.648671,64,0,27,1.9326210021972656,False,0.0,0,1,1774146890648,1774146890648,0
2026-03-21T21:34:57.137013,65,0,28,1.9328594207763672,False,0.0,0,1,1774146897137,1774146897137,0
2026-03-21T21:35:03.788295,65,100,428,1.9321441650390625,False,0.0,0,1,1774146903788,1774146903788,0
2026-03-21T21:35:08.016195,66,0,27,0.8721351623535156,False,0.0,0,1,1774146908016,1774146908016,0
2026-03-21T21:35:14.687375,66,100,427,2.8672218322753906,False,0.0,0,1,1774146914687,1774146914687,0
2026-03-21T21:35:16.400230,67,0,27,0.7214546203613281,False,0.0,0,1,1774146916400,1774146916400,0
2026-03-21T21:35:23.056095,67,100,427,2.660989761352539,False,0.0,0,1,1774146923056,1774146923056,0
2026-03-21T21:35:29.711167,67,200,827,1.953125,False,0.0,0,1,1774146929711,1774146929711,0
2026-03-21T21:35:32.788686,68,0,26,1.0409355163574219,False,0.0,0,1,1774146932788,1774146932788,0
2026-03-21T21:35:39.461731,68,100,426,2.5212764739990234,False,0.0,0,1,1774146939461,1774146939461,0
2026-03-21T21:35:46.002288,69,0,28,2.6443004608154297,False,0.0,0,1,1774146946002,1774146946002,0
2026-03-21T21:35:52.656824,69,100,428,2.4080276489257812,False,0.0,0,1,1774146952656,1774146952656,0
2026-03-21T21:35:59.313002,69,200,828,2.5565624237060547,False,0.0,0,1,1774146959312,1774146959313,1
2026-03-21T21:36:03.309844,70,0,27,4.373788833618164,False,0.0,0,1,1774146963309,1774146963309,0
2026-03-21T21:36:09.962465,70,100,427,3.068208694458008,False,0.0,0,1,1774146969962,1774146969962,0
2026-03-21T21:36:16.617406,70,200,827,1.9881725311279297,False,0.0,0,1,1774146976617,1774146976617,0
2026-03-21T21:36:23.274406,70,300,1227,2.9926300048828125,False,0.0,0,1,1774146983274,1774146983274,0
2026-03-21T21:36:26.720375,71,0,26,1.051187515258789,False,0.0,0,1,1774146986720,1774146986720,0
2026-03-21T21:36:32.877162,72,0,27,2.0956993103027344,False,0.0,0,1,1774146992877,1774146992877,0
2026-03-21T21:36:39.546541,72,100,427,2.6819705963134766,False,0.0,0,1,1774146999546,1774146999546,0
2026-03-21T21:36:44.528996,73,0,27,8.602619171142578,False,0.0,0,1,1774147004528,1774147004528,0
2026-03-21T21:36:50.144788,74,0,28,1.8000602722167969,False,0.0,0,1,1774147010144,1774147010144,0
2026-03-21T21:36:56.801657,74,100,428,1.8200874328613281,False,0.0,0,1,1774147016801,1774147016801,0
2026-03-21T21:37:03.457332,74,200,828,1.8076896667480469,False,0.0,0,1,1774147023457,1774147023457,0
2026-03-21T21:37:05.044989,75,0,27,3.957986831665039,False,0.0,0,1,1774147025044,1774147025044,0
2026-03-21T21:37:11.692965,75,100,427,1.5482902526855469,False,0.0,0,1,1774147031692,1774147031692,0
2026-03-21T21:37:18.367218,75,200,827,2.8285980224609375,False,0.0,0,1,1774147038367,1774147038367,0
2026-03-21T21:37:26.549639,76,0,27,1.0094642639160156,False,0.0,0,1,1774147046549,1774147046549,0
2026-03-21T21:37:33.207073,76,100,427,2.257108688354492,False,0.0,0,1,1774147053207,1774147053207,0
2026-03-21T21:37:40.313419,77,0,28,4.015922546386719,False,0.0,0,1,1774147060313,1774147060313,0
2026-03-21T21:37:46.968222,77,100,428,1.9321441650390625,False,0.0,0,1,1774147066968,1774147066968,0
2026-03-21T21:37:53.623984,77,200,828,1.8687248229980469,False,0.0,0,1,1774147073623,1774147073623,0
2026-03-21T21:37:56.998811,78,0,28,0.78582763671875,False,0.0,0,1,1774147076998,1774147076998,0
2026-03-21T21:38:03.654690,78,100,428,1.2922286987304688,False,0.0,0,1,1774147083654,1774147083654,0
2026-03-21T21:38:08.600042,79,0,28,2.294301986694336,False,0.0,0,1,1774147088600,1774147088600,0
2026-03-21T21:38:15.252550,79,100,428,1.4715194702148438,False,0.0,0,1,1774147095252,1774147095252,0
2026-03-21T21:38:17.598574,80,0,27,0.8149147033691406,False,0.0,0,1,1774147097598,1774147097598,0
2026-03-21T21:38:24.628407,81,0,27,0.8680820465087891,False,0.0,0,1,1774147104628,1774147104628,0
2026-03-21T21:38:31.277655,81,100,427,3.2880306243896484,False,0.0,0,1,1774147111277,1774147111277,0
2026-03-21T21:38:32.757251,82,0,27,1.7745494842529297,False,0.0,0,1,1774147112757,1774147112757,0
2026-03-21T21:38:39.412623,82,100,427,1.8627643585205078,False,0.0,0,1,1774147119412,1774147119412,0
2026-03-21T21:38:44.825137,83,0,28,0.8466243743896484,False,0.0,0,1,1774147124825,1774147124825,0
2026-03-21T21:38:51.477448,83,100,428,1.2159347534179688,False,0.0,0,1,1774147131477,1774147131477,0
2026-03-21T21:38:57.004066,84,0,28,1.810312271118164,False,0.0,0,1,1774147137004,1774147137004,0
2026-03-21T21:39:03.656304,84,100,428,1.9087791442871094,False,0.0,0,1,1774147143656,1774147143656,0
2026-03-21T21:39:09.165812,85,0,27,2.1941661834716797,False,0.0,0,1,1774147149165,1774147149165,0
2026-03-21T21:39:15.822201,85,100,427,2.227306365966797,False,0.0,0,1,1774147155822,1774147155822,0
2026-03-21T21:39:19.933086,86,0,27,2.7315616607666016,False,0.0,0,1,1774147159933,1774147159933,0
2026-03-21T21:39:26.604974,86,100,427,3.8232803344726562,False,0.0,0,1,1774147166604,1774147166604,0
2026-03-21T21:39:34.590870,87,0,27,1.2295246124267578,False,0.0,0,1,1774147174590,1774147174590,0
2026-03-21T21:39:41.244398,87,100,427,2.519369125366211,False,0.0,0,1,1774147181244,1774147181244,0
2026-03-21T21:39:47.899634,87,200,827,1.7747879028320312,False,0.0,0,1,1774147187899,1774147187899,0
2026-03-21T21:39:53.258245,88,0,26,0.8547306060791016,False,0.0,0,1,1774147193258,1774147193258,0
2026-03-21T21:39:59.914882,88,100,426,2.8612613677978516,False,0.0,0,1,1774147199914,1774147199914,0
2026-03-21T21:40:06.587624,88,200,826,2.4542808532714844,False,0.0,0,1,1774147206587,1774147206587,0
2026-03-21T21:40:13.241403,88,300,1226,2.0825862884521484,False,0.0,0,1,1774147213241,1774147213241,0
2026-03-21T21:40:19.915215,88,400,1626,3.0918121337890625,False,0.0,0,1,1774147219915,1774147219915,0
2026-03-21T21:40:25.553086,89,0,26,1.2087821960449219,False,0.0,0,1,1774147225553,1774147225553,0
2026-03-21T21:40:31.163755,90,0,28,3.9551258087158203,False,0.0,0,1,1774147231163,1774147231163,0
2026-03-21T21:40:37.834871,90,100,428,2.3038387298583984,False,0.0,0,1,1774147237834,1774147237834,0
2026-03-21T21:40:40.996465,91,0,27,2.5479793548583984,False,0.0,0,1,1774147240996,1774147240996,0
2026-03-21T21:40:47.667868,91,100,427,2.6950836181640625,False,0.0,0,1,1774147247667,1774147247667,0
2026-03-21T21:40:54.322491,91,200,827,2.1209716796875,False,0.0,0,1,1774147254322,1774147254322,0
2026-03-21T21:40:58.216319,92,0,28,0.9834766387939453,False,0.0,0,1,1774147258216,1774147258216,0
2026-03-21T21:41:04.871451,92,100,428,1.608133316040039,False,0.0,0,1,1774147264871,1774147264871,0
2026-03-21T21:41:06.263289,93,0,28,1.7256736755371094,False,0.0,0,1,1774147266263,1774147266263,0
2026-03-21T21:41:11.893356,94,0,27,1.8770694732666016,False,0.0,0,1,1774147271893,1774147271893,0
2026-03-21T21:41:18.549711,94,100,427,2.1173954010009766,False,0.0,0,1,1774147278549,1774147278549,0
2026-03-21T21:41:23.807132,95,0,27,1.9698143005371094,False,0.0,0,1,1774147283807,1774147283807,0
2026-03-21T21:41:30.480792,95,100,427,2.2957324981689453,False,0.0,0,1,1774147290480,1774147290480,0
2026-03-21T21:41:33.424374,96,0,27,1.7371177673339844,False,0.0,0,1,1774147293424,1774147293424,0
2026-03-21T21:41:40.097032,96,100,427,1.8453598022460938,False,0.0,0,1,1774147300097,1774147300097,0
2026-03-21T21:41:46.836417,97,0,26,1.9001960754394531,False,0.0,0,1,1774147306836,1774147306836,0
2026-03-21T21:41:52.893093,98,0,27,2.47955322265625,False,0.0,0,1,1774147312893,1774147312893,0
2026-03-21T21:41:59.349432,99,0,26,1.970529556274414,False,0.0,0,1,1774147319349,1774147319349,0
2026-03-21T21:42:06.023082,99,100,426,4.49371337890625,False,0.0,0,1,1774147326023,1774147326023,0
2026-03-21T21:42:07.128028,100,0,27,2.8760433197021484,False,0.0,0,1,1774147327128,1774147327128,0
2026-03-21T21:42:13.775827,100,100,427,2.2203922271728516,False,0.0,0,1,1774147333775,1774147333775,0
2026-03-21T21:42:17.400200,101,0,27,0.8413791656494141,False,0.0,0,1,1774147337400,1774147337400,0
2026-03-21T21:42:24.057891,101,100,427,2.6922225952148438,False,0.0,0,1,1774147344057,1774147344057,0
2026-03-21T21:42:30.712279,101,200,827,1.5196800231933594,False,0.0,0,1,1774147350712,1774147350712,0
2026-03-21T21:42:34.093840,102,0,27,2.745389938354492,False,0.0,0,1,1774147354093,1774147354093,0
2026-03-21T21:42:40.146769,103,0,27,1.886606216430664,False,0.0,0,1,1774147360146,1774147360146,0
2026-03-21T21:42:46.821443,103,100,427,1.7087459564208984,False,0.0,0,1,1774147366821,1774147366821,0
2026-03-21T21:42:48.333094,104,0,28,1.791238784790039,False,0.0,0,1,1774147368333,1774147368333,0
2026-03-21T21:42:53.858184,105,0,27,1.9664764404296875,False,0.0,0,1,1774147373858,1774147373858,0
2026-03-21T21:43:00.514734,105,100,427,2.0062923431396484,False,0.0,0,1,1774147380514,1774147380514,0
2026-03-21T21:43:07.177068,105,200,827,2.11334228515625,False,0.0,0,1,1774147387177,1774147387177,0
2026-03-21T21:43:12.026116,106,0,28,0.7796287536621094,False,0.0,0,1,1774147392026,1774147392026,0
2026-03-21T21:43:18.684340,106,100,428,2.951383590698242,False,0.0,0,1,1774147398684,1774147398684,0
2026-03-21T21:43:20.331351,107,0,27,2.344369888305664,False,0.0,0,1,1774147400331,1774147400331,0
2026-03-21T21:43:26.936904,108,0,27,2.3012161254882812,False,0.0,0,1,1774147406936,1774147406936,0
2026-03-21T21:43:33.591657,108,100,427,1.5969276428222656,False,0.0,0,1,1774147413591,1774147413591,0
2026-03-21T21:43:40.248020,108,200,827,1.9717216491699219,False,0.0,0,1,1774147420248,1774147420248,0
2026-03-21T21:43:48.834453,109,0,26,1.2354850769042969,False,0.0,0,1,1774147428834,1774147428834,0
2026-03-21T21:43:55.491142,109,100,426,3.717660903930664,False,0.0,0,1,1774147435491,1774147435491,0
2026-03-21T21:44:02.144269,109,200,826,1.798391342163086,False,0.0,0,1,1774147442144,1774147442144,0
2026-03-21T21:44:04.273605,110,0,28,1.6627311706542969,False,0.0,0,1,1774147444273,1774147444273,0
2026-03-21T21:44:10.434054,111,0,28,2.398252487182617,False,0.0,0,1,1774147450434,1774147450434,0
2026-03-21T21:44:17.088245,111,100,428,2.3527145385742188,False,0.0,0,1,1774147457088,1774147457088,0
2026-03-21T21:44:23.744472,111,200,828,3.1960010528564453,False,0.0,0,1,1774147463744,1774147463744,0
2026-03-21T21:44:30.398040,111,300,1228,2.145051956176758,False,0.0,0,1,1774147470398,1774147470398,0
2026-03-21T21:44:37.054697,111,400,1628,1.8529891967773438,False,0.0,0,1,1774147477054,1774147477054,0
2026-03-21T21:44:43.773994,111,500,2028,2.7282238006591797,False,0.0,0,1,1774147483773,1774147483773,0
2026-03-21T21:44:50.435687,111,600,2428,1.8587112426757812,False,0.0,0,1,1774147490435,1774147490435,0
2026-03-21T21:44:55.573461,112,0,27,0.8625984191894531,False,0.0,0,1,1774147495573,1774147495573,0
2026-03-21T21:45:02.229002,112,100,427,2.3641586303710938,False,0.0,0,1,1774147502228,1774147502228,0
2026-03-21T21:45:04.074481,113,0,27,1.5788078308105469,False,0.0,0,1,1774147504074,1774147504074,0
2026-03-21T21:45:10.746799,113,100,427,1.7938613891601562,False,0.0,0,1,1774147510746,1774147510746,0
2026-03-21T21:45:14.357682,114,0,27,1.0671615600585938,False,0.0,0,1,1774147514357,1774147514357,0
2026-03-21T21:45:21.015181,114,100,427,2.5637149810791016,False,0.0,0,1,1774147521015,1774147521015,0
2026-03-21T21:45:25.407278,115,0,27,0.8108615875244141,False,0.0,0,1,1774147525407,1774147525407,0
2026-03-21T21:45:31.538499,116,0,27,1.6837120056152344,False,0.0,0,1,1774147531538,1774147531538,0
2026-03-21T21:45:38.185227,116,100,427,1.916646957397461,False,0.0,0,1,1774147538185,1774147538185,0
2026-03-21T21:45:43.259940,117,0,27,1.3115406036376953,False,0.0,0,1,1774147543259,1774147543259,0
2026-03-21T21:45:48.801014,118,0,27,2.084016799926758,False,0.0,0,1,1774147548801,1774147548801,0
2026-03-21T21:45:55.457186,118,100,427,2.0427703857421875,False,0.0,0,1,1774147555457,1774147555457,0
2026-03-21T21:45:58.801472,119,0,27,1.7132759094238281,False,0.0,0,1,1774147558801,1774147558801,0
2026-03-21T21:46:05.457272,119,100,427,1.8496513366699219,False,0.0,0,1,1774147565457,1774147565457,0
2026-03-21T21:46:10.833678,120,0,27,0.8437633514404297,False,0.0,0,1,1774147570833,1774147570833,0
2026-03-21T21:46:17.488194,120,100,427,3.1957626342773438,False,0.0,0,1,1774147577488,1774147577488,0
2026-03-21T21:46:24.845393,121,0,27,0.8559226989746094,False,0.0,0,1,1774147584845,1774147584845,0
2026-03-21T21:46:30.433070,122,0,26,2.1305084228515625,False,0.0,0,1,1774147590433,1774147590433,0
2026-03-21T21:46:37.089560,122,100,426,2.282381057739258,False,0.0,0,1,1774147597089,1774147597089,0
2026-03-21T21:46:45.672592,123,0,27,0.8466243743896484,False,0.0,0,1,1774147605672,1774147605672,0
2026-03-21T21:46:52.329541,123,100,427,1.9826889038085938,False,0.0,0,1,1774147612329,1774147612329,0
2026-03-21T21:46:53.984461,124,0,28,2.027750015258789,False,0.0,0,1,1774147613984,1774147613984,0
2026-03-21T21:47:00.633652,124,100,428,3.087759017944336,False,0.0,0,1,1774147620633,1774147620633,0
2026-03-21T21:47:07.286891,124,200,828,1.7383098602294922,False,0.0,0,1,1774147627286,1774147627286,0
2026-03-21T21:47:13.942786,124,300,1228,2.012014389038086,False,0.0,0,1,1774147633942,1774147633942,0
2026-03-21T21:47:20.015177,125,0,26,1.0919570922851562,False,0.0,0,1,1774147640015,1774147640015,0
2026-03-21T21:47:27.026792,126,0,27,2.1047592163085938,False,0.0,0,1,1774147647026,1774147647026,0
2026-03-21T21:47:32.670628,127,0,27,3.056764602661133,False,0.0,0,1,1774147652670,1774147652670,0
2026-03-21T21:47:39.318364,127,100,427,2.388477325439453,False,0.0,0,1,1774147659318,1774147659318,0
2026-03-21T21:47:45.077735,128,0,27,0.8027553558349609,False,0.0,0,1,1774147665077,1774147665077,0
2026-03-21T21:47:50.699474,129,0,27,1.9657611846923828,False,0.0,0,1,1774147670699,1774147670699,0
2026-03-21T21:47:57.357332,129,100,427,3.430604934692383,False,0.0,0,1,1774147677357,1774147677357,0
2026-03-21T21:48:01.780551,130,0,27,1.0342597961425781,False,0.0,0,1,1774147681780,1774147681780,0
2026-03-21T21:48:08.437481,130,100,427,3.08990478515625,False,0.0,0,1,1774147688437,1774147688437,0
2026-03-21T21:48:12.320106,131,0,27,2.3365020751953125,False,0.0,0,1,1774147692320,1774147692320,0
2026-03-21T21:48:18.353683,132,0,27,1.8448829650878906,False,0.0,0,1,1774147698353,1774147698353,0
2026-03-21T21:48:25.009500,132,100,427,3.1447410583496094,False,0.0,0,1,1774147705009,1774147705009,0
2026-03-21T21:48:31.681149,132,200,827,2.026081085205078,False,0.0,0,1,1774147711681,1774147711681,0
2026-03-21T21:48:38.335756,132,300,1227,1.7380714416503906,False,0.0,0,1,1774147718335,1774147718335,0
2026-03-21T21:48:47.220989,133,0,27,0.972747802734375,False,0.0,0,1,1774147727220,1774147727220,0
2026-03-21T21:48:52.779212,134,0,27,2.1817684173583984,False,0.0,0,1,1774147732779,1774147732779,0
2026-03-21T21:48:59.436334,134,100,427,3.429412841796875,False,0.0,0,1,1774147739436,1774147739436,0
2026-03-21T21:49:06.091146,134,200,827,2.4542808532714844,False,0.0,0,1,1774147746091,1774147746091,0
2026-03-21T21:49:12.745406,134,300,1227,1.8463134765625,False,0.0,0,1,1774147752745,1774147752745,0
2026-03-21T21:49:19.418582,134,400,1627,1.8582344055175781,False,0.0,0,1,1774147759418,1774147759418,0
2026-03-21T21:49:26.075668,134,500,2027,3.0221939086914062,False,0.0,0,1,1774147766075,1774147766075,0
2026-03-21T21:49:32.047391,135,0,26,1.010894775390625,False,0.0,0,1,1774147772047,1774147772047,0
2026-03-21T21:49:38.720771,135,100,426,2.954244613647461,False,0.0,0,1,1774147778720,1774147778720,0
2026-03-21T21:49:42.250989,136,0,27,0.7953643798828125,False,0.0,0,1,1774147782250,1774147782250,0
2026-03-21T21:49:48.919323,136,100,427,1.9712448120117188,False,0.0,0,1,1774147788919,1774147788919,0
2026-03-21T21:49:55.575781,136,200,827,2.7971267700195312,False,0.0,0,1,1774147795575,1774147795575,0
2026-03-21T21:49:58.551695,137,0,27,0.8499622344970703,False,0.0,0,1,1774147798551,1774147798551,0
2026-03-21T21:50:04.145692,138,0,27,1.684427261352539,False,0.0,0,1,1774147804145,1774147804145,0
2026-03-21T21:50:10.799201,138,100,427,1.7774105072021484,False,0.0,0,1,1774147810799,1774147810799,0
2026-03-21T21:50:11.566403,139,0,27,1.9724369049072266,False,0.0,0,1,1774147811566,1774147811566,0
2026-03-21T21:50:18.221063,139,100,427,1.9962787628173828,False,0.0,0,1,1774147818221,1774147818221,0
2026-03-21T21:50:24.877627,139,200,827,2.0585060119628906,False,0.0,0,1,1774147824877,1774147824877,0
2026-03-21T21:50:31.535018,139,300,1227,5.020380020141602,False,0.0,0,1,1774147831535,1774147831535,0
2026-03-21T21:50:38.188791,139,400,1627,2.67791748046875,False,0.0,0,1,1774147838188,1774147838188,0
2026-03-21T21:50:44.843657,139,500,2027,2.099275588989258,False,0.0,0,1,1774147844843,1774147844843,0
2026-03-21T21:50:55.195600,140,0,27,0.9131431579589844,False,0.0,0,1,1774147855195,1774147855195,0
2026-03-21T21:51:01.847937,140,100,427,1.936197280883789,False,0.0,0,1,1774147861847,1774147861847,0
2026-03-21T21:51:03.928278,141,0,26,0.8351802825927734,False,0.0,0,1,1774147863928,1774147863928,0
2026-03-21T21:51:09.853430,142,0,27,3.1354427337646484,False,0.0,0,1,1774147869853,1774147869853,0
2026-03-21T21:51:16.525856,142,100,427,2.430438995361328,False,0.0,0,1,1774147876525,1774147876525,0
2026-03-21T21:51:20.552209,143,0,26,2.1605491638183594,False,0.0,0,1,1774147880552,1774147880552,0
2026-03-21T21:51:27.207628,143,100,426,2.55584716796875,False,0.0,0,1,1774147887207,1774147887207,0
2026-03-21T21:51:33.863143,143,200,826,2.4271011352539062,False,0.0,0,1,1774147893863,1774147893863,0
2026-03-21T21:51:40.520384,143,300,1226,3.203868865966797,False,0.0,0,1,1774147900520,1774147900520,0
2026-03-21T21:51:42.998064,144,0,27,3.0303001403808594,False,0.0,0,1,1774147902998,1774147902998,0
2026-03-21T21:51:49.673098,144,100,427,3.538846969604492,False,0.0,0,1,1774147909673,1774147909673,0
2026-03-21T21:51:56.328920,144,200,827,3.7806034088134766,False,0.0,0,1,1774147916328,1774147916328,0
2026-03-21T21:52:02.986383,144,300,1227,7.838010787963867,False,0.0,0,1,1774147922986,1774147922986,0
2026-03-21T21:52:08.802315,145,0,26,0.8151531219482422,False,0.0,0,1,1774147928802,1774147928802,0
2026-03-21T21:52:15.458788,145,100,426,1.5239715576171875,False,0.0,0,1,1774147935458,1774147935458,0
2026-03-21T21:52:23.544832,146,0,27,0.8037090301513672,False,0.0,0,1,1774147943544,1774147943544,0
2026-03-21T21:52:30.219813,146,100,427,2.0401477813720703,False,0.0,0,1,1774147950219,1774147950219,0
2026-03-21T21:52:30.950190,147,0,27,2.0444393157958984,False,0.0,0,1,1774147950950,1774147950950,0
2026-03-21T21:52:37.623629,147,100,427,2.388477325439453,False,0.0,0,1,1774147957623,1774147957623,0
2026-03-21T21:52:42.369408,148,0,27,2.371549606323242,False,0.0,0,1,1774147962369,1774147962369,0
2026-03-21T21:52:49.037524,148,100,427,1.8665790557861328,False,0.0,0,1,1774147969037,1774147969037,0
2026-03-21T21:52:51.650396,149,0,27,2.752065658569336,False,0.0,0,1,1774147971650,1774147971650,0
2026-03-21T21:52:58.308090,149,100,427,3.3004283905029297,False,0.0,0,1,1774147978308,1774147978308,0
2026-03-21T21:53:01.156725,150,0,27,2.924203872680664,False,0.0,0,1,1774147981156,1774147981156,0
2026-03-21T21:53:07.806597,150,100,427,2.122640609741211,False,0.0,0,1,1774147987806,1774147987806,0
2026-03-21T21:53:08.605536,151,0,27,2.560853958129883,False,0.0,0,1,1774147988605,1774147988605,0
2026-03-21T21:53:15.278304,151,100,427,2.287149429321289,False,0.0,0,1,1774147995278,1774147995278,0
2026-03-21T21:53:21.951083,151,200,827,2.9773712158203125,False,0.0,0,1,1774148001951,1774148001951,0
2026-03-21T21:53:28.606252,151,300,1227,2.016305923461914,False,0.0,0,1,1774148008606,1774148008606,0
2026-03-21T21:53:35.278680,151,400,1627,2.5484561920166016,False,0.0,0,1,1774148015278,1774148015278,0
2026-03-21T21:53:41.949729,151,500,2027,2.2115707397460938,False,0.0,0,1,1774148021949,1774148021949,0
2026-03-21T21:53:48.607773,151,600,2427,2.9892921447753906,False,0.0,0,1,1774148028607,1774148028607,0
2026-03-21T21:53:55.300517,151,700,2827,1.8048286437988281,False,0.0,0,1,1774148035300,1774148035300,0
2026-03-21T21:54:01.964087,151,800,3227,1.8498897552490234,False,0.0,0,1,1774148041964,1774148041964,0
2026-03-21T21:54:08.622681,151,900,3627,8.629560470581055,False,0.0,0,1,1774148048622,1774148048622,0
2026-03-21T21:54:18.475270,152,0,26,1.0328292846679688,False,0.0,0,1,1774148058475,1774148058475,0
2026-03-21T21:54:25.128026,152,100,426,2.160310745239258,False,0.0,0,1,1774148065128,1774148065128,0
2026-03-21T21:54:31.783071,152,200,826,1.7402172088623047,False,0.0,0,1,1774148071783,1774148071783,0
2026-03-21T21:54:37.656303,153,0,27,0.7922649383544922,False,0.0,0,1,1774148077656,1774148077656,0
2026-03-21T21:54:44.314935,153,100,427,1.7206668853759766,False,0.0,0,1,1774148084314,1774148084314,0
2026-03-21T21:54:50.986685,153,200,827,2.9234886169433594,False,0.0,0,1,1774148090986,1774148090986,0
2026-03-21T21:54:53.231964,154,0,27,1.6756057739257812,False,0.0,0,1,1774148093231,1774148093231,0
2026-03-21T21:54:59.887544,154,100,427,1.6262531280517578,False,0.0,0,1,1774148099887,1774148099887,0
2026-03-21T21:55:04.550532,155,0,27,4.027843475341797,False,0.0,0,1,1774148104550,1774148104550,0
2026-03-21T21:55:11.202078,155,100,427,1.825094223022461,False,0.0,0,1,1774148111202,1774148111202,0
2026-03-21T21:55:16.848112,156,0,27,2.15911865234375,False,0.0,0,1,1774148116848,1774148116848,0
2026-03-21T21:55:22.435826,157,0,27,2.413511276245117,False,0.0,0,1,1774148122435,1774148122435,0
2026-03-21T21:55:28.016565,158,0,28,10.849714279174805,False,0.0,0,1,1774148128016,1774148128016,0
2026-03-21T21:55:33.636512,159,0,27,2.0596981048583984,False,0.0,0,1,1774148133636,1774148133636,0
2026-03-21T21:55:40.305149,159,100,427,2.7284622192382812,False,0.0,0,1,1774148140305,1774148140305,0
2026-03-21T21:55:40.953149,160,0,27,3.140687942504883,False,0.0,0,1,1774148140953,1774148140953,0
2026-03-21T21:55:49.027393,161,0,27,3.721952438354492,False,0.0,0,1,1774148149027,1774148149027,0
2026-03-21T21:55:55.700302,161,100,427,8.24880599975586,False,0.0,0,1,1774148155700,1774148155700,0
2026-03-21T21:55:57.459169,162,0,28,1.4014244079589844,False,0.0,0,1,1774148157459,1774148157459,0
2026-03-21T21:56:04.115039,162,100,428,3.3347606658935547,False,0.0,0,1,1774148164115,1774148164115,0
2026-03-21T21:56:10.769965,162,200,828,2.3484230041503906,False,0.0,0,1,1774148170769,1774148170769,0
2026-03-21T21:56:14.180799,163,0,28,1.8110275268554688,False,0.0,0,1,1774148174180,1774148174180,0
2026-03-21T21:56:20.835876,163,100,428,1.9536018371582031,False,0.0,0,1,1774148180835,1774148180835,0
2026-03-21T21:56:24.164231,164,0,27,1.8870830535888672,False,0.0,0,1,1774148184164,1774148184164,0
2026-03-21T21:56:30.820218,164,100,427,2.1126270294189453,False,0.0,0,1,1774148190820,1774148190820,0
2026-03-21T21:56:37.475529,164,200,827,2.1598339080810547,False,0.0,0,1,1774148197475,1774148197475,0
2026-03-21T21:56:44.132938,164,300,1227,2.026796340942383,False,0.0,0,1,1774148204132,1774148204132,0
2026-03-21T21:56:45.915818,165,0,28,1.7974376678466797,False,0.0,0,1,1774148205915,1774148205915,0
2026-03-21T21:56:52.567340,165,100,428,1.9083023071289062,False,0.0,0,1,1774148212567,1774148212567,0
2026-03-21T21:56:59.222722,165,200,828,1.2958049774169922,False,0.0,0,1,1774148219222,1774148219222,0
2026-03-21T21:57:07.423910,166,0,26,0.9179115295410156,False,0.0,0,1,1774148227423,1774148227423,0
2026-03-21T21:57:14.481283,167,0,26,2.886533737182617,False,0.0,0,1,1774148234481,1774148234481,0
2026-03-21T21:57:20.021877,168,0,27,1.6961097717285156,False,0.0,0,1,1774148240021,1774148240021,0
2026-03-21T21:57:25.562151,169,0,27,2.3620128631591797,False,0.0,0,1,1774148245562,1774148245562,0
2026-03-21T21:57:32.234963,169,100,427,2.7093887329101562,False,0.0,0,1,1774148252234,1774148252234,0
2026-03-21T21:57:34.047470,170,0,27,0.7257461547851562,False,0.0,0,1,1774148254047,1774148254047,0
2026-03-21T21:57:40.723597,170,100,427,1.8947124481201172,False,0.0,0,1,1774148260723,1774148260723,0
2026-03-21T21:57:47.377220,170,200,827,2.4852752685546875,False,0.0,0,1,1774148267377,1774148267377,0
2026-03-21T21:57:54.037058,170,300,1227,2.4251937866210938,False,0.0,0,1,1774148274037,1774148274037,0
2026-03-21T21:58:01.384811,171,0,26,0.7886886596679688,False,0.0,0,1,1774148281384,1774148281384,0
2026-03-21T21:58:07.458785,172,0,27,1.7209053039550781,False,0.0,0,1,1774148287458,1774148287458,0
2026-03-21T21:58:13.349847,173,0,27,2.0122528076171875,False,0.0,0,1,1774148293349,1774148293349,0
2026-03-21T21:58:20.006230,173,100,427,1.8913745880126953,False,0.0,0,1,1774148300006,1774148300006,0
2026-03-21T21:58:21.788122,174,0,27,1.9316673278808594,False,0.0,0,1,1774148301788,1774148301788,0
2026-03-21T21:58:28.245034,175,0,27,0.9093284606933594,False,0.0,0,1,1774148308245,1774148308245,0
2026-03-21T21:58:34.897421,175,100,427,2.652406692504883,False,0.0,0,1,1774148314897,1774148314897,0
2026-03-21T21:58:41.552852,175,200,827,1.979827880859375,False,0.0,0,1,1774148321552,1774148321552,0
2026-03-21T21:58:45.779317,176,0,27,2.010822296142578,False,0.0,0,1,1774148325779,1774148325779,0
2026-03-21T21:58:52.650620,177,0,27,1.7414093017578125,False,0.0,0,1,1774148332650,1774148332650,0
2026-03-21T21:58:58.193492,178,0,28,1.85394287109375,False,0.0,0,1,1774148338193,1774148338193,0
2026-03-21T21:59:04.847438,178,100,428,1.7843246459960938,False,0.0,0,1,1774148344847,1774148344847,0
2026-03-21T21:59:05.781018,179,0,27,2.4063587188720703,False,0.0,0,1,1774148345781,1774148345781,0
2026-03-21T21:59:12.539388,180,0,26,1.9791126251220703,False,0.0,0,1,1774148352539,1774148352539,0
2026-03-21T21:59:20.120982,181,0,27,0.9069442749023438,False,0.0,0,1,1774148360120,1774148360120,0
2026-03-21T21:59:26.794981,181,100,427,2.3000240325927734,False,0.0,0,1,1774148366794,1774148366794,0
2026-03-21T21:59:33.450713,181,200,827,2.9692649841308594,False,0.0,0,1,1774148373450,1774148373450,0
2026-03-21T21:59:40.107846,181,300,1227,3.3054351806640625,False,0.0,0,1,1774148380107,1774148380107,0
2026-03-21T21:59:49.571340,182,0,27,0.75531005859375,False,0.0,0,1,1774148389571,1774148389571,0
2026-03-21T21:59:56.230200,182,100,427,1.8200874328613281,False,0.0,0,1,1774148396230,1774148396230,0
2026-03-21T21:59:59.257330,183,0,27,2.160310745239258,False,0.0,0,1,1774148399257,1774148399257,0
2026-03-21T22:00:05.912656,183,100,427,1.773834228515625,False,0.0,0,1,1774148405912,1774148405912,0
2026-03-21T22:00:07.960828,184,0,27,2.646207809448242,False,0.0,0,1,1774148407960,1774148407960,0
2026-03-21T22:00:14.635153,184,100,427,2.565622329711914,False,0.0,0,1,1774148414635,1774148414635,0
2026-03-21T22:00:19.074149,185,0,27,2.472400665283203,False,0.0,0,1,1774148419074,1774148419074,0
2026-03-21T22:00:25.747713,185,100,427,2.346515655517578,False,0.0,0,1,1774148425747,1774148425747,0
2026-03-21T22:00:33.385369,186,0,27,0.9281635284423828,False,0.0,0,1,1774148433385,1774148433385,0
2026-03-21T22:00:40.057717,186,100,427,2.7055740356445312,False,0.0,0,1,1774148440057,1774148440057,0
2026-03-21T22:00:45.614637,187,0,27,1.8818378448486328,False,0.0,0,1,1774148445614,1774148445614,0
2026-03-21T22:00:51.240312,188,0,28,1.8377304077148438,False,0.0,0,1,1774148451240,1774148451240,0
2026-03-21T22:00:57.912953,188,100,428,1.837015151977539,False,0.0,0,1,1774148457912,1774148457912,0
2026-03-21T22:01:02.338494,189,0,27,1.7993450164794922,False,0.0,0,1,1774148462338,1774148462338,0
2026-03-21T22:01:08.991180,189,100,427,2.0093917846679688,False,0.0,0,1,1774148468991,1774148468991,0
2026-03-21T22:01:09.833608,190,0,27,1.6028881072998047,False,0.0,0,1,1774148469833,1774148469833,0
2026-03-21T22:01:15.439496,191,0,27,3.7894248962402344,False,0.0,0,1,1774148475439,1774148475439,0
2026-03-21T22:01:21.044207,192,0,28,1.903533935546875,False,0.0,0,1,1774148481044,1774148481044,0
2026-03-21T22:01:27.695767,192,100,428,4.060029983520508,False,0.0,0,1,1774148487695,1774148487695,0
2026-03-21T22:01:34.350237,192,200,828,2.9144287109375,False,0.0,0,1,1774148494350,1774148494350,0
2026-03-21T22:01:35.297754,193,0,27,2.5005340576171875,False,0.0,0,1,1774148495297,1774148495297,0
2026-03-21T22:01:41.953362,193,100,427,2.462148666381836,False,0.0,0,1,1774148501953,1774148501953,0
2026-03-21T22:01:46.113489,194,0,27,2.3260116577148438,False,0.0,0,1,1774148506113,1774148506113,0
2026-03-21T22:01:52.786385,194,100,427,2.359151840209961,False,0.0,0,1,1774148512786,1774148512786,0
2026-03-21T22:01:59.442252,194,200,827,2.7246475219726562,False,0.0,0,1,1774148519442,1774148519442,0
2026-03-21T22:02:06.097726,194,300,1227,2.9740333557128906,False,0.0,0,1,1774148526097,1774148526097,0
2026-03-21T22:02:13.551227,195,0,27,0.8759498596191406,False,0.0,0,1,1774148533551,1774148533551,0
2026-03-21T22:02:20.206144,195,100,427,1.796722412109375,False,0.0,0,1,1774148540206,1774148540206,0
2026-03-21T22:02:26.862733,195,200,827,2.5703907012939453,False,0.0,0,1,1774148546862,1774148546862,0
2026-03-21T22:02:27.726934,196,0,28,2.072572708129883,False,0.0,0,1,1774148547726,1774148547726,0
2026-03-21T22:02:33.718486,197,0,28,2.147197723388672,False,0.0,0,1,1774148553718,1774148553718,0
2026-03-21T22:02:40.508327,198,0,27,2.390146255493164,False,0.0,0,1,1774148560508,1774148560508,0
2026-03-21T22:02:46.713262,199,0,28,2.4890899658203125,False,0.0,0,1,1774148566713,1774148566713,0
2026-03-21T22:02:53.651068,200,0,28,1.7905235290527344,False,0.0,0,1,1774148573651,1774148573651,0
2026-03-21T22:03:00.308021,200,100,428,1.6472339630126953,False,0.0,0,1,1774148580308,1774148580308,0
2026-03-21T22:03:06.961717,200,200,828,1.8086433410644531,False,0.0,0,1,1774148586961,1774148586961,0
2026-03-21T22:03:13.618220,200,300,1228,2.1054744720458984,False,0.0,0,1,1774148593618,1774148593618,0
2026-03-21T22:03:20.274331,200,400,1628,2.7925968170166016,False,0.0,0,1,1774148600274,1774148600274,0
2026-03-21T22:03:30.905947,201,0,26,1.3394355773925781,False,0.0,0,1,1774148610905,1774148610905,0
2026-03-21T22:03:37.676987,201,100,426,1.611948013305664,False,0.0,0,1,1774148617676,1774148617676,0
2026-03-21T22:03:44.333002,201,200,826,2.000093460083008,False,0.0,0,1,1774148624332,1774148624333,1
2026-03-21T22:03:50.997158,201,300,1226,10.287046432495117,False,0.0,0,1,1774148630997,1774148630997,0
2026-03-21T22:03:54.614857,202,0,27,0.7660388946533203,False,0.0,0,1,1774148634614,1774148634614,0
2026-03-21T22:04:00.966887,203,0,27,12.21609115600586,False,0.0,0,1,1774148640966,1774148640966,0
2026-03-21T22:04:07.860498,204,0,27,1.5757083892822266,False,0.0,0,1,1774148647860,1774148647860,0
2026-03-21T22:04:14.516800,204,100,427,2.096414566040039,False,0.0,0,1,1774148654516,1774148654516,0
2026-03-21T22:04:18.656493,205,0,27,14.88637924194336,False,0.0,0,1,1774148658656,1774148658656,0
2026-03-21T22:04:25.299123,205,100,427,2.2847652435302734,False,0.0,0,1,1774148665299,1774148665299,0
2026-03-21T22:04:27.328850,206,0,27,2.398252487182617,False,0.0,0,1,1774148667328,1774148667328,0
2026-03-21T22:04:33.986033,206,100,427,2.7899742126464844,False,0.0,0,1,1774148673986,1774148673986,0
2026-03-21T22:04:37.140997,207,0,27,2.011537551879883,False,0.0,0,1,1774148677140,1774148677140,0
2026-03-21T22:04:43.785444,207,100,427,2.415180206298828,False,0.0,0,1,1774148683785,1774148683785,0
2026-03-21T22:04:47.097270,208,0,27,1.791238784790039,False,0.0,0,1,1774148687097,1774148687097,0
2026-03-21T22:04:53.751468,208,100,427,1.880645751953125,False,0.0,0,1,1774148693751,1774148693751,0
2026-03-21T22:05:00.425518,208,200,827,2.0618438720703125,False,0.0,0,1,1774148700425,1774148700425,0
2026-03-21T22:05:04.552669,209,0,27,0.8280277252197266,False,0.0,0,1,1774148704552,1774148704552,0
2026-03-21T22:05:11.206236,209,100,427,1.8596649169921875,False,0.0,0,1,1774148711206,1774148711206,0
2026-03-21T22:05:17.877346,209,200,827,1.3279914855957031,False,0.0,0,1,1774148717877,1774148717877,0
2026-03-21T22:05:24.535876,209,300,1227,2.5506019592285156,False,0.0,0,1,1774148724535,1774148724535,0
2026-03-21T22:05:29.041945,210,0,26,0.8871555328369141,False,0.0,0,1,1774148729041,1774148729041,0
2026-03-21T22:05:37.012153,211,0,27,0.7309913635253906,False,0.0,0,1,1774148737012,1774148737012,0
2026-03-21T22:05:42.554894,212,0,27,1.8777847290039062,False,0.0,0,1,1774148742554,1774148742554,0
2026-03-21T22:05:49.211321,212,100,427,2.00653076171875,False,0.0,0,1,1774148749211,1774148749211,0
2026-03-21T22:05:52.389208,213,0,27,2.0818710327148438,False,0.0,0,1,1774148752389,1774148752389,0
2026-03-21T22:05:59.062719,213,100,427,1.8241405487060547,False,0.0,0,1,1774148759062,1774148759062,0
2026-03-21T22:06:02.637122,214,0,27,1.6911029815673828,False,0.0,0,1,1774148762637,1774148762637,0
2026-03-21T22:06:08.594279,215,0,27,1.888275146484375,False,0.0,0,1,1774148768594,1774148768594,0
2026-03-21T22:06:15.250545,215,100,427,2.7391910552978516,False,0.0,0,1,1774148775250,1774148775250,0
2026-03-21T22:06:18.005079,216,0,27,3.253936767578125,False,0.0,0,1,1774148778005,1774148778005,0
2026-03-21T22:06:24.651722,216,100,427,1.5223026275634766,False,0.0,0,1,1774148784651,1774148784651,0
2026-03-21T22:06:31.325038,216,200,827,1.402139663696289,False,0.0,0,1,1774148791325,1774148791325,0
2026-03-21T22:06:37.980789,216,300,1227,1.7976760864257812,False,0.0,0,1,1774148797980,1774148797980,0
2026-03-21T22:06:47.362214,217,0,26,0.9095668792724609,False,0.0,0,1,1774148807362,1774148807362,0
2026-03-21T22:06:54.019254,217,100,426,1.9578933715820312,False,0.0,0,1,1774148814019,1774148814019,0
2026-03-21T22:06:55.251797,218,0,27,1.8985271453857422,False,0.0,0,1,1774148815251,1774148815251,0
2026-03-21T22:07:01.907554,218,100,427,3.1871795654296875,False,0.0,0,1,1774148821907,1774148821907,0
2026-03-21T22:07:07.793585,219,0,27,14.392852783203125,False,0.0,0,1,1774148827793,1774148827793,0
2026-03-21T22:07:14.438436,219,100,427,2.315521240234375,False,0.0,0,1,1774148834438,1774148834438,0
2026-03-21T22:07:21.093103,219,200,827,2.516031265258789,False,0.0,0,1,1774148841093,1774148841093,0
2026-03-21T22:07:27.747462,219,300,1227,1.8377304077148438,False,0.0,0,1,1774148847747,1774148847747,0
2026-03-21T22:07:34.421316,219,400,1627,4.459381103515625,False,0.0,0,1,1774148854421,1774148854421,0
2026-03-21T22:07:38.028598,220,0,27,0.8404254913330078,False,0.0,0,1,1774148858028,1774148858028,0
2026-03-21T22:07:44.634518,220,100,424,1.9030570983886719,False,0.0,0,1,1774148864634,1774148864634,0
2026-03-21T22:07:46.164716,221,0,27,0.9860992431640625,False,0.0,0,1,1774148866164,1774148866164,0
2026-03-21T22:07:51.697447,222,0,27,3.560304641723633,False,0.0,0,1,1774148871697,1774148871697,0
2026-03-21T22:07:58.352169,222,100,427,8.731365203857422,False,0.0,0,1,1774148878352,1774148878352,0
2026-03-21T22:08:05.000600,222,200,827,1.8777847290039062,False,0.0,0,1,1774148885000,1774148885000,0
2026-03-21T22:08:11.656354,222,300,1227,2.0728111267089844,False,0.0,0,1,1774148891656,1774148891656,0
2026-03-21T22:08:16.825268,223,0,27,3.047466278076172,False,0.0,0,1,1774148896825,1774148896825,0
2026-03-21T22:08:23.470131,223,100,427,1.7735958099365234,False,0.0,0,1,1774148903470,1774148903470,0
2026-03-21T22:08:30.125555,223,200,827,1.7986297607421875,False,0.0,0,1,1774148910125,1774148910125,0
2026-03-21T22:08:36.788163,223,300,1227,8.885860443115234,False,0.0,0,1,1774148916788,1774148916788,0
2026-03-21T22:08:46.383505,224,0,27,0.949859619140625,False,0.0,0,1,1774148926383,1774148926383,0
2026-03-21T22:08:52.005814,225,0,27,1.8737316131591797,False,0.0,0,1,1774148932005,1774148932005,0
2026-03-21T22:08:57.632425,226,0,28,2.5489330291748047,False,0.0,0,1,1774148937632,1774148937632,0
2026-03-21T22:09:03.170990,227,0,27,1.9371509552001953,False,0.0,0,1,1774148943170,1774148943170,0
2026-03-21T22:09:09.826191,227,100,427,1.6303062438964844,False,0.0,0,1,1774148949826,1774148949826,0
2026-03-21T22:09:16.482870,227,200,827,2.473592758178711,False,0.0,0,1,1774148956482,1774148956482,0
2026-03-21T22:09:21.090689,228,0,26,1.0542869567871094,False,0.0,0,1,1774148961090,1774148961090,0
2026-03-21T22:09:27.748041,228,100,426,2.0170211791992188,False,0.0,0,1,1774148967748,1774148967748,0
2026-03-21T22:09:31.324724,229,0,27,2.452373504638672,False,0.0,0,1,1774148971324,1774148971324,0
2026-03-21T22:09:37.981342,229,100,427,1.97601318359375,False,0.0,0,1,1774148977981,1774148977981,0
2026-03-21T22:09:43.143368,230,0,27,2.0685195922851562,False,0.0,0,1,1774148983143,1774148983143,0
2026-03-21T22:09:49.793265,231,0,27,1.8055438995361328,False,0.0,0,1,1774148989793,1774148989793,0
2026-03-21T22:09:56.682560,232,0,27,2.259492874145508,False,0.0,0,1,1774148996682,1774148996682,0
2026-03-21T22:10:03.338543,232,100,427,2.3615360260009766,False,0.0,0,1,1774149003338,1774149003338,0
2026-03-21T22:10:07.117199,233,0,27,0.8733272552490234,False,0.0,0,1,1774149007117,1774149007117,0
2026-03-21T22:10:13.773192,233,100,427,2.520322799682617,False,0.0,0,1,1774149013773,1774149013773,0
2026-03-21T22:10:20.447700,233,200,827,2.1445751190185547,False,0.0,0,1,1774149020447,1774149020447,0
2026-03-21T22:10:22.606303,234,0,27,2.274036407470703,False,0.0,0,1,1774149022606,1774149022606,0
2026-03-21T22:10:29.279256,234,100,427,2.4650096893310547,False,0.0,0,1,1774149029279,1774149029279,0
2026-03-21T22:10:32.144082,235,0,27,2.373933792114258,False,0.0,0,1,1774149032144,1774149032144,0
2026-03-21T22:10:38.796113,235,100,427,1.626729965209961,False,0.0,0,1,1774149038796,1774149038796,0
2026-03-21T22:10:45.451299,235,200,827,1.659393310546875,False,0.0,0,1,1774149045451,1774149045451,0
2026-03-21T22:10:47.116787,236,0,27,1.9643306732177734,False,0.0,0,1,1774149047116,1774149047116,0
2026-03-21T22:10:53.773056,236,100,427,2.835988998413086,False,0.0,0,1,1774149053773,1774149053773,0
2026-03-21T22:11:00.448212,236,200,827,2.084016799926758,False,0.0,0,1,1774149060448,1774149060448,0
2026-03-21T22:11:07.098809,236,300,1227,1.851797103881836,False,0.0,0,1,1774149067098,1774149067098,0
2026-03-21T22:11:13.754654,236,400,1627,2.067089080810547,False,0.0,0,1,1774149073754,1774149073754,0
2026-03-21T22:11:20.411216,236,500,2027,2.194643020629883,False,0.0,0,1,1774149080411,1774149080411,0
2026-03-21T22:11:27.997548,237,0,27,0.98419189453125,False,0.0,0,1,1774149087997,1774149087997,0
2026-03-21T22:11:34.652451,237,100,427,1.5981197357177734,False,0.0,0,1,1774149094652,1774149094652,0
2026-03-21T22:11:40.978391,238,0,27,1.6140937805175781,False,0.0,0,1,1774149100978,1774149100978,0
2026-03-21T22:11:47.633232,238,100,427,2.0263195037841797,False,0.0,0,1,1774149107633,1774149107633,0
2026-03-21T22:11:54.294500,238,200,827,8.265495300292969,False,0.0,0,1,1774149114294,1774149114294,0
2026-03-21T22:12:00.944414,238,300,1227,2.3071765899658203,False,0.0,0,1,1774149120944,1774149120944,0
2026-03-21T22:12:06.981947,239,0,26,0.7476806640625,False,0.0,0,1,1774149126981,1774149126981,0
2026-03-21T22:12:13.657480,239,100,426,1.9388198852539062,False,0.0,0,1,1774149133657,1774149133657,0
2026-03-21T22:12:15.240715,240,0,27,2.1355152130126953,False,0.0,0,1,1774149135240,1774149135240,0
2026-03-21T22:12:21.908156,240,100,427,2.016305923461914,False,0.0,0,1,1774149141908,1774149141908,0
2026-03-21T22:12:29.561592,241,0,27,0.8933544158935547,False,0.0,0,1,1774149149561,1774149149561,0
2026-03-21T22:12:36.220305,241,100,427,3.421783447265625,False,0.0,0,1,1774149156220,1774149156220,0
2026-03-21T22:12:37.187985,242,0,27,1.9233226776123047,False,0.0,0,1,1774149157187,1774149157187,0
2026-03-21T22:12:43.539469,243,0,27,1.981496810913086,False,0.0,0,1,1774149163539,1774149163539,0
2026-03-21T22:12:50.194211,243,100,427,1.8880367279052734,False,0.0,0,1,1774149170194,1774149170194,0
2026-03-21T22:12:56.849727,243,200,827,1.5273094177246094,False,0.0,0,1,1774149176849,1774149176849,0
2026-03-21T22:12:59.678468,244,0,27,0.732421875,False,0.0,0,1,1774149179678,1774149179678,0
2026-03-21T22:13:06.333933,244,100,427,1.8761157989501953,False,0.0,0,1,1774149186333,1774149186333,0
2026-03-21T22:13:12.989632,244,200,827,1.7995834350585938,False,0.0,0,1,1774149192989,1774149192989,0
2026-03-21T22:13:19.646075,244,300,1227,2.0766258239746094,False,0.0,0,1,1774149199646,1774149199646,0
2026-03-21T22:13:25.385359,245,0,26,1.0762214660644531,False,0.0,0,1,1774149205385,1774149205385,0
2026-03-21T22:13:31.460031,246,0,28,1.7130374908447266,False,0.0,0,1,1774149211460,1774149211460,0
2026-03-21T22:13:38.116251,246,100,428,2.076864242553711,False,0.0,0,1,1774149218116,1774149218116,0
2026-03-21T22:13:44.773785,246,200,828,3.896951675415039,False,0.0,0,1,1774149224773,1774149224773,0
2026-03-21T22:13:49.378864,247,0,27,0.8177757263183594,False,0.0,0,1,1774149229378,1774149229378,0
2026-03-21T22:13:55.453307,248,0,28,2.517223358154297,False,0.0,0,1,1774149235453,1774149235453,0
2026-03-21T22:14:02.109425,248,100,428,2.9211044311523438,False,0.0,0,1,1774149242109,1774149242109,0
2026-03-21T22:14:05.187329,249,0,27,2.275228500366211,False,0.0,0,1,1774149245187,1774149245187,0
2026-03-21T22:14:10.727508,250,0,28,1.7409324645996094,False,0.0,0,1,1774149250727,1774149250727,0
2026-03-21T22:14:17.384931,250,100,428,3.7326812744140625,False,0.0,0,1,1774149257384,1774149257384,0
2026-03-21T22:14:20.278591,251,0,27,1.783609390258789,False,0.0,0,1,1774149260278,1774149260278,0
2026-03-21T22:14:26.934886,251,100,427,2.0139217376708984,False,0.0,0,1,1774149266934,1774149266934,0
2026-03-21T22:14:29.632992,252,0,28,2.5072097778320312,False,0.0,0,1,1774149269632,1774149269632,0
2026-03-21T22:14:36.284689,252,100,428,1.50299072265625,False,0.0,0,1,1774149276284,1774149276284,0
2026-03-21T22:14:42.940942,252,200,828,1.8868446350097656,False,0.0,0,1,1774149282940,1774149282940,0
2026-03-21T22:14:50.676654,253,0,27,0.7941722869873047,False,0.0,0,1,1774149290676,1774149290676,0
2026-03-21T22:14:57.351180,253,100,427,3.0291080474853516,False,0.0,0,1,1774149297351,1774149297351,0
2026-03-21T22:15:04.005737,253,200,827,1.3318061828613281,False,0.0,0,1,1774149304005,1774149304005,0
2026-03-21T22:15:08.780184,254,0,27,0.7708072662353516,False,0.0,0,1,1774149308780,1774149308780,0
2026-03-21T22:15:15.438180,254,100,427,2.335071563720703,False,0.0,0,1,1774149315438,1774149315438,0
2026-03-21T22:15:22.094583,254,200,827,2.9375553131103516,False,0.0,0,1,1774149322094,1774149322094,0
2026-03-21T22:15:28.750171,254,300,1227,2.6514530181884766,False,0.0,0,1,1774149328750,1774149328750,0
2026-03-21T22:15:35.440661,254,400,1627,2.360820770263672,False,0.0,0,1,1774149335440,1774149335440,0
2026-03-21T22:15:42.110696,254,500,2027,1.9490718841552734,False,0.0,0,1,1774149342110,1774149342110,0
2026-03-21T22:15:48.769228,254,600,2427,2.4564266204833984,False,0.0,0,1,1774149348769,1774149348769,0
2026-03-21T22:15:55.193908,255,0,26,1.3153553009033203,False,0.0,0,1,1774149355193,1774149355193,0
2026-03-21T22:16:01.844024,255,100,426,2.952098846435547,False,0.0,0,1,1774149361844,1774149361844,0
2026-03-21T22:16:03.534215,256,0,27,2.434253692626953,False,0.0,0,1,1774149363534,1774149363534,0
2026-03-21T22:16:09.697913,257,0,27,3.159761428833008,False,0.0,0,1,1774149369697,1774149369697,0
2026-03-21T22:16:16.303703,258,0,26,2.155303955078125,False,0.0,0,1,1774149376303,1774149376303,0
2026-03-21T22:16:22.961143,258,100,426,3.6585330963134766,False,0.0,0,1,1774149382961,1774149382961,0
2026-03-21T22:16:29.613729,258,200,826,1.8258094787597656,False,0.0,0,1,1774149389613,1774149389613,0
2026-03-21T22:16:36.270875,258,300,1226,2.95257568359375,False,0.0,0,1,1774149396270,1774149396270,0
2026-03-21T22:16:41.433141,259,0,27,0.8141994476318359,False,0.0,0,1,1774149401433,1774149401433,0
2026-03-21T22:16:48.100167,259,100,427,1.9693374633789062,False,0.0,0,1,1774149408100,1774149408100,0
2026-03-21T22:16:52.791633,260,0,27,1.7476081848144531,False,0.0,0,1,1774149412791,1774149412791,0
2026-03-21T22:16:59.448310,260,100,427,1.7647743225097656,False,0.0,0,1,1774149419448,1774149419448,0
2026-03-21T22:17:01.211493,261,0,27,0.8242130279541016,False,0.0,0,1,1774149421211,1774149421211,0
2026-03-21T22:17:07.868249,261,100,427,1.5473365783691406,False,0.0,0,1,1774149427868,1774149427868,0
2026-03-21T22:17:14.524490,261,200,827,2.463102340698242,False,0.0,0,1,1774149434524,1774149434524,0
2026-03-21T22:17:21.180488,261,300,1227,2.995729446411133,False,0.0,0,1,1774149441180,1774149441180,0
2026-03-21T22:17:29.347741,262,0,27,1.230478286743164,False,0.0,0,1,1774149449347,1774149449347,0
2026-03-21T22:17:36.005348,262,100,427,2.714872360229492,False,0.0,0,1,1774149456005,1774149456005,0
2026-03-21T22:17:42.659610,262,200,827,2.3627281188964844,False,0.0,0,1,1774149462659,1774149462659,0
2026-03-21T22:17:49.315262,262,300,1227,1.825094223022461,False,0.0,0,1,1774149469315,1774149469315,0
2026-03-21T22:17:52.726876,263,0,27,0.8139610290527344,False,0.0,0,1,1774149472726,1774149472726,0
2026-03-21T22:17:59.397835,263,100,427,1.6553401947021484,False,0.0,0,1,1774149479397,1774149479397,0
2026-03-21T22:18:05.721131,264,0,28,1.020669937133789,False,0.0,0,1,1774149485721,1774149485721,0
2026-03-21T22:18:12.378076,264,100,428,2.1309852600097656,False,0.0,0,1,1774149492378,1774149492378,0
2026-03-21T22:18:19.033656,264,200,828,2.4268627166748047,False,0.0,0,1,1774149499033,1774149499033,0
2026-03-21T22:18:25.688471,264,300,1228,2.4688243865966797,False,0.0,0,1,1774149505688,1774149505688,0
2026-03-21T22:18:30.828711,265,0,27,0.78582763671875,False,0.0,0,1,1774149510828,1774149510828,0
2026-03-21T22:18:37.485158,265,100,427,2.2525787353515625,False,0.0,0,1,1774149517485,1774149517485,0
2026-03-21T22:18:44.141932,265,200,827,2.5031566619873047,False,0.0,0,1,1774149524141,1774149524141,0
2026-03-21T22:18:52.160788,266,0,27,1.0504722595214844,False,0.0,0,1,1774149532160,1774149532160,0
2026-03-21T22:18:57.755404,267,0,27,2.100229263305664,False,0.0,0,1,1774149537755,1774149537755,0
2026-03-21T22:19:05.157310,268,0,26,0.8339881896972656,False,0.0,0,1,1774149545157,1774149545157,0
2026-03-21T22:19:10.782654,269,0,27,1.989126205444336,False,0.0,0,1,1774149550782,1774149550782,0
2026-03-21T22:19:17.436552,269,100,427,3.2372474670410156,False,0.0,0,1,1774149557436,1774149557436,0
2026-03-21T22:19:24.090953,269,200,827,2.0592212677001953,False,0.0,0,1,1774149564090,1774149564090,0
2026-03-21T22:19:27.151756,270,0,27,1.0840892791748047,False,0.0,0,1,1774149567151,1774149567151,0
2026-03-21T22:19:33.809454,270,100,427,2.3484230041503906,False,0.0,0,1,1774149573809,1774149573809,0
2026-03-21T22:19:34.608730,271,0,27,2.139568328857422,False,0.0,0,1,1774149574608,1774149574608,0
2026-03-21T22:19:41.264527,271,100,427,3.263235092163086,False,0.0,0,1,1774149581264,1774149581264,0
2026-03-21T22:19:42.005385,272,0,28,12.010812759399414,False,0.0,0,1,1774149582005,1774149582005,0
2026-03-21T22:19:48.863467,273,0,26,3.4584999084472656,False,0.0,0,1,1774149588863,1774149588863,0
2026-03-21T22:19:55.506302,273,100,426,1.9764900207519531,False,0.0,0,1,1774149595506,1774149595506,0
2026-03-21T22:19:59.017784,274,0,26,2.097606658935547,False,0.0,0,1,1774149599017,1774149599017,0
2026-03-21T22:20:05.676870,274,100,426,2.4547576904296875,False,0.0,0,1,1774149605676,1774149605676,0
2026-03-21T22:20:12.328980,274,200,826,2.6416778564453125,False,0.0,0,1,1774149612328,1774149612328,0
2026-03-21T22:20:13.026162,275,0,26,1.7862319946289062,False,0.0,0,1,1774149613026,1774149613026,0
2026-03-21T22:20:19.682288,275,100,426,1.47247314453125,False,0.0,0,1,1774149619682,1774149619682,0
2026-03-21T22:20:26.338396,275,200,826,2.2215843200683594,False,0.0,0,1,1774149626338,1774149626338,0
2026-03-21T22:20:29.301788,276,0,28,2.5637149810791016,False,0.0,0,1,1774149629301,1774149629301,0
2026-03-21T22:20:35.972022,276,100,428,1.844167709350586,False,0.0,0,1,1774149635972,1774149635972,0
2026-03-21T22:20:39.848947,277,0,27,1.8498897552490234,False,0.0,0,1,1774149639848,1774149639848,0
2026-03-21T22:20:45.475509,278,0,28,1.773834228515625,False,0.0,0,1,1774149645475,1774149645475,0
2026-03-21T22:20:51.612548,279,0,27,1.861572265625,False,0.0,0,1,1774149651612,1774149651612,0
2026-03-21T22:20:58.268892,279,100,427,1.9519329071044922,False,0.0,0,1,1774149658268,1774149658268,0
2026-03-21T22:21:05.771461,280,0,28,0.8087158203125,False,0.0,0,1,1774149665771,1774149665771,0
2026-03-21T22:21:12.896589,281,0,28,0.8792877197265625,False,0.0,0,1,1774149672896,1774149672896,0
2026-03-21T22:21:18.484046,282,0,27,1.4925003051757812,False,0.0,0,1,1774149678484,1774149678484,0
2026-03-21T22:21:25.158302,282,100,427,2.077341079711914,False,0.0,0,1,1774149685158,1774149685158,0
2026-03-21T22:21:30.748457,283,0,27,1.9197463989257812,False,0.0,0,1,1774149690748,1774149690748,0
2026-03-21T22:21:37.411711,283,100,427,8.795738220214844,False,0.0,0,1,1774149697411,1774149697411,0
2026-03-21T22:21:39.969824,284,0,27,1.8718242645263672,False,0.0,0,1,1774149699969,1774149699969,0
2026-03-21T22:21:46.639305,284,100,427,2.4900436401367188,False,0.0,0,1,1774149706639,1774149706639,0
2026-03-21T22:21:50.906304,285,0,27,3.82232666015625,False,0.0,0,1,1774149710906,1774149710906,0
2026-03-21T22:21:57.552692,285,100,427,1.6596317291259766,False,0.0,0,1,1774149717552,1774149717552,0
2026-03-21T22:22:04.228362,285,200,827,3.329038619995117,False,0.0,0,1,1774149724228,1774149724228,0
2026-03-21T22:22:10.880868,285,300,1227,2.0313262939453125,False,0.0,0,1,1774149730880,1774149730880,0
2026-03-21T22:22:16.904787,286,0,27,0.8633136749267578,False,0.0,0,1,1774149736904,1774149736904,0
2026-03-21T22:22:23.578331,286,100,427,1.4889240264892578,False,0.0,0,1,1774149743578,1774149743578,0
2026-03-21T22:22:30.234857,286,200,827,2.042531967163086,False,0.0,0,1,1774149750234,1774149750234,0
2026-03-21T22:22:37.903780,287,0,27,0.7534027099609375,False,0.0,0,1,1774149757903,1774149757903,0
2026-03-21T22:22:44.567957,287,100,427,10.578632354736328,False,0.0,0,1,1774149764567,1774149764567,0
2026-03-21T22:22:49.251905,288,0,28,1.4154911041259766,False,0.0,0,1,1774149769251,1774149769251,0
2026-03-21T22:22:55.917829,288,100,428,10.30731201171875,False,0.0,0,1,1774149775917,1774149775917,0
2026-03-21T22:23:02.588828,288,200,828,10.828971862792969,False,0.0,0,1,1774149782588,1774149782588,0
2026-03-21T22:23:11.978595,289,0,27,0.7059574127197266,False,0.0,0,1,1774149791978,1774149791978,0
2026-03-21T22:23:18.636091,289,100,427,2.542257308959961,False,0.0,0,1,1774149798636,1774149798636,0
2026-03-21T22:23:24.625257,290,0,27,1.3377666473388672,False,0.0,0,1,1774149804625,1774149804625,0
2026-03-21T22:23:31.281875,290,100,427,2.434253692626953,False,0.0,0,1,1774149811281,1774149811281,0
2026-03-21T22:23:33.196212,291,0,27,2.377033233642578,False,0.0,0,1,1774149813196,1774149813196,0
2026-03-21T22:23:40.261636,292,0,26,12.795686721801758,False,0.0,0,1,1774149820261,1774149820261,0
2026-03-21T22:23:46.906560,292,100,426,1.964569091796875,False,0.0,0,1,1774149826906,1774149826906,0
2026-03-21T22:23:53.562984,292,200,826,2.2940635681152344,False,0.0,0,1,1774149833562,1774149833562,0
2026-03-21T22:23:57.553261,293,0,26,0.77056884765625,False,0.0,0,1,1774149837553,1774149837553,0
2026-03-21T22:24:04.209515,293,100,426,1.8138885498046875,False,0.0,0,1,1774149844209,1774149844209,0
2026-03-21T22:24:11.032292,294,0,28,2.031564712524414,False,0.0,0,1,1774149851032,1774149851032,0
2026-03-21T22:24:17.688547,294,100,428,2.9387474060058594,False,0.0,0,1,1774149857688,1774149857688,0
2026-03-21T22:24:22.097052,295,0,26,2.5148391723632812,False,0.0,0,1,1774149862097,1774149862097,0
2026-03-21T22:24:28.770749,295,100,426,2.8460025787353516,False,0.0,0,1,1774149868770,1774149868770,0
2026-03-21T22:24:30.035434,296,0,28,2.5594234466552734,False,0.0,0,1,1774149870035,1774149870035,0
2026-03-21T22:24:36.693534,296,100,428,2.447843551635742,False,0.0,0,1,1774149876693,1774149876693,0
2026-03-21T22:24:43.345344,296,200,828,2.2373199462890625,False,0.0,0,1,1774149883345,1774149883345,0
2026-03-21T22:24:50.002141,296,300,1228,1.592397689819336,False,0.0,0,1,1774149890002,1774149890002,0
2026-03-21T22:24:54.245002,297,0,28,0.8473396301269531,False,0.0,0,1,1774149894245,1774149894245,0
2026-03-21T22:24:59.842936,298,0,27,0.8859634399414062,False,0.0,0,1,1774149899842,1774149899842,0
2026-03-21T22:25:06.489463,298,100,427,1.714468002319336,False,0.0,0,1,1774149906489,1774149906489,0
2026-03-21T22:25:13.155793,298,200,827,12.471675872802734,False,0.0,0,1,1774149913155,1774149913155,0
2026-03-21T22:25:19.802540,298,300,1227,2.987384796142578,False,0.0,0,1,1774149919802,1774149919802,0
2026-03-21T22:25:26.457894,298,400,1627,2.175569534301758,False,0.0,0,1,1774149926457,1774149926457,0
2026-03-21T22:25:36.522057,299,0,26,0.8609294891357422,False,0.0,0,1,1774149936522,1774149936522,0
2026-03-21T22:25:43.180278,299,100,426,2.5544166564941406,False,0.0,0,1,1774149943180,1774149943180,0
2026-03-21T22:25:49.834734,299,200,826,1.8200874328613281,False,0.0,0,1,1774149949834,1774149949834,0
2026-03-21T22:25:56.492809,299,300,1226,2.3529529571533203,False,0.0,0,1,1774149956492,1774149956492,0
2026-03-21T22:26:06.040758,300,0,27,1.146078109741211,False,0.0,0,1,1774149966040,1774149966040,0
2026-03-21T22:26:12.697796,300,100,427,2.1109580993652344,False,0.0,0,1,1774149972697,1774149972697,0
2026-03-21T22:26:19.185494,301,0,27,1.013040542602539,False,0.0,0,1,1774149979185,1774149979185,0
2026-03-21T22:26:25.841210,301,100,427,1.8274784088134766,False,0.0,0,1,1774149985841,1774149985841,0
2026-03-21T22:26:32.497973,301,200,827,1.958608627319336,False,0.0,0,1,1774149992497,1774149992497,0
2026-03-21T22:26:39.153929,301,300,1227,2.254962921142578,False,0.0,0,1,1774149999153,1774149999153,0
2026-03-21T22:26:40.052574,302,0,28,3.1054019927978516,False,0.0,0,1,1774150000052,1774150000052,0
2026-03-21T22:26:46.707169,302,100,428,1.7838478088378906,False,0.0,0,1,1774150006707,1774150006707,0
2026-03-21T22:26:51.285693,303,0,27,1.580953598022461,False,0.0,0,1,1774150011285,1774150011285,0
2026-03-21T22:26:57.290259,304,0,28,1.628875732421875,False,0.0,0,1,1774150017290,1774150017290,0
2026-03-21T22:27:03.945105,304,100,428,1.9657611846923828,False,0.0,0,1,1774150023945,1774150023945,0
2026-03-21T22:27:10.626251,304,200,828,10.580062866210938,False,0.0,0,1,1774150030626,1774150030626,0
2026-03-21T22:27:12.487960,305,0,28,2.941608428955078,False,0.0,0,1,1774150032487,1774150032487,0
2026-03-21T22:27:18.638351,306,0,27,2.4776458740234375,False,0.0,0,1,1774150038638,1774150038638,0
2026-03-21T22:27:25.295434,306,100,427,3.5398006439208984,False,0.0,0,1,1774150045295,1774150045295,0
2026-03-21T22:27:29.253896,307,0,27,1.89971923828125,False,0.0,0,1,1774150049253,1774150049253,0
2026-03-21T22:27:35.927483,307,100,427,2.2916793823242188,False,0.0,0,1,1774150055927,1774150055927,0
2026-03-21T22:27:40.437057,308,0,26,2.5873184204101562,False,0.0,0,1,1774150060437,1774150060437,0
2026-03-21T22:27:47.091062,308,100,426,3.2384395599365234,False,0.0,0,1,1774150067091,1774150067091,0
2026-03-21T22:27:48.260965,309,0,27,1.9421577453613281,False,0.0,0,1,1774150068260,1774150068260,0
2026-03-21T22:27:55.192977,310,0,27,1.9032955169677734,False,0.0,0,1,1774150075192,1774150075192,0
2026-03-21T22:28:01.850401,310,100,427,2.5873184204101562,False,0.0,0,1,1774150081850,1774150081850,0
2026-03-21T22:28:08.505857,310,200,827,2.2737979888916016,False,0.0,0,1,1774150088505,1774150088505,0
2026-03-21T22:28:15.167169,310,300,1227,8.055925369262695,False,0.0,0,1,1774150095167,1774150095167,0
2026-03-21T22:28:21.533686,311,0,27,2.1359920501708984,False,0.0,0,1,1774150101533,1774150101533,0
2026-03-21T22:28:28.205631,311,100,427,1.9354820251464844,False,0.0,0,1,1774150108205,1774150108205,0
2026-03-21T22:28:34.862038,311,200,827,2.6869773864746094,False,0.0,0,1,1774150114862,1774150114862,0
2026-03-21T22:28:36.292617,312,0,27,1.9106864929199219,False,0.0,0,1,1774150116292,1774150116292,0
2026-03-21T22:28:42.321722,313,0,27,2.695798873901367,False,0.0,0,1,1774150122321,1774150122321,0
2026-03-21T22:28:48.988256,313,100,427,1.8932819366455078,False,0.0,0,1,1774150128988,1774150128988,0
2026-03-21T22:28:50.286862,314,0,28,3.4465789794921875,False,0.0,0,1,1774150130286,1774150130286,0
2026-03-21T22:28:56.944377,314,100,428,5.668401718139648,False,0.0,0,1,1774150136944,1774150136944,0
2026-03-21T22:29:03.598455,314,200,828,2.4154186248779297,False,0.0,0,1,1774150143598,1774150143598,0
2026-03-21T22:29:10.013378,315,0,27,13.033866882324219,False,0.0,0,1,1774150150013,1774150150013,0
2026-03-21T22:29:16.666458,315,100,427,8.718729019165039,False,0.0,0,1,1774150156666,1774150156666,0
2026-03-21T22:29:19.977021,316,0,27,1.9330978393554688,False,0.0,0,1,1774150159977,1774150159977,0
2026-03-21T22:29:26.628614,316,100,427,2.229928970336914,False,0.0,0,1,1774150166628,1774150166628,0
2026-03-21T22:29:33.281388,316,200,827,2.0627975463867188,False,0.0,0,1,1774150173281,1774150173281,0
2026-03-21T22:29:37.256746,317,0,27,0.7402896881103516,False,0.0,0,1,1774150177256,1774150177256,0
2026-03-21T22:29:43.913177,317,100,427,2.096891403198242,False,0.0,0,1,1774150183913,1774150183913,0
2026-03-21T22:29:47.960505,318,0,27,2.0999908447265625,False,0.0,0,1,1774150187960,1774150187960,0
2026-03-21T22:29:54.429911,319,0,26,2.4569034576416016,False,0.0,0,1,1774150194429,1774150194429,0
2026-03-21T22:30:01.085983,319,100,426,2.1927356719970703,False,0.0,0,1,1774150201085,1774150201085,0
2026-03-21T22:30:07.758416,319,200,826,2.238035202026367,False,0.0,0,1,1774150207758,1774150207758,0
2026-03-21T22:30:12.981110,320,0,27,1.2316703796386719,False,0.0,0,1,1774150212981,1774150212981,0
2026-03-21T22:30:19.655072,320,100,427,2.881765365600586,False,0.0,0,1,1774150219655,1774150219655,0
2026-03-21T22:30:26.309274,320,200,827,1.4116764068603516,False,0.0,0,1,1774150226309,1774150226309,0
2026-03-21T22:30:28.739301,321,0,27,1.4240741729736328,False,0.0,0,1,1774150228739,1774150228739,0
2026-03-21T22:30:35.412179,321,100,427,3.0384063720703125,False,0.0,0,1,1774150235412,1774150235412,0
2026-03-21T22:30:38.938365,322,0,27,0.8187294006347656,False,0.0,0,1,1774150238938,1774150238938,0
2026-03-21T22:30:45.610089,322,100,427,1.6274452209472656,False,0.0,0,1,1774150245610,1774150245610,0
2026-03-21T22:30:52.266997,322,200,827,1.821279525756836,False,0.0,0,1,1774150252266,1774150252266,0
2026-03-21T22:30:58.921609,322,300,1227,1.9516944885253906,False,0.0,0,1,1774150258921,1774150258921,0
2026-03-21T22:31:02.408781,323,0,27,0.7455348968505859,False,0.0,0,1,1774150262408,1774150262408,0
2026-03-21T22:31:08.495264,324,0,27,1.7158985137939453,False,0.0,0,1,1774150268495,1774150268495,0
2026-03-21T22:31:15.162028,324,100,427,2.26593017578125,False,0.0,0,1,1774150275162,1774150275162,0
2026-03-21T22:31:21.818298,324,200,827,1.5151500701904297,False,0.0,0,1,1774150281818,1774150281818,0
2026-03-21T22:31:28.473451,324,300,1227,2.3009777069091797,False,0.0,0,1,1774150288473,1774150288473,0
2026-03-21T22:31:36.807747,325,0,27,0.7994174957275391,False,0.0,0,1,1774150296807,1774150296807,0
2026-03-21T22:31:43.465278,325,100,427,2.0666122436523438,False,0.0,0,1,1774150303465,1774150303465,0
2026-03-21T22:31:50.120614,325,200,827,1.7669200897216797,False,0.0,0,1,1774150310120,1774150310120,0
2026-03-21T22:31:56.776793,325,300,1227,2.1440982818603516,False,0.0,0,1,1774150316776,1774150316776,0
2026-03-21T22:32:03.434873,325,400,1627,4.140377044677734,False,0.0,0,1,1774150323434,1774150323434,0
2026-03-21T22:32:13.482468,326,0,26,1.7194747924804688,False,0.0,0,1,1774150333482,1774150333482,0
2026-03-21T22:32:20.138880,326,100,426,3.368854522705078,False,0.0,0,1,1774150340138,1774150340138,0
2026-03-21T22:32:23.467126,327,0,28,1.8770694732666016,False,0.0,0,1,1774150343467,1774150343467,0
2026-03-21T22:32:30.139017,327,100,428,2.2263526916503906,False,0.0,0,1,1774150350139,1774150350139,0
2026-03-21T22:32:36.793080,327,200,828,1.8916130065917969,False,0.0,0,1,1774150356793,1774150356793,0
2026-03-21T22:32:43.450955,327,300,1228,3.0355453491210938,False,0.0,0,1,1774150363450,1774150363450,0
2026-03-21T22:32:49.106190,328,0,28,0.7517337799072266,False,0.0,0,1,1774150369106,1774150369106,0
2026-03-21T22:32:54.715244,329,0,27,3.006458282470703,False,0.0,0,1,1774150374715,1774150374715,0
2026-03-21T22:33:01.369823,329,100,427,1.8634796142578125,False,0.0,0,1,1774150381369,1774150381369,0
2026-03-21T22:33:04.846437,330,0,27,1.8086433410644531,False,0.0,0,1,1774150384846,1774150384846,0
2026-03-21T22:33:11.503707,330,100,427,3.4546852111816406,False,0.0,0,1,1774150391503,1774150391503,0
2026-03-21T22:33:18.173822,330,200,827,1.7657279968261719,False,0.0,0,1,1774150398173,1774150398173,0
2026-03-21T22:33:24.831267,330,300,1227,2.598285675048828,False,0.0,0,1,1774150404831,1774150404831,0
2026-03-21T22:33:28.292579,331,0,26,1.1150836944580078,False,0.0,0,1,1774150408292,1774150408292,0
2026-03-21T22:33:34.964913,331,100,426,2.3086071014404297,False,0.0,0,1,1774150414964,1774150414964,0
2026-03-21T22:33:36.099537,332,0,27,2.377033233642578,False,0.0,0,1,1774150416099,1774150416099,0
2026-03-21T22:33:42.769230,332,100,427,2.362489700317383,False,0.0,0,1,1774150422769,1774150422769,0
2026-03-21T22:33:49.450465,332,200,827,11.733055114746094,False,0.0,0,1,1774150429450,1774150429450,0
2026-03-21T22:33:51.859026,333,0,27,1.4235973358154297,False,0.0,0,1,1774150431859,1774150431859,0
2026-03-21T22:33:58.508321,333,100,427,2.179861068725586,False,0.0,0,1,1774150438508,1774150438508,0
2026-03-21T22:34:05.166422,333,200,827,2.6769638061523438,False,0.0,0,1,1774150445166,1774150445166,0
2026-03-21T22:34:05.878782,334,0,27,1.62506103515625,False,0.0,0,1,1774150445878,1774150445878,0
2026-03-21T22:34:12.551853,334,100,427,3.174304962158203,False,0.0,0,1,1774150452551,1774150452551,0
2026-03-21T22:34:17.344272,335,0,27,0.8552074432373047,False,0.0,0,1,1774150457344,1774150457344,0
2026-03-21T22:34:22.266971,336,0,27,1.1546611785888672,False,0.0,0,1,1774150462266,1774150462266,0
2026-03-21T22:34:28.924811,336,100,427,2.529621124267578,False,0.0,0,1,1774150468924,1774150468924,0
2026-03-21T22:34:32.054608,337,0,27,3.4584999084472656,False,0.0,0,1,1774150472054,1774150472054,0
2026-03-21T22:34:38.709767,337,100,427,2.7418136596679688,False,0.0,0,1,1774150478709,1774150478709,0
2026-03-21T22:34:40.490840,338,0,27,1.9199848175048828,False,0.0,0,1,1774150480490,1774150480490,0
2026-03-21T22:34:46.322114,339,0,27,0.7541179656982422,False,0.0,0,1,1774150486322,1774150486322,0
2026-03-21T22:34:52.970374,339,100,427,1.931905746459961,False,0.0,0,1,1774150492970,1774150492970,0
2026-03-21T22:34:59.624547,339,200,827,1.9915103912353516,False,0.0,0,1,1774150499624,1774150499624,0
2026-03-21T22:35:08.791232,340,0,27,0.8969306945800781,False,0.0,0,1,1774150508791,1774150508791,0
2026-03-21T22:35:16.397014,341,0,27,0.8051395416259766,False,0.0,0,1,1774150516397,1774150516397,0
2026-03-21T22:35:23.052556,341,100,427,3.2629966735839844,False,0.0,0,1,1774150523052,1774150523052,0
2026-03-21T22:35:29.706158,341,200,827,1.9550323486328125,False,0.0,0,1,1774150529706,1774150529706,0
2026-03-21T22:35:35.085598,342,0,28,0.7929801940917969,False,0.0,0,1,1774150535085,1774150535085,0
2026-03-21T22:35:41.739031,342,100,428,3.161907196044922,False,0.0,0,1,1774150541739,1774150541739,0
2026-03-21T22:35:46.762224,343,0,27,1.88446044921875,False,0.0,0,1,1774150546762,1774150546762,0
2026-03-21T22:35:52.301452,344,0,27,1.1816024780273438,False,0.0,0,1,1774150552301,1774150552301,0
2026-03-21T22:35:58.111184,345,0,27,3.4704208374023438,False,0.0,0,1,1774150558111,1774150558111,0
2026-03-21T22:36:04.764915,345,100,427,2.0470619201660156,False,0.0,0,1,1774150564764,1774150564764,0
2026-03-21T22:36:05.942518,346,0,27,12.673139572143555,False,0.0,0,1,1774150565942,1774150565942,0
2026-03-21T22:36:12.556218,347,0,26,0.7855892181396484,False,0.0,0,1,1774150572556,1774150572556,0
2026-03-21T22:36:19.241453,347,100,426,2.374887466430664,False,0.0,0,1,1774150579241,1774150579241,0
2026-03-21T22:36:20.672008,348,0,27,2.0127296447753906,False,0.0,0,1,1774150580672,1774150580672,0
2026-03-21T22:36:27.336151,348,100,427,9.647130966186523,False,0.0,0,1,1774150587336,1774150587336,0
2026-03-21T22:36:34.007131,348,200,827,8.306264877319336,False,0.0,0,1,1774150594007,1774150594007,0
2026-03-21T22:36:38.031185,349,0,28,3.7403106689453125,False,0.0,0,1,1774150598031,1774150598031,0
2026-03-21T22:36:44.698090,349,100,428,1.8956661224365234,False,0.0,0,1,1774150604698,1774150604698,0
2026-03-21T22:36:48.776663,350,0,27,2.6874542236328125,False,0.0,0,1,1774150608776,1774150608776,0
2026-03-21T22:36:54.602775,351,0,27,3.318309783935547,False,0.0,0,1,1774150614602,1774150614602,0
2026-03-21T22:37:01.420577,352,0,27,2.0411014556884766,False,0.0,0,1,1774150621420,1774150621420,0
2026-03-21T22:37:08.093845,352,100,427,2.0041465759277344,False,0.0,0,1,1774150628093,1774150628093,0
2026-03-21T22:37:09.008480,353,0,27,2.31170654296875,False,0.0,0,1,1774150629008,1774150629008,0
2026-03-21T22:37:15.666836,353,100,427,3.70025634765625,False,0.0,0,1,1774150635666,1774150635666,0
2026-03-21T22:37:18.842510,354,0,27,1.9843578338623047,False,0.0,0,1,1774150638842,1774150638842,0
2026-03-21T22:37:25.498812,354,100,427,2.5556087493896484,False,0.0,0,1,1774150645498,1774150645498,0
2026-03-21T22:37:28.528804,355,0,27,0.8225440979003906,False,0.0,0,1,1774150648528,1774150648528,0
2026-03-21T22:37:34.087448,356,0,26,2.501249313354492,False,0.0,0,1,1774150654087,1774150654087,0
2026-03-21T22:37:40.141616,357,0,27,2.9959678649902344,False,0.0,0,1,1774150660141,1774150660141,0
2026-03-21T22:37:45.740348,358,0,27,1.985311508178711,False,0.0,0,1,1774150665740,1774150665740,0
2026-03-21T22:37:52.403549,358,100,427,2.5713443756103516,False,0.0,0,1,1774150672403,1774150672403,0
2026-03-21T22:37:59.046267,358,200,825,20.491600036621094,False,0.0,0,1,1774150679046,1774150679046,0
2026-03-21T22:37:59.658803,359,0,27,2.8502941131591797,False,0.0,0,1,1774150679658,1774150679658,0
2026-03-21T22:38:06.332627,359,100,427,3.909587860107422,False,0.0,0,1,1774150686332,1774150686332,0
2026-03-21T22:38:12.986568,359,200,827,2.456188201904297,False,0.0,0,1,1774150692986,1774150692986,0
2026-03-21T22:38:19.640478,359,300,1227,1.432180404663086,False,0.0,0,1,1774150699640,1774150699640,0
2026-03-21T22:38:22.386711,360,0,28,2.587556838989258,False,0.0,0,1,1774150702386,1774150702386,0
2026-03-21T22:38:29.043946,360,100,428,3.684520721435547,False,0.0,0,1,1774150709043,1774150709043,0
2026-03-21T22:38:35.706175,360,200,828,9.563207626342773,False,0.0,0,1,1774150715706,1774150715706,0
2026-03-21T22:38:38.144610,361,0,26,1.0445117950439453,False,0.0,0,1,1774150718144,1774150718144,0
2026-03-21T22:38:44.817372,361,100,426,1.768350601196289,False,0.0,0,1,1774150724817,1774150724817,0
2026-03-21T22:38:51.474287,361,200,826,1.840829849243164,False,0.0,0,1,1774150731474,1774150731474,0
2026-03-21T22:38:56.047187,362,0,27,2.085447311401367,False,0.0,0,1,1774150736047,1774150736047,0
2026-03-21T22:39:03.759126,363,0,27,0.9343624114990234,False,0.0,0,1,1774150743759,1774150743759,0
2026-03-21T22:39:10.417442,363,100,427,12.279748916625977,False,0.0,0,1,1774150750417,1774150750417,0
2026-03-21T22:39:12.420814,364,0,27,1.9383430480957031,False,0.0,0,1,1774150752420,1774150752420,0
2026-03-21T22:39:19.059026,364,100,425,2.1402835845947266,False,0.0,0,1,1774150759059,1774150759059,0
2026-03-21T22:39:19.665350,365,0,27,2.40325927734375,False,0.0,0,1,1774150759665,1774150759665,0
2026-03-21T22:39:26.314611,365,100,427,2.75421142578125,False,0.0,0,1,1774150766314,1774150766314,0
2026-03-21T22:39:32.985499,365,200,827,1.3740062713623047,False,0.0,0,1,1774150772985,1774150772985,0
2026-03-21T22:39:39.642640,365,300,1227,2.5207996368408203,False,0.0,0,1,1774150779642,1774150779642,0
2026-03-21T22:39:49.380657,366,0,26,2.6960372924804688,False,0.0,0,1,1774150789380,1774150789380,0
2026-03-21T22:39:56.031695,366,100,426,1.9805431365966797,False,0.0,0,1,1774150796031,1774150796031,0
2026-03-21T22:40:01.489064,367,0,26,2.673625946044922,False,0.0,0,1,1774150801489,1774150801489,0
2026-03-21T22:40:08.492792,368,0,27,0.7750988006591797,False,0.0,0,1,1774150808492,1774150808492,0
2026-03-21T22:40:15.149828,368,100,427,2.592802047729492,False,0.0,0,1,1774150815149,1774150815149,0
2026-03-21T22:40:21.808066,368,200,827,2.6025772094726562,False,0.0,0,1,1774150821808,1774150821808,0
2026-03-21T22:40:28.460230,368,300,1227,1.5022754669189453,False,0.0,0,1,1774150828460,1774150828460,0
2026-03-21T22:40:35.116258,368,400,1627,1.9311904907226562,False,0.0,0,1,1774150835116,1774150835116,0
2026-03-21T22:40:40.308238,369,0,26,1.5079975128173828,False,0.0,0,1,1774150840308,1774150840308,0
2026-03-21T22:40:46.964372,369,100,426,1.6865730285644531,False,0.0,0,1,1774150846964,1774150846964,0
2026-03-21T22:40:51.222665,370,0,27,2.1119117736816406,False,0.0,0,1,1774150851222,1774150851222,0
2026-03-21T22:40:57.878543,370,100,427,1.8930435180664062,False,0.0,0,1,1774150857878,1774150857878,0
2026-03-21T22:40:59.395157,371,0,27,1.7287731170654297,False,0.0,0,1,1774150859395,1774150859395,0
2026-03-21T22:41:06.053084,371,100,427,5.05518913269043,False,0.0,0,1,1774150866053,1774150866053,0
2026-03-21T22:41:11.573483,372,0,27,2.147674560546875,False,0.0,0,1,1774150871573,1774150871573,0
2026-03-21T22:41:18.229782,372,100,427,3.0755996704101562,False,0.0,0,1,1774150878229,1774150878229,0
2026-03-21T22:41:20.741195,373,0,27,1.7974376678466797,False,0.0,0,1,1774150880741,1774150880741,0
2026-03-21T22:41:27.413703,373,100,427,2.0673274993896484,False,0.0,0,1,1774150887413,1774150887413,0
2026-03-21T22:41:34.069323,373,200,827,1.9278526306152344,False,0.0,0,1,1774150894069,1774150894069,0
2026-03-21T22:41:40.725686,373,300,1227,3.0677318572998047,False,0.0,0,1,1774150900725,1774150900725,0
2026-03-21T22:41:42.590834,374,0,27,2.0477771759033203,False,0.0,0,1,1774150902590,1774150902590,0
2026-03-21T22:41:49.268550,374,100,427,8.875846862792969,False,0.0,0,1,1774150909268,1774150909268,0
2026-03-21T22:41:55.916059,374,200,827,1.8317699432373047,False,0.0,0,1,1774150915916,1774150915916,0
2026-03-21T22:41:59.809060,375,0,27,1.0890960693359375,False,0.0,0,1,1774150919809,1774150919809,0
2026-03-21T22:42:07.733228,376,0,27,1.5130043029785156,False,0.0,0,1,1774150927733,1774150927733,0
2026-03-21T22:42:14.384914,376,100,427,1.3844966888427734,False,0.0,0,1,1774150934384,1774150934384,0
2026-03-21T22:42:21.042870,376,200,827,3.588438034057617,False,0.0,0,1,1774150941042,1774150941042,0
2026-03-21T22:42:25.017039,377,0,27,1.1370182037353516,False,0.0,0,1,1774150945017,1774150945017,0
2026-03-21T22:42:31.674489,377,100,427,2.7077198028564453,False,0.0,0,1,1774150951674,1774150951674,0
2026-03-21T22:42:37.214306,378,0,28,2.567768096923828,False,0.0,0,1,1774150957214,1774150957214,0
2026-03-21T22:42:43.870718,378,100,428,2.373933792114258,False,0.0,0,1,1774150963870,1774150963870,0
2026-03-21T22:42:47.303162,379,0,28,2.875089645385742,False,0.0,0,1,1774150967303,1774150967303,0
2026-03-21T22:42:53.953189,379,100,428,1.8486976623535156,False,0.0,0,1,1774150973953,1774150973953,0
2026-03-21T22:43:01.042298,380,0,28,3.2012462615966797,False,0.0,0,1,1774150981042,1774150981042,0
2026-03-21T22:43:08.678527,381,0,27,1.2826919555664062,False,0.0,0,1,1774150988678,1774150988678,0
2026-03-21T22:43:14.285990,382,0,28,1.8894672393798828,False,0.0,0,1,1774150994285,1774150994285,0
2026-03-21T22:43:20.941775,382,100,428,2.0608901977539062,False,0.0,0,1,1774151000941,1774151000941,0
2026-03-21T22:43:23.471828,383,0,27,3.7097930908203125,False,0.0,0,1,1774151003471,1774151003471,0
2026-03-21T22:43:30.143595,383,100,427,2.1915435791015625,False,0.0,0,1,1774151010143,1774151010143,0
2026-03-21T22:43:32.211886,384,0,26,3.1273365020751953,False,0.0,0,1,1774151012211,1774151012211,0
2026-03-21T22:43:38.879085,384,100,426,2.254486083984375,False,0.0,0,1,1774151018879,1774151018879,0
2026-03-21T22:43:45.535276,384,200,826,2.933025360107422,False,0.0,0,1,1774151025535,1774151025535,0
2026-03-21T22:43:52.197219,384,300,1226,9.40394401550293,False,0.0,0,1,1774151032197,1774151032197,0
2026-03-21T22:43:53.337314,385,0,26,1.99127197265625,False,0.0,0,1,1774151033337,1774151033337,0
2026-03-21T22:43:58.961713,386,0,27,1.917123794555664,False,0.0,0,1,1774151038961,1774151038961,0
2026-03-21T22:44:05.620258,386,100,427,2.3500919342041016,False,0.0,0,1,1774151045620,1774151045620,0
2026-03-21T22:44:12.272690,386,200,827,2.0830631256103516,False,0.0,0,1,1774151052272,1774151052272,0
2026-03-21T22:44:18.930945,386,300,1227,2.176046371459961,False,0.0,0,1,1774151058930,1774151058930,0
2026-03-21T22:44:25.584529,386,400,1627,1.8987655639648438,False,0.0,0,1,1774151065584,1774151065584,0
2026-03-21T22:44:34.552594,387,0,27,2.148151397705078,False,0.0,0,1,1774151074552,1774151074552,0
2026-03-21T22:44:41.210152,387,100,427,3.0989646911621094,False,0.0,0,1,1774151081210,1774151081210,0
2026-03-21T22:44:46.382962,388,0,28,1.804351806640625,False,0.0,0,1,1774151086382,1774151086382,0
2026-03-21T22:44:53.039274,388,100,428,2.159595489501953,False,0.0,0,1,1774151093039,1774151093039,0
2026-03-21T22:44:58.828050,389,0,27,0.7610321044921875,False,0.0,0,1,1774151098828,1774151098828,0
2026-03-21T22:45:05.485313,389,100,427,1.9593238830566406,False,0.0,0,1,1774151105485,1774151105485,0
2026-03-21T22:45:11.524498,390,0,28,1.5604496002197266,False,0.0,0,1,1774151111524,1774151111524,0
2026-03-21T22:45:18.198770,390,100,428,2.9685497283935547,False,0.0,0,1,1774151118198,1774151118198,0
2026-03-21T22:45:24.852542,390,200,828,2.3865699768066406,False,0.0,0,1,1774151124852,1774151124852,0
2026-03-21T22:45:31.508039,390,300,1228,1.7740726470947266,False,0.0,0,1,1774151131508,1774151131508,0
2026-03-21T22:45:34.070362,391,0,27,1.4846324920654297,False,0.0,0,1,1774151134070,1774151134070,0
2026-03-21T22:45:39.892834,392,0,27,1.0285377502441406,False,0.0,0,1,1774151139892,1774151139892,0
2026-03-21T22:45:46.553714,392,100,427,3.63922119140625,False,0.0,0,1,1774151146553,1774151146553,0
2026-03-21T22:45:53.206466,392,200,827,1.6121864318847656,False,0.0,0,1,1774151153206,1774151153206,0
2026-03-21T22:45:56.304751,393,0,27,6.18433952331543,False,0.0,0,1,1774151156304,1774151156304,0
2026-03-21T22:46:02.973781,393,100,427,2.1970272064208984,False,0.0,0,1,1774151162973,1774151162973,0
2026-03-21T22:46:09.627923,393,200,827,1.6736984252929688,False,0.0,0,1,1774151169627,1774151169627,0
2026-03-21T22:46:13.593774,394,0,28,1.878499984741211,False,0.0,0,1,1774151173593,1774151173593,0
2026-03-21T22:46:20.245263,394,100,428,2.1333694458007812,False,0.0,0,1,1774151180245,1774151180245,0
2026-03-21T22:46:26.901022,394,200,828,2.234935760498047,False,0.0,0,1,1774151186901,1774151186901,0
2026-03-21T22:46:29.053741,395,0,26,6.080865859985352,False,0.0,0,1,1774151189053,1774151189053,0
2026-03-21T22:46:35.719527,395,100,426,2.670764923095703,False,0.0,0,1,1774151195719,1774151195719,0
2026-03-21T22:46:42.390915,395,200,826,2.676725387573242,False,0.0,0,1,1774151202390,1774151202390,0
2026-03-21T22:46:49.045229,395,300,1226,1.5625953674316406,False,0.0,0,1,1774151209045,1774151209045,0
2026-03-21T22:46:55.701582,395,400,1626,2.0165443420410156,False,0.0,0,1,1774151215701,1774151215701,0
2026-03-21T22:47:02.357485,395,500,2026,1.9118785858154297,False,0.0,0,1,1774151222357,1774151222357,0
2026-03-21T22:47:10.529559,396,0,27,1.3394355773925781,False,0.0,0,1,1774151230529,1774151230529,0
2026-03-21T22:47:17.201035,396,100,427,2.3009777069091797,False,0.0,0,1,1774151237201,1774151237201,0
2026-03-21T22:47:18.315632,397,0,28,2.3348331451416016,False,0.0,0,1,1774151238315,1774151238315,0
2026-03-21T22:47:23.921756,398,0,27,2.6068687438964844,False,0.0,0,1,1774151243921,1774151243921,0
2026-03-21T22:47:30.594383,398,100,427,1.9559860229492188,False,0.0,0,1,1774151250594,1774151250594,0
2026-03-21T22:47:39.232125,399,0,28,0.9365081787109375,False,0.0,0,1,1774151259232,1774151259232,0
2026-03-21T22:47:45.052669,400,0,27,1.6202926635742188,False,0.0,0,1,1774151265052,1774151265052,0
2026-03-21T22:47:51.709985,400,100,427,2.8846263885498047,False,0.0,0,1,1774151271709,1774151271709,0
2026-03-21T22:47:56.706190,401,0,26,0.9806156158447266,False,0.0,0,1,1774151276706,1774151276706,0
2026-03-21T22:48:03.356663,401,100,426,2.519369125366211,False,0.0,0,1,1774151283356,1774151283356,0
2026-03-21T22:48:10.014454,401,200,826,1.9602775573730469,False,0.0,0,1,1774151290014,1774151290014,0
2026-03-21T22:48:13.911393,402,0,26,0.9961128234863281,False,0.0,0,1,1774151293911,1774151293911,0
2026-03-21T22:48:20.560551,402,100,426,1.8155574798583984,False,0.0,0,1,1774151300560,1774151300560,0
2026-03-21T22:48:27.217968,402,200,826,2.1038055419921875,False,0.0,0,1,1774151307217,1774151307217,0
2026-03-21T22:48:28.114968,403,0,27,1.8436908721923828,False,0.0,0,1,1774151308114,1774151308114,0
2026-03-21T22:48:33.656143,404,0,28,2.266407012939453,False,0.0,0,1,1774151313656,1774151313656,0
2026-03-21T22:48:40.330367,404,100,428,2.122640609741211,False,0.0,0,1,1774151320330,1774151320330,0
2026-03-21T22:48:46.982661,404,200,828,1.3666152954101562,False,0.0,0,1,1774151326982,1774151326982,0
2026-03-21T22:48:53.637962,404,300,1228,1.0116100311279297,False,0.0,0,1,1774151333637,1774151333637,0
2026-03-21T22:49:00.295274,404,400,1628,1.9469261169433594,False,0.0,0,1,1774151340295,1774151340295,0
2026-03-21T22:49:08.547074,405,0,27,0.8494853973388672,False,0.0,0,1,1774151348547,1774151348547,0
2026-03-21T22:49:15.204215,405,100,427,1.8618106842041016,False,0.0,0,1,1774151355204,1774151355204,0
2026-03-21T22:49:21.861294,405,200,827,2.4139881134033203,False,0.0,0,1,1774151361861,1774151361861,0
2026-03-21T22:49:31.026325,406,0,26,0.6792545318603516,False,0.0,0,1,1774151371026,1774151371026,0
2026-03-21T22:49:37.685350,406,100,426,3.7369728088378906,False,0.0,0,1,1774151377685,1774151377685,0
2026-03-21T22:49:44.364763,406,200,826,10.962247848510742,False,0.0,0,1,1774151384364,1774151384364,0
2026-03-21T22:49:48.691072,407,0,27,4.690647125244141,False,0.0,0,1,1774151388691,1774151388691,0
2026-03-21T22:49:55.337727,407,100,427,2.5641918182373047,False,0.0,0,1,1774151395337,1774151395337,0
2026-03-21T22:49:58.666285,408,0,27,2.7277469635009766,False,0.0,0,1,1774151398666,1774151398666,0
2026-03-21T22:50:04.262988,409,0,27,4.030466079711914,False,0.0,0,1,1774151404262,1774151404262,0
2026-03-21T22:50:10.912176,409,100,427,3.347635269165039,False,0.0,0,1,1774151410912,1774151410912,0
2026-03-21T22:50:13.507310,410,0,28,1.8355846405029297,False,0.0,0,1,1774151413507,1774151413507,0
2026-03-21T22:50:20.162619,410,100,428,1.8165111541748047,False,0.0,0,1,1774151420162,1774151420162,0
2026-03-21T22:50:26.818389,410,200,828,2.053499221801758,False,0.0,0,1,1774151426818,1774151426818,0
2026-03-21T22:50:33.474976,410,300,1228,3.726959228515625,False,0.0,0,1,1774151433474,1774151433474,0
2026-03-21T22:50:40.130627,410,400,1628,2.3326873779296875,False,0.0,0,1,1774151440130,1774151440130,0
2026-03-21T22:50:48.414898,411,0,27,0.8416175842285156,False,0.0,0,1,1774151448414,1774151448414,0
2026-03-21T22:50:55.072179,411,100,427,1.8932819366455078,False,0.0,0,1,1774151455072,1774151455072,0
2026-03-21T22:51:01.732342,411,200,827,7.302761077880859,False,0.0,0,1,1774151461732,1774151461732,0
2026-03-21T22:51:05.422610,412,0,27,0.7727146148681641,False,0.0,0,1,1774151465422,1774151465422,0
2026-03-21T22:51:12.076685,412,100,427,2.2504329681396484,False,0.0,0,1,1774151472076,1774151472076,0
2026-03-21T22:51:19.197275,413,0,28,1.0750293731689453,False,0.0,0,1,1774151479197,1774151479197,0
2026-03-21T22:51:25.854570,413,100,428,2.2187232971191406,False,0.0,0,1,1774151485854,1774151485854,0
2026-03-21T22:51:32.433417,414,0,27,2.002239227294922,False,0.0,0,1,1774151492433,1774151492433,0
2026-03-21T22:51:38.049950,415,0,26,2.0308494567871094,False,0.0,0,1,1774151498049,1774151498049,0
2026-03-21T22:51:44.723490,415,100,426,2.3641586303710938,False,0.0,0,1,1774151504723,1774151504723,0
2026-03-21T22:51:51.395354,415,200,826,2.132415771484375,False,0.0,0,1,1774151511395,1774151511395,0
2026-03-21T22:51:53.743806,416,0,27,3.3707618713378906,False,0.0,0,1,1774151513743,1774151513743,0
2026-03-21T22:51:59.929948,417,0,26,1.7881393432617188,False,0.0,0,1,1774151519929,1774151519929,0
2026-03-21T22:52:06.586765,417,100,426,2.197265625,False,0.0,0,1,1774151526586,1774151526586,0
2026-03-21T22:52:08.265682,418,0,27,1.5113353729248047,False,0.0,0,1,1774151528265,1774151528265,0
2026-03-21T22:52:14.924901,418,100,427,2.3474693298339844,False,0.0,0,1,1774151534924,1774151534924,0
2026-03-21T22:52:21.577611,418,200,827,2.035856246948242,False,0.0,0,1,1774151541577,1774151541577,0
2026-03-21T22:52:23.209994,419,0,27,2.010822296142578,False,0.0,0,1,1774151543209,1774151543209,0
2026-03-21T22:52:28.821871,420,0,28,2.3736953735351562,False,0.0,0,1,1774151548821,1774151548821,0
2026-03-21T22:52:35.470954,420,100,428,1.6088485717773438,False,0.0,0,1,1774151555470,1774151555470,0
2026-03-21T22:52:42.792182,421,0,27,1.0356903076171875,False,0.0,0,1,1774151562792,1774151562792,0
2026-03-21T22:52:49.459038,421,100,427,1.5439987182617188,False,0.0,0,1,1774151569459,1774151569459,0
2026-03-21T22:52:56.106260,421,200,827,2.107858657836914,False,0.0,0,1,1774151576106,1774151576106,0
2026-03-21T22:53:02.762824,421,300,1227,2.025127410888672,False,0.0,0,1,1774151582762,1774151582762,0
2026-03-21T22:53:08.278673,422,0,27,2.645254135131836,False,0.0,0,1,1774151588278,1774151588278,0
2026-03-21T22:53:14.922017,422,100,427,1.8856525421142578,False,0.0,0,1,1774151594922,1774151594922,0
2026-03-21T22:53:15.990591,423,0,27,1.9922256469726562,False,0.0,0,1,1774151595990,1774151595990,0
2026-03-21T22:53:22.643037,423,100,427,1.86920166015625,False,0.0,0,1,1774151602643,1774151602643,0
2026-03-21T22:53:29.849536,424,0,27,3.3621788024902344,False,0.0,0,1,1774151609849,1774151609849,0
2026-03-21T22:53:36.504458,424,100,427,2.561807632446289,False,0.0,0,1,1774151616504,1774151616504,0
2026-03-21T22:53:43.491025,425,0,26,1.589059829711914,False,0.0,0,1,1774151623491,1774151623491,0
2026-03-21T22:53:50.147849,425,100,426,1.9042491912841797,False,0.0,0,1,1774151630147,1774151630147,0
2026-03-21T22:53:56.803829,425,200,826,2.9485225677490234,False,0.0,0,1,1774151636803,1774151636803,0
2026-03-21T22:54:03.459859,425,300,1226,3.068208694458008,False,0.0,0,1,1774151643459,1774151643459,0
2026-03-21T22:54:11.378626,426,0,26,0.8764266967773438,False,0.0,0,1,1774151651378,1774151651378,0
2026-03-21T22:54:18.034331,426,100,426,1.8794536590576172,False,0.0,0,1,1774151658034,1774151658034,0
2026-03-21T22:54:23.832325,427,0,28,8.844375610351562,False,0.0,0,1,1774151663832,1774151663832,0
2026-03-21T22:54:30.482629,427,100,428,1.9655227661132812,False,0.0,0,1,1774151670482,1774151670482,0
2026-03-21T22:54:37.137874,427,200,828,3.3736228942871094,False,0.0,0,1,1774151677137,1774151677137,0
2026-03-21T22:54:43.793317,427,300,1228,2.4945735931396484,False,0.0,0,1,1774151683793,1774151683793,0
2026-03-21T22:54:50.464238,427,400,1628,2.0236968994140625,False,0.0,0,1,1774151690464,1774151690464,0
2026-03-21T22:54:57.120333,427,500,2028,1.9116401672363281,False,0.0,0,1,1774151697120,1774151697120,0
2026-03-21T22:55:08.121626,428,0,27,0.9686946868896484,False,0.0,0,1,1774151708121,1774151708121,0
2026-03-21T22:55:14.775290,428,100,427,2.186298370361328,False,0.0,0,1,1774151714775,1774151714775,0
2026-03-21T22:55:21.429695,428,200,827,1.9726753234863281,False,0.0,0,1,1774151721429,1774151721429,0
2026-03-21T22:55:28.085426,428,300,1227,1.8312931060791016,False,0.0,0,1,1774151728085,1774151728085,0
2026-03-21T22:55:34.808793,429,0,27,3.2825469970703125,False,0.0,0,1,1774151734808,1774151734808,0
2026-03-21T22:55:42.869015,430,0,26,0.8442401885986328,False,0.0,0,1,1774151742869,1774151742869,0
2026-03-21T22:55:49.517375,430,100,426,1.9519329071044922,False,0.0,0,1,1774151749517,1774151749517,0
2026-03-21T22:55:56.172317,430,200,826,2.278566360473633,False,0.0,0,1,1774151756172,1774151756172,0
2026-03-21T22:55:57.069666,431,0,26,1.6973018646240234,False,0.0,0,1,1774151757069,1774151757069,0
2026-03-21T22:56:03.727045,431,100,426,2.184152603149414,False,0.0,0,1,1774151763727,1774151763727,0
2026-03-21T22:56:10.381733,431,200,826,2.2687911987304688,False,0.0,0,1,1774151770381,1774151770381,0
2026-03-21T22:56:17.037462,431,300,1226,2.302408218383789,False,0.0,0,1,1774151777037,1774151777037,0
2026-03-21T22:56:23.691999,431,400,1626,1.5823841094970703,False,0.0,0,1,1774151783691,1774151783691,0
2026-03-21T22:56:27.787331,432,0,27,1.102447509765625,False,0.0,0,1,1774151787787,1774151787787,0
2026-03-21T22:56:33.409977,433,0,27,2.1228790283203125,False,0.0,0,1,1774151793409,1774151793409,0
2026-03-21T22:56:40.065928,433,100,427,2.306222915649414,False,0.0,0,1,1774151800065,1774151800065,0
2026-03-21T22:56:46.721354,433,200,827,2.058267593383789,False,0.0,0,1,1774151806721,1774151806721,0
2026-03-21T22:56:53.744374,434,0,27,2.534627914428711,False,0.0,0,1,1774151813744,1774151813744,0
2026-03-21T22:57:00.434658,435,0,27,3.5140514373779297,False,0.0,0,1,1774151820434,1774151820434,0
2026-03-21T22:57:07.121245,436,0,27,2.077817916870117,False,0.0,0,1,1774151827121,1774151827121,0
2026-03-21T22:57:13.792778,436,100,427,1.7101764678955078,False,0.0,0,1,1774151833792,1774151833792,0
2026-03-21T22:57:20.449898,436,200,827,3.127574920654297,False,0.0,0,1,1774151840449,1774151840449,0
2026-03-21T22:57:27.104255,436,300,1227,1.6431808471679688,False,0.0,0,1,1774151847104,1774151847104,0
2026-03-21T22:57:33.825080,437,0,26,0.7116794586181641,False,0.0,0,1,1774151853825,1774151853825,0
2026-03-21T22:57:41.467102,438,0,27,2.6962757110595703,False,0.0,0,1,1774151861467,1774151861467,0
2026-03-21T22:57:48.145588,438,100,427,11.579513549804688,False,0.0,0,1,1774151868145,1774151868145,0
2026-03-21T22:57:54.803464,438,200,827,12.360572814941406,False,0.0,0,1,1774151874803,1774151874803,0
2026-03-21T22:57:57.438805,439,0,27,3.2842159271240234,False,0.0,0,1,1774151877438,1774151877438,0
2026-03-21T22:58:04.092399,439,100,427,1.7018318176269531,False,0.0,0,1,1774151884092,1774151884092,0
2026-03-21T22:58:10.757742,439,200,827,9.669065475463867,False,0.0,0,1,1774151890757,1774151890757,0
2026-03-21T22:58:17.404901,439,300,1227,2.8481483459472656,False,0.0,0,1,1774151897404,1774151897404,0
2026-03-21T22:58:22.364188,440,0,27,0.919342041015625,False,0.0,0,1,1774151902364,1774151902364,0
2026-03-21T22:58:29.019508,440,100,427,1.760721206665039,False,0.0,0,1,1774151909019,1774151909019,0
2026-03-21T22:58:34.092401,441,0,27,0.9686946868896484,False,0.0,0,1,1774151914092,1774151914092,0
2026-03-21T22:58:39.934093,442,0,27,2.3758411407470703,False,0.0,0,1,1774151919934,1774151919934,0
2026-03-21T22:58:46.590805,442,100,427,2.787351608276367,False,0.0,0,1,1774151926590,1774151926590,0
2026-03-21T22:58:53.244804,442,200,827,2.3729801177978516,False,0.0,0,1,1774151933244,1774151933244,0
2026-03-21T22:58:59.900078,442,300,1227,1.7290115356445312,False,0.0,0,1,1774151939900,1774151939900,0
2026-03-21T22:59:08.768261,443,0,27,0.9453296661376953,False,0.0,0,1,1774151948768,1774151948768,0
2026-03-21T22:59:15.428232,443,100,427,4.48155403137207,False,0.0,0,1,1774151955428,1774151955428,0
2026-03-21T22:59:22.098975,443,200,827,2.9175281524658203,False,0.0,0,1,1774151962098,1774151962098,0
2026-03-21T22:59:30.416276,444,0,27,0.8087158203125,False,0.0,0,1,1774151970416,1774151970416,0
2026-03-21T22:59:36.156755,445,0,27,2.1305084228515625,False,0.0,0,1,1774151976156,1774151976156,0
2026-03-21T22:59:41.897702,446,0,26,2.5107860565185547,False,0.0,0,1,1774151981897,1774151981897,0
2026-03-21T22:59:48.555006,446,100,426,1.9388198852539062,False,0.0,0,1,1774151988555,1774151988555,0
2026-03-21T22:59:50.701316,447,0,27,2.6044845581054688,False,0.0,0,1,1774151990701,1774151990701,0
2026-03-21T22:59:57.373949,447,100,427,3.068208694458008,False,0.0,0,1,1774151997373,1774151997373,0
2026-03-21T23:00:04.045028,447,200,827,2.481698989868164,False,0.0,0,1,1774152004045,1774152004045,0
2026-03-21T23:00:08.771253,448,0,27,1.0273456573486328,False,0.0,0,1,1774152008771,1774152008771,0
2026-03-21T23:00:15.427475,448,100,427,2.206087112426758,False,0.0,0,1,1774152015427,1774152015427,0
2026-03-21T23:00:22.084575,448,200,827,2.3043155670166016,False,0.0,0,1,1774152022084,1774152022084,0
2026-03-21T23:00:28.754625,448,300,1227,2.558469772338867,False,0.0,0,1,1774152028754,1774152028754,0
2026-03-21T23:00:35.411412,448,400,1627,1.8086433410644531,False,0.0,0,1,1774152035411,1774152035411,0
2026-03-21T23:00:42.065072,448,500,2027,2.0284652709960938,False,0.0,0,1,1774152042065,1774152042065,0
2026-03-21T23:00:48.519444,449,0,26,0.9503364562988281,False,0.0,0,1,1774152048519,1774152048519,0
2026-03-21T23:00:54.946512,450,0,27,1.9779205322265625,False,0.0,0,1,1774152054946,1774152054946,0
2026-03-21T23:01:01.727642,451,0,28,12.574434280395508,False,0.0,0,1,1774152061727,1774152061727,0
2026-03-21T23:01:08.388182,451,100,428,2.762317657470703,False,0.0,0,1,1774152068388,1774152068388,0
2026-03-21T23:01:15.042800,451,200,828,2.0949840545654297,False,0.0,0,1,1774152075042,1774152075042,0
2026-03-21T23:01:21.700614,451,300,1228,2.6254653930664062,False,0.0,0,1,1774152081700,1774152081700,0
2026-03-21T23:01:28.354572,451,400,1628,2.2618770599365234,False,0.0,0,1,1774152088354,1774152088354,0
2026-03-21T23:01:35.009624,451,500,2028,2.1390914916992188,False,0.0,0,1,1774152095009,1774152095009,0
2026-03-21T23:01:41.666951,451,600,2428,2.0956993103027344,False,0.0,0,1,1774152101666,1774152101666,0
2026-03-21T23:01:48.322236,451,700,2828,3.285646438598633,False,0.0,0,1,1774152108322,1774152108322,0
2026-03-21T23:01:54.276927,452,0,27,0.9136199951171875,False,0.0,0,1,1774152114276,1774152114276,0
2026-03-21T23:02:00.934609,452,100,427,3.034353256225586,False,0.0,0,1,1774152120934,1774152120934,0
2026-03-21T23:02:07.607525,452,200,827,3.3817291259765625,False,0.0,0,1,1774152127607,1774152127607,0
2026-03-21T23:02:09.722029,453,0,27,2.416849136352539,False,0.0,0,1,1774152129722,1774152129722,0
2026-03-21T23:02:16.391779,453,100,427,2.6798248291015625,False,0.0,0,1,1774152136391,1774152136391,0
2026-03-21T23:02:24.010951,454,0,27,0.7877349853515625,False,0.0,0,1,1774152144010,1774152144010,0
2026-03-21T23:02:30.667497,454,100,427,2.2766590118408203,False,0.0,0,1,1774152150667,1774152150667,0
2026-03-21T23:02:32.043183,455,0,26,12.72892951965332,False,0.0,0,1,1774152152043,1774152152043,0
2026-03-21T23:02:38.705444,455,100,426,2.1169185638427734,False,0.0,0,1,1774152158705,1774152158705,0
2026-03-21T23:02:45.377275,455,200,826,1.6679763793945312,False,0.0,0,1,1774152165377,1774152165377,0
2026-03-21T23:02:52.034499,455,300,1226,1.9731521606445312,False,0.0,0,1,1774152172034,1774152172034,0
2026-03-21T23:02:56.574225,456,0,26,0.8168220520019531,False,0.0,0,1,1774152176574,1774152176574,0
2026-03-21T23:03:03.229805,456,100,426,2.0029544830322266,False,0.0,0,1,1774152183229,1774152183229,0
2026-03-21T23:03:06.259592,457,0,27,1.6939640045166016,False,0.0,0,1,1774152186259,1774152186259,0
2026-03-21T23:03:12.914592,457,100,427,1.6772747039794922,False,0.0,0,1,1774152192914,1774152192914,0
2026-03-21T23:03:15.782034,458,0,28,3.959178924560547,False,0.0,0,1,1774152195782,1774152195782,0
2026-03-21T23:03:22.432374,458,100,428,2.4449825286865234,False,0.0,0,1,1774152202432,1774152202432,0
2026-03-21T23:03:29.088066,458,200,828,2.2237300872802734,False,0.0,0,1,1774152209088,1774152209088,0
2026-03-21T23:03:32.815258,459,0,27,1.7366409301757812,False,0.0,0,1,1774152212815,1774152212815,0
2026-03-21T23:03:39.598078,459,100,427,11.603593826293945,False,0.0,0,1,1774152219598,1774152219598,0
2026-03-21T23:03:46.263073,459,200,827,2.9168128967285156,False,0.0,0,1,1774152226263,1774152226263,0
2026-03-21T23:03:52.917825,459,300,1227,1.9795894622802734,False,0.0,0,1,1774152232917,1774152232917,0
2026-03-21T23:03:59.574207,459,400,1627,2.6404857635498047,False,0.0,0,1,1774152239574,1774152239574,0
2026-03-21T23:04:09.890040,460,0,26,1.047372817993164,False,0.0,0,1,1774152249890,1774152249890,0
2026-03-21T23:04:16.545659,460,100,426,3.2150745391845703,False,0.0,0,1,1774152256545,1774152256545,0
2026-03-21T23:04:18.973558,461,0,27,2.756834030151367,False,0.0,0,1,1774152258973,1774152258973,0
2026-03-21T23:04:25.644894,461,100,427,1.556396484375,False,0.0,0,1,1774152265644,1774152265644,0
2026-03-21T23:04:26.877378,462,0,28,2.119302749633789,False,0.0,0,1,1774152266877,1774152266877,0
2026-03-21T23:04:33.550698,462,100,428,2.802133560180664,False,0.0,0,1,1774152273550,1774152273550,0
2026-03-21T23:04:40.206072,462,200,828,2.2041797637939453,False,0.0,0,1,1774152280206,1774152280206,0
2026-03-21T23:04:46.859778,462,300,1228,1.7642974853515625,False,0.0,0,1,1774152286859,1774152286859,0
2026-03-21T23:04:53.515691,462,400,1628,1.791238784790039,False,0.0,0,1,1774152293515,1774152293515,0
2026-03-21T23:05:00.171944,462,500,2028,1.8084049224853516,False,0.0,0,1,1774152300171,1774152300171,0
2026-03-21T23:05:06.896829,463,0,27,1.0986328125,False,0.0,0,1,1774152306896,1774152306896,0
2026-03-21T23:05:13.284069,464,0,27,2.4919509887695312,False,0.0,0,1,1774152313284,1774152313284,0
2026-03-21T23:05:19.939556,464,100,427,2.4366378784179688,False,0.0,0,1,1774152319939,1774152319939,0
2026-03-21T23:05:24.091903,465,0,27,5.201816558837891,False,0.0,0,1,1774152324091,1774152324091,0
2026-03-21T23:05:30.755839,465,100,427,2.9020309448242188,False,0.0,0,1,1774152330755,1774152330755,0
2026-03-21T23:05:37.427121,465,200,827,2.4907588958740234,False,0.0,0,1,1774152337427,1774152337427,0
2026-03-21T23:05:43.568017,466,0,27,3.4377574920654297,False,0.0,0,1,1774152343568,1774152343568,0
2026-03-21T23:05:50.471148,467,0,28,1.4624595642089844,False,0.0,0,1,1774152350471,1774152350471,0
2026-03-21T23:05:57.128060,467,100,428,2.8967857360839844,False,0.0,0,1,1774152357128,1774152357128,0
2026-03-21T23:06:03.800947,467,200,828,2.646207809448242,False,0.0,0,1,1774152363800,1774152363800,0
2026-03-21T23:06:10.788702,468,0,27,1.2056827545166016,False,0.0,0,1,1774152370788,1774152370788,0
2026-03-21T23:06:17.443746,468,100,427,1.7902851104736328,False,0.0,0,1,1774152377443,1774152377443,0
2026-03-21T23:06:24.099453,468,200,827,1.8227100372314453,False,0.0,0,1,1774152384099,1774152384099,0
2026-03-21T23:06:31.603975,469,0,27,0.8525848388671875,False,0.0,0,1,1774152391603,1774152391603,0
2026-03-21T23:06:38.259066,469,100,427,1.811981201171875,False,0.0,0,1,1774152398259,1774152398259,0
2026-03-21T23:06:44.933068,469,200,827,1.9574165344238281,False,0.0,0,1,1774152404933,1774152404933,0
2026-03-21T23:06:51.757156,470,0,27,0.8637905120849609,False,0.0,0,1,1774152411757,1774152411757,0
2026-03-21T23:06:57.376749,471,0,27,1.6205310821533203,False,0.0,0,1,1774152417376,1774152417376,0
2026-03-21T23:07:04.049461,471,100,427,2.1915435791015625,False,0.0,0,1,1774152424049,1774152424049,0
2026-03-21T23:07:10.705157,471,200,827,2.1224021911621094,False,0.0,0,1,1774152430705,1774152430705,0
2026-03-21T23:07:17.360889,471,300,1227,2.6586055755615234,False,0.0,0,1,1774152437360,1774152437360,0
2026-03-21T23:07:22.320117,472,0,27,0.8604526519775391,False,0.0,0,1,1774152442320,1774152442320,0
2026-03-21T23:07:28.393545,473,0,27,2.343416213989258,False,0.0,0,1,1774152448393,1774152448393,0
2026-03-21T23:07:35.449031,474,0,27,3.0624866485595703,False,0.0,0,1,1774152455449,1774152455449,0
2026-03-21T23:07:41.441247,475,0,27,1.7981529235839844,False,0.0,0,1,1774152461441,1774152461441,0
2026-03-21T23:07:48.110044,475,100,427,2.174854278564453,False,0.0,0,1,1774152468110,1774152468110,0
2026-03-21T23:07:49.475685,476,0,28,2.2933483123779297,False,0.0,0,1,1774152469475,1774152469475,0
2026-03-21T23:07:56.131521,476,100,428,2.4285316467285156,False,0.0,0,1,1774152476131,1774152476131,0
2026-03-21T23:08:04.348672,477,0,27,1.0256767272949219,False,0.0,0,1,1774152484348,1774152484348,0
2026-03-21T23:08:11.008966,477,100,427,3.3807754516601562,False,0.0,0,1,1774152491008,1774152491008,0
2026-03-21T23:08:18.291663,478,0,27,1.0004043579101562,False,0.0,0,1,1774152498291,1774152498291,0
2026-03-21T23:08:24.949005,478,100,427,1.825571060180664,False,0.0,0,1,1774152504949,1774152504949,0
2026-03-21T23:08:31.604956,478,200,827,2.829313278198242,False,0.0,0,1,1774152511604,1774152511604,0
2026-03-21T23:08:38.261550,478,300,1227,2.8905868530273438,False,0.0,0,1,1774152518261,1774152518261,0
2026-03-21T23:08:43.949503,479,0,27,1.0712146759033203,False,0.0,0,1,1774152523949,1774152523949,0
2026-03-21T23:08:50.605807,479,100,427,1.4812946319580078,False,0.0,0,1,1774152530605,1774152530605,0
2026-03-21T23:08:57.260279,479,200,827,1.0945796966552734,False,0.0,0,1,1774152537260,1774152537260,0
2026-03-21T23:09:03.916695,479,300,1227,1.1584758758544922,False,0.0,0,1,1774152543916,1774152543916,0
2026-03-21T23:09:11.520621,480,0,26,0.7598400115966797,False,0.0,0,1,1774152551520,1774152551520,0
2026-03-21T23:09:18.197275,480,100,426,3.675222396850586,False,0.0,0,1,1774152558197,1774152558197,0
2026-03-21T23:09:24.848714,480,200,826,1.8725395202636719,False,0.0,0,1,1774152564848,1774152564848,0
2026-03-21T23:09:29.824924,481,0,27,0.7588863372802734,False,0.0,0,1,1774152569824,1774152569824,0
2026-03-21T23:09:36.497803,481,100,427,2.741098403930664,False,0.0,0,1,1774152576497,1774152576497,0
2026-03-21T23:09:43.152249,481,200,827,1.928567886352539,False,0.0,0,1,1774152583152,1774152583152,0
2026-03-21T23:09:51.365094,482,0,26,0.9088516235351562,False,0.0,0,1,1774152591365,1774152591365,0
2026-03-21T23:09:58.012142,482,100,426,2.2008419036865234,False,0.0,0,1,1774152598012,1774152598012,0
2026-03-21T23:10:06.598922,483,0,27,0.9150505065917969,False,0.0,0,1,1774152606598,1774152606598,0
2026-03-21T23:10:13.253462,483,100,427,3.1692981719970703,False,0.0,0,1,1774152613253,1774152613253,0
2026-03-21T23:10:18.559171,484,0,27,0.8647441864013672,False,0.0,0,1,1774152618559,1774152618559,0
2026-03-21T23:10:25.218387,484,100,427,3.9970874786376953,False,0.0,0,1,1774152625218,1774152625218,0
2026-03-21T23:10:31.878085,484,200,827,8.510828018188477,False,0.0,0,1,1774152631878,1774152631878,0
2026-03-21T23:10:36.104740,485,0,26,0.9455680847167969,False,0.0,0,1,1774152636104,1774152636104,0
2026-03-21T23:10:42.760513,485,100,426,9.347200393676758,False,0.0,0,1,1774152642760,1774152642760,0
2026-03-21T23:10:46.713692,486,0,28,1.9044876098632812,False,0.0,0,1,1774152646713,1774152646713,0
2026-03-21T23:10:53.369968,486,100,428,2.6280879974365234,False,0.0,0,1,1774152653369,1774152653369,0
2026-03-21T23:11:00.024646,486,200,828,2.061128616333008,False,0.0,0,1,1774152660024,1774152660024,0
2026-03-21T23:11:06.680215,486,300,1228,1.8041133880615234,False,0.0,0,1,1774152666680,1774152666680,0
2026-03-21T23:11:07.844523,487,0,27,1.9054412841796875,False,0.0,0,1,1774152667844,1774152667844,0
2026-03-21T23:11:14.641051,488,0,28,3.6995410919189453,False,0.0,0,1,1774152674641,1774152674641,0
2026-03-21T23:11:21.291209,488,100,428,1.837015151977539,False,0.0,0,1,1774152681291,1774152681291,0
2026-03-21T23:11:27.963777,488,200,828,4.076480865478516,False,0.0,0,1,1774152687963,1774152687963,0
2026-03-21T23:11:33.453395,489,0,27,0.9260177612304688,False,0.0,0,1,1774152693453,1774152693453,0
2026-03-21T23:11:40.111471,489,100,427,2.145528793334961,False,0.0,0,1,1774152700111,1774152700111,0
2026-03-21T23:11:46.780188,489,200,827,1.8413066864013672,False,0.0,0,1,1774152706780,1774152706780,0
2026-03-21T23:11:53.437496,489,300,1227,1.972198486328125,False,0.0,0,1,1774152713437,1774152713437,0
2026-03-21T23:12:00.091638,489,400,1627,1.9581317901611328,False,0.0,0,1,1774152720091,1774152720091,0
2026-03-21T23:12:06.750290,489,500,2027,2.5904178619384766,False,0.0,0,1,1774152726750,1774152726750,0
2026-03-21T23:12:15.016483,490,0,26,1.2161731719970703,False,0.0,0,1,1774152735016,1774152735016,0
2026-03-21T23:12:21.673315,490,100,426,1.9562244415283203,False,0.0,0,1,1774152741673,1774152741673,0
2026-03-21T23:12:23.187415,491,0,28,3.2143592834472656,False,0.0,0,1,1774152743187,1774152743187,0
2026-03-21T23:12:29.845433,491,100,428,3.208637237548828,False,0.0,0,1,1774152749845,1774152749845,0
2026-03-21T23:12:35.708287,492,0,26,0.8950233459472656,False,0.0,0,1,1774152755708,1774152755708,0
2026-03-21T23:12:42.356315,492,100,426,2.154111862182617,False,0.0,0,1,1774152762356,1774152762356,0
2026-03-21T23:12:46.498755,493,0,27,2.7246475219726562,False,0.0,0,1,1774152766498,1774152766498,0
2026-03-21T23:12:53.161320,493,100,427,8.479833602905273,False,0.0,0,1,1774152773161,1774152773161,0
2026-03-21T23:13:01.473989,494,0,26,1.4197826385498047,False,0.0,0,1,1774152781473,1774152781473,0
2026-03-21T23:13:08.128704,494,100,426,1.7840862274169922,False,0.0,0,1,1774152788128,1774152788128,0
2026-03-21T23:13:14.785801,494,200,826,3.022432327270508,False,0.0,0,1,1774152794785,1774152794785,0
2026-03-21T23:13:21.439812,494,300,1226,1.8265247344970703,False,0.0,0,1,1774152801439,1774152801439,0
2026-03-21T23:13:24.684496,495,0,28,2.087116241455078,False,0.0,0,1,1774152804684,1774152804684,0
2026-03-21T23:13:30.325855,496,0,27,2.3534297943115234,False,0.0,0,1,1774152810325,1774152810325,0
2026-03-21T23:13:36.982060,496,100,427,2.0465850830078125,False,0.0,0,1,1774152816982,1774152816982,0
2026-03-21T23:13:39.631821,497,0,27,5.728483200073242,False,0.0,0,1,1774152819631,1774152819631,0
2026-03-21T23:13:46.292949,497,100,427,11.91568374633789,False,0.0,0,1,1774152826292,1774152826292,0
2026-03-21T23:13:52.939433,497,200,827,2.566099166870117,False,0.0,0,1,1774152832939,1774152832939,0
2026-03-21T23:13:59.594498,497,300,1227,2.608060836791992,False,0.0,0,1,1774152839594,1774152839594,0
2026-03-21T23:14:06.250512,497,400,1627,3.459453582763672,False,0.0,0,1,1774152846250,1774152846250,0
2026-03-21T23:14:12.912361,497,500,2027,9.630680084228516,False,0.0,0,1,1774152852912,1774152852912,0
2026-03-21T23:14:19.561458,497,600,2427,2.694368362426758,False,0.0,0,1,1774152859561,1774152859561,0
2026-03-21T23:14:26.215821,497,700,2827,1.8982887268066406,False,0.0,0,1,1774152866215,1774152866215,0
2026-03-21T23:14:32.871781,497,800,3227,1.9114017486572266,False,0.0,0,1,1774152872871,1774152872871,0
2026-03-21T23:14:39.527088,497,900,3627,2.349376678466797,False,0.0,0,1,1774152879527,1774152879527,0
2026-03-21T23:14:46.264980,498,0,27,1.0879039764404297,False,0.0,0,1,1774152886264,1774152886264,0
2026-03-21T23:14:52.920973,498,100,427,1.567840576171875,False,0.0,0,1,1774152892920,1774152892920,0
2026-03-21T23:14:59.582062,498,200,827,7.114648818969727,False,0.0,0,1,1774152899582,1774152899582,0
2026-03-21T23:15:06.233675,498,300,1227,2.2127628326416016,False,0.0,0,1,1774152906233,1774152906233,0
2026-03-21T23:15:12.988708,499,0,27,0.7603168487548828,False,0.0,0,1,1774152912988,1774152912988,0
2026-03-21T23:15:19.662034,499,100,427,3.490447998046875,False,0.0,0,1,1774152919662,1774152919662,0
2026-03-21T23:15:26.317267,499,200,827,2.116680145263672,False,0.0,0,1,1774152926317,1774152926317,0
2026-03-21T23:15:27.931031,500,0,28,1.8546581268310547,False,0.0,0,1,1774152927931,1774152927931,0
2026-03-21T23:15:34.169424,501,0,26,0.9741783142089844,False,0.0,0,1,1774152934169,1774152934169,0
2026-03-21T23:15:39.809320,502,0,27,14.729499816894531,False,0.0,0,1,1774152939809,1774152939809,0
2026-03-21T23:15:46.452685,502,100,427,3.1893253326416016,False,0.0,0,1,1774152946452,1774152946452,0
2026-03-21T23:15:53.105909,502,200,827,1.9686222076416016,False,0.0,0,1,1774152953105,1774152953105,0
2026-03-21T23:15:59.762692,502,300,1227,1.8990039825439453,False,0.0,0,1,1774152959762,1774152959762,0
2026-03-21T23:16:06.424218,502,400,1627,7.664203643798828,False,0.0,0,1,1774152966424,1774152966424,0
2026-03-21T23:16:12.808809,503,0,26,0.9365081787109375,False,0.0,0,1,1774152972808,1774152972808,0
2026-03-21T23:16:19.463436,503,100,426,2.164125442504883,False,0.0,0,1,1774152979463,1774152979463,0
2026-03-21T23:16:23.273414,504,0,27,2.971172332763672,False,0.0,0,1,1774152983273,1774152983273,0
2026-03-21T23:16:29.929155,504,100,427,2.4209022521972656,False,0.0,0,1,1774152989929,1774152989929,0
2026-03-21T23:16:36.600124,504,200,827,2.276182174682617,False,0.0,0,1,1774152996600,1774152996600,0
2026-03-21T23:16:41.708002,505,0,27,2.3124217987060547,False,0.0,0,1,1774153001707,1774153001707,0
2026-03-21T23:16:48.380281,505,100,427,1.8444061279296875,False,0.0,0,1,1774153008380,1774153008380,0
2026-03-21T23:16:55.056728,505,200,827,1.934051513671875,False,0.0,0,1,1774153015056,1774153015056,0
2026-03-21T23:17:01.708887,505,300,1227,2.823352813720703,False,0.0,0,1,1774153021708,1774153021708,0
2026-03-21T23:17:06.289337,506,0,26,1.0116100311279297,False,0.0,0,1,1774153026289,1774153026289,0
2026-03-21T23:17:12.424238,507,0,27,2.4356842041015625,False,0.0,0,1,1774153032424,1774153032424,0
2026-03-21T23:17:19.082393,507,100,427,4.036903381347656,False,0.0,0,1,1774153039082,1774153039082,0
2026-03-21T23:17:25.735813,507,200,827,2.4602413177490234,False,0.0,0,1,1774153045735,1774153045735,0
2026-03-21T23:17:27.249343,508,0,27,1.8973350524902344,False,0.0,0,1,1774153047249,1774153047249,0
2026-03-21T23:17:32.989922,509,0,27,1.9693374633789062,False,0.0,0,1,1774153052989,1774153052989,0
2026-03-21T23:17:39.213126,510,0,27,1.4190673828125,False,0.0,0,1,1774153059213,1774153059213,0
2026-03-21T23:17:45.876017,510,100,427,8.33439826965332,False,0.0,0,1,1774153065876,1774153065876,0
2026-03-21T23:17:52.524654,510,200,827,2.3169517517089844,False,0.0,0,1,1774153072524,1774153072524,0
2026-03-21T23:17:59.178864,510,300,1227,1.8622875213623047,False,0.0,0,1,1774153079178,1774153079178,0
2026-03-21T23:18:05.836472,510,400,1627,1.7719268798828125,False,0.0,0,1,1774153085836,1774153085836,0
2026-03-21T23:18:11.478266,511,0,28,0.8027553558349609,False,0.0,0,1,1774153091478,1774153091478,0
2026-03-21T23:18:18.132959,511,100,428,2.2776126861572266,False,0.0,0,1,1774153098132,1774153098132,0
2026-03-21T23:18:24.788287,511,200,828,1.5032291412353516,False,0.0,0,1,1774153104788,1774153104788,0
2026-03-21T23:18:31.445258,511,300,1228,2.3453235626220703,False,0.0,0,1,1774153111445,1774153111445,0
2026-03-21T23:18:40.377119,512,0,27,1.2023448944091797,False,0.0,0,1,1774153120377,1774153120377,0
2026-03-21T23:18:47.034018,512,100,427,2.024412155151367,False,0.0,0,1,1774153127034,1774153127034,0
2026-03-21T23:18:52.451271,513,0,26,1.7547607421875,False,0.0,0,1,1774153132451,1774153132451,0
2026-03-21T23:18:59.465143,514,0,27,3.1533241271972656,False,0.0,0,1,1774153139465,1774153139465,0
2026-03-21T23:19:05.502891,515,0,28,1.8377304077148438,False,0.0,0,1,1774153145502,1774153145502,0
2026-03-21T23:19:11.043850,516,0,28,1.8310546875,False,0.0,0,1,1774153151043,1774153151043,0
2026-03-21T23:19:17.718590,516,100,428,1.9576549530029297,False,0.0,0,1,1774153157718,1774153157718,0
2026-03-21T23:19:26.201052,517,0,27,0.6687641143798828,False,0.0,0,1,1774153166201,1774153166201,0
2026-03-21T23:19:32.741280,518,0,27,2.704143524169922,False,0.0,0,1,1774153172741,1774153172741,0
2026-03-21T23:19:39.398969,518,100,427,3.329038619995117,False,0.0,0,1,1774153179398,1774153179398,0
2026-03-21T23:19:46.053818,518,200,827,2.493619918823242,False,0.0,0,1,1774153186053,1774153186053,0
2026-03-21T23:19:52.708122,518,300,1227,2.0329952239990234,False,0.0,0,1,1774153192708,1774153192708,0
2026-03-21T23:19:59.364144,518,400,1627,2.100229263305664,False,0.0,0,1,1774153199364,1774153199364,0
2026-03-21T23:20:06.036306,518,500,2027,2.157926559448242,False,0.0,0,1,1774153206036,1774153206036,0
2026-03-21T23:20:16.687194,519,0,26,0.8053779602050781,False,0.0,0,1,1774153216687,1774153216687,0
2026-03-21T23:20:23.356870,519,100,426,1.8298625946044922,False,0.0,0,1,1774153223356,1774153223356,0
2026-03-21T23:20:25.924080,520,0,28,2.3887157440185547,False,0.0,0,1,1774153225924,1774153225924,0
2026-03-21T23:20:32.598810,520,100,428,9.20248031616211,False,0.0,0,1,1774153232598,1774153232598,0
2026-03-21T23:20:39.249802,520,200,828,3.545045852661133,False,0.0,0,1,1774153239249,1774153239249,0
2026-03-21T23:20:45.902405,520,300,1228,1.5022754669189453,False,0.0,0,1,1774153245902,1774153245902,0
2026-03-21T23:20:50.234903,521,0,27,0.8149147033691406,False,0.0,0,1,1774153250234,1774153250234,0
2026-03-21T23:20:56.884857,521,100,427,1.9702911376953125,False,0.0,0,1,1774153256884,1774153256884,0
2026-03-21T23:21:03.540979,521,200,827,1.8281936645507812,False,0.0,0,1,1774153263540,1774153263540,0
2026-03-21T23:21:08.167036,522,0,27,1.0001659393310547,False,0.0,0,1,1774153268167,1774153268167,0
2026-03-21T23:21:14.831821,522,100,427,11.419534683227539,False,0.0,0,1,1774153274831,1774153274831,0
2026-03-21T23:21:15.604409,523,0,26,2.390146255493164,False,0.0,0,1,1774153275604,1774153275604,0
2026-03-21T23:21:21.153521,524,0,26,2.557992935180664,False,0.0,0,1,1774153281153,1774153281153,0
2026-03-21T23:21:27.800240,524,100,426,2.287149429321289,False,0.0,0,1,1774153287800,1774153287800,0
2026-03-21T23:21:34.457765,524,200,826,3.0214786529541016,False,0.0,0,1,1774153294457,1774153294457,0
2026-03-21T23:21:41.114798,524,300,1226,3.177642822265625,False,0.0,0,1,1774153301114,1774153301114,0
2026-03-21T23:21:46.203350,525,0,27,0.8571147918701172,False,0.0,0,1,1774153306203,1774153306203,0
2026-03-21T23:21:52.876973,525,100,427,1.6858577728271484,False,0.0,0,1,1774153312876,1774153312876,0
2026-03-21T23:21:59.613276,526,0,27,0.8344650268554688,False,0.0,0,1,1774153319613,1774153319613,0
2026-03-21T23:22:06.285998,527,0,27,0.9136199951171875,False,0.0,0,1,1774153326285,1774153326285,0
2026-03-21T23:22:12.943163,527,100,427,2.8438568115234375,False,0.0,0,1,1774153332943,1774153332943,0
2026-03-21T23:22:19.606353,527,200,827,9.083271026611328,False,0.0,0,1,1774153339606,1774153339606,0
2026-03-21T23:22:22.015534,528,0,26,4.891157150268555,False,0.0,0,1,1774153342015,1774153342015,0
2026-03-21T23:22:28.665374,528,100,426,1.6016960144042969,False,0.0,0,1,1774153348665,1774153348665,0
2026-03-21T23:22:32.076919,529,0,28,1.5497207641601562,False,0.0,0,1,1774153352076,1774153352076,0
2026-03-21T23:22:38.752472,529,100,428,3.3140182495117188,False,0.0,0,1,1774153358752,1774153358752,0
2026-03-21T23:22:45.405572,529,200,828,1.499176025390625,False,0.0,0,1,1774153365405,1774153365405,0
2026-03-21T23:22:52.061886,529,300,1228,1.9230842590332031,False,0.0,0,1,1774153372061,1774153372061,0
2026-03-21T23:22:58.717298,529,400,1628,2.1016597747802734,False,0.0,0,1,1774153378717,1774153378717,0
2026-03-21T23:23:05.255850,530,0,27,0.9243488311767578,False,0.0,0,1,1774153385255,1774153385255,0
2026-03-21T23:23:11.909886,530,100,427,1.5323162078857422,False,0.0,0,1,1774153391909,1774153391909,0
2026-03-21T23:23:20.286753,531,0,27,2.7234554290771484,False,0.0,0,1,1774153400286,1774153400286,0
2026-03-21T23:23:26.937378,531,100,427,3.1571388244628906,False,0.0,0,1,1774153406937,1774153406937,0
2026-03-21T23:23:29.283889,532,0,27,1.617431640625,False,0.0,0,1,1774153409283,1774153409283,0
2026-03-21T23:23:35.408577,533,0,27,3.2758712768554688,False,0.0,0,1,1774153415408,1774153415408,0
2026-03-21T23:23:42.079724,533,100,427,3.0634403228759766,False,0.0,0,1,1774153422079,1774153422079,0
2026-03-21T23:23:48.734001,533,200,827,2.9218196868896484,False,0.0,0,1,1774153428733,1774153428734,1
2026-03-21T23:23:55.390536,533,300,1227,2.8002262115478516,False,0.0,0,1,1774153435390,1774153435390,0
2026-03-21T23:24:02.046376,533,400,1627,3.9110183715820312,False,0.0,0,1,1774153442046,1774153442046,0
2026-03-21T23:24:08.719267,533,500,2027,2.14385986328125,False,0.0,0,1,1774153448719,1774153448719,0
2026-03-21T23:24:16.453589,534,0,27,1.3828277587890625,False,0.0,0,1,1774153456453,1774153456453,0
2026-03-21T23:24:23.126286,534,100,427,2.163410186767578,False,0.0,0,1,1774153463126,1774153463126,0
2026-03-21T23:24:27.817678,535,0,28,2.0644664764404297,False,0.0,0,1,1774153467817,1774153467817,0
2026-03-21T23:24:34.473855,535,100,428,1.4231204986572266,False,0.0,0,1,1774153474473,1774153474473,0
2026-03-21T23:24:42.829569,536,0,27,2.6252269744873047,False,0.0,0,1,1774153482829,1774153482829,0
2026-03-21T23:24:47.733892,537,0,28,11.223077774047852,False,0.0,0,1,1774153487733,1774153487733,0
2026-03-21T23:24:54.383592,537,100,428,10.95890998840332,False,0.0,0,1,1774153494383,1774153494383,0
2026-03-21T23:24:59.597031,538,0,27,11.647462844848633,False,0.0,0,1,1774153499597,1774153499597,0
2026-03-21T23:25:06.236974,538,100,427,1.6889572143554688,False,0.0,0,1,1774153506236,1774153506236,0
2026-03-21T23:25:09.100849,539,0,28,3.118276596069336,False,0.0,0,1,1774153509100,1774153509100,0
2026-03-21T23:25:15.759710,539,100,428,6.373405456542969,False,0.0,0,1,1774153515759,1774153515759,0
2026-03-21T23:25:22.412536,539,200,828,2.3326873779296875,False,0.0,0,1,1774153522412,1774153522412,0
2026-03-21T23:25:31.182951,540,0,27,0.8292198181152344,False,0.0,0,1,1774153531182,1774153531182,0
2026-03-21T23:25:37.837102,540,100,427,0.7066726684570312,False,0.0,0,1,1774153537837,1774153537837,0
2026-03-21T23:25:44.491575,540,200,827,1.6868114471435547,False,0.0,0,1,1774153544491,1774153544491,0
2026-03-21T23:25:48.852064,541,0,27,1.0755062103271484,False,0.0,0,1,1774153548852,1774153548852,0
2026-03-21T23:25:55.520231,541,100,427,12.271881103515625,False,0.0,0,1,1774153555520,1774153555520,0
2026-03-21T23:26:02.161941,541,200,827,2.8581619262695312,False,0.0,0,1,1774153562161,1774153562161,0
2026-03-21T23:26:08.819255,541,300,1227,2.0360946655273438,False,0.0,0,1,1774153568819,1774153568819,0
2026-03-21T23:26:15.474788,541,400,1627,2.4275779724121094,False,0.0,0,1,1774153575474,1774153575474,0
2026-03-21T23:26:25.006345,542,0,26,1.2526512145996094,False,0.0,0,1,1774153585006,1774153585006,0
2026-03-21T23:26:31.680354,543,0,28,1.825571060180664,False,0.0,0,1,1774153591680,1774153591680,0
2026-03-21T23:26:38.337069,543,100,428,2.5191307067871094,False,0.0,0,1,1774153598337,1774153598337,0
2026-03-21T23:26:38.968731,544,0,27,3.5707950592041016,False,0.0,0,1,1774153598968,1774153598968,0
2026-03-21T23:26:45.624313,544,100,427,2.9790401458740234,False,0.0,0,1,1774153605624,1774153605624,0
2026-03-21T23:26:48.833581,545,0,27,1.8622875213623047,False,0.0,0,1,1774153608833,1774153608833,0
2026-03-21T23:26:55.488895,545,100,427,1.3279914855957031,False,0.0,0,1,1774153615488,1774153615488,0
2026-03-21T23:27:02.145938,545,200,827,2.5551319122314453,False,0.0,0,1,1774153622145,1774153622145,0
2026-03-21T23:27:08.801090,545,300,1227,1.6913414001464844,False,0.0,0,1,1774153628801,1774153628801,0
2026-03-21T23:27:15.474233,545,400,1627,2.7055740356445312,False,0.0,0,1,1774153635474,1774153635474,0
2026-03-21T23:27:22.197032,546,0,27,1.8575191497802734,False,0.0,0,1,1774153642197,1774153642197,0
2026-03-21T23:27:28.851187,546,100,427,2.024412155151367,False,0.0,0,1,1774153648851,1774153648851,0
2026-03-21T23:27:35.507506,546,200,827,2.3355484008789062,False,0.0,0,1,1774153655507,1774153655507,0
2026-03-21T23:27:42.170943,546,300,1227,9.199142456054688,False,0.0,0,1,1774153662170,1774153662170,0
2026-03-21T23:27:48.818596,546,400,1627,2.8934478759765625,False,0.0,0,1,1774153668818,1774153668818,0
2026-03-21T23:27:55.824209,547,0,26,1.1708736419677734,False,0.0,0,1,1774153675824,1774153675824,0
2026-03-21T23:28:02.478575,547,100,426,2.3877620697021484,False,0.0,0,1,1774153682478,1774153682478,0
2026-03-21T23:28:09.151286,547,200,826,1.9419193267822266,False,0.0,0,1,1774153689151,1774153689151,0
2026-03-21T23:28:12.944393,548,0,27,0.9322166442871094,False,0.0,0,1,1774153692944,1774153692944,0
2026-03-21T23:28:19.601000,548,100,427,2.076864242553711,False,0.0,0,1,1774153699600,1774153699600,0
2026-03-21T23:28:21.415077,549,0,28,1.9004344940185547,False,0.0,0,1,1774153701415,1774153701415,0
2026-03-21T23:28:28.087277,549,100,428,2.136707305908203,False,0.0,0,1,1774153708087,1774153708087,0
2026-03-21T23:28:29.783057,550,0,27,1.8756389617919922,False,0.0,0,1,1774153709783,1774153709783,0
2026-03-21T23:28:36.440057,550,100,427,2.6035308837890625,False,0.0,0,1,1774153716440,1774153716440,0
2026-03-21T23:28:42.323187,551,0,26,12.530088424682617,False,0.0,0,1,1774153722323,1774153722323,0
2026-03-21T23:28:48.986264,551,100,426,2.4178028106689453,False,0.0,0,1,1774153728986,1774153728986,0
2026-03-21T23:28:55.641697,551,200,826,2.7642250061035156,False,0.0,0,1,1774153735641,1774153735641,0
2026-03-21T23:28:59.234733,552,0,27,1.7745494842529297,False,0.0,0,1,1774153739234,1774153739234,0
2026-03-21T23:29:05.890094,552,100,427,2.010822296142578,False,0.0,0,1,1774153745890,1774153745890,0
2026-03-21T23:29:12.564213,552,200,827,2.8984546661376953,False,0.0,0,1,1774153752564,1774153752564,0
2026-03-21T23:29:15.312679,553,0,27,6.199836730957031,False,0.0,0,1,1774153755312,1774153755312,0
2026-03-21T23:29:21.964752,553,100,427,2.7627944946289062,False,0.0,0,1,1774153761964,1774153761964,0
2026-03-21T23:29:25.250494,554,0,26,8.722066879272461,False,0.0,0,1,1774153765250,1774153765250,0
2026-03-21T23:29:31.895905,554,100,426,1.0225772857666016,False,0.0,0,1,1774153771895,1774153771895,0
2026-03-21T23:29:38.553232,554,200,826,1.3048648834228516,False,0.0,0,1,1774153778553,1774153778553,0
2026-03-21T23:29:45.213077,554,300,1226,2.523183822631836,False,0.0,0,1,1774153785213,1774153785213,0
2026-03-21T23:29:51.880754,554,400,1626,2.0160675048828125,False,0.0,0,1,1774153791880,1774153791880,0
2026-03-21T23:29:58.555475,554,500,2026,1.6677379608154297,False,0.0,0,1,1774153798555,1774153798555,0
2026-03-21T23:30:08.218982,555,0,26,0.7390975952148438,False,0.0,0,1,1774153808218,1774153808218,0
2026-03-21T23:30:14.877985,555,100,426,2.8858184814453125,False,0.0,0,1,1774153814877,1774153814877,0
2026-03-21T23:30:21.531889,555,200,826,2.15911865234375,False,0.0,0,1,1774153821531,1774153821531,0
2026-03-21T23:30:23.809317,556,0,28,0.682830810546875,False,0.0,0,1,1774153823809,1774153823809,0
2026-03-21T23:30:30.465938,556,100,428,1.8236637115478516,False,0.0,0,1,1774153830465,1774153830465,0
2026-03-21T23:30:32.787477,557,0,27,1.6787052154541016,False,0.0,0,1,1774153832787,1774153832787,0
2026-03-21T23:30:39.992920,558,0,27,10.122060775756836,False,0.0,0,1,1774153839992,1774153839992,0
2026-03-21T23:30:46.656029,558,100,427,2.0623207092285156,False,0.0,0,1,1774153846656,1774153846656,0
2026-03-21T23:30:53.312829,558,200,827,1.9767284393310547,False,0.0,0,1,1774153853312,1774153853312,0
2026-03-21T23:30:59.968307,558,300,1227,3.017425537109375,False,0.0,0,1,1774153859968,1774153859968,0
2026-03-21T23:31:07.198687,559,0,27,0.7619857788085938,False,0.0,0,1,1774153867198,1774153867198,0
2026-03-21T23:31:13.851556,559,100,427,7.345438003540039,False,0.0,0,1,1774153873851,1774153873851,0
2026-03-21T23:31:20.504509,559,200,827,3.0486583709716797,False,0.0,0,1,1774153880504,1774153880504,0
2026-03-21T23:31:27.156708,559,300,1227,2.185821533203125,False,0.0,0,1,1774153887156,1774153887156,0
2026-03-21T23:31:33.828350,559,400,1627,1.5938282012939453,False,0.0,0,1,1774153893828,1774153893828,0
2026-03-21T23:31:38.502052,560,0,27,0.9310245513916016,False,0.0,0,1,1774153898502,1774153898502,0
2026-03-21T23:31:45.160088,560,100,427,2.8722286224365234,False,0.0,0,1,1774153905160,1774153905160,0
2026-03-21T23:31:48.824272,561,0,27,0.8907318115234375,False,0.0,0,1,1774153908824,1774153908824,0
2026-03-21T23:31:55.492115,561,100,427,1.7445087432861328,False,0.0,0,1,1774153915492,1774153915492,0
2026-03-21T23:32:02.172865,561,200,827,10.212421417236328,False,0.0,0,1,1774153922172,1774153922172,0
2026-03-21T23:32:08.822342,561,300,1227,3.9587020874023438,False,0.0,0,1,1774153928822,1774153928822,0
2026-03-21T23:32:15.476451,561,400,1627,3.1201839447021484,False,0.0,0,1,1774153935476,1774153935476,0
2026-03-21T23:32:24.941723,562,0,27,0.7796287536621094,False,0.0,0,1,1774153944941,1774153944941,0
2026-03-21T23:32:31.598441,562,100,427,1.7271041870117188,False,0.0,0,1,1774153951598,1774153951598,0
2026-03-21T23:32:38.255339,562,200,827,2.830982208251953,False,0.0,0,1,1774153958255,1774153958255,0
2026-03-21T23:32:44.911391,562,300,1227,1.9266605377197266,False,0.0,0,1,1774153964911,1774153964911,0
2026-03-21T23:32:51.566026,562,400,1627,1.790761947631836,False,0.0,0,1,1774153971566,1774153971566,0
2026-03-21T23:32:56.373843,563,0,26,1.0535717010498047,False,0.0,0,1,1774153976373,1774153976373,0
2026-03-21T23:33:01.932227,564,0,27,1.8634796142578125,False,0.0,0,1,1774153981932,1774153981932,0
2026-03-21T23:33:08.007233,565,0,28,11.99197769165039,False,0.0,0,1,1774153988007,1774153988007,0
2026-03-21T23:33:14.661265,565,100,428,2.1283626556396484,False,0.0,0,1,1774153994661,1774153994661,0
2026-03-21T23:33:16.758567,566,0,27,2.772092819213867,False,0.0,0,1,1774153996758,1774153996758,0
2026-03-21T23:33:23.417472,566,100,427,5.100011825561523,False,0.0,0,1,1774154003417,1774154003417,0
2026-03-21T23:33:30.068733,566,200,827,1.9483566284179688,False,0.0,0,1,1774154010068,1774154010068,0
2026-03-21T23:33:31.516154,567,0,26,2.146005630493164,False,0.0,0,1,1774154011516,1774154011516,0
2026-03-21T23:33:36.075303,568,0,27,2.210378646850586,False,0.0,0,1,1774154016075,1774154016075,0
2026-03-21T23:33:42.731681,568,100,427,2.061605453491211,False,0.0,0,1,1774154022731,1774154022731,0
2026-03-21T23:33:49.393528,568,200,827,8.025884628295898,False,0.0,0,1,1774154029393,1774154029393,0
2026-03-21T23:33:56.045460,568,300,1227,3.2868385314941406,False,0.0,0,1,1774154036045,1774154036045,0
2026-03-21T23:33:59.995389,569,0,27,1.522064208984375,False,0.0,0,1,1774154039995,1774154039995,0
2026-03-21T23:34:06.596118,570,0,27,2.6879310607910156,False,0.0,0,1,1774154046596,1774154046596,0
2026-03-21T23:34:13.248340,570,100,427,3.4482479095458984,False,0.0,0,1,1774154053248,1774154053248,0
2026-03-21T23:34:19.104302,571,0,27,2.4607181549072266,False,0.0,0,1,1774154059104,1774154059104,0
2026-03-21T23:34:25.777040,571,100,427,2.4406909942626953,False,0.0,0,1,1774154065777,1774154065777,0
2026-03-21T23:34:32.460901,571,200,827,14.213323593139648,False,0.0,0,1,1774154072460,1774154072460,0
2026-03-21T23:34:39.104869,571,300,1227,2.29644775390625,False,0.0,0,1,1774154079104,1774154079104,0
2026-03-21T23:34:45.764508,571,400,1627,7.109165191650391,False,0.0,0,1,1774154085764,1774154085764,0
2026-03-21T23:34:51.814986,572,0,27,0.79345703125,False,0.0,0,1,1774154091814,1774154091814,0
2026-03-21T23:34:57.397850,573,0,27,2.0110607147216797,False,0.0,0,1,1774154097397,1774154097397,0
2026-03-21T23:35:04.072447,573,100,427,2.209901809692383,False,0.0,0,1,1774154104072,1774154104072,0
2026-03-21T23:35:10.720390,573,200,827,1.874685287475586,False,0.0,0,1,1774154110720,1774154110720,0
2026-03-21T23:35:15.279168,574,0,27,3.366231918334961,False,0.0,0,1,1774154115279,1774154115279,0
2026-03-21T23:35:20.885714,575,0,27,1.997232437133789,False,0.0,0,1,1774154120885,1774154120885,0
2026-03-21T23:35:27.544186,575,100,427,4.223346710205078,False,0.0,0,1,1774154127544,1774154127544,0
2026-03-21T23:35:34.214758,575,200,827,3.68499755859375,False,0.0,0,1,1774154134214,1774154134214,0
2026-03-21T23:35:40.868587,575,300,1227,2.407073974609375,False,0.0,0,1,1774154140868,1774154140868,0
2026-03-21T23:35:47.524156,575,400,1627,2.1131038665771484,False,0.0,0,1,1774154147524,1774154147524,0
2026-03-21T23:35:57.490656,576,0,27,1.2290477752685547,False,0.0,0,1,1774154157490,1774154157490,0
2026-03-21T23:36:04.147406,576,100,427,2.2041797637939453,False,0.0,0,1,1774154164147,1774154164147,0
2026-03-21T23:36:09.733240,577,0,27,3.5686492919921875,False,0.0,0,1,1774154169733,1774154169733,0
2026-03-21T23:36:16.376814,577,100,427,2.0706653594970703,False,0.0,0,1,1774154176376,1774154176376,0
2026-03-21T23:36:23.033840,577,200,827,3.280162811279297,False,0.0,0,1,1774154183033,1774154183033,0
2026-03-21T23:36:25.110982,578,0,27,1.7480850219726562,False,0.0,0,1,1774154185110,1774154185110,0
2026-03-21T23:36:31.766633,578,100,427,1.912832260131836,False,0.0,0,1,1774154191766,1774154191766,0
2026-03-21T23:36:38.423046,578,200,827,2.240896224975586,False,0.0,0,1,1774154198423,1774154198423,0
2026-03-21T23:36:47.376351,579,0,27,1.104116439819336,False,0.0,0,1,1774154207376,1774154207376,0
2026-03-21T23:36:54.045735,579,100,427,1.3470649719238281,False,0.0,0,1,1774154214045,1774154214045,0
2026-03-21T23:36:55.023443,580,0,28,10.80012321472168,False,0.0,0,1,1774154215023,1774154215023,0
2026-03-21T23:37:00.518585,581,0,27,0.8306503295898438,False,0.0,0,1,1774154220518,1774154220518,0
2026-03-21T23:37:07.175928,581,100,427,1.8112659454345703,False,0.0,0,1,1774154227175,1774154227175,0
2026-03-21T23:37:13.830096,581,200,827,1.6520023345947266,False,0.0,0,1,1774154233830,1774154233830,0
2026-03-21T23:37:23.197607,582,0,28,0.8833408355712891,False,0.0,0,1,1774154243197,1774154243197,0
2026-03-21T23:37:28.811049,583,0,27,3.183126449584961,False,0.0,0,1,1774154248811,1774154248811,0
2026-03-21T23:37:35.463374,583,100,427,2.744436264038086,False,0.0,0,1,1774154255463,1774154255463,0
2026-03-21T23:37:42.117852,583,200,827,1.8973350524902344,False,0.0,0,1,1774154262117,1774154262117,0
2026-03-21T23:37:48.776665,583,300,1227,2.7496814727783203,False,0.0,0,1,1774154268776,1774154268776,0
2026-03-21T23:37:55.431602,583,400,1627,2.3932456970214844,False,0.0,0,1,1774154275431,1774154275431,0
2026-03-21T23:38:02.549389,584,0,26,1.0149478912353516,False,0.0,0,1,1774154282549,1774154282549,0
2026-03-21T23:38:09.205481,584,100,426,1.8301010131835938,False,0.0,0,1,1774154289205,1774154289205,0
2026-03-21T23:38:12.966081,585,0,27,1.8532276153564453,False,0.0,0,1,1774154292966,1774154292966,0
2026-03-21T23:38:19.622394,585,100,427,1.9524097442626953,False,0.0,0,1,1774154299622,1774154299622,0
2026-03-21T23:38:26.228040,586,0,28,2.054929733276367,False,0.0,0,1,1774154306228,1774154306228,0
2026-03-21T23:38:32.899462,586,100,428,1.8880367279052734,False,0.0,0,1,1774154312899,1774154312899,0
2026-03-21T23:38:39.556730,586,200,828,1.9876956939697266,False,0.0,0,1,1774154319556,1774154319556,0
2026-03-21T23:38:40.370701,587,0,28,2.5997161865234375,False,0.0,0,1,1774154320370,1774154320370,0
2026-03-21T23:38:45.997883,588,0,27,1.8515586853027344,False,0.0,0,1,1774154325997,1774154325997,0
2026-03-21T23:38:52.651626,588,100,427,1.6052722930908203,False,0.0,0,1,1774154332651,1774154332651,0
2026-03-21T23:38:53.625223,589,0,28,11.7645263671875,False,0.0,0,1,1774154333625,1774154333625,0
2026-03-21T23:39:00.270973,589,100,428,2.019643783569336,False,0.0,0,1,1774154340270,1774154340270,0
2026-03-21T23:39:06.943155,589,200,828,2.208709716796875,False,0.0,0,1,1774154346943,1774154346943,0
2026-03-21T23:39:11.640631,590,0,27,0.8478164672851562,False,0.0,0,1,1774154351640,1774154351640,0
2026-03-21T23:39:18.291548,590,100,427,1.8923282623291016,False,0.0,0,1,1774154358291,1774154358291,0
2026-03-21T23:39:24.948998,590,200,827,3.834962844848633,False,0.0,0,1,1774154364948,1774154364948,0
2026-03-21T23:39:31.609649,590,300,1227,9.783029556274414,False,0.0,0,1,1774154371609,1774154371609,0
2026-03-21T23:39:35.711027,591,0,27,0.7328987121582031,False,0.0,0,1,1774154375711,1774154375711,0
2026-03-21T23:39:42.374676,591,100,427,9.134531021118164,False,0.0,0,1,1774154382374,1774154382374,0
2026-03-21T23:39:49.041036,591,200,827,2.994060516357422,False,0.0,0,1,1774154389041,1774154389041,0
2026-03-21T23:39:55.696385,591,300,1227,2.453327178955078,False,0.0,0,1,1774154395696,1774154395696,0
2026-03-21T23:40:02.352364,591,400,1627,2.079010009765625,False,0.0,0,1,1774154402352,1774154402352,0
2026-03-21T23:40:09.008118,591,500,2027,3.0193328857421875,False,0.0,0,1,1774154409008,1774154409008,0
2026-03-21T23:40:15.677416,591,600,2427,17.437219619750977,False,0.0,0,1,1774154415677,1774154415677,0
2026-03-21T23:40:25.977298,592,0,27,1.0657310485839844,False,0.0,0,1,1774154425977,1774154425977,0
2026-03-21T23:40:32.637174,592,100,427,3.3118724822998047,False,0.0,0,1,1774154432637,1774154432637,0
2026-03-21T23:40:35.180416,593,0,27,1.9147396087646484,False,0.0,0,1,1774154435180,1774154435180,0
2026-03-21T23:40:41.855363,593,100,427,1.9998550415039062,False,0.0,0,1,1774154441855,1774154441855,0
2026-03-21T23:40:48.840445,594,0,26,1.100301742553711,False,0.0,0,1,1774154448840,1774154448840,0
2026-03-21T23:40:55.497879,594,100,426,2.9256343841552734,False,0.0,0,1,1774154455497,1774154455497,0
2026-03-21T23:41:02.551101,595,0,27,1.5239715576171875,False,0.0,0,1,1774154462551,1774154462551,0
2026-03-21T23:41:09.223536,595,100,427,2.155303955078125,False,0.0,0,1,1774154469223,1774154469223,0
2026-03-21T23:41:15.879458,595,200,827,2.0530223846435547,False,0.0,0,1,1774154475879,1774154475879,0
2026-03-21T23:41:16.865571,596,0,28,1.6589164733886719,False,0.0,0,1,1774154476865,1774154476865,0
2026-03-21T23:41:23.519274,596,100,428,1.9578933715820312,False,0.0,0,1,1774154483519,1774154483519,0
2026-03-21T23:41:30.176313,596,200,828,2.6111602783203125,False,0.0,0,1,1774154490176,1774154490176,0
2026-03-21T23:41:33.433331,597,0,27,1.5025138854980469,False,0.0,0,1,1774154493433,1774154493433,0
2026-03-21T23:41:39.364469,598,0,27,2.904653549194336,False,0.0,0,1,1774154499364,1774154499364,0
2026-03-21T23:41:46.012613,598,100,427,1.177072525024414,False,0.0,0,1,1774154506012,1774154506012,0
2026-03-21T23:41:51.479251,599,0,27,2.1529197692871094,False,0.0,0,1,1774154511479,1774154511479,0
2026-03-21T23:41:58.127665,599,100,427,3.1766891479492188,False,0.0,0,1,1774154518127,1774154518127,0
2026-03-21T23:42:02.135868,600,0,27,2.3353099822998047,False,0.0,0,1,1774154522135,1774154522135,0
2026-03-21T23:42:08.799188,600,100,427,8.309125900268555,False,0.0,0,1,1774154528799,1774154528799,0
2026-03-21T23:42:10.255275,601,0,27,1.1854171752929688,False,0.0,0,1,1774154530255,1774154530255,0
2026-03-21T23:42:16.912619,601,100,427,1.9407272338867188,False,0.0,0,1,1774154536912,1774154536912,0
2026-03-21T23:42:23.119598,602,0,27,2.8717517852783203,False,0.0,0,1,1774154543119,1774154543119,0
2026-03-21T23:42:28.258421,603,0,27,1.6775131225585938,False,0.0,0,1,1774154548258,1774154548258,0
2026-03-21T23:42:34.915453,603,100,427,2.0983219146728516,False,0.0,0,1,1774154554915,1774154554915,0
2026-03-21T23:42:41.585979,603,200,827,1.3875961303710938,False,0.0,0,1,1774154561585,1774154561585,0
2026-03-21T23:42:50.470762,604,0,27,0.7522106170654297,False,0.0,0,1,1774154570470,1774154570470,0
2026-03-21T23:42:57.132552,604,100,427,6.896257400512695,False,0.0,0,1,1774154577132,1774154577132,0
2026-03-21T23:42:58.587689,605,0,27,12.759208679199219,False,0.0,0,1,1774154578587,1774154578587,0
2026-03-21T23:43:05.231505,605,100,427,1.8045902252197266,False,0.0,0,1,1774154585231,1774154585231,0
2026-03-21T23:43:07.043565,606,0,28,1.0001659393310547,False,0.0,0,1,1774154587043,1774154587043,0
2026-03-21T23:43:13.700207,606,100,428,1.4941692352294922,False,0.0,0,1,1774154593700,1774154593700,0
2026-03-21T23:43:16.434694,607,0,27,1.6655921936035156,False,0.0,0,1,1774154596434,1774154596434,0
2026-03-21T23:43:23.304103,608,0,27,2.928495407104492,False,0.0,0,1,1774154603304,1774154603304,0
2026-03-21T23:43:29.958024,608,100,427,3.0908584594726562,False,0.0,0,1,1774154609958,1774154609958,0
2026-03-21T23:43:36.611953,608,200,827,1.695394515991211,False,0.0,0,1,1774154616611,1774154616611,0
2026-03-21T23:43:43.268330,608,300,1227,2.093076705932617,False,0.0,0,1,1774154623268,1774154623268,0
2026-03-21T23:43:49.940954,608,400,1627,2.348184585571289,False,0.0,0,1,1774154629940,1774154629940,0
2026-03-21T23:43:56.597067,608,500,2027,3.6003589630126953,False,0.0,0,1,1774154636597,1774154636597,0
2026-03-21T23:44:03.550302,609,0,26,1.0883808135986328,False,0.0,0,1,1774154643550,1774154643550,0
2026-03-21T23:44:10.215147,609,100,426,10.443925857543945,False,0.0,0,1,1774154650215,1774154650215,0
2026-03-21T23:44:16.992181,609,200,826,1.6722679138183594,False,0.0,0,1,1774154656992,1774154656992,0
2026-03-21T23:44:23.648101,609,300,1226,2.566814422607422,False,0.0,0,1,1774154663648,1774154663648,0
2026-03-21T23:44:30.311789,609,400,1626,10.985851287841797,False,0.0,0,1,1774154670311,1774154670311,0
2026-03-21T23:44:36.983060,609,500,2026,9.77325439453125,False,0.0,0,1,1774154676983,1774154676983,0
2026-03-21T23:44:43.631886,609,600,2426,2.2313594818115234,False,0.0,0,1,1774154683631,1774154683631,0
2026-03-21T23:44:50.287153,609,700,2826,2.6793479919433594,False,0.0,0,1,1774154690287,1774154690287,0
2026-03-21T23:44:55.611527,610,0,26,2.650022506713867,False,0.0,0,1,1774154695611,1774154695611,0
2026-03-21T23:45:02.284340,610,100,426,3.0171871185302734,False,0.0,0,1,1774154702284,1774154702284,0
2026-03-21T23:45:09.523927,611,0,28,1.7180442810058594,False,0.0,0,1,1774154709523,1774154709523,0
2026-03-21T23:45:16.743440,612,0,27,2.3698806762695312,False,0.0,0,1,1774154716743,1774154716743,0
2026-03-21T23:45:23.398785,612,100,427,2.107381820678711,False,0.0,0,1,1774154723398,1774154723398,0
2026-03-21T23:45:30.055167,612,200,827,3.4050941467285156,False,0.0,0,1,1774154730055,1774154730055,0
2026-03-21T23:45:34.497001,613,0,27,1.1234283447265625,False,0.0,0,1,1774154734496,1774154734496,0
2026-03-21T23:45:40.857182,614,0,28,2.031564712524414,False,0.0,0,1,1774154740857,1774154740857,0
2026-03-21T23:45:47.510851,614,100,428,2.809762954711914,False,0.0,0,1,1774154747510,1774154747510,0
2026-03-21T23:45:49.638336,615,0,27,1.9145011901855469,False,0.0,0,1,1774154749638,1774154749638,0
2026-03-21T23:45:55.711195,616,0,28,2.202749252319336,False,0.0,0,1,1774154755711,1774154755711,0
2026-03-21T23:46:02.366723,616,100,428,2.0661354064941406,False,0.0,0,1,1774154762366,1774154762366,0
2026-03-21T23:46:09.024267,616,200,828,2.3488998413085938,False,0.0,0,1,1774154769024,1774154769024,0
2026-03-21T23:46:11.293496,617,0,27,8.934736251831055,False,0.0,0,1,1774154771293,1774154771293,0
2026-03-21T23:46:17.957568,617,100,427,2.3164749145507812,False,0.0,0,1,1774154777957,1774154777957,0
2026-03-21T23:46:18.914080,618,0,27,2.107381820678711,False,0.0,0,1,1774154778914,1774154778914,0
2026-03-21T23:46:25.563557,618,100,427,2.1495819091796875,False,0.0,0,1,1774154785563,1774154785563,0
2026-03-21T23:46:32.217877,618,200,827,1.882314682006836,False,0.0,0,1,1774154792217,1774154792217,0
2026-03-21T23:46:38.875296,618,300,1227,1.9783973693847656,False,0.0,0,1,1774154798875,1774154798875,0
2026-03-21T23:46:45.494887,619,0,26,1.0638236999511719,False,0.0,0,1,1774154805494,1774154805494,0
2026-03-21T23:46:52.151978,619,100,426,2.54058837890625,False,0.0,0,1,1774154812151,1774154812151,0
2026-03-21T23:46:58.806600,619,200,826,1.8754005432128906,False,0.0,0,1,1774154818806,1774154818806,0
2026-03-21T23:47:01.319625,620,0,26,1.0030269622802734,False,0.0,0,1,1774154821319,1774154821319,0
2026-03-21T23:47:08.190544,621,0,26,0.9489059448242188,False,0.0,0,1,1774154828190,1774154828190,0
2026-03-21T23:47:14.851309,621,100,426,5.722761154174805,False,0.0,0,1,1774154834851,1774154834851,0
2026-03-21T23:47:20.811046,622,0,28,9.430408477783203,False,0.0,0,1,1774154840811,1774154840811,0
2026-03-21T23:47:27.459297,622,100,428,1.8048286437988281,False,0.0,0,1,1774154847459,1774154847459,0
2026-03-21T23:47:34.115881,622,200,828,2.4423599243164062,False,0.0,0,1,1774154854115,1774154854115,0
2026-03-21T23:47:40.772793,622,300,1228,3.180980682373047,False,0.0,0,1,1774154860772,1774154860772,0
2026-03-21T23:47:46.034263,623,0,27,0.7224082946777344,False,0.0,0,1,1774154866034,1774154866034,0
2026-03-21T23:47:52.684076,623,100,427,2.3391246795654297,False,0.0,0,1,1774154872684,1774154872684,0
2026-03-21T23:47:59.324329,623,200,826,1.8858909606933594,False,0.0,0,1,1774154879324,1774154879324,0
2026-03-21T23:48:01.484679,624,0,27,0.9291172027587891,False,0.0,0,1,1774154881484,1774154881484,0
2026-03-21T23:48:08.142520,624,100,427,2.560853958129883,False,0.0,0,1,1774154888142,1774154888142,0
2026-03-21T23:48:14.815696,624,200,827,3.3288002014160156,False,0.0,0,1,1774154894815,1774154894815,0
2026-03-21T23:48:21.478617,624,300,1227,9.798526763916016,False,0.0,0,1,1774154901478,1774154901478,0
2026-03-21T23:48:28.125475,624,400,1627,2.0384788513183594,False,0.0,0,1,1774154908125,1774154908125,0
2026-03-21T23:48:37.541161,625,0,26,0.7050037384033203,False,0.0,0,1,1774154917541,1774154917541,0
2026-03-21T23:48:44.198935,625,100,426,1.711130142211914,False,0.0,0,1,1774154924198,1774154924198,0
2026-03-21T23:48:45.262878,626,0,27,1.3728141784667969,False,0.0,0,1,1774154925262,1774154925262,0
2026-03-21T23:48:51.303241,627,0,27,1.6722679138183594,False,0.0,0,1,1774154931303,1774154931303,0
2026-03-21T23:48:57.959031,627,100,427,2.0449161529541016,False,0.0,0,1,1774154937959,1774154937959,0
2026-03-21T23:49:02.385351,628,0,27,1.8858909606933594,False,0.0,0,1,1774154942385,1774154942385,0
2026-03-21T23:49:09.052318,628,100,427,11.577129364013672,False,0.0,0,1,1774154949052,1774154949052,0
2026-03-21T23:49:15.714603,628,200,827,2.088785171508789,False,0.0,0,1,1774154955714,1774154955714,0
2026-03-21T23:49:22.171414,629,0,27,1.1563301086425781,False,0.0,0,1,1774154962171,1774154962171,0
2026-03-21T23:49:28.842945,629,100,427,2.8009414672851562,False,0.0,0,1,1774154968842,1774154968842,0
2026-03-21T23:49:32.275920,630,0,27,3.5839080810546875,False,0.0,0,1,1774154972275,1774154972275,0
2026-03-21T23:49:38.926190,630,100,427,1.981496810913086,False,0.0,0,1,1774154978926,1774154978926,0
2026-03-21T23:49:45.582925,630,200,827,2.3407936096191406,False,0.0,0,1,1774154985582,1774154985582,0
2026-03-21T23:49:52.235755,630,300,1227,2.391815185546875,False,0.0,0,1,1774154992235,1774154992235,0
2026-03-21T23:49:58.895420,630,400,1627,3.8423538208007812,False,0.0,0,1,1774154998895,1774154998895,0
2026-03-21T23:50:05.548158,630,500,2027,2.468109130859375,False,0.0,0,1,1774155005548,1774155005548,0
2026-03-21T23:50:12.204765,630,600,2427,2.130270004272461,False,0.0,0,1,1774155012204,1774155012204,0
2026-03-21T23:50:19.389642,631,0,27,1.0449886322021484,False,0.0,0,1,1774155019389,1774155019389,0
2026-03-21T23:50:26.046365,631,100,427,1.7669200897216797,False,0.0,0,1,1774155026046,1774155026046,0
2026-03-21T23:50:29.972906,632,0,27,1.3282299041748047,False,0.0,0,1,1774155029972,1774155029972,0
2026-03-21T23:50:36.629788,632,100,427,2.821207046508789,False,0.0,0,1,1774155036629,1774155036629,0
2026-03-21T23:50:38.331597,633,0,26,2.717733383178711,False,0.0,0,1,1774155038331,1774155038331,0
2026-03-21T23:50:44.981400,633,100,426,2.217531204223633,False,0.0,0,1,1774155044981,1774155044981,0
2026-03-21T23:50:46.911877,634,0,28,1.4672279357910156,False,0.0,0,1,1774155046911,1774155046911,0
2026-03-21T23:50:53.567273,634,100,428,1.38092041015625,False,0.0,0,1,1774155053567,1774155053567,0
2026-03-21T23:51:00.240296,634,200,828,1.863718032836914,False,0.0,0,1,1774155060240,1774155060240,0
2026-03-21T23:51:06.744785,635,0,27,1.4159679412841797,False,0.0,0,1,1774155066744,1774155066744,0
2026-03-21T23:51:13.401137,635,100,427,1.8017292022705078,False,0.0,0,1,1774155073401,1774155073401,0
2026-03-21T23:51:20.057547,635,200,827,2.4292469024658203,False,0.0,0,1,1774155080057,1774155080057,0
2026-03-21T23:51:26.713159,635,300,1227,1.8165111541748047,False,0.0,0,1,1774155086713,1774155086713,0
2026-03-21T23:51:32.205854,636,0,27,0.7488727569580078,False,0.0,0,1,1774155092205,1774155092205,0
2026-03-21T23:51:38.858238,636,100,427,1.8527507781982422,False,0.0,0,1,1774155098858,1774155098858,0
2026-03-21T23:51:45.515292,636,200,827,2.388477325439453,False,0.0,0,1,1774155105515,1774155105515,0
2026-03-21T23:51:52.171902,636,300,1227,2.104520797729492,False,0.0,0,1,1774155112171,1774155112171,0
2026-03-21T23:51:55.391599,637,0,27,0.957489013671875,False,0.0,0,1,1774155115391,1774155115391,0
2026-03-21T23:52:02.038779,637,100,427,3.4029483795166016,False,0.0,0,1,1774155122038,1774155122038,0
2026-03-21T23:52:03.941471,638,0,26,1.813650131225586,False,0.0,0,1,1774155123941,1774155123941,0
2026-03-21T23:52:10.589847,638,100,426,2.459287643432617,False,0.0,0,1,1774155130589,1774155130589,0
2026-03-21T23:52:17.262770,638,200,826,2.1522045135498047,False,0.0,0,1,1774155137262,1774155137262,0
2026-03-21T23:52:22.851221,639,0,27,0.9112358093261719,False,0.0,0,1,1774155142851,1774155142851,0
2026-03-21T23:52:28.558949,640,0,27,1.6741752624511719,False,0.0,0,1,1774155148558,1774155148558,0
2026-03-21T23:52:35.217126,640,100,427,2.3801326751708984,False,0.0,0,1,1774155155217,1774155155217,0
2026-03-21T23:52:42.420801,641,0,27,2.8579235076904297,False,0.0,0,1,1774155162420,1774155162420,0
2026-03-21T23:52:49.077399,641,100,427,2.176523208618164,False,0.0,0,1,1774155169077,1774155169077,0
2026-03-21T23:52:50.889170,642,0,28,1.856088638305664,False,0.0,0,1,1774155170889,1774155170889,0
2026-03-21T23:52:56.053265,643,0,27,3.667593002319336,False,0.0,0,1,1774155176053,1774155176053,0
2026-03-21T23:53:02.721625,643,100,427,1.8031597137451172,False,0.0,0,1,1774155182721,1774155182721,0
2026-03-21T23:53:09.403942,643,200,827,11.832952499389648,False,0.0,0,1,1774155189403,1774155189403,0
2026-03-21T23:53:18.826792,644,0,27,1.4927387237548828,False,0.0,0,1,1774155198826,1774155198826,0
2026-03-21T23:53:25.482403,644,100,427,2.3488998413085938,False,0.0,0,1,1774155205482,1774155205482,0
2026-03-21T23:53:32.139372,644,200,827,3.2558441162109375,False,0.0,0,1,1774155212139,1774155212139,0
2026-03-21T23:53:38.796294,644,300,1227,3.845691680908203,False,0.0,0,1,1774155218796,1774155218796,0
2026-03-21T23:53:47.362014,645,0,27,1.4185905456542969,False,0.0,0,1,1774155227362,1774155227362,0
2026-03-21T23:53:54.019921,645,100,427,1.9221305847167969,False,0.0,0,1,1774155234019,1774155234019,0
2026-03-21T23:53:56.834892,646,0,27,2.4671554565429688,False,0.0,0,1,1774155236834,1774155236834,0
2026-03-21T23:54:03.486766,646,100,427,2.5157928466796875,False,0.0,0,1,1774155243486,1774155243486,0
2026-03-21T23:54:10.142846,646,200,827,2.2509098052978516,False,0.0,0,1,1774155250142,1774155250142,0
2026-03-21T23:54:16.800106,646,300,1227,1.8472671508789062,False,0.0,0,1,1774155256800,1774155256800,0
2026-03-21T23:54:21.938875,647,0,27,2.5196075439453125,False,0.0,0,1,1774155261938,1774155261938,0
2026-03-21T23:54:28.594672,647,100,427,2.5289058685302734,False,0.0,0,1,1774155268594,1774155268594,0
2026-03-21T23:54:35.266989,647,200,827,1.7385482788085938,False,0.0,0,1,1774155275266,1774155275266,0
2026-03-21T23:54:38.144942,648,0,27,1.909494400024414,False,0.0,0,1,1774155278144,1774155278144,0
2026-03-21T23:54:44.807166,648,100,427,8.629560470581055,False,0.0,0,1,1774155284807,1774155284807,0
2026-03-21T23:54:51.457316,648,200,827,2.742767333984375,False,0.0,0,1,1774155291457,1774155291457,0
2026-03-21T23:54:56.928998,649,0,27,0.8606910705566406,False,0.0,0,1,1774155296928,1774155296928,0
2026-03-21T23:55:03.695481,650,0,27,10.388612747192383,False,0.0,0,1,1774155303695,1774155303695,0
2026-03-21T23:55:10.341073,650,100,427,1.5993118286132812,False,0.0,0,1,1774155310341,1774155310341,0
2026-03-21T23:55:16.996428,650,200,827,1.898050308227539,False,0.0,0,1,1774155316996,1774155316996,0
2026-03-21T23:55:20.491000,651,0,27,2.269744873046875,False,0.0,0,1,1774155320490,1774155320490,0
2026-03-21T23:55:27.163331,651,100,427,1.8072128295898438,False,0.0,0,1,1774155327163,1774155327163,0
2026-03-21T23:55:32.740841,652,0,27,3.018617630004883,False,0.0,0,1,1774155332740,1774155332740,0
2026-03-21T23:55:39.392975,652,100,427,2.269268035888672,False,0.0,0,1,1774155339392,1774155339392,0
2026-03-21T23:55:45.532598,653,0,27,1.1451244354248047,False,0.0,0,1,1774155345532,1774155345532,0
2026-03-21T23:55:52.204862,653,100,427,1.1157989501953125,False,0.0,0,1,1774155352204,1774155352204,0
2026-03-21T23:55:58.878916,653,200,827,2.666950225830078,False,0.0,0,1,1774155358878,1774155358878,0
2026-03-21T23:56:01.827126,654,0,27,1.4739036560058594,False,0.0,0,1,1774155361827,1774155361827,0
2026-03-21T23:56:08.483817,654,100,427,7.501363754272461,False,0.0,0,1,1774155368483,1774155368483,0
2026-03-21T23:56:15.140465,654,200,827,8.917093276977539,False,0.0,0,1,1774155375140,1774155375140,0
2026-03-21T23:56:21.740901,655,0,28,1.9102096557617188,False,0.0,0,1,1774155381740,1774155381740,0
2026-03-21T23:56:28.394833,655,100,428,1.804351806640625,False,0.0,0,1,1774155388394,1774155388394,0
2026-03-21T23:56:35.049690,655,200,828,1.3911724090576172,False,0.0,0,1,1774155395049,1774155395049,0
2026-03-21T23:56:41.859524,656,0,27,0.7965564727783203,False,0.0,0,1,1774155401859,1774155401859,0
2026-03-21T23:56:48.511429,656,100,427,1.7304420471191406,False,0.0,0,1,1774155408511,1774155408511,0
2026-03-21T23:56:50.198010,657,0,27,1.8274784088134766,False,0.0,0,1,1774155410198,1774155410198,0
2026-03-21T23:56:56.850945,657,100,427,1.9197463989257812,False,0.0,0,1,1774155416850,1774155416850,0
2026-03-21T23:57:03.505089,657,200,827,1.5227794647216797,False,0.0,0,1,1774155423505,1774155423505,0
2026-03-21T23:57:10.160209,657,300,1227,1.710653305053711,False,0.0,0,1,1774155430160,1774155430160,0
2026-03-21T23:57:16.827434,657,400,1627,12.331724166870117,False,0.0,0,1,1774155436827,1774155436827,0
2026-03-21T23:57:23.472769,657,500,2027,1.8107891082763672,False,0.0,0,1,1774155443472,1774155443472,0
2026-03-21T23:57:31.424811,658,0,26,1.3408660888671875,False,0.0,0,1,1774155451424,1774155451424,0
2026-03-21T23:57:38.080422,658,100,426,2.6481151580810547,False,0.0,0,1,1774155458080,1774155458080,0
2026-03-21T23:57:44.757778,658,200,826,4.839658737182617,False,0.0,0,1,1774155464757,1774155464757,0
2026-03-21T23:57:51.415263,658,300,1226,8.581876754760742,False,0.0,0,1,1774155471415,1774155471415,0
2026-03-21T23:57:58.064332,658,400,1626,2.6865005493164062,False,0.0,0,1,1774155478064,1774155478064,0
2026-03-21T23:58:01.823513,659,0,27,0.92315673828125,False,0.0,0,1,1774155481823,1774155481823,0
2026-03-21T23:58:08.197778,660,0,26,1.7440319061279297,False,0.0,0,1,1774155488197,1774155488197,0
2026-03-21T23:58:14.869668,660,100,426,2.608060836791992,False,0.0,0,1,1774155494869,1774155494869,0
2026-03-21T23:58:21.526995,660,200,826,2.041339874267578,False,0.0,0,1,1774155501526,1774155501526,0
2026-03-21T23:58:24.119010,661,0,26,1.0688304901123047,False,0.0,0,1,1774155504119,1774155504119,0
2026-03-21T23:58:30.777605,661,100,426,2.98309326171875,False,0.0,0,1,1774155510777,1774155510777,0
2026-03-21T23:58:36.236496,662,0,26,1.9044876098632812,False,0.0,0,1,1774155516236,1774155516236,0
2026-03-21T23:58:42.890222,662,100,426,2.0215511322021484,False,0.0,0,1,1774155522890,1774155522890,0
2026-03-21T23:58:43.589184,663,0,27,1.0128021240234375,False,0.0,0,1,1774155523589,1774155523589,0
2026-03-21T23:58:50.381738,664,0,27,6.517648696899414,False,0.0,0,1,1774155530381,1774155530381,0
2026-03-21T23:58:57.032436,664,100,427,2.0852088928222656,False,0.0,0,1,1774155537032,1774155537032,0
2026-03-21T23:59:03.688166,664,200,827,1.9538402557373047,False,0.0,0,1,1774155543688,1774155543688,0
2026-03-21T23:59:10.344029,664,300,1227,2.005338668823242,False,0.0,0,1,1774155550344,1774155550344,0
2026-03-21T23:59:15.819561,665,0,26,1.5392303466796875,False,0.0,0,1,1774155555819,1774155555819,0
2026-03-21T23:59:22.760755,666,0,27,2.1142959594726562,False,0.0,0,1,1774155562760,1774155562760,0
2026-03-21T23:59:29.413196,666,100,427,3.268003463745117,False,0.0,0,1,1774155569413,1774155569413,0
2026-03-21T23:59:36.067852,666,200,827,1.970052719116211,False,0.0,0,1,1774155576067,1774155576067,0
2026-03-21T23:59:42.726051,666,300,1227,2.607107162475586,False,0.0,0,1,1774155582726,1774155582726,0
2026-03-21T23:59:45.888956,667,0,26,2.6521682739257812,False,0.0,0,1,1774155585888,1774155585888,0
2026-03-21T23:59:52.550603,667,100,426,11.698246002197266,False,0.0,0,1,1774155592550,1774155592550,0
2026-03-21T23:59:59.203678,667,200,826,10.564804077148438,False,0.0,0,1,1774155599203,1774155599203,0
2026-03-22T00:00:05.853034,667,300,1226,3.068685531616211,False,0.0,0,1,1774155605853,1774155605853,0
2026-03-22T00:00:09.262445,668,0,28,2.2089481353759766,False,0.0,0,1,1774155609262,1774155609262,0
2026-03-22T00:00:15.918797,668,100,428,2.831697463989258,False,0.0,0,1,1774155615918,1774155615918,0
2026-03-22T00:00:22.599875,668,200,828,11.478900909423828,False,0.0,0,1,1774155622599,1774155622599,0
2026-03-22T00:00:27.266521,669,0,27,3.11279296875,False,0.0,0,1,1774155627266,1774155627266,0
2026-03-22T00:00:33.926360,669,100,427,5.356073379516602,False,0.0,0,1,1774155633926,1774155633926,0
2026-03-22T00:00:40.577124,669,200,827,2.4383068084716797,False,0.0,0,1,1774155640577,1774155640577,0
2026-03-22T00:00:44.639965,670,0,27,2.6597976684570312,False,0.0,0,1,1774155644639,1774155644639,0
2026-03-22T00:00:51.308465,670,100,427,1.798391342163086,False,0.0,0,1,1774155651308,1774155651308,0
2026-03-22T00:00:55.469557,671,0,27,2.6531219482421875,False,0.0,0,1,1774155655469,1774155655469,0
2026-03-22T00:01:02.124603,671,100,427,1.9216537475585938,False,0.0,0,1,1774155662124,1774155662124,0
2026-03-22T00:01:08.778818,671,200,827,1.0366439819335938,False,0.0,0,1,1774155668778,1774155668778,0
2026-03-22T00:01:15.436512,671,300,1227,2.596616744995117,False,0.0,0,1,1774155675436,1774155675436,0
2026-03-22T00:01:22.092908,671,400,1627,3.020048141479492,False,0.0,0,1,1774155682092,1774155682092,0
2026-03-22T00:01:28.766809,671,500,2027,3.8695335388183594,False,0.0,0,1,1774155688766,1774155688766,0
2026-03-22T00:01:35.420859,671,600,2427,2.936124801635742,False,0.0,0,1,1774155695420,1774155695420,0
2026-03-22T00:01:41.476336,672,0,27,1.4798641204833984,False,0.0,0,1,1774155701476,1774155701476,0
2026-03-22T00:01:48.131695,672,100,427,2.4323463439941406,False,0.0,0,1,1774155708131,1774155708131,0
2026-03-22T00:01:54.788292,672,200,827,2.1190643310546875,False,0.0,0,1,1774155714788,1774155714788,0
2026-03-22T00:01:58.334605,673,0,27,3.743410110473633,False,0.0,0,1,1774155718334,1774155718334,0
2026-03-22T00:02:04.988361,673,100,427,2.5501251220703125,False,0.0,0,1,1774155724988,1774155724988,0
2026-03-22T00:02:11.643330,673,200,827,1.9474029541015625,False,0.0,0,1,1774155731643,1774155731643,0
2026-03-22T00:02:15.422718,674,0,28,2.2287368774414062,False,0.0,0,1,1774155735422,1774155735422,0
2026-03-22T00:02:22.092456,674,100,428,1.7137527465820312,False,0.0,0,1,1774155742092,1774155742092,0
2026-03-22T00:02:28.748773,674,200,828,2.4216175079345703,False,0.0,0,1,1774155748748,1774155748748,0
2026-03-22T00:02:35.403438,674,300,1228,2.0296573638916016,False,0.0,0,1,1774155755403,1774155755403,0
2026-03-22T00:02:42.076404,674,400,1628,1.9881725311279297,False,0.0,0,1,1774155762076,1774155762076,0
2026-03-22T00:02:48.747976,674,500,2028,1.6093254089355469,False,0.0,0,1,1774155768747,1774155768747,0
2026-03-22T00:02:55.405218,674,600,2428,2.2890567779541016,False,0.0,0,1,1774155775405,1774155775405,0
2026-03-22T00:03:00.577121,675,0,27,0.8373260498046875,False,0.0,0,1,1774155780577,1774155780577,0
2026-03-22T00:03:07.233576,675,100,427,1.4941692352294922,False,0.0,0,1,1774155787233,1774155787233,0
2026-03-22T00:03:13.556238,676,0,28,2.186298370361328,False,0.0,0,1,1774155793556,1774155793556,0
2026-03-22T00:03:20.215313,676,100,428,5.100250244140625,False,0.0,0,1,1774155800215,1774155800215,0
2026-03-22T00:03:23.664112,677,0,27,10.038614273071289,False,0.0,0,1,1774155803664,1774155803664,0
2026-03-22T00:03:30.329596,677,100,427,2.5055408477783203,False,0.0,0,1,1774155810329,1774155810329,0
2026-03-22T00:03:32.175597,678,0,27,2.1190643310546875,False,0.0,0,1,1774155812175,1774155812175,0
2026-03-22T00:03:37.891166,679,0,28,2.3241043090820312,False,0.0,0,1,1774155817891,1774155817891,0
2026-03-22T00:03:44.546701,679,100,428,3.1495094299316406,False,0.0,0,1,1774155824546,1774155824546,0
2026-03-22T00:03:51.213121,679,200,828,13.817787170410156,False,0.0,0,1,1774155831213,1774155831213,0
2026-03-22T00:03:57.858653,679,300,1228,2.5053024291992188,False,0.0,0,1,1774155837858,1774155837858,0
2026-03-22T00:04:04.511289,679,400,1628,1.8620491027832031,False,0.0,0,1,1774155844511,1774155844511,0
2026-03-22T00:04:12.380827,680,0,27,0.8232593536376953,False,0.0,0,1,1774155852380,1774155852380,0
2026-03-22T00:04:19.039185,680,100,427,2.818584442138672,False,0.0,0,1,1774155859039,1774155859039,0
2026-03-22T00:04:25.695942,680,200,827,3.528118133544922,False,0.0,0,1,1774155865695,1774155865695,0
2026-03-22T00:04:32.348397,680,300,1227,1.8506050109863281,False,0.0,0,1,1774155872348,1774155872348,0
2026-03-22T00:04:39.005758,680,400,1627,2.344369888305664,False,0.0,0,1,1774155879005,1774155879005,0
2026-03-22T00:04:45.665874,680,500,2027,8.123397827148438,False,0.0,0,1,1774155885665,1774155885665,0
2026-03-22T00:04:52.315271,680,600,2427,1.8074512481689453,False,0.0,0,1,1774155892315,1774155892315,0
2026-03-22T00:05:01.487292,681,0,27,3.7598609924316406,False,0.0,0,1,1774155901487,1774155901487,0
2026-03-22T00:05:08.588816,682,0,26,2.4416446685791016,False,0.0,0,1,1774155908588,1774155908588,0
2026-03-22T00:05:15.244496,682,100,426,1.989603042602539,False,0.0,0,1,1774155915244,1774155915244,0
2026-03-22T00:05:21.900620,682,200,826,2.2902488708496094,False,0.0,0,1,1774155921900,1774155921900,0
2026-03-22T00:05:29.536375,683,0,27,0.8959770202636719,False,0.0,0,1,1774155929536,1774155929536,0
2026-03-22T00:05:36.587803,684,0,28,10.941505432128906,False,0.0,0,1,1774155936587,1774155936587,0
2026-03-22T00:05:43.233900,684,100,428,2.930879592895508,False,0.0,0,1,1774155943233,1774155943233,0
2026-03-22T00:05:50.335539,685,0,27,1.8825531005859375,False,0.0,0,1,1774155950335,1774155950335,0
2026-03-22T00:05:56.994176,685,100,427,3.366231918334961,False,0.0,0,1,1774155956994,1774155956994,0
2026-03-22T00:06:03.665860,685,200,827,3.0155181884765625,False,0.0,0,1,1774155963665,1774155963665,0
2026-03-22T00:06:05.063185,686,0,27,2.2630691528320312,False,0.0,0,1,1774155965063,1774155965063,0
2026-03-22T00:06:11.737279,686,100,427,3.134012222290039,False,0.0,0,1,1774155971737,1774155971737,0
2026-03-22T00:06:18.406547,686,200,827,2.1066665649414062,False,0.0,0,1,1774155978406,1774155978406,0
2026-03-22T00:06:25.063715,686,300,1227,3.0019283294677734,False,0.0,0,1,1774155985063,1774155985063,0
2026-03-22T00:06:31.733294,686,400,1627,1.4767646789550781,False,0.0,0,1,1774155991733,1774155991733,0
2026-03-22T00:06:38.642111,687,0,26,3.893136978149414,False,0.0,0,1,1774155998642,1774155998642,0
2026-03-22T00:06:44.481480,688,0,26,1.9984245300292969,False,0.0,0,1,1774156004481,1774156004481,0
2026-03-22T00:06:51.138168,688,100,426,3.2091140747070312,False,0.0,0,1,1774156011138,1774156011138,0
2026-03-22T00:06:57.794074,688,200,826,1.7800331115722656,False,0.0,0,1,1774156017794,1774156017794,0
2026-03-22T00:07:04.448135,688,300,1226,2.0520687103271484,False,0.0,0,1,1774156024448,1774156024448,0
2026-03-22T00:07:10.845842,689,0,27,2.637147903442383,False,0.0,0,1,1774156030845,1774156030845,0
2026-03-22T00:07:17.492455,689,100,427,2.3572444915771484,False,0.0,0,1,1774156037492,1774156037492,0
2026-03-22T00:07:24.149894,689,200,827,3.0477046966552734,False,0.0,0,1,1774156044149,1774156044149,0
2026-03-22T00:07:30.804392,689,300,1227,2.3615360260009766,False,0.0,0,1,1774156050804,1774156050804,0
2026-03-22T00:07:35.527642,690,0,27,0.8680820465087891,False,0.0,0,1,1774156055527,1774156055527,0
2026-03-22T00:07:42.194667,690,100,427,11.49749755859375,False,0.0,0,1,1774156062194,1774156062194,0
2026-03-22T00:07:48.842144,690,200,827,3.1108856201171875,False,0.0,0,1,1774156068842,1774156068842,0
2026-03-22T00:07:51.130852,691,0,27,8.810758590698242,False,0.0,0,1,1774156071130,1774156071130,0
2026-03-22T00:07:57.793278,691,100,427,2.998828887939453,False,0.0,0,1,1774156077793,1774156077793,0
2026-03-22T00:08:04.447396,691,200,827,2.202749252319336,False,0.0,0,1,1774156084447,1774156084447,0
2026-03-22T00:08:11.103273,691,300,1227,2.964019775390625,False,0.0,0,1,1774156091103,1774156091103,0
2026-03-22T00:08:18.310849,692,0,26,2.7191638946533203,False,0.0,0,1,1774156098310,1774156098310,0
2026-03-22T00:08:24.979404,692,100,426,1.9299983978271484,False,0.0,0,1,1774156104979,1774156104979,0
2026-03-22T00:08:31.653779,692,200,826,2.300739288330078,False,0.0,0,1,1774156111653,1774156111653,0
2026-03-22T00:08:38.310439,692,300,1226,3.724813461303711,False,0.0,0,1,1774156118310,1774156118310,0
2026-03-22T00:08:43.136398,693,0,27,0.8511543273925781,False,0.0,0,1,1774156123136,1774156123136,0
2026-03-22T00:08:49.797513,693,100,427,9.73057746887207,False,0.0,0,1,1774156129797,1774156129797,0
2026-03-22T00:08:56.455732,693,200,827,13.503789901733398,False,0.0,0,1,1774156136455,1774156136455,0
2026-03-22T00:09:00.237196,694,0,27,0.8425712585449219,False,0.0,0,1,1774156140237,1774156140237,0
2026-03-22T00:09:06.912769,694,100,427,3.5352706909179688,False,0.0,0,1,1774156146912,1774156146912,0
2026-03-22T00:09:13.574478,694,200,827,10.448455810546875,False,0.0,0,1,1774156153574,1774156153574,0
2026-03-22T00:09:20.221565,694,300,1227,2.5076866149902344,False,0.0,0,1,1774156160221,1774156160221,0
2026-03-22T00:09:28.008117,695,0,27,0.7407665252685547,False,0.0,0,1,1774156168008,1774156168008,0
2026-03-22T00:09:34.666802,695,100,427,2.817869186401367,False,0.0,0,1,1774156174666,1774156174666,0
2026-03-22T00:09:41.336596,695,200,827,1.628875732421875,False,0.0,0,1,1774156181336,1774156181336,0
2026-03-22T00:09:47.992931,695,300,1227,2.655506134033203,False,0.0,0,1,1774156187992,1774156187992,0
2026-03-22T00:09:55.562066,696,0,27,1.3802051544189453,False,0.0,0,1,1774156195562,1774156195562,0
2026-03-22T00:10:02.219208,696,100,427,2.8433799743652344,False,0.0,0,1,1774156202219,1774156202219,0
2026-03-22T00:10:09.098065,697,0,26,9.496212005615234,False,0.0,0,1,1774156209098,1774156209098,0
2026-03-22T00:10:15.745926,697,100,426,1.6758441925048828,False,0.0,0,1,1774156215745,1774156215745,0
2026-03-22T00:10:22.417578,697,200,826,1.936197280883789,False,0.0,0,1,1774156222417,1774156222417,0
2026-03-22T00:10:29.074146,697,300,1226,2.3832321166992188,False,0.0,0,1,1774156229074,1774156229074,0
2026-03-22T00:10:29.791258,698,0,27,1.7800331115722656,False,0.0,0,1,1774156229791,1774156229791,0
2026-03-22T00:10:36.446078,698,100,427,1.9984245300292969,False,0.0,0,1,1774156236446,1774156236446,0
2026-03-22T00:10:43.117211,698,200,827,1.4584064483642578,False,0.0,0,1,1774156243117,1774156243117,0
2026-03-22T00:10:49.790478,698,300,1227,1.9011497497558594,False,0.0,0,1,1774156249790,1774156249790,0
2026-03-22T00:10:56.461100,698,400,1627,13.297796249389648,False,0.0,0,1,1774156256461,1774156256461,0
2026-03-22T00:11:02.289118,699,0,27,3.338336944580078,False,0.0,0,1,1774156262289,1774156262289,0
2026-03-22T00:11:07.899377,700,0,27,1.8138885498046875,False,0.0,0,1,1774156267899,1774156267899,0
2026-03-22T00:11:14.163967,701,0,27,0.8409023284912109,False,0.0,0,1,1774156274163,1774156274163,0
2026-03-22T00:11:20.412019,702,0,28,1.985311508178711,False,0.0,0,1,1774156280412,1774156280412,0
2026-03-22T00:11:27.062299,702,100,428,2.977609634399414,False,0.0,0,1,1774156287062,1774156287062,0
2026-03-22T00:11:33.716951,702,200,828,1.9578933715820312,False,0.0,0,1,1774156293716,1774156293716,0
2026-03-22T00:11:39.939310,703,0,26,1.010894775390625,False,0.0,0,1,1774156299939,1774156299939,0
2026-03-22T00:11:45.764261,704,0,27,2.5103092193603516,False,0.0,0,1,1774156305764,1774156305764,0
2026-03-22T00:11:52.088079,705,0,26,2.444744110107422,False,0.0,0,1,1774156312088,1774156312088,0
2026-03-22T00:11:58.942748,706,0,27,1.7824172973632812,False,0.0,0,1,1774156318942,1774156318942,0
2026-03-22T00:12:05.615878,706,100,427,2.4802684783935547,False,0.0,0,1,1774156325615,1774156325615,0
2026-03-22T00:12:12.269050,706,200,827,2.183198928833008,False,0.0,0,1,1774156332269,1774156332269,0
2026-03-22T00:12:18.937664,706,300,1227,12.00556755065918,False,0.0,0,1,1774156338937,1774156338937,0
2026-03-22T00:12:22.635814,707,0,27,1.3856887817382812,False,0.0,0,1,1774156342635,1774156342635,0
2026-03-22T00:12:29.297521,707,100,427,8.73708724975586,False,0.0,0,1,1774156349297,1774156349297,0
2026-03-22T00:12:30.888838,708,0,26,1.5306472778320312,False,0.0,0,1,1774156350888,1774156350888,0
2026-03-22T00:12:37.543547,708,100,426,1.8448829650878906,False,0.0,0,1,1774156357543,1774156357543,0
2026-03-22T00:12:44.199543,708,200,826,1.857757568359375,False,0.0,0,1,1774156364199,1774156364199,0
2026-03-22T00:12:48.058928,709,0,26,0.8962154388427734,False,0.0,0,1,1774156368058,1774156368058,0
2026-03-22T00:12:54.715921,709,100,426,1.779794692993164,False,0.0,0,1,1774156374715,1774156374715,0
2026-03-22T00:12:56.332664,710,0,27,1.9135475158691406,False,0.0,0,1,1774156376332,1774156376332,0
2026-03-22T00:13:03.003112,710,100,427,1.8887519836425781,False,0.0,0,1,1774156383003,1774156383003,0
2026-03-22T00:13:04.881475,711,0,27,1.9006729125976562,False,0.0,0,1,1774156384881,1774156384881,0
2026-03-22T00:13:11.544454,711,100,427,6.057977676391602,False,0.0,0,1,1774156391544,1774156391544,0
2026-03-22T00:13:18.193809,711,200,827,2.136707305908203,False,0.0,0,1,1774156398193,1774156398193,0
2026-03-22T00:13:24.848600,711,300,1227,2.0608901977539062,False,0.0,0,1,1774156404848,1774156404848,0
2026-03-22T00:13:31.521486,711,400,1627,2.0706653594970703,False,0.0,0,1,1774156411521,1774156411521,0
2026-03-22T00:13:42.185643,712,0,26,0.7436275482177734,False,0.0,0,1,1774156422185,1774156422185,0
2026-03-22T00:13:48.844033,712,100,426,2.473115921020508,False,0.0,0,1,1774156428844,1774156428844,0
2026-03-22T00:13:55.498756,712,200,826,2.4504661560058594,False,0.0,0,1,1774156435498,1774156435498,0
2026-03-22T00:14:02.156122,712,300,1226,3.297567367553711,False,0.0,0,1,1774156442156,1774156442156,0
2026-03-22T00:14:08.811600,712,400,1626,2.8455257415771484,False,0.0,0,1,1774156448811,1774156448811,0
2026-03-22T00:14:18.143500,713,0,28,0.9281635284423828,False,0.0,0,1,1774156458143,1774156458143,0
2026-03-22T00:14:24.799120,713,100,428,1.2965202331542969,False,0.0,0,1,1774156464799,1774156464799,0
2026-03-22T00:14:31.464004,713,200,828,11.272668838500977,False,0.0,0,1,1774156471464,1774156471464,0
2026-03-22T00:14:38.111822,713,300,1228,1.901388168334961,False,0.0,0,1,1774156478111,1774156478111,0
2026-03-22T00:14:44.767841,713,400,1628,1.5835762023925781,False,0.0,0,1,1774156484767,1774156484767,0
2026-03-22T00:14:49.341522,714,0,27,1.0886192321777344,False,0.0,0,1,1774156489341,1774156489341,0
2026-03-22T00:14:54.977207,715,0,28,8.640050888061523,False,0.0,0,1,1774156494977,1774156494977,0
2026-03-22T00:15:01.641837,715,100,428,5.164384841918945,False,0.0,0,1,1774156501641,1774156501641,0
2026-03-22T00:15:08.295061,715,200,828,2.290487289428711,False,0.0,0,1,1774156508295,1774156508295,0
2026-03-22T00:15:13.118015,716,0,26,0.9005069732666016,False,0.0,0,1,1774156513118,1774156513118,0
2026-03-22T00:15:20.192916,717,0,27,3.309965133666992,False,0.0,0,1,1774156520192,1774156520192,0
2026-03-22T00:15:26.848638,717,100,427,3.3826828002929688,False,0.0,0,1,1774156526848,1774156526848,0
2026-03-22T00:15:33.519598,717,200,827,2.971649169921875,False,0.0,0,1,1774156533519,1774156533519,0
2026-03-22T00:15:40.175279,717,300,1227,1.817941665649414,False,0.0,0,1,1774156540175,1774156540175,0
2026-03-22T00:15:46.846828,717,400,1627,2.6040077209472656,False,0.0,0,1,1774156546846,1774156546846,0
2026-03-22T00:15:50.675171,718,0,26,0.7252693176269531,False,0.0,0,1,1774156550675,1774156550675,0
2026-03-22T00:15:57.329813,718,100,426,2.6514530181884766,False,0.0,0,1,1774156557329,1774156557329,0
2026-03-22T00:16:03.984509,718,200,826,1.8908977508544922,False,0.0,0,1,1774156563984,1774156563984,0
2026-03-22T00:16:06.468379,719,0,27,1.920938491821289,False,0.0,0,1,1774156566468,1774156566468,0
2026-03-22T00:16:13.119378,719,100,427,1.8906593322753906,False,0.0,0,1,1774156573119,1774156573119,0
2026-03-22T00:16:19.776260,719,200,827,2.3260116577148438,False,0.0,0,1,1774156579776,1774156579776,0
2026-03-22T00:16:22.488500,720,0,27,2.607107162475586,False,0.0,0,1,1774156582488,1774156582488,0
2026-03-22T00:16:29.160133,720,100,427,2.6471614837646484,False,0.0,0,1,1774156589160,1774156589160,0
2026-03-22T00:16:34.886815,721,0,27,0.9140968322753906,False,0.0,0,1,1774156594886,1774156594886,0
2026-03-22T00:16:41.281291,722,0,27,10.023117065429688,False,0.0,0,1,1774156601281,1774156601281,0
2026-03-22T00:16:47.929481,722,100,427,1.8894672393798828,False,0.0,0,1,1774156607929,1774156607929,0
2026-03-22T00:16:54.587987,722,200,827,1.802682876586914,False,0.0,0,1,1774156614587,1774156614587,0
2026-03-22T00:17:01.241844,722,300,1227,2.4292469024658203,False,0.0,0,1,1774156621241,1774156621241,0
2026-03-22T00:17:07.913498,722,400,1627,2.030611038208008,False,0.0,0,1,1774156627913,1774156627913,0
2026-03-22T00:17:14.572115,722,500,2027,2.1827220916748047,False,0.0,0,1,1774156634572,1774156634572,0
2026-03-22T00:17:19.841660,723,0,27,0.7810592651367188,False,0.0,0,1,1774156639841,1774156639841,0
2026-03-22T00:17:26.522143,723,100,427,8.413553237915039,False,0.0,0,1,1774156646522,1774156646522,0
2026-03-22T00:17:32.409940,724,0,27,3.0517578125,False,0.0,0,1,1774156652409,1774156652409,0
2026-03-22T00:17:39.061181,724,100,427,2.0117759704589844,False,0.0,0,1,1774156659061,1774156659061,0
2026-03-22T00:17:44.711095,725,0,27,8.076906204223633,False,0.0,0,1,1774156664711,1774156664711,0
2026-03-22T00:17:51.356727,725,100,427,2.0432472229003906,False,0.0,0,1,1774156671356,1774156671356,0
2026-03-22T00:17:58.022141,725,200,827,9.664773941040039,False,0.0,0,1,1774156678022,1774156678022,0
2026-03-22T00:18:02.145893,726,0,27,9.505271911621094,False,0.0,0,1,1774156682145,1774156682145,0
2026-03-22T00:18:08.801099,726,100,427,8.980512619018555,False,0.0,0,1,1774156688801,1774156688801,0
2026-03-22T00:18:15.452083,726,200,827,3.879070281982422,False,0.0,0,1,1774156695452,1774156695452,0
2026-03-22T00:18:22.106497,726,300,1227,2.2857189178466797,False,0.0,0,1,1774156702106,1774156702106,0
2026-03-22T00:18:31.804902,727,0,27,1.043081283569336,False,0.0,0,1,1774156711804,1774156711804,0
2026-03-22T00:18:38.462074,727,100,427,2.6128292083740234,False,0.0,0,1,1774156718462,1774156718462,0
2026-03-22T00:18:45.117175,727,200,827,1.8725395202636719,False,0.0,0,1,1774156725117,1774156725117,0
2026-03-22T00:18:51.772910,727,300,1227,1.6601085662841797,False,0.0,0,1,1774156731772,1774156731772,0
2026-03-22T00:18:59.177283,728,0,27,1.0418891906738281,False,0.0,0,1,1774156739177,1774156739177,0
2026-03-22T00:19:05.834151,728,100,427,2.512693405151367,False,0.0,0,1,1774156745834,1774156745834,0
2026-03-22T00:19:12.491088,728,200,827,3.6079883575439453,False,0.0,0,1,1774156752491,1774156752491,0
2026-03-22T00:19:19.147028,728,300,1227,2.5224685668945312,False,0.0,0,1,1774156759147,1774156759147,0
2026-03-22T00:19:25.799361,728,400,1627,1.4336109161376953,False,0.0,0,1,1774156765799,1774156765799,0
2026-03-22T00:19:36.440058,729,0,26,4.624128341674805,False,0.0,0,1,1774156776440,1774156776440,0
2026-03-22T00:19:42.804462,730,0,26,1.653432846069336,False,0.0,0,1,1774156782804,1774156782804,0
2026-03-22T00:19:49.461612,730,100,426,2.4034976959228516,False,0.0,0,1,1774156789461,1774156789461,0
2026-03-22T00:19:56.116132,730,200,826,1.8990039825439453,False,0.0,0,1,1774156796116,1774156796116,0
2026-03-22T00:20:02.773517,730,300,1226,2.842426300048828,False,0.0,0,1,1774156802773,1774156802773,0
2026-03-22T00:20:05.822090,731,0,27,0.74005126953125,False,0.0,0,1,1774156805822,1774156805822,0
2026-03-22T00:20:12.473262,731,100,427,2.387523651123047,False,0.0,0,1,1774156812473,1774156812473,0
2026-03-22T00:20:16.344446,732,0,27,12.325048446655273,False,0.0,0,1,1774156816344,1774156816344,0
2026-03-22T00:20:22.988693,732,100,427,2.3031234741210938,False,0.0,0,1,1774156822988,1774156822988,0
2026-03-22T00:20:29.643168,732,200,827,1.2636184692382812,False,0.0,0,1,1774156829643,1774156829643,0
2026-03-22T00:20:36.300075,732,300,1227,2.7315616607666016,False,0.0,0,1,1774156836300,1774156836300,0
2026-03-22T00:20:42.964622,732,400,1627,11.682271957397461,False,0.0,0,1,1774156842964,1774156842964,0
2026-03-22T00:20:48.028914,733,0,27,0.7421970367431641,False,0.0,0,1,1774156848028,1774156848028,0
2026-03-22T00:20:54.686095,733,100,427,1.9533634185791016,False,0.0,0,1,1774156854686,1774156854686,0
2026-03-22T00:20:58.096894,734,0,27,1.7514228820800781,False,0.0,0,1,1774156858096,1774156858096,0
2026-03-22T00:21:03.719735,735,0,27,10.415077209472656,False,0.0,0,1,1774156863719,1774156863719,0
2026-03-22T00:21:10.360153,735,100,427,2.2878646850585938,False,0.0,0,1,1774156870360,1774156870360,0
2026-03-22T00:21:17.015083,735,200,827,1.646280288696289,False,0.0,0,1,1774156877015,1774156877015,0
2026-03-22T00:21:21.457082,736,0,27,0.8440017700195312,False,0.0,0,1,1774156881457,1774156881457,0
2026-03-22T00:21:28.117998,736,100,427,3.2501220703125,False,0.0,0,1,1774156888117,1774156888117,0
2026-03-22T00:21:34.778892,736,200,827,10.60628890991211,False,0.0,0,1,1774156894778,1774156894778,0
2026-03-22T00:21:40.764087,737,0,27,2.6798248291015625,False,0.0,0,1,1774156900764,1774156900764,0
2026-03-22T00:21:47.433227,737,100,427,1.8718242645263672,False,0.0,0,1,1774156907433,1774156907433,0
2026-03-22T00:21:54.105691,737,200,827,1.9574165344238281,False,0.0,0,1,1774156914105,1774156914105,0
2026-03-22T00:21:59.299272,738,0,27,1.6655921936035156,False,0.0,0,1,1774156919299,1774156919299,0
2026-03-22T00:22:05.971727,738,100,427,1.453399658203125,False,0.0,0,1,1774156925971,1774156925971,0
2026-03-22T00:22:10.394398,739,0,27,2.9921531677246094,False,0.0,0,1,1774156930394,1774156930394,0
2026-03-22T00:22:17.050239,739,100,427,2.2554397583007812,False,0.0,0,1,1774156937050,1774156937050,0
2026-03-22T00:22:19.880075,740,0,27,4.258155822753906,False,0.0,0,1,1774156939880,1774156939880,0
2026-03-22T00:22:26.537004,740,100,427,3.442525863647461,False,0.0,0,1,1774156946537,1774156946537,0
2026-03-22T00:22:33.196142,740,200,827,8.312463760375977,False,0.0,0,1,1774156953196,1774156953196,0
2026-03-22T00:22:39.847000,740,300,1227,2.0189285278320312,False,0.0,0,1,1774156959846,1774156959846,0
2026-03-22T00:22:47.982407,741,0,27,1.1296272277832031,False,0.0,0,1,1774156967982,1774156967982,0
2026-03-22T00:22:54.653140,741,100,427,1.8310546875,False,0.0,0,1,1774156974653,1774156974653,0
2026-03-22T00:23:01.308785,741,200,827,1.989603042602539,False,0.0,0,1,1774156981308,1774156981308,0
2026-03-22T00:23:07.981497,741,300,1227,1.7707347869873047,False,0.0,0,1,1774156987981,1774156987981,0
2026-03-22T00:23:14.025001,742,0,27,0.7853507995605469,False,0.0,0,1,1774156994024,1774156994024,0
2026-03-22T00:23:19.554770,743,0,27,10.44607162475586,False,0.0,0,1,1774156999554,1774156999554,0
2026-03-22T00:23:26.201777,743,100,427,2.4678707122802734,False,0.0,0,1,1774157006201,1774157006201,0
2026-03-22T00:23:31.733329,744,0,27,2.6330947875976562,False,0.0,0,1,1774157011733,1774157011733,0
2026-03-22T00:23:38.399935,744,100,427,2.305746078491211,False,0.0,0,1,1774157018399,1774157018399,0
2026-03-22T00:23:40.436863,745,0,27,11.610031127929688,False,0.0,0,1,1774157020436,1774157020436,0
2026-03-22T00:23:47.099876,745,100,427,2.290487289428711,False,0.0,0,1,1774157027099,1774157027099,0
2026-03-22T00:23:53.755608,745,200,827,1.6083717346191406,False,0.0,0,1,1774157033755,1774157033755,0
2026-03-22T00:24:00.427485,745,300,1227,1.6410350799560547,False,0.0,0,1,1774157040427,1774157040427,0
2026-03-22T00:24:09.415637,746,0,26,0.6744861602783203,False,0.0,0,1,1774157049415,1774157049415,0
2026-03-22T00:24:14.962777,747,0,27,8.861780166625977,False,0.0,0,1,1774157054962,1774157054962,0
2026-03-22T00:24:21.610560,747,100,427,2.3310184478759766,False,0.0,0,1,1774157061610,1774157061610,0
2026-03-22T00:24:28.282157,747,200,827,1.9829273223876953,False,0.0,0,1,1774157068282,1774157068282,0
2026-03-22T00:24:33.610218,748,0,27,1.2333393096923828,False,0.0,0,1,1774157073610,1774157073610,0
2026-03-22T00:24:40.262086,748,100,427,2.718687057495117,False,0.0,0,1,1774157080262,1774157080262,0
2026-03-22T00:24:41.311688,749,0,26,1.8911361694335938,False,0.0,0,1,1774157081311,1774157081311,0
2026-03-22T00:24:47.966972,749,100,426,1.5208721160888672,False,0.0,0,1,1774157087966,1774157087966,0
2026-03-22T00:24:49.739446,750,0,27,11.607170104980469,False,0.0,0,1,1774157089739,1774157089739,0
2026-03-22T00:24:53.525700,751,0,27,2.688169479370117,False,0.0,0,1,1774157093525,1774157093525,0
2026-03-22T00:25:00.178348,751,100,427,1.8715858459472656,False,0.0,0,1,1774157100178,1774157100178,0
2026-03-22T00:25:08.746996,752,0,27,0.7846355438232422,False,0.0,0,1,1774157108746,1774157108746,0
2026-03-22T00:25:15.402620,752,100,427,1.3926029205322266,False,0.0,0,1,1774157115402,1774157115402,0
2026-03-22T00:25:23.456903,753,0,27,0.9014606475830078,False,0.0,0,1,1774157123456,1774157123456,0
2026-03-22T00:25:30.113878,753,100,427,2.2764205932617188,False,0.0,0,1,1774157130113,1774157130113,0
2026-03-22T00:25:36.785337,753,200,827,2.7284622192382812,False,0.0,0,1,1774157136785,1774157136785,0
2026-03-22T00:25:44.543038,754,0,27,4.735708236694336,False,0.0,0,1,1774157144543,1774157144543,0
2026-03-22T00:25:51.195412,754,100,427,2.6557445526123047,False,0.0,0,1,1774157151195,1774157151195,0
2026-03-22T00:25:57.872715,754,200,827,7.870912551879883,False,0.0,0,1,1774157157872,1774157157872,0
2026-03-22T00:26:04.527020,754,300,1227,6.853342056274414,False,0.0,0,1,1774157164527,1774157164527,0
2026-03-22T00:26:09.433899,755,0,27,1.0294914245605469,False,0.0,0,1,1774157169433,1774157169433,0
2026-03-22T00:26:16.087479,755,100,427,3.1630992889404297,False,0.0,0,1,1774157176087,1774157176087,0
2026-03-22T00:26:22.743726,755,200,827,3.533601760864258,False,0.0,0,1,1774157182743,1774157182743,0
2026-03-22T00:26:29.399783,755,300,1227,4.3792724609375,False,0.0,0,1,1774157189399,1774157189399,0
2026-03-22T00:26:37.521861,756,0,27,0.7832050323486328,False,0.0,0,1,1774157197521,1774157197521,0
2026-03-22T00:26:44.201236,756,100,427,12.878179550170898,False,0.0,0,1,1774157204201,1774157204201,0
2026-03-22T00:26:50.845577,756,200,827,1.8177032470703125,False,0.0,0,1,1774157210845,1774157210845,0
2026-03-22T00:26:57.510316,756,300,1227,10.319948196411133,False,0.0,0,1,1774157217510,1774157217510,0
2026-03-22T00:27:04.421601,757,0,26,0.8335113525390625,False,0.0,0,1,1774157224421,1774157224421,0
2026-03-22T00:27:11.493864,758,0,27,1.8086433410644531,False,0.0,0,1,1774157231493,1774157231493,0
2026-03-22T00:27:18.150884,758,100,427,2.8526782989501953,False,0.0,0,1,1774157238150,1774157238150,0
2026-03-22T00:27:21.002686,759,0,27,7.987499237060547,False,0.0,0,1,1774157241002,1774157241002,0
2026-03-22T00:27:27.654446,759,100,427,2.031087875366211,False,0.0,0,1,1774157247654,1774157247654,0
2026-03-22T00:27:32.794511,760,0,27,1.959085464477539,False,0.0,0,1,1774157252794,1774157252794,0
2026-03-22T00:27:39.448457,760,100,427,1.8682479858398438,False,0.0,0,1,1774157259448,1774157259448,0
2026-03-22T00:27:46.120879,760,200,827,2.13623046875,False,0.0,0,1,1774157266120,1774157266120,0
2026-03-22T00:27:52.777210,760,300,1227,2.3183822631835938,False,0.0,0,1,1774157272777,1774157272777,0
2026-03-22T00:27:57.271851,761,0,27,1.4200210571289062,False,0.0,0,1,1774157277271,1774157277271,0
2026-03-22T00:28:03.924754,761,100,427,1.8203258514404297,False,0.0,0,1,1774157283924,1774157283924,0
2026-03-22T00:28:10.583812,761,200,827,4.69517707824707,False,0.0,0,1,1774157290583,1774157290583,0
2026-03-22T00:28:17.234537,761,300,1227,1.7054080963134766,False,0.0,0,1,1774157297234,1774157297234,0
2026-03-22T00:28:20.233687,762,0,26,1.516580581665039,False,0.0,0,1,1774157300233,1774157300233,0
2026-03-22T00:28:26.886406,762,100,426,2.6700496673583984,False,0.0,0,1,1774157306886,1774157306886,0
2026-03-22T00:28:31.361995,763,0,27,2.479076385498047,False,0.0,0,1,1774157311361,1774157311361,0
2026-03-22T00:28:38.018800,763,100,427,3.15093994140625,False,0.0,0,1,1774157318018,1774157318018,0
2026-03-22T00:28:42.862111,764,0,27,3.0057430267333984,False,0.0,0,1,1774157322862,1774157322862,0
2026-03-22T00:28:49.538202,764,100,427,8.255481719970703,False,0.0,0,1,1774157329538,1774157329538,0
2026-03-22T00:28:56.205849,764,200,827,1.7163753509521484,False,0.0,0,1,1774157336205,1774157336205,0
2026-03-22T00:29:03.523546,765,0,26,0.7283687591552734,False,0.0,0,1,1774157343523,1774157343523,0
2026-03-22T00:29:10.186544,765,100,426,7.694482803344727,False,0.0,0,1,1774157350186,1774157350186,0
2026-03-22T00:29:12.828686,766,0,28,2.036571502685547,False,0.0,0,1,1774157352828,1774157352828,0
2026-03-22T00:29:19.507599,766,100,428,10.72382926940918,False,0.0,0,1,1774157359507,1774157359507,0
2026-03-22T00:29:26.153965,766,200,828,1.8875598907470703,False,0.0,0,1,1774157366153,1774157366153,0
2026-03-22T00:29:31.333557,767,0,27,5.394220352172852,False,0.0,0,1,1774157371333,1774157371333,0
2026-03-22T00:29:37.995266,767,100,427,11.44266128540039,False,0.0,0,1,1774157377995,1774157377995,0
2026-03-22T00:29:43.793270,768,0,27,2.9189586639404297,False,0.0,0,1,1774157383793,1774157383793,0
2026-03-22T00:29:50.449025,768,100,427,3.0596256256103516,False,0.0,0,1,1774157390449,1774157390449,0
2026-03-22T00:29:54.050970,769,0,26,11.05189323425293,False,0.0,0,1,1774157394050,1774157394050,0
2026-03-22T00:30:00.698701,769,100,426,2.691507339477539,False,0.0,0,1,1774157400698,1774157400698,0
2026-03-22T00:30:07.368853,769,200,826,1.8470287322998047,False,0.0,0,1,1774157407368,1774157407368,0
2026-03-22T00:30:14.027487,769,300,1226,3.0481815338134766,False,0.0,0,1,1774157414027,1774157414027,0
2026-03-22T00:30:20.687504,769,400,1626,8.08858871459961,False,0.0,0,1,1774157420687,1774157420687,0
2026-03-22T00:30:26.918983,770,0,27,0.6377696990966797,False,0.0,0,1,1774157426918,1774157426918,0
2026-03-22T00:30:33.591525,770,100,427,1.5578269958496094,False,0.0,0,1,1774157433591,1774157433591,0
2026-03-22T00:30:40.247720,770,200,827,2.068042755126953,False,0.0,0,1,1774157440247,1774157440247,0
2026-03-22T00:30:41.495754,771,0,27,1.863241195678711,False,0.0,0,1,1774157441495,1774157441495,0
2026-03-22T00:30:48.152433,771,100,427,2.665996551513672,False,0.0,0,1,1774157448152,1774157448152,0
2026-03-22T00:30:49.084657,772,0,27,2.9802322387695312,False,0.0,0,1,1774157449084,1774157449084,0
2026-03-22T00:30:55.738737,772,100,427,1.5442371368408203,False,0.0,0,1,1774157455738,1774157455738,0
2026-03-22T00:31:02.394629,772,200,827,2.0139217376708984,False,0.0,0,1,1774157462394,1774157462394,0
2026-03-22T00:31:09.050080,772,300,1227,1.3079643249511719,False,0.0,0,1,1774157469050,1774157469050,0
2026-03-22T00:31:16.340701,773,0,27,1.1091232299804688,False,0.0,0,1,1774157476340,1774157476340,0
2026-03-22T00:31:22.996034,773,100,427,3.340482711791992,False,0.0,0,1,1774157482996,1774157482996,0
2026-03-22T00:31:24.177262,774,0,26,4.150629043579102,False,0.0,0,1,1774157484177,1774157484177,0
2026-03-22T00:31:30.831236,774,100,426,1.89208984375,False,0.0,0,1,1774157490831,1774157490831,0
2026-03-22T00:31:37.511957,774,200,826,11.277914047241211,False,0.0,0,1,1774157497511,1774157497511,0
2026-03-22T00:31:45.073470,775,0,27,1.0259151458740234,False,0.0,0,1,1774157505073,1774157505073,0
2026-03-22T00:31:51.774128,776,0,27,11.422872543334961,False,0.0,0,1,1774157511774,1774157511774,0
2026-03-22T00:31:58.435913,776,100,427,2.2881031036376953,False,0.0,0,1,1774157518435,1774157518435,0
2026-03-22T00:32:05.115934,776,200,827,11.085033416748047,False,0.0,0,1,1774157525115,1774157525115,0
2026-03-22T00:32:11.763906,776,300,1227,2.491474151611328,False,0.0,0,1,1774157531763,1774157531763,0
2026-03-22T00:32:18.436842,776,400,1627,2.0499229431152344,False,0.0,0,1,1774157538436,1774157538436,0
2026-03-22T00:32:25.090734,776,500,2027,1.9948482513427734,False,0.0,0,1,1774157545090,1774157545090,0
2026-03-22T00:32:32.278292,777,0,27,0.865936279296875,False,0.0,0,1,1774157552278,1774157552278,0
2026-03-22T00:32:38.939688,777,100,427,7.447957992553711,False,0.0,0,1,1774157558939,1774157558939,0
2026-03-22T00:32:45.590182,777,200,827,1.6164779663085938,False,0.0,0,1,1774157565590,1774157565590,0
2026-03-22T00:32:53.009828,778,0,27,0.8208751678466797,False,0.0,0,1,1774157573009,1774157573009,0
2026-03-22T00:32:59.668263,778,100,427,3.084897994995117,False,0.0,0,1,1774157579668,1774157579668,0
2026-03-22T00:33:06.322127,778,200,827,1.8889904022216797,False,0.0,0,1,1774157586322,1774157586322,0
2026-03-22T00:33:12.977297,778,300,1227,1.6932487487792969,False,0.0,0,1,1774157592977,1774157592977,0
2026-03-22T00:33:19.633962,778,400,1627,1.7671585083007812,False,0.0,0,1,1774157599633,1774157599633,0
2026-03-22T00:33:26.289722,778,500,2027,2.422332763671875,False,0.0,0,1,1774157606289,1774157606289,0
2026-03-22T00:33:37.186724,779,0,27,0.8060932159423828,False,0.0,0,1,1774157617186,1774157617186,0
2026-03-22T00:33:43.868611,779,100,427,9.349584579467773,False,0.0,0,1,1774157623868,1774157623868,0
2026-03-22T00:33:50.518131,779,200,827,2.843141555786133,False,0.0,0,1,1774157630518,1774157630518,0
2026-03-22T00:33:57.174648,779,300,1227,2.6352405548095703,False,0.0,0,1,1774157637174,1774157637174,0
2026-03-22T00:34:03.826818,779,400,1627,1.928567886352539,False,0.0,0,1,1774157643826,1774157643826,0
2026-03-22T00:34:10.483952,779,500,2027,2.5959014892578125,False,0.0,0,1,1774157650483,1774157650483,0
2026-03-22T00:34:16.143539,780,0,27,0.9014606475830078,False,0.0,0,1,1774157656143,1774157656143,0
2026-03-22T00:34:22.811787,780,100,427,1.9228458404541016,False,0.0,0,1,1774157662811,1774157662811,0
2026-03-22T00:34:29.884025,781,0,27,1.1866092681884766,False,0.0,0,1,1774157669884,1774157669884,0
2026-03-22T00:34:36.541274,781,100,427,2.3386478424072266,False,0.0,0,1,1774157676541,1774157676541,0
2026-03-22T00:34:38.039883,782,0,27,3.1981468200683594,False,0.0,0,1,1774157678039,1774157678039,0
2026-03-22T00:34:44.692412,782,100,427,1.8317699432373047,False,0.0,0,1,1774157684692,1774157684692,0
2026-03-22T00:34:45.923737,783,0,27,1.8017292022705078,False,0.0,0,1,1774157685923,1774157685923,0
2026-03-22T00:34:52.581723,783,100,427,3.348827362060547,False,0.0,0,1,1774157692581,1774157692581,0
2026-03-22T00:34:59.235119,783,200,827,2.5331974029541016,False,0.0,0,1,1774157699235,1774157699235,0
2026-03-22T00:35:05.890462,783,300,1227,1.863241195678711,False,0.0,0,1,1774157705890,1774157705890,0
2026-03-22T00:35:12.546777,783,400,1627,2.1381378173828125,False,0.0,0,1,1774157712546,1774157712546,0
2026-03-22T00:35:19.204743,783,500,2027,2.5222301483154297,False,0.0,0,1,1774157719204,1774157719204,0
2026-03-22T00:35:23.211457,784,0,26,0.9381771087646484,False,0.0,0,1,1774157723211,1774157723211,0
2026-03-22T00:35:29.876755,784,100,426,10.612010955810547,False,0.0,0,1,1774157729876,1774157729876,0
2026-03-22T00:35:34.203140,785,0,27,11.7034912109375,False,0.0,0,1,1774157734203,1774157734203,0
2026-03-22T00:35:40.866146,785,100,427,2.154827117919922,False,0.0,0,1,1774157740866,1774157740866,0
2026-03-22T00:35:45.058624,786,0,26,2.0062923431396484,False,0.0,0,1,1774157745058,1774157745058,0
2026-03-22T00:35:51.532872,787,0,27,3.2684803009033203,False,0.0,0,1,1774157751532,1774157751532,0
2026-03-22T00:35:58.193162,787,100,427,7.834196090698242,False,0.0,0,1,1774157758193,1774157758193,0
2026-03-22T00:36:01.383118,788,0,27,2.8531551361083984,False,0.0,0,1,1774157761383,1774157761383,0
2026-03-22T00:36:08.038997,788,100,427,2.513885498046875,False,0.0,0,1,1774157768038,1774157768038,0
2026-03-22T00:36:14.693886,788,200,827,2.4847984313964844,False,0.0,0,1,1774157774693,1774157774693,0
2026-03-22T00:36:21.348688,788,300,1227,1.9025802612304688,False,0.0,0,1,1774157781348,1774157781348,0
2026-03-22T00:36:30.601187,789,0,26,0.7040500640869141,False,0.0,0,1,1774157790601,1774157790601,0
2026-03-22T00:36:37.255567,789,100,426,1.9412040710449219,False,0.0,0,1,1774157797255,1774157797255,0
2026-03-22T00:36:43.910997,789,200,826,1.9452571868896484,False,0.0,0,1,1774157803910,1774157803910,0
2026-03-22T00:36:50.566351,789,300,1226,1.7833709716796875,False,0.0,0,1,1774157810566,1774157810566,0
2026-03-22T00:36:58.671742,790,0,26,0.9050369262695312,False,0.0,0,1,1774157818671,1774157818671,0
2026-03-22T00:37:05.342368,790,100,426,2.1004676818847656,False,0.0,0,1,1774157825342,1774157825342,0
2026-03-22T00:37:12.015103,790,200,826,1.9714832305908203,False,0.0,0,1,1774157832015,1774157832015,0
2026-03-22T00:37:18.675012,790,300,1226,6.504058837890625,False,0.0,0,1,1774157838675,1774157838675,0
2026-03-22T00:37:24.943441,791,0,27,0.9317398071289062,False,0.0,0,1,1774157844943,1774157844943,0
2026-03-22T00:37:31.600551,791,100,427,3.3140182495117188,False,0.0,0,1,1774157851600,1774157851600,0
2026-03-22T00:37:38.262796,791,200,827,9.345769882202148,False,0.0,0,1,1774157858262,1774157858262,0
2026-03-22T00:37:44.910673,791,300,1227,1.8436908721923828,False,0.0,0,1,1774157864910,1774157864910,0
2026-03-22T00:37:49.203826,792,0,27,0.7817745208740234,False,0.0,0,1,1774157869203,1774157869203,0
2026-03-22T00:37:55.860843,792,100,427,3.2570362091064453,False,0.0,0,1,1774157875860,1774157875860,0
2026-03-22T00:37:59.087350,793,0,27,2.25830078125,False,0.0,0,1,1774157879087,1774157879087,0
2026-03-22T00:38:05.745098,793,100,427,2.0723342895507812,False,0.0,0,1,1774157885745,1774157885745,0
2026-03-22T00:38:12.400834,793,200,827,2.183198928833008,False,0.0,0,1,1774157892400,1774157892400,0
2026-03-22T00:38:19.053717,793,300,1227,1.8711090087890625,False,0.0,0,1,1774157899053,1774157899053,0
2026-03-22T00:38:24.628023,794,0,27,0.9851455688476562,False,0.0,0,1,1774157904628,1774157904628,0
2026-03-22T00:38:31.282509,794,100,427,1.5664100646972656,False,0.0,0,1,1774157911282,1774157911282,0
2026-03-22T00:38:37.939705,794,200,827,2.1123886108398438,False,0.0,0,1,1774157917939,1774157917939,0
2026-03-22T00:38:41.868775,795,0,27,1.0161399841308594,False,0.0,0,1,1774157921868,1774157921868,0
2026-03-22T00:38:48.522576,795,100,427,2.1660327911376953,False,0.0,0,1,1774157928522,1774157928522,0
2026-03-22T00:38:55.177083,795,200,827,1.5988349914550781,False,0.0,0,1,1774157935177,1774157935177,0
2026-03-22T00:39:01.833164,795,300,1227,1.8427371978759766,False,0.0,0,1,1774157941833,1774157941833,0
2026-03-22T00:39:08.489688,795,400,1627,1.8548965454101562,False,0.0,0,1,1774157948489,1774157948489,0
2026-03-22T00:39:15.160320,795,500,2027,1.695394515991211,False,0.0,0,1,1774157955160,1774157955160,0
2026-03-22T00:39:21.819688,795,600,2427,2.797365188598633,False,0.0,0,1,1774157961819,1774157961819,0
2026-03-22T00:39:31.483203,796,0,26,1.1172294616699219,False,0.0,0,1,1774157971483,1774157971483,0
2026-03-22T00:39:38.149435,796,100,426,12.37034797668457,False,0.0,0,1,1774157978149,1774157978149,0
2026-03-22T00:39:44.797667,796,200,826,3.1707286834716797,False,0.0,0,1,1774157984797,1774157984797,0
2026-03-22T00:39:46.941876,797,0,27,2.188444137573242,False,0.0,0,1,1774157986941,1774157986941,0
2026-03-22T00:39:52.540810,798,0,26,1.9609928131103516,False,0.0,0,1,1774157992540,1774157992540,0
2026-03-22T00:39:58.558898,799,0,26,2.5343894958496094,False,0.0,0,1,1774157998558,1774157998558,0
2026-03-22T00:40:05.218790,799,100,426,9.850740432739258,False,0.0,0,1,1774158005218,1774158005218,0
2026-03-22T00:40:11.884788,799,200,826,2.516031265258789,False,0.0,0,1,1774158011884,1774158011884,0
2026-03-22T00:40:18.538627,799,300,1226,2.4013519287109375,False,0.0,0,1,1774158018538,1774158018538,0
2026-03-22T00:40:24.280177,800,0,26,2.7594566345214844,False,0.0,0,1,1774158024280,1774158024280,0
2026-03-22T00:40:30.935099,800,100,426,1.8286705017089844,False,0.0,0,1,1774158030935,1774158030935,0
2026-03-22T00:40:38.209549,801,0,27,4.662990570068359,False,0.0,0,1,1774158038209,1774158038209,0
2026-03-22T00:40:42.986060,802,0,28,6.620168685913086,False,0.0,0,1,1774158042986,1774158042986,0
2026-03-22T00:40:49.642451,802,100,428,6.561279296875,False,0.0,0,1,1774158049642,1774158049642,0
2026-03-22T00:40:56.292797,802,200,828,1.7633438110351562,False,0.0,0,1,1774158056292,1774158056292,0
2026-03-22T00:41:02.947810,802,300,1228,1.76239013671875,False,0.0,0,1,1774158062947,1774158062947,0
2026-03-22T00:41:11.667978,803,0,26,0.7488727569580078,False,0.0,0,1,1774158071667,1774158071667,0
2026-03-22T00:41:18.323703,803,100,426,2.484560012817383,False,0.0,0,1,1774158078323,1774158078323,0
2026-03-22T00:41:24.977973,803,200,826,1.7049312591552734,False,0.0,0,1,1774158084977,1774158084977,0
2026-03-22T00:41:31.636666,803,300,1226,3.5169124603271484,False,0.0,0,1,1774158091636,1774158091636,0
2026-03-22T00:41:38.290276,803,400,1626,1.9009113311767578,False,0.0,0,1,1774158098290,1774158098290,0
2026-03-22T00:41:42.218212,804,0,27,1.1653900146484375,False,0.0,0,1,1774158102218,1774158102218,0
2026-03-22T00:41:48.873205,804,100,427,2.6040077209472656,False,0.0,0,1,1774158108873,1774158108873,0
2026-03-22T00:41:55.318330,805,0,27,2.021312713623047,False,0.0,0,1,1774158115318,1774158115318,0
2026-03-22T00:42:01.966433,805,100,427,1.256704330444336,False,0.0,0,1,1774158121966,1774158121966,0
2026-03-22T00:42:08.646010,805,200,827,8.409500122070312,False,0.0,0,1,1774158128646,1774158128646,0
2026-03-22T00:42:15.302018,805,300,1227,9.212493896484375,False,0.0,0,1,1774158135302,1774158135302,0
2026-03-22T00:42:18.875088,806,0,27,3.6704540252685547,False,0.0,0,1,1774158138875,1774158138875,0
2026-03-22T00:42:25.529226,806,100,427,3.1785964965820312,False,0.0,0,1,1774158145529,1774158145529,0
2026-03-22T00:42:32.202789,806,200,827,4.108428955078125,False,0.0,0,1,1774158152202,1774158152202,0
2026-03-22T00:42:38.857020,806,300,1227,2.7990341186523438,False,0.0,0,1,1774158158857,1774158158857,0
2026-03-22T00:42:45.533565,806,400,1627,3.0221939086914062,False,0.0,0,1,1774158165533,1774158165533,0
2026-03-22T00:42:49.342714,807,0,26,0.9191036224365234,False,0.0,0,1,1774158169342,1774158169342,0
2026-03-22T00:42:56.000037,807,100,426,7.644414901733398,False,0.0,0,1,1774158176000,1774158176000,0
2026-03-22T00:43:02.649078,807,200,826,1.630544662475586,False,0.0,0,1,1774158182649,1774158182649,0
2026-03-22T00:43:09.305187,807,300,1226,1.5625953674316406,False,0.0,0,1,1774158189305,1774158189305,0
2026-03-22T00:43:12.168905,808,0,27,0.9253025054931641,False,0.0,0,1,1774158192168,1774158192168,0
2026-03-22T00:43:18.840120,808,100,427,1.9884109497070312,False,0.0,0,1,1774158198840,1774158198840,0
2026-03-22T00:43:25.522973,808,200,827,12.604951858520508,False,0.0,0,1,1774158205522,1774158205522,0
2026-03-22T00:43:32.168657,808,300,1227,2.2475719451904297,False,0.0,0,1,1774158212168,1774158212168,0
2026-03-22T00:43:35.198975,809,0,27,3.0405521392822266,False,0.0,0,1,1774158215198,1774158215198,0
2026-03-22T00:43:41.851953,809,100,427,2.8328895568847656,False,0.0,0,1,1774158221851,1774158221851,0
2026-03-22T00:43:48.596127,810,0,27,3.6067962646484375,False,0.0,0,1,1774158228596,1774158228596,0
2026-03-22T00:43:55.246719,810,100,427,2.391815185546875,False,0.0,0,1,1774158235246,1774158235246,0
2026-03-22T00:44:01.907270,810,200,827,7.400751113891602,False,0.0,0,1,1774158241907,1774158241907,0
2026-03-22T00:44:08.557596,810,300,1227,2.166271209716797,False,0.0,0,1,1774158248557,1774158248557,0
2026-03-22T00:44:16.912562,811,0,27,0.9298324584960938,False,0.0,0,1,1774158256912,1774158256912,0
2026-03-22T00:44:22.443791,812,0,26,12.061834335327148,False,0.0,0,1,1774158262443,1774158262443,0
2026-03-22T00:44:27.431422,813,0,27,1.2850761413574219,False,0.0,0,1,1774158267431,1774158267431,0
2026-03-22T00:44:34.082068,813,100,427,2.577066421508789,False,0.0,0,1,1774158274082,1774158274082,0
2026-03-22T00:44:40.736659,813,200,827,1.6582012176513672,False,0.0,0,1,1774158280736,1774158280736,0
2026-03-22T00:44:47.393060,813,300,1227,1.966238021850586,False,0.0,0,1,1774158287393,1774158287393,0
2026-03-22T00:44:54.047842,813,400,1627,1.9724369049072266,False,0.0,0,1,1774158294047,1774158294047,0
2026-03-22T00:44:57.942482,814,0,27,1.005411148071289,False,0.0,0,1,1774158297942,1774158297942,0
2026-03-22T00:45:04.607816,814,100,427,12.107610702514648,False,0.0,0,1,1774158304607,1774158304607,0
2026-03-22T00:45:11.255146,814,200,827,1.5916824340820312,False,0.0,0,1,1774158311255,1774158311255,0
2026-03-22T00:45:17.917547,814,300,1227,10.083436965942383,False,0.0,0,1,1774158317917,1774158317917,0
2026-03-22T00:45:24.591879,814,400,1627,11.826753616333008,False,0.0,0,1,1774158324591,1774158324591,0
2026-03-22T00:45:31.238099,814,500,2027,2.3374557495117188,False,0.0,0,1,1774158331238,1774158331238,0
2026-03-22T00:45:35.962516,815,0,27,1.2981891632080078,False,0.0,0,1,1774158335962,1774158335962,0
2026-03-22T00:45:42.634669,815,100,427,2.0720958709716797,False,0.0,0,1,1774158342634,1774158342634,0
2026-03-22T00:45:47.794703,816,0,27,2.419710159301758,False,0.0,0,1,1774158347794,1774158347794,0
2026-03-22T00:45:54.474277,816,100,427,11.370420455932617,False,0.0,0,1,1774158354474,1774158354474,0
2026-03-22T00:46:00.672024,817,0,27,1.9245147705078125,False,0.0,0,1,1774158360672,1774158360672,0
2026-03-22T00:46:07.346198,817,100,427,1.9931793212890625,False,0.0,0,1,1774158367346,1774158367346,0
2026-03-22T00:46:14.498009,818,0,27,2.1610260009765625,False,0.0,0,1,1774158374498,1774158374498,0
2026-03-22T00:46:21.169765,818,100,427,1.7240047454833984,False,0.0,0,1,1774158381169,1774158381169,0
2026-03-22T00:46:27.842408,818,200,827,1.7879009246826172,False,0.0,0,1,1774158387842,1774158387842,0
2026-03-22T00:46:30.145893,819,0,26,7.495403289794922,False,0.0,0,1,1774158390145,1774158390145,0
2026-03-22T00:46:36.797144,819,100,426,1.981973648071289,False,0.0,0,1,1774158396797,1774158396797,0
2026-03-22T00:46:43.453687,819,200,826,2.6001930236816406,False,0.0,0,1,1774158403453,1774158403453,0
2026-03-22T00:46:50.106898,819,300,1226,2.022266387939453,False,0.0,0,1,1774158410106,1774158410106,0
2026-03-22T00:46:53.587275,820,0,26,0.8261203765869141,False,0.0,0,1,1774158413587,1774158413587,0
2026-03-22T00:47:00.255135,820,100,426,1.1937618255615234,False,0.0,0,1,1774158420255,1774158420255,0
2026-03-22T00:47:06.911089,820,200,826,1.9731521606445312,False,0.0,0,1,1774158426911,1774158426911,0
2026-03-22T00:47:13.567543,820,300,1226,1.7533302307128906,False,0.0,0,1,1774158433567,1774158433567,0
2026-03-22T00:47:20.223952,820,400,1626,2.5091171264648438,False,0.0,0,1,1774158440223,1774158440223,0
2026-03-22T00:47:26.895955,820,500,2026,2.6175975799560547,False,0.0,0,1,1774158446895,1774158446895,0
2026-03-22T00:47:37.579199,821,0,27,2.881765365600586,False,0.0,0,1,1774158457579,1774158457579,0
2026-03-22T00:47:44.235184,821,100,427,1.8754005432128906,False,0.0,0,1,1774158464235,1774158464235,0
2026-03-22T00:47:45.503529,822,0,26,2.5734901428222656,False,0.0,0,1,1774158465503,1774158465503,0
2026-03-22T00:47:52.171459,822,100,426,2.4623870849609375,False,0.0,0,1,1774158472171,1774158472171,0
2026-03-22T00:47:58.830642,822,200,826,7.503509521484375,False,0.0,0,1,1774158478830,1774158478830,0
2026-03-22T00:48:05.482600,822,300,1226,2.7551651000976562,False,0.0,0,1,1774158485482,1774158485482,0
2026-03-22T00:48:11.030521,823,0,26,0.8063316345214844,False,0.0,0,1,1774158491030,1774158491030,0
2026-03-22T00:48:17.688244,823,100,426,10.532379150390625,False,0.0,0,1,1774158497688,1774158497688,0
2026-03-22T00:48:19.497341,824,0,27,3.0705928802490234,False,0.0,0,1,1774158499497,1774158499497,0
2026-03-22T00:48:26.147031,824,100,427,2.1257400512695312,False,0.0,0,1,1774158506147,1774158506147,0
2026-03-22T00:48:31.586828,825,0,27,1.6238689422607422,False,0.0,0,1,1774158511586,1774158511586,0
2026-03-22T00:48:38.243936,825,100,427,1.6813278198242188,False,0.0,0,1,1774158518243,1774158518243,0
2026-03-22T00:48:43.019696,826,0,27,2.1452903747558594,False,0.0,0,1,1774158523019,1774158523019,0
2026-03-22T00:48:49.680649,826,100,427,8.249044418334961,False,0.0,0,1,1774158529680,1774158529680,0
2026-03-22T00:48:56.346767,826,200,827,2.4139881134033203,False,0.0,0,1,1774158536346,1774158536346,0
2026-03-22T00:49:02.386481,827,0,27,1.2867450714111328,False,0.0,0,1,1774158542386,1774158542386,0
2026-03-22T00:49:09.066424,827,100,427,9.32455062866211,False,0.0,0,1,1774158549066,1774158549066,0
2026-03-22T00:49:10.739213,828,0,28,1.8024444580078125,False,0.0,0,1,1774158550739,1774158550739,0
2026-03-22T00:49:17.395348,828,100,428,1.9092559814453125,False,0.0,0,1,1774158557395,1774158557395,0
2026-03-22T00:49:24.068066,828,200,828,2.846240997314453,False,0.0,0,1,1774158564068,1774158564068,0
2026-03-22T00:49:30.722796,828,300,1228,1.901388168334961,False,0.0,0,1,1774158570722,1774158570722,0
2026-03-22T00:49:34.300521,829,0,27,1.0132789611816406,False,0.0,0,1,1774158574300,1774158574300,0
2026-03-22T00:49:40.955560,829,100,427,2.1865367889404297,False,0.0,0,1,1774158580955,1774158580955,0
2026-03-22T00:49:47.612387,829,200,827,2.0825862884521484,False,0.0,0,1,1774158587612,1774158587612,0
2026-03-22T00:49:54.267353,829,300,1227,2.4271011352539062,False,0.0,0,1,1774158594267,1774158594267,0
2026-03-22T00:50:00.925187,829,400,1627,3.032207489013672,False,0.0,0,1,1774158600925,1774158600925,0
2026-03-22T00:50:11.488979,830,0,27,0.9639263153076172,False,0.0,0,1,1774158611488,1774158611488,0
2026-03-22T00:50:18.143904,830,100,427,1.8377304077148438,False,0.0,0,1,1774158618143,1774158618143,0
2026-03-22T00:50:24.799178,830,200,827,1.7096996307373047,False,0.0,0,1,1774158624799,1774158624799,0
2026-03-22T00:50:31.454403,830,300,1227,1.2335777282714844,False,0.0,0,1,1774158631454,1774158631454,0
2026-03-22T00:50:38.115890,830,400,1627,6.14619255065918,False,0.0,0,1,1774158638115,1774158638115,0
2026-03-22T00:50:45.298121,831,0,28,0.6897449493408203,False,0.0,0,1,1774158645298,1774158645298,0
2026-03-22T00:50:50.824841,832,0,28,3.037691116333008,False,0.0,0,1,1774158650824,1774158650824,0
2026-03-22T00:50:57.478584,832,100,428,2.027750015258789,False,0.0,0,1,1774158657478,1774158657478,0
2026-03-22T00:51:04.134480,832,200,828,1.9066333770751953,False,0.0,0,1,1774158664134,1774158664134,0
2026-03-22T00:51:10.790328,832,300,1228,1.9602775573730469,False,0.0,0,1,1774158670790,1774158670790,0
2026-03-22T00:51:17.446370,832,400,1628,2.5665760040283203,False,0.0,0,1,1774158677446,1774158677446,0
2026-03-22T00:51:23.653083,833,0,27,1.1126995086669922,False,0.0,0,1,1774158683653,1774158683653,0
2026-03-22T00:51:30.307771,833,100,427,2.299070358276367,False,0.0,0,1,1774158690307,1774158690307,0
2026-03-22T00:51:36.962783,833,200,827,1.8162727355957031,False,0.0,0,1,1774158696962,1774158696962,0
2026-03-22T00:51:43.621658,833,300,1227,3.6017894744873047,False,0.0,0,1,1774158703621,1774158703621,0
2026-03-22T00:51:51.871854,834,0,26,1.0404586791992188,False,0.0,0,1,1774158711871,1774158711871,0
2026-03-22T00:51:58.533906,834,100,426,8.709907531738281,False,0.0,0,1,1774158718533,1774158718533,0
2026-03-22T00:52:05.184861,834,200,826,3.200531005859375,False,0.0,0,1,1774158725184,1774158725184,0
2026-03-22T00:52:13.771440,835,0,26,3.4017562866210938,False,0.0,0,1,1774158733771,1774158733771,0
2026-03-22T00:52:20.431515,835,100,426,7.977008819580078,False,0.0,0,1,1774158740431,1774158740431,0
2026-03-22T00:52:27.496136,836,0,27,2.0508766174316406,False,0.0,0,1,1774158747496,1774158747496,0
2026-03-22T00:52:34.153880,836,100,427,2.008199691772461,False,0.0,0,1,1774158754153,1774158754153,0
2026-03-22T00:52:35.366840,837,0,27,2.4209022521972656,False,0.0,0,1,1774158755366,1774158755366,0
2026-03-22T00:52:42.023173,837,100,427,2.508878707885742,False,0.0,0,1,1774158762023,1774158762023,0
2026-03-22T00:52:43.342502,838,0,26,7.938861846923828,False,0.0,0,1,1774158763342,1774158763342,0
2026-03-22T00:52:50.009177,838,100,426,1.7631053924560547,False,0.0,0,1,1774158770009,1774158770009,0
2026-03-22T00:52:56.664609,838,200,826,1.91497802734375,False,0.0,0,1,1774158776664,1774158776664,0
2026-03-22T00:53:03.331640,838,300,1226,13.839960098266602,False,0.0,0,1,1774158783331,1774158783331,0
2026-03-22T00:53:10.002427,838,400,1626,12.22681999206543,False,0.0,0,1,1774158790002,1774158790002,0
2026-03-22T00:53:14.804728,839,0,27,4.776239395141602,False,0.0,0,1,1774158794804,1774158794804,0
2026-03-22T00:53:21.474567,839,100,427,2.8145313262939453,False,0.0,0,1,1774158801474,1774158801474,0
2026-03-22T00:53:28.146409,839,200,827,3.2567977905273438,False,0.0,0,1,1774158808146,1774158808146,0
2026-03-22T00:53:36.564681,840,0,27,0.8397102355957031,False,0.0,0,1,1774158816564,1774158816564,0
2026-03-22T00:53:43.220497,840,100,427,1.8701553344726562,False,0.0,0,1,1774158823220,1774158823220,0
2026-03-22T00:53:49.893079,840,200,827,1.8630027770996094,False,0.0,0,1,1774158829893,1774158829893,0
2026-03-22T00:53:56.550208,840,300,1227,2.797842025756836,False,0.0,0,1,1774158836550,1774158836550,0
2026-03-22T00:54:03.212403,840,400,1627,8.735418319702148,False,0.0,0,1,1774158843212,1774158843212,0
2026-03-22T00:54:09.884462,840,500,2027,9.647846221923828,False,0.0,0,1,1774158849884,1774158849884,0
2026-03-22T00:54:16.531458,840,600,2427,1.7702579498291016,False,0.0,0,1,1774158856531,1774158856531,0
2026-03-22T00:54:22.689225,841,0,27,1.3244152069091797,False,0.0,0,1,1774158862689,1774158862689,0
2026-03-22T00:54:29.343952,841,100,427,1.8680095672607422,False,0.0,0,1,1774158869343,1774158869343,0
2026-03-22T00:54:36.000818,841,200,827,2.0902156829833984,False,0.0,0,1,1774158876000,1774158876000,0
2026-03-22T00:54:43.472801,842,0,28,3.9207935333251953,False,0.0,0,1,1774158883472,1774158883472,0
2026-03-22T00:54:50.143198,842,100,428,1.7497539520263672,False,0.0,0,1,1774158890143,1774158890143,0
2026-03-22T00:54:56.798346,842,200,828,1.7540454864501953,False,0.0,0,1,1774158896798,1774158896798,0
2026-03-22T00:55:03.455153,842,300,1228,1.7704963684082031,False,0.0,0,1,1774158903455,1774158903455,0
2026-03-22T00:55:07.846665,843,0,28,12.286186218261719,False,0.0,0,1,1774158907846,1774158907846,0
2026-03-22T00:55:14.486900,843,100,428,2.2559165954589844,False,0.0,0,1,1774158914486,1774158914486,0
2026-03-22T00:55:21.158859,843,200,828,1.9965171813964844,False,0.0,0,1,1774158921158,1774158921158,0
2026-03-22T00:55:27.823222,843,300,1228,11.0626220703125,False,0.0,0,1,1774158927823,1774158927823,0
2026-03-22T00:55:34.470181,843,400,1628,2.4662017822265625,False,0.0,0,1,1774158934470,1774158934470,0
2026-03-22T00:55:39.466362,844,0,27,1.2507438659667969,False,0.0,0,1,1774158939466,1774158939466,0
2026-03-22T00:55:46.118281,844,100,427,2.802133560180664,False,0.0,0,1,1774158946118,1774158946118,0
2026-03-22T00:55:52.781796,844,200,827,10.921716690063477,False,0.0,0,1,1774158952781,1774158952781,0
2026-03-22T00:55:59.427186,844,300,1227,1.6405582427978516,False,0.0,0,1,1774158959427,1774158959427,0
2026-03-22T00:56:07.548450,845,0,27,0.8530616760253906,False,0.0,0,1,1774158967548,1774158967548,0
2026-03-22T00:56:14.203052,845,100,427,1.959085464477539,False,0.0,0,1,1774158974203,1774158974203,0
2026-03-22T00:56:20.860705,845,200,827,2.592802047729492,False,0.0,0,1,1774158980860,1774158980860,0
2026-03-22T00:56:27.524716,845,300,1227,10.692596435546875,False,0.0,0,1,1774158987524,1774158987524,0
2026-03-22T00:56:32.139933,846,0,27,1.0650157928466797,False,0.0,0,1,1774158992139,1774158992139,0
2026-03-22T00:56:38.797652,846,100,427,2.7430057525634766,False,0.0,0,1,1774158998797,1774158998797,0
2026-03-22T00:56:41.259784,847,0,27,2.2199153900146484,False,0.0,0,1,1774159001259,1774159001259,0
2026-03-22T00:56:47.916261,847,100,427,1.9881725311279297,False,0.0,0,1,1774159007916,1774159007916,0
2026-03-22T00:56:54.571015,847,200,827,1.4355182647705078,False,0.0,0,1,1774159014571,1774159014571,0
2026-03-22T00:57:02.449524,848,0,26,0.6961822509765625,False,0.0,0,1,1774159022449,1774159022449,0
2026-03-22T00:57:09.096213,848,100,426,2.2487640380859375,False,0.0,0,1,1774159029096,1774159029096,0
2026-03-22T00:57:15.753060,848,200,826,3.4608840942382812,False,0.0,0,1,1774159035753,1774159035753,0
2026-03-22T00:57:22.407991,848,300,1226,2.3086071014404297,False,0.0,0,1,1774159042407,1774159042407,0
2026-03-22T00:57:25.984104,849,0,27,1.0831356048583984,False,0.0,0,1,1774159045984,1774159045984,0
2026-03-22T00:57:32.641642,849,100,427,2.2516250610351562,False,0.0,0,1,1774159052641,1774159052641,0
2026-03-22T00:57:39.300294,849,200,827,2.2809505462646484,False,0.0,0,1,1774159059300,1774159059300,0
2026-03-22T00:57:45.955236,849,300,1227,1.8527507781982422,False,0.0,0,1,1774159065955,1774159065955,0
2026-03-22T00:57:49.378926,850,0,27,1.0330677032470703,False,0.0,0,1,1774159069378,1774159069378,0
2026-03-22T00:57:53.922525,851,0,27,2.062082290649414,False,0.0,0,1,1774159073922,1774159073922,0
2026-03-22T00:58:00.599823,851,100,427,7.059335708618164,False,0.0,0,1,1774159080599,1774159080599,0
2026-03-22T00:58:07.249773,851,200,827,2.092123031616211,False,0.0,0,1,1774159087249,1774159087249,0
2026-03-22T00:58:13.915572,851,300,1227,11.398077011108398,False,0.0,0,1,1774159093915,1774159093915,0
2026-03-22T00:58:20.684904,851,400,1627,2.699136734008789,False,0.0,0,1,1774159100684,1774159100684,0
2026-03-22T00:58:29.057624,852,0,28,1.0938644409179688,False,0.0,0,1,1774159109057,1774159109057,0
2026-03-22T00:58:35.707929,852,100,428,1.7936229705810547,False,0.0,0,1,1774159115707,1774159115707,0
2026-03-22T00:58:36.583277,853,0,27,11.293411254882812,False,0.0,0,1,1774159116583,1774159116583,0
2026-03-22T00:58:42.502582,854,0,27,3.1969547271728516,False,0.0,0,1,1774159122502,1774159122502,0
2026-03-22T00:58:49.152815,854,100,427,2.446889877319336,False,0.0,0,1,1774159129152,1774159129152,0
2026-03-22T00:58:55.177912,855,0,27,1.722574234008789,False,0.0,0,1,1774159135177,1774159135177,0
2026-03-22T00:59:01.852341,855,100,427,1.7795562744140625,False,0.0,0,1,1774159141852,1774159141852,0
2026-03-22T00:59:08.523395,855,200,827,2.3512840270996094,False,0.0,0,1,1774159148523,1774159148523,0
2026-03-22T00:59:11.400642,856,0,27,1.9016265869140625,False,0.0,0,1,1774159151400,1774159151400,0
2026-03-22T00:59:18.054628,856,100,427,2.3059844970703125,False,0.0,0,1,1774159158054,1774159158054,0
2026-03-22T00:59:20.692612,857,0,27,8.993864059448242,False,0.0,0,1,1774159160692,1774159160692,0
2026-03-22T00:59:27.339541,857,100,427,1.9795894622802734,False,0.0,0,1,1774159167339,1774159167339,0
2026-03-22T00:59:34.011117,857,200,827,1.2049674987792969,False,0.0,0,1,1774159174011,1774159174011,0
2026-03-22T00:59:40.668537,857,300,1227,2.5327205657958984,False,0.0,0,1,1774159180668,1774159180668,0
2026-03-22T00:59:47.324707,857,400,1627,2.3424625396728516,False,0.0,0,1,1774159187324,1774159187324,0
2026-03-22T00:59:57.992042,858,0,27,1.2464523315429688,False,0.0,0,1,1774159197992,1774159197992,0
2026-03-22T01:00:05.060326,859,0,27,2.4721622467041016,False,0.0,0,1,1774159205060,1774159205060,0
2026-03-22T01:00:11.716120,859,100,427,2.148866653442383,False,0.0,0,1,1774159211716,1774159211716,0
2026-03-22T01:00:18.373802,859,200,827,2.6564598083496094,False,0.0,0,1,1774159218373,1774159218373,0
2026-03-22T01:00:25.028771,859,300,1227,2.154111862182617,False,0.0,0,1,1774159225028,1774159225028,0
2026-03-22T01:00:31.690654,859,400,1627,9.050369262695312,False,0.0,0,1,1774159231690,1774159231690,0
2026-03-22T01:00:38.341315,859,500,2027,3.415822982788086,False,0.0,0,1,1774159238341,1774159238341,0
2026-03-22T01:00:43.685252,860,0,27,1.0502338409423828,False,0.0,0,1,1774159243685,1774159243685,0
2026-03-22T01:00:50.335432,860,100,427,2.767324447631836,False,0.0,0,1,1774159250335,1774159250335,0
2026-03-22T01:00:56.990144,860,200,827,1.756906509399414,False,0.0,0,1,1774159256990,1774159256990,0
2026-03-22T01:01:03.646601,860,300,1227,2.096891403198242,False,0.0,0,1,1774159263646,1774159263646,0
2026-03-22T01:01:10.318037,860,400,1627,1.8129348754882812,False,0.0,0,1,1774159270318,1774159270318,0
2026-03-22T01:01:18.988144,861,0,27,0.6952285766601562,False,0.0,0,1,1774159278988,1774159278988,0
2026-03-22T01:01:25.652567,861,100,427,11.403322219848633,False,0.0,0,1,1774159285652,1774159285652,0
2026-03-22T01:01:32.299701,861,200,827,2.4650096893310547,False,0.0,0,1,1774159292299,1774159292299,0
2026-03-22T01:01:38.955013,861,300,1227,1.730203628540039,False,0.0,0,1,1774159298955,1774159298955,0
2026-03-22T01:01:45.611324,861,400,1627,2.8057098388671875,False,0.0,0,1,1774159305611,1774159305611,0
2026-03-22T01:01:52.289504,861,500,2027,8.76164436340332,False,0.0,0,1,1774159312289,1774159312289,0
2026-03-22T01:01:58.939395,861,600,2427,3.2219886779785156,False,0.0,0,1,1774159318939,1774159318939,0
2026-03-22T01:02:05.594308,862,0,27,0.7040500640869141,False,0.0,0,1,1774159325594,1774159325594,0
2026-03-22T01:02:12.248703,862,100,427,1.8558502197265625,False,0.0,0,1,1774159332248,1774159332248,0
2026-03-22T01:02:18.915358,862,200,827,11.673212051391602,False,0.0,0,1,1774159338915,1774159338915,0
2026-03-22T01:02:21.291261,863,0,27,0.9520053863525391,False,0.0,0,1,1774159341291,1774159341291,0
2026-03-22T01:02:27.942279,863,100,427,3.2651424407958984,False,0.0,0,1,1774159347942,1774159347942,0
2026-03-22T01:02:34.594817,863,200,827,1.7654895782470703,False,0.0,0,1,1774159354594,1774159354594,0
2026-03-22T01:02:41.250586,863,300,1227,1.804351806640625,False,0.0,0,1,1774159361250,1774159361250,0
2026-03-22T01:02:47.907071,863,400,1627,1.8951892852783203,False,0.0,0,1,1774159367907,1774159367907,0
2026-03-22T01:02:54.579662,863,500,2027,1.7483234405517578,False,0.0,0,1,1774159374579,1774159374579,0
2026-03-22T01:03:00.502160,864,0,27,0.8132457733154297,False,0.0,0,1,1774159380502,1774159380502,0
2026-03-22T01:03:06.303279,865,0,27,11.698722839355469,False,0.0,0,1,1774159386303,1774159386303,0
2026-03-22T01:03:12.948586,865,100,427,1.8367767333984375,False,0.0,0,1,1774159392948,1774159392948,0
2026-03-22T01:03:19.622006,865,200,827,1.7931461334228516,False,0.0,0,1,1774159399622,1774159399622,0
2026-03-22T01:03:26.277652,865,300,1227,2.706766128540039,False,0.0,0,1,1774159406277,1774159406277,0
2026-03-22T01:03:32.931742,865,400,1627,1.7337799072265625,False,0.0,0,1,1774159412931,1774159412931,0
2026-03-22T01:03:39.694242,866,0,28,0.9717941284179688,False,0.0,0,1,1774159419694,1774159419694,0
2026-03-22T01:03:46.347752,866,100,428,1.8107891082763672,False,0.0,0,1,1774159426347,1774159426347,0
2026-03-22T01:03:53.002764,866,200,828,3.0570030212402344,False,0.0,0,1,1774159433002,1774159433002,0
2026-03-22T01:03:59.658005,866,300,1228,2.9702186584472656,False,0.0,0,1,1774159439658,1774159439658,0
2026-03-22T01:04:06.329293,866,400,1628,2.687692642211914,False,0.0,0,1,1774159446329,1774159446329,0
2026-03-22T01:04:11.486764,867,0,26,1.194000244140625,False,0.0,0,1,1774159451486,1774159451486,0
2026-03-22T01:04:17.077410,868,0,27,1.7580986022949219,False,0.0,0,1,1774159457077,1774159457077,0
2026-03-22T01:04:23.735647,868,100,427,2.0024776458740234,False,0.0,0,1,1774159463735,1774159463735,0
2026-03-22T01:04:30.389160,868,200,827,2.526998519897461,False,0.0,0,1,1774159470389,1774159470389,0
2026-03-22T01:04:37.045828,868,300,1227,2.2792816162109375,False,0.0,0,1,1774159477045,1774159477045,0
2026-03-22T01:04:43.698805,869,0,27,0.7948875427246094,False,0.0,0,1,1774159483698,1774159483698,0
2026-03-22T01:04:50.357880,869,100,427,1.9006729125976562,False,0.0,0,1,1774159490357,1774159490357,0
2026-03-22T01:04:57.022406,869,200,827,11.888265609741211,False,0.0,0,1,1774159497022,1774159497022,0
2026-03-22T01:05:01.575983,870,0,27,2.5157928466796875,False,0.0,0,1,1774159501575,1774159501575,0
2026-03-22T01:05:08.276145,870,100,427,1.7213821411132812,False,0.0,0,1,1774159508276,1774159508276,0
2026-03-22T01:05:14.948911,870,200,827,2.162933349609375,False,0.0,0,1,1774159514948,1774159514948,0
2026-03-22T01:05:21.604095,870,300,1227,2.0627975463867188,False,0.0,0,1,1774159521604,1774159521604,0
2026-03-22T01:05:25.430258,871,0,27,0.9877681732177734,False,0.0,0,1,1774159525430,1774159525430,0
2026-03-22T01:05:32.102861,871,100,427,1.8630027770996094,False,0.0,0,1,1774159532102,1774159532102,0
2026-03-22T01:05:38.758584,871,200,827,1.3873577117919922,False,0.0,0,1,1774159538758,1774159538758,0
2026-03-22T01:05:45.413591,871,300,1227,1.7757415771484375,False,0.0,0,1,1774159545413,1774159545413,0
2026-03-22T01:05:52.112943,871,400,1627,10.239601135253906,False,0.0,0,1,1774159552112,1774159552112,0
2026-03-22T01:05:57.662431,872,0,26,1.2850761413574219,False,0.0,0,1,1774159557662,1774159557662,0
2026-03-22T01:06:04.333271,872,100,426,2.3725032806396484,False,0.0,0,1,1774159564333,1774159564333,0
2026-03-22T01:06:10.990009,872,200,826,2.4116039276123047,False,0.0,0,1,1774159570990,1774159570990,0
2026-03-22T01:06:17.644121,872,300,1226,1.8243789672851562,False,0.0,0,1,1774159577644,1774159577644,0
2026-03-22T01:06:24.301218,872,400,1626,2.4793148040771484,False,0.0,0,1,1774159584301,1774159584301,0
2026-03-22T01:06:32.070990,873,0,26,2.927064895629883,False,0.0,0,1,1774159592070,1774159592070,0
2026-03-22T01:06:38.743527,873,100,426,2.511262893676758,False,0.0,0,1,1774159598743,1774159598743,0
2026-03-22T01:06:45.398571,873,200,826,2.0380020141601562,False,0.0,0,1,1774159605398,1774159605398,0
2026-03-22T01:06:52.055632,873,300,1226,2.2308826446533203,False,0.0,0,1,1774159612055,1774159612055,0
2026-03-22T01:06:57.779762,874,0,27,0.7643699645996094,False,0.0,0,1,1774159617779,1774159617779,0
2026-03-22T01:07:04.434020,874,100,427,2.031564712524414,False,0.0,0,1,1774159624434,1774159624434,0
2026-03-22T01:07:10.257600,875,0,27,2.0465850830078125,False,0.0,0,1,1774159630257,1774159630257,0
2026-03-22T01:07:16.912644,875,100,427,2.0143985748291016,False,0.0,0,1,1774159636912,1774159636912,0
2026-03-22T01:07:23.470243,876,0,27,3.226757049560547,False,0.0,0,1,1774159643470,1774159643470,0
2026-03-22T01:07:30.140150,876,100,427,1.5575885772705078,False,0.0,0,1,1774159650140,1774159650140,0
2026-03-22T01:07:36.799931,876,200,827,4.373311996459961,False,0.0,0,1,1774159656799,1774159656799,0
2026-03-22T01:07:43.454054,876,300,1227,2.4051666259765625,False,0.0,0,1,1774159663454,1774159663454,0
2026-03-22T01:07:50.108299,876,400,1627,1.5552043914794922,False,0.0,0,1,1774159670108,1774159670108,0
2026-03-22T01:07:58.163611,877,0,28,1.2438297271728516,False,0.0,0,1,1774159678163,1774159678163,0
2026-03-22T01:08:04.816188,877,100,428,1.9063949584960938,False,0.0,0,1,1774159684816,1774159684816,0
2026-03-22T01:08:11.472748,877,200,828,1.8477439880371094,False,0.0,0,1,1774159691472,1774159691472,0
2026-03-22T01:08:18.128248,877,300,1228,2.117156982421875,False,0.0,0,1,1774159698128,1774159698128,0
2026-03-22T01:08:27.843610,878,0,27,1.0409355163574219,False,0.0,0,1,1774159707843,1774159707843,0
2026-03-22T01:08:34.500765,878,100,427,2.2819042205810547,False,0.0,0,1,1774159714500,1774159714500,0
2026-03-22T01:08:41.157032,878,200,827,2.3088455200195312,False,0.0,0,1,1774159721157,1774159721157,0
2026-03-22T01:08:47.813678,878,300,1227,4.28009033203125,False,0.0,0,1,1774159727813,1774159727813,0
2026-03-22T01:08:54.477437,878,400,1627,12.554168701171875,False,0.0,0,1,1774159734477,1774159734477,0
2026-03-22T01:09:01.139506,878,500,2027,2.0470619201660156,False,0.0,0,1,1774159741139,1774159741139,0
2026-03-22T01:09:09.574843,879,0,27,0.9379386901855469,False,0.0,0,1,1774159749574,1774159749574,0
2026-03-22T01:09:16.234200,879,100,427,3.6351680755615234,False,0.0,0,1,1774159756234,1774159756234,0
2026-03-22T01:09:22.896017,879,200,827,10.526895523071289,False,0.0,0,1,1774159762896,1774159762896,0
2026-03-22T01:09:31.012593,880,0,27,0.8912086486816406,False,0.0,0,1,1774159771012,1774159771012,0
2026-03-22T01:09:37.494994,881,0,28,0.8280277252197266,False,0.0,0,1,1774159777494,1774159777494,0
2026-03-22T01:09:44.160548,881,100,428,9.5367431640625,False,0.0,0,1,1774159784160,1774159784160,0
2026-03-22T01:09:50.809230,881,200,828,2.931356430053711,False,0.0,0,1,1774159790809,1774159790809,0
2026-03-22T01:09:58.161591,882,0,26,1.069784164428711,False,0.0,0,1,1774159798161,1774159798161,0
2026-03-22T01:10:04.817741,882,100,426,2.151012420654297,False,0.0,0,1,1774159804817,1774159804817,0
2026-03-22T01:10:11.473468,882,200,826,2.8831958770751953,False,0.0,0,1,1774159811473,1774159811473,0
2026-03-22T01:10:18.138443,882,300,1226,10.910987854003906,False,0.0,0,1,1774159818138,1774159818138,0
2026-03-22T01:10:24.785574,882,400,1626,1.9698143005371094,False,0.0,0,1,1774159824785,1774159824785,0
2026-03-22T01:10:31.921903,883,0,27,0.9450912475585938,False,0.0,0,1,1774159831921,1774159831921,0
2026-03-22T01:10:38.594972,883,100,427,2.7697086334228516,False,0.0,0,1,1774159838594,1774159838594,0
2026-03-22T01:10:45.250509,883,200,827,2.5594234466552734,False,0.0,0,1,1774159845250,1774159845250,0
2026-03-22T01:10:51.639675,884,0,27,1.0840892791748047,False,0.0,0,1,1774159851639,1774159851639,0
2026-03-22T01:10:58.298679,884,100,427,3.245830535888672,False,0.0,0,1,1774159858298,1774159858298,0
2026-03-22T01:11:04.950472,884,200,827,1.8720626831054688,False,0.0,0,1,1774159864950,1774159864950,0
2026-03-22T01:11:11.606343,884,300,1227,1.9848346710205078,False,0.0,0,1,1774159871606,1774159871606,0
2026-03-22T01:11:18.270075,884,400,1627,9.339094161987305,False,0.0,0,1,1774159878270,1774159878270,0
2026-03-22T01:11:23.454336,885,0,27,1.1823177337646484,False,0.0,0,1,1774159883454,1774159883454,0
2026-03-22T01:11:28.329582,886,0,27,12.129783630371094,False,0.0,0,1,1774159888329,1774159888329,0
2026-03-22T01:11:34.985118,886,100,427,2.104043960571289,False,0.0,0,1,1774159894985,1774159894985,0
2026-03-22T01:11:41.656641,886,200,827,2.4573802947998047,False,0.0,0,1,1774159901656,1774159901656,0
2026-03-22T01:11:48.312811,886,300,1227,2.2013187408447266,False,0.0,0,1,1774159908312,1774159908312,0
2026-03-22T01:11:54.992302,886,400,1627,9.226083755493164,False,0.0,0,1,1774159914992,1774159914992,0
2026-03-22T01:12:04.618582,887,0,26,1.1241436004638672,False,0.0,0,1,1774159924618,1774159924618,0
2026-03-22T01:12:11.276490,887,100,426,3.139972686767578,False,0.0,0,1,1774159931276,1774159931276,0
2026-03-22T01:12:17.939008,887,200,826,9.476661682128906,False,0.0,0,1,1774159937939,1774159937939,0
2026-03-22T01:12:19.296521,888,0,27,2.2470951080322266,False,0.0,0,1,1774159939296,1774159939296,0
2026-03-22T01:12:25.968013,888,100,427,1.926422119140625,False,0.0,0,1,1774159945968,1774159945968,0
2026-03-22T01:12:32.626445,888,200,827,2.088785171508789,False,0.0,0,1,1774159952626,1774159952626,0
2026-03-22T01:12:39.279763,888,300,1227,2.4137496948242188,False,0.0,0,1,1774159959279,1774159959279,0
2026-03-22T01:12:45.935375,888,400,1627,1.9848346710205078,False,0.0,0,1,1774159965935,1774159965935,0
2026-03-22T01:12:52.593610,888,500,2027,3.5114288330078125,False,0.0,0,1,1774159972593,1774159972593,0
2026-03-22T01:12:58.814851,889,0,26,0.820159912109375,False,0.0,0,1,1774159978814,1774159978814,0
2026-03-22T01:13:05.484385,889,100,426,1.5773773193359375,False,0.0,0,1,1774159985484,1774159985484,0
2026-03-22T01:13:12.139975,889,200,826,1.5690326690673828,False,0.0,0,1,1774159992139,1774159992139,0
2026-03-22T01:13:18.797572,889,300,1226,3.271341323852539,False,0.0,0,1,1774159998797,1774159998797,0
2026-03-22T01:13:25.451235,889,400,1626,2.5680065155029297,False,0.0,0,1,1774160005451,1774160005451,0
2026-03-22T01:13:32.115490,889,500,2025,10.184526443481445,False,0.0,0,1,1774160012115,1774160012115,0
2026-03-22T01:13:36.321037,890,0,27,0.7967948913574219,False,0.0,0,1,1774160016321,1774160016321,0
2026-03-22T01:13:42.972193,890,100,427,0.8919239044189453,False,0.0,0,1,1774160022972,1774160022972,0
2026-03-22T01:13:47.981994,891,0,27,2.9838085174560547,False,0.0,0,1,1774160027981,1774160027981,0
2026-03-22T01:13:54.662936,891,100,427,10.982990264892578,False,0.0,0,1,1774160034662,1774160034662,0
2026-03-22T01:14:01.309262,891,200,827,2.418994903564453,False,0.0,0,1,1774160041309,1774160041309,0
2026-03-22T01:14:07.963607,891,300,1227,1.699686050415039,False,0.0,0,1,1774160047963,1774160047963,0
2026-03-22T01:14:14.636215,891,400,1627,2.3241043090820312,False,0.0,0,1,1774160054636,1774160054636,0
2026-03-22T01:14:21.299628,891,500,2027,9.523868560791016,False,0.0,0,1,1774160061299,1774160061299,0
2026-03-22T01:14:27.958098,891,600,2427,11.881828308105469,False,0.0,0,1,1774160067958,1774160067958,0
2026-03-22T01:14:33.670153,892,0,27,0.8544921875,False,0.0,0,1,1774160073670,1774160073670,0
2026-03-22T01:14:40.326657,892,100,427,1.7652511596679688,False,0.0,0,1,1774160080326,1774160080326,0
2026-03-22T01:14:47.001008,892,200,827,2.2745132446289062,False,0.0,0,1,1774160087001,1774160087001,0
2026-03-22T01:14:51.602838,893,0,28,13.122081756591797,False,0.0,0,1,1774160091602,1774160091602,0
2026-03-22T01:14:58.263336,893,100,428,1.8045902252197266,False,0.0,0,1,1774160098263,1774160098263,0
2026-03-22T01:15:04.936503,893,200,828,2.4557113647460938,False,0.0,0,1,1774160104936,1774160104936,0
2026-03-22T01:15:11.592670,893,300,1228,2.2192001342773438,False,0.0,0,1,1774160111592,1774160111592,0
2026-03-22T01:15:19.084616,894,0,27,5.713939666748047,False,0.0,0,1,1774160119084,1774160119084,0
2026-03-22T01:15:25.536888,895,0,27,2.4013519287109375,False,0.0,0,1,1774160125536,1774160125536,0
2026-03-22T01:15:32.191593,895,100,427,2.4356842041015625,False,0.0,0,1,1774160132191,1774160132191,0
2026-03-22T01:15:37.266920,896,0,27,2.6655197143554688,False,0.0,0,1,1774160137266,1774160137266,0
2026-03-22T01:15:43.925799,896,100,427,3.530263900756836,False,0.0,0,1,1774160143925,1774160143925,0
2026-03-22T01:15:50.596559,896,200,827,2.0253658294677734,False,0.0,0,1,1774160150596,1774160150596,0
2026-03-22T01:15:57.251039,896,300,1227,1.7981529235839844,False,0.0,0,1,1774160157251,1774160157251,0
2026-03-22T01:16:06.300795,897,0,26,1.2652873992919922,False,0.0,0,1,1774160166300,1774160166300,0
2026-03-22T01:16:12.959349,897,100,426,3.3774375915527344,False,0.0,0,1,1774160172959,1774160172959,0
2026-03-22T01:16:16.084113,898,0,27,1.74713134765625,False,0.0,0,1,1774160176084,1774160176084,0
2026-03-22T01:16:22.740044,898,100,427,2.0127296447753906,False,0.0,0,1,1774160182740,1774160182740,0
2026-03-22T01:16:26.902788,899,0,27,4.040241241455078,False,0.0,0,1,1774160186902,1774160186902,0
2026-03-22T01:16:33.556540,899,100,427,2.0563602447509766,False,0.0,0,1,1774160193556,1774160193556,0
2026-03-22T01:16:40.210868,899,200,827,1.813650131225586,False,0.0,0,1,1774160200210,1774160200210,0
2026-03-22T01:16:41.766282,900,0,27,2.865314483642578,False,0.0,0,1,1774160201766,1774160201766,0
2026-03-22T01:16:48.415338,900,100,427,3.026247024536133,False,0.0,0,1,1774160208415,1774160208415,0
2026-03-22T01:16:55.072589,900,200,827,3.4017562866210938,False,0.0,0,1,1774160215072,1774160215072,0
2026-03-22T01:17:01.735303,900,300,1227,11.81173324584961,False,0.0,0,1,1774160221735,1774160221735,0
2026-03-22T01:17:08.398428,900,400,1627,2.037525177001953,False,0.0,0,1,1774160228398,1774160228398,0
2026-03-22T01:17:15.070146,900,500,2027,2.1262168884277344,False,0.0,0,1,1774160235070,1774160235070,0
2026-03-22T01:17:21.725693,900,600,2427,1.912832260131836,False,0.0,0,1,1774160241725,1774160241725,0
2026-03-22T01:17:32.257298,901,0,27,0.8172988891601562,False,0.0,0,1,1774160252257,1774160252257,0
2026-03-22T01:17:38.914357,901,100,427,2.5703907012939453,False,0.0,0,1,1774160258914,1774160258914,0
2026-03-22T01:17:41.229959,902,0,27,3.164529800415039,False,0.0,0,1,1774160261229,1774160261229,0
2026-03-22T01:17:47.882480,902,100,427,2.040386199951172,False,0.0,0,1,1774160267882,1774160267882,0
2026-03-22T01:17:55.539369,903,0,27,0.8881092071533203,False,0.0,0,1,1774160275539,1774160275539,0
2026-03-22T01:18:02.211616,903,100,427,1.9822120666503906,False,0.0,0,1,1774160282211,1774160282211,0
2026-03-22T01:18:05.608390,904,0,27,7.66754150390625,False,0.0,0,1,1774160285608,1774160285608,0
2026-03-22T01:18:12.275840,904,100,427,2.372264862060547,False,0.0,0,1,1774160292275,1774160292275,0
2026-03-22T01:18:14.111941,905,0,27,2.3589134216308594,False,0.0,0,1,1774160294111,1774160294111,0
2026-03-22T01:18:20.785353,905,100,427,8.329629898071289,False,0.0,0,1,1774160300785,1774160300785,0
2026-03-22T01:18:27.434654,905,200,827,2.6721954345703125,False,0.0,0,1,1774160307434,1774160307434,0
2026-03-22T01:18:34.089407,905,300,1227,1.9977092742919922,False,0.0,0,1,1774160314089,1774160314089,0
2026-03-22T01:18:42.974033,906,0,27,0.9996891021728516,False,0.0,0,1,1774160322974,1774160322974,0
2026-03-22T01:18:49.446784,907,0,27,1.8031597137451172,False,0.0,0,1,1774160329446,1774160329446,0
2026-03-22T01:18:56.111717,907,100,427,10.961294174194336,False,0.0,0,1,1774160336111,1774160336111,0
2026-03-22T01:19:02.759009,907,200,827,1.9142627716064453,False,0.0,0,1,1774160342759,1774160342759,0
2026-03-22T01:19:07.706692,908,0,27,1.9669532775878906,False,0.0,0,1,1774160347706,1774160347706,0
2026-03-22T01:19:14.355984,908,100,427,2.0759105682373047,False,0.0,0,1,1774160354355,1774160354355,0
2026-03-22T01:19:15.889473,909,0,27,3.3676624298095703,False,0.0,0,1,1774160355889,1774160355889,0
2026-03-22T01:19:22.542707,909,100,427,2.7039051055908203,False,0.0,0,1,1774160362542,1774160362542,0
2026-03-22T01:19:29.198598,909,200,827,2.2318363189697266,False,0.0,0,1,1774160369198,1774160369198,0
2026-03-22T01:19:35.854935,909,300,1227,3.2815933227539062,False,0.0,0,1,1774160375854,1774160375854,0
2026-03-22T01:19:42.993085,910,0,27,0.7696151733398438,False,0.0,0,1,1774160382993,1774160382993,0
2026-03-22T01:19:49.660368,910,100,427,15.281915664672852,False,0.0,0,1,1774160389660,1774160389660,0
2026-03-22T01:19:52.127356,911,0,27,2.054929733276367,False,0.0,0,1,1774160392127,1774160392127,0
2026-03-22T01:19:58.781876,911,100,427,1.8036365509033203,False,0.0,0,1,1774160398781,1774160398781,0
2026-03-22T01:20:05.438866,911,200,827,2.817869186401367,False,0.0,0,1,1774160405438,1774160405438,0
2026-03-22T01:20:12.094696,911,300,1227,2.7480125427246094,False,0.0,0,1,1774160412094,1774160412094,0
2026-03-22T01:20:18.964798,912,0,27,1.0464191436767578,False,0.0,0,1,1774160418964,1774160418964,0
2026-03-22T01:20:25.628611,912,100,427,9.349346160888672,False,0.0,0,1,1774160425628,1774160425628,0
2026-03-22T01:20:27.467890,913,0,28,2.057313919067383,False,0.0,0,1,1774160427467,1774160427467,0
2026-03-22T01:20:34.123193,913,100,428,1.5027523040771484,False,0.0,0,1,1774160434123,1774160434123,0
2026-03-22T01:20:35.088743,914,0,27,1.9259452819824219,False,0.0,0,1,1774160435088,1774160435088,0
2026-03-22T01:20:41.746249,914,100,427,3.1812191009521484,False,0.0,0,1,1774160441746,1774160441746,0
2026-03-22T01:20:47.107251,915,0,28,1.8877983093261719,False,0.0,0,1,1774160447107,1774160447107,0
2026-03-22T01:20:53.766641,915,100,428,10.787725448608398,False,0.0,0,1,1774160453766,1774160453766,0
2026-03-22T01:20:57.485065,916,0,27,2.5458335876464844,False,0.0,0,1,1774160457485,1774160457485,0
2026-03-22T01:21:04.141979,916,100,427,3.8673877716064453,False,0.0,0,1,1774160464141,1774160464141,0
2026-03-22T01:21:10.805252,916,200,827,11.171579360961914,False,0.0,0,1,1774160470805,1774160470805,0
2026-03-22T01:21:17.452114,916,300,1227,2.0918846130371094,False,0.0,0,1,1774160477452,1774160477452,0
2026-03-22T01:21:21.627297,917,0,26,1.0066032409667969,False,0.0,0,1,1774160481627,1774160481627,0
2026-03-22T01:21:28.293165,917,100,426,11.00015640258789,False,0.0,0,1,1774160488293,1774160488293,0
2026-03-22T01:21:34.939346,917,200,826,1.9526481628417969,False,0.0,0,1,1774160494939,1774160494939,0
2026-03-22T01:21:41.596514,917,300,1226,2.6803016662597656,False,0.0,0,1,1774160501596,1774160501596,0
2026-03-22T01:21:47.034928,918,0,27,1.2524127960205078,False,0.0,0,1,1774160507034,1774160507034,0
2026-03-22T01:21:53.691841,918,100,427,2.721071243286133,False,0.0,0,1,1774160513691,1774160513691,0
2026-03-22T01:22:00.349013,918,200,827,2.502918243408203,False,0.0,0,1,1774160520349,1774160520349,0
2026-03-22T01:22:08.565534,919,0,26,0.9367465972900391,False,0.0,0,1,1774160528565,1774160528565,0
2026-03-22T01:22:15.223028,919,100,426,1.819610595703125,False,0.0,0,1,1774160535223,1774160535223,0
2026-03-22T01:22:17.050383,920,0,28,8.37087631225586,False,0.0,0,1,1774160537050,1774160537050,0
2026-03-22T01:22:23.445435,921,0,27,4.77910041809082,False,0.0,0,1,1774160543445,1774160543445,0
2026-03-22T01:22:30.100190,921,100,427,2.2363662719726562,False,0.0,0,1,1774160550100,1774160550100,0
2026-03-22T01:22:36.753842,921,200,827,2.7091503143310547,False,0.0,0,1,1774160556753,1774160556753,0
2026-03-22T01:22:43.415233,921,300,1227,8.18634033203125,False,0.0,0,1,1774160563415,1774160563415,0
2026-03-22T01:22:50.082242,921,400,1627,2.1653175354003906,False,0.0,0,1,1774160570082,1774160570082,0
2026-03-22T01:22:56.737876,921,500,2027,2.6063919067382812,False,0.0,0,1,1774160576737,1774160576737,0
2026-03-22T01:23:01.229338,922,0,27,1.0905265808105469,False,0.0,0,1,1774160581229,1774160581229,0
2026-03-22T01:23:07.886318,922,100,427,3.0689239501953125,False,0.0,0,1,1774160587886,1774160587886,0
2026-03-22T01:23:08.538810,923,0,27,1.8503665924072266,False,0.0,0,1,1774160588538,1774160588538,0
2026-03-22T01:23:15.190718,923,100,427,3.1676292419433594,False,0.0,0,1,1774160595190,1774160595190,0
2026-03-22T01:23:21.847045,923,200,827,3.285646438598633,False,0.0,0,1,1774160601847,1774160601847,0
2026-03-22T01:23:28.251973,924,0,26,2.6655197143554688,False,0.0,0,1,1774160608251,1774160608251,0
2026-03-22T01:23:34.908925,924,100,426,2.8862953186035156,False,0.0,0,1,1774160614908,1774160614908,0
2026-03-22T01:23:41.565327,924,200,826,3.5715103149414062,False,0.0,0,1,1774160621565,1774160621565,0
2026-03-22T01:23:48.220586,924,300,1226,2.62451171875,False,0.0,0,1,1774160628220,1774160628220,0
2026-03-22T01:23:54.074891,925,0,28,1.0333061218261719,False,0.0,0,1,1774160634074,1774160634074,0
2026-03-22T01:24:00.732566,925,100,428,2.835988998413086,False,0.0,0,1,1774160640732,1774160640732,0
2026-03-22T01:24:07.396680,925,200,828,11.399030685424805,False,0.0,0,1,1774160647396,1774160647396,0
2026-03-22T01:24:14.042936,925,300,1228,2.399444580078125,False,0.0,0,1,1774160654042,1774160654042,0
2026-03-22T01:24:15.090528,926,0,27,2.0055770874023438,False,0.0,0,1,1774160655090,1774160655090,0
2026-03-22T01:24:21.752421,926,100,427,8.592605590820312,False,0.0,0,1,1774160661752,1774160661752,0
2026-03-22T01:24:28.402974,926,200,827,2.462625503540039,False,0.0,0,1,1774160668402,1774160668402,0
2026-03-22T01:24:32.696102,927,0,27,0.7696151733398438,False,0.0,0,1,1774160672696,1774160672696,0
2026-03-22T01:24:39.381123,927,100,427,12.132644653320312,False,0.0,0,1,1774160679381,1774160679381,0
2026-03-22T01:24:42.547445,928,0,26,4.639387130737305,False,0.0,0,1,1774160682547,1774160682547,0
2026-03-22T01:24:49.206503,928,100,426,8.381366729736328,False,0.0,0,1,1774160689206,1774160689206,0
2026-03-22T01:24:51.252794,929,0,28,1.7852783203125,False,0.0,0,1,1774160691252,1774160691252,0
2026-03-22T01:24:57.911660,929,100,428,11.453866958618164,False,0.0,0,1,1774160697911,1774160697911,0
2026-03-22T01:25:04.564458,929,200,828,7.750749588012695,False,0.0,0,1,1774160704564,1774160704564,0
2026-03-22T01:25:08.961166,930,0,27,2.815723419189453,False,0.0,0,1,1774160708961,1774160708961,0
2026-03-22T01:25:15.624051,930,100,427,1.8856525421142578,False,0.0,0,1,1774160715624,1774160715624,0
2026-03-22T01:25:22.296119,930,200,827,1.8191337585449219,False,0.0,0,1,1774160722296,1774160722296,0
2026-03-22T01:25:28.951882,930,300,1227,2.4526119232177734,False,0.0,0,1,1774160728951,1774160728951,0
2026-03-22T01:25:35.621279,930,400,1627,14.330387115478516,False,0.0,0,1,1774160735621,1774160735621,0
2026-03-22T01:25:45.605970,931,0,27,1.0972023010253906,False,0.0,0,1,1774160745605,1774160745605,0
2026-03-22T01:25:51.132741,932,0,28,2.2356510162353516,False,0.0,0,1,1774160751132,1774160751132,0
2026-03-22T01:25:57.788728,932,100,428,3.0698776245117188,False,0.0,0,1,1774160757788,1774160757788,0
2026-03-22T01:26:04.445659,932,200,828,3.4766197204589844,False,0.0,0,1,1774160764445,1774160764445,0
2026-03-22T01:26:11.099339,932,300,1228,2.806425094604492,False,0.0,0,1,1774160771099,1774160771099,0
2026-03-22T01:26:17.753484,932,400,1628,2.2525787353515625,False,0.0,0,1,1774160777753,1774160777753,0
2026-03-22T01:26:24.408958,932,500,2028,1.6849040985107422,False,0.0,0,1,1774160784408,1774160784408,0
2026-03-22T01:26:31.071018,932,600,2428,7.776021957397461,False,0.0,0,1,1774160791071,1774160791071,0
2026-03-22T01:26:41.995201,933,0,26,0.8053779602050781,False,0.0,0,1,1774160801995,1774160801995,0
2026-03-22T01:26:48.652890,933,100,426,2.541065216064453,False,0.0,0,1,1774160808652,1774160808652,0
2026-03-22T01:26:55.309982,933,200,826,3.286123275756836,False,0.0,0,1,1774160815309,1774160815309,0
2026-03-22T01:27:01.964315,933,300,1226,2.2356510162353516,False,0.0,0,1,1774160821964,1774160821964,0
2026-03-22T01:27:11.249036,934,0,27,0.8151531219482422,False,0.0,0,1,1774160831249,1774160831249,0
2026-03-22T01:27:16.631348,935,0,27,2.8553009033203125,False,0.0,0,1,1774160836631,1774160836631,0
2026-03-22T01:27:23.285553,935,100,427,8.756399154663086,False,0.0,0,1,1774160843285,1774160843285,0
2026-03-22T01:27:29.934424,935,200,827,2.079486846923828,False,0.0,0,1,1774160849934,1774160849934,0
2026-03-22T01:27:36.589644,935,300,1227,2.675294876098633,False,0.0,0,1,1774160856589,1774160856589,0
2026-03-22T01:27:38.087902,936,0,27,2.213716506958008,False,0.0,0,1,1774160858087,1774160858087,0
2026-03-22T01:27:44.745424,936,100,427,2.557992935180664,False,0.0,0,1,1774160864745,1774160864745,0
2026-03-22T01:27:51.398320,936,200,827,1.6591548919677734,False,0.0,0,1,1774160871398,1774160871398,0
2026-03-22T01:27:58.056679,936,300,1227,1.9097328186035156,False,0.0,0,1,1774160878056,1774160878056,0
2026-03-22T01:28:07.254994,937,0,26,0.9629726409912109,False,0.0,0,1,1774160887254,1774160887254,0
2026-03-22T01:28:13.912100,937,100,426,3.4084320068359375,False,0.0,0,1,1774160893912,1774160893912,0
2026-03-22T01:28:20.566687,937,200,826,2.102375030517578,False,0.0,0,1,1774160900566,1774160900566,0
2026-03-22T01:28:26.938403,938,0,27,1.0929107666015625,False,0.0,0,1,1774160906938,1774160906938,0
2026-03-22T01:28:33.612409,938,100,427,2.9327869415283203,False,0.0,0,1,1774160913612,1774160913612,0
2026-03-22T01:28:40.267699,938,200,827,2.0399093627929688,False,0.0,0,1,1774160920267,1774160920267,0
2026-03-22T01:28:47.957612,939,0,27,0.8389949798583984,False,0.0,0,1,1774160927957,1774160927957,0
2026-03-22T01:28:54.609849,939,100,427,1.7483234405517578,False,0.0,0,1,1774160934609,1774160934609,0
2026-03-22T01:29:01.275921,939,200,827,11.380195617675781,False,0.0,0,1,1774160941275,1774160941275,0
2026-03-22T01:29:07.905333,940,0,26,1.1477470397949219,False,0.0,0,1,1774160947905,1774160947905,0
2026-03-22T01:29:14.566392,940,100,426,8.589982986450195,False,0.0,0,1,1774160954566,1774160954566,0
2026-03-22T01:29:21.215700,940,200,826,1.918792724609375,False,0.0,0,1,1774160961215,1774160961215,0
2026-03-22T01:29:23.864814,941,0,27,0.9026527404785156,False,0.0,0,1,1774160963864,1774160963864,0
2026-03-22T01:29:30.516694,941,100,427,1.7871856689453125,False,0.0,0,1,1774160970516,1774160970516,0
2026-03-22T01:29:37.189121,941,200,827,1.7974376678466797,False,0.0,0,1,1774160977189,1774160977189,0
2026-03-22T01:29:43.845655,941,300,1227,2.477407455444336,False,0.0,0,1,1774160983845,1774160983845,0
2026-03-22T01:29:51.922315,942,0,27,0.9777545928955078,False,0.0,0,1,1774160991922,1774160991922,0
2026-03-22T01:29:58.570264,942,100,427,1.9643306732177734,False,0.0,0,1,1774160998570,1774160998570,0
2026-03-22T01:30:04.663328,943,0,27,9.46354866027832,False,0.0,0,1,1774161004663,1774161004663,0
2026-03-22T01:30:11.317674,943,100,427,2.595663070678711,False,0.0,0,1,1774161011317,1774161011317,0
2026-03-22T01:30:12.482582,944,0,26,2.52532958984375,False,0.0,0,1,1774161012482,1774161012482,0
2026-03-22T01:30:19.156090,944,100,426,3.679990768432617,False,0.0,0,1,1774161019156,1774161019156,0
2026-03-22T01:30:25.808020,944,200,826,1.7523765563964844,False,0.0,0,1,1774161025808,1774161025808,0
2026-03-22T01:30:27.227660,945,0,27,2.3691654205322266,False,0.0,0,1,1774161027227,1774161027227,0
2026-03-22T01:30:33.879480,945,100,427,2.073526382446289,False,0.0,0,1,1774161033879,1774161033879,0
2026-03-22T01:30:40.535013,945,200,827,2.057790756225586,False,0.0,0,1,1774161040535,1774161040535,0
2026-03-22T01:30:47.192606,945,300,1227,2.0084381103515625,False,0.0,0,1,1774161047192,1774161047192,0
2026-03-22T01:30:50.535307,946,0,27,0.7214546203613281,False,0.0,0,1,1774161050535,1774161050535,0
2026-03-22T01:30:57.190169,946,100,427,2.11334228515625,False,0.0,0,1,1774161057190,1774161057190,0
2026-03-22T01:31:03.146557,947,0,27,1.8551349639892578,False,0.0,0,1,1774161063146,1774161063146,0
2026-03-22T01:31:09.804227,947,100,427,2.5658607482910156,False,0.0,0,1,1774161069804,1774161069804,0
2026-03-22T01:31:16.460429,947,200,827,3.5886764526367188,False,0.0,0,1,1774161076460,1774161076460,0
2026-03-22T01:31:23.114642,947,300,1227,2.794504165649414,False,0.0,0,1,1774161083114,1774161083114,0
2026-03-22T01:31:29.779853,947,400,1627,11.875152587890625,False,0.0,0,1,1774161089779,1774161089779,0
2026-03-22T01:31:36.425636,947,500,2027,2.5115013122558594,False,0.0,0,1,1774161096425,1774161096425,0
2026-03-22T01:31:44.610494,948,0,27,1.0161399841308594,False,0.0,0,1,1774161104610,1774161104610,0
2026-03-22T01:31:51.268651,948,100,427,3.059864044189453,False,0.0,0,1,1774161111268,1774161111268,0
2026-03-22T01:31:57.944651,948,200,827,7.44938850402832,False,0.0,0,1,1774161117944,1774161117944,0
2026-03-22T01:32:04.595020,948,300,1227,1.6050338745117188,False,0.0,0,1,1774161124595,1774161124595,0
2026-03-22T01:32:11.251243,948,400,1627,2.4640560150146484,False,0.0,0,1,1774161131251,1774161131251,0
2026-03-22T01:32:17.914608,948,500,2027,10.169029235839844,False,0.0,0,1,1774161137914,1774161137914,0
2026-03-22T01:32:25.991528,949,0,28,0.9489059448242188,False,0.0,0,1,1774161145991,1774161145991,0
2026-03-22T01:32:32.647818,949,100,428,1.7609596252441406,False,0.0,0,1,1774161152647,1774161152647,0
2026-03-22T01:32:39.310360,949,200,828,8.134603500366211,False,0.0,0,1,1774161159310,1774161159310,0
2026-03-22T01:32:45.960015,949,300,1228,2.4824142456054688,False,0.0,0,1,1774161165960,1774161165960,0
2026-03-22T01:32:49.629969,950,0,28,4.050493240356445,False,0.0,0,1,1774161169629,1774161169629,0
2026-03-22T01:32:56.291960,950,100,428,2.024412155151367,False,0.0,0,1,1774161176291,1774161176291,0
2026-03-22T01:33:02.949725,950,200,828,1.9788742065429688,False,0.0,0,1,1774161182949,1774161182949,0
2026-03-22T01:33:09.605194,950,300,1228,3.1375885009765625,False,0.0,0,1,1774161189605,1774161189605,0
2026-03-22T01:33:18.357131,951,0,27,0.7982254028320312,False,0.0,0,1,1774161198357,1774161198357,0
2026-03-22T01:33:25.012295,951,100,427,2.1469593048095703,False,0.0,0,1,1774161205012,1774161205012,0
2026-03-22T01:33:28.710688,952,0,27,2.214670181274414,False,0.0,0,1,1774161208710,1774161208710,0
2026-03-22T01:33:35.378483,952,100,427,2.1414756774902344,False,0.0,0,1,1774161215378,1774161215378,0
2026-03-22T01:33:42.033479,952,200,827,2.312898635864258,False,0.0,0,1,1774161222033,1774161222033,0
2026-03-22T01:33:44.316684,953,0,27,2.398252487182617,False,0.0,0,1,1774161224316,1774161224316,0
2026-03-22T01:33:50.988345,953,100,427,4.032611846923828,False,0.0,0,1,1774161230988,1774161230988,0
2026-03-22T01:33:57.641042,953,200,827,2.3534297943115234,False,0.0,0,1,1774161237641,1774161237641,0
2026-03-22T01:34:04.296968,953,300,1227,2.067089080810547,False,0.0,0,1,1774161244296,1774161244296,0
2026-03-22T01:34:09.654378,954,0,27,1.1661052703857422,False,0.0,0,1,1774161249654,1774161249654,0
2026-03-22T01:34:16.318598,954,100,427,9.977579116821289,False,0.0,0,1,1774161256318,1774161256318,0
2026-03-22T01:34:18.997543,955,0,27,2.4847984313964844,False,0.0,0,1,1774161258997,1774161258997,0
2026-03-22T01:34:25.710800,956,0,26,2.2656917572021484,False,0.0,0,1,1774161265710,1774161265710,0
2026-03-22T01:34:32.383814,956,100,426,2.027273178100586,False,0.0,0,1,1774161272383,1774161272383,0
2026-03-22T01:34:39.557285,957,0,27,1.2917518615722656,False,0.0,0,1,1774161279557,1774161279557,0
2026-03-22T01:34:46.218437,957,100,427,10.874271392822266,False,0.0,0,1,1774161286218,1774161286218,0
2026-03-22T01:34:52.864864,957,200,827,1.6415119171142578,False,0.0,0,1,1774161292864,1774161292864,0
2026-03-22T01:34:59.522238,957,300,1227,2.128124237060547,False,0.0,0,1,1774161299522,1774161299522,0
2026-03-22T01:35:06.183187,957,400,1627,7.526874542236328,False,0.0,0,1,1774161306183,1774161306183,0
2026-03-22T01:35:13.014284,958,0,27,0.8032321929931641,False,0.0,0,1,1774161313014,1774161313014,0
2026-03-22T01:35:19.290371,959,0,28,3.876209259033203,False,0.0,0,1,1774161319290,1774161319290,0
2026-03-22T01:35:25.951988,959,100,428,9.472846984863281,False,0.0,0,1,1774161325951,1774161325951,0
2026-03-22T01:35:32.600929,959,200,828,2.7322769165039062,False,0.0,0,1,1774161332600,1774161332600,0
2026-03-22T01:35:33.774550,960,0,27,11.627435684204102,False,0.0,0,1,1774161333774,1774161333774,0
2026-03-22T01:35:40.423434,960,100,427,1.5418529510498047,False,0.0,0,1,1774161340423,1774161340423,0
2026-03-22T01:35:47.077541,960,200,827,2.5234222412109375,False,0.0,0,1,1774161347077,1774161347077,0
2026-03-22T01:35:53.734277,960,300,1227,1.8994808197021484,False,0.0,0,1,1774161353734,1774161353734,0
2026-03-22T01:36:00.392065,960,400,1627,3.6754608154296875,False,0.0,0,1,1774161360392,1774161360392,0
2026-03-22T01:36:07.043541,960,500,2027,2.0122528076171875,False,0.0,0,1,1774161367043,1774161367043,0
2026-03-22T01:36:13.698518,960,600,2427,1.9419193267822266,False,0.0,0,1,1774161373698,1774161373698,0
2026-03-22T01:36:18.724227,961,0,27,1.1138916015625,False,0.0,0,1,1774161378724,1774161378724,0
2026-03-22T01:36:24.754020,962,0,27,1.9152164459228516,False,0.0,0,1,1774161384754,1774161384754,0
2026-03-22T01:36:31.403548,962,100,427,2.6259422302246094,False,0.0,0,1,1774161391403,1774161391403,0
2026-03-22T01:36:38.059370,962,200,827,2.983570098876953,False,0.0,0,1,1774161398059,1774161398059,0
2026-03-22T01:36:44.713826,962,300,1227,2.1505355834960938,False,0.0,0,1,1774161404713,1774161404713,0
2026-03-22T01:36:51.368499,962,400,1627,1.4896392822265625,False,0.0,0,1,1774161411368,1774161411368,0
2026-03-22T01:36:56.628720,963,0,27,1.3375282287597656,False,0.0,0,1,1774161416628,1774161416628,0
2026-03-22T01:37:03.282287,963,100,427,1.7039775848388672,False,0.0,0,1,1774161423282,1774161423282,0
2026-03-22T01:37:09.937735,963,200,827,1.2552738189697266,False,0.0,0,1,1774161429937,1774161429937,0
2026-03-22T01:37:16.594100,963,300,1227,2.0165443420410156,False,0.0,0,1,1774161436594,1774161436594,0
2026-03-22T01:37:23.250805,963,400,1627,2.9935836791992188,False,0.0,0,1,1774161443250,1774161443250,0
2026-03-22T01:37:29.921908,963,500,2027,1.9650459289550781,False,0.0,0,1,1774161449921,1774161449921,0
2026-03-22T01:37:35.796472,964,0,28,0.92315673828125,False,0.0,0,1,1774161455796,1774161455796,0
2026-03-22T01:37:42.459891,964,100,428,9.583473205566406,False,0.0,0,1,1774161462459,1774161462459,0
2026-03-22T01:37:49.107410,964,200,828,2.1598339080810547,False,0.0,0,1,1774161469107,1774161469107,0
2026-03-22T01:37:53.133176,965,0,26,1.125335693359375,False,0.0,0,1,1774161473133,1774161473133,0
2026-03-22T01:37:59.790271,965,100,426,2.605915069580078,False,0.0,0,1,1774161479790,1774161479790,0
2026-03-22T01:38:06.461556,965,200,826,1.7592906951904297,False,0.0,0,1,1774161486461,1774161486461,0
2026-03-22T01:38:13.547920,966,0,27,0.7884502410888672,False,0.0,0,1,1774161493547,1774161493547,0
2026-03-22T01:38:18.307640,967,0,27,1.9099712371826172,False,0.0,0,1,1774161498307,1774161498307,0
2026-03-22T01:38:24.965144,967,100,427,2.3980140686035156,False,0.0,0,1,1774161504965,1774161504965,0
2026-03-22T01:38:28.174182,968,0,27,1.341104507446289,False,0.0,0,1,1774161508174,1774161508174,0
2026-03-22T01:38:34.831234,968,100,427,2.513885498046875,False,0.0,0,1,1774161514831,1774161514831,0
2026-03-22T01:38:41.486561,968,200,827,1.8248558044433594,False,0.0,0,1,1774161521486,1774161521486,0
2026-03-22T01:38:45.766107,969,0,26,2.5904178619384766,False,0.0,0,1,1774161525766,1774161525766,0
2026-03-22T01:38:52.423994,969,100,426,6.868600845336914,False,0.0,0,1,1774161532423,1774161532423,0
2026-03-22T01:38:59.073231,969,200,826,1.680612564086914,False,0.0,0,1,1774161539073,1774161539073,0
2026-03-22T01:38:59.967861,970,0,28,12.790441513061523,False,0.0,0,1,1774161539967,1774161539967,0
2026-03-22T01:39:06.667503,971,0,28,1.8193721771240234,False,0.0,0,1,1774161546667,1774161546667,0
2026-03-22T01:39:13.325347,971,100,428,6.371259689331055,False,0.0,0,1,1774161553325,1774161553325,0
2026-03-22T01:39:19.972555,971,200,828,1.8472671508789062,False,0.0,0,1,1774161559972,1774161559972,0
2026-03-22T01:39:26.630085,971,300,1228,1.9488334655761719,False,0.0,0,1,1774161566630,1774161566630,0
2026-03-22T01:39:33.284639,971,400,1628,1.7900466918945312,False,0.0,0,1,1774161573284,1774161573284,0
2026-03-22T01:39:39.941085,971,500,2028,2.4771690368652344,False,0.0,0,1,1774161579941,1774161579941,0
2026-03-22T01:39:46.595925,971,600,2428,2.400636672973633,False,0.0,0,1,1774161586595,1774161586595,0
2026-03-22T01:39:56.768502,972,0,26,3.753662109375,False,0.0,0,1,1774161596768,1774161596768,0
2026-03-22T01:40:01.748427,973,0,27,14.014720916748047,False,0.0,0,1,1774161601748,1774161601748,0
2026-03-22T01:40:07.278214,974,0,27,1.9683837890625,False,0.0,0,1,1774161607278,1774161607278,0
2026-03-22T01:40:13.949201,974,100,427,1.627206802368164,False,0.0,0,1,1774161613949,1774161613949,0
2026-03-22T01:40:16.562138,975,0,28,1.611471176147461,False,0.0,0,1,1774161616562,1774161616562,0
2026-03-22T01:40:23.224121,975,100,428,8.186101913452148,False,0.0,0,1,1774161623224,1774161623224,0
2026-03-22T01:40:29.874923,975,200,828,2.2423267364501953,False,0.0,0,1,1774161629874,1774161629874,0
2026-03-22T01:40:36.530415,975,300,1228,3.397703170776367,False,0.0,0,1,1774161636530,1774161636530,0
2026-03-22T01:40:43.192801,975,400,1628,9.97018814086914,False,0.0,0,1,1774161643192,1774161643192,0
2026-03-22T01:40:52.424485,976,0,27,0.7729530334472656,False,0.0,0,1,1774161652424,1774161652424,0
2026-03-22T01:40:59.077947,976,100,427,1.7163753509521484,False,0.0,0,1,1774161659077,1774161659077,0
2026-03-22T01:41:05.749234,976,200,827,1.7788410186767578,False,0.0,0,1,1774161665749,1774161665749,0
2026-03-22T01:41:12.404174,976,300,1227,1.56402587890625,False,0.0,0,1,1774161672404,1774161672404,0
2026-03-22T01:41:19.084702,976,400,1627,9.244680404663086,False,0.0,0,1,1774161679084,1774161679084,0
2026-03-22T01:41:29.377168,977,0,27,0.8580684661865234,False,0.0,0,1,1774161689377,1774161689377,0
2026-03-22T01:41:36.029454,977,100,427,1.53350830078125,False,0.0,0,1,1774161696029,1774161696029,0
2026-03-22T01:41:42.687315,977,200,827,2.184152603149414,False,0.0,0,1,1774161702687,1774161702687,0
2026-03-22T01:41:45.632769,978,0,26,1.3408660888671875,False,0.0,0,1,1774161705632,1774161705632,0
2026-03-22T01:41:52.289225,978,100,426,2.4480819702148438,False,0.0,0,1,1774161712289,1774161712289,0
2026-03-22T01:41:56.945062,979,0,26,1.714944839477539,False,0.0,0,1,1774161716945,1774161716945,0
2026-03-22T01:42:03.601356,979,100,426,1.8613338470458984,False,0.0,0,1,1774161723601,1774161723601,0
2026-03-22T01:42:10.273273,979,200,826,1.8520355224609375,False,0.0,0,1,1774161730273,1774161730273,0
2026-03-22T01:42:18.834716,980,0,27,2.908945083618164,False,0.0,0,1,1774161738834,1774161738834,0
2026-03-22T01:42:25.482236,980,100,427,2.117633819580078,False,0.0,0,1,1774161745482,1774161745482,0
2026-03-22T01:42:32.139695,980,200,827,1.7673969268798828,False,0.0,0,1,1774161752139,1774161752139,0
2026-03-22T01:42:36.081043,981,0,27,0.7767677307128906,False,0.0,0,1,1774161756081,1774161756081,0
2026-03-22T01:42:42.753969,981,100,427,2.483844757080078,False,0.0,0,1,1774161762753,1774161762753,0
2026-03-22T01:42:49.417856,981,200,827,10.805368423461914,False,0.0,0,1,1774161769417,1774161769417,0
2026-03-22T01:42:56.064304,981,300,1227,1.790761947631836,False,0.0,0,1,1774161776064,1774161776064,0
2026-03-22T01:43:02.719486,981,400,1627,1.3244152069091797,False,0.0,0,1,1774161782719,1774161782719,0
2026-03-22T01:43:09.426682,982,0,27,2.9938220977783203,False,0.0,0,1,1774161789426,1774161789426,0
2026-03-22T01:43:16.081325,982,100,427,1.9252300262451172,False,0.0,0,1,1774161796081,1774161796081,0
2026-03-22T01:43:23.833376,983,0,27,0.926971435546875,False,0.0,0,1,1774161803833,1774161803833,0
2026-03-22T01:43:27.893563,984,0,27,1.3051033020019531,False,0.0,0,1,1774161807893,1774161807893,0
2026-03-22T01:43:34.550695,984,100,427,2.3009777069091797,False,0.0,0,1,1774161814550,1774161814550,0
2026-03-22T01:43:41.205545,984,200,827,1.9617080688476562,False,0.0,0,1,1774161821205,1774161821205,0
2026-03-22T01:43:48.044660,985,0,27,1.295328140258789,False,0.0,0,1,1774161828044,1774161828044,0
2026-03-22T01:43:54.701046,985,100,427,2.6650428771972656,False,0.0,0,1,1774161834701,1774161834701,0
2026-03-22T01:44:01.355793,985,200,827,2.3152828216552734,False,0.0,0,1,1774161841355,1774161841355,0
2026-03-22T01:44:07.362398,986,0,27,1.018524169921875,False,0.0,0,1,1774161847362,1774161847362,0
2026-03-22T01:44:14.018256,986,100,427,2.34222412109375,False,0.0,0,1,1774161854018,1774161854018,0
2026-03-22T01:44:15.940824,987,0,27,10.410785675048828,False,0.0,0,1,1774161855940,1774161855940,0
2026-03-22T01:44:22.588073,987,100,427,3.119230270385742,False,0.0,0,1,1774161862588,1774161862588,0
2026-03-22T01:44:29.243635,987,200,827,2.9325485229492188,False,0.0,0,1,1774161869243,1774161869243,0
2026-03-22T01:44:35.899174,987,300,1227,2.744913101196289,False,0.0,0,1,1774161875899,1774161875899,0
2026-03-22T01:44:45.731488,988,0,27,0.9012222290039062,False,0.0,0,1,1774161885731,1774161885731,0
2026-03-22T01:44:52.404408,988,100,427,1.5730857849121094,False,0.0,0,1,1774161892404,1774161892404,0
2026-03-22T01:44:59.059734,988,200,827,1.8362998962402344,False,0.0,0,1,1774161899059,1774161899059,0
2026-03-22T01:45:05.665356,989,0,27,1.8625259399414062,False,0.0,0,1,1774161905665,1774161905665,0
2026-03-22T01:45:12.355289,989,100,427,1.8687248229980469,False,0.0,0,1,1774161912355,1774161912355,0
2026-03-22T01:45:19.010777,989,200,827,2.561807632446289,False,0.0,0,1,1774161919010,1774161919010,0
2026-03-22T01:45:25.668678,989,300,1227,4.219532012939453,False,0.0,0,1,1774161925668,1774161925668,0
2026-03-22T01:45:33.801891,990,0,26,1.1560916900634766,False,0.0,0,1,1774161933801,1774161933801,0
2026-03-22T01:45:40.463636,990,100,426,6.725788116455078,False,0.0,0,1,1774161940463,1774161940463,0
2026-03-22T01:45:47.113394,990,200,826,1.4979839324951172,False,0.0,0,1,1774161947113,1774161947113,0
2026-03-22T01:45:53.772079,990,300,1226,2.889394760131836,False,0.0,0,1,1774161953772,1774161953772,0
2026-03-22T01:46:00.425335,990,400,1626,2.164125442504883,False,0.0,0,1,1774161960425,1774161960425,0
2026-03-22T01:46:04.985622,991,0,27,0.9353160858154297,False,0.0,0,1,1774161964985,1774161964985,0
2026-03-22T01:46:11.647879,991,100,427,9.617090225219727,False,0.0,0,1,1774161971647,1774161971647,0
2026-03-22T01:46:18.314107,991,200,827,1.7437934875488281,False,0.0,0,1,1774161978314,1774161978314,0
2026-03-22T01:46:24.971381,991,300,1227,3.3864974975585938,False,0.0,0,1,1774161984971,1774161984971,0
2026-03-22T01:46:31.623418,991,400,1627,2.0995140075683594,False,0.0,0,1,1774161991623,1774161991623,0
2026-03-22T01:46:38.280263,991,500,2027,2.096891403198242,False,0.0,0,1,1774161998280,1774161998280,0
2026-03-22T01:46:43.555062,992,0,27,2.5179386138916016,False,0.0,0,1,1774162003555,1774162003555,0
2026-03-22T01:46:50.210407,992,100,427,1.8756389617919922,False,0.0,0,1,1774162010210,1774162010210,0
2026-03-22T01:46:51.107247,993,0,28,1.573801040649414,False,0.0,0,1,1774162011107,1774162011107,0
2026-03-22T01:46:57.780178,993,100,428,1.781463623046875,False,0.0,0,1,1774162017780,1774162017780,0
2026-03-22T01:47:00.966252,994,0,27,1.8737316131591797,False,0.0,0,1,1774162020966,1774162020966,0
2026-03-22T01:47:05.417456,995,0,27,1.9125938415527344,False,0.0,0,1,1774162025417,1774162025417,0
2026-03-22T01:47:12.074445,995,100,427,2.3267269134521484,False,0.0,0,1,1774162032074,1774162032074,0
2026-03-22T01:47:18.746743,995,200,827,3.4761428833007812,False,0.0,0,1,1774162038746,1774162038746,0
2026-03-22T01:47:25.407957,995,300,1227,9.061813354492188,False,0.0,0,1,1774162045407,1774162045407,0
2026-03-22T01:47:31.909296,996,0,27,0.8749961853027344,False,0.0,0,1,1774162051909,1774162051909,0
2026-03-22T01:47:38.562214,996,100,427,2.0890235900878906,False,0.0,0,1,1774162058562,1774162058562,0
2026-03-22T01:47:45.218729,996,200,827,2.1820068359375,False,0.0,0,1,1774162065218,1774162065218,0
2026-03-22T01:47:51.873135,996,300,1227,1.4560222625732422,False,0.0,0,1,1774162071873,1774162071873,0
2026-03-22T01:47:55.833136,997,0,26,1.7387866973876953,False,0.0,0,1,1774162075833,1774162075833,0
2026-03-22T01:48:00.009304,998,0,27,1.6984939575195312,False,0.0,0,1,1774162080009,1774162080009,0
2026-03-22T01:48:04.798184,999,0,27,14.513731002807617,False,0.0,0,1,1774162084798,1774162084798,0
2026-03-22T01:48:11.458275,999,100,427,2.4352073669433594,False,0.0,0,1,1774162091458,1774162091458,0
2026-03-22T01:48:16.089405,1000,0,27,2.6688575744628906,False,0.0,0,1,1774162096089,1774162096089,0
2026-03-22T01:48:22.756643,1000,100,427,2.7489662170410156,False,0.0,0,1,1774162102756,1774162102756,0
2026-03-22T01:48:25.350819,1001,0,26,1.1801719665527344,False,0.0,0,1,1774162105350,1774162105350,0
2026-03-22T01:48:32.011731,1001,100,426,6.319522857666016,False,0.0,0,1,1774162112011,1774162112011,0
2026-03-22T01:48:37.749972,1002,0,28,2.3403167724609375,False,0.0,0,1,1774162117749,1774162117749,0
2026-03-22T01:48:44.406978,1002,100,428,1.8846988677978516,False,0.0,0,1,1774162124406,1774162124406,0
2026-03-22T01:48:45.900498,1003,0,27,1.8019676208496094,False,0.0,0,1,1774162125900,1774162125900,0
2026-03-22T01:48:52.556250,1003,100,427,1.7819404602050781,False,0.0,0,1,1774162132556,1774162132556,0
2026-03-22T01:48:59.228778,1003,200,827,2.042531967163086,False,0.0,0,1,1774162139228,1774162139228,0
2026-03-22T01:49:05.251082,1004,0,27,0.9448528289794922,False,0.0,0,1,1774162145251,1774162145251,0
2026-03-22T01:49:10.709647,1005,0,28,1.7964839935302734,False,0.0,0,1,1774162150709,1774162150709,0
2026-03-22T01:49:17.365703,1005,100,428,2.759218215942383,False,0.0,0,1,1774162157365,1774162157365,0
2026-03-22T01:49:24.687106,1006,0,27,0.7488727569580078,False,0.0,0,1,1774162164687,1774162164687,0
2026-03-22T01:49:30.301557,1007,0,27,2.8066635131835938,False,0.0,0,1,1774162170301,1774162170301,0
2026-03-22T01:49:36.949441,1007,100,427,2.135753631591797,False,0.0,0,1,1774162176949,1774162176949,0
2026-03-22T01:49:43.628425,1007,200,827,8.800268173217773,False,0.0,0,1,1774162183628,1774162183628,0
2026-03-22T01:49:50.283827,1007,300,1227,8.478641510009766,False,0.0,0,1,1774162190283,1774162190283,0
2026-03-22T01:49:56.933962,1007,400,1627,2.8896331787109375,False,0.0,0,1,1774162196933,1774162196933,0
2026-03-22T01:50:03.956901,1008,0,27,1.2137889862060547,False,0.0,0,1,1774162203956,1774162203956,0
2026-03-22T01:50:10.627283,1008,100,427,2.03704833984375,False,0.0,0,1,1774162210627,1774162210627,0
2026-03-22T01:50:13.905546,1009,0,27,3.136157989501953,False,0.0,0,1,1774162213905,1774162213905,0
2026-03-22T01:50:20.576803,1009,100,427,1.6829967498779297,False,0.0,0,1,1774162220576,1774162220576,0
2026-03-22T01:50:27.231955,1009,200,827,1.7380714416503906,False,0.0,0,1,1774162227231,1774162227231,0
2026-03-22T01:50:33.888469,1009,300,1227,2.8197765350341797,False,0.0,0,1,1774162233888,1774162233888,0
2026-03-22T01:50:40.543543,1009,400,1627,2.329587936401367,False,0.0,0,1,1774162240543,1774162240543,0
2026-03-22T01:50:47.199505,1009,500,2027,1.8224716186523438,False,0.0,0,1,1774162247199,1774162247199,0
2026-03-22T01:50:56.868172,1010,0,27,1.0135173797607422,False,0.0,0,1,1774162256868,1774162256868,0
2026-03-22T01:51:03.523485,1010,100,427,1.6219615936279297,False,0.0,0,1,1774162263523,1774162263523,0
2026-03-22T01:51:06.899131,1011,0,28,1.4297962188720703,False,0.0,0,1,1774162266899,1774162266899,0
2026-03-22T01:51:13.554946,1011,100,428,1.4781951904296875,False,0.0,0,1,1774162273554,1774162273554,0
2026-03-22T01:51:18.148854,1012,0,28,2.1140575408935547,False,0.0,0,1,1774162278148,1774162278148,0
2026-03-22T01:51:24.828817,1012,100,428,10.194778442382812,False,0.0,0,1,1774162284828,1774162284828,0
2026-03-22T01:51:31.492897,1012,200,828,2.5472640991210938,False,0.0,0,1,1774162291492,1774162291492,0
2026-03-22T01:51:40.527780,1013,0,27,1.0890960693359375,False,0.0,0,1,1774162300527,1774162300527,0
2026-03-22T01:51:47.183882,1013,100,427,2.0194053649902344,False,0.0,0,1,1774162307183,1774162307183,0
2026-03-22T01:51:49.629936,1014,0,28,2.705097198486328,False,0.0,0,1,1774162309629,1774162309629,0
2026-03-22T01:51:56.286727,1014,100,428,2.3131370544433594,False,0.0,0,1,1774162316286,1774162316286,0
2026-03-22T01:52:02.941147,1014,200,828,1.9772052764892578,False,0.0,0,1,1774162322941,1774162322941,0
2026-03-22T01:52:09.598230,1014,300,1228,2.401590347290039,False,0.0,0,1,1774162329598,1774162329598,0
2026-03-22T01:52:17.049921,1015,0,26,1.230478286743164,False,0.0,0,1,1774162337049,1774162337049,0
2026-03-22T01:52:23.705474,1015,100,426,1.4781951904296875,False,0.0,0,1,1774162343705,1774162343705,0
2026-03-22T01:52:30.362828,1015,200,826,2.675771713256836,False,0.0,0,1,1774162350362,1774162350362,0
2026-03-22T01:52:33.392966,1016,0,27,1.5926361083984375,False,0.0,0,1,1774162353392,1774162353392,0
2026-03-22T01:52:40.063534,1016,100,427,2.3789405822753906,False,0.0,0,1,1774162360063,1774162360063,0
2026-03-22T01:52:46.718412,1016,200,827,2.2406578063964844,False,0.0,0,1,1774162366718,1774162366718,0
2026-03-22T01:52:49.339240,1017,0,27,11.58452033996582,False,0.0,0,1,1774162369339,1774162369339,0
2026-03-22T01:52:53.689605,1018,0,27,1.8124580383300781,False,0.0,0,1,1774162373689,1774162373689,0
2026-03-22T01:53:00.363018,1018,100,427,1.7158985137939453,False,0.0,0,1,1774162380363,1774162380363,0
2026-03-22T01:53:07.018125,1018,200,827,1.7702579498291016,False,0.0,0,1,1774162387018,1774162387018,0
2026-03-22T01:53:13.675178,1018,300,1227,2.106189727783203,False,0.0,0,1,1774162393675,1774162393675,0
2026-03-22T01:53:17.598658,1019,0,27,0.8404254913330078,False,0.0,0,1,1774162397598,1774162397598,0
2026-03-22T01:53:24.265695,1019,100,427,11.505842208862305,False,0.0,0,1,1774162404265,1774162404265,0
2026-03-22T01:53:30.934773,1019,200,827,8.496761322021484,False,0.0,0,1,1774162410934,1774162410934,0
2026-03-22T01:53:37.583951,1019,300,1227,2.724170684814453,False,0.0,0,1,1774162417583,1774162417583,0
2026-03-22T01:53:45.587606,1020,0,27,0.9410381317138672,False,0.0,0,1,1774162425587,1774162425587,0
2026-03-22T01:53:52.244894,1020,100,427,2.8955936431884766,False,0.0,0,1,1774162432244,1774162432244,0
2026-03-22T01:53:56.374805,1021,0,27,1.0101795196533203,False,0.0,0,1,1774162436374,1774162436374,0
2026-03-22T01:54:03.032382,1021,100,427,8.20612907409668,False,0.0,0,1,1774162443032,1774162443032,0
2026-03-22T01:54:09.683184,1021,200,827,2.1131038665771484,False,0.0,0,1,1774162449683,1774162449683,0
2026-03-22T01:54:16.337203,1021,300,1227,2.073526382446289,False,0.0,0,1,1774162456337,1774162456337,0
2026-03-22T01:54:22.291963,1022,0,27,0.93841552734375,False,0.0,0,1,1774162462291,1774162462291,0
2026-03-22T01:54:28.948478,1022,100,427,2.1147727966308594,False,0.0,0,1,1774162468948,1774162468948,0
2026-03-22T01:54:35.623019,1022,200,827,3.373384475708008,False,0.0,0,1,1774162475623,1774162475623,0
2026-03-22T01:54:42.277342,1022,300,1227,3.166675567626953,False,0.0,0,1,1774162482277,1774162482277,0
2026-03-22T01:54:44.206103,1023,0,27,1.650094985961914,False,0.0,0,1,1774162484206,1774162484206,0
2026-03-22T01:54:50.879385,1023,100,427,2.0263195037841797,False,0.0,0,1,1774162490879,1774162490879,0
2026-03-22T01:54:55.028163,1024,0,28,1.7611980438232422,False,0.0,0,1,1774162495028,1774162495028,0
2026-03-22T01:55:01.687839,1024,100,428,11.47150993347168,False,0.0,0,1,1774162501687,1774162501687,0
2026-03-22T01:55:08.335299,1024,200,828,1.7514228820800781,False,0.0,0,1,1774162508335,1774162508335,0
2026-03-22T01:55:14.990363,1024,300,1228,1.9931793212890625,False,0.0,0,1,1774162514990,1774162514990,0
2026-03-22T01:55:21.260593,1025,0,28,1.0504722595214844,False,0.0,0,1,1774162521260,1774162521260,0
2026-03-22T01:55:27.916431,1025,100,428,1.651763916015625,False,0.0,0,1,1774162527916,1774162527916,0
2026-03-22T01:55:34.578950,1025,200,828,8.487701416015625,False,0.0,0,1,1774162534578,1774162534578,0
2026-03-22T01:55:41.228849,1025,300,1228,2.398967742919922,False,0.0,0,1,1774162541228,1774162541228,0
2026-03-22T01:55:47.902605,1025,400,1628,2.531766891479492,False,0.0,0,1,1774162547902,1774162547902,0
2026-03-22T01:55:53.292803,1026,0,27,0.827789306640625,False,0.0,0,1,1774162553292,1774162553292,0
2026-03-22T01:55:59.949763,1026,100,427,3.5805702209472656,False,0.0,0,1,1774162559949,1774162559949,0
2026-03-22T01:56:06.603470,1026,200,827,2.1359920501708984,False,0.0,0,1,1774162566603,1774162566603,0
2026-03-22T01:56:13.259986,1026,300,1227,2.5284290313720703,False,0.0,0,1,1774162573259,1774162573259,0
2026-03-22T01:56:19.921406,1026,400,1627,9.317159652709961,False,0.0,0,1,1774162579921,1774162579921,0
2026-03-22T01:56:24.208136,1027,0,27,3.281831741333008,False,0.0,0,1,1774162584208,1774162584208,0
2026-03-22T01:56:31.444513,1028,0,27,1.6644001007080078,False,0.0,0,1,1774162591444,1774162591444,0
2026-03-22T01:56:38.100052,1028,100,427,1.4107227325439453,False,0.0,0,1,1774162598100,1774162598100,0
2026-03-22T01:56:44.772977,1028,200,827,2.2830963134765625,False,0.0,0,1,1774162604772,1774162604772,0
2026-03-22T01:56:51.365257,1029,0,27,2.5615692138671875,False,0.0,0,1,1774162611365,1774162611365,0
2026-03-22T01:56:57.522087,1030,0,27,1.93023681640625,False,0.0,0,1,1774162617522,1774162617522,0
2026-03-22T01:57:04.741124,1031,0,27,3.664255142211914,False,0.0,0,1,1774162624741,1774162624741,0
2026-03-22T01:57:11.395415,1031,100,427,1.9719600677490234,False,0.0,0,1,1774162631395,1774162631395,0
2026-03-22T01:57:18.068927,1031,200,827,2.2115707397460938,False,0.0,0,1,1774162638068,1774162638068,0
2026-03-22T01:57:27.219508,1032,0,27,1.8033981323242188,False,0.0,0,1,1774162647219,1774162647219,0
2026-03-22T01:57:33.883004,1032,100,427,9.645223617553711,False,0.0,0,1,1774162653883,1774162653883,0
2026-03-22T01:57:40.548064,1032,200,827,3.3469200134277344,False,0.0,0,1,1774162660548,1774162660548,0
2026-03-22T01:57:47.203231,1032,300,1227,2.6242733001708984,False,0.0,0,1,1774162667203,1774162667203,0
2026-03-22T01:57:53.850164,1033,0,27,5.41377067565918,False,0.0,0,1,1774162673850,1774162673850,0
2026-03-22T01:58:00.497110,1033,100,427,1.707315444946289,False,0.0,0,1,1774162680497,1774162680497,0
2026-03-22T01:58:07.161723,1033,200,827,9.969472885131836,False,0.0,0,1,1774162687161,1774162687161,0
2026-03-22T01:58:13.808287,1033,300,1227,1.775979995727539,False,0.0,0,1,1774162693808,1774162693808,0
2026-03-22T01:58:18.750339,1034,0,26,0.7917881011962891,False,0.0,0,1,1774162698750,1774162698750,0
2026-03-22T01:58:25.423168,1034,100,426,2.5196075439453125,False,0.0,0,1,1774162705423,1774162705423,0
2026-03-22T01:58:31.249555,1035,0,27,12.316465377807617,False,0.0,0,1,1774162711249,1774162711249,0
2026-03-22T01:58:35.256134,1036,0,27,2.3114681243896484,False,0.0,0,1,1774162715256,1774162715256,0
2026-03-22T01:58:41.133961,1037,0,27,2.118349075317383,False,0.0,0,1,1774162721133,1774162721133,0
2026-03-22T01:58:47.794935,1037,100,427,7.427453994750977,False,0.0,0,1,1774162727794,1774162727794,0
2026-03-22T01:58:54.443751,1037,200,827,1.9690990447998047,False,0.0,0,1,1774162734443,1774162734443,0
2026-03-22T01:59:01.107013,1037,300,1227,11.002302169799805,False,0.0,0,1,1774162741107,1774162741107,0
2026-03-22T01:59:10.049037,1038,0,27,1.0113716125488281,False,0.0,0,1,1774162750049,1774162750049,0
2026-03-22T01:59:16.704910,1038,100,427,2.3550987243652344,False,0.0,0,1,1774162756704,1774162756704,0
2026-03-22T01:59:23.378466,1038,200,827,1.8014907836914062,False,0.0,0,1,1774162763378,1774162763378,0
2026-03-22T01:59:32.311374,1039,0,27,0.8928775787353516,False,0.0,0,1,1774162772311,1774162772311,0
2026-03-22T01:59:38.972548,1039,100,427,7.341861724853516,False,0.0,0,1,1774162778972,1774162778972,0
2026-03-22T01:59:45.625027,1039,200,827,2.4557113647460938,False,0.0,0,1,1774162785625,1774162785625,0
2026-03-22T01:59:52.279951,1039,300,1227,2.704143524169922,False,0.0,0,1,1774162792279,1774162792279,0
2026-03-22T01:59:58.940606,1039,400,1627,8.565425872802734,False,0.0,0,1,1774162798940,1774162798940,0
2026-03-22T02:00:05.598240,1039,500,2027,9.937524795532227,False,0.0,0,1,1774162805598,1774162805598,0
2026-03-22T02:00:12.245661,1039,600,2427,1.96075439453125,False,0.0,0,1,1774162812245,1774162812245,0
2026-03-22T02:00:22.111384,1040,0,27,0.7867813110351562,False,0.0,0,1,1774162822111,1774162822111,0
2026-03-22T02:00:28.767949,1040,100,427,1.9888877868652344,False,0.0,0,1,1774162828767,1774162828767,0
2026-03-22T02:00:35.424355,1040,200,827,1.7452239990234375,False,0.0,0,1,1774162835424,1774162835424,0
2026-03-22T02:00:42.080715,1040,300,1227,2.1202564239501953,False,0.0,0,1,1774162842080,1774162842080,0
2026-03-22T02:00:46.176896,1041,0,27,0.8232593536376953,False,0.0,0,1,1774162846176,1774162846176,0
2026-03-22T02:00:52.829556,1041,100,427,1.8398761749267578,False,0.0,0,1,1774162852829,1774162852829,0
2026-03-22T02:00:59.490316,1041,200,827,8.228540420532227,False,0.0,0,1,1774162859490,1774162859490,0
2026-03-22T02:01:08.901909,1042,0,27,0.8904933929443359,False,0.0,0,1,1774162868901,1774162868901,0
2026-03-22T02:01:15.566659,1042,100,427,9.246587753295898,False,0.0,0,1,1774162875566,1774162875566,0
2026-03-22T02:01:22.230928,1042,200,827,1.7764568328857422,False,0.0,0,1,1774162882230,1774162882230,0
2026-03-22T02:01:28.892128,1042,300,1227,7.444858551025391,False,0.0,0,1,1774162888892,1774162888892,0
2026-03-22T02:01:32.364888,1043,0,27,1.2977123260498047,False,0.0,0,1,1774162892364,1774162892364,0
2026-03-22T02:01:39.152949,1044,0,26,2.6237964630126953,False,0.0,0,1,1774162899152,1774162899152,0
2026-03-22T02:01:45.809799,1044,100,426,4.142999649047852,False,0.0,0,1,1774162905809,1774162905809,0
2026-03-22T02:01:52.443129,1044,200,824,14.785051345825195,False,0.0,0,1,1774162912443,1774162912443,0
2026-03-22T02:01:54.760878,1045,0,27,2.6209354400634766,False,0.0,0,1,1774162914760,1774162914760,0
2026-03-22T02:02:01.415641,1045,100,427,1.9757747650146484,False,0.0,0,1,1774162921415,1774162921415,0
2026-03-22T02:02:08.072640,1045,200,827,2.9578208923339844,False,0.0,0,1,1774162928072,1774162928072,0
2026-03-22T02:02:14.734360,1045,300,1227,8.776426315307617,False,0.0,0,1,1774162934734,1774162934734,0
2026-03-22T02:02:21.382644,1045,400,1627,1.615762710571289,False,0.0,0,1,1774162941382,1774162941382,0
2026-03-22T02:02:30.868496,1046,0,27,2.7761459350585938,False,0.0,0,1,1774162950868,1774162950868,0
2026-03-22T02:02:37.542732,1047,0,27,3.012418746948242,False,0.0,0,1,1774162957542,1774162957542,0
2026-03-22T02:02:44.195492,1047,100,427,1.867532730102539,False,0.0,0,1,1774162964195,1774162964195,0
2026-03-22T02:02:50.101598,1048,0,28,1.890420913696289,False,0.0,0,1,1774162970101,1774162970101,0
2026-03-22T02:02:56.766360,1048,100,428,10.603189468383789,False,0.0,0,1,1774162976766,1774162976766,0
2026-03-22T02:03:03.414277,1048,200,828,1.9116401672363281,False,0.0,0,1,1774162983414,1774162983414,0
2026-03-22T02:03:08.029954,1049,0,28,1.8215179443359375,False,0.0,0,1,1774162988029,1774162988029,0
2026-03-22T02:03:14.679822,1049,100,428,2.1882057189941406,False,0.0,0,1,1774162994679,1774162994679,0
2026-03-22T02:03:21.335584,1049,200,828,2.4907588958740234,False,0.0,0,1,1774163001335,1774163001335,0
2026-03-22T02:03:22.866703,1050,0,27,2.3190975189208984,False,0.0,0,1,1774163002866,1774163002866,0
2026-03-22T02:03:29.522750,1050,100,427,2.327442169189453,False,0.0,0,1,1774163009522,1774163009522,0
2026-03-22T02:03:36.192170,1050,200,827,1.6014575958251953,False,0.0,0,1,1774163016192,1774163016192,0
2026-03-22T02:03:41.859379,1051,0,28,3.3502578735351562,False,0.0,0,1,1774163021859,1774163021859,0
2026-03-22T02:03:48.528725,1051,100,428,1.0750293731689453,False,0.0,0,1,1774163028528,1774163028528,0
2026-03-22T02:03:51.693845,1052,0,27,0.9222030639648438,False,0.0,0,1,1774163031693,1774163031693,0
2026-03-22T02:03:58.353507,1052,100,427,7.475852966308594,False,0.0,0,1,1774163038353,1774163038353,0
2026-03-22T02:04:05.185570,1053,0,26,1.4901161193847656,False,0.0,0,1,1774163045185,1774163045185,0
2026-03-22T02:04:11.859340,1053,100,426,2.7418136596679688,False,0.0,0,1,1774163051859,1774163051859,0
2026-03-22T02:04:18.533306,1053,200,826,3.0820369720458984,False,0.0,0,1,1774163058533,1774163058533,0
2026-03-22T02:04:20.343170,1054,0,27,12.44354248046875,False,0.0,0,1,1774163060343,1774163060343,0
2026-03-22T02:04:26.982831,1054,100,427,1.878976821899414,False,0.0,0,1,1774163066982,1774163066982,0
2026-03-22T02:04:33.639146,1054,200,827,1.9769668579101562,False,0.0,0,1,1774163073639,1774163073639,0
2026-03-22T02:04:40.294940,1054,300,1227,2.509593963623047,False,0.0,0,1,1774163080294,1774163080294,0
2026-03-22T02:04:46.974319,1054,400,1627,8.821964263916016,False,0.0,0,1,1774163086974,1774163086974,0
2026-03-22T02:04:53.638728,1054,500,2027,1.7156600952148438,False,0.0,0,1,1774163093638,1774163093638,0
2026-03-22T02:05:00.294732,1054,600,2427,1.9164085388183594,False,0.0,0,1,1774163100294,1774163100294,0
2026-03-22T02:05:06.950642,1054,700,2827,1.5778541564941406,False,0.0,0,1,1774163106950,1774163106950,0
2026-03-22T02:05:13.606352,1054,800,3227,2.635478973388672,False,0.0,0,1,1774163113606,1774163113606,0
2026-03-22T02:05:26.919615,1055,0,26,0.99945068359375,False,0.0,0,1,1774163126919,1774163126919,0
2026-03-22T02:05:31.160895,1056,0,28,2.969980239868164,False,0.0,0,1,1774163131160,1774163131160,0
2026-03-22T02:05:37.832484,1056,100,428,2.155303955078125,False,0.0,0,1,1774163137832,1774163137832,0
2026-03-22T02:05:44.498650,1056,200,828,10.759592056274414,False,0.0,0,1,1774163144498,1774163144498,0
2026-03-22T02:05:51.143746,1056,300,1228,2.0225048065185547,False,0.0,0,1,1774163151143,1774163151143,0
2026-03-22T02:05:54.027142,1057,0,27,5.684137344360352,False,0.0,0,1,1774163154027,1774163154027,0
2026-03-22T02:06:00.681983,1057,100,427,4.212379455566406,False,0.0,0,1,1774163160681,1774163160681,0
2026-03-22T02:06:05.421632,1058,0,27,2.452373504638672,False,0.0,0,1,1774163165421,1774163165421,0
2026-03-22T02:06:12.086145,1058,100,427,10.229110717773438,False,0.0,0,1,1774163172086,1774163172086,0
2026-03-22T02:06:18.734578,1058,200,827,2.6657581329345703,False,0.0,0,1,1774163178734,1774163178734,0
2026-03-22T02:06:25.387625,1058,300,1227,1.863241195678711,False,0.0,0,1,1774163185387,1774163185387,0
2026-03-22T02:06:29.518295,1059,0,27,3.515481948852539,False,0.0,0,1,1774163189518,1774163189518,0
2026-03-22T02:06:36.185810,1059,100,427,1.4369487762451172,False,0.0,0,1,1774163196185,1774163196185,0
2026-03-22T02:06:42.851570,1059,200,827,11.200666427612305,False,0.0,0,1,1774163202851,1774163202851,0
2026-03-22T02:06:49.497270,1059,300,1227,1.5287399291992188,False,0.0,0,1,1774163209497,1774163209497,0
2026-03-22T02:06:56.160249,1059,400,1627,8.427619934082031,False,0.0,0,1,1774163216160,1774163216160,0
2026-03-22T02:07:02.811013,1059,500,2027,3.8137435913085938,False,0.0,0,1,1774163222811,1774163222811,0
2026-03-22T02:07:09.464450,1059,600,2427,1.867055892944336,False,0.0,0,1,1774163229464,1774163229464,0
2026-03-22T02:07:16.128202,1059,700,2827,9.308576583862305,False,0.0,0,1,1774163236128,1774163236128,0
2026-03-22T02:07:25.856020,1060,0,26,0.7865428924560547,False,0.0,0,1,1774163245856,1774163245856,0
2026-03-22T02:07:33.308953,1061,0,28,0.7801055908203125,False,0.0,0,1,1774163253308,1774163253308,0
2026-03-22T02:07:40.479651,1062,0,27,1.2083053588867188,False,0.0,0,1,1774163260479,1774163260479,0
2026-03-22T02:07:47.141433,1062,100,427,7.586956024169922,False,0.0,0,1,1774163267141,1774163267141,0
2026-03-22T02:07:53.561060,1063,0,28,3.0679702758789062,False,0.0,0,1,1774163273561,1774163273561,0
2026-03-22T02:08:00.231379,1063,100,428,1.842498779296875,False,0.0,0,1,1774163280231,1774163280231,0
2026-03-22T02:08:06.896224,1063,200,828,10.718345642089844,False,0.0,0,1,1774163286896,1774163286896,0
2026-03-22T02:08:13.543237,1063,300,1228,2.227783203125,False,0.0,0,1,1774163293543,1774163293543,0
2026-03-22T02:08:20.222418,1063,400,1628,8.748054504394531,False,0.0,0,1,1774163300222,1774163300222,0
2026-03-22T02:08:30.502428,1064,0,27,5.371332168579102,False,0.0,0,1,1774163310502,1774163310502,0
2026-03-22T02:08:37.153750,1064,100,427,1.8084049224853516,False,0.0,0,1,1774163317153,1774163317153,0
2026-03-22T02:08:43.826920,1064,200,827,2.633333206176758,False,0.0,0,1,1774163323826,1774163323826,0
2026-03-22T02:08:50.481620,1064,300,1227,1.8107891082763672,False,0.0,0,1,1774163330481,1774163330481,0
2026-03-22T02:08:57.137210,1064,400,1627,1.8270015716552734,False,0.0,0,1,1774163337137,1774163337137,0
2026-03-22T02:09:03.810008,1064,500,2027,1.9655227661132812,False,0.0,0,1,1774163343810,1774163343810,0
2026-03-22T02:09:10.465585,1064,600,2427,2.0029544830322266,False,0.0,0,1,1774163350465,1774163350465,0
2026-03-22T02:09:20.087728,1065,0,27,1.1429786682128906,False,0.0,0,1,1774163360087,1774163360087,0
2026-03-22T02:09:26.757360,1065,100,427,1.9099712371826172,False,0.0,0,1,1774163366757,1774163366757,0
2026-03-22T02:09:33.411732,1065,200,827,2.011537551879883,False,0.0,0,1,1774163373411,1774163373411,0
2026-03-22T02:09:40.067936,1065,300,1227,2.7494430541992188,False,0.0,0,1,1774163380067,1774163380067,0
2026-03-22T02:09:46.722571,1065,400,1627,2.0847320556640625,False,0.0,0,1,1774163386722,1774163386722,0
2026-03-22T02:09:53.379244,1065,500,2027,2.7282238006591797,False,0.0,0,1,1774163393379,1774163393379,0
2026-03-22T02:10:00.033901,1065,600,2427,1.7783641815185547,False,0.0,0,1,1774163400033,1774163400033,0
2026-03-22T02:10:06.695426,1065,700,2827,6.458044052124023,False,0.0,0,1,1774163406695,1774163406695,0
2026-03-22T02:10:13.356734,1065,800,3227,11.37685775756836,False,0.0,0,1,1774163413356,1774163413356,0
2026-03-22T02:10:25.525596,1066,0,27,2.5415420532226562,False,0.0,0,1,1774163425525,1774163425525,0
2026-03-22T02:10:32.183741,1066,100,427,2.7425289154052734,False,0.0,0,1,1774163432183,1774163432183,0
2026-03-22T02:10:38.838094,1066,200,827,2.015829086303711,False,0.0,0,1,1774163438838,1774163438838,0
2026-03-22T02:10:45.492557,1066,300,1227,1.5976428985595703,False,0.0,0,1,1774163445492,1774163445492,0
2026-03-22T02:10:53.118759,1067,0,27,0.8709430694580078,False,0.0,0,1,1774163453118,1774163453118,0
2026-03-22T02:10:59.768687,1067,100,427,2.106189727783203,False,0.0,0,1,1774163459768,1774163459768,0
2026-03-22T02:11:06.442280,1067,200,827,2.499103546142578,False,0.0,0,1,1774163466442,1774163466442,0
2026-03-22T02:11:13.095811,1067,300,1227,1.4188289642333984,False,0.0,0,1,1774163473095,1774163473095,0
2026-03-22T02:11:15.147741,1068,0,28,6.577491760253906,False,0.0,0,1,1774163475147,1774163475147,0
2026-03-22T02:11:21.816555,1068,100,428,3.082275390625,False,0.0,0,1,1774163481816,1774163481816,0
2026-03-22T02:11:28.478628,1068,200,828,8.652448654174805,False,0.0,0,1,1774163488478,1774163488478,0
2026-03-22T02:11:35.130420,1068,300,1228,5.52678108215332,False,0.0,0,1,1774163495130,1774163495130,0
2026-03-22T02:11:41.801077,1068,400,1628,2.974271774291992,False,0.0,0,1,1774163501801,1774163501801,0
2026-03-22T02:11:45.515671,1069,0,26,5.262613296508789,False,0.0,0,1,1774163505515,1774163505515,0
2026-03-22T02:11:52.166417,1069,100,426,2.0132064819335938,False,0.0,0,1,1774163512166,1774163512166,0
2026-03-22T02:11:58.821785,1069,200,826,2.330303192138672,False,0.0,0,1,1774163518821,1774163518821,0
2026-03-22T02:12:06.665914,1070,0,27,2.898693084716797,False,0.0,0,1,1774163526665,1774163526665,0
2026-03-22T02:12:13.314015,1070,100,427,1.7080307006835938,False,0.0,0,1,1774163533314,1774163533314,0
2026-03-22T02:12:19.991339,1070,200,827,2.583742141723633,False,0.0,0,1,1774163539991,1774163539991,0
2026-03-22T02:12:26.649437,1070,300,1227,8.387327194213867,False,0.0,0,1,1774163546649,1774163546649,0
2026-03-22T02:12:33.306741,1070,400,1627,8.590221405029297,False,0.0,0,1,1774163553306,1774163553306,0
2026-03-22T02:12:43.550523,1071,0,27,0.8957386016845703,False,0.0,0,1,1774163563550,1774163563550,0
2026-03-22T02:12:50.204114,1071,100,427,1.987457275390625,False,0.0,0,1,1774163570204,1774163570204,0
2026-03-22T02:12:56.876266,1071,200,827,1.9409656524658203,False,0.0,0,1,1774163576876,1774163576876,0
2026-03-22T02:13:03.533198,1071,300,1227,1.5811920166015625,False,0.0,0,1,1774163583533,1774163583533,0
2026-03-22T02:13:10.157602,1072,0,26,1.4100074768066406,False,0.0,0,1,1774163590157,1774163590157,0
2026-03-22T02:13:16.827679,1072,100,426,1.6236305236816406,False,0.0,0,1,1774163596827,1774163596827,0
2026-03-22T02:13:23.488155,1072,200,826,6.065845489501953,False,0.0,0,1,1774163603488,1774163603488,0
2026-03-22T02:13:28.990295,1073,0,28,1.9669532775878906,False,0.0,0,1,1774163608990,1774163608990,0
2026-03-22T02:13:35.644817,1073,100,428,2.0694732666015625,False,0.0,0,1,1774163615644,1774163615644,0
2026-03-22T02:13:42.300732,1073,200,828,1.7311573028564453,False,0.0,0,1,1774163622300,1774163622300,0
2026-03-22T02:13:48.957038,1073,300,1228,2.256631851196289,False,0.0,0,1,1774163628957,1774163628957,0
2026-03-22T02:13:57.111882,1074,0,27,1.0213851928710938,False,0.0,0,1,1774163637111,1774163637111,0
2026-03-22T02:14:03.768118,1074,100,427,3.048419952392578,False,0.0,0,1,1774163643768,1774163643768,0
2026-03-22T02:14:10.421823,1074,200,827,1.918792724609375,False,0.0,0,1,1774163650421,1774163650421,0
2026-03-22T02:14:18.593724,1075,0,27,0.8985996246337891,False,0.0,0,1,1774163658593,1774163658593,0
2026-03-22T02:14:25.247674,1075,100,427,2.521991729736328,False,0.0,0,1,1774163665247,1774163665247,0
2026-03-22T02:14:31.919206,1075,200,827,1.7075538635253906,False,0.0,0,1,1774163671919,1774163671919,0
2026-03-22T02:14:36.759698,1076,0,27,0.9367465972900391,False,0.0,0,1,1774163676759,1774163676759,0
2026-03-22T02:14:43.423011,1076,100,427,8.221864700317383,False,0.0,0,1,1774163683423,1774163683423,0
2026-03-22T02:14:45.691408,1077,0,27,11.3372802734375,False,0.0,0,1,1774163685691,1774163685691,0
2026-03-22T02:14:50.753894,1078,0,28,1.09100341796875,False,0.0,0,1,1774163690753,1774163690753,0
2026-03-22T02:14:57.410596,1078,100,428,1.5594959259033203,False,0.0,0,1,1774163697410,1774163697410,0
2026-03-22T02:15:04.075144,1078,200,828,10.722637176513672,False,0.0,0,1,1774163704075,1774163704075,0
2026-03-22T02:15:11.885088,1079,0,27,0.7128715515136719,False,0.0,0,1,1774163711885,1774163711885,0
2026-03-22T02:15:18.242387,1080,0,27,1.6417503356933594,False,0.0,0,1,1774163718242,1774163718242,0
2026-03-22T02:15:24.898810,1080,100,427,1.9259452819824219,False,0.0,0,1,1774163724898,1774163724898,0
2026-03-22T02:15:31.554409,1080,200,827,1.7430782318115234,False,0.0,0,1,1774163731554,1774163731554,0
2026-03-22T02:15:38.217522,1080,300,1227,9.020566940307617,False,0.0,0,1,1774163738217,1774163738217,0
2026-03-22T02:15:44.154471,1081,0,26,0.80108642578125,False,0.0,0,1,1774163744154,1774163744154,0
2026-03-22T02:15:50.827157,1081,100,426,3.8139820098876953,False,0.0,0,1,1774163750827,1774163750827,0
2026-03-22T02:15:54.741534,1082,0,27,10.408163070678711,False,0.0,0,1,1774163754741,1774163754741,0
2026-03-22T02:16:01.388375,1082,100,427,2.1321773529052734,False,0.0,0,1,1774163761388,1774163761388,0
2026-03-22T02:16:08.044223,1082,200,827,1.9822120666503906,False,0.0,0,1,1774163768044,1774163768044,0
2026-03-22T02:16:14.701773,1082,300,1227,3.749370574951172,False,0.0,0,1,1774163774701,1774163774701,0
2026-03-22T02:16:21.575677,1083,0,27,1.1610984802246094,False,0.0,0,1,1774163781575,1774163781575,0
2026-03-22T02:16:28.230156,1083,100,427,3.3330917358398438,False,0.0,0,1,1774163788230,1774163788230,0
2026-03-22T02:16:34.885795,1083,200,827,3.272533416748047,False,0.0,0,1,1774163794885,1774163794885,0
2026-03-22T02:16:40.107762,1084,0,26,0.8087158203125,False,0.0,0,1,1774163800107,1774163800107,0
2026-03-22T02:16:46.763875,1084,100,426,2.6543140411376953,False,0.0,0,1,1774163806763,1774163806763,0
2026-03-22T02:16:53.418787,1084,200,826,1.7554759979248047,False,0.0,0,1,1774163813418,1774163813418,0
2026-03-22T02:17:00.077204,1084,300,1226,2.2749900817871094,False,0.0,0,1,1774163820077,1774163820077,0
2026-03-22T02:17:03.378122,1085,0,27,10.446310043334961,False,0.0,0,1,1774163823378,1774163823378,0
2026-03-22T02:17:10.041443,1085,100,427,1.9125938415527344,False,0.0,0,1,1774163830041,1774163830041,0
2026-03-22T02:17:16.697046,1085,200,827,1.6984939575195312,False,0.0,0,1,1774163836697,1774163836697,0
2026-03-22T02:17:23.353623,1085,300,1227,2.2268295288085938,False,0.0,0,1,1774163843353,1774163843353,0
2026-03-22T02:17:24.095880,1086,0,27,11.896848678588867,False,0.0,0,1,1774163844095,1774163844095,0
2026-03-22T02:17:30.743281,1086,100,427,3.1740665435791016,False,0.0,0,1,1774163850743,1774163850743,0
2026-03-22T02:17:37.406252,1086,200,827,11.037349700927734,False,0.0,0,1,1774163857406,1774163857406,0
2026-03-22T02:17:44.053648,1086,300,1227,2.114534378051758,False,0.0,0,1,1774163864053,1774163864053,0
2026-03-22T02:17:50.710602,1086,400,1627,2.560853958129883,False,0.0,0,1,1774163870710,1774163870710,0
2026-03-22T02:17:51.974532,1087,0,27,2.231121063232422,False,0.0,0,1,1774163871974,1774163871974,0
2026-03-22T02:17:57.814000,1088,0,27,9.47880744934082,False,0.0,0,1,1774163877813,1774163877813,0
2026-03-22T02:18:04.476014,1088,100,427,9.15384292602539,False,0.0,0,1,1774163884476,1774163884476,0
2026-03-22T02:18:11.982928,1089,0,27,1.192331314086914,False,0.0,0,1,1774163891982,1774163891982,0
2026-03-22T02:18:18.849168,1090,0,27,3.4265518188476562,False,0.0,0,1,1774163898849,1774163898849,0
2026-03-22T02:18:25.500758,1090,100,427,1.85394287109375,False,0.0,0,1,1774163905500,1774163905500,0
2026-03-22T02:18:27.251077,1091,0,27,1.7802715301513672,False,0.0,0,1,1774163907251,1774163907251,0
2026-03-22T02:18:33.902943,1091,100,427,1.6922950744628906,False,0.0,0,1,1774163913902,1774163913902,0
2026-03-22T02:18:40.560672,1091,200,827,2.812623977661133,False,0.0,0,1,1774163920560,1774163920560,0
2026-03-22T02:18:46.749063,1092,0,28,0.8373260498046875,False,0.0,0,1,1774163926749,1774163926749,0
2026-03-22T02:18:53.404813,1092,100,428,1.8768310546875,False,0.0,0,1,1774163933404,1774163933404,0
2026-03-22T02:19:00.061121,1092,200,828,1.7349720001220703,False,0.0,0,1,1774163940061,1774163940061,0
2026-03-22T02:19:09.401134,1093,0,26,0.93841552734375,False,0.0,0,1,1774163949401,1774163949401,0
2026-03-22T02:19:16.050649,1093,100,426,1.827239990234375,False,0.0,0,1,1774163956050,1774163956050,0
2026-03-22T02:19:22.722802,1093,200,826,1.714944839477539,False,0.0,0,1,1774163962722,1774163962722,0
2026-03-22T02:19:29.382905,1093,300,1226,6.11567497253418,False,0.0,0,1,1774163969382,1774163969382,0
2026-03-22T02:19:33.273423,1094,0,27,2.580404281616211,False,0.0,0,1,1774163973273,1774163973273,0
2026-03-22T02:19:38.581039,1095,0,27,2.1665096282958984,False,0.0,0,1,1774163978581,1774163978581,0
2026-03-22T02:19:45.236282,1095,100,427,1.97601318359375,False,0.0,0,1,1774163985236,1774163985236,0
2026-03-22T02:19:51.897957,1095,200,827,8.372783660888672,False,0.0,0,1,1774163991897,1774163991897,0
2026-03-22T02:19:58.548761,1095,300,1227,3.232240676879883,False,0.0,0,1,1774163998548,1774163998548,0
2026-03-22T02:20:05.202476,1095,400,1627,1.6548633575439453,False,0.0,0,1,1774164005202,1774164005202,0
2026-03-22T02:20:11.861555,1095,500,2027,3.4177303314208984,False,0.0,0,1,1774164011861,1774164011861,0
2026-03-22T02:20:16.351800,1096,0,28,1.52587890625,False,0.0,0,1,1774164016351,1774164016351,0
2026-03-22T02:20:23.025084,1096,100,428,1.9435882568359375,False,0.0,0,1,1774164023025,1774164023025,0
2026-03-22T02:20:29.680215,1096,200,828,1.8832683563232422,False,0.0,0,1,1774164029680,1774164029680,0
2026-03-22T02:20:38.304492,1097,0,27,1.0046958923339844,False,0.0,0,1,1774164038304,1774164038304,0
2026-03-22T02:20:44.955249,1097,100,427,2.017498016357422,False,0.0,0,1,1774164044955,1774164044955,0
2026-03-22T02:20:51.610548,1097,200,827,1.7855167388916016,False,0.0,0,1,1774164051610,1774164051610,0
2026-03-22T02:20:59.963872,1098,0,27,2.571582794189453,False,0.0,0,1,1774164059963,1774164059963,0
2026-03-22T02:21:06.619749,1098,100,427,3.270387649536133,False,0.0,0,1,1774164066619,1774164066619,0
2026-03-22T02:21:13.274218,1098,200,827,2.205371856689453,False,0.0,0,1,1774164073274,1774164073274,0
2026-03-22T02:21:19.931337,1098,300,1227,2.1317005157470703,False,0.0,0,1,1774164079931,1774164079931,0
2026-03-22T02:21:26.585486,1098,400,1627,1.8906593322753906,False,0.0,0,1,1774164086585,1774164086585,0
2026-03-22T02:21:36.202820,1099,0,27,1.0180473327636719,False,0.0,0,1,1774164096202,1774164096202,0
2026-03-22T02:21:42.860135,1099,100,427,2.9287338256835938,False,0.0,0,1,1774164102860,1774164102860,0
2026-03-22T02:21:49.516105,1099,200,827,1.7843246459960938,False,0.0,0,1,1774164109516,1774164109516,0
2026-03-22T02:21:56.171339,1099,300,1227,2.2029876708984375,False,0.0,0,1,1774164116171,1774164116171,0
2026-03-22T02:22:03.525603,1100,0,27,2.7141571044921875,False,0.0,0,1,1774164123525,1774164123525,0
2026-03-22T02:22:10.181913,1100,100,427,3.156900405883789,False,0.0,0,1,1774164130181,1774164130181,0
2026-03-22T02:22:16.836301,1100,200,827,2.4831295013427734,False,0.0,0,1,1774164136836,1774164136836,0
2026-03-22T02:22:23.492463,1100,300,1227,2.470254898071289,False,0.0,0,1,1774164143492,1774164143492,0
2026-03-22T02:22:30.148237,1100,400,1627,2.4602413177490234,False,0.0,0,1,1774164150148,1774164150148,0
2026-03-22T02:22:36.820328,1100,500,2027,2.602100372314453,False,0.0,0,1,1774164156820,1774164156820,0
2026-03-22T02:22:46.271303,1101,0,26,0.6763935089111328,False,0.0,0,1,1774164166271,1774164166271,0
2026-03-22T02:22:52.927766,1101,100,426,1.8312931060791016,False,0.0,0,1,1774164172927,1774164172927,0
2026-03-22T02:22:54.644276,1102,0,27,12.848377227783203,False,0.0,0,1,1774164174644,1774164174644,0
2026-03-22T02:23:01.297685,1102,100,427,2.953767776489258,False,0.0,0,1,1774164181297,1774164181297,0
2026-03-22T02:23:07.952566,1102,200,827,2.08282470703125,False,0.0,0,1,1774164187952,1774164187952,0
2026-03-22T02:23:15.823431,1103,0,27,1.4116764068603516,False,0.0,0,1,1774164195823,1774164195823,0
2026-03-22T02:23:22.477854,1103,100,427,2.285480499267578,False,0.0,0,1,1774164202477,1774164202477,0
2026-03-22T02:23:29.157672,1103,200,827,9.315729141235352,False,0.0,0,1,1774164209157,1774164209157,0
2026-03-22T02:23:38.568798,1104,0,27,1.2617111206054688,False,0.0,0,1,1774164218568,1774164218568,0
2026-03-22T02:23:43.233297,1105,0,27,3.2989978790283203,False,0.0,0,1,1774164223233,1774164223233,0
2026-03-22T02:23:49.889797,1105,100,427,8.090019226074219,False,0.0,0,1,1774164229889,1774164229889,0
2026-03-22T02:23:52.578855,1106,0,27,2.32696533203125,False,0.0,0,1,1774164232578,1774164232578,0
2026-03-22T02:23:59.235003,1106,100,427,2.1712779998779297,False,0.0,0,1,1774164239234,1774164239235,1
2026-03-22T02:24:05.891147,1106,200,827,2.313375473022461,False,0.0,0,1,1774164245891,1774164245891,0
2026-03-22T02:24:10.416101,1107,0,27,1.3527870178222656,False,0.0,0,1,1774164250416,1774164250416,0
2026-03-22T02:24:17.087885,1107,100,427,1.4867782592773438,False,0.0,0,1,1774164257087,1774164257087,0
2026-03-22T02:24:23.744490,1107,200,827,1.7800331115722656,False,0.0,0,1,1774164263744,1774164263744,0
2026-03-22T02:24:30.401488,1107,300,1227,2.9077529907226562,False,0.0,0,1,1774164270401,1774164270401,0
2026-03-22T02:24:38.675793,1108,0,27,0.7123947143554688,False,0.0,0,1,1774164278675,1774164278675,0
2026-03-22T02:24:45.325647,1108,100,427,1.8625259399414062,False,0.0,0,1,1774164285325,1774164285325,0
2026-03-22T02:24:51.982024,1108,200,827,1.9729137420654297,False,0.0,0,1,1774164291982,1774164291982,0
2026-03-22T02:24:58.638030,1108,300,1227,1.7046928405761719,False,0.0,0,1,1774164298638,1774164298638,0
2026-03-22T02:25:04.658722,1109,0,27,0.8358955383300781,False,0.0,0,1,1774164304658,1774164304658,0
2026-03-22T02:25:11.317996,1109,100,427,3.4034252166748047,False,0.0,0,1,1774164311317,1774164311317,0
2026-03-22T02:25:17.975568,1109,200,827,3.5011768341064453,False,0.0,0,1,1774164317975,1774164317975,0
2026-03-22T02:25:24.627926,1109,300,1227,1.9271373748779297,False,0.0,0,1,1774164324627,1774164324627,0
2026-03-22T02:25:26.508681,1110,0,27,1.821279525756836,False,0.0,0,1,1774164326508,1774164326508,0
2026-03-22T02:25:33.181456,1110,100,427,1.9943714141845703,False,0.0,0,1,1774164333181,1774164333181,0
2026-03-22T02:25:39.836195,1110,200,827,1.764059066772461,False,0.0,0,1,1774164339836,1774164339836,0
2026-03-22T02:25:48.390715,1111,0,27,2.4487972259521484,False,0.0,0,1,1774164348390,1774164348390,0
2026-03-22T02:25:55.056237,1111,100,427,14.147758483886719,False,0.0,0,1,1774164355056,1774164355056,0
2026-03-22T02:26:01.700858,1111,200,827,2.2962093353271484,False,0.0,0,1,1774164361700,1774164361700,0
2026-03-22T02:26:08.355875,1111,300,1227,2.855539321899414,False,0.0,0,1,1774164368355,1774164368355,0
2026-03-22T02:26:18.454705,1112,0,27,1.0950565338134766,False,0.0,0,1,1774164378454,1774164378454,0
2026-03-22T02:26:25.113322,1112,100,427,2.737283706665039,False,0.0,0,1,1774164385113,1774164385113,0
2026-03-22T02:26:31.776389,1112,200,827,10.071754455566406,False,0.0,0,1,1774164391776,1774164391776,0
2026-03-22T02:26:39.951991,1113,0,27,0.9169578552246094,False,0.0,0,1,1774164399951,1774164399951,0
2026-03-22T02:26:46.613682,1113,100,427,7.6313018798828125,False,0.0,0,1,1774164406613,1774164406613,0
2026-03-22T02:26:53.264373,1113,200,827,1.7409324645996094,False,0.0,0,1,1774164413264,1774164413264,0
2026-03-22T02:26:59.919378,1113,300,1227,1.890420913696289,False,0.0,0,1,1774164419919,1774164419919,0
2026-03-22T02:27:06.575236,1113,400,1627,1.7015933990478516,False,0.0,0,1,1774164426575,1774164426575,0
2026-03-22T02:27:13.247998,1113,500,2027,2.1517276763916016,False,0.0,0,1,1774164433247,1774164433247,0
2026-03-22T02:27:19.911278,1113,600,2427,8.84556770324707,False,0.0,0,1,1774164439911,1774164439911,0
2026-03-22T02:27:28.738710,1114,0,27,0.8339881896972656,False,0.0,0,1,1774164448738,1774164448738,0
2026-03-22T02:27:35.394977,1114,100,427,2.8307437896728516,False,0.0,0,1,1774164455394,1774164455394,0
2026-03-22T02:27:42.050784,1114,200,827,2.4771690368652344,False,0.0,0,1,1774164462050,1774164462050,0
2026-03-22T02:27:47.417195,1115,0,27,2.0751953125,False,0.0,0,1,1774164467417,1774164467417,0
2026-03-22T02:27:54.503682,1116,0,27,8.738279342651367,False,0.0,0,1,1774164474503,1774164474503,0
2026-03-22T02:28:01.152841,1116,100,427,2.750396728515625,False,0.0,0,1,1774164481152,1774164481152,0
2026-03-22T02:28:07.809725,1116,200,827,3.2851696014404297,False,0.0,0,1,1774164487809,1774164487809,0
2026-03-22T02:28:14.465912,1116,300,1227,2.254009246826172,False,0.0,0,1,1774164494465,1774164494465,0
2026-03-22T02:28:20.887972,1117,0,26,3.332376480102539,False,0.0,0,1,1774164500887,1774164500887,0
2026-03-22T02:28:27.541788,1117,100,426,1.8439292907714844,False,0.0,0,1,1774164507541,1774164507541,0
2026-03-22T02:28:34.207081,1117,200,826,10.607242584228516,False,0.0,0,1,1774164514207,1774164514207,0
2026-03-22T02:28:43.431681,1118,0,27,1.1663436889648438,False,0.0,0,1,1774164523431,1774164523431,0
2026-03-22T02:28:50.093126,1118,100,427,7.367849349975586,False,0.0,0,1,1774164530093,1774164530093,0
2026-03-22T02:28:56.760364,1118,200,827,2.3598670959472656,False,0.0,0,1,1774164536760,1774164536760,0
2026-03-22T02:29:03.424394,1118,300,1227,10.413408279418945,False,0.0,0,1,1774164543424,1774164543424,0
2026-03-22T02:29:10.071390,1118,400,1627,1.722097396850586,False,0.0,0,1,1774164550071,1774164550071,0
2026-03-22T02:29:18.497548,1119,0,27,1.1219978332519531,False,0.0,0,1,1774164558497,1774164558497,0
2026-03-22T02:29:23.200770,1120,0,27,2.355813980102539,False,0.0,0,1,1774164563200,1774164563200,0
2026-03-22T02:29:29.861691,1120,100,427,7.601499557495117,False,0.0,0,1,1774164569861,1774164569861,0
2026-03-22T02:29:36.536800,1120,200,827,9.720087051391602,False,0.0,0,1,1774164576536,1774164576536,0
2026-03-22T02:29:43.184627,1120,300,1227,2.2008419036865234,False,0.0,0,1,1774164583184,1774164583184,0
2026-03-22T02:29:50.071756,1121,0,26,1.013040542602539,False,0.0,0,1,1774164590071,1774164590071,0
2026-03-22T02:29:55.314399,1122,0,27,2.385854721069336,False,0.0,0,1,1774164595314,1774164595314,0
2026-03-22T02:30:01.987633,1122,100,427,3.2842159271240234,False,0.0,0,1,1774164601987,1774164601987,0
2026-03-22T02:30:08.659019,1122,200,827,1.94549560546875,False,0.0,0,1,1774164608659,1774164608659,0
2026-03-22T02:30:16.268207,1123,0,28,4.358768463134766,False,0.0,0,1,1774164616268,1774164616268,0
2026-03-22T02:30:22.926687,1123,100,428,9.59467887878418,False,0.0,0,1,1774164622926,1774164622926,0
2026-03-22T02:30:29.576319,1123,200,828,1.7156600952148438,False,0.0,0,1,1774164629576,1774164629576,0
2026-03-22T02:30:37.810861,1124,0,27,0.8134841918945312,False,0.0,0,1,1774164637810,1774164637810,0
2026-03-22T02:30:44.467183,1124,100,427,2.9189586639404297,False,0.0,0,1,1774164644467,1774164644467,0
2026-03-22T02:30:51.131846,1124,200,827,11.461973190307617,False,0.0,0,1,1774164651131,1774164651131,0
2026-03-22T02:30:57.777606,1124,300,1227,1.8477439880371094,False,0.0,0,1,1774164657777,1774164657777,0
2026-03-22T02:31:04.433358,1124,400,1627,1.7910003662109375,False,0.0,0,1,1774164664433,1774164664433,0
2026-03-22T02:31:13.733863,1125,0,27,0.7359981536865234,False,0.0,0,1,1774164673733,1774164673733,0
2026-03-22T02:31:20.390022,1125,100,427,1.789093017578125,False,0.0,0,1,1774164680390,1774164680390,0
2026-03-22T02:31:24.282244,1126,0,27,0.782012939453125,False,0.0,0,1,1774164684282,1774164684282,0
2026-03-22T02:31:30.945787,1126,100,427,8.579015731811523,False,0.0,0,1,1774164690945,1774164690945,0
2026-03-22T02:31:37.595563,1126,200,827,1.9309520721435547,False,0.0,0,1,1774164697595,1774164697595,0
2026-03-22T02:31:44.252249,1126,300,1227,2.4220943450927734,False,0.0,0,1,1774164704252,1774164704252,0
2026-03-22T02:31:50.906589,1126,400,1627,2.1784305572509766,False,0.0,0,1,1774164710906,1774164710906,0
2026-03-22T02:31:54.736323,1127,0,27,3.374338150024414,False,0.0,0,1,1774164714736,1774164714736,0
2026-03-22T02:32:01.389598,1127,100,427,1.7118453979492188,False,0.0,0,1,1774164721389,1774164721389,0
2026-03-22T02:32:08.062706,1127,200,827,2.123594284057617,False,0.0,0,1,1774164728062,1774164728062,0
2026-03-22T02:32:14.718437,1127,300,1227,3.282308578491211,False,0.0,0,1,1774164734718,1774164734718,0
2026-03-22T02:32:21.383379,1127,400,1627,12.259483337402344,False,0.0,0,1,1774164741383,1774164741383,0
2026-03-22T02:32:28.028843,1127,500,2027,1.9910335540771484,False,0.0,0,1,1774164748028,1774164748028,0
2026-03-22T02:32:33.768059,1128,0,27,0.9179115295410156,False,0.0,0,1,1774164753768,1774164753768,0
2026-03-22T02:32:40.424508,1128,100,427,1.5935897827148438,False,0.0,0,1,1774164760424,1774164760424,0
2026-03-22T02:32:47.089281,1128,200,827,9.495019912719727,False,0.0,0,1,1774164767089,1774164767089,0
2026-03-22T02:32:52.687203,1129,0,27,0.9360313415527344,False,0.0,0,1,1774164772687,1774164772687,0
2026-03-22T02:32:59.345923,1129,100,427,2.4178028106689453,False,0.0,0,1,1774164779345,1774164779345,0
2026-03-22T02:33:06.017291,1129,200,827,2.8853416442871094,False,0.0,0,1,1774164786017,1774164786017,0
2026-03-22T02:33:12.680540,1129,300,1227,10.536670684814453,False,0.0,0,1,1774164792680,1774164792680,0
2026-03-22T02:33:19.335583,1129,400,1627,9.856224060058594,False,0.0,0,1,1774164799335,1774164799335,0
2026-03-22T02:33:26.001386,1129,500,2027,2.330780029296875,False,0.0,0,1,1774164806001,1774164806001,0
2026-03-22T02:33:32.655391,1129,600,2427,1.5730857849121094,False,0.0,0,1,1774164812655,1774164812655,0
2026-03-22T02:33:38.731369,1130,0,26,2.6624202728271484,False,0.0,0,1,1774164818731,1774164818731,0
2026-03-22T02:33:45.783833,1131,0,27,2.165555953979492,False,0.0,0,1,1774164825783,1774164825783,0
2026-03-22T02:33:52.457848,1131,100,427,2.0418167114257812,False,0.0,0,1,1774164832457,1774164832457,0
2026-03-22T02:33:53.737448,1132,0,27,1.8243789672851562,False,0.0,0,1,1774164833737,1774164833737,0
2026-03-22T02:33:59.726121,1133,0,27,11.58595085144043,False,0.0,0,1,1774164839726,1774164839726,0
2026-03-22T02:34:06.383990,1133,100,427,2.3903846740722656,False,0.0,0,1,1774164846383,1774164846383,0
2026-03-22T02:34:13.040791,1133,200,827,2.4764537811279297,False,0.0,0,1,1774164853040,1774164853040,0
2026-03-22T02:34:19.698118,1133,300,1227,2.0089149475097656,False,0.0,0,1,1774164859698,1774164859698,0
2026-03-22T02:34:26.691728,1134,0,27,5.563020706176758,False,0.0,0,1,1774164866691,1774164866691,0
2026-03-22T02:34:33.110522,1135,0,26,2.1746158599853516,False,0.0,0,1,1774164873110,1774164873110,0
2026-03-22T02:34:38.995500,1136,0,27,1.7032623291015625,False,0.0,0,1,1774164878995,1774164878995,0
2026-03-22T02:34:45.657770,1136,100,427,7.410526275634766,False,0.0,0,1,1774164885657,1774164885657,0
2026-03-22T02:34:52.323640,1136,200,827,1.9612312316894531,False,0.0,0,1,1774164892323,1774164892323,0
2026-03-22T02:34:58.878582,1137,0,27,0.8609294891357422,False,0.0,0,1,1774164898878,1774164898878,0
2026-03-22T02:35:05.537421,1137,100,427,2.633810043334961,False,0.0,0,1,1774164905537,1774164905537,0
2026-03-22T02:35:12.191045,1137,200,827,1.8160343170166016,False,0.0,0,1,1774164912191,1774164912191,0
2026-03-22T02:35:18.853756,1137,300,1227,8.306026458740234,False,0.0,0,1,1774164918853,1774164918853,0
2026-03-22T02:35:22.589104,1138,0,27,0.6659030914306641,False,0.0,0,1,1774164922589,1774164922589,0
2026-03-22T02:35:29.248011,1138,100,427,3.1168460845947266,False,0.0,0,1,1774164929248,1774164929248,0
2026-03-22T02:35:35.903870,1138,200,827,3.2711029052734375,False,0.0,0,1,1774164935903,1774164935903,0
2026-03-22T02:35:43.145449,1139,0,27,1.2280941009521484,False,0.0,0,1,1774164943145,1774164943145,0
2026-03-22T02:35:47.501386,1140,0,27,2.3794174194335938,False,0.0,0,1,1774164947501,1774164947501,0
2026-03-22T02:35:54.182428,1140,100,427,12.153387069702148,False,0.0,0,1,1774164954182,1774164954182,0
2026-03-22T02:36:00.829196,1140,200,827,2.2759437561035156,False,0.0,0,1,1774164960829,1774164960829,0
2026-03-22T02:36:09.886041,1141,0,27,1.1086463928222656,False,0.0,0,1,1774164969886,1774164969886,0
2026-03-22T02:36:13.991126,1142,0,27,3.2553672790527344,False,0.0,0,1,1774164973991,1774164973991,0
2026-03-22T02:36:20.645417,1142,100,427,1.88446044921875,False,0.0,0,1,1774164980645,1774164980645,0
2026-03-22T02:36:22.503250,1143,0,27,12.700796127319336,False,0.0,0,1,1774164982503,1774164982503,0
2026-03-22T02:36:29.163946,1143,100,427,1.9745826721191406,False,0.0,0,1,1774164989163,1774164989163,0
2026-03-22T02:36:35.830257,1143,200,827,11.046886444091797,False,0.0,0,1,1774164995830,1774164995830,0
2026-03-22T02:36:44.456203,1144,0,27,1.512289047241211,False,0.0,0,1,1774165004456,1774165004456,0
2026-03-22T02:36:51.110599,1144,100,427,1.8124580383300781,False,0.0,0,1,1774165011110,1774165011110,0
2026-03-22T02:36:57.767327,1144,200,827,2.1109580993652344,False,0.0,0,1,1774165017767,1774165017767,0
2026-03-22T02:37:04.428504,1144,300,1227,7.996559143066406,False,0.0,0,1,1774165024428,1774165024428,0
2026-03-22T02:37:11.013631,1145,0,27,3.0050277709960938,False,0.0,0,1,1774165031013,1774165031013,0
2026-03-22T02:37:17.667446,1145,100,427,1.9154548645019531,False,0.0,0,1,1774165037667,1774165037667,0
2026-03-22T02:37:19.181077,1146,0,27,1.8472671508789062,False,0.0,0,1,1774165039181,1774165039181,0
2026-03-22T02:37:25.837092,1146,100,427,2.1262168884277344,False,0.0,0,1,1774165045837,1774165045837,0
2026-03-22T02:37:32.510967,1146,200,827,2.852916717529297,False,0.0,0,1,1774165052510,1774165052510,0
2026-03-22T02:37:39.165417,1146,300,1227,2.233266830444336,False,0.0,0,1,1774165059165,1774165059165,0
2026-03-22T02:37:45.829323,1146,400,1627,10.888814926147461,False,0.0,0,1,1774165065829,1774165065829,0
2026-03-22T02:37:52.477457,1146,500,2027,2.9637813568115234,False,0.0,0,1,1774165072477,1774165072477,0
2026-03-22T02:37:59.139337,1146,600,2427,8.479595184326172,False,0.0,0,1,1774165079139,1774165079139,0
2026-03-22T02:38:05.805181,1146,700,2827,2.8553009033203125,False,0.0,0,1,1774165085805,1774165085805,0
2026-03-22T02:38:13.157293,1147,0,27,0.8914470672607422,False,0.0,0,1,1774165093157,1774165093157,0
2026-03-22T02:38:19.813706,1147,100,427,1.7063617706298828,False,0.0,0,1,1774165099813,1774165099813,0
2026-03-22T02:38:23.498453,1148,0,26,8.92782211303711,False,0.0,0,1,1774165103498,1774165103498,0
2026-03-22T02:38:30.155755,1148,100,426,10.794878005981445,False,0.0,0,1,1774165110155,1774165110155,0
2026-03-22T02:38:36.813777,1148,200,826,13.079166412353516,False,0.0,0,1,1774165116813,1774165116813,0
2026-03-22T02:38:43.459228,1148,300,1226,2.0546913146972656,False,0.0,0,1,1774165123459,1774165123459,0
2026-03-22T02:38:53.014756,1149,0,27,0.7710456848144531,False,0.0,0,1,1774165133014,1774165133014,0
2026-03-22T02:38:59.691942,1149,100,427,11.382102966308594,False,0.0,0,1,1774165139691,1774165139691,0
2026-03-22T02:39:06.347018,1149,200,827,10.861873626708984,False,0.0,0,1,1774165146347,1774165146347,0
2026-03-22T02:39:11.317017,1150,0,27,1.6548633575439453,False,0.0,0,1,1774165151317,1774165151317,0
2026-03-22T02:39:17.986414,1150,100,427,1.7118453979492188,False,0.0,0,1,1774165157986,1774165157986,0
2026-03-22T02:39:24.640045,1150,200,827,2.111196517944336,False,0.0,0,1,1774165164640,1774165164640,0
2026-03-22T02:39:31.299883,1150,300,1227,3.1120777130126953,False,0.0,0,1,1774165171299,1774165171299,0
2026-03-22T02:39:37.978387,1150,400,1627,11.093616485595703,False,0.0,0,1,1774165177978,1774165177978,0
2026-03-22T02:39:48.518483,1151,0,27,1.0561943054199219,False,0.0,0,1,1774165188518,1774165188518,0
2026-03-22T02:39:55.173329,1151,100,427,2.4929046630859375,False,0.0,0,1,1774165195173,1774165195173,0
2026-03-22T02:40:01.842760,1151,200,827,16.199111938476562,False,0.0,0,1,1774165201842,1774165201842,0
2026-03-22T02:40:08.491340,1151,300,1227,7.5893402099609375,False,0.0,0,1,1774165208491,1774165208491,0
2026-03-22T02:40:18.372117,1152,0,26,1.0340213775634766,False,0.0,0,1,1774165218372,1774165218372,0
2026-03-22T02:40:23.478091,1153,0,27,2.2325515747070312,False,0.0,0,1,1774165223478,1774165223478,0
2026-03-22T02:40:30.142148,1153,100,427,11.661291122436523,False,0.0,0,1,1774165230142,1774165230142,0
2026-03-22T02:40:36.804322,1153,200,827,2.1431446075439453,False,0.0,0,1,1774165236804,1774165236804,0
2026-03-22T02:40:43.460792,1153,300,1227,2.047300338745117,False,0.0,0,1,1774165243460,1774165243460,0
2026-03-22T02:40:50.115673,1153,400,1627,2.1736621856689453,False,0.0,0,1,1774165250115,1774165250115,0
2026-03-22T02:40:55.597529,1154,0,27,4.0740966796875,False,0.0,0,1,1774165255597,1774165255597,0
2026-03-22T02:41:02.264709,1154,100,427,2.0313262939453125,False,0.0,0,1,1774165262264,1774165262264,0
2026-03-22T02:41:08.920493,1154,200,827,3.02886962890625,False,0.0,0,1,1774165268920,1774165268920,0
2026-03-22T02:41:11.256315,1155,0,27,1.089334487915039,False,0.0,0,1,1774165271256,1774165271256,0
2026-03-22T02:41:17.903427,1155,100,427,2.0821094512939453,False,0.0,0,1,1774165277903,1774165277903,0
2026-03-22T02:41:24.559702,1155,200,827,2.0220279693603516,False,0.0,0,1,1774165284559,1774165284559,0
2026-03-22T02:41:31.213727,1155,300,1227,1.5482902526855469,False,0.0,0,1,1774165291213,1774165291213,0
2026-03-22T02:41:38.743087,1156,0,27,2.595186233520508,False,0.0,0,1,1774165298743,1774165298743,0
2026-03-22T02:41:42.587113,1157,0,27,9.25135612487793,False,0.0,0,1,1774165302587,1774165302587,0
2026-03-22T02:41:49.243099,1157,100,427,9.442806243896484,False,0.0,0,1,1774165309243,1774165309243,0
2026-03-22T02:41:55.889804,1157,200,827,2.0110607147216797,False,0.0,0,1,1774165315889,1774165315889,0
2026-03-22T02:41:59.134422,1158,0,27,1.2919902801513672,False,0.0,0,1,1774165319134,1774165319134,0
2026-03-22T02:42:05.792044,1158,100,427,2.016782760620117,False,0.0,0,1,1774165325792,1774165325792,0
2026-03-22T02:42:12.464932,1158,200,827,3.3330917358398438,False,0.0,0,1,1774165332464,1774165332464,0
2026-03-22T02:42:19.119559,1158,300,1227,2.390146255493164,False,0.0,0,1,1774165339119,1774165339119,0
2026-03-22T02:42:25.780819,1158,400,1627,8.20612907409668,False,0.0,0,1,1774165345780,1774165345780,0
2026-03-22T02:42:32.432771,1158,500,2027,4.983663558959961,False,0.0,0,1,1774165352432,1774165352432,0
2026-03-22T02:42:42.497091,1159,0,27,0.789642333984375,False,0.0,0,1,1774165362497,1774165362497,0
2026-03-22T02:42:47.394359,1160,0,28,2.0148754119873047,False,0.0,0,1,1774165367394,1774165367394,0
2026-03-22T02:42:54.044004,1160,100,428,2.14385986328125,False,0.0,0,1,1774165374044,1774165374044,0
2026-03-22T02:43:00.700627,1160,200,828,2.750873565673828,False,0.0,0,1,1774165380700,1774165380700,0
2026-03-22T02:43:07.364682,1160,300,1228,10.685205459594727,False,0.0,0,1,1774165387364,1774165387364,0
2026-03-22T02:43:14.037147,1160,400,1628,11.221647262573242,False,0.0,0,1,1774165394037,1774165394037,0
2026-03-22T02:43:20.699903,1160,500,2028,1.8391609191894531,False,0.0,0,1,1774165400699,1774165400699,0
2026-03-22T02:43:27.355791,1160,600,2428,1.9185543060302734,False,0.0,0,1,1774165407355,1774165407355,0
2026-03-22T02:43:34.029133,1160,700,2828,2.7294158935546875,False,0.0,0,1,1774165414029,1774165414029,0
2026-03-22T02:43:45.374102,1161,0,26,0.7703304290771484,False,0.0,0,1,1774165425374,1774165425374,0
2026-03-22T02:43:52.032483,1161,100,426,2.5942325592041016,False,0.0,0,1,1774165432032,1774165432032,0
2026-03-22T02:43:59.222866,1162,0,27,3.412485122680664,False,0.0,0,1,1774165439222,1774165439222,0
2026-03-22T02:44:05.885857,1162,100,427,11.507272720336914,False,0.0,0,1,1774165445885,1774165445885,0
2026-03-22T02:44:12.201090,1163,0,27,4.791975021362305,False,0.0,0,1,1774165452201,1774165452201,0
2026-03-22T02:44:18.854418,1163,100,427,2.626657485961914,False,0.0,0,1,1774165458854,1774165458854,0
2026-03-22T02:44:20.761654,1164,0,28,11.174917221069336,False,0.0,0,1,1774165460761,1774165460761,0
2026-03-22T02:44:27.414319,1164,100,428,8.498191833496094,False,0.0,0,1,1774165467414,1774165467414,0
2026-03-22T02:44:34.064405,1164,200,828,2.6357173919677734,False,0.0,0,1,1774165474064,1774165474064,0
2026-03-22T02:44:39.907543,1165,0,27,1.0263919830322266,False,0.0,0,1,1774165479907,1774165479907,0
2026-03-22T02:44:46.557742,1165,100,427,2.061128616333008,False,0.0,0,1,1774165486557,1774165486557,0
2026-03-22T02:44:51.134563,1166,0,27,11.356592178344727,False,0.0,0,1,1774165491134,1774165491134,0
2026-03-22T02:44:55.346238,1167,0,28,1.6512870788574219,False,0.0,0,1,1774165495346,1774165495346,0
2026-03-22T02:45:02.366631,1168,0,28,2.0515918731689453,False,0.0,0,1,1774165502366,1774165502366,0
2026-03-22T02:45:09.036766,1168,100,428,1.7626285552978516,False,0.0,0,1,1774165509036,1774165509036,0
2026-03-22T02:45:15.694583,1168,200,828,2.237081527709961,False,0.0,0,1,1774165515694,1774165515694,0
2026-03-22T02:45:22.350032,1168,300,1228,3.0028820037841797,False,0.0,0,1,1774165522350,1774165522350,0
2026-03-22T02:45:29.022294,1168,400,1628,2.372264862060547,False,0.0,0,1,1774165529022,1774165529022,0
2026-03-22T02:45:35.676782,1168,500,2028,2.2487640380859375,False,0.0,0,1,1774165535676,1774165535676,0
2026-03-22T02:45:42.333524,1168,600,2428,2.924680709838867,False,0.0,0,1,1774165542333,1774165542333,0
2026-03-22T02:45:48.989129,1168,700,2828,2.2704601287841797,False,0.0,0,1,1774165548989,1774165548989,0
2026-03-22T02:45:56.191753,1169,0,27,0.7956027984619141,False,0.0,0,1,1774165556191,1774165556191,0
2026-03-22T02:46:02.855905,1169,100,427,8.922100067138672,False,0.0,0,1,1774165562855,1774165562855,0
2026-03-22T02:46:09.530642,1169,200,827,9.804010391235352,False,0.0,0,1,1774165569530,1774165569530,0
2026-03-22T02:46:13.082582,1170,0,26,0.8876323699951172,False,0.0,0,1,1774165573082,1774165573082,0
2026-03-22T02:46:19.750322,1170,100,426,11.783123016357422,False,0.0,0,1,1774165579750,1774165579750,0
2026-03-22T02:46:20.528428,1171,0,28,10.90860366821289,False,0.0,0,1,1774165580528,1774165580528,0
2026-03-22T02:46:27.175292,1171,100,428,1.9485950469970703,False,0.0,0,1,1774165587175,1774165587175,0
2026-03-22T02:46:33.839610,1171,200,828,9.201526641845703,False,0.0,0,1,1774165593839,1774165593839,0
2026-03-22T02:46:40.487632,1171,300,1228,2.079010009765625,False,0.0,0,1,1774165600487,1774165600487,0
2026-03-22T02:46:43.801112,1172,0,27,0.86212158203125,False,0.0,0,1,1774165603801,1774165603801,0
2026-03-22T02:46:50.454250,1172,100,427,1.65557861328125,False,0.0,0,1,1774165610454,1774165610454,0
2026-03-22T02:46:57.110346,1172,200,827,1.7344951629638672,False,0.0,0,1,1774165617110,1774165617110,0
2026-03-22T02:47:01.757994,1173,0,26,0.9477138519287109,False,0.0,0,1,1774165621757,1774165621757,0
2026-03-22T02:47:08.434100,1173,100,426,12.74251937866211,False,0.0,0,1,1774165628434,1774165628434,0
2026-03-22T02:47:15.079654,1173,200,826,2.180337905883789,False,0.0,0,1,1774165635079,1774165635079,0
2026-03-22T02:47:21.735104,1173,300,1226,2.4251937866210938,False,0.0,0,1,1774165641735,1774165641735,0
2026-03-22T02:47:28.396820,1173,400,1626,9.09113883972168,False,0.0,0,1,1774165648396,1774165648396,0
2026-03-22T02:47:35.071352,1173,500,2026,10.532855987548828,False,0.0,0,1,1774165655071,1774165655071,0
2026-03-22T02:47:41.719596,1173,600,2426,2.794504165649414,False,0.0,0,1,1774165661719,1774165661719,0
2026-03-22T02:47:48.376569,1173,700,2826,2.9299259185791016,False,0.0,0,1,1774165668376,1774165668376,0
2026-03-22T02:47:55.030514,1173,800,3226,2.7010440826416016,False,0.0,0,1,1774165675030,1774165675030,0
2026-03-22T02:48:02.915643,1174,0,26,1.5676021575927734,False,0.0,0,1,1774165682915,1774165682915,0
2026-03-22T02:48:07.402927,1175,0,27,13.009071350097656,False,0.0,0,1,1774165687402,1774165687402,0
2026-03-22T02:48:14.065611,1175,100,427,2.3202896118164062,False,0.0,0,1,1774165694065,1774165694065,0
2026-03-22T02:48:20.737824,1175,200,827,2.285003662109375,False,0.0,0,1,1774165700737,1774165700737,0
2026-03-22T02:48:27.398132,1175,300,1227,6.708383560180664,False,0.0,0,1,1774165707398,1774165707398,0
2026-03-22T02:48:34.048269,1175,400,1627,1.317739486694336,False,0.0,0,1,1774165714048,1774165714048,0
2026-03-22T02:48:40.705054,1175,500,2027,2.782583236694336,False,0.0,0,1,1774165720705,1774165720705,0
2026-03-22T02:48:47.368704,1175,600,2427,11.051654815673828,False,0.0,0,1,1774165727368,1774165727368,0
2026-03-22T02:48:54.016718,1175,700,2827,3.0536651611328125,False,0.0,0,1,1774165734016,1774165734016,0
2026-03-22T02:49:00.670582,1175,800,3227,1.9421577453613281,False,0.0,0,1,1774165740670,1774165740670,0
2026-03-22T02:49:11.070608,1176,0,26,1.0821819305419922,False,0.0,0,1,1774165751070,1774165751070,0
2026-03-22T02:49:17.725689,1176,100,426,2.0456314086914062,False,0.0,0,1,1774165757725,1774165757725,0
2026-03-22T02:49:24.398511,1176,200,826,2.026081085205078,False,0.0,0,1,1774165764398,1774165764398,0
2026-03-22T02:49:31.064149,1176,300,1226,11.70659065246582,False,0.0,0,1,1774165771064,1774165771064,0
2026-03-22T02:49:34.282639,1177,0,27,2.988576889038086,False,0.0,0,1,1774165774282,1774165774282,0
2026-03-22T02:49:40.936654,1177,100,427,1.3544559478759766,False,0.0,0,1,1774165780936,1774165780936,0
2026-03-22T02:49:47.595157,1177,200,827,2.5377273559570312,False,0.0,0,1,1774165787595,1774165787595,0
2026-03-22T02:49:54.250376,1177,300,1227,3.220796585083008,False,0.0,0,1,1774165794250,1774165794250,0
2026-03-22T02:50:00.922749,1177,400,1627,3.070831298828125,False,0.0,0,1,1774165800922,1774165800922,0
2026-03-22T02:50:07.629941,1178,0,27,1.0552406311035156,False,0.0,0,1,1774165807629,1774165807629,0
2026-03-22T02:50:14.283954,1178,100,427,2.8188228607177734,False,0.0,0,1,1774165814283,1774165814283,0
2026-03-22T02:50:20.938193,1178,200,827,2.2592544555664062,False,0.0,0,1,1774165820938,1774165820938,0
2026-03-22T02:50:27.599139,1178,300,1227,1.7697811126708984,False,0.0,0,1,1774165827599,1774165827599,0
2026-03-22T02:50:34.333833,1179,0,27,1.4429092407226562,False,0.0,0,1,1774165834333,1774165834333,0
2026-03-22T02:50:40.995540,1179,100,427,8.80742073059082,False,0.0,0,1,1774165840995,1774165840995,0
2026-03-22T02:50:47.645869,1179,200,827,2.8734207153320312,False,0.0,0,1,1774165847645,1774165847645,0
2026-03-22T02:50:51.595420,1180,0,27,9.96541976928711,False,0.0,0,1,1774165851595,1774165851595,0
2026-03-22T02:50:58.243375,1180,100,427,2.7074813842773438,False,0.0,0,1,1774165858243,1774165858243,0
2026-03-22T02:51:00.840018,1181,0,27,2.4666786193847656,False,0.0,0,1,1774165860840,1774165860840,0
2026-03-22T02:51:06.602727,1182,0,28,8.291244506835938,False,0.0,0,1,1774165866602,1774165866602,0
2026-03-22T02:51:13.251761,1182,100,428,2.2001266479492188,False,0.0,0,1,1774165873251,1774165873251,0
2026-03-22T02:51:19.908387,1182,200,828,2.564668655395508,False,0.0,0,1,1774165879908,1774165879908,0
2026-03-22T02:51:28.610883,1183,0,27,1.3997554779052734,False,0.0,0,1,1774165888610,1774165888610,0
2026-03-22T02:51:35.272241,1183,100,427,8.467674255371094,False,0.0,0,1,1774165895272,1774165895272,0
2026-03-22T02:51:41.921494,1183,200,827,2.2726058959960938,False,0.0,0,1,1774165901921,1774165901921,0
2026-03-22T02:51:49.907991,1184,0,27,1.0335445404052734,False,0.0,0,1,1774165909907,1774165909907,0
2026-03-22T02:51:56.563606,1184,100,427,1.750946044921875,False,0.0,0,1,1774165916563,1774165916563,0
2026-03-22T02:52:03.236002,1184,200,827,2.1636486053466797,False,0.0,0,1,1774165923235,1774165923236,1
2026-03-22T02:52:09.902120,1184,300,1227,10.793209075927734,False,0.0,0,1,1774165929902,1774165929902,0
2026-03-22T02:52:16.572951,1184,400,1627,11.499881744384766,False,0.0,0,1,1774165936572,1774165936572,0
2026-03-22T02:52:23.229378,1184,500,2027,10.727405548095703,False,0.0,0,1,1774165943229,1774165943229,0
2026-03-22T02:52:29.242345,1185,0,26,0.7994174957275391,False,0.0,0,1,1774165949242,1774165949242,0
2026-03-22T02:52:35.901419,1185,100,426,3.908872604370117,False,0.0,0,1,1774165955901,1774165955901,0
2026-03-22T02:52:42.570611,1185,200,826,2.2516250610351562,False,0.0,0,1,1774165962570,1774165962570,0
2026-03-22T02:52:49.226263,1185,300,1226,2.3899078369140625,False,0.0,0,1,1774165969226,1774165969226,0
2026-03-22T02:52:55.216074,1186,0,27,0.9458065032958984,False,0.0,0,1,1774165975216,1774165975216,0
2026-03-22T02:53:01.873483,1186,100,427,2.0990371704101562,False,0.0,0,1,1774165981873,1774165981873,0
2026-03-22T02:53:08.546294,1186,200,827,3.8118362426757812,False,0.0,0,1,1774165988546,1774165988546,0
2026-03-22T02:53:15.207144,1186,300,1227,8.655071258544922,False,0.0,0,1,1774165995207,1774165995207,0
2026-03-22T02:53:21.873439,1186,400,1627,2.487659454345703,False,0.0,0,1,1774166001873,1774166001873,0
2026-03-22T02:53:27.437735,1187,0,27,1.2965202331542969,False,0.0,0,1,1774166007437,1774166007437,0
2026-03-22T02:53:34.085590,1187,100,427,1.3470649719238281,False,0.0,0,1,1774166014085,1774166014085,0
2026-03-22T02:53:40.746962,1187,200,827,7.635831832885742,False,0.0,0,1,1774166020746,1774166020746,0
2026-03-22T02:53:47.398118,1187,300,1227,2.804994583129883,False,0.0,0,1,1774166027398,1774166027398,0
2026-03-22T02:53:54.053726,1187,400,1627,2.6445388793945312,False,0.0,0,1,1774166034053,1774166034053,0
2026-03-22T02:54:00.658868,1187,500,2024,2.859354019165039,False,0.0,0,1,1774166040658,1774166040658,0
2026-03-22T02:54:04.855130,1188,0,27,4.123926162719727,False,0.0,0,1,1774166044855,1774166044855,0
2026-03-22T02:54:11.506740,1188,100,427,1.8353462219238281,False,0.0,0,1,1774166051506,1774166051506,0
2026-03-22T02:54:18.185333,1188,200,827,7.8582763671875,False,0.0,0,1,1774166058185,1774166058185,0
2026-03-22T02:54:23.489791,1189,0,27,0.8342266082763672,False,0.0,0,1,1774166063489,1774166063489,0
2026-03-22T02:54:30.159454,1189,100,427,2.4542808532714844,False,0.0,0,1,1774166070159,1774166070159,0
2026-03-22T02:54:36.832245,1189,200,827,2.651214599609375,False,0.0,0,1,1774166076832,1774166076832,0
2026-03-22T02:54:43.488817,1189,300,1227,3.5321712493896484,False,0.0,0,1,1774166083488,1774166083488,0
2026-03-22T02:54:50.247582,1190,0,26,0.8282661437988281,False,0.0,0,1,1774166090247,1774166090247,0
2026-03-22T02:54:56.915692,1190,100,426,3.1518936157226562,False,0.0,0,1,1774166096915,1774166096915,0
2026-03-22T02:55:03.570351,1190,200,826,1.7070770263671875,False,0.0,0,1,1774166103570,1774166103570,0
2026-03-22T02:55:10.709087,1191,0,27,1.6372203826904297,False,0.0,0,1,1774166110709,1774166110709,0
2026-03-22T02:55:17.365277,1191,100,427,2.3050308227539062,False,0.0,0,1,1774166117365,1774166117365,0
2026-03-22T02:55:24.022367,1191,200,827,2.6841163635253906,False,0.0,0,1,1774166124022,1774166124022,0
2026-03-22T02:55:25.452950,1192,0,27,2.3190975189208984,False,0.0,0,1,1774166125452,1774166125452,0
2026-03-22T02:55:32.110713,1192,100,427,2.6292800903320312,False,0.0,0,1,1774166132110,1774166132110,0
2026-03-22T02:55:38.765509,1192,200,827,3.2508373260498047,False,0.0,0,1,1774166138765,1774166138765,0
2026-03-22T02:55:46.150749,1193,0,27,0.9963512420654297,False,0.0,0,1,1774166146150,1774166146150,0
2026-03-22T02:55:52.807033,1193,100,427,2.412557601928711,False,0.0,0,1,1774166152807,1774166152807,0
2026-03-22T02:55:59.477979,1193,200,827,2.203702926635742,False,0.0,0,1,1774166159477,1774166159477,0
2026-03-22T02:56:03.498035,1194,0,28,11.066198348999023,False,0.0,0,1,1774166163498,1774166163498,0
2026-03-22T02:56:10.148759,1194,100,428,4.300117492675781,False,0.0,0,1,1774166170148,1774166170148,0
2026-03-22T02:56:16.800454,1194,200,828,1.6322135925292969,False,0.0,0,1,1774166176800,1774166176800,0
2026-03-22T02:56:23.460660,1194,300,1228,7.871389389038086,False,0.0,0,1,1774166183460,1774166183460,0
2026-03-22T02:56:30.117417,1194,400,1628,8.242607116699219,False,0.0,0,1,1774166190117,1774166190117,0
2026-03-22T02:56:38.900847,1195,0,27,0.8335113525390625,False,0.0,0,1,1774166198900,1774166198900,0
2026-03-22T02:56:43.163602,1196,0,28,9.094715118408203,False,0.0,0,1,1774166203163,1774166203163,0
2026-03-22T02:56:47.966027,1197,0,28,1.888275146484375,False,0.0,0,1,1774166207966,1774166207966,0
2026-03-22T02:56:53.174391,1198,0,27,3.629446029663086,False,0.0,0,1,1774166213174,1774166213174,0
2026-03-22T02:56:57.765276,1199,0,27,1.8339157104492188,False,0.0,0,1,1774166217765,1774166217765,0
2026-03-22T02:57:04.426684,1199,100,427,8.390426635742188,False,0.0,0,1,1774166224426,1774166224426,0
2026-03-22T02:57:09.312840,1200,0,26,0.7936954498291016,False,0.0,0,1,1774166229312,1774166229312,0
2026-03-22T02:57:15.979994,1200,100,426,11.999845504760742,False,0.0,0,1,1774166235979,1774166235979,0
2026-03-22T02:57:19.612448,1201,0,27,2.393007278442383,False,0.0,0,1,1774166239612,1774166239612,0
2026-03-22T02:57:26.095017,1202,0,28,9.552240371704102,False,0.0,0,1,1774166246095,1774166246095,0
2026-03-22T02:57:32.758706,1202,100,428,2.4237632751464844,False,0.0,0,1,1774166252758,1774166252758,0
2026-03-22T02:57:39.262014,1203,0,28,0.7655620574951172,False,0.0,0,1,1774166259262,1774166259262,0
2026-03-22T02:57:45.918627,1203,100,428,1.5845298767089844,False,0.0,0,1,1774166265918,1774166265918,0
2026-03-22T02:57:52.576634,1203,200,828,2.8467178344726562,False,0.0,0,1,1774166272576,1774166272576,0
2026-03-22T02:57:59.237996,1203,300,1228,9.685039520263672,False,0.0,0,1,1774166279237,1774166279237,0
2026-03-22T02:58:07.882980,1204,0,27,1.2323856353759766,False,0.0,0,1,1774166287882,1774166287882,0
2026-03-22T02:58:14.548194,1204,100,427,10.129690170288086,False,0.0,0,1,1774166294548,1774166294548,0
2026-03-22T02:58:21.196715,1204,200,827,2.5720596313476562,False,0.0,0,1,1774166301196,1774166301196,0
2026-03-22T02:58:27.858701,1204,300,1227,10.12873649597168,False,0.0,0,1,1774166307858,1774166307858,0
2026-03-22T02:58:34.515216,1204,400,1627,12.005329132080078,False,0.0,0,1,1774166314515,1774166314515,0
2026-03-22T02:58:41.161505,1204,500,2027,2.554178237915039,False,0.0,0,1,1774166321161,1774166321161,0
2026-03-22T02:58:47.824962,1204,600,2427,5.947589874267578,False,0.0,0,1,1774166327824,1774166327824,0
2026-03-22T02:58:54.480328,1204,700,2827,9.744405746459961,False,0.0,0,1,1774166334480,1774166334480,0
2026-03-22T02:59:01.144583,1204,800,3227,1.8885135650634766,False,0.0,0,1,1774166341144,1774166341144,0
2026-03-22T02:59:07.035636,1205,0,27,1.0056495666503906,False,0.0,0,1,1774166347035,1774166347035,0
2026-03-22T02:59:13.702307,1205,100,427,13.305187225341797,False,0.0,0,1,1774166353702,1774166353702,0
2026-03-22T02:59:20.348520,1205,200,827,2.7153491973876953,False,0.0,0,1,1774166360348,1774166360348,0
2026-03-22T02:59:27.003561,1205,300,1227,1.8317699432373047,False,0.0,0,1,1774166367003,1774166367003,0
2026-03-22T02:59:29.270391,1206,0,27,1.4407634735107422,False,0.0,0,1,1774166369270,1774166369270,0
2026-03-22T02:59:35.920986,1206,100,427,2.1085739135742188,False,0.0,0,1,1774166375920,1774166375920,0
2026-03-22T02:59:38.566261,1207,0,27,1.9612312316894531,False,0.0,0,1,1774166378566,1774166378566,0
2026-03-22T02:59:45.221030,1207,100,427,1.898050308227539,False,0.0,0,1,1774166385221,1774166385221,0
2026-03-22T02:59:51.894020,1207,200,827,2.6895999908447266,False,0.0,0,1,1774166391894,1774166391894,0
2026-03-22T02:59:54.788676,1208,0,26,0.8232593536376953,False,0.0,0,1,1774166394788,1774166394788,0
2026-03-22T03:00:01.458248,1208,100,426,14.764785766601562,False,0.0,0,1,1774166401458,1774166401458,0
2026-03-22T03:00:08.101911,1208,200,826,1.9941329956054688,False,0.0,0,1,1774166408101,1774166408101,0
2026-03-22T03:00:14.758244,1208,300,1226,1.9745826721191406,False,0.0,0,1,1774166414758,1774166414758,0
2026-03-22T03:00:21.421936,1208,400,1626,10.957002639770508,False,0.0,0,1,1774166421421,1774166421421,0
2026-03-22T03:00:30.931868,1209,0,27,0.7979869842529297,False,0.0,0,1,1774166430931,1774166430931,0
2026-03-22T03:00:37.585555,1209,100,427,1.970529556274414,False,0.0,0,1,1774166437585,1774166437585,0
2026-03-22T03:00:44.267350,1209,200,827,12.174129486083984,False,0.0,0,1,1774166444267,1774166444267,0
2026-03-22T03:00:50.918357,1209,300,1227,5.281209945678711,False,0.0,0,1,1774166450918,1774166450918,0
2026-03-22T03:00:57.567880,1209,400,1627,1.6226768493652344,False,0.0,0,1,1774166457567,1774166457567,0
2026-03-22T03:01:04.240813,1209,500,2027,1.6825199127197266,False,0.0,0,1,1774166464240,1774166464240,0
2026-03-22T03:01:15.007625,1210,0,27,0.7131099700927734,False,0.0,0,1,1774166475007,1774166475007,0
2026-03-22T03:01:21.662284,1210,100,427,2.0673274993896484,False,0.0,0,1,1774166481662,1774166481662,0
2026-03-22T03:01:28.318275,1210,200,827,2.5475025177001953,False,0.0,0,1,1774166488318,1774166488318,0
2026-03-22T03:01:37.119252,1211,0,26,0.7851123809814453,False,0.0,0,1,1774166497119,1774166497119,0
2026-03-22T03:01:43.775451,1211,100,426,1.6410350799560547,False,0.0,0,1,1774166503775,1774166503775,0
2026-03-22T03:01:50.431550,1211,200,826,2.6340484619140625,False,0.0,0,1,1774166510431,1774166510431,0
2026-03-22T03:01:57.094816,1211,300,1226,10.309219360351562,False,0.0,0,1,1774166517094,1774166517094,0
2026-03-22T03:02:01.296383,1212,0,27,0.7925033569335938,False,0.0,0,1,1774166521296,1774166521296,0
2026-03-22T03:02:07.960858,1212,100,427,9.248495101928711,False,0.0,0,1,1774166527960,1774166527960,0
2026-03-22T03:02:14.607646,1212,200,827,1.9991397857666016,False,0.0,0,1,1774166534607,1774166534607,0
2026-03-22T03:02:18.758270,1213,0,27,1.9717216491699219,False,0.0,0,1,1774166538758,1774166538758,0
2026-03-22T03:02:25.407059,1213,100,427,2.086639404296875,False,0.0,0,1,1774166545407,1774166545407,0
2026-03-22T03:02:32.085811,1213,200,827,8.516550064086914,False,0.0,0,1,1774166552085,1774166552085,0
2026-03-22T03:02:38.734159,1213,300,1227,2.2039413452148438,False,0.0,0,1,1774166558734,1774166558734,0
2026-03-22T03:02:43.131669,1214,0,27,0.9744167327880859,False,0.0,0,1,1774166563131,1774166563131,0
2026-03-22T03:02:49.782787,1214,100,427,1.871347427368164,False,0.0,0,1,1774166569782,1774166569782,0
2026-03-22T03:02:56.439410,1214,200,827,2.858400344848633,False,0.0,0,1,1774166576439,1774166576439,0
2026-03-22T03:03:03.093900,1214,300,1227,1.7387866973876953,False,0.0,0,1,1774166583093,1774166583093,0
2026-03-22T03:03:09.749649,1214,400,1627,1.661062240600586,False,0.0,0,1,1774166589749,1774166589749,0
2026-03-22T03:03:16.422064,1214,500,2027,2.232789993286133,False,0.0,0,1,1774166596422,1774166596422,0
2026-03-22T03:03:23.077588,1214,600,2427,2.1486282348632812,False,0.0,0,1,1774166603077,1774166603077,0
2026-03-22T03:03:29.739108,1214,700,2827,7.525444030761719,False,0.0,0,1,1774166609739,1774166609739,0
2026-03-22T03:03:40.528486,1215,0,28,0.7350444793701172,False,0.0,0,1,1774166620528,1774166620528,0
2026-03-22T03:03:47.187185,1215,100,428,3.453969955444336,False,0.0,0,1,1774166627187,1774166627187,0
2026-03-22T03:03:53.858229,1215,200,828,2.359151840209961,False,0.0,0,1,1774166633858,1774166633858,0
2026-03-22T03:04:00.517566,1215,300,1228,3.5338401794433594,False,0.0,0,1,1774166640517,1774166640517,0
2026-03-22T03:04:07.169489,1215,400,1628,1.7104148864746094,False,0.0,0,1,1774166647169,1774166647169,0
2026-03-22T03:04:13.827384,1215,500,2028,3.1914710998535156,False,0.0,0,1,1774166653827,1774166653827,0
2026-03-22T03:04:20.481224,1215,600,2428,3.0863285064697266,False,0.0,0,1,1774166660481,1774166660481,0
2026-03-22T03:04:29.956148,1216,0,26,6.230831146240234,False,0.0,0,1,1774166669956,1774166669956,0
2026-03-22T03:04:36.604912,1216,100,426,2.78472900390625,False,0.0,0,1,1774166676604,1774166676604,0
2026-03-22T03:04:39.753604,1217,0,27,3.597259521484375,False,0.0,0,1,1774166679753,1774166679753,0
2026-03-22T03:04:46.404174,1217,100,427,1.7549991607666016,False,0.0,0,1,1774166686404,1774166686404,0
2026-03-22T03:04:53.076423,1217,200,827,2.027273178100586,False,0.0,0,1,1774166693076,1774166693076,0
2026-03-22T03:04:59.051989,1218,0,27,1.7311573028564453,False,0.0,0,1,1774166699051,1774166699051,0
2026-03-22T03:05:05.725098,1218,100,427,3.9451122283935547,False,0.0,0,1,1774166705725,1774166705725,0
2026-03-22T03:05:12.396475,1218,200,827,1.7282962799072266,False,0.0,0,1,1774166712396,1774166712396,0
2026-03-22T03:05:14.457640,1219,0,28,1.8413066864013672,False,0.0,0,1,1774166714457,1774166714457,0
2026-03-22T03:05:21.275216,1219,100,428,2.5382041931152344,False,0.0,0,1,1774166721275,1774166721275,0
2026-03-22T03:05:27.929353,1219,200,828,1.491546630859375,False,0.0,0,1,1774166727929,1774166727929,0
2026-03-22T03:05:34.587583,1219,300,1228,3.0655860900878906,False,0.0,0,1,1774166734587,1774166734587,0
2026-03-22T03:05:41.730958,1220,0,27,1.4123916625976562,False,0.0,0,1,1774166741730,1774166741730,0
2026-03-22T03:05:48.381790,1220,100,427,3.282785415649414,False,0.0,0,1,1774166748381,1774166748381,0
2026-03-22T03:05:55.037368,1220,200,827,2.6378631591796875,False,0.0,0,1,1774166755037,1774166755037,0
2026-03-22T03:06:01.692351,1220,300,1227,2.038717269897461,False,0.0,0,1,1774166761692,1774166761692,0
2026-03-22T03:06:11.490801,1221,0,27,1.0657310485839844,False,0.0,0,1,1774166771490,1774166771490,0
2026-03-22T03:06:16.341958,1222,0,27,10.555744171142578,False,0.0,0,1,1774166776341,1774166776341,0
2026-03-22T03:06:22.992369,1222,100,427,2.0351409912109375,False,0.0,0,1,1774166782992,1774166782992,0
2026-03-22T03:06:29.653823,1222,200,827,10.652303695678711,False,0.0,0,1,1774166789653,1774166789653,0
2026-03-22T03:06:33.248737,1223,0,27,2.473592758178711,False,0.0,0,1,1774166793248,1774166793248,0
2026-03-22T03:06:37.601450,1224,0,27,1.3527870178222656,False,0.0,0,1,1774166797601,1774166797601,0
2026-03-22T03:06:44.276996,1224,100,427,8.456707000732422,False,0.0,0,1,1774166804276,1774166804276,0
2026-03-22T03:06:50.968901,1224,200,827,11.759757995605469,False,0.0,0,1,1774166810968,1774166810968,0
2026-03-22T03:06:57.615347,1224,300,1227,2.0890235900878906,False,0.0,0,1,1774166817615,1774166817615,0
2026-03-22T03:07:06.816210,1225,0,27,0.827789306640625,False,0.0,0,1,1774166826816,1774166826816,0
2026-03-22T03:07:13.474044,1225,100,427,1.6765594482421875,False,0.0,0,1,1774166833474,1774166833474,0
2026-03-22T03:07:20.146871,1225,200,827,2.6268959045410156,False,0.0,0,1,1774166840146,1774166840146,0
2026-03-22T03:07:26.809418,1225,300,1227,11.392831802368164,False,0.0,0,1,1774166846809,1774166846809,0
2026-03-22T03:07:29.968608,1226,0,26,2.5947093963623047,False,0.0,0,1,1774166849968,1774166849968,0
2026-03-22T03:07:36.621017,1226,100,426,2.6099681854248047,False,0.0,0,1,1774166856621,1774166856621,0
2026-03-22T03:07:43.272910,1226,200,826,2.1848678588867188,False,0.0,0,1,1774166863272,1774166863272,0
2026-03-22T03:07:49.929874,1226,300,1226,1.8763542175292969,False,0.0,0,1,1774166869929,1774166869929,0
2026-03-22T03:07:50.884450,1227,0,26,1.6832351684570312,False,0.0,0,1,1774166870884,1774166870884,0
2026-03-22T03:07:57.023695,1228,0,27,2.214670181274414,False,0.0,0,1,1774166877023,1774166877023,0
2026-03-22T03:08:03.682220,1228,100,427,10.460138320922852,False,0.0,0,1,1774166883682,1774166883682,0
2026-03-22T03:08:10.329935,1228,200,827,2.5243759155273438,False,0.0,0,1,1774166890329,1774166890329,0
2026-03-22T03:08:12.580944,1229,0,26,2.4330615997314453,False,0.0,0,1,1774166892580,1774166892580,0
2026-03-22T03:08:19.235753,1229,100,426,7.320642471313477,False,0.0,0,1,1774166899235,1774166899235,0
2026-03-22T03:08:25.887252,1229,200,826,3.3588409423828125,False,0.0,0,1,1774166905887,1774166905887,0
2026-03-22T03:08:32.549193,1229,300,1226,9.115219116210938,False,0.0,0,1,1774166912549,1774166912549,0
2026-03-22T03:08:39.196935,1229,400,1626,2.1948814392089844,False,0.0,0,1,1774166919196,1774166919196,0
2026-03-22T03:08:45.852945,1229,500,2026,2.4290084838867188,False,0.0,0,1,1774166925852,1774166925852,0
2026-03-22T03:08:52.507847,1229,600,2426,1.8489360809326172,False,0.0,0,1,1774166932507,1774166932507,0
2026-03-22T03:08:59.164377,1229,700,2826,2.6521682739257812,False,0.0,0,1,1774166939164,1774166939164,0
2026-03-22T03:09:07.434890,1230,0,27,1.806497573852539,False,0.0,0,1,1774166947434,1774166947434,0
2026-03-22T03:09:14.089015,1230,100,427,1.7840862274169922,False,0.0,0,1,1774166954089,1774166954089,0
2026-03-22T03:09:20.747186,1230,200,827,2.4423599243164062,False,0.0,0,1,1774166960747,1774166960747,0
2026-03-22T03:09:25.322447,1231,0,27,0.8533000946044922,False,0.0,0,1,1774166965322,1774166965322,0
2026-03-22T03:09:31.977180,1231,100,427,2.2280216217041016,False,0.0,0,1,1774166971977,1774166971977,0
2026-03-22T03:09:38.632025,1231,200,827,2.033710479736328,False,0.0,0,1,1774166978632,1774166978632,0
2026-03-22T03:09:45.290152,1231,300,1227,2.0427703857421875,False,0.0,0,1,1774166985290,1774166985290,0
2026-03-22T03:09:51.952880,1231,400,1627,10.555505752563477,False,0.0,0,1,1774166991952,1774166991952,0
2026-03-22T03:10:02.376713,1232,0,26,2.606630325317383,False,0.0,0,1,1774167002376,1774167002376,0
2026-03-22T03:10:09.047647,1232,100,426,1.7383098602294922,False,0.0,0,1,1774167009047,1774167009047,0
2026-03-22T03:10:14.603461,1233,0,27,12.232065200805664,False,0.0,0,1,1774167014603,1774167014603,0
2026-03-22T03:10:21.254402,1233,100,427,9.624958038330078,False,0.0,0,1,1774167021254,1774167021254,0
2026-03-22T03:10:27.904149,1233,200,827,2.199411392211914,False,0.0,0,1,1774167027904,1774167027904,0
2026-03-22T03:10:34.558355,1233,300,1227,1.9540786743164062,False,0.0,0,1,1774167034558,1774167034558,0
2026-03-22T03:10:41.214394,1233,400,1627,2.0563602447509766,False,0.0,0,1,1774167041214,1774167041214,0
2026-03-22T03:10:47.870285,1233,500,2027,1.8925666809082031,False,0.0,0,1,1774167047870,1774167047870,0
2026-03-22T03:10:54.074267,1234,0,27,0.9315013885498047,False,0.0,0,1,1774167054074,1774167054074,0
2026-03-22T03:11:00.728873,1234,100,427,1.5439987182617188,False,0.0,0,1,1774167060728,1774167060728,0
2026-03-22T03:11:07.410727,1234,200,827,10.985612869262695,False,0.0,0,1,1774167067410,1774167067410,0
2026-03-22T03:11:12.618491,1235,0,27,1.8115043640136719,False,0.0,0,1,1774167072618,1774167072618,0
2026-03-22T03:11:19.281965,1235,100,427,1.9609928131103516,False,0.0,0,1,1774167079281,1774167079281,0
2026-03-22T03:11:25.947900,1235,200,827,10.852336883544922,False,0.0,0,1,1774167085947,1774167085947,0
2026-03-22T03:11:32.592542,1235,300,1227,1.3861656188964844,False,0.0,0,1,1774167092592,1774167092592,0
2026-03-22T03:11:39.187083,1236,0,27,2.6564598083496094,False,0.0,0,1,1774167099187,1774167099187,0
2026-03-22T03:11:45.847876,1236,100,427,10.373353958129883,False,0.0,0,1,1774167105847,1774167105847,0
2026-03-22T03:11:52.495179,1236,200,827,2.668142318725586,False,0.0,0,1,1774167112495,1774167112495,0
2026-03-22T03:11:54.490418,1237,0,28,2.129077911376953,False,0.0,0,1,1774167114490,1774167114490,0
2026-03-22T03:12:01.153360,1237,100,428,9.108543395996094,False,0.0,0,1,1774167121153,1774167121153,0
2026-03-22T03:12:06.604448,1238,0,27,3.251314163208008,False,0.0,0,1,1774167126604,1774167126604,0
2026-03-22T03:12:13.262501,1238,100,427,2.647876739501953,False,0.0,0,1,1774167133262,1774167133262,0
2026-03-22T03:12:19.939739,1238,200,827,8.641719818115234,False,0.0,0,1,1774167139939,1774167139939,0
2026-03-22T03:12:26.587908,1238,300,1227,2.145051956176758,False,0.0,0,1,1774167146587,1774167146587,0
2026-03-22T03:12:29.688504,1239,0,27,0.6666183471679688,False,0.0,0,1,1774167149688,1774167149688,0
2026-03-22T03:12:36.354757,1239,100,427,1.6796588897705078,False,0.0,0,1,1774167156354,1774167156354,0
2026-03-22T03:12:37.103050,1240,0,27,1.9419193267822266,False,0.0,0,1,1774167157103,1774167157103,0
2026-03-22T03:12:43.775103,1240,100,427,1.8777847290039062,False,0.0,0,1,1774167163775,1774167163775,0
2026-03-22T03:12:50.645177,1240,200,827,2.3932456970214844,False,0.0,0,1,1774167170645,1774167170645,0
2026-03-22T03:12:57.299656,1240,300,1227,1.5583038330078125,False,0.0,0,1,1774167177299,1774167177299,0
2026-03-22T03:13:03.444310,1241,0,26,0.7891654968261719,False,0.0,0,1,1774167183444,1774167183444,0
2026-03-22T03:13:10.096362,1241,100,426,1.9054412841796875,False,0.0,0,1,1774167190096,1774167190096,0
2026-03-22T03:13:11.843501,1242,0,27,1.9218921661376953,False,0.0,0,1,1774167191843,1774167191843,0
2026-03-22T03:13:18.499557,1242,100,427,3.152608871459961,False,0.0,0,1,1774167198499,1774167198499,0
2026-03-22T03:13:25.154202,1242,200,827,2.0132064819335938,False,0.0,0,1,1774167205154,1774167205154,0
2026-03-22T03:13:31.809132,1242,300,1227,1.8246173858642578,False,0.0,0,1,1774167211809,1774167211809,0
2026-03-22T03:13:38.482004,1242,400,1627,1.8572807312011719,False,0.0,0,1,1774167218482,1774167218482,0
2026-03-22T03:13:43.407002,1243,0,27,1.028299331665039,False,0.0,0,1,1774167223406,1774167223407,1
2026-03-22T03:13:50.062861,1243,100,427,1.9712448120117188,False,0.0,0,1,1774167230062,1774167230062,0
2026-03-22T03:13:56.719675,1243,200,827,1.5807151794433594,False,0.0,0,1,1774167236719,1774167236719,0
2026-03-22T03:14:03.743885,1244,0,28,2.4492740631103516,False,0.0,0,1,1774167243743,1774167243743,0
2026-03-22T03:14:10.395668,1244,100,428,2.026796340942383,False,0.0,0,1,1774167250395,1774167250395,0
2026-03-22T03:14:17.068244,1244,200,828,2.366304397583008,False,0.0,0,1,1774167257068,1774167257068,0
2026-03-22T03:14:23.723684,1244,300,1228,2.332925796508789,False,0.0,0,1,1774167263723,1774167263723,0
2026-03-22T03:14:27.183694,1245,0,27,0.7579326629638672,False,0.0,0,1,1774167267183,1774167267183,0
2026-03-22T03:14:34.439449,1246,0,28,2.5310516357421875,False,0.0,0,1,1774167274439,1774167274439,0
2026-03-22T03:14:41.095080,1246,100,428,2.1545886993408203,False,0.0,0,1,1774167281095,1774167281095,0
2026-03-22T03:14:47.751140,1246,200,828,1.9369125366210938,False,0.0,0,1,1774167287751,1774167287751,0
2026-03-22T03:14:52.937832,1247,0,28,11.16490364074707,False,0.0,0,1,1774167292937,1774167292937,0
2026-03-22T03:14:59.597476,1247,100,428,1.6064643859863281,False,0.0,0,1,1774167299597,1774167299597,0
2026-03-22T03:15:06.254275,1247,200,828,2.7048587799072266,False,0.0,0,1,1774167306254,1774167306254,0
2026-03-22T03:15:12.921945,1247,300,1228,12.972831726074219,False,0.0,0,1,1774167312921,1774167312921,0
2026-03-22T03:15:19.564258,1247,400,1628,1.962900161743164,False,0.0,0,1,1774167319564,1774167319564,0
2026-03-22T03:15:28.358505,1248,0,26,1.0993480682373047,False,0.0,0,1,1774167328358,1774167328358,0
2026-03-22T03:15:35.006011,1248,100,426,1.443624496459961,False,0.0,0,1,1774167335006,1774167335006,0
2026-03-22T03:15:41.687160,1248,200,826,10.58053970336914,False,0.0,0,1,1774167341687,1774167341687,0
2026-03-22T03:15:48.343579,1248,300,1226,9.180784225463867,False,0.0,0,1,1774167348343,1774167348343,0
2026-03-22T03:15:54.989923,1248,400,1626,1.972198486328125,False,0.0,0,1,1774167354989,1774167354989,0
2026-03-22T03:16:04.606933,1249,0,26,1.1286735534667969,False,0.0,0,1,1774167364606,1774167364606,0
2026-03-22T03:16:09.831883,1250,0,27,2.2466182708740234,False,0.0,0,1,1774167369831,1774167369831,0
2026-03-22T03:16:16.512170,1250,100,427,11.053323745727539,False,0.0,0,1,1774167376512,1774167376512,0
2026-03-22T03:16:23.161699,1250,200,827,3.0400753021240234,False,0.0,0,1,1774167383161,1774167383161,0
2026-03-22T03:16:29.815049,1250,300,1227,2.0723342895507812,False,0.0,0,1,1774167389815,1774167389815,0
2026-03-22T03:16:37.083580,1251,0,27,2.979755401611328,False,0.0,0,1,1774167397083,1774167397083,0
2026-03-22T03:16:43.762023,1251,100,427,9.357929229736328,False,0.0,0,1,1774167403762,1774167403762,0
2026-03-22T03:16:47.936955,1252,0,27,14.792442321777344,False,0.0,0,1,1774167407936,1774167407936,0
2026-03-22T03:16:54.586710,1252,100,427,1.7702579498291016,False,0.0,0,1,1774167414586,1774167414586,0
2026-03-22T03:17:01.242238,1252,200,827,2.0792484283447266,False,0.0,0,1,1774167421242,1774167421242,0
2026-03-22T03:17:10.527067,1253,0,27,1.272439956665039,False,0.0,0,1,1774167430527,1774167430527,0
2026-03-22T03:17:17.183235,1253,100,427,2.1147727966308594,False,0.0,0,1,1774167437183,1774167437183,0
2026-03-22T03:17:23.846881,1253,200,827,10.800600051879883,False,0.0,0,1,1774167443846,1774167443846,0
2026-03-22T03:17:30.494855,1253,300,1227,2.075672149658203,False,0.0,0,1,1774167450494,1774167450494,0
2026-03-22T03:17:37.166541,1253,400,1627,2.5870800018310547,False,0.0,0,1,1774167457166,1774167457166,0
2026-03-22T03:17:43.849810,1253,500,2027,12.473344802856445,False,0.0,0,1,1774167463849,1774167463849,0
2026-03-22T03:17:50.868414,1254,0,26,5.4340362548828125,False,0.0,0,1,1774167470868,1774167470868,0
2026-03-22T03:17:54.651246,1255,0,27,8.349418640136719,False,0.0,0,1,1774167474651,1774167474651,0
2026-03-22T03:18:01.322705,1255,100,427,11.603355407714844,False,0.0,0,1,1774167481322,1774167481322,0
2026-03-22T03:18:03.074680,1256,0,27,2.6710033416748047,False,0.0,0,1,1774167483074,1774167483074,0
2026-03-22T03:18:09.014649,1257,0,27,2.010345458984375,False,0.0,0,1,1774167489014,1774167489014,0
2026-03-22T03:18:15.686860,1257,100,427,2.0592212677001953,False,0.0,0,1,1774167495686,1774167495686,0
2026-03-22T03:18:22.341990,1257,200,827,1.9938945770263672,False,0.0,0,1,1774167502341,1774167502341,0
2026-03-22T03:18:29.004789,1257,300,1227,9.213685989379883,False,0.0,0,1,1774167509004,1774167509004,0
2026-03-22T03:18:35.767921,1257,400,1627,9.26518440246582,False,0.0,0,1,1774167515767,1774167515767,0
2026-03-22T03:18:42.436751,1257,500,2027,6.858587265014648,False,0.0,0,1,1774167522436,1774167522436,0
2026-03-22T03:18:48.205118,1258,0,27,0.8716583251953125,False,0.0,0,1,1774167528205,1774167528205,0
2026-03-22T03:18:54.869575,1258,100,427,9.446382522583008,False,0.0,0,1,1774167534869,1774167534869,0
2026-03-22T03:19:01.205034,1259,0,27,1.9717216491699219,False,0.0,0,1,1774167541205,1774167541205,0
2026-03-22T03:19:07.855728,1259,100,427,1.6486644744873047,False,0.0,0,1,1774167547855,1774167547855,0
2026-03-22T03:19:14.528180,1259,200,827,1.7745494842529297,False,0.0,0,1,1774167554528,1774167554528,0
2026-03-22T03:19:21.190093,1259,300,1227,7.477045059204102,False,0.0,0,1,1774167561190,1774167561190,0
2026-03-22T03:19:27.840913,1259,400,1627,2.325296401977539,False,0.0,0,1,1774167567840,1774167567840,0
2026-03-22T03:19:31.886973,1260,0,27,0.8308887481689453,False,0.0,0,1,1774167571886,1774167571886,0
2026-03-22T03:19:38.538745,1260,100,427,2.0694732666015625,False,0.0,0,1,1774167578538,1774167578538,0
2026-03-22T03:19:45.202279,1260,200,827,8.671045303344727,False,0.0,0,1,1774167585202,1774167585202,0
2026-03-22T03:19:49.760920,1261,0,27,1.3082027435302734,False,0.0,0,1,1774167589760,1774167589760,0
2026-03-22T03:19:56.409848,1261,100,427,2.474069595336914,False,0.0,0,1,1774167596409,1774167596409,0
2026-03-22T03:19:57.325255,1262,0,27,1.8811225891113281,False,0.0,0,1,1774167597325,1774167597325,0
2026-03-22T03:20:03.999324,1262,100,427,3.549337387084961,False,0.0,0,1,1774167603999,1774167603999,0
2026-03-22T03:20:06.426710,1263,0,27,2.2683143615722656,False,0.0,0,1,1774167606426,1774167606426,0
2026-03-22T03:20:13.215988,1264,0,27,2.1142959594726562,False,0.0,0,1,1774167613215,1774167613215,0
2026-03-22T03:20:19.875723,1264,100,427,6.553888320922852,False,0.0,0,1,1774167619875,1774167619875,0
2026-03-22T03:20:26.533809,1264,200,827,9.273529052734375,False,0.0,0,1,1774167626533,1774167626533,0
2026-03-22T03:20:33.183063,1264,300,1227,2.8791427612304688,False,0.0,0,1,1774167633183,1774167633183,0
2026-03-22T03:20:42.932731,1265,0,27,1.2500286102294922,False,0.0,0,1,1774167642932,1774167642932,0
2026-03-22T03:20:49.614595,1265,100,427,11.536121368408203,False,0.0,0,1,1774167649614,1774167649614,0
2026-03-22T03:20:56.276813,1265,200,827,2.0172595977783203,False,0.0,0,1,1774167656276,1774167656276,0
2026-03-22T03:21:02.942289,1265,300,1227,10.992288589477539,False,0.0,0,1,1774167662942,1774167662942,0
2026-03-22T03:21:09.588181,1265,400,1627,1.9156932830810547,False,0.0,0,1,1774167669588,1774167669588,0
2026-03-22T03:21:10.960539,1266,0,27,1.5900135040283203,False,0.0,0,1,1774167670960,1774167670960,0
2026-03-22T03:21:15.112794,1267,0,27,2.5293827056884766,False,0.0,0,1,1774167675112,1774167675112,0
2026-03-22T03:21:21.787373,1267,100,427,2.789020538330078,False,0.0,0,1,1774167681787,1774167681787,0
2026-03-22T03:21:28.443348,1267,200,827,3.347635269165039,False,0.0,0,1,1774167688443,1774167688443,0
2026-03-22T03:21:36.145564,1268,0,26,1.512765884399414,False,0.0,0,1,1774167696145,1774167696145,0
2026-03-22T03:21:42.800947,1268,100,426,1.8551349639892578,False,0.0,0,1,1774167702800,1774167702800,0
2026-03-22T03:21:50.436141,1269,0,27,0.8862018585205078,False,0.0,0,1,1774167710436,1774167710436,0
2026-03-22T03:21:55.947265,1270,0,27,2.3005008697509766,False,0.0,0,1,1774167715947,1774167715947,0
2026-03-22T03:22:02.610529,1270,100,427,11.152029037475586,False,0.0,0,1,1774167722610,1774167722610,0
2026-03-22T03:22:09.257490,1270,200,827,1.9161701202392578,False,0.0,0,1,1774167729257,1774167729257,0
2026-03-22T03:22:15.914183,1270,300,1227,3.2243728637695312,False,0.0,0,1,1774167735914,1774167735914,0
2026-03-22T03:22:25.152193,1271,0,27,6.638050079345703,False,0.0,0,1,1774167745152,1774167745152,0
2026-03-22T03:22:29.293196,1272,0,27,2.1359920501708984,False,0.0,0,1,1774167749293,1774167749293,0
2026-03-22T03:22:34.666475,1273,0,27,2.552032470703125,False,0.0,0,1,1774167754666,1774167754666,0
2026-03-22T03:22:41.142724,1274,0,27,3.554821014404297,False,0.0,0,1,1774167761142,1774167761142,0
2026-03-22T03:22:46.794071,1275,0,28,2.109050750732422,False,0.0,0,1,1774167766794,1774167766794,0
2026-03-22T03:22:53.451274,1275,100,428,2.738475799560547,False,0.0,0,1,1774167773451,1774167773451,0
2026-03-22T03:23:00.107832,1275,200,828,3.3330917358398438,False,0.0,0,1,1774167780107,1774167780107,0
2026-03-22T03:23:06.770306,1275,300,1228,11.82699203491211,False,0.0,0,1,1774167786770,1774167786770,0
2026-03-22T03:23:13.432856,1275,400,1628,1.7352104187011719,False,0.0,0,1,1774167793432,1774167793432,0
2026-03-22T03:23:20.106483,1275,500,2028,2.467632293701172,False,0.0,0,1,1774167800106,1774167800106,0
2026-03-22T03:23:26.762520,1275,600,2428,2.4933815002441406,False,0.0,0,1,1774167806762,1774167806762,0
2026-03-22T03:23:34.717369,1276,0,27,4.299163818359375,False,0.0,0,1,1774167814717,1774167814717,0
2026-03-22T03:23:39.389662,1277,0,28,1.7275810241699219,False,0.0,0,1,1774167819389,1774167819389,0
2026-03-22T03:23:46.046621,1277,100,428,2.3338794708251953,False,0.0,0,1,1774167826046,1774167826046,0
2026-03-22T03:23:52.702743,1277,200,828,3.2663345336914062,False,0.0,0,1,1774167832702,1774167832702,0
2026-03-22T03:24:00.058152,1278,0,27,0.8077621459960938,False,0.0,0,1,1774167840058,1774167840058,0
2026-03-22T03:24:06.712358,1278,100,427,3.0896663665771484,False,0.0,0,1,1774167846712,1774167846712,0
2026-03-22T03:24:13.367162,1278,200,827,1.9485950469970703,False,0.0,0,1,1774167853367,1774167853367,0
2026-03-22T03:24:16.594799,1279,0,26,1.809835433959961,False,0.0,0,1,1774167856594,1774167856594,0
2026-03-22T03:24:19.896586,1280,0,28,9.44209098815918,False,0.0,0,1,1774167859896,1774167859896,0
2026-03-22T03:24:26.551089,1280,100,428,7.701635360717773,False,0.0,0,1,1774167866551,1774167866551,0
2026-03-22T03:24:33.218289,1280,200,828,2.66265869140625,False,0.0,0,1,1774167873218,1774167873218,0
2026-03-22T03:24:37.012498,1281,0,27,1.6613006591796875,False,0.0,0,1,1774167877012,1774167877012,0
2026-03-22T03:24:43.669660,1281,100,427,2.8994083404541016,False,0.0,0,1,1774167883669,1774167883669,0
2026-03-22T03:24:44.804648,1282,0,27,7.501363754272461,False,0.0,0,1,1774167884804,1774167884804,0
2026-03-22T03:24:51.470623,1282,100,427,1.8985271453857422,False,0.0,0,1,1774167891470,1774167891470,0
2026-03-22T03:24:58.127339,1282,200,827,2.983570098876953,False,0.0,0,1,1774167898127,1774167898127,0
2026-03-22T03:25:04.789145,1282,300,1227,9.39035415649414,False,0.0,0,1,1774167904789,1774167904789,0
2026-03-22T03:25:10.422531,1283,0,28,0.9140968322753906,False,0.0,0,1,1774167910422,1774167910422,0
2026-03-22T03:25:16.786800,1284,0,27,1.813650131225586,False,0.0,0,1,1774167916786,1774167916786,0
2026-03-22T03:25:23.434430,1284,100,427,2.1572113037109375,False,0.0,0,1,1774167923434,1774167923434,0
2026-03-22T03:25:30.107503,1284,200,827,2.277851104736328,False,0.0,0,1,1774167930107,1774167930107,0
2026-03-22T03:25:34.000730,1285,0,27,2.3970603942871094,False,0.0,0,1,1774167934000,1774167934000,0
2026-03-22T03:25:39.647740,1286,0,28,2.217531204223633,False,0.0,0,1,1774167939647,1774167939647,0
2026-03-22T03:25:46.296128,1286,100,428,1.983642578125,False,0.0,0,1,1774167946296,1774167946296,0
2026-03-22T03:25:48.011068,1287,0,28,2.2945404052734375,False,0.0,0,1,1774167948011,1774167948011,0
2026-03-22T03:25:54.693642,1287,100,428,11.638402938842773,False,0.0,0,1,1774167954693,1774167954693,0
2026-03-22T03:26:01.362259,1287,200,828,9.246110916137695,False,0.0,0,1,1774167961362,1774167961362,0
2026-03-22T03:26:08.010718,1287,300,1228,1.9211769104003906,False,0.0,0,1,1774167968010,1774167968010,0
2026-03-22T03:26:14.681478,1287,400,1628,0.8480548858642578,False,0.0,0,1,1774167974681,1774167974681,0
2026-03-22T03:26:18.809261,1288,0,27,1.2042522430419922,False,0.0,0,1,1774167978809,1774167978809,0
2026-03-22T03:26:25.464620,1288,100,427,1.9655227661132812,False,0.0,0,1,1774167985464,1774167985464,0
2026-03-22T03:26:32.691390,1289,0,27,2.8107166290283203,False,0.0,0,1,1774167992691,1774167992691,0
2026-03-22T03:26:39.352186,1289,100,427,10.284662246704102,False,0.0,0,1,1774167999352,1774167999352,0
2026-03-22T03:26:46.015715,1289,200,827,2.1905899047851562,False,0.0,0,1,1774168006015,1774168006015,0
2026-03-22T03:26:48.843391,1290,0,28,1.917123794555664,False,0.0,0,1,1774168008843,1774168008843,0
2026-03-22T03:26:55.499438,1290,100,428,2.0568370819091797,False,0.0,0,1,1774168015499,1774168015499,0
2026-03-22T03:27:02.162383,1290,200,828,10.016679763793945,False,0.0,0,1,1774168022162,1774168022162,0
2026-03-22T03:27:08.809677,1290,300,1228,2.093076705932617,False,0.0,0,1,1774168028809,1774168028809,0
2026-03-22T03:27:15.464863,1290,400,1628,1.8515586853027344,False,0.0,0,1,1774168035464,1774168035464,0
2026-03-22T03:27:22.122435,1290,500,2028,2.9463768005371094,False,0.0,0,1,1774168042122,1774168042122,0
2026-03-22T03:27:27.596892,1291,0,27,1.1005401611328125,False,0.0,0,1,1774168047596,1774168047596,0
2026-03-22T03:27:34.250577,1291,100,427,2.0449161529541016,False,0.0,0,1,1774168054250,1774168054250,0
2026-03-22T03:27:40.924241,1291,200,827,2.4323463439941406,False,0.0,0,1,1774168060924,1774168060924,0
2026-03-22T03:27:47.579701,1291,300,1227,3.3326148986816406,False,0.0,0,1,1774168067579,1774168067579,0
2026-03-22T03:27:54.253916,1291,400,1627,3.6356449127197266,False,0.0,0,1,1774168074253,1774168074253,0
2026-03-22T03:28:00.907911,1291,500,2027,2.5103092193603516,False,0.0,0,1,1774168080907,1774168080907,0
2026-03-22T03:28:07.569171,1291,600,2427,8.948326110839844,False,0.0,0,1,1774168087569,1774168087569,0
2026-03-22T03:28:14.226318,1291,700,2827,8.524179458618164,False,0.0,0,1,1774168094226,1774168094226,0
2026-03-22T03:28:25.182742,1292,0,27,1.0304450988769531,False,0.0,0,1,1774168105182,1774168105182,0
2026-03-22T03:28:31.840245,1292,100,427,1.9688606262207031,False,0.0,0,1,1774168111840,1774168111840,0
2026-03-22T03:28:38.495743,1292,200,827,2.8324127197265625,False,0.0,0,1,1774168118495,1774168118495,0
2026-03-22T03:28:45.152023,1292,300,1227,3.0143260955810547,False,0.0,0,1,1774168125152,1774168125152,0
2026-03-22T03:28:48.578404,1293,0,26,0.7801055908203125,False,0.0,0,1,1774168128578,1774168128578,0
2026-03-22T03:28:55.235499,1293,100,426,2.1467208862304688,False,0.0,0,1,1774168135235,1774168135235,0
2026-03-22T03:29:01.900363,1293,200,826,12.619495391845703,False,0.0,0,1,1774168141900,1774168141900,0
2026-03-22T03:29:08.553744,1293,300,1226,8.919954299926758,False,0.0,0,1,1774168148553,1774168148553,0
2026-03-22T03:29:13.355380,1294,0,28,1.6870498657226562,False,0.0,0,1,1774168153355,1774168153355,0
2026-03-22T03:29:19.295804,1295,0,27,2.238035202026367,False,0.0,0,1,1774168159295,1774168159295,0
2026-03-22T03:29:25.950833,1295,100,427,2.985239028930664,False,0.0,0,1,1774168165950,1774168165950,0
2026-03-22T03:29:32.605408,1295,200,827,2.712249755859375,False,0.0,0,1,1774168172605,1774168172605,0
2026-03-22T03:29:39.267685,1295,300,1227,9.148359298706055,False,0.0,0,1,1774168179267,1774168179267,0
2026-03-22T03:29:41.327504,1296,0,27,2.408266067504883,False,0.0,0,1,1774168181327,1774168181327,0
2026-03-22T03:29:47.997775,1296,100,427,2.7740001678466797,False,0.0,0,1,1774168187997,1774168187997,0
2026-03-22T03:29:54.670802,1296,200,827,2.5382041931152344,False,0.0,0,1,1774168194670,1774168194670,0
2026-03-22T03:30:01.324384,1296,300,1227,2.1185874938964844,False,0.0,0,1,1774168201324,1774168201324,0
2026-03-22T03:30:05.982816,1297,0,27,2.4008750915527344,False,0.0,0,1,1774168205982,1774168205982,0
2026-03-22T03:30:12.646002,1297,100,427,8.61048698425293,False,0.0,0,1,1774168212645,1774168212646,1
2026-03-22T03:30:13.931320,1298,0,27,13.827800750732422,False,0.0,0,1,1774168213931,1774168213931,0
2026-03-22T03:30:20.576019,1298,100,427,2.105712890625,False,0.0,0,1,1774168220576,1774168220576,0
2026-03-22T03:30:27.233331,1298,200,827,3.5958290100097656,False,0.0,0,1,1774168227233,1774168227233,0
2026-03-22T03:30:33.887837,1298,300,1227,2.526998519897461,False,0.0,0,1,1774168233887,1774168233887,0
2026-03-22T03:30:40.544187,1298,400,1627,2.4139881134033203,False,0.0,0,1,1774168240544,1774168240544,0
2026-03-22T03:30:49.878278,1299,0,27,0.8993148803710938,False,0.0,0,1,1774168249878,1774168249878,0
2026-03-22T03:30:56.535537,1299,100,427,1.5430450439453125,False,0.0,0,1,1774168256535,1774168256535,0
2026-03-22T03:31:01.639709,1300,0,27,0.9443759918212891,False,0.0,0,1,1774168261639,1774168261639,0
2026-03-22T03:31:08.295573,1300,100,427,1.6400814056396484,False,0.0,0,1,1774168268295,1774168268295,0
2026-03-22T03:31:14.959694,1300,200,827,8.909940719604492,False,0.0,0,1,1774168274959,1774168274959,0
2026-03-22T03:31:21.607167,1300,300,1227,1.8568038940429688,False,0.0,0,1,1774168281607,1774168281607,0
2026-03-22T03:31:28.263926,1300,400,1627,2.6051998138427734,False,0.0,0,1,1774168288263,1774168288263,0
2026-03-22T03:31:35.883955,1301,0,28,0.7309913635253906,False,0.0,0,1,1774168295883,1774168295883,0
2026-03-22T03:31:42.541634,1301,100,428,2.9671192169189453,False,0.0,0,1,1774168302541,1774168302541,0
2026-03-22T03:31:49.197289,1301,200,828,3.2100677490234375,False,0.0,0,1,1774168309197,1774168309197,0
2026-03-22T03:31:53.065018,1302,0,27,3.057718276977539,False,0.0,0,1,1774168313065,1774168313065,0
2026-03-22T03:31:59.728408,1302,100,427,2.4976730346679688,False,0.0,0,1,1774168319728,1774168319728,0
2026-03-22T03:32:06.384501,1302,200,827,1.8279552459716797,False,0.0,0,1,1774168326384,1774168326384,0
2026-03-22T03:32:13.048325,1302,300,1227,11.276006698608398,False,0.0,0,1,1774168333048,1774168333048,0
2026-03-22T03:32:20.645018,1303,0,26,1.3518333435058594,False,0.0,0,1,1774168340645,1774168340645,0
2026-03-22T03:32:27.300063,1303,100,426,2.7320384979248047,False,0.0,0,1,1774168347300,1774168347300,0
2026-03-22T03:32:33.972101,1303,200,826,3.0660629272460938,False,0.0,0,1,1774168353972,1774168353972,0
2026-03-22T03:32:40.628732,1303,300,1226,3.021717071533203,False,0.0,0,1,1774168360628,1774168360628,0
2026-03-22T03:32:47.306047,1303,400,1626,8.66842269897461,False,0.0,0,1,1774168367306,1774168367306,0
2026-03-22T03:32:56.873567,1304,0,26,0.7710456848144531,False,0.0,0,1,1774168376873,1774168376873,0
2026-03-22T03:33:03.522205,1304,100,426,1.729726791381836,False,0.0,0,1,1774168383522,1774168383522,0
2026-03-22T03:33:09.629508,1305,0,27,1.8069744110107422,False,0.0,0,1,1774168389629,1774168389629,0
2026-03-22T03:33:16.301894,1305,100,427,2.1016597747802734,False,0.0,0,1,1774168396301,1774168396301,0
2026-03-22T03:33:22.958539,1305,200,827,3.2494068145751953,False,0.0,0,1,1774168402958,1774168402958,0
2026-03-22T03:33:29.613547,1305,300,1227,2.1238327026367188,False,0.0,0,1,1774168409613,1774168409613,0
2026-03-22T03:33:36.269077,1305,400,1627,2.6519298553466797,False,0.0,0,1,1774168416269,1774168416269,0
2026-03-22T03:33:42.924897,1305,500,2027,2.5148391723632812,False,0.0,0,1,1774168422924,1774168422924,0
2026-03-22T03:33:50.805428,1306,0,26,1.3875961303710938,False,0.0,0,1,1774168430805,1774168430805,0
2026-03-22T03:33:57.456396,1306,100,426,9.036540985107422,False,0.0,0,1,1774168437456,1774168437456,0
2026-03-22T03:34:04.115199,1306,200,826,11.206626892089844,False,0.0,0,1,1774168444115,1774168444115,0
2026-03-22T03:34:12.150832,1307,0,27,1.3053417205810547,False,0.0,0,1,1774168452150,1774168452150,0
2026-03-22T03:34:18.798796,1307,100,427,2.821683883666992,False,0.0,0,1,1774168458798,1774168458798,0
2026-03-22T03:34:25.456433,1307,200,827,4.064321517944336,False,0.0,0,1,1774168465456,1774168465456,0
2026-03-22T03:34:28.825484,1308,0,28,11.419534683227539,False,0.0,0,1,1774168468825,1774168468825,0
2026-03-22T03:34:34.145512,1309,0,27,8.655548095703125,False,0.0,0,1,1774168474145,1774168474145,0
2026-03-22T03:34:40.795984,1309,100,427,3.124237060546875,False,0.0,0,1,1774168480795,1774168480795,0
2026-03-22T03:34:45.284109,1310,0,28,14.309167861938477,False,0.0,0,1,1774168485284,1774168485284,0
2026-03-22T03:34:51.916682,1311,0,27,9.661197662353516,False,0.0,0,1,1774168491916,1774168491916,0
2026-03-22T03:34:55.387658,1312,0,27,1.8012523651123047,False,0.0,0,1,1774168495387,1774168495387,0
2026-03-22T03:35:02.042303,1312,100,427,1.834869384765625,False,0.0,0,1,1774168502042,1774168502042,0
2026-03-22T03:35:08.701403,1312,200,827,2.8171539306640625,False,0.0,0,1,1774168508701,1774168508701,0
2026-03-22T03:35:14.106776,1313,0,27,1.8389225006103516,False,0.0,0,1,1774168514106,1774168514106,0
2026-03-22T03:35:20.780017,1313,100,427,2.626657485961914,False,0.0,0,1,1774168520780,1774168520780,0
2026-03-22T03:35:27.437140,1313,200,827,2.4890899658203125,False,0.0,0,1,1774168527437,1774168527437,0
2026-03-22T03:35:34.091886,1313,300,1227,3.398418426513672,False,0.0,0,1,1774168534091,1774168534091,0
2026-03-22T03:35:40.746745,1313,400,1627,2.851247787475586,False,0.0,0,1,1774168540746,1774168540746,0
2026-03-22T03:35:47.158026,1314,0,27,1.0585784912109375,False,0.0,0,1,1774168547158,1774168547158,0
2026-03-22T03:35:52.675831,1315,0,27,2.7246475219726562,False,0.0,0,1,1774168552675,1774168552675,0
2026-03-22T03:35:59.339565,1315,100,427,10.18667221069336,False,0.0,0,1,1774168559339,1774168559339,0
2026-03-22T03:36:06.003413,1315,200,827,2.6230812072753906,False,0.0,0,1,1774168566003,1774168566003,0
2026-03-22T03:36:11.230486,1316,0,26,0.9605884552001953,False,0.0,0,1,1774168571230,1774168571230,0
2026-03-22T03:36:17.891234,1316,100,426,8.835077285766602,False,0.0,0,1,1774168577891,1774168577891,0
2026-03-22T03:36:18.753176,1317,0,27,15.661001205444336,False,0.0,0,1,1774168578753,1774168578753,0
2026-03-22T03:36:25.416057,1317,100,427,11.925220489501953,False,0.0,0,1,1774168585416,1774168585416,0
2026-03-22T03:36:32.069513,1317,200,827,10.858535766601562,False,0.0,0,1,1774168592069,1774168592069,0
2026-03-22T03:36:35.434457,1318,0,26,15.294075012207031,False,0.0,0,1,1774168595434,1774168595434,0
2026-03-22T03:36:42.078416,1318,100,426,2.808809280395508,False,0.0,0,1,1774168602078,1774168602078,0
2026-03-22T03:36:48.736726,1318,200,826,6.639957427978516,False,0.0,0,1,1774168608736,1774168608736,0
2026-03-22T03:36:55.388322,1318,300,1226,2.2640228271484375,False,0.0,0,1,1774168615388,1774168615388,0
2026-03-22T03:37:02.043496,1318,400,1626,2.141237258911133,False,0.0,0,1,1774168622043,1774168622043,0
2026-03-22T03:37:08.705386,1318,500,2026,8.043766021728516,False,0.0,0,1,1774168628705,1774168628705,0
2026-03-22T03:37:09.953623,1319,0,28,7.6904296875,False,0.0,0,1,1774168629953,1774168629953,0
2026-03-22T03:37:13.441539,1320,0,27,11.8560791015625,False,0.0,0,1,1774168633441,1774168633441,0
2026-03-22T03:37:18.702679,1321,0,27,1.085519790649414,False,0.0,0,1,1774168638702,1774168638702,0
2026-03-22T03:37:25.360483,1321,100,427,7.691383361816406,False,0.0,0,1,1774168645360,1774168645360,0
2026-03-22T03:37:32.020134,1321,200,827,11.025667190551758,False,0.0,0,1,1774168652020,1774168652020,0
2026-03-22T03:37:38.667219,1321,300,1227,2.6712417602539062,False,0.0,0,1,1774168658667,1774168658667,0
2026-03-22T03:37:47.107228,1322,0,27,0.7603168487548828,False,0.0,0,1,1774168667107,1774168667107,0
2026-03-22T03:37:51.484440,1323,0,27,8.394718170166016,False,0.0,0,1,1774168671484,1774168671484,0
2026-03-22T03:37:58.135349,1323,100,427,2.717256546020508,False,0.0,0,1,1774168678135,1774168678135,0
2026-03-22T03:38:04.789927,1323,200,827,2.5587081909179688,False,0.0,0,1,1774168684789,1774168684789,0
2026-03-22T03:38:11.446813,1323,300,1227,3.8673877716064453,False,0.0,0,1,1774168691446,1774168691446,0
2026-03-22T03:38:18.108622,1323,400,1627,9.956121444702148,False,0.0,0,1,1774168698108,1774168698108,0
2026-03-22T03:38:24.756162,1323,500,2027,1.9748210906982422,False,0.0,0,1,1774168704756,1774168704756,0
2026-03-22T03:38:31.412819,1323,600,2427,1.9595623016357422,False,0.0,0,1,1774168711412,1774168711412,0
2026-03-22T03:38:38.068680,1323,700,2827,2.1393299102783203,False,0.0,0,1,1774168718068,1774168718068,0
2026-03-22T03:38:43.707424,1324,0,26,0.9033679962158203,False,0.0,0,1,1774168723707,1774168723707,0
2026-03-22T03:38:50.364884,1324,100,426,1.9271373748779297,False,0.0,0,1,1774168730364,1774168730364,0
2026-03-22T03:38:57.038145,1324,200,826,2.9506683349609375,False,0.0,0,1,1774168737038,1774168737038,0
2026-03-22T03:39:00.030945,1325,0,26,0.9293556213378906,False,0.0,0,1,1774168740030,1774168740030,0
2026-03-22T03:39:05.356325,1326,0,28,2.722024917602539,False,0.0,0,1,1774168745356,1774168745356,0
2026-03-22T03:39:12.012049,1326,100,428,1.4486312866210938,False,0.0,0,1,1774168752012,1774168752012,0
2026-03-22T03:39:18.668136,1326,200,828,2.535104751586914,False,0.0,0,1,1774168758668,1774168758668,0
2026-03-22T03:39:25.141782,1327,0,27,3.7822723388671875,False,0.0,0,1,1774168765141,1774168765141,0
2026-03-22T03:39:31.580069,1328,0,26,1.8656253814697266,False,0.0,0,1,1774168771580,1774168771580,0
2026-03-22T03:39:38.236651,1328,100,426,3.074169158935547,False,0.0,0,1,1774168778236,1774168778236,0
2026-03-22T03:39:44.900904,1328,200,826,12.247085571289062,False,0.0,0,1,1774168784900,1774168784900,0
2026-03-22T03:39:51.551424,1328,300,1226,7.759809494018555,False,0.0,0,1,1774168791551,1774168791551,0
2026-03-22T03:39:58.202353,1328,400,1626,2.756834030151367,False,0.0,0,1,1774168798202,1774168798202,0
2026-03-22T03:40:04.859559,1328,500,2026,2.1369457244873047,False,0.0,0,1,1774168804859,1774168804859,0
2026-03-22T03:40:11.514088,1328,600,2426,2.5506019592285156,False,0.0,0,1,1774168811514,1774168811514,0
2026-03-22T03:40:20.249433,1329,0,27,1.3165473937988281,False,0.0,0,1,1774168820249,1774168820249,0
2026-03-22T03:40:26.906889,1329,100,427,2.8586387634277344,False,0.0,0,1,1774168826906,1774168826906,0
2026-03-22T03:40:33.561968,1329,200,827,3.004312515258789,False,0.0,0,1,1774168833561,1774168833561,0
2026-03-22T03:40:38.818384,1330,0,27,1.35040283203125,False,0.0,0,1,1774168838818,1774168838818,0
2026-03-22T03:40:45.474347,1330,100,427,1.9001960754394531,False,0.0,0,1,1774168845474,1774168845474,0
2026-03-22T03:40:53.880852,1331,0,27,0.8521080017089844,False,0.0,0,1,1774168853880,1774168853880,0
2026-03-22T03:41:00.532015,1331,100,427,2.4962425231933594,False,0.0,0,1,1774168860532,1774168860532,0
2026-03-22T03:41:07.187916,1331,200,827,2.235889434814453,False,0.0,0,1,1774168867187,1774168867187,0
2026-03-22T03:41:13.843841,1331,300,1227,2.089262008666992,False,0.0,0,1,1774168873843,1774168873843,0
2026-03-22T03:41:20.498730,1331,400,1627,1.8002986907958984,False,0.0,0,1,1774168880498,1774168880498,0
2026-03-22T03:41:25.989560,1332,0,27,0.9477138519287109,False,0.0,0,1,1774168885989,1774168885989,0
2026-03-22T03:41:32.646803,1332,100,427,2.8228759765625,False,0.0,0,1,1774168892646,1774168892646,0
2026-03-22T03:41:39.319679,1332,200,827,3.0040740966796875,False,0.0,0,1,1774168899319,1774168899319,0
2026-03-22T03:41:45.973813,1332,300,1227,1.8391609191894531,False,0.0,0,1,1774168905973,1774168905973,0
2026-03-22T03:41:52.562322,1333,0,27,2.3622512817382812,False,0.0,0,1,1774168912562,1774168912562,0
2026-03-22T03:41:59.227636,1333,100,427,10.524749755859375,False,0.0,0,1,1774168919227,1774168919227,0
2026-03-22T03:42:04.861038,1334,0,26,4.685640335083008,False,0.0,0,1,1774168924861,1774168924861,0
2026-03-22T03:42:11.516542,1334,100,426,3.0028820037841797,False,0.0,0,1,1774168931516,1774168931516,0
2026-03-22T03:42:18.171554,1334,200,826,2.1860599517822266,False,0.0,0,1,1774168938171,1774168938171,0
2026-03-22T03:42:24.825950,1334,300,1226,2.357006072998047,False,0.0,0,1,1774168944825,1774168944825,0
2026-03-22T03:42:29.103470,1335,0,28,2.8052330017089844,False,0.0,0,1,1774168949103,1774168949103,0
2026-03-22T03:42:35.768040,1335,100,428,11.271953582763672,False,0.0,0,1,1774168955768,1774168955768,0
2026-03-22T03:42:42.421564,1335,200,828,9.989023208618164,False,0.0,0,1,1774168962421,1774168962421,0
2026-03-22T03:42:49.070101,1335,300,1228,1.8963813781738281,False,0.0,0,1,1774168969070,1774168969070,0
2026-03-22T03:42:50.044914,1336,0,28,13.581275939941406,False,0.0,0,1,1774168970044,1774168970044,0
2026-03-22T03:42:56.706607,1336,100,428,2.0356178283691406,False,0.0,0,1,1774168976706,1774168976706,0
2026-03-22T03:43:03.361503,1336,200,828,1.5628337860107422,False,0.0,0,1,1774168983361,1774168983361,0
2026-03-22T03:43:10.023344,1336,300,1228,7.733583450317383,False,0.0,0,1,1774168990023,1774168990023,0
2026-03-22T03:43:16.693467,1336,400,1628,5.7926177978515625,False,0.0,0,1,1774168996693,1774168996693,0
2026-03-22T03:43:24.517439,1337,0,27,3.0450820922851562,False,0.0,0,1,1774169004517,1774169004517,0
2026-03-22T03:43:31.165980,1337,100,427,2.6383399963378906,False,0.0,0,1,1774169011165,1774169011165,0
2026-03-22T03:43:37.820994,1337,200,827,1.8527507781982422,False,0.0,0,1,1774169017820,1774169017820,0
2026-03-22T03:43:44.194793,1338,0,27,2.671480178833008,False,0.0,0,1,1774169024194,1774169024194,0
2026-03-22T03:43:50.867638,1338,100,427,2.0008087158203125,False,0.0,0,1,1774169030867,1774169030867,0
2026-03-22T03:43:57.524574,1338,200,827,3.7779808044433594,False,0.0,0,1,1774169037524,1774169037524,0
2026-03-22T03:44:04.178893,1338,300,1227,2.8371810913085938,False,0.0,0,1,1774169044178,1774169044178,0
2026-03-22T03:44:09.188504,1339,0,27,0.8275508880615234,False,0.0,0,1,1774169049188,1774169049188,0
2026-03-22T03:44:15.847573,1339,100,427,8.096694946289062,False,0.0,0,1,1774169055847,1774169055847,0
2026-03-22T03:44:22.496100,1339,200,827,1.2011528015136719,False,0.0,0,1,1774169062496,1774169062496,0
2026-03-22T03:44:29.658820,1340,0,27,3.7488937377929688,False,0.0,0,1,1774169069658,1774169069658,0
2026-03-22T03:44:36.319253,1340,100,427,12.086153030395508,False,0.0,0,1,1774169076319,1774169076319,0
2026-03-22T03:44:42.970175,1340,200,827,9.216547012329102,False,0.0,0,1,1774169082970,1774169082970,0
2026-03-22T03:44:50.949591,1341,0,27,1.0638236999511719,False,0.0,0,1,1774169090949,1774169090949,0
2026-03-22T03:44:54.134252,1342,0,27,8.349895477294922,False,0.0,0,1,1774169094134,1774169094134,0
2026-03-22T03:45:00.784239,1342,100,427,1.6803741455078125,False,0.0,0,1,1774169100784,1774169100784,0
2026-03-22T03:45:07.449161,1342,200,827,12.260675430297852,False,0.0,0,1,1774169107449,1774169107449,0
2026-03-22T03:45:14.094758,1342,300,1227,2.101898193359375,False,0.0,0,1,1774169114094,1774169114094,0
2026-03-22T03:45:21.317281,1343,0,27,3.080606460571289,False,0.0,0,1,1774169121317,1774169121317,0
2026-03-22T03:45:27.979924,1343,100,427,8.676528930664062,False,0.0,0,1,1774169127979,1774169127979,0
2026-03-22T03:45:34.644175,1343,200,827,1.6207695007324219,False,0.0,0,1,1774169134644,1774169134644,0
2026-03-22T03:45:41.300156,1343,300,1227,2.663135528564453,False,0.0,0,1,1774169141300,1774169141300,0
2026-03-22T03:45:48.180298,1344,0,27,3.1092166900634766,False,0.0,0,1,1774169148180,1774169148180,0
2026-03-22T03:45:53.064129,1345,0,27,2.0792484283447266,False,0.0,0,1,1774169153064,1774169153064,0
2026-03-22T03:45:59.720130,1345,100,427,1.8939971923828125,False,0.0,0,1,1774169159720,1774169159720,0
2026-03-22T03:46:06.381679,1345,200,827,8.553743362426758,False,0.0,0,1,1774169166381,1774169166381,0
2026-03-22T03:46:13.031090,1345,300,1227,2.3651123046875,False,0.0,0,1,1774169173031,1774169173031,0
2026-03-22T03:46:19.686465,1345,400,1627,2.1963119506835938,False,0.0,0,1,1774169179686,1774169179686,0
2026-03-22T03:46:26.350375,1345,500,2027,10.392427444458008,False,0.0,0,1,1774169186350,1774169186350,0
2026-03-22T03:46:33.005598,1345,600,2427,9.479761123657227,False,0.0,0,1,1774169193005,1774169193005,0
2026-03-22T03:46:39.652941,1345,700,2827,1.7523765563964844,False,0.0,0,1,1774169199652,1774169199652,0
2026-03-22T03:46:46.374314,1346,0,26,0.8318424224853516,False,0.0,0,1,1774169206374,1774169206374,0
2026-03-22T03:46:53.032503,1346,100,426,2.724885940551758,False,0.0,0,1,1774169213032,1774169213032,0
2026-03-22T03:46:59.686061,1346,200,826,1.9643306732177734,False,0.0,0,1,1774169219686,1774169219686,0
2026-03-22T03:47:02.231847,1347,0,28,1.8897056579589844,False,0.0,0,1,1774169222231,1774169222231,0
2026-03-22T03:47:08.889595,1347,100,428,3.9899349212646484,False,0.0,0,1,1774169228889,1774169228889,0
2026-03-22T03:47:15.545492,1347,200,828,3.0412673950195312,False,0.0,0,1,1774169235545,1774169235545,0
2026-03-22T03:47:22.816093,1348,0,27,0.9083747863769531,False,0.0,0,1,1774169242816,1774169242816,0
2026-03-22T03:47:29.476406,1348,100,427,8.028268814086914,False,0.0,0,1,1774169249476,1774169249476,0
2026-03-22T03:47:35.977523,1349,0,27,1.8513202667236328,False,0.0,0,1,1774169255977,1774169255977,0
2026-03-22T03:47:42.635906,1349,100,427,2.874135971069336,False,0.0,0,1,1774169262635,1774169262635,0
2026-03-22T03:47:49.307111,1349,200,827,2.6192665100097656,False,0.0,0,1,1774169269307,1774169269307,0
2026-03-22T03:47:55.972323,1349,300,1227,11.86370849609375,False,0.0,0,1,1774169275972,1774169275972,0
2026-03-22T03:48:02.625522,1349,400,1627,12.066364288330078,False,0.0,0,1,1774169282625,1774169282625,0
2026-03-22T03:48:09.289939,1349,500,2027,2.0639896392822266,False,0.0,0,1,1774169289289,1774169289289,0
2026-03-22T03:48:15.945796,1349,600,2427,2.9840469360351562,False,0.0,0,1,1774169295945,1774169295945,0
2026-03-22T03:48:22.611789,1349,700,2827,13.249874114990234,False,0.0,0,1,1774169302611,1774169302611,0
2026-03-22T03:48:29.255738,1349,800,3227,2.302408218383789,False,0.0,0,1,1774169309255,1774169309255,0
2026-03-22T03:48:35.918042,1349,900,3627,8.91733169555664,False,0.0,0,1,1774169315918,1774169315918,0
2026-03-22T03:48:49.736272,1350,0,27,0.9987354278564453,False,0.0,0,1,1774169329736,1774169329736,0
2026-03-22T03:48:56.393704,1350,100,427,1.8193721771240234,False,0.0,0,1,1774169336393,1774169336393,0
2026-03-22T03:49:01.002685,1351,0,28,1.9180774688720703,False,0.0,0,1,1774169341002,1774169341002,0
2026-03-22T03:49:07.674158,1351,100,428,1.6925334930419922,False,0.0,0,1,1774169347674,1774169347674,0
2026-03-22T03:49:14.337287,1351,200,828,9.74726676940918,False,0.0,0,1,1774169354337,1774169354337,0
2026-03-22T03:49:18.296457,1352,0,28,2.150297164916992,False,0.0,0,1,1774169358296,1774169358296,0
2026-03-22T03:49:24.963161,1352,100,428,2.088308334350586,False,0.0,0,1,1774169364963,1774169364963,0
2026-03-22T03:49:31.627339,1352,200,828,10.617494583129883,False,0.0,0,1,1774169371627,1774169371627,0
2026-03-22T03:49:37.874698,1353,0,27,0.7767677307128906,False,0.0,0,1,1774169377874,1774169377874,0
2026-03-22T03:49:44.546835,1353,100,427,1.7337799072265625,False,0.0,0,1,1774169384546,1774169384546,0
2026-03-22T03:49:51.203170,1353,200,827,2.1135807037353516,False,0.0,0,1,1774169391203,1774169391203,0
2026-03-22T03:49:57.862006,1353,300,1227,6.506443023681641,False,0.0,0,1,1774169397862,1774169397862,0
2026-03-22T03:50:07.581493,1354,0,27,4.187822341918945,False,0.0,0,1,1774169407581,1774169407581,0
2026-03-22T03:50:13.621894,1355,0,28,2.3834705352783203,False,0.0,0,1,1774169413621,1774169413621,0
2026-03-22T03:50:20.270775,1355,100,428,1.9676685333251953,False,0.0,0,1,1774169420270,1774169420270,0
2026-03-22T03:50:22.851738,1356,0,27,1.7566680908203125,False,0.0,0,1,1774169422851,1774169422851,0
2026-03-22T03:50:27.476526,1357,0,28,2.3012161254882812,False,0.0,0,1,1774169427476,1774169427476,0
2026-03-22T03:50:34.130511,1357,100,428,1.8374919891357422,False,0.0,0,1,1774169434130,1774169434130,0
2026-03-22T03:50:40.813951,1357,200,828,12.931346893310547,False,0.0,0,1,1774169440813,1774169440813,0
2026-03-22T03:50:47.467677,1357,300,1228,10.838031768798828,False,0.0,0,1,1774169447467,1774169447467,0
2026-03-22T03:50:53.781770,1358,0,28,1.8239021301269531,False,0.0,0,1,1774169453781,1774169453781,0
2026-03-22T03:50:59.888057,1359,0,28,1.856088638305664,False,0.0,0,1,1774169459888,1774169459888,0
2026-03-22T03:51:06.561541,1359,100,428,2.3517608642578125,False,0.0,0,1,1774169466561,1774169466561,0
2026-03-22T03:51:13.216940,1359,200,828,3.0319690704345703,False,0.0,0,1,1774169473216,1774169473216,0
2026-03-22T03:51:19.882915,1359,300,1228,13.359546661376953,False,0.0,0,1,1774169479882,1774169479882,0
2026-03-22T03:51:22.940909,1360,0,27,9.60397720336914,False,0.0,0,1,1774169482940,1774169482940,0
2026-03-22T03:51:29.595748,1360,100,427,8.366584777832031,False,0.0,0,1,1774169489595,1774169489595,0
2026-03-22T03:51:36.251177,1360,200,827,8.54802131652832,False,0.0,0,1,1774169496251,1774169496251,0
2026-03-22T03:51:43.136789,1361,0,27,0.8256435394287109,False,0.0,0,1,1774169503136,1774169503136,0
2026-03-22T03:51:49.805782,1361,100,427,1.600503921508789,False,0.0,0,1,1774169509805,1774169509805,0
2026-03-22T03:51:56.478531,1361,200,827,2.3756027221679688,False,0.0,0,1,1774169516478,1774169516478,0
2026-03-22T03:52:03.145555,1361,300,1227,12.330770492553711,False,0.0,0,1,1774169523145,1774169523145,0
2026-03-22T03:52:09.791667,1361,400,1627,2.303600311279297,False,0.0,0,1,1774169529791,1774169529791,0
2026-03-22T03:52:16.461553,1361,500,2027,1.9428730010986328,False,0.0,0,1,1774169536461,1774169536461,0
2026-03-22T03:52:23.117521,1361,600,2427,2.3946762084960938,False,0.0,0,1,1774169543117,1774169543117,0
2026-03-22T03:52:29.775758,1361,700,2827,2.422332763671875,False,0.0,0,1,1774169549775,1774169549775,0
2026-03-22T03:52:36.453864,1361,800,3227,10.68878173828125,False,0.0,0,1,1774169556453,1774169556453,0
2026-03-22T03:52:43.101736,1361,900,3627,2.2165775299072266,False,0.0,0,1,1774169563101,1774169563101,0
2026-03-22T03:52:52.600690,1362,0,27,1.0371208190917969,False,0.0,0,1,1774169572600,1774169572600,0
2026-03-22T03:52:58.896574,1363,0,27,6.873846054077148,False,0.0,0,1,1774169578896,1774169578896,0
2026-03-22T03:53:02.934385,1364,0,28,2.0742416381835938,False,0.0,0,1,1774169582934,1774169582934,0
2026-03-22T03:53:07.844203,1365,0,27,2.0170211791992188,False,0.0,0,1,1774169587844,1774169587844,0
2026-03-22T03:53:14.500405,1365,100,427,2.3124217987060547,False,0.0,0,1,1774169594500,1774169594500,0
2026-03-22T03:53:19.662553,1366,0,28,7.144451141357422,False,0.0,0,1,1774169599662,1774169599662,0
2026-03-22T03:53:26.330060,1366,100,428,1.6179084777832031,False,0.0,0,1,1774169606330,1774169606330,0
2026-03-22T03:53:33.001315,1366,200,828,2.2771358489990234,False,0.0,0,1,1774169613001,1774169613001,0
2026-03-22T03:53:37.725514,1367,0,27,0.8370876312255859,False,0.0,0,1,1774169617725,1774169617725,0
2026-03-22T03:53:42.934524,1368,0,27,1.6422271728515625,False,0.0,0,1,1774169622934,1774169622934,0
2026-03-22T03:53:49.607329,1368,100,427,2.498626708984375,False,0.0,0,1,1774169629607,1774169629607,0
2026-03-22T03:53:56.285973,1368,200,827,8.969783782958984,False,0.0,0,1,1774169636285,1774169636285,0
2026-03-22T03:54:02.936983,1368,300,1227,2.913951873779297,False,0.0,0,1,1774169642936,1774169642936,0
2026-03-22T03:54:10.803554,1369,0,27,1.0035037994384766,False,0.0,0,1,1774169650803,1774169650803,0
2026-03-22T03:54:17.455283,1369,100,427,12.55941390991211,False,0.0,0,1,1774169657455,1774169657455,0
2026-03-22T03:54:24.100572,1369,200,827,2.1283626556396484,False,0.0,0,1,1774169664100,1774169664100,0
2026-03-22T03:54:30.757221,1369,300,1227,2.2063255310058594,False,0.0,0,1,1774169670757,1774169670757,0
2026-03-22T03:54:37.425113,1369,400,1627,14.48202133178711,False,0.0,0,1,1774169677425,1774169677425,0
2026-03-22T03:54:44.093534,1369,500,2027,9.621143341064453,False,0.0,0,1,1774169684093,1774169684093,0
2026-03-22T03:54:50.751481,1369,600,2427,11.174917221069336,False,0.0,0,1,1774169690751,1774169690751,0
2026-03-22T03:54:59.579566,1370,0,27,3.4589767456054688,False,0.0,0,1,1774169699579,1774169699579,0
2026-03-22T03:55:06.246323,1370,100,427,1.4252662658691406,False,0.0,0,1,1774169706246,1774169706246,0
2026-03-22T03:55:12.901715,1370,200,827,1.8723011016845703,False,0.0,0,1,1774169712901,1774169712901,0
2026-03-22T03:55:18.110713,1371,0,28,1.7690658569335938,False,0.0,0,1,1774169718110,1774169718110,0
2026-03-22T03:55:24.768274,1371,100,428,3.2520294189453125,False,0.0,0,1,1774169724768,1774169724768,0
2026-03-22T03:55:31.347326,1372,0,28,10.290145874023438,False,0.0,0,1,1774169731347,1774169731347,0
2026-03-22T03:55:37.995379,1372,100,428,2.7184486389160156,False,0.0,0,1,1774169737995,1774169737995,0
2026-03-22T03:55:44.667250,1372,200,828,2.871274948120117,False,0.0,0,1,1774169744667,1774169744667,0
2026-03-22T03:55:47.917023,1373,0,27,3.0241012573242188,False,0.0,0,1,1774169747917,1774169747917,0
2026-03-22T03:55:54.566337,1373,100,427,2.0055770874023438,False,0.0,0,1,1774169754566,1774169754566,0
2026-03-22T03:56:01.243048,1373,200,827,6.096363067626953,False,0.0,0,1,1774169761243,1774169761243,0
2026-03-22T03:56:02.270902,1374,0,27,2.2771358489990234,False,0.0,0,1,1774169762270,1774169762270,0
2026-03-22T03:56:08.926864,1374,100,427,2.076864242553711,False,0.0,0,1,1774169768926,1774169768926,0
2026-03-22T03:56:15.607205,1374,200,827,10.793685913085938,False,0.0,0,1,1774169775607,1774169775607,0
2026-03-22T03:56:22.259557,1374,300,1227,7.97581672668457,False,0.0,0,1,1774169782259,1774169782259,0
2026-03-22T03:56:30.126473,1375,0,27,3.5200119018554688,False,0.0,0,1,1774169790126,1774169790126,0
2026-03-22T03:56:36.798356,1375,100,427,3.112316131591797,False,0.0,0,1,1774169796798,1774169796798,0
2026-03-22T03:56:43.453698,1375,200,827,2.820730209350586,False,0.0,0,1,1774169803453,1774169803453,0
2026-03-22T03:56:50.108575,1375,300,1227,2.2430419921875,False,0.0,0,1,1774169810108,1774169810108,0
2026-03-22T03:56:56.779502,1375,400,1627,1.7595291137695312,False,0.0,0,1,1774169816779,1774169816779,0
2026-03-22T03:57:05.381069,1376,0,27,0.9379386901855469,False,0.0,0,1,1774169825381,1774169825381,0
2026-03-22T03:57:12.053968,1376,100,427,1.7247200012207031,False,0.0,0,1,1774169832053,1774169832053,0
2026-03-22T03:57:18.718004,1376,200,827,9.276866912841797,False,0.0,0,1,1774169838718,1774169838718,0
2026-03-22T03:57:23.240049,1377,0,27,2.6254653930664062,False,0.0,0,1,1774169843240,1774169843240,0
2026-03-22T03:57:29.909062,1377,100,427,2.526521682739258,False,0.0,0,1,1774169849909,1774169849909,0
2026-03-22T03:57:36.572770,1377,200,827,9.023189544677734,False,0.0,0,1,1774169856572,1774169856572,0
2026-03-22T03:57:43.219686,1377,300,1227,1.5666484832763672,False,0.0,0,1,1774169863219,1774169863219,0
2026-03-22T03:57:47.499920,1378,0,27,2.585887908935547,False,0.0,0,1,1774169867499,1774169867499,0
2026-03-22T03:57:52.039396,1379,0,27,2.4175643920898438,False,0.0,0,1,1774169872039,1774169872039,0
2026-03-22T03:57:56.091318,1380,0,27,4.327297210693359,False,0.0,0,1,1774169876091,1774169876091,0
2026-03-22T03:58:02.739983,1380,100,427,2.187490463256836,False,0.0,0,1,1774169882739,1774169882739,0
2026-03-22T03:58:09.402908,1380,200,827,9.037971496582031,False,0.0,0,1,1774169889402,1774169889402,0
2026-03-22T03:58:16.051143,1380,300,1227,3.9434432983398438,False,0.0,0,1,1774169896051,1774169896051,0
2026-03-22T03:58:22.711619,1380,400,1627,9.542465209960938,False,0.0,0,1,1774169902711,1774169902711,0
2026-03-22T03:58:29.389220,1380,500,2027,13.410329818725586,False,0.0,0,1,1774169909389,1774169909389,0
2026-03-22T03:58:36.039707,1380,600,2427,9.547948837280273,False,0.0,0,1,1774169916039,1774169916039,0
2026-03-22T03:58:45.669241,1381,0,26,3.2422542572021484,False,0.0,0,1,1774169925669,1774169925669,0
2026-03-22T03:58:52.323095,1381,100,426,3.118276596069336,False,0.0,0,1,1774169932323,1774169932323,0
2026-03-22T03:58:52.986903,1382,0,27,1.5821456909179688,False,0.0,0,1,1774169932986,1774169932986,0
2026-03-22T03:58:59.644356,1382,100,427,2.526521682739258,False,0.0,0,1,1774169939644,1774169939644,0
2026-03-22T03:59:06.298690,1382,200,827,1.9409656524658203,False,0.0,0,1,1774169946298,1774169946298,0
2026-03-22T03:59:12.954544,1382,300,1227,1.9872188568115234,False,0.0,0,1,1774169952954,1774169952954,0
2026-03-22T03:59:17.872259,1383,0,27,1.9712448120117188,False,0.0,0,1,1774169957872,1774169957872,0
2026-03-22T03:59:24.519918,1383,100,427,2.7437210083007812,False,0.0,0,1,1774169964519,1774169964519,0
2026-03-22T03:59:31.173041,1383,200,827,1.3573169708251953,False,0.0,0,1,1774169971173,1774169971173,0
2026-03-22T03:59:34.253378,1384,0,27,2.694845199584961,False,0.0,0,1,1774169974253,1774169974253,0
2026-03-22T03:59:39.359698,1385,0,28,1.3475418090820312,False,0.0,0,1,1774169979359,1774169979359,0
2026-03-22T03:59:46.016484,1385,100,428,2.032041549682617,False,0.0,0,1,1774169986016,1774169986016,0
2026-03-22T03:59:52.692592,1385,200,828,6.389141082763672,False,0.0,0,1,1774169992692,1774169992692,0
2026-03-22T03:59:59.344446,1385,300,1228,1.9512176513671875,False,0.0,0,1,1774169999344,1774169999344,0
2026-03-22T04:00:05.069971,1386,0,27,2.4118423461914062,False,0.0,0,1,1774170005069,1774170005069,0
2026-03-22T04:00:11.736823,1386,100,427,14.152288436889648,False,0.0,0,1,1774170011736,1774170011736,0
2026-03-22T04:00:18.380329,1386,200,827,2.223968505859375,False,0.0,0,1,1774170018380,1774170018380,0
2026-03-22T04:00:20.508819,1387,0,27,1.8310546875,False,0.0,0,1,1774170020508,1774170020508,0
2026-03-22T04:00:27.183561,1387,100,427,2.594470977783203,False,0.0,0,1,1774170027183,1774170027183,0
2026-03-22T04:00:28.022298,1388,0,27,2.5703907012939453,False,0.0,0,1,1774170028022,1774170028022,0
2026-03-22T04:00:34.685073,1388,100,427,2.053976058959961,False,0.0,0,1,1774170034685,1774170034685,0
2026-03-22T04:00:41.349474,1388,200,827,10.512113571166992,False,0.0,0,1,1774170041349,1774170041349,0
2026-03-22T04:00:48.005297,1388,300,1227,10.772228240966797,False,0.0,0,1,1774170048005,1774170048005,0
2026-03-22T04:00:50.087229,1389,0,27,12.22085952758789,False,0.0,0,1,1774170050087,1774170050087,0
2026-03-22T04:00:56.749814,1389,100,427,3.0400753021240234,False,0.0,0,1,1774170056749,1774170056749,0
2026-03-22T04:01:03.404109,1389,200,827,1.4159679412841797,False,0.0,0,1,1774170063404,1774170063404,0
2026-03-22T04:01:10.059687,1389,300,1227,1.9071102142333984,False,0.0,0,1,1774170070059,1774170070059,0
2026-03-22T04:01:16.733314,1389,400,1627,2.3355484008789062,False,0.0,0,1,1774170076733,1774170076733,0
2026-03-22T04:01:23.953086,1390,0,27,0.9007453918457031,False,0.0,0,1,1774170083953,1774170083953,0
2026-03-22T04:01:30.609808,1390,100,427,2.610445022583008,False,0.0,0,1,1774170090609,1774170090609,0
2026-03-22T04:01:37.272128,1390,200,827,8.935213088989258,False,0.0,0,1,1774170097272,1774170097272,0
2026-03-22T04:01:43.921629,1390,300,1227,2.980947494506836,False,0.0,0,1,1774170103921,1774170103921,0
2026-03-22T04:01:47.100078,1391,0,27,2.47955322265625,False,0.0,0,1,1774170107100,1774170107100,0
2026-03-22T04:01:52.911541,1392,0,27,3.7412643432617188,False,0.0,0,1,1774170112911,1774170112911,0
2026-03-22T04:01:59.585630,1392,100,427,9.411811828613281,False,0.0,0,1,1774170119585,1774170119585,0
2026-03-22T04:02:06.258501,1392,200,827,7.834911346435547,False,0.0,0,1,1774170126258,1774170126258,0
2026-03-22T04:02:12.907757,1392,300,1227,2.2008419036865234,False,0.0,0,1,1774170132907,1774170132907,0
2026-03-22T04:02:22.374666,1393,0,27,2.704143524169922,False,0.0,0,1,1774170142374,1774170142374,0
2026-03-22T04:02:29.047145,1393,100,427,3.0176639556884766,False,0.0,0,1,1774170149047,1774170149047,0
2026-03-22T04:02:35.720028,1393,200,827,2.70843505859375,False,0.0,0,1,1774170155720,1774170155720,0
2026-03-22T04:02:42.374932,1393,300,1227,2.4747848510742188,False,0.0,0,1,1774170162374,1774170162374,0
2026-03-22T04:02:46.154879,1394,0,27,0.9212493896484375,False,0.0,0,1,1774170166154,1774170166154,0
2026-03-22T04:02:52.816379,1394,100,427,11.522293090820312,False,0.0,0,1,1774170172816,1774170172816,0
2026-03-22T04:02:59.462191,1394,200,827,1.7027854919433594,False,0.0,0,1,1774170179462,1774170179462,0
2026-03-22T04:03:02.727275,1395,0,27,1.7857551574707031,False,0.0,0,1,1774170182727,1774170182727,0
2026-03-22T04:03:09.385347,1395,100,427,8.512496948242188,False,0.0,0,1,1774170189385,1774170189385,0
2026-03-22T04:03:16.035157,1395,200,827,2.0325183868408203,False,0.0,0,1,1774170196035,1774170196035,0
2026-03-22T04:03:19.292905,1396,0,27,9.546279907226562,False,0.0,0,1,1774170199292,1774170199292,0
2026-03-22T04:03:25.953552,1396,100,427,2.2542476654052734,False,0.0,0,1,1774170205953,1774170205953,0
2026-03-22T04:03:31.711557,1397,0,27,1.6651153564453125,False,0.0,0,1,1774170211711,1774170211711,0
2026-03-22T04:03:38.476226,1397,100,427,2.072572708129883,False,0.0,0,1,1774170218476,1774170218476,0
2026-03-22T04:03:41.984436,1398,0,28,1.216888427734375,False,0.0,0,1,1774170221984,1774170221984,0
2026-03-22T04:03:48.660891,1398,100,428,4.520893096923828,False,0.0,0,1,1774170228660,1774170228660,0
2026-03-22T04:03:55.334853,1398,200,828,4.986047744750977,False,0.0,0,1,1774170235334,1774170235334,0
2026-03-22T04:03:56.354574,1399,0,28,9.936809539794922,False,0.0,0,1,1774170236354,1774170236354,0
2026-03-22T04:04:03.013963,1399,100,428,14.75214958190918,False,0.0,0,1,1774170243013,1774170243013,0
2026-03-22T04:04:09.657373,1399,200,828,2.498626708984375,False,0.0,0,1,1774170249657,1774170249657,0
2026-03-22T04:04:16.612538,1400,0,27,2.882719039916992,False,0.0,0,1,1774170256612,1774170256612,0
2026-03-22T04:04:21.539172,1401,0,27,0.84686279296875,False,0.0,0,1,1774170261539,1774170261539,0
2026-03-22T04:04:28.210565,1401,100,427,1.8372535705566406,False,0.0,0,1,1774170268210,1774170268210,0
2026-03-22T04:04:34.877481,1401,200,827,12.755870819091797,False,0.0,0,1,1774170274877,1774170274877,0
2026-03-22T04:04:41.528903,1401,300,1227,6.240606307983398,False,0.0,0,1,1774170281528,1774170281528,0
2026-03-22T04:04:46.416484,1402,0,27,1.8084049224853516,False,0.0,0,1,1774170286416,1774170286416,0
2026-03-22T04:04:53.079948,1402,100,427,12.819766998291016,False,0.0,0,1,1774170293079,1774170293079,0
2026-03-22T04:04:59.738160,1402,200,827,12.508630752563477,False,0.0,0,1,1774170299738,1774170299738,0
2026-03-22T04:05:06.379824,1402,300,1227,1.7900466918945312,False,0.0,0,1,1774170306379,1774170306379,0
2026-03-22T04:05:13.053469,1402,400,1627,2.5513172149658203,False,0.0,0,1,1774170313053,1774170313053,0
2026-03-22T04:05:22.168666,1403,0,27,0.7889270782470703,False,0.0,0,1,1774170322168,1774170322168,0
2026-03-22T04:05:28.825127,1403,100,427,2.3407936096191406,False,0.0,0,1,1774170328825,1774170328825,0
2026-03-22T04:05:35.482341,1403,200,827,3.0710697174072266,False,0.0,0,1,1774170335482,1774170335482,0
2026-03-22T04:05:37.751178,1404,0,26,1.9145011901855469,False,0.0,0,1,1774170337751,1774170337751,0
2026-03-22T04:05:44.408644,1404,100,426,10.627269744873047,False,0.0,0,1,1774170344408,1774170344408,0
2026-03-22T04:05:51.055743,1404,200,826,1.9075870513916016,False,0.0,0,1,1774170351055,1774170351055,0
2026-03-22T04:05:57.710136,1404,300,1226,1.6453266143798828,False,0.0,0,1,1774170357710,1774170357710,0
2026-03-22T04:06:04.367574,1404,400,1626,2.7849674224853516,False,0.0,0,1,1774170364367,1774170364367,0
2026-03-22T04:06:11.022819,1404,500,2026,2.9151439666748047,False,0.0,0,1,1774170371022,1774170371022,0
2026-03-22T04:06:17.688564,1404,600,2426,11.263370513916016,False,0.0,0,1,1774170377688,1774170377688,0
2026-03-22T04:06:24.334294,1404,700,2826,2.305746078491211,False,0.0,0,1,1774170384334,1774170384334,0
2026-03-22T04:06:34.634140,1405,0,27,0.8394718170166016,False,0.0,0,1,1774170394634,1774170394634,0
2026-03-22T04:06:39.330144,1406,0,28,2.6273727416992188,False,0.0,0,1,1774170399330,1774170399330,0
2026-03-22T04:06:46.006883,1406,100,428,9.62972640991211,False,0.0,0,1,1774170406006,1774170406006,0
2026-03-22T04:06:48.565827,1407,0,27,8.076667785644531,False,0.0,0,1,1774170408565,1774170408565,0
2026-03-22T04:06:55.219786,1407,100,427,6.442546844482422,False,0.0,0,1,1774170415219,1774170415219,0
2026-03-22T04:07:01.876895,1407,200,827,7.853984832763672,False,0.0,0,1,1774170421876,1774170421876,0
2026-03-22T04:07:05.831033,1408,0,27,0.8380413055419922,False,0.0,0,1,1774170425831,1774170425831,0
2026-03-22T04:07:12.504500,1408,100,427,2.721548080444336,False,0.0,0,1,1774170432504,1774170432504,0
2026-03-22T04:07:19.167590,1408,200,827,11.214256286621094,False,0.0,0,1,1774170439167,1774170439167,0
2026-03-22T04:07:23.873533,1409,0,28,6.555795669555664,False,0.0,0,1,1774170443873,1774170443873,0
2026-03-22T04:07:30.523752,1409,100,428,2.6998519897460938,False,0.0,0,1,1774170450523,1774170450523,0
2026-03-22T04:07:35.599951,1410,0,28,1.590728759765625,False,0.0,0,1,1774170455599,1774170455599,0
2026-03-22T04:07:40.779648,1411,0,27,2.4595260620117188,False,0.0,0,1,1774170460779,1774170460779,0
2026-03-22T04:07:45.483635,1412,0,26,10.823726654052734,False,0.0,0,1,1774170465483,1774170465483,0
2026-03-22T04:07:51.923177,1413,0,28,3.6954879760742188,False,0.0,0,1,1774170471923,1774170471923,0
2026-03-22T04:07:58.576670,1413,100,428,1.928091049194336,False,0.0,0,1,1774170478576,1774170478576,0
2026-03-22T04:08:05.234390,1413,200,828,2.4406909942626953,False,0.0,0,1,1774170485234,1774170485234,0
2026-03-22T04:08:07.745267,1414,0,27,1.6696453094482422,False,0.0,0,1,1774170487745,1774170487745,0
2026-03-22T04:08:13.436163,1415,0,27,2.069234848022461,False,0.0,0,1,1774170493436,1774170493436,0
2026-03-22T04:08:20.092128,1415,100,427,2.3648738861083984,False,0.0,0,1,1774170500092,1774170500092,0
2026-03-22T04:08:26.766761,1415,200,827,3.8466453552246094,False,0.0,0,1,1774170506766,1774170506766,0
2026-03-22T04:08:28.364874,1416,0,27,5.0411224365234375,False,0.0,0,1,1774170508364,1774170508364,0
2026-03-22T04:08:35.019864,1416,100,427,4.942417144775391,False,0.0,0,1,1774170515019,1774170515019,0
2026-03-22T04:08:41.672645,1416,200,827,2.7904510498046875,False,0.0,0,1,1774170521672,1774170521672,0
2026-03-22T04:08:43.655266,1417,0,28,1.9268989562988281,False,0.0,0,1,1774170523655,1774170523655,0
2026-03-22T04:08:48.317850,1418,0,27,1.9299983978271484,False,0.0,0,1,1774170528317,1774170528317,0
2026-03-22T04:08:54.144961,1419,0,27,12.454748153686523,False,0.0,0,1,1774170534144,1774170534144,0
2026-03-22T04:08:58.478696,1420,0,27,1.9047260284423828,False,0.0,0,1,1774170538478,1774170538478,0
2026-03-22T04:09:05.133373,1420,100,427,2.218008041381836,False,0.0,0,1,1774170545133,1774170545133,0
2026-03-22T04:09:11.789727,1420,200,827,2.500772476196289,False,0.0,0,1,1774170551789,1774170551789,0
2026-03-22T04:09:20.956071,1421,0,27,0.9062290191650391,False,0.0,0,1,1774170560956,1774170560956,0
2026-03-22T04:09:27.628820,1421,100,427,1.806020736694336,False,0.0,0,1,1774170567628,1774170567628,0
2026-03-22T04:09:31.640039,1422,0,28,2.4864673614501953,False,0.0,0,1,1774170571640,1774170571640,0
2026-03-22T04:09:38.313069,1422,100,428,2.714872360229492,False,0.0,0,1,1774170578313,1774170578313,0
2026-03-22T04:09:44.975398,1422,200,828,8.958578109741211,False,0.0,0,1,1774170584975,1774170584975,0
2026-03-22T04:09:51.623362,1422,300,1228,2.737760543823242,False,0.0,0,1,1774170591623,1774170591623,0
2026-03-22T04:09:56.547896,1423,0,27,1.2869834899902344,False,0.0,0,1,1774170596547,1774170596547,0
2026-03-22T04:10:03.206277,1423,100,427,3.5970211029052734,False,0.0,0,1,1774170603206,1774170603206,0
2026-03-22T04:10:09.875266,1423,200,827,1.6777515411376953,False,0.0,0,1,1774170609875,1774170609875,0
2026-03-22T04:10:14.884614,1424,0,27,2.268075942993164,False,0.0,0,1,1774170614884,1774170614884,0
2026-03-22T04:10:21.548399,1424,100,427,10.360956192016602,False,0.0,0,1,1774170621548,1774170621548,0
2026-03-22T04:10:28.212510,1424,200,827,1.9409656524658203,False,0.0,0,1,1774170628212,1774170628212,0
2026-03-22T04:10:33.396109,1425,0,27,10.750532150268555,False,0.0,0,1,1774170633396,1774170633396,0
2026-03-22T04:10:40.061965,1425,100,427,2.2416114807128906,False,0.0,0,1,1774170640061,1774170640061,0
2026-03-22T04:10:46.715472,1425,200,827,1.894235610961914,False,0.0,0,1,1774170646715,1774170646715,0
2026-03-22T04:10:53.372450,1425,300,1227,1.8870830535888672,False,0.0,0,1,1774170653372,1774170653372,0
2026-03-22T04:11:00.039095,1425,400,1627,11.9476318359375,False,0.0,0,1,1774170660039,1774170660039,0
2026-03-22T04:11:06.683044,1425,500,2027,1.6570091247558594,False,0.0,0,1,1774170666683,1774170666683,0
2026-03-22T04:11:13.346988,1425,600,2427,11.63935661315918,False,0.0,0,1,1774170673346,1774170673346,0
2026-03-22T04:11:20.010843,1425,700,2827,2.069234848022461,False,0.0,0,1,1774170680010,1774170680010,0
2026-03-22T04:11:26.695492,1425,800,3227,14.920473098754883,False,0.0,0,1,1774170686695,1774170686695,0
2026-03-22T04:11:36.714717,1426,0,27,1.1355876922607422,False,0.0,0,1,1774170696714,1774170696714,0
2026-03-22T04:11:43.371515,1426,100,427,2.2630691528320312,False,0.0,0,1,1774170703371,1774170703371,0
2026-03-22T04:11:49.933588,1427,0,28,2.680540084838867,False,0.0,0,1,1774170709933,1774170709933,0
2026-03-22T04:11:53.439090,1428,0,26,12.389183044433594,False,0.0,0,1,1774170713439,1774170713439,0
2026-03-22T04:12:00.100672,1428,100,426,9.001016616821289,False,0.0,0,1,1774170720100,1774170720100,0
2026-03-22T04:12:06.761028,1428,200,826,14.461040496826172,False,0.0,0,1,1774170726761,1774170726761,0
2026-03-22T04:12:15.252139,1429,0,27,1.4772415161132812,False,0.0,0,1,1774170735252,1774170735252,0
2026-03-22T04:12:22.207108,1430,0,27,2.4290084838867188,False,0.0,0,1,1774170742207,1774170742207,0
2026-03-22T04:12:28.862200,1430,100,427,1.7957687377929688,False,0.0,0,1,1774170748862,1774170748862,0
2026-03-22T04:12:35.519531,1430,200,827,2.8209686279296875,False,0.0,0,1,1774170755519,1774170755519,0
2026-03-22T04:12:42.173839,1430,300,1227,2.0494461059570312,False,0.0,0,1,1774170762173,1774170762173,0
2026-03-22T04:12:47.265478,1431,0,27,1.6036033630371094,False,0.0,0,1,1774170767265,1774170767265,0
2026-03-22T04:12:53.920066,1431,100,427,1.8978118896484375,False,0.0,0,1,1774170773920,1774170773920,0
2026-03-22T04:13:00.602821,1431,200,827,12.355804443359375,False,0.0,0,1,1774170780602,1774170780602,0
2026-03-22T04:13:08.762408,1432,0,28,0.8931159973144531,False,0.0,0,1,1774170788762,1774170788762,0
2026-03-22T04:13:15.424564,1432,100,428,8.64720344543457,False,0.0,0,1,1774170795424,1774170795424,0
2026-03-22T04:13:22.074473,1432,200,828,2.192258834838867,False,0.0,0,1,1774170802074,1774170802074,0
2026-03-22T04:13:23.788393,1433,0,27,2.2373199462890625,False,0.0,0,1,1774170803788,1774170803788,0
2026-03-22T04:13:30.444038,1433,100,427,2.542257308959961,False,0.0,0,1,1774170810444,1774170810444,0
2026-03-22T04:13:37.100277,1433,200,827,3.2367706298828125,False,0.0,0,1,1774170817100,1774170817100,0
2026-03-22T04:13:41.068997,1434,0,27,11.429786682128906,False,0.0,0,1,1774170821068,1774170821068,0
2026-03-22T04:13:46.239044,1435,0,27,7.401943206787109,False,0.0,0,1,1774170826239,1774170826239,0
2026-03-22T04:13:52.889540,1435,100,427,2.057790756225586,False,0.0,0,1,1774170832889,1774170832889,0
2026-03-22T04:13:59.544899,1435,200,827,1.7361640930175781,False,0.0,0,1,1774170839544,1774170839544,0
2026-03-22T04:14:06.210068,1435,300,1227,10.200738906860352,False,0.0,0,1,1774170846210,1774170846210,0
2026-03-22T04:14:08.001727,1436,0,27,4.478216171264648,False,0.0,0,1,1774170848001,1774170848001,0
2026-03-22T04:14:14.936836,1437,0,27,2.2716522216796875,False,0.0,0,1,1774170854936,1774170854936,0
2026-03-22T04:14:20.371878,1438,0,27,11.335611343383789,False,0.0,0,1,1774170860371,1774170860371,0
2026-03-22T04:14:24.420251,1439,0,28,1.7507076263427734,False,0.0,0,1,1774170864420,1774170864420,0
2026-03-22T04:14:29.030729,1440,0,28,1.7857551574707031,False,0.0,0,1,1774170869030,1774170869030,0
2026-03-22T04:14:34.371452,1441,0,27,0.7624626159667969,False,0.0,0,1,1774170874371,1774170874371,0
2026-03-22T04:14:38.182854,1442,0,27,2.035856246948242,False,0.0,0,1,1774170878182,1774170878182,0
2026-03-22T04:14:44.837768,1442,100,427,1.7914772033691406,False,0.0,0,1,1774170884837,1774170884837,0
2026-03-22T04:14:51.493387,1442,200,827,1.4107227325439453,False,0.0,0,1,1774170891493,1774170891493,0
2026-03-22T04:14:53.950167,1443,0,27,13.728618621826172,False,0.0,0,1,1774170893950,1774170893950,0
2026-03-22T04:14:58.747179,1444,0,28,1.7511844635009766,False,0.0,0,1,1774170898747,1774170898747,0
2026-03-22T04:15:05.402871,1444,100,428,1.9676685333251953,False,0.0,0,1,1774170905402,1774170905402,0
2026-03-22T04:15:12.057849,1444,200,828,1.8739700317382812,False,0.0,0,1,1774170912057,1774170912057,0
2026-03-22T04:15:18.714677,1444,300,1228,3.1452178955078125,False,0.0,0,1,1774170918714,1774170918714,0
2026-03-22T04:15:25.376457,1444,400,1628,9.266138076782227,False,0.0,0,1,1774170925376,1774170925376,0
2026-03-22T04:15:32.025777,1444,500,2028,2.318859100341797,False,0.0,0,1,1774170932025,1774170932025,0
2026-03-22T04:15:42.042030,1445,0,27,0.9775161743164062,False,0.0,0,1,1774170942042,1774170942042,0
2026-03-22T04:15:48.696876,1445,100,427,1.5978813171386719,False,0.0,0,1,1774170948696,1774170948696,0
2026-03-22T04:15:55.371303,1445,200,827,1.8565654754638672,False,0.0,0,1,1774170955371,1774170955371,0
2026-03-22T04:16:02.025407,1445,300,1227,2.203702926635742,False,0.0,0,1,1774170962025,1774170962025,0
2026-03-22T04:16:08.689318,1445,400,1627,9.519100189208984,False,0.0,0,1,1774170968689,1774170968689,0
2026-03-22T04:16:12.907834,1446,0,27,0.9045600891113281,False,0.0,0,1,1774170972907,1774170972907,0
2026-03-22T04:16:17.896184,1447,0,27,11.069297790527344,False,0.0,0,1,1774170977896,1774170977896,0
2026-03-22T04:16:24.563334,1447,100,427,11.005878448486328,False,0.0,0,1,1774170984563,1774170984563,0
2026-03-22T04:16:31.210751,1447,200,827,1.8622875213623047,False,0.0,0,1,1774170991210,1774170991210,0
2026-03-22T04:16:36.743479,1448,0,27,11.415719985961914,False,0.0,0,1,1774170996743,1774170996743,0
2026-03-22T04:16:43.407288,1448,100,427,2.402067184448242,False,0.0,0,1,1774171003407,1774171003407,0
2026-03-22T04:16:50.086046,1448,200,827,8.352994918823242,False,0.0,0,1,1774171010086,1774171010086,0
2026-03-22T04:16:56.743905,1448,300,1227,11.015176773071289,False,0.0,0,1,1774171016743,1774171016743,0
2026-03-22T04:17:04.205149,1449,0,27,0.9701251983642578,False,0.0,0,1,1774171024205,1774171024205,0
2026-03-22T04:17:10.861150,1449,100,427,1.7817020416259766,False,0.0,0,1,1774171030861,1774171030861,0
2026-03-22T04:17:15.969816,1450,0,27,2.4306774139404297,False,0.0,0,1,1774171035969,1774171035969,0
2026-03-22T04:17:22.624721,1450,100,427,1.7514228820800781,False,0.0,0,1,1774171042624,1774171042624,0
2026-03-22T04:17:29.281752,1450,200,827,3.2227039337158203,False,0.0,0,1,1774171049281,1774171049281,0
2026-03-22T04:17:35.937978,1450,300,1227,2.994060516357422,False,0.0,0,1,1774171055937,1774171055937,0
2026-03-22T04:17:42.608736,1450,400,1627,1.9674301147460938,False,0.0,0,1,1774171062608,1774171062608,0
2026-03-22T04:17:49.275651,1450,500,2027,12.606620788574219,False,0.0,0,1,1774171069275,1774171069275,0
2026-03-22T04:17:58.050789,1451,0,27,1.5170574188232422,False,0.0,0,1,1774171078050,1774171078050,0
2026-03-22T04:18:04.712284,1451,100,427,9.381771087646484,False,0.0,0,1,1774171084712,1774171084712,0
2026-03-22T04:18:11.370403,1451,200,827,9.551286697387695,False,0.0,0,1,1774171091370,1774171091370,0
2026-03-22T04:18:13.135583,1452,0,27,11.463165283203125,False,0.0,0,1,1774171093135,1774171093135,0
2026-03-22T04:18:19.787970,1452,100,427,8.913516998291016,False,0.0,0,1,1774171099787,1774171099787,0
2026-03-22T04:18:26.437233,1452,200,827,2.708911895751953,False,0.0,0,1,1774171106437,1774171106437,0
2026-03-22T04:18:33.091452,1452,300,1227,2.130270004272461,False,0.0,0,1,1774171113091,1774171113091,0
2026-03-22T04:18:36.513705,1453,0,27,11.96599006652832,False,0.0,0,1,1774171116513,1774171116513,0
2026-03-22T04:18:43.158545,1453,100,427,2.093076705932617,False,0.0,0,1,1774171123158,1774171123158,0
2026-03-22T04:18:49.842552,1453,200,827,12.437820434570312,False,0.0,0,1,1774171129842,1774171129842,0
2026-03-22T04:18:56.493041,1453,300,1227,7.368564605712891,False,0.0,0,1,1774171136493,1774171136493,0
2026-03-22T04:19:03.141734,1453,400,1627,1.28173828125,False,0.0,0,1,1774171143141,1774171143141,0
2026-03-22T04:19:09.798307,1453,500,2027,1.9557476043701172,False,0.0,0,1,1774171149798,1774171149798,0
2026-03-22T04:19:16.453022,1453,600,2427,1.9311904907226562,False,0.0,0,1,1774171156453,1774171156453,0
2026-03-22T04:19:27.950962,1454,0,27,1.1599063873291016,False,0.0,0,1,1774171167950,1774171167950,0
2026-03-22T04:19:34.006564,1455,0,27,1.5056133270263672,False,0.0,0,1,1774171174006,1774171174006,0
2026-03-22T04:19:40.679744,1455,100,427,2.193450927734375,False,0.0,0,1,1774171180679,1774171180679,0
2026-03-22T04:19:47.337113,1455,200,827,2.4194717407226562,False,0.0,0,1,1774171187337,1774171187337,0
2026-03-22T04:19:48.363796,1456,0,27,10.57124137878418,False,0.0,0,1,1774171188363,1774171188363,0
2026-03-22T04:19:55.007220,1456,100,427,1.9307136535644531,False,0.0,0,1,1774171195007,1774171195007,0
2026-03-22T04:20:01.667339,1456,200,827,7.297754287719727,False,0.0,0,1,1774171201667,1774171201667,0
2026-03-22T04:20:08.317695,1456,300,1227,2.6407241821289062,False,0.0,0,1,1774171208317,1774171208317,0
2026-03-22T04:20:14.996375,1456,400,1627,9.557723999023438,False,0.0,0,1,1774171214996,1774171214996,0
2026-03-22T04:20:25.005449,1457,0,27,0.8797645568847656,False,0.0,0,1,1774171225005,1774171225005,0
2026-03-22T04:20:31.663174,1457,100,427,2.5801658630371094,False,0.0,0,1,1774171231663,1774171231663,0
2026-03-22T04:20:38.334966,1457,200,827,2.0723342895507812,False,0.0,0,1,1774171238334,1774171238334,0
2026-03-22T04:20:44.989060,1457,300,1227,1.7044544219970703,False,0.0,0,1,1774171244989,1774171244989,0
2026-03-22T04:20:51.645203,1457,400,1627,1.8718242645263672,False,0.0,0,1,1774171251645,1774171251645,0
2026-03-22T04:20:58.309323,1457,500,2027,10.22958755493164,False,0.0,0,1,1774171258309,1774171258309,0
2026-03-22T04:21:04.962442,1457,600,2427,7.052421569824219,False,0.0,0,1,1774171264962,1774171264962,0
2026-03-22T04:21:11.614081,1457,700,2827,3.0210018157958984,False,0.0,0,1,1774171271614,1774171271614,0
2026-03-22T04:21:18.277175,1457,800,3227,2.0651817321777344,False,0.0,0,1,1774171278277,1774171278277,0
2026-03-22T04:21:24.932772,1457,900,3627,11.118888854980469,False,0.0,0,1,1774171284932,1774171284932,0
2026-03-22T04:21:31.642432,1457,1000,4027,2.6702880859375,False,0.0,0,1,1774171291642,1774171291642,0
2026-03-22T04:21:38.306520,1457,1100,4427,2.4704933166503906,False,0.0,0,1,1774171298306,1774171298306,0
2026-03-22T04:21:48.117556,1458,0,26,0.87738037109375,False,0.0,0,1,1774171308117,1774171308117,0
2026-03-22T04:21:54.781764,1458,100,426,9.824037551879883,False,0.0,0,1,1774171314781,1774171314781,0
2026-03-22T04:22:01.448049,1458,200,826,2.4518966674804688,False,0.0,0,1,1774171321448,1774171321448,0
2026-03-22T04:22:10.331439,1459,0,27,1.056671142578125,False,0.0,0,1,1774171330331,1774171330331,0
2026-03-22T04:22:17.001038,1459,100,427,12.590408325195312,False,0.0,0,1,1774171337001,1774171337001,0
2026-03-22T04:22:22.145556,1460,0,27,1.8315315246582031,False,0.0,0,1,1774171342145,1774171342145,0
2026-03-22T04:22:28.825357,1460,100,427,9.464263916015625,False,0.0,0,1,1774171348825,1774171348825,0
2026-03-22T04:22:35.491007,1460,200,827,2.668142318725586,False,0.0,0,1,1774171355491,1774171355491,0
2026-03-22T04:22:42.155431,1460,300,1227,12.492895126342773,False,0.0,0,1,1774171362155,1774171362155,0
2026-03-22T04:22:48.817306,1460,400,1627,1.6102790832519531,False,0.0,0,1,1774171368817,1774171368817,0
2026-03-22T04:22:55.472778,1460,500,2027,1.8413066864013672,False,0.0,0,1,1774171375472,1774171375472,0
2026-03-22T04:23:05.699475,1461,0,27,0.9019374847412109,False,0.0,0,1,1774171385699,1774171385699,0
2026-03-22T04:23:12.370577,1461,100,427,10.821104049682617,False,0.0,0,1,1774171392370,1774171392370,0
2026-03-22T04:23:19.035375,1461,200,827,2.7055740356445312,False,0.0,0,1,1774171399035,1774171399035,0
2026-03-22T04:23:25.689644,1461,300,1227,2.1147727966308594,False,0.0,0,1,1774171405689,1774171405689,0
2026-03-22T04:23:32.352706,1461,400,1627,8.550405502319336,False,0.0,0,1,1774171412352,1774171412352,0
2026-03-22T04:23:39.017857,1461,500,2027,2.1092891693115234,False,0.0,0,1,1774171419017,1774171419017,0
2026-03-22T04:23:47.687710,1462,0,26,2.7768611907958984,False,0.0,0,1,1774171427687,1774171427687,0
2026-03-22T04:23:54.343171,1462,100,426,2.730131149291992,False,0.0,0,1,1774171434343,1774171434343,0
2026-03-22T04:23:55.129727,1463,0,28,2.306699752807617,False,0.0,0,1,1774171435129,1774171435129,0
2026-03-22T04:24:01.805110,1463,100,428,8.632421493530273,False,0.0,0,1,1774171441805,1774171441805,0
2026-03-22T04:24:08.454458,1463,200,828,2.508878707885742,False,0.0,0,1,1774171448454,1774171448454,0
2026-03-22T04:24:15.113671,1463,300,1228,4.000663757324219,False,0.0,0,1,1774171455113,1774171455113,0
2026-03-22T04:24:20.948683,1464,0,26,0.7238388061523438,False,0.0,0,1,1774171460948,1774171460948,0
2026-03-22T04:24:25.640662,1465,0,27,2.771615982055664,False,0.0,0,1,1774171465640,1774171465640,0
2026-03-22T04:24:32.296814,1465,100,427,2.870798110961914,False,0.0,0,1,1774171472296,1774171472296,0
2026-03-22T04:24:38.951404,1465,200,827,2.1681785583496094,False,0.0,0,1,1774171478951,1774171478951,0
2026-03-22T04:24:41.715286,1466,0,27,1.8801689147949219,False,0.0,0,1,1774171481715,1774171481715,0
2026-03-22T04:24:48.387554,1466,100,427,2.3386478424072266,False,0.0,0,1,1774171488387,1774171488387,0
2026-03-22T04:24:55.059067,1466,200,827,2.000570297241211,False,0.0,0,1,1774171495059,1774171495059,0
2026-03-22T04:25:01.715729,1466,300,1227,1.9958019256591797,False,0.0,0,1,1774171501715,1774171501715,0
2026-03-22T04:25:06.006103,1467,0,27,0.8978843688964844,False,0.0,0,1,1774171506006,1774171506006,0
2026-03-22T04:25:12.679879,1467,100,427,1.7993450164794922,False,0.0,0,1,1774171512679,1774171512679,0
2026-03-22T04:25:19.352715,1467,200,827,2.5463104248046875,False,0.0,0,1,1774171519352,1774171519352,0
2026-03-22T04:25:26.014437,1467,300,1227,8.663177490234375,False,0.0,0,1,1774171526014,1774171526014,0
2026-03-22T04:25:32.670695,1467,400,1627,9.812593460083008,False,0.0,0,1,1774171532670,1774171532670,0
2026-03-22T04:25:39.321433,1467,500,2027,2.1817684173583984,False,0.0,0,1,1774171539321,1774171539321,0
2026-03-22T04:25:45.973675,1467,600,2427,1.9063949584960938,False,0.0,0,1,1774171545973,1774171545973,0
2026-03-22T04:25:54.576430,1468,0,27,0.8776187896728516,False,0.0,0,1,1774171554576,1774171554576,0
2026-03-22T04:25:58.853585,1469,0,28,1.9636154174804688,False,0.0,0,1,1774171558853,1774171558853,0
2026-03-22T04:26:03.078906,1470,0,27,2.0189285278320312,False,0.0,0,1,1774171563078,1774171563078,0
2026-03-22T04:26:09.734568,1470,100,427,2.3386478424072266,False,0.0,0,1,1774171569734,1774171569734,0
2026-03-22T04:26:16.408072,1470,200,827,2.509593963623047,False,0.0,0,1,1774171576408,1774171576408,0
2026-03-22T04:26:23.070577,1470,300,1227,9.86027717590332,False,0.0,0,1,1774171583070,1774171583070,0
2026-03-22T04:26:29.735893,1470,400,1627,2.2585391998291016,False,0.0,0,1,1774171589735,1774171589735,0
2026-03-22T04:26:36.406210,1470,500,2027,1.7507076263427734,False,0.0,0,1,1774171596406,1774171596406,0
2026-03-22T04:26:39.789888,1471,0,27,16.23368263244629,False,0.0,0,1,1774171599789,1774171599789,0
2026-03-22T04:26:45.121820,1472,0,28,7.928371429443359,False,0.0,0,1,1774171605121,1774171605121,0
2026-03-22T04:26:48.936277,1473,0,27,1.7123222351074219,False,0.0,0,1,1774171608936,1774171608936,0
2026-03-22T04:26:55.608448,1473,100,427,2.0906925201416016,False,0.0,0,1,1774171615608,1774171615608,0
2026-03-22T04:27:02.280630,1473,200,827,1.9609928131103516,False,0.0,0,1,1774171622280,1774171622280,0
2026-03-22T04:27:06.529924,1474,0,28,2.1219253540039062,False,0.0,0,1,1774171626529,1774171626529,0
2026-03-22T04:27:13.179045,1474,100,428,1.4772415161132812,False,0.0,0,1,1774171633179,1774171633179,0
2026-03-22T04:27:19.834795,1474,200,828,1.6789436340332031,False,0.0,0,1,1774171639834,1774171639834,0
2026-03-22T04:27:23.673570,1475,0,28,5.145549774169922,False,0.0,0,1,1774171643673,1774171643673,0
2026-03-22T04:27:29.406231,1476,0,27,2.0904541015625,False,0.0,0,1,1774171649406,1774171649406,0
2026-03-22T04:27:36.060250,1476,100,427,3.148794174194336,False,0.0,0,1,1774171656060,1774171656060,0
2026-03-22T04:27:42.713539,1476,200,827,2.2547245025634766,False,0.0,0,1,1774171662713,1774171662713,0
2026-03-22T04:27:51.408919,1477,0,26,1.0845661163330078,False,0.0,0,1,1774171671408,1774171671408,0
2026-03-22T04:27:58.065429,1477,100,426,11.730194091796875,False,0.0,0,1,1774171678065,1774171678065,0
2026-03-22T04:28:04.743756,1477,200,826,17.453670501708984,False,0.0,0,1,1774171684743,1774171684743,0
2026-03-22T04:28:11.250413,1478,0,28,2.9556751251220703,False,0.0,0,1,1774171691250,1774171691250,0
2026-03-22T04:28:17.907337,1478,100,428,2.331972122192383,False,0.0,0,1,1774171697907,1774171697907,0
2026-03-22T04:28:24.568739,1478,200,828,9.404420852661133,False,0.0,0,1,1774171704568,1774171704568,0
2026-03-22T04:28:31.219623,1478,300,1228,4.329204559326172,False,0.0,0,1,1774171711219,1774171711219,0
2026-03-22T04:28:37.874582,1478,400,1628,3.3719539642333984,False,0.0,0,1,1774171717874,1774171717874,0
2026-03-22T04:28:44.529508,1478,500,2028,2.5582313537597656,False,0.0,0,1,1774171724529,1774171724529,0
2026-03-22T04:28:52.369000,1479,0,27,0.8461475372314453,False,0.0,0,1,1774171732368,1774171732368,0
2026-03-22T04:28:56.084518,1480,0,28,1.7087459564208984,False,0.0,0,1,1774171736084,1774171736084,0
2026-03-22T04:29:02.733508,1480,100,428,1.9028186798095703,False,0.0,0,1,1774171742733,1774171742733,0
2026-03-22T04:29:09.405549,1480,200,828,1.9719600677490234,False,0.0,0,1,1774171749405,1774171749405,0
2026-03-22T04:29:16.058174,1480,300,1228,1.5969276428222656,False,0.0,0,1,1774171756058,1774171756058,0
2026-03-22T04:29:21.607624,1481,0,26,3.9272308349609375,False,0.0,0,1,1774171761607,1774171761607,0
2026-03-22T04:29:28.256136,1481,100,426,2.1538734436035156,False,0.0,0,1,1774171768256,1774171768256,0
2026-03-22T04:29:34.917827,1481,200,826,7.285118103027344,False,0.0,0,1,1774171774917,1774171774917,0
2026-03-22T04:29:41.569516,1481,300,1226,3.4084320068359375,False,0.0,0,1,1774171781569,1774171781569,0
2026-03-22T04:29:48.240572,1481,400,1626,2.6662349700927734,False,0.0,0,1,1774171788240,1774171788240,0
2026-03-22T04:29:49.469951,1482,0,27,2.012968063354492,False,0.0,0,1,1774171789469,1774171789469,0
2026-03-22T04:29:56.144300,1482,100,427,2.6390552520751953,False,0.0,0,1,1774171796144,1774171796144,0
2026-03-22T04:30:02.799304,1482,200,827,2.0666122436523438,False,0.0,0,1,1774171802799,1774171802799,0
2026-03-22T04:30:03.981673,1483,0,27,2.955913543701172,False,0.0,0,1,1774171803981,1774171803981,0
2026-03-22T04:30:10.635420,1483,100,427,2.357959747314453,False,0.0,0,1,1774171810635,1774171810635,0
2026-03-22T04:30:17.292589,1483,200,827,2.2783279418945312,False,0.0,0,1,1774171817292,1774171817292,0
2026-03-22T04:30:23.947351,1483,300,1227,2.2046566009521484,False,0.0,0,1,1774171823947,1774171823947,0
2026-03-22T04:30:29.008542,1484,0,28,2.6252269744873047,False,0.0,0,1,1774171829008,1774171829008,0
2026-03-22T04:30:35.661612,1484,100,428,1.8353462219238281,False,0.0,0,1,1774171835661,1774171835661,0
2026-03-22T04:30:42.334438,1484,200,828,2.1033287048339844,False,0.0,0,1,1774171842334,1774171842334,0
2026-03-22T04:30:45.198555,1485,0,27,1.615285873413086,False,0.0,0,1,1774171845198,1774171845198,0
2026-03-22T04:30:51.866952,1485,100,427,1.566171646118164,False,0.0,0,1,1774171851866,1774171851866,0
2026-03-22T04:30:58.540951,1485,200,827,1.9385814666748047,False,0.0,0,1,1774171858540,1774171858540,0
2026-03-22T04:31:05.206755,1485,300,1227,12.42828369140625,False,0.0,0,1,1774171865206,1774171865206,0
2026-03-22T04:31:13.097878,1486,0,27,1.0313987731933594,False,0.0,0,1,1774171873097,1774171873097,0
2026-03-22T04:31:19.756149,1486,100,427,3.0977725982666016,False,0.0,0,1,1774171879756,1774171879756,0
2026-03-22T04:31:26.410097,1486,200,827,2.172231674194336,False,0.0,0,1,1774171886410,1774171886410,0
2026-03-22T04:31:27.391736,1487,0,27,13.139724731445312,False,0.0,0,1,1774171887391,1774171887391,0
2026-03-22T04:31:34.047421,1487,100,427,2.5620460510253906,False,0.0,0,1,1774171894047,1774171894047,0
2026-03-22T04:31:40.703788,1487,200,827,2.5475025177001953,False,0.0,0,1,1774171900703,1774171900703,0
2026-03-22T04:31:47.359484,1487,300,1227,3.344297409057617,False,0.0,0,1,1774171907359,1774171907359,0
2026-03-22T04:31:54.024070,1487,400,1627,12.775897979736328,False,0.0,0,1,1774171914024,1774171914024,0
2026-03-22T04:32:00.685336,1487,500,2027,1.8260478973388672,False,0.0,0,1,1774171920685,1774171920685,0
2026-03-22T04:32:07.346197,1487,600,2427,6.916284561157227,False,0.0,0,1,1774171927346,1774171927346,0
2026-03-22T04:32:14.015449,1487,700,2827,3.202199935913086,False,0.0,0,1,1774171934015,1774171934015,0
2026-03-22T04:32:24.728495,1488,0,27,0.8141994476318359,False,0.0,0,1,1774171944728,1774171944728,0
2026-03-22T04:32:31.393006,1488,100,427,9.459972381591797,False,0.0,0,1,1774171951393,1774171951393,0
2026-03-22T04:32:32.283532,1489,0,28,1.6834735870361328,False,0.0,0,1,1774171952283,1774171952283,0
2026-03-22T04:32:35.981998,1490,0,27,6.730794906616211,False,0.0,0,1,1774171955981,1774171955981,0
2026-03-22T04:32:40.161926,1491,0,27,10.227203369140625,False,0.0,0,1,1774171960161,1774171960161,0
2026-03-22T04:32:46.814025,1491,100,427,6.601095199584961,False,0.0,0,1,1774171966814,1774171966814,0
2026-03-22T04:32:53.488240,1491,200,827,8.385419845581055,False,0.0,0,1,1774171973488,1774171973488,0
2026-03-22T04:33:00.153161,1491,300,1227,16.832590103149414,False,0.0,0,1,1774171980153,1774171980153,0
2026-03-22T04:33:06.808958,1491,400,1627,1.4393329620361328,False,0.0,0,1,1774171986808,1774171986808,0
2026-03-22T04:33:13.481346,1491,500,2027,1.9154548645019531,False,0.0,0,1,1774171993481,1774171993481,0
2026-03-22T04:33:23.599553,1492,0,27,2.6695728302001953,False,0.0,0,1,1774172003599,1774172003599,0
2026-03-22T04:33:30.255497,1492,100,427,2.7027130126953125,False,0.0,0,1,1774172010255,1774172010255,0
2026-03-22T04:33:31.439743,1493,0,28,1.7673969268798828,False,0.0,0,1,1774172011439,1774172011439,0
2026-03-22T04:33:38.108605,1494,0,27,2.696514129638672,False,0.0,0,1,1774172018108,1774172018108,0
2026-03-22T04:33:44.790414,1494,100,427,11.241436004638672,False,0.0,0,1,1774172024790,1774172024790,0
2026-03-22T04:33:51.459381,1494,200,827,9.489297866821289,False,0.0,0,1,1774172031459,1774172031459,0
2026-03-22T04:33:58.108457,1494,300,1227,2.0422935485839844,False,0.0,0,1,1774172038108,1774172038108,0
2026-03-22T04:34:04.763704,1494,400,1627,2.4759769439697266,False,0.0,0,1,1774172044763,1774172044763,0
2026-03-22T04:34:11.435861,1494,500,2027,2.111673355102539,False,0.0,0,1,1774172051435,1774172051435,0
2026-03-22T04:34:18.097262,1494,600,2427,7.590055465698242,False,0.0,0,1,1774172058097,1774172058097,0
2026-03-22T04:34:27.642373,1495,0,27,1.2545585632324219,False,0.0,0,1,1774172067642,1774172067642,0
2026-03-22T04:34:34.143329,1496,0,27,9.799003601074219,False,0.0,0,1,1774172074143,1774172074143,0
2026-03-22T04:34:40.798666,1496,100,427,12.902975082397461,False,0.0,0,1,1774172080798,1774172080798,0
2026-03-22T04:34:48.113760,1497,0,27,13.509273529052734,False,0.0,0,1,1774172088113,1774172088113,0
2026-03-22T04:34:54.784356,1497,100,427,3.384113311767578,False,0.0,0,1,1774172094784,1774172094784,0
2026-03-22T04:34:55.845616,1498,0,28,1.8246173858642578,False,0.0,0,1,1774172095845,1774172095845,0
2026-03-22T04:35:02.522924,1498,100,428,7.513761520385742,False,0.0,0,1,1774172102522,1774172102522,0
2026-03-22T04:35:09.179606,1498,200,828,7.195949554443359,False,0.0,0,1,1774172109179,1774172109179,0
2026-03-22T04:35:11.637342,1499,0,27,2.4764537811279297,False,0.0,0,1,1774172111637,1774172111637,0
2026-03-22T04:35:18.309245,1499,100,427,2.3970603942871094,False,0.0,0,1,1774172118309,1774172118309,0
2026-03-22T04:35:24.981601,1499,200,827,2.588987350463867,False,0.0,0,1,1774172124981,1774172124981,0
2026-03-22T04:35:26.869559,1500,0,27,10.882854461669922,False,0.0,0,1,1774172126869,1774172126869,0
2026-03-22T04:35:33.520736,1500,100,427,2.447366714477539,False,0.0,0,1,1774172133520,1774172133520,0
2026-03-22T04:35:40.189850,1500,200,827,2.535581588745117,False,0.0,0,1,1774172140189,1774172140189,0
2026-03-22T04:35:44.947012,1501,0,27,1.4452934265136719,False,0.0,0,1,1774172144947,1774172144947,0
2026-03-22T04:35:50.655245,1502,0,27,2.112865447998047,False,0.0,0,1,1774172150655,1774172150655,0
2026-03-22T04:35:54.948671,1503,0,28,2.802133560180664,False,0.0,0,1,1774172154948,1774172154948,0
2026-03-22T04:36:01.469712,1504,0,27,1.7995834350585938,False,0.0,0,1,1774172161469,1774172161469,0
2026-03-22T04:36:08.152424,1504,100,427,11.052846908569336,False,0.0,0,1,1774172168152,1774172168152,0
2026-03-22T04:36:14.798822,1504,200,827,2.1009445190429688,False,0.0,0,1,1774172174798,1774172174798,0
2026-03-22T04:36:21.453746,1504,300,1227,2.404928207397461,False,0.0,0,1,1774172181453,1774172181453,0
2026-03-22T04:36:27.979270,1505,0,28,4.963874816894531,False,0.0,0,1,1774172187979,1774172187979,0
2026-03-22T04:36:34.632627,1505,100,428,2.8443336486816406,False,0.0,0,1,1774172194632,1774172194632,0
2026-03-22T04:36:35.697910,1506,0,27,2.43377685546875,False,0.0,0,1,1774172195697,1774172195697,0
2026-03-22T04:36:39.613630,1507,0,27,2.5696754455566406,False,0.0,0,1,1774172199613,1774172199613,0
2026-03-22T04:36:46.263461,1507,100,427,3.196239471435547,False,0.0,0,1,1774172206263,1774172206263,0
2026-03-22T04:36:52.934906,1507,200,827,1.8270015716552734,False,0.0,0,1,1774172212934,1774172212934,0
2026-03-22T04:36:59.589856,1507,300,1227,1.922607421875,False,0.0,0,1,1774172219589,1774172219589,0
2026-03-22T04:37:02.788800,1508,0,27,1.8131732940673828,False,0.0,0,1,1774172222788,1774172222788,0
2026-03-22T04:37:08.662922,1509,0,27,1.8672943115234375,False,0.0,0,1,1774172228662,1774172228662,0
2026-03-22T04:37:15.331141,1509,100,427,2.225637435913086,False,0.0,0,1,1774172235331,1774172235331,0
2026-03-22T04:37:16.417261,1510,0,27,1.7695426940917969,False,0.0,0,1,1774172236417,1774172236417,0
2026-03-22T04:37:23.086066,1510,100,427,2.2461414337158203,False,0.0,0,1,1774172243086,1774172243086,0
2026-03-22T04:37:29.740958,1510,200,827,2.4764537811279297,False,0.0,0,1,1774172249740,1774172249740,0
2026-03-22T04:37:36.402038,1510,300,1227,7.838249206542969,False,0.0,0,1,1774172256402,1774172256402,0
2026-03-22T04:37:43.053010,1510,400,1627,3.8573741912841797,False,0.0,0,1,1774172263053,1774172263053,0
2026-03-22T04:37:49.707859,1510,500,2027,2.5682449340820312,False,0.0,0,1,1774172269707,1774172269707,0
2026-03-22T04:37:53.903340,1511,0,27,0.9026527404785156,False,0.0,0,1,1774172273903,1774172273903,0
2026-03-22T04:38:00.556146,1511,100,427,2.6845932006835938,False,0.0,0,1,1774172280556,1774172280556,0
2026-03-22T04:38:07.215012,1511,200,827,3.566265106201172,False,0.0,0,1,1774172287215,1774172287215,0
2026-03-22T04:38:13.868652,1511,300,1227,2.731800079345703,False,0.0,0,1,1774172293868,1774172293868,0
2026-03-22T04:38:20.522607,1511,400,1627,1.855611801147461,False,0.0,0,1,1774172300522,1774172300522,0
2026-03-22T04:38:27.180473,1511,500,2027,2.5587081909179688,False,0.0,0,1,1774172307180,1774172307180,0
2026-03-22T04:38:33.845239,1511,600,2427,11.156797409057617,False,0.0,0,1,1774172313845,1774172313845,0
2026-03-22T04:38:40.513841,1511,700,2827,9.344339370727539,False,0.0,0,1,1774172320513,1774172320513,0
2026-03-22T04:38:47.180219,1511,800,3227,1.5704631805419922,False,0.0,0,1,1774172327180,1774172327180,0
2026-03-22T04:38:55.812583,1512,0,26,0.7619857788085938,False,0.0,0,1,1774172335812,1774172335812,0
2026-03-22T04:38:59.877159,1513,0,27,1.6696453094482422,False,0.0,0,1,1774172339877,1774172339877,0
2026-03-22T04:39:03.642602,1514,0,27,10.055780410766602,False,0.0,0,1,1774172343642,1774172343642,0
2026-03-22T04:39:10.290088,1514,100,427,1.8503665924072266,False,0.0,0,1,1774172350290,1774172350290,0
2026-03-22T04:39:16.945375,1514,200,827,1.8727779388427734,False,0.0,0,1,1774172356945,1774172356945,0
2026-03-22T04:39:20.989733,1515,0,27,2.6841163635253906,False,0.0,0,1,1774172360989,1774172360989,0
2026-03-22T04:39:27.666589,1515,100,427,7.258176803588867,False,0.0,0,1,1774172367666,1774172367666,0
2026-03-22T04:39:34.334219,1515,200,827,2.0399093627929688,False,0.0,0,1,1774172374334,1774172374334,0
2026-03-22T04:39:41.293794,1516,0,27,0.743865966796875,False,0.0,0,1,1774172381293,1774172381293,0
2026-03-22T04:39:47.947907,1516,100,427,2.0859241485595703,False,0.0,0,1,1774172387947,1774172387947,0
2026-03-22T04:39:54.602076,1516,200,827,1.7938613891601562,False,0.0,0,1,1774172394602,1774172394602,0
2026-03-22T04:40:01.255413,1516,300,1227,2.0411014556884766,False,0.0,0,1,1774172401255,1774172401255,0
2026-03-22T04:40:02.578200,1517,0,27,10.011434555053711,False,0.0,0,1,1774172402578,1774172402578,0
2026-03-22T04:40:09.226745,1517,100,427,2.4433135986328125,False,0.0,0,1,1774172409226,1774172409226,0
2026-03-22T04:40:15.599005,1518,0,27,2.135753631591797,False,0.0,0,1,1774172415599,1774172415599,0
2026-03-22T04:40:22.271277,1518,100,427,2.2668838500976562,False,0.0,0,1,1774172422271,1774172422271,0
2026-03-22T04:40:28.933873,1518,200,827,9.435653686523438,False,0.0,0,1,1774172428933,1774172428933,0
2026-03-22T04:40:35.581786,1518,300,1227,2.069234848022461,False,0.0,0,1,1774172435581,1774172435581,0
2026-03-22T04:40:40.792348,1519,0,26,0.9522438049316406,False,0.0,0,1,1774172440792,1774172440792,0
2026-03-22T04:40:45.077720,1520,0,27,9.50169563293457,False,0.0,0,1,1774172445077,1774172445077,0
2026-03-22T04:40:51.723569,1520,100,427,1.6484260559082031,False,0.0,0,1,1774172451723,1774172451723,0
2026-03-22T04:40:53.317882,1521,0,26,0.7727146148681641,False,0.0,0,1,1774172453317,1774172453317,0
2026-03-22T04:40:59.974526,1521,100,426,1.7480850219726562,False,0.0,0,1,1774172459974,1774172459974,0
2026-03-22T04:41:03.892664,1522,0,27,1.8095970153808594,False,0.0,0,1,1774172463892,1774172463892,0
2026-03-22T04:41:10.564212,1522,100,427,8.04901123046875,False,0.0,0,1,1774172470564,1774172470564,0
2026-03-22T04:41:17.214051,1522,200,827,2.567768096923828,False,0.0,0,1,1774172477214,1774172477214,0
2026-03-22T04:41:23.870590,1522,300,1227,2.6564598083496094,False,0.0,0,1,1774172483870,1774172483870,0
2026-03-22T04:41:30.525358,1522,400,1627,2.7208328247070312,False,0.0,0,1,1774172490525,1774172490525,0
2026-03-22T04:41:37.311642,1523,0,26,1.0526180267333984,False,0.0,0,1,1774172497311,1774172497311,0
2026-03-22T04:41:43.968606,1523,100,426,1.8856525421142578,False,0.0,0,1,1774172503968,1774172503968,0
2026-03-22T04:41:50.642415,1523,200,826,1.9788742065429688,False,0.0,0,1,1774172510642,1774172510642,0
2026-03-22T04:41:54.451338,1524,0,28,1.878976821899414,False,0.0,0,1,1774172514451,1774172514451,0
2026-03-22T04:42:01.123429,1524,100,428,2.3345947265625,False,0.0,0,1,1774172521123,1774172521123,0
2026-03-22T04:42:07.803862,1524,200,828,8.802413940429688,False,0.0,0,1,1774172527803,1774172527803,0
2026-03-22T04:42:14.453519,1524,300,1228,3.160715103149414,False,0.0,0,1,1774172534453,1774172534453,0
2026-03-22T04:42:19.126472,1525,0,27,0.8299350738525391,False,0.0,0,1,1774172539126,1774172539126,0
2026-03-22T04:42:25.784657,1525,100,427,3.132343292236328,False,0.0,0,1,1774172545784,1774172545784,0
2026-03-22T04:42:32.437311,1525,200,827,1.3251304626464844,False,0.0,0,1,1774172552437,1774172552437,0
2026-03-22T04:42:39.094867,1525,300,1227,2.8352737426757812,False,0.0,0,1,1774172559094,1774172559094,0
2026-03-22T04:42:45.777378,1525,400,1627,12.559890747070312,False,0.0,0,1,1774172565777,1774172565777,0
2026-03-22T04:42:52.428754,1525,500,2027,8.37254524230957,False,0.0,0,1,1774172572428,1774172572428,0
2026-03-22T04:42:59.077590,1525,600,2427,1.8448829650878906,False,0.0,0,1,1774172579077,1774172579077,0
2026-03-22T04:43:03.787332,1526,0,27,0.8060932159423828,False,0.0,0,1,1774172583787,1774172583787,0
2026-03-22T04:43:10.458977,1526,100,427,2.148151397705078,False,0.0,0,1,1774172590458,1774172590458,0
2026-03-22T04:43:17.116759,1526,200,827,2.6307106018066406,False,0.0,0,1,1774172597116,1774172597116,0
2026-03-22T04:43:18.214508,1527,0,27,4.287242889404297,False,0.0,0,1,1774172598214,1774172598214,0
2026-03-22T04:43:23.819541,1528,0,27,1.8641948699951172,False,0.0,0,1,1774172603819,1774172603819,0
2026-03-22T04:43:30.500649,1528,100,427,10.000467300415039,False,0.0,0,1,1774172610500,1774172610500,0
2026-03-22T04:43:37.149679,1528,200,827,2.8069019317626953,False,0.0,0,1,1774172617149,1774172617149,0
2026-03-22T04:43:43.804209,1528,300,1227,2.050638198852539,False,0.0,0,1,1774172623804,1774172623804,0
2026-03-22T04:43:50.424322,1529,0,27,1.0440349578857422,False,0.0,0,1,1774172630424,1774172630424,0
2026-03-22T04:43:55.418671,1530,0,27,2.342700958251953,False,0.0,0,1,1774172635418,1774172635418,0
2026-03-22T04:44:00.959572,1531,0,27,2.0072460174560547,False,0.0,0,1,1774172640959,1774172640959,0
2026-03-22T04:44:07.631503,1531,100,427,2.403736114501953,False,0.0,0,1,1774172647631,1774172647631,0
2026-03-22T04:44:14.309987,1531,200,827,9.308338165283203,False,0.0,0,1,1774172654309,1774172654309,0
2026-03-22T04:44:20.968275,1531,300,1227,10.89024543762207,False,0.0,0,1,1774172660968,1774172660968,0
2026-03-22T04:44:28.228174,1532,0,27,0.9670257568359375,False,0.0,0,1,1774172668228,1774172668228,0
2026-03-22T04:44:33.863177,1533,0,28,10.120391845703125,False,0.0,0,1,1774172673863,1774172673863,0
2026-03-22T04:44:40.126909,1534,0,28,2.1605491638183594,False,0.0,0,1,1774172680126,1774172680126,0
2026-03-22T04:44:46.781718,1534,100,428,2.0079612731933594,False,0.0,0,1,1774172686781,1774172686781,0
2026-03-22T04:44:53.438784,1534,200,828,3.0922889709472656,False,0.0,0,1,1774172693438,1774172693438,0
2026-03-22T04:45:00.100268,1534,300,1228,9.065389633178711,False,0.0,0,1,1774172700100,1774172700100,0
2026-03-22T04:45:06.765262,1534,400,1628,1.8417835235595703,False,0.0,0,1,1774172706765,1774172706765,0
2026-03-22T04:45:13.447920,1534,500,2028,11.890172958374023,False,0.0,0,1,1774172713447,1774172713447,0
2026-03-22T04:45:23.690616,1535,0,27,0.9775161743164062,False,0.0,0,1,1774172723690,1774172723690,0
2026-03-22T04:45:30.758776,1536,0,28,1.7516613006591797,False,0.0,0,1,1774172730758,1774172730758,0
2026-03-22T04:45:35.518029,1537,0,26,1.9054412841796875,False,0.0,0,1,1774172735518,1774172735518,0
2026-03-22T04:45:40.471799,1538,0,26,2.107858657836914,False,0.0,0,1,1774172740471,1774172740471,0
2026-03-22T04:45:47.116375,1538,100,426,2.279043197631836,False,0.0,0,1,1774172747116,1774172747116,0
2026-03-22T04:45:53.773223,1538,200,826,1.9719600677490234,False,0.0,0,1,1774172753773,1774172753773,0
2026-03-22T04:46:00.437741,1538,300,1226,11.40904426574707,False,0.0,0,1,1774172760437,1774172760437,0
2026-03-22T04:46:07.084029,1538,400,1626,2.752542495727539,False,0.0,0,1,1774172767084,1774172767084,0
2026-03-22T04:46:13.749005,1538,500,2026,11.259794235229492,False,0.0,0,1,1774172773749,1774172773749,0
2026-03-22T04:46:20.383424,1539,0,27,2.735614776611328,False,0.0,0,1,1774172780383,1774172780383,0
2026-03-22T04:46:27.032938,1539,100,427,1.9979476928710938,False,0.0,0,1,1774172787032,1774172787032,0
2026-03-22T04:46:33.693546,1539,200,827,6.128549575805664,False,0.0,0,1,1774172793693,1774172793693,0
2026-03-22T04:46:34.904661,1540,0,27,2.306222915649414,False,0.0,0,1,1774172794904,1774172794904,0
2026-03-22T04:46:39.329796,1541,0,27,0.9274482727050781,False,0.0,0,1,1774172799329,1774172799329,0
2026-03-22T04:46:45.986350,1541,100,427,1.764059066772461,False,0.0,0,1,1774172805986,1774172805986,0
2026-03-22T04:46:47.233755,1542,0,27,2.410411834716797,False,0.0,0,1,1774172807233,1774172807233,0
2026-03-22T04:46:53.889203,1542,100,427,1.9137859344482422,False,0.0,0,1,1774172813889,1774172813889,0
2026-03-22T04:47:00.543420,1542,200,827,1.9698143005371094,False,0.0,0,1,1774172820543,1774172820543,0
2026-03-22T04:47:07.209285,1542,300,1227,11.86227798461914,False,0.0,0,1,1774172827209,1774172827209,0
2026-03-22T04:47:13.854445,1542,400,1627,1.8830299377441406,False,0.0,0,1,1774172833854,1774172833854,0
2026-03-22T04:47:20.511788,1542,500,2027,3.053426742553711,False,0.0,0,1,1774172840511,1774172840511,0
2026-03-22T04:47:26.757537,1543,0,27,1.1548995971679688,False,0.0,0,1,1774172846757,1774172846757,0
2026-03-22T04:47:33.408689,1543,100,427,3.353595733642578,False,0.0,0,1,1774172853408,1774172853408,0
2026-03-22T04:47:40.069747,1543,200,827,9.869813919067383,False,0.0,0,1,1774172860069,1774172860069,0
2026-03-22T04:47:46.727581,1543,300,1227,11.569023132324219,False,0.0,0,1,1774172866727,1774172866727,0
2026-03-22T04:47:53.988392,1544,0,27,0.9315013885498047,False,0.0,0,1,1774172873988,1774172873988,0
2026-03-22T04:48:00.646183,1544,100,427,1.950979232788086,False,0.0,0,1,1774172880646,1774172880646,0
2026-03-22T04:48:07.318064,1544,200,827,2.3615360260009766,False,0.0,0,1,1774172887318,1774172887318,0
2026-03-22T04:48:13.975011,1544,300,1227,2.2115707397460938,False,0.0,0,1,1774172893975,1774172893975,0
2026-03-22T04:48:20.655785,1544,400,1627,11.246681213378906,False,0.0,0,1,1774172900655,1774172900655,0
2026-03-22T04:48:27.308571,1544,500,2027,8.793115615844727,False,0.0,0,1,1774172907308,1774172907308,0
2026-03-22T04:48:33.675083,1545,0,27,2.8247833251953125,False,0.0,0,1,1774172913675,1774172913675,0
2026-03-22T04:48:40.330132,1545,100,427,1.950979232788086,False,0.0,0,1,1774172920330,1774172920330,0
2026-03-22T04:48:46.985516,1545,200,827,1.9445419311523438,False,0.0,0,1,1774172926985,1774172926985,0
2026-03-22T04:48:53.639930,1545,300,1227,1.3580322265625,False,0.0,0,1,1774172933639,1774172933639,0
2026-03-22T04:49:00.304538,1545,400,1627,10.660409927368164,False,0.0,0,1,1774172940304,1774172940304,0
2026-03-22T04:49:06.952462,1545,500,2027,1.8420219421386719,False,0.0,0,1,1774172946952,1774172946952,0
2026-03-22T04:49:13.607368,1545,600,2427,1.6677379608154297,False,0.0,0,1,1774172953607,1774172953607,0
2026-03-22T04:49:20.279076,1545,700,2827,1.875162124633789,False,0.0,0,1,1774172960279,1774172960279,0
2026-03-22T04:49:26.650175,1546,0,27,1.0848045349121094,False,0.0,0,1,1774172966650,1774172966650,0
2026-03-22T04:49:33.315054,1546,100,427,9.902715682983398,False,0.0,0,1,1774172973315,1774172973315,0
2026-03-22T04:49:39.962665,1546,200,827,1.8410682678222656,False,0.0,0,1,1774172979962,1774172979962,0
2026-03-22T04:49:43.356564,1547,0,27,1.7752647399902344,False,0.0,0,1,1774172983356,1774172983356,0
2026-03-22T04:49:50.011739,1547,100,427,1.3751983642578125,False,0.0,0,1,1774172990011,1774172990011,0
2026-03-22T04:49:56.685667,1547,200,827,1.9469261169433594,False,0.0,0,1,1774172996685,1774172996685,0
2026-03-22T04:50:03.342365,1547,300,1227,2.9878616333007812,False,0.0,0,1,1774173003342,1774173003342,0
2026-03-22T04:50:07.956644,1548,0,27,4.494905471801758,False,0.0,0,1,1774173007956,1774173007956,0
2026-03-22T04:50:14.607551,1548,100,427,4.019260406494141,False,0.0,0,1,1774173014607,1774173014607,0
2026-03-22T04:50:21.277802,1548,200,827,2.6390552520751953,False,0.0,0,1,1774173021277,1774173021277,0
2026-03-22T04:50:27.941231,1548,300,1227,9.164810180664062,False,0.0,0,1,1774173027941,1774173027941,0
2026-03-22T04:50:34.589039,1548,400,1627,2.3882389068603516,False,0.0,0,1,1774173034589,1774173034589,0
2026-03-22T04:50:41.261289,1548,500,2027,1.795053482055664,False,0.0,0,1,1774173041261,1774173041261,0
2026-03-22T04:50:47.266827,1549,0,27,0.9632110595703125,False,0.0,0,1,1774173047266,1774173047266,0
2026-03-22T04:50:52.350457,1550,0,27,6.747961044311523,False,0.0,0,1,1774173052350,1774173052350,0
2026-03-22T04:50:58.999337,1550,100,427,2.0079612731933594,False,0.0,0,1,1774173058999,1774173058999,0
2026-03-22T04:51:05.654505,1550,200,827,2.0520687103271484,False,0.0,0,1,1774173065654,1774173065654,0
2026-03-22T04:51:10.312954,1551,0,28,10.882854461669922,False,0.0,0,1,1774173070312,1774173070312,0
2026-03-22T04:51:15.430730,1552,0,27,11.339902877807617,False,0.0,0,1,1774173075430,1774173075430,0
2026-03-22T04:51:22.084517,1552,100,427,8.980035781860352,False,0.0,0,1,1774173082084,1774173082084,0
2026-03-22T04:51:28.749781,1552,200,827,2.1820068359375,False,0.0,0,1,1774173088749,1774173088749,0
2026-03-22T04:51:35.407273,1552,300,1227,3.3943653106689453,False,0.0,0,1,1774173095407,1774173095407,0
2026-03-22T04:51:42.085160,1552,400,1627,9.174346923828125,False,0.0,0,1,1774173102085,1774173102085,0
2026-03-22T04:51:48.758274,1552,500,2027,9.357690811157227,False,0.0,0,1,1774173108758,1774173108758,0
2026-03-22T04:51:53.740111,1553,0,26,1.0991096496582031,False,0.0,0,1,1774173113740,1774173113740,0
2026-03-22T04:52:00.397242,1553,100,426,1.8067359924316406,False,0.0,0,1,1774173120397,1774173120397,0
2026-03-22T04:52:07.076144,1553,200,826,9.216547012329102,False,0.0,0,1,1774173127076,1774173127076,0
2026-03-22T04:52:13.725712,1553,300,1226,2.121448516845703,False,0.0,0,1,1774173133725,1774173133725,0
2026-03-22T04:52:20.380506,1553,400,1626,2.4471282958984375,False,0.0,0,1,1774173140380,1774173140380,0
2026-03-22T04:52:29.414538,1554,0,26,1.2450218200683594,False,0.0,0,1,1774173149414,1774173149414,0
2026-03-22T04:52:36.074205,1554,100,426,5.921840667724609,False,0.0,0,1,1774173156074,1774173156074,0
2026-03-22T04:52:42.725509,1554,200,826,1.4770030975341797,False,0.0,0,1,1774173162725,1774173162725,0
2026-03-22T04:52:45.598361,1555,0,27,13.347387313842773,False,0.0,0,1,1774173165598,1774173165598,0
2026-03-22T04:52:52.271688,1555,100,427,9.846687316894531,False,0.0,0,1,1774173172271,1774173172271,0
2026-03-22T04:52:58.928214,1555,200,827,12.147903442382812,False,0.0,0,1,1774173178928,1774173178928,0
2026-03-22T04:53:05.222143,1556,0,27,2.254009246826172,False,0.0,0,1,1774173185222,1774173185222,0
2026-03-22T04:53:11.895606,1556,100,427,2.633333206176758,False,0.0,0,1,1774173191895,1774173191895,0
2026-03-22T04:53:18.566674,1556,200,827,1.8835067749023438,False,0.0,0,1,1774173198566,1774173198566,0
2026-03-22T04:53:25.824660,1557,0,26,0.8070468902587891,False,0.0,0,1,1774173205824,1774173205824,0
2026-03-22T04:53:32.479668,1557,100,426,1.882791519165039,False,0.0,0,1,1774173212479,1774173212479,0
2026-03-22T04:53:39.159630,1557,200,826,12.206077575683594,False,0.0,0,1,1774173219159,1774173219159,0
2026-03-22T04:53:45.816048,1557,300,1226,11.746406555175781,False,0.0,0,1,1774173225816,1774173225816,0
2026-03-22T04:53:49.823288,1558,0,26,3.894329071044922,False,0.0,0,1,1774173229823,1774173229823,0
2026-03-22T04:53:55.240034,1559,0,28,1.83868408203125,False,0.0,0,1,1774173235240,1774173235240,0
2026-03-22T04:54:01.894987,1559,100,428,2.1071434020996094,False,0.0,0,1,1774173241894,1774173241894,0
2026-03-22T04:54:08.554969,1559,200,828,6.116151809692383,False,0.0,0,1,1774173248554,1774173248554,0
2026-03-22T04:54:15.212666,1559,300,1228,7.975578308105469,False,0.0,0,1,1774173255212,1774173255212,0
2026-03-22T04:54:15.971186,1560,0,27,1.8351078033447266,False,0.0,0,1,1774173255971,1774173255971,0
2026-03-22T04:54:22.627361,1560,100,427,1.905679702758789,False,0.0,0,1,1774173262627,1774173262627,0
2026-03-22T04:54:29.307335,1560,200,827,10.161399841308594,False,0.0,0,1,1774173269307,1774173269307,0
2026-03-22T04:54:37.452391,1561,0,28,1.0166168212890625,False,0.0,0,1,1774173277452,1774173277452,0
2026-03-22T04:54:42.845024,1562,0,26,2.7027130126953125,False,0.0,0,1,1774173282845,1774173282845,0
2026-03-22T04:54:49.499727,1562,100,426,2.492189407348633,False,0.0,0,1,1774173289499,1774173289499,0
2026-03-22T04:54:56.155124,1562,200,826,1.9137859344482422,False,0.0,0,1,1774173296155,1774173296155,0
2026-03-22T04:55:02.810746,1562,300,1226,1.9841194152832031,False,0.0,0,1,1774173302810,1774173302810,0
2026-03-22T04:55:05.345906,1563,0,27,2.064943313598633,False,0.0,0,1,1774173305345,1774173305345,0
2026-03-22T04:55:11.996746,1563,100,427,1.9440650939941406,False,0.0,0,1,1774173311996,1774173311996,0
2026-03-22T04:55:18.660195,1563,200,827,9.548187255859375,False,0.0,0,1,1774173318660,1774173318660,0
2026-03-22T04:55:25.316821,1563,300,1227,10.8795166015625,False,0.0,0,1,1774173325316,1774173325316,0
2026-03-22T04:55:28.968474,1564,0,28,3.0333995819091797,False,0.0,0,1,1774173328968,1774173328968,0
2026-03-22T04:55:35.622068,1564,100,428,1.6515254974365234,False,0.0,0,1,1774173335622,1774173335622,0
2026-03-22T04:55:38.385104,1565,0,27,2.4538040161132812,False,0.0,0,1,1774173338385,1774173338385,0
2026-03-22T04:55:41.920964,1566,0,28,10.887861251831055,False,0.0,0,1,1774173341920,1774173341920,0
2026-03-22T04:55:47.763045,1567,0,27,12.637853622436523,False,0.0,0,1,1774173347763,1774173347763,0
2026-03-22T04:55:54.410644,1567,100,427,2.5267601013183594,False,0.0,0,1,1774173354410,1774173354410,0
2026-03-22T04:56:01.081054,1567,200,827,2.0999908447265625,False,0.0,0,1,1774173361081,1774173361081,0
2026-03-22T04:56:07.747222,1567,300,1227,12.834310531616211,False,0.0,0,1,1774173367747,1774173367747,0
2026-03-22T04:56:15.656882,1568,0,27,1.7082691192626953,False,0.0,0,1,1774173375656,1774173375656,0
2026-03-22T04:56:22.317184,1568,100,427,7.009267807006836,False,0.0,0,1,1774173382317,1774173382317,0
2026-03-22T04:56:28.968857,1568,200,827,2.2220611572265625,False,0.0,0,1,1774173388968,1774173388968,0
2026-03-22T04:56:35.624907,1568,300,1227,2.6769638061523438,False,0.0,0,1,1774173395624,1774173395624,0
2026-03-22T04:56:42.298777,1568,400,1627,3.497600555419922,False,0.0,0,1,1774173402298,1774173402298,0
2026-03-22T04:56:48.952153,1568,500,2027,2.6373863220214844,False,0.0,0,1,1774173408952,1774173408952,0
2026-03-22T04:56:54.276142,1569,0,27,2.857208251953125,False,0.0,0,1,1774173414276,1774173414276,0
2026-03-22T04:57:00.931422,1569,100,427,1.857757568359375,False,0.0,0,1,1774173420931,1774173420931,0
2026-03-22T04:57:07.587727,1569,200,827,2.0635128021240234,False,0.0,0,1,1774173427587,1774173427587,0
2026-03-22T04:57:09.822259,1570,0,28,7.663249969482422,False,0.0,0,1,1774173429822,1774173429822,0
2026-03-22T04:57:16.474813,1570,100,428,4.915475845336914,False,0.0,0,1,1774173436474,1774173436474,0
2026-03-22T04:57:18.219945,1571,0,27,2.050161361694336,False,0.0,0,1,1774173438219,1774173438219,0
2026-03-22T04:57:24.899297,1571,100,427,8.85772705078125,False,0.0,0,1,1774173444899,1774173444899,0
2026-03-22T04:57:31.570655,1571,200,827,7.969141006469727,False,0.0,0,1,1774173451570,1774173451570,0
2026-03-22T04:57:38.220912,1571,300,1227,2.4411678314208984,False,0.0,0,1,1774173458220,1774173458220,0
2026-03-22T04:57:47.986226,1572,0,27,1.1467933654785156,False,0.0,0,1,1774173467986,1774173467986,0
2026-03-22T04:57:54.660119,1572,100,427,2.0771026611328125,False,0.0,0,1,1774173474660,1774173474660,0
2026-03-22T04:58:01.321077,1572,200,827,8.377790451049805,False,0.0,0,1,1774173481321,1774173481321,0
2026-03-22T04:58:07.970287,1572,300,1227,1.9283294677734375,False,0.0,0,1,1774173487970,1774173487970,0
2026-03-22T04:58:10.084801,1573,0,27,1.9266605377197266,False,0.0,0,1,1774173490084,1774173490084,0
2026-03-22T04:58:16.741807,1573,100,427,2.8154850006103516,False,0.0,0,1,1774173496741,1774173496741,0
2026-03-22T04:58:23.406942,1573,200,827,13.120174407958984,False,0.0,0,1,1774173503406,1774173503406,0
2026-03-22T04:58:30.053279,1573,300,1227,2.201557159423828,False,0.0,0,1,1774173510053,1774173510053,0
2026-03-22T04:58:35.376774,1574,0,26,0.9686946868896484,False,0.0,0,1,1774173515376,1774173515376,0
2026-03-22T04:58:42.032628,1574,100,426,2.6345252990722656,False,0.0,0,1,1774173522032,1774173522032,0
2026-03-22T04:58:48.703817,1574,200,826,1.031637191772461,False,0.0,0,1,1774173528703,1774173528703,0
2026-03-22T04:58:55.358434,1574,300,1226,1.7461776733398438,False,0.0,0,1,1774173535358,1774173535358,0
2026-03-22T04:59:01.048915,1575,0,26,1.1594295501708984,False,0.0,0,1,1774173541048,1774173541048,0
2026-03-22T04:59:07.703503,1575,100,426,1.4140605926513672,False,0.0,0,1,1774173547703,1774173547703,0
2026-03-22T04:59:14.360656,1575,200,826,3.008127212524414,False,0.0,0,1,1774173554360,1774173554360,0
2026-03-22T04:59:21.015606,1575,300,1226,1.7979145050048828,False,0.0,0,1,1774173561015,1774173561015,0
2026-03-22T04:59:24.560386,1576,0,27,0.7956027984619141,False,0.0,0,1,1774173564560,1774173564560,0
2026-03-22T04:59:31.218334,1576,100,427,1.8887519836425781,False,0.0,0,1,1774173571218,1774173571218,0
2026-03-22T04:59:37.889178,1576,200,827,2.117156982421875,False,0.0,0,1,1774173577889,1774173577889,0
2026-03-22T04:59:44.544765,1576,300,1227,3.172159194946289,False,0.0,0,1,1774173584544,1774173584544,0
2026-03-22T04:59:51.224182,1576,400,1627,8.06879997253418,False,0.0,0,1,1774173591224,1774173591224,0
2026-03-22T04:59:52.849082,1577,0,27,2.041339874267578,False,0.0,0,1,1774173592849,1774173592849,0
2026-03-22T04:59:59.504785,1577,100,427,2.9528141021728516,False,0.0,0,1,1774173599504,1774173599504,0
2026-03-22T05:00:06.157172,1577,200,827,1.5094280242919922,False,0.0,0,1,1774173606157,1774173606157,0
2026-03-22T05:00:12.655293,1578,0,27,10.545015335083008,False,0.0,0,1,1774173612655,1774173612655,0
2026-03-22T05:00:19.302406,1578,100,427,2.0503997802734375,False,0.0,0,1,1774173619302,1774173619302,0
2026-03-22T05:00:25.969332,1578,200,827,12.241363525390625,False,0.0,0,1,1774173625969,1774173625969,0
2026-03-22T05:00:33.728609,1579,0,28,0.9903907775878906,False,0.0,0,1,1774173633728,1774173633728,0
2026-03-22T05:00:40.384707,1579,100,428,1.9412040710449219,False,0.0,0,1,1774173640384,1774173640384,0
2026-03-22T05:00:47.061690,1579,200,828,7.812261581420898,False,0.0,0,1,1774173647061,1774173647061,0
2026-03-22T05:00:49.491694,1580,0,27,7.302284240722656,False,0.0,0,1,1774173649491,1774173649491,0
2026-03-22T05:00:56.141287,1580,100,427,1.5377998352050781,False,0.0,0,1,1774173656141,1774173656141,0
2026-03-22T05:01:02.689050,1581,0,26,0.7679462432861328,False,0.0,0,1,1774173662689,1774173662689,0
2026-03-22T05:01:09.365603,1581,100,426,13.085365295410156,False,0.0,0,1,1774173669365,1774173669365,0
2026-03-22T05:01:16.011208,1581,200,826,2.1605491638183594,False,0.0,0,1,1774173676011,1774173676011,0
2026-03-22T05:01:22.664302,1581,300,1226,2.1245479583740234,False,0.0,0,1,1774173682664,1774173682664,0
2026-03-22T05:01:29.331938,1581,400,1626,13.176918029785156,False,0.0,0,1,1774173689331,1774173689331,0
2026-03-22T05:01:36.597716,1582,0,27,4.304170608520508,False,0.0,0,1,1774173696597,1774173696597,0
2026-03-22T05:01:43.247265,1582,100,427,2.025604248046875,False,0.0,0,1,1774173703247,1774173703247,0
2026-03-22T05:01:49.902413,1582,200,827,1.840353012084961,False,0.0,0,1,1774173709902,1774173709902,0
2026-03-22T05:01:56.559375,1582,300,1227,2.279043197631836,False,0.0,0,1,1774173716559,1774173716559,0
2026-03-22T05:02:01.294069,1583,0,28,9.151220321655273,False,0.0,0,1,1774173721294,1774173721294,0
2026-03-22T05:02:07.956607,1583,100,428,2.8939247131347656,False,0.0,0,1,1774173727956,1774173727956,0
2026-03-22T05:02:14.615882,1583,200,828,6.227731704711914,False,0.0,0,1,1774173734615,1774173734615,0
2026-03-22T05:02:19.169892,1584,0,27,1.6646385192871094,False,0.0,0,1,1774173739169,1774173739169,0
2026-03-22T05:02:25.826171,1584,100,427,2.164125442504883,False,0.0,0,1,1774173745826,1774173745826,0
2026-03-22T05:02:32.482250,1584,200,827,2.056598663330078,False,0.0,0,1,1774173752482,1774173752482,0
2026-03-22T05:02:39.137550,1584,300,1227,2.368927001953125,False,0.0,0,1,1774173759137,1774173759137,0
2026-03-22T05:02:45.793221,1584,400,1627,2.1178722381591797,False,0.0,0,1,1774173765793,1774173765793,0
2026-03-22T05:02:52.457046,1584,500,2027,9.099960327148438,False,0.0,0,1,1774173772457,1774173772457,0
2026-03-22T05:02:57.332921,1585,0,27,4.663228988647461,False,0.0,0,1,1774173777332,1774173777332,0
2026-03-22T05:03:04.002831,1585,100,427,9.172916412353516,False,0.0,0,1,1774173784002,1774173784002,0
2026-03-22T05:03:10.650917,1585,200,827,1.7669200897216797,False,0.0,0,1,1774173790650,1774173790650,0
2026-03-22T05:03:17.308081,1585,300,1227,2.7179718017578125,False,0.0,0,1,1774173797308,1774173797308,0
2026-03-22T05:03:23.973133,1585,400,1627,11.40451431274414,False,0.0,0,1,1774173803973,1774173803973,0
2026-03-22T05:03:30.624459,1585,500,2027,7.915496826171875,False,0.0,0,1,1774173810624,1774173810624,0
2026-03-22T05:03:37.387176,1585,600,2427,10.286331176757812,False,0.0,0,1,1774173817387,1774173817387,0
2026-03-22T05:03:42.970461,1586,0,26,1.4896392822265625,False,0.0,0,1,1774173822970,1774173822970,0
2026-03-22T05:03:47.295283,1587,0,27,1.9037723541259766,False,0.0,0,1,1774173827295,1774173827295,0
2026-03-22T05:03:53.973528,1587,100,427,8.045434951782227,False,0.0,0,1,1774173833973,1774173833973,0
2026-03-22T05:04:01.756816,1588,0,27,0.93841552734375,False,0.0,0,1,1774173841756,1774173841756,0
2026-03-22T05:04:08.420198,1588,100,427,10.521411895751953,False,0.0,0,1,1774173848420,1774173848420,0
2026-03-22T05:04:15.083712,1588,200,827,2.230405807495117,False,0.0,0,1,1774173855083,1774173855083,0
2026-03-22T05:04:21.743486,1588,300,1227,7.154941558837891,False,0.0,0,1,1774173861743,1774173861743,0
2026-03-22T05:04:26.364717,1589,0,27,1.8815994262695312,False,0.0,0,1,1774173866364,1774173866364,0
2026-03-22T05:04:33.036148,1589,100,427,1.861572265625,False,0.0,0,1,1774173873036,1774173873036,0
2026-03-22T05:04:39.691971,1589,200,827,2.434253692626953,False,0.0,0,1,1774173879691,1774173879691,0
2026-03-22T05:04:46.359175,1589,300,1227,13.743877410888672,False,0.0,0,1,1774173886359,1774173886359,0
2026-03-22T05:04:55.253052,1590,0,27,3.305196762084961,False,0.0,0,1,1774173895253,1774173895253,0
2026-03-22T05:05:01.915837,1590,100,427,11.123418807983398,False,0.0,0,1,1774173901915,1774173901915,0
2026-03-22T05:05:08.577316,1590,200,827,1.2297630310058594,False,0.0,0,1,1774173908577,1774173908577,0
2026-03-22T05:05:13.229028,1591,0,27,10.381937026977539,False,0.0,0,1,1774173913229,1774173913229,0
2026-03-22T05:05:18.202342,1592,0,26,6.783723831176758,False,0.0,0,1,1774173918202,1774173918202,0
2026-03-22T05:05:23.836013,1593,0,27,1.779317855834961,False,0.0,0,1,1774173923836,1774173923836,0
2026-03-22T05:05:27.961446,1594,0,27,11.598587036132812,False,0.0,0,1,1774173927961,1774173927961,0
2026-03-22T05:05:34.618378,1594,100,427,2.5398731231689453,False,0.0,0,1,1774173934618,1774173934618,0
2026-03-22T05:05:41.274319,1594,200,827,2.107381820678711,False,0.0,0,1,1774173941274,1774173941274,0
2026-03-22T05:05:43.784724,1595,0,28,0.7476806640625,False,0.0,0,1,1774173943784,1774173943784,0
2026-03-22T05:05:50.442686,1595,100,428,2.679586410522461,False,0.0,0,1,1774173950442,1774173950442,0
2026-03-22T05:05:57.098060,1595,200,828,2.188444137573242,False,0.0,0,1,1774173957098,1774173957098,0
2026-03-22T05:06:03.752569,1595,300,1228,2.1278858184814453,False,0.0,0,1,1774173963752,1774173963752,0
2026-03-22T05:06:10.427206,1595,400,1628,3.2324790954589844,False,0.0,0,1,1774173970427,1774173970427,0
2026-03-22T05:06:17.097960,1595,500,2028,2.520322799682617,False,0.0,0,1,1774173977097,1774173977097,0
2026-03-22T05:06:23.753154,1595,600,2428,2.180337905883789,False,0.0,0,1,1774173983753,1774173983753,0
2026-03-22T05:06:30.408183,1595,700,2828,2.1445751190185547,False,0.0,0,1,1774173990408,1774173990408,0
2026-03-22T05:06:39.851571,1596,0,26,1.050710678100586,False,0.0,0,1,1774173999851,1774173999851,0
2026-03-22T05:06:46.506140,1596,100,426,9.404182434082031,False,0.0,0,1,1774174006506,1774174006506,0
2026-03-22T05:06:53.155296,1596,200,826,3.175020217895508,False,0.0,0,1,1774174013155,1774174013155,0
2026-03-22T05:06:59.809544,1596,300,1226,1.9423961639404297,False,0.0,0,1,1774174019809,1774174019809,0
2026-03-22T05:07:06.465220,1596,400,1626,1.6245841979980469,False,0.0,0,1,1774174026465,1774174026465,0
2026-03-22T05:07:13.126893,1596,500,2026,8.145809173583984,False,0.0,0,1,1774174033126,1774174033126,0
2026-03-22T05:07:19.776340,1596,600,2426,2.100706100463867,False,0.0,0,1,1774174039776,1774174039776,0
2026-03-22T05:07:26.451692,1596,700,2826,3.0586719512939453,False,0.0,0,1,1774174046451,1774174046451,0
2026-03-22T05:07:33.104906,1596,800,3226,2.2835731506347656,False,0.0,0,1,1774174053104,1774174053104,0
2026-03-22T05:07:39.759765,1596,900,3626,2.1021366119384766,False,0.0,0,1,1774174059759,1774174059759,0
2026-03-22T05:07:46.415671,1596,1000,4026,2.2125244140625,False,0.0,0,1,1774174066415,1774174066415,0
2026-03-22T05:07:57.515368,1597,0,27,1.1639595031738281,False,0.0,0,1,1774174077515,1774174077515,0
2026-03-22T05:08:04.169600,1597,100,427,1.6942024230957031,False,0.0,0,1,1774174084169,1774174084169,0
2026-03-22T05:08:10.827410,1597,200,827,3.8285255432128906,False,0.0,0,1,1774174090827,1774174090827,0
2026-03-22T05:08:15.201420,1598,0,28,1.7650127410888672,False,0.0,0,1,1774174095201,1774174095201,0
2026-03-22T05:08:21.874569,1598,100,428,3.1669139862060547,False,0.0,0,1,1774174101874,1774174101874,0
2026-03-22T05:08:28.538300,1598,200,828,10.413885116577148,False,0.0,0,1,1774174108538,1774174108538,0
2026-03-22T05:08:31.597248,1599,0,28,2.6247501373291016,False,0.0,0,1,1774174111597,1774174111597,0
2026-03-22T05:08:38.247883,1599,100,428,1.9104480743408203,False,0.0,0,1,1774174118247,1774174118247,0
2026-03-22T05:08:42.705259,1600,0,27,1.8770694732666016,False,0.0,0,1,1774174122705,1774174122705,0
2026-03-22T05:08:50.766369,1601,0,28,3.376483917236328,False,0.0,0,1,1774174130766,1774174130766,0
2026-03-22T05:08:55.203672,1602,0,27,1.8541812896728516,False,0.0,0,1,1774174135203,1774174135203,0
2026-03-22T05:09:00.548096,1603,0,28,7.62939453125,False,0.0,0,1,1774174140548,1774174140548,0
2026-03-22T05:09:07.216545,1603,100,428,2.5148391723632812,False,0.0,0,1,1774174147216,1774174147216,0
2026-03-22T05:09:12.978948,1604,0,28,1.5344619750976562,False,0.0,0,1,1774174152978,1774174152978,0
2026-03-22T05:09:18.697909,1605,0,28,3.984212875366211,False,0.0,0,1,1774174158697,1774174158697,0
2026-03-22T05:09:22.738971,1606,0,27,1.8758773803710938,False,0.0,0,1,1774174162738,1774174162738,0
2026-03-22T05:09:29.395462,1606,100,427,2.541780471801758,False,0.0,0,1,1774174169395,1774174169395,0
2026-03-22T05:09:36.545608,1607,0,27,1.6918182373046875,False,0.0,0,1,1774174176545,1774174176545,0
2026-03-22T05:09:40.164537,1608,0,27,10.091066360473633,False,0.0,0,1,1774174180164,1774174180164,0
2026-03-22T05:09:46.829813,1608,100,427,2.171039581298828,False,0.0,0,1,1774174186829,1774174186829,0
2026-03-22T05:09:48.212747,1609,0,26,3.039836883544922,False,0.0,0,1,1774174188212,1774174188212,0
2026-03-22T05:09:52.378886,1610,0,27,10.347366333007812,False,0.0,0,1,1774174192378,1774174192378,0
2026-03-22T05:09:59.025076,1610,100,427,2.149343490600586,False,0.0,0,1,1774174199025,1774174199025,0
2026-03-22T05:10:05.682617,1610,200,827,2.6128292083740234,False,0.0,0,1,1774174205682,1774174205682,0
2026-03-22T05:10:12.337841,1610,300,1227,2.287149429321289,False,0.0,0,1,1774174212337,1774174212337,0
2026-03-22T05:10:19.762122,1611,0,27,0.9226799011230469,False,0.0,0,1,1774174219762,1774174219762,0
2026-03-22T05:10:26.412296,1611,100,427,1.5194416046142578,False,0.0,0,1,1774174226412,1774174226412,0
2026-03-22T05:10:33.068769,1611,200,827,1.9352436065673828,False,0.0,0,1,1774174233068,1774174233068,0
2026-03-22T05:10:39.724583,1611,300,1227,1.9099712371826172,False,0.0,0,1,1774174239724,1774174239724,0
2026-03-22T05:10:46.082687,1612,0,27,2.6407241821289062,False,0.0,0,1,1774174246082,1774174246082,0
2026-03-22T05:10:52.738762,1612,100,427,1.9190311431884766,False,0.0,0,1,1774174252738,1774174252738,0
2026-03-22T05:10:57.960841,1613,0,28,1.8048286437988281,False,0.0,0,1,1774174257960,1774174257960,0
2026-03-22T05:11:04.622762,1613,100,428,7.172346115112305,False,0.0,0,1,1774174264622,1774174264622,0
2026-03-22T05:11:11.298589,1613,200,828,12.243032455444336,False,0.0,0,1,1774174271298,1774174271298,0
2026-03-22T05:11:17.944543,1613,300,1228,2.0682811737060547,False,0.0,0,1,1774174277944,1774174277944,0
2026-03-22T05:11:24.609732,1613,400,1628,11.339902877807617,False,0.0,0,1,1774174284609,1774174284609,0
2026-03-22T05:11:31.256203,1613,500,2028,2.5916099548339844,False,0.0,0,1,1774174291256,1774174291256,0
2026-03-22T05:11:38.321966,1614,0,26,5.2490234375,False,0.0,0,1,1774174298321,1774174298321,0
2026-03-22T05:11:44.970505,1614,100,426,4.344940185546875,False,0.0,0,1,1774174304970,1774174304970,0
2026-03-22T05:11:51.639888,1614,200,826,2.9609203338623047,False,0.0,0,1,1774174311639,1774174311639,0
2026-03-22T05:11:58.299539,1614,300,1226,6.943702697753906,False,0.0,0,1,1774174318299,1774174318299,0
2026-03-22T05:12:04.951506,1614,400,1626,2.6061534881591797,False,0.0,0,1,1774174324951,1774174324951,0
2026-03-22T05:12:11.606074,1614,500,2026,3.164052963256836,False,0.0,0,1,1774174331606,1774174331606,0
2026-03-22T05:12:18.271250,1614,600,2426,11.027097702026367,False,0.0,0,1,1774174338271,1774174338271,0
2026-03-22T05:12:26.522241,1615,0,27,1.1458396911621094,False,0.0,0,1,1774174346522,1774174346522,0
2026-03-22T05:12:33.170538,1615,100,427,2.711772918701172,False,0.0,0,1,1774174353170,1774174353170,0
2026-03-22T05:12:39.827238,1615,200,827,3.6094188690185547,False,0.0,0,1,1774174359827,1774174359827,0
2026-03-22T05:12:44.567584,1616,0,27,1.669168472290039,False,0.0,0,1,1774174364567,1774174364567,0
2026-03-22T05:12:51.222812,1616,100,427,1.422882080078125,False,0.0,0,1,1774174371222,1774174371222,0
2026-03-22T05:12:55.150859,1617,0,27,11.485576629638672,False,0.0,0,1,1774174375150,1774174375150,0
2026-03-22T05:13:00.690263,1618,0,27,1.9855499267578125,False,0.0,0,1,1774174380690,1774174380690,0
2026-03-22T05:13:07.345887,1618,100,427,1.9922256469726562,False,0.0,0,1,1774174387345,1774174387345,0
2026-03-22T05:13:14.002773,1618,200,827,2.8934478759765625,False,0.0,0,1,1774174394002,1774174394002,0
2026-03-22T05:13:20.660776,1618,300,1227,3.863811492919922,False,0.0,0,1,1774174400660,1774174400660,0
2026-03-22T05:13:25.981442,1619,0,28,1.215219497680664,False,0.0,0,1,1774174405981,1774174405981,0
2026-03-22T05:13:32.639082,1619,100,428,3.0579566955566406,False,0.0,0,1,1774174412639,1774174412639,0
2026-03-22T05:13:39.312681,1619,200,828,3.602266311645508,False,0.0,0,1,1774174419312,1774174419312,0
2026-03-22T05:13:44.767016,1620,0,27,1.8353462219238281,False,0.0,0,1,1774174424767,1774174424767,0
2026-03-22T05:13:51.423537,1620,100,427,2.5734901428222656,False,0.0,0,1,1774174431423,1774174431423,0
2026-03-22T05:13:58.079047,1620,200,827,1.7924308776855469,False,0.0,0,1,1774174438079,1774174438079,0
2026-03-22T05:14:04.117467,1621,0,27,0.8823871612548828,False,0.0,0,1,1774174444117,1774174444117,0
2026-03-22T05:14:09.310275,1622,0,27,2.091646194458008,False,0.0,0,1,1774174449310,1774174449310,0
2026-03-22T05:14:15.968040,1622,100,427,3.632783889770508,False,0.0,0,1,1774174455968,1774174455968,0
2026-03-22T05:14:22.627956,1622,200,827,8.423328399658203,False,0.0,0,1,1774174462627,1774174462627,0
2026-03-22T05:14:26.328732,1623,0,28,15.509843826293945,False,0.0,0,1,1774174466328,1774174466328,0
2026-03-22T05:14:32.988109,1623,100,428,2.756834030151367,False,0.0,0,1,1774174472988,1774174472988,0
2026-03-22T05:14:36.903194,1624,0,27,3.960847854614258,False,0.0,0,1,1774174476903,1774174476903,0
2026-03-22T05:14:43.553104,1624,100,427,2.020120620727539,False,0.0,0,1,1774174483553,1774174483553,0
2026-03-22T05:14:50.226357,1624,200,827,2.4728775024414062,False,0.0,0,1,1774174490226,1774174490226,0
2026-03-22T05:14:56.880957,1624,300,1227,2.1975040435791016,False,0.0,0,1,1774174496880,1774174496880,0
2026-03-22T05:15:03.536666,1624,400,1627,1.9457340240478516,False,0.0,0,1,1774174503536,1774174503536,0
2026-03-22T05:15:10.174693,1625,0,28,0.8213520050048828,False,0.0,0,1,1774174510174,1774174510174,0
2026-03-22T05:15:16.832302,1625,100,428,2.277374267578125,False,0.0,0,1,1774174516832,1774174516832,0
2026-03-22T05:15:23.486047,1625,200,828,1.234292984008789,False,0.0,0,1,1774174523486,1774174523486,0
2026-03-22T05:15:30.144001,1625,300,1228,2.4378299713134766,False,0.0,0,1,1774174530143,1774174530143,0
2026-03-22T05:15:36.809848,1625,400,1628,12.034893035888672,False,0.0,0,1,1774174536809,1774174536809,0
2026-03-22T05:15:43.453969,1625,500,2028,1.7971992492675781,False,0.0,0,1,1774174543453,1774174543453,0
2026-03-22T05:15:50.109091,1625,600,2428,1.9316673278808594,False,0.0,0,1,1774174550109,1774174550109,0
2026-03-22T05:15:56.789329,1625,700,2828,9.868621826171875,False,0.0,0,1,1774174556789,1774174556789,0
2026-03-22T05:16:03.438529,1625,800,3228,2.9582977294921875,False,0.0,0,1,1774174563438,1774174563438,0
2026-03-22T05:16:10.111505,1625,900,3628,3.626108169555664,False,0.0,0,1,1774174570111,1774174570111,0
2026-03-22T05:16:16.774774,1625,1000,4028,10.441064834594727,False,0.0,0,1,1774174576774,1774174576774,0
2026-03-22T05:16:23.421000,1625,1100,4428,2.207517623901367,False,0.0,0,1,1774174583420,1774174583420,0
2026-03-22T05:16:34.110894,1626,0,26,6.024599075317383,False,0.0,0,1,1774174594110,1774174594110,0
2026-03-22T05:16:39.781203,1627,0,27,2.4487972259521484,False,0.0,0,1,1774174599781,1774174599781,0
2026-03-22T05:16:46.434245,1627,100,427,1.7821788787841797,False,0.0,0,1,1774174606434,1774174606434,0
2026-03-22T05:16:53.105189,1627,200,827,1.8415451049804688,False,0.0,0,1,1774174613105,1774174613105,0
2026-03-22T05:16:59.760736,1627,300,1227,2.0215511322021484,False,0.0,0,1,1774174619760,1774174619760,0
2026-03-22T05:17:06.440417,1627,400,1627,9.015321731567383,False,0.0,0,1,1774174626440,1774174626440,0
2026-03-22T05:17:15.950969,1628,0,27,1.28173828125,False,0.0,0,1,1774174635950,1774174635950,0
2026-03-22T05:17:22.608801,1628,100,427,4.919528961181641,False,0.0,0,1,1774174642608,1774174642608,0
2026-03-22T05:17:29.263472,1628,200,827,3.203153610229492,False,0.0,0,1,1774174649263,1774174649263,0
2026-03-22T05:17:35.918886,1628,300,1227,2.4907588958740234,False,0.0,0,1,1774174655918,1774174655918,0
2026-03-22T05:17:37.190525,1629,0,28,1.7535686492919922,False,0.0,0,1,1774174657190,1774174657190,0
2026-03-22T05:17:43.029176,1630,0,28,8.96000862121582,False,0.0,0,1,1774174663029,1774174663029,0
2026-03-22T05:17:49.678311,1630,100,428,2.501249313354492,False,0.0,0,1,1774174669678,1774174669678,0
2026-03-22T05:17:56.357652,1630,200,828,8.71419906616211,False,0.0,0,1,1774174676357,1774174676357,0
2026-03-22T05:18:03.007168,1630,300,1228,3.423929214477539,False,0.0,0,1,1774174683007,1774174683007,0
2026-03-22T05:18:08.731869,1631,0,27,0.8165836334228516,False,0.0,0,1,1774174688731,1774174688731,0
2026-03-22T05:18:15.393751,1631,100,427,9.993553161621094,False,0.0,0,1,1774174695393,1774174695393,0
2026-03-22T05:18:22.058381,1631,200,827,2.666950225830078,False,0.0,0,1,1774174702058,1774174702058,0
2026-03-22T05:18:28.714582,1631,300,1227,2.028942108154297,False,0.0,0,1,1774174708714,1774174708714,0
2026-03-22T05:18:35.377969,1631,400,1627,9.84501838684082,False,0.0,0,1,1774174715377,1774174715377,0
2026-03-22T05:18:43.358002,1632,0,26,4.715919494628906,False,0.0,0,1,1774174723357,1774174723358,1
2026-03-22T05:18:50.028981,1632,100,426,2.486705780029297,False,0.0,0,1,1774174730028,1774174730028,0
2026-03-22T05:18:56.700967,1632,200,826,1.8420219421386719,False,0.0,0,1,1774174736700,1774174736700,0
2026-03-22T05:18:58.613704,1633,0,27,2.011537551879883,False,0.0,0,1,1774174738613,1774174738613,0
2026-03-22T05:19:02.856214,1634,0,27,10.802030563354492,False,0.0,0,1,1774174742856,1774174742856,0
2026-03-22T05:19:09.522621,1634,100,427,11.18922233581543,False,0.0,0,1,1774174749522,1774174749522,0
2026-03-22T05:19:16.196902,1634,200,827,13.355493545532227,False,0.0,0,1,1774174756196,1774174756196,0
2026-03-22T05:19:22.842875,1634,300,1227,3.9472579956054688,False,0.0,0,1,1774174762842,1774174762842,0
2026-03-22T05:19:29.505392,1634,400,1627,9.322881698608398,False,0.0,0,1,1774174769505,1774174769505,0
2026-03-22T05:19:36.135635,1635,0,28,2.8235912322998047,False,0.0,0,1,1774174776135,1774174776135,0
2026-03-22T05:19:42.808037,1635,100,428,1.7383098602294922,False,0.0,0,1,1774174782808,1774174782808,0
2026-03-22T05:19:49.031336,1636,0,27,2.391338348388672,False,0.0,0,1,1774174789031,1774174789031,0
2026-03-22T05:19:55.687922,1636,100,427,3.154754638671875,False,0.0,0,1,1774174795687,1774174795687,0
2026-03-22T05:20:02.256214,1637,0,28,8.90970230102539,False,0.0,0,1,1774174802256,1774174802256,0
2026-03-22T05:20:08.914288,1637,100,428,2.0377635955810547,False,0.0,0,1,1774174808914,1774174808914,0
2026-03-22T05:20:15.572055,1637,200,828,2.8870105743408203,False,0.0,0,1,1774174815572,1774174815572,0
2026-03-22T05:20:22.226399,1637,300,1228,2.0155906677246094,False,0.0,0,1,1774174822226,1774174822226,0
2026-03-22T05:20:30.662462,1638,0,27,2.5653839111328125,False,0.0,0,1,1774174830662,1774174830662,0
2026-03-22T05:20:36.470502,1639,0,26,2.8378963470458984,False,0.0,0,1,1774174836470,1774174836470,0
2026-03-22T05:20:43.122954,1639,100,426,1.7542839050292969,False,0.0,0,1,1774174843122,1774174843122,0
2026-03-22T05:20:49.779327,1639,200,826,1.7545223236083984,False,0.0,0,1,1774174849779,1774174849779,0
2026-03-22T05:20:56.435200,1639,300,1226,2.0012855529785156,False,0.0,0,1,1774174856435,1774174856435,0
2026-03-22T05:21:03.089788,1639,400,1626,1.2998580932617188,False,0.0,0,1,1774174863089,1774174863089,0
2026-03-22T05:21:10.030709,1640,0,27,2.7031898498535156,False,0.0,0,1,1774174870030,1774174870030,0
2026-03-22T05:21:15.818929,1641,0,27,0.7636547088623047,False,0.0,0,1,1774174875818,1774174875818,0
2026-03-22T05:21:22.486636,1641,100,427,12.49074935913086,False,0.0,0,1,1774174882486,1774174882486,0
2026-03-22T05:21:29.150253,1641,200,827,3.525972366333008,False,0.0,0,1,1774174889150,1774174889150,0
2026-03-22T05:21:35.803487,1641,300,1227,2.482891082763672,False,0.0,0,1,1774174895803,1774174895803,0
2026-03-22T05:21:42.465682,1641,400,1627,9.025096893310547,False,0.0,0,1,1774174902465,1774174902465,0
2026-03-22T05:21:49.122749,1641,500,2027,8.677244186401367,False,0.0,0,1,1774174909122,1774174909122,0
2026-03-22T05:21:55.257993,1642,0,27,4.336833953857422,False,0.0,0,1,1774174915257,1774174915257,0
2026-03-22T05:21:59.880073,1643,0,27,2.608060836791992,False,0.0,0,1,1774174919880,1774174919880,0
2026-03-22T05:22:06.544518,1643,100,427,10.485172271728516,False,0.0,0,1,1774174926544,1774174926544,0
2026-03-22T05:22:13.191904,1643,200,827,2.0689964294433594,False,0.0,0,1,1774174933191,1774174933191,0
2026-03-22T05:22:15.915207,1644,0,27,10.166645050048828,False,0.0,0,1,1774174935915,1774174935915,0
2026-03-22T05:22:22.583645,1644,100,427,9.732723236083984,False,0.0,0,1,1774174942583,1774174942583,0
2026-03-22T05:22:29.236840,1644,200,827,7.553577423095703,False,0.0,0,1,1774174949236,1774174949236,0
2026-03-22T05:22:37.103186,1645,0,27,2.0368099212646484,False,0.0,0,1,1774174957103,1774174957103,0
2026-03-22T05:22:43.756422,1645,100,427,1.8494129180908203,False,0.0,0,1,1774174963756,1774174963756,0
2026-03-22T05:22:50.419546,1645,200,827,8.260726928710938,False,0.0,0,1,1774174970419,1774174970419,0
2026-03-22T05:22:57.068228,1645,300,1227,2.169370651245117,False,0.0,0,1,1774174977068,1774174977068,0
2026-03-22T05:23:03.741861,1645,400,1627,3.329038619995117,False,0.0,0,1,1774174983741,1774174983741,0
2026-03-22T05:23:12.761995,1646,0,28,0.9627342224121094,False,0.0,0,1,1774174992761,1774174992761,0
2026-03-22T05:23:19.442109,1646,100,428,10.874032974243164,False,0.0,0,1,1774174999442,1774174999442,0
2026-03-22T05:23:26.105300,1646,200,828,2.8543472290039062,False,0.0,0,1,1774175006105,1774175006105,0
2026-03-22T05:23:32.767330,1646,300,1228,9.649991989135742,False,0.0,0,1,1774175012767,1774175012767,0
2026-03-22T05:23:39.415188,1646,400,1628,1.8596649169921875,False,0.0,0,1,1774175019415,1774175019415,0
2026-03-22T05:23:46.835409,1647,0,27,0.99945068359375,False,0.0,0,1,1774175026835,1774175026835,0
2026-03-22T05:23:53.492884,1647,100,427,2.9778480529785156,False,0.0,0,1,1774175033492,1774175033492,0
2026-03-22T05:24:00.165244,1647,200,827,2.7251243591308594,False,0.0,0,1,1774175040165,1774175040165,0
2026-03-22T05:24:06.819859,1647,300,1227,2.0987987518310547,False,0.0,0,1,1774175046819,1774175046819,0
2026-03-22T05:24:13.490792,1647,400,1627,1.5816688537597656,False,0.0,0,1,1774175053490,1774175053490,0
2026-03-22T05:24:20.167692,1647,500,2027,6.409168243408203,False,0.0,0,1,1774175060167,1774175060167,0
2026-03-22T05:24:26.820290,1647,600,2427,2.803325653076172,False,0.0,0,1,1774175066820,1774175066820,0
2026-03-22T05:24:36.413527,1648,0,27,4.424333572387695,False,0.0,0,1,1774175076413,1774175076413,0
2026-03-22T05:24:41.657031,1649,0,27,3.323793411254883,False,0.0,0,1,1774175081657,1774175081657,0
2026-03-22T05:24:46.436737,1650,0,28,1.9638538360595703,False,0.0,0,1,1774175086436,1774175086436,0
2026-03-22T05:24:53.119191,1650,100,428,11.86370849609375,False,0.0,0,1,1774175093119,1774175093119,0
2026-03-22T05:24:54.245090,1651,0,27,2.2509098052978516,False,0.0,0,1,1774175094245,1774175094245,0
2026-03-22T05:25:00.912781,1651,100,427,2.053499221801758,False,0.0,0,1,1774175100912,1774175100912,0
2026-03-22T05:25:07.585656,1651,200,827,2.721548080444336,False,0.0,0,1,1774175107585,1774175107585,0
2026-03-22T05:25:14.244254,1651,300,1227,3.7288665771484375,False,0.0,0,1,1774175114244,1774175114244,0
2026-03-22T05:25:20.896314,1651,400,1627,2.1164417266845703,False,0.0,0,1,1774175120896,1774175120896,0
2026-03-22T05:25:27.552344,1651,500,2027,2.527952194213867,False,0.0,0,1,1774175127552,1774175127552,0
2026-03-22T05:25:34.206944,1651,600,2427,1.8057823181152344,False,0.0,0,1,1774175134206,1774175134206,0
2026-03-22T05:25:40.863197,1651,700,2827,1.8041133880615234,False,0.0,0,1,1774175140863,1774175140863,0
2026-03-22T05:25:47.524762,1651,800,3227,7.64775276184082,False,0.0,0,1,1774175147524,1774175147524,0
2026-03-22T05:25:57.305840,1652,0,27,4.479169845581055,False,0.0,0,1,1774175157305,1774175157305,0
2026-03-22T05:26:03.966883,1652,100,427,10.056257247924805,False,0.0,0,1,1774175163966,1774175163966,0
2026-03-22T05:26:10.616764,1652,200,827,2.749204635620117,False,0.0,0,1,1774175170616,1774175170616,0
2026-03-22T05:26:12.404450,1653,0,27,11.870145797729492,False,0.0,0,1,1774175172404,1774175172404,0
2026-03-22T05:26:19.049743,1653,100,427,1.8451213836669922,False,0.0,0,1,1774175179049,1774175179049,0
2026-03-22T05:26:25.722533,1653,200,827,2.5687217712402344,False,0.0,0,1,1774175185722,1774175185722,0
2026-03-22T05:26:32.377739,1653,300,1227,2.370119094848633,False,0.0,0,1,1774175192377,1774175192377,0
2026-03-22T05:26:41.149268,1654,0,26,4.688024520874023,False,0.0,0,1,1774175201149,1774175201149,0
2026-03-22T05:26:47.804413,1654,100,426,3.1430721282958984,False,0.0,0,1,1774175207804,1774175207804,0
2026-03-22T05:26:54.464076,1654,200,826,7.885932922363281,False,0.0,0,1,1774175214464,1774175214464,0
2026-03-22T05:27:01.581149,1655,0,28,2.4521350860595703,False,0.0,0,1,1774175221581,1774175221581,0
2026-03-22T05:27:08.246886,1655,100,428,13.926029205322266,False,0.0,0,1,1774175228246,1774175228246,0
2026-03-22T05:27:14.892493,1655,200,828,2.687215805053711,False,0.0,0,1,1774175234892,1774175234892,0
2026-03-22T05:27:15.737760,1656,0,28,11.330127716064453,False,0.0,0,1,1774175235737,1774175235737,0
2026-03-22T05:27:22.402463,1656,100,428,8.816957473754883,False,0.0,0,1,1774175242402,1774175242402,0
2026-03-22T05:27:29.051444,1656,200,828,2.599477767944336,False,0.0,0,1,1774175249051,1774175249051,0
2026-03-22T05:27:35.715382,1656,300,1228,10.14852523803711,False,0.0,0,1,1774175255715,1774175255715,0
2026-03-22T05:27:42.401769,1656,400,1628,8.723974227905273,False,0.0,0,1,1774175262401,1774175262401,0
2026-03-22T05:27:49.067520,1656,500,2028,1.940011978149414,False,0.0,0,1,1774175269067,1774175269067,0
2026-03-22T05:27:58.338575,1657,0,26,1.1546611785888672,False,0.0,0,1,1774175278338,1774175278338,0
2026-03-22T05:28:04.292451,1658,0,27,2.0666122436523438,False,0.0,0,1,1774175284292,1774175284292,0
2026-03-22T05:28:10.947774,1658,100,427,1.8124580383300781,False,0.0,0,1,1774175290947,1774175290947,0
2026-03-22T05:28:17.603489,1658,200,827,1.9083023071289062,False,0.0,0,1,1774175297603,1774175297603,0
2026-03-22T05:28:24.264187,1658,300,1227,7.096767425537109,False,0.0,0,1,1774175304264,1774175304264,0
2026-03-22T05:28:27.771115,1659,0,27,1.0788440704345703,False,0.0,0,1,1774175307771,1774175307771,0
2026-03-22T05:28:34.425950,1659,100,427,2.0465850830078125,False,0.0,0,1,1774175314425,1774175314425,0
2026-03-22T05:28:41.081570,1659,200,827,1.9748210906982422,False,0.0,0,1,1774175321081,1774175321081,0
2026-03-22T05:28:47.737026,1659,300,1227,1.6450881958007812,False,0.0,0,1,1774175327737,1774175327737,0
2026-03-22T05:28:54.409871,1659,400,1627,2.5899410247802734,False,0.0,0,1,1774175334409,1774175334409,0
2026-03-22T05:29:01.080536,1659,500,2027,1.2137889862060547,False,0.0,0,1,1774175341080,1774175341080,0
2026-03-22T05:29:11.534457,1660,0,27,2.6192665100097656,False,0.0,0,1,1774175351534,1774175351534,0
2026-03-22T05:29:18.189280,1660,100,427,3.9849281311035156,False,0.0,0,1,1774175358189,1774175358189,0
2026-03-22T05:29:24.866024,1660,200,827,8.791685104370117,False,0.0,0,1,1774175364866,1774175364866,0
2026-03-22T05:29:31.519512,1660,300,1227,7.881641387939453,False,0.0,0,1,1774175371519,1774175371519,0
2026-03-22T05:29:38.169781,1660,400,1627,2.1779537200927734,False,0.0,0,1,1774175378169,1774175378169,0
2026-03-22T05:29:44.246131,1661,0,27,4.282474517822266,False,0.0,0,1,1774175384246,1774175384246,0
2026-03-22T05:29:47.576869,1662,0,28,1.8951892852783203,False,0.0,0,1,1774175387576,1774175387576,0
2026-03-22T05:29:54.235394,1662,100,428,10.517358779907227,False,0.0,0,1,1774175394235,1774175394235,0
2026-03-22T05:30:00.889433,1662,200,828,9.143352508544922,False,0.0,0,1,1774175400889,1774175400889,0
2026-03-22T05:30:08.554167,1663,0,27,2.9060840606689453,False,0.0,0,1,1774175408554,1774175408554,0
2026-03-22T05:30:15.211352,1663,100,427,3.9298534393310547,False,0.0,0,1,1774175415211,1774175415211,0
2026-03-22T05:30:21.007332,1664,0,28,10.904073715209961,False,0.0,0,1,1774175421007,1774175421007,0
2026-03-22T05:30:27.672998,1664,100,428,2.7256011962890625,False,0.0,0,1,1774175427672,1774175427672,0
2026-03-22T05:30:34.344042,1664,200,828,2.072572708129883,False,0.0,0,1,1774175434344,1774175434344,0
2026-03-22T05:30:40.999268,1664,300,1228,2.374410629272461,False,0.0,0,1,1774175440999,1774175440999,0
2026-03-22T05:30:47.662891,1664,400,1628,10.141134262084961,False,0.0,0,1,1774175447662,1774175447662,0
2026-03-22T05:30:52.894252,1665,0,27,0.7956027984619141,False,0.0,0,1,1774175452894,1774175452894,0
2026-03-22T05:30:58.581306,1666,0,27,12.063026428222656,False,0.0,0,1,1774175458581,1774175458581,0
2026-03-22T05:31:05.230215,1666,100,427,6.510734558105469,False,0.0,0,1,1774175465230,1774175465230,0
2026-03-22T05:31:11.881352,1666,200,827,2.520322799682617,False,0.0,0,1,1774175471881,1774175471881,0
2026-03-22T05:31:18.537198,1666,300,1227,2.202749252319336,False,0.0,0,1,1774175478537,1774175478537,0
2026-03-22T05:31:25.209790,1666,400,1627,2.080678939819336,False,0.0,0,1,1774175485209,1774175485209,0
2026-03-22T05:31:31.872604,1666,500,2027,8.88967514038086,False,0.0,0,1,1774175491872,1774175491872,0
2026-03-22T05:31:36.373817,1667,0,27,2.540111541748047,False,0.0,0,1,1774175496373,1774175496373,0
2026-03-22T05:31:40.377949,1668,0,27,10.791540145874023,False,0.0,0,1,1774175500377,1774175500377,0
2026-03-22T05:31:44.815503,1669,0,27,2.393007278442383,False,0.0,0,1,1774175504815,1774175504815,0
2026-03-22T05:31:51.476744,1669,100,427,11.667966842651367,False,0.0,0,1,1774175511476,1774175511476,0
2026-03-22T05:31:58.124624,1669,200,827,1.9593238830566406,False,0.0,0,1,1774175518124,1774175518124,0
2026-03-22T05:32:04.779794,1669,300,1227,2.440929412841797,False,0.0,0,1,1774175524779,1774175524779,0
2026-03-22T05:32:11.432694,1669,400,1627,2.2478103637695312,False,0.0,0,1,1774175531432,1774175531432,0
2026-03-22T05:32:17.496495,1670,0,26,0.8220672607421875,False,0.0,0,1,1774175537496,1774175537496,0
2026-03-22T05:32:24.153292,1670,100,426,10.903358459472656,False,0.0,0,1,1774175544153,1774175544153,0
2026-03-22T05:32:30.801901,1670,200,826,3.116130828857422,False,0.0,0,1,1774175550801,1774175550801,0
2026-03-22T05:32:37.463186,1670,300,1226,9.957313537597656,False,0.0,0,1,1774175557463,1774175557463,0
2026-03-22T05:32:44.119725,1670,400,1626,10.18381118774414,False,0.0,0,1,1774175564119,1774175564119,0
2026-03-22T05:32:51.056166,1671,0,28,2.6082992553710938,False,0.0,0,1,1774175571056,1774175571056,0
2026-03-22T05:32:57.717182,1671,100,428,12.093067169189453,False,0.0,0,1,1774175577717,1774175577717,0
2026-03-22T05:33:04.380577,1671,200,828,2.006053924560547,False,0.0,0,1,1774175584380,1774175584380,0
2026-03-22T05:33:11.036158,1671,300,1228,3.2706260681152344,False,0.0,0,1,1774175591036,1774175591036,0
2026-03-22T05:33:17.705068,1671,400,1628,12.88747787475586,False,0.0,0,1,1774175597705,1774175597705,0
2026-03-22T05:33:26.873795,1672,0,26,1.0828971862792969,False,0.0,0,1,1774175606873,1774175606873,0
2026-03-22T05:33:33.536624,1672,100,426,9.669303894042969,False,0.0,0,1,1774175613536,1774175613536,0
2026-03-22T05:33:40.187657,1672,200,826,3.7946701049804688,False,0.0,0,1,1774175620187,1774175620187,0
2026-03-22T05:33:46.840745,1672,300,1226,2.4175643920898438,False,0.0,0,1,1774175626840,1774175626840,0
2026-03-22T05:33:53.955275,1673,0,26,5.187273025512695,False,0.0,0,1,1774175633955,1774175633955,0
2026-03-22T05:34:00.603547,1673,100,426,1.985788345336914,False,0.0,0,1,1774175640603,1774175640603,0
2026-03-22T05:34:07.259797,1673,200,826,3.4732818603515625,False,0.0,0,1,1774175647259,1774175647259,0
2026-03-22T05:34:12.679769,1674,0,27,0.751495361328125,False,0.0,0,1,1774175652679,1774175652679,0
2026-03-22T05:34:19.358125,1674,100,427,3.468036651611328,False,0.0,0,1,1774175659358,1774175659358,0
2026-03-22T05:34:26.009596,1674,200,827,2.4886131286621094,False,0.0,0,1,1774175666009,1774175666009,0
2026-03-22T05:34:32.666092,1674,300,1227,2.9726028442382812,False,0.0,0,1,1774175672666,1774175672666,0
2026-03-22T05:34:39.337618,1674,400,1627,2.288818359375,False,0.0,0,1,1774175679337,1774175679337,0
2026-03-22T05:34:46.012011,1674,500,2027,2.422332763671875,False,0.0,0,1,1774175686012,1774175686012,0
2026-03-22T05:34:52.930685,1675,0,26,1.013040542602539,False,0.0,0,1,1774175692930,1774175692930,0
2026-03-22T05:34:59.586187,1675,100,426,1.9693374633789062,False,0.0,0,1,1774175699586,1774175699586,0
2026-03-22T05:35:06.242675,1675,200,826,1.8143653869628906,False,0.0,0,1,1774175706242,1774175706242,0
2026-03-22T05:35:10.570119,1676,0,28,2.8238296508789062,False,0.0,0,1,1774175710570,1774175710570,0
2026-03-22T05:35:17.640070,1677,0,28,1.981496810913086,False,0.0,0,1,1774175717640,1774175717640,0
2026-03-22T05:35:24.295476,1677,100,428,1.981973648071289,False,0.0,0,1,1774175724295,1774175724295,0
2026-03-22T05:35:27.982391,1678,0,26,10.9100341796875,False,0.0,0,1,1774175727982,1774175727982,0
2026-03-22T05:35:34.653884,1678,100,426,9.479522705078125,False,0.0,0,1,1774175734653,1774175734653,0
2026-03-22T05:35:41.320885,1678,200,826,5.763530731201172,False,0.0,0,1,1774175741320,1774175741320,0
2026-03-22T05:35:47.975149,1678,300,1226,2.462148666381836,False,0.0,0,1,1774175747975,1774175747975,0
2026-03-22T05:35:54.636428,1678,400,1626,8.772134780883789,False,0.0,0,1,1774175754636,1774175754636,0
2026-03-22T05:36:01.302614,1678,500,2026,2.2814273834228516,False,0.0,0,1,1774175761302,1774175761302,0
2026-03-22T05:36:07.956893,1678,600,2426,2.0051002502441406,False,0.0,0,1,1774175767956,1774175767956,0
2026-03-22T05:36:14.612753,1678,700,2826,2.0537376403808594,False,0.0,0,1,1774175774612,1774175774612,0
2026-03-22T05:36:23.855210,1679,0,27,4.75001335144043,False,0.0,0,1,1774175783855,1774175783855,0
2026-03-22T05:36:30.509487,1679,100,427,9.248018264770508,False,0.0,0,1,1774175790509,1774175790509,0
2026-03-22T05:36:37.158788,1679,200,827,2.5382041931152344,False,0.0,0,1,1774175797158,1774175797158,0
2026-03-22T05:36:39.496563,1680,0,27,3.6449432373046875,False,0.0,0,1,1774175799496,1774175799496,0
2026-03-22T05:36:46.160306,1680,100,427,1.7809867858886719,False,0.0,0,1,1774175806160,1774175806160,0
2026-03-22T05:36:52.815176,1680,200,827,1.8105506896972656,False,0.0,0,1,1774175812815,1774175812815,0
2026-03-22T05:36:55.676495,1681,0,27,0.7994174957275391,False,0.0,0,1,1774175815676,1774175815676,0
2026-03-22T05:37:02.333557,1681,100,427,1.794576644897461,False,0.0,0,1,1774175822333,1774175822333,0
2026-03-22T05:37:08.990775,1681,200,827,1.9211769104003906,False,0.0,0,1,1774175828990,1774175828990,0
2026-03-22T05:37:15.646155,1681,300,1227,2.5920867919921875,False,0.0,0,1,1774175835646,1774175835646,0
2026-03-22T05:37:25.679982,1682,0,27,2.819538116455078,False,0.0,0,1,1774175845679,1774175845679,0
2026-03-22T05:37:32.350013,1682,100,427,2.337217330932617,False,0.0,0,1,1774175852349,1774175852350,1
2026-03-22T05:37:39.004595,1682,200,827,1.275777816772461,False,0.0,0,1,1774175859004,1774175859004,0
2026-03-22T05:37:45.662095,1682,300,1227,2.4232864379882812,False,0.0,0,1,1774175865662,1774175865662,0
2026-03-22T05:37:52.318804,1682,400,1627,2.9404163360595703,False,0.0,0,1,1774175872318,1774175872318,0
2026-03-22T05:37:59.836242,1683,0,27,0.6773471832275391,False,0.0,0,1,1774175879836,1774175879836,0
2026-03-22T05:38:06.495366,1683,100,427,3.3397674560546875,False,0.0,0,1,1774175886495,1774175886495,0
2026-03-22T05:38:13.150961,1683,200,827,2.8228759765625,False,0.0,0,1,1774175893150,1774175893150,0
2026-03-22T05:38:19.805056,1683,300,1227,1.886129379272461,False,0.0,0,1,1774175899805,1774175899805,0
2026-03-22T05:38:25.551346,1684,0,27,2.570629119873047,False,0.0,0,1,1774175905551,1774175905551,0
2026-03-22T05:38:30.432361,1685,0,27,8.657455444335938,False,0.0,0,1,1774175910432,1774175910432,0
2026-03-22T05:38:37.075523,1685,100,427,2.0661354064941406,False,0.0,0,1,1774175917075,1774175917075,0
2026-03-22T05:38:43.733839,1685,200,827,3.5800933837890625,False,0.0,0,1,1774175923733,1774175923733,0
2026-03-22T05:38:47.019245,1686,0,28,11.593341827392578,False,0.0,0,1,1774175927019,1774175927019,0
2026-03-22T05:38:53.682037,1686,100,428,1.7011165618896484,False,0.0,0,1,1774175933682,1774175933682,0
2026-03-22T05:39:00.338153,1686,200,828,2.612590789794922,False,0.0,0,1,1774175940338,1774175940338,0
2026-03-22T05:39:06.997392,1686,300,1228,6.682157516479492,False,0.0,0,1,1774175946997,1774175946997,0
2026-03-22T05:39:11.301793,1687,0,27,0.8478164672851562,False,0.0,0,1,1774175951301,1774175951301,0
2026-03-22T05:39:17.960596,1687,100,427,3.776073455810547,False,0.0,0,1,1774175957960,1774175957960,0
2026-03-22T05:39:24.633789,1687,200,827,4.023075103759766,False,0.0,0,1,1774175964633,1774175964633,0
2026-03-22T05:39:30.224832,1688,0,27,0.8437633514404297,False,0.0,0,1,1774175970224,1774175970224,0
2026-03-22T05:39:37.128654,1689,0,27,3.0684471130371094,False,0.0,0,1,1774175977128,1774175977128,0
2026-03-22T05:39:43.805881,1689,100,427,9.655475616455078,False,0.0,0,1,1774175983805,1774175983805,0
2026-03-22T05:39:50.456187,1689,200,827,2.418994903564453,False,0.0,0,1,1774175990456,1774175990456,0
2026-03-22T05:39:56.231622,1690,0,27,2.6445388793945312,False,0.0,0,1,1774175996231,1774175996231,0
2026-03-22T05:40:02.900096,1690,100,427,1.4996528625488281,False,0.0,0,1,1774176002900,1774176002900,0
2026-03-22T05:40:09.557290,1690,200,827,3.879547119140625,False,0.0,0,1,1774176009557,1774176009557,0
2026-03-22T05:40:16.220485,1690,300,1227,9.845733642578125,False,0.0,0,1,1774176016220,1774176016220,0
2026-03-22T05:40:22.867687,1690,400,1627,2.152681350708008,False,0.0,0,1,1774176022867,1774176022867,0
2026-03-22T05:40:29.550031,1690,500,2027,11.119604110717773,False,0.0,0,1,1774176029550,1774176029550,0
2026-03-22T05:40:36.799456,1691,0,26,1.222848892211914,False,0.0,0,1,1774176036799,1774176036799,0
2026-03-22T05:40:43.457785,1691,100,426,9.145259857177734,False,0.0,0,1,1774176043457,1774176043457,0
2026-03-22T05:40:50.373413,1692,0,27,1.8901824951171875,False,0.0,0,1,1774176050373,1774176050373,0
2026-03-22T05:40:57.029314,1692,100,427,2.2623538970947266,False,0.0,0,1,1774176057029,1774176057029,0
2026-03-22T05:41:03.695531,1692,200,827,13.18812370300293,False,0.0,0,1,1774176063695,1774176063695,0
2026-03-22T05:41:10.349848,1692,300,1227,12.63737678527832,False,0.0,0,1,1774176070349,1774176070349,0
2026-03-22T05:41:17.015480,1692,400,1627,6.566286087036133,False,0.0,0,1,1774176077015,1774176077015,0
2026-03-22T05:41:23.672855,1692,500,2027,7.646799087524414,False,0.0,0,1,1774176083672,1774176083672,0
2026-03-22T05:41:30.323600,1692,600,2427,1.1782646179199219,False,0.0,0,1,1774176090323,1774176090323,0
2026-03-22T05:41:37.003776,1692,700,2827,10.645866394042969,False,0.0,0,1,1774176097003,1774176097003,0
2026-03-22T05:41:48.774696,1693,0,27,1.434326171875,False,0.0,0,1,1774176108774,1774176108774,0
2026-03-22T05:41:53.051539,1694,0,27,2.245664596557617,False,0.0,0,1,1774176113051,1774176113051,0
2026-03-22T05:41:59.733933,1694,100,427,10.858535766601562,False,0.0,0,1,1774176119733,1774176119733,0
2026-03-22T05:42:06.384438,1694,200,827,7.816314697265625,False,0.0,0,1,1774176126384,1774176126384,0
2026-03-22T05:42:13.039598,1694,300,1227,7.232189178466797,False,0.0,0,1,1774176133039,1774176133039,0
2026-03-22T05:42:19.327171,1695,0,26,3.8137435913085938,False,0.0,0,1,1774176139327,1774176139327,0
2026-03-22T05:42:25.980038,1695,100,426,1.9879341125488281,False,0.0,0,1,1774176145980,1774176145980,0
2026-03-22T05:42:32.636888,1695,200,826,3.2868385314941406,False,0.0,0,1,1774176152636,1774176152636,0
2026-03-22T05:42:39.291720,1695,300,1226,2.5014877319335938,False,0.0,0,1,1774176159291,1774176159291,0
2026-03-22T05:42:48.475794,1696,0,27,0.9593963623046875,False,0.0,0,1,1774176168475,1774176168475,0
2026-03-22T05:42:55.130808,1696,100,427,1.9083023071289062,False,0.0,0,1,1774176175130,1774176175130,0
2026-03-22T05:43:01.803170,1696,200,827,1.7685890197753906,False,0.0,0,1,1774176181803,1774176181803,0
2026-03-22T05:43:08.908432,1697,0,27,2.0678043365478516,False,0.0,0,1,1774176188908,1774176188908,0
2026-03-22T05:43:15.582133,1697,100,427,3.2126903533935547,False,0.0,0,1,1774176195582,1774176195582,0
2026-03-22T05:43:22.239424,1697,200,827,2.6700496673583984,False,0.0,0,1,1774176202239,1774176202239,0
2026-03-22T05:43:28.900156,1697,300,1227,10.209083557128906,False,0.0,0,1,1774176208900,1774176208900,0
2026-03-22T05:43:35.547628,1697,400,1627,1.9235610961914062,False,0.0,0,1,1774176215547,1774176215547,0
2026-03-22T05:43:41.972292,1698,0,27,3.591299057006836,False,0.0,0,1,1774176221972,1774176221972,0
2026-03-22T05:43:48.642755,1698,100,427,1.5506744384765625,False,0.0,0,1,1774176228642,1774176228642,0
2026-03-22T05:43:55.306579,1698,200,827,9.158849716186523,False,0.0,0,1,1774176235306,1774176235306,0
2026-03-22T05:44:01.957566,1698,300,1227,3.7827491760253906,False,0.0,0,1,1774176241957,1774176241957,0
2026-03-22T05:44:08.611813,1698,400,1627,2.3431777954101562,False,0.0,0,1,1774176248611,1774176248611,0
2026-03-22T05:44:14.332687,1699,0,28,1.226186752319336,False,0.0,0,1,1774176254332,1774176254332,0
2026-03-22T05:44:20.994087,1699,100,428,7.223606109619141,False,0.0,0,1,1774176260994,1774176260994,0
2026-03-22T05:44:27.645039,1699,200,828,2.4268627166748047,False,0.0,0,1,1774176267645,1774176267645,0
2026-03-22T05:44:34.299128,1699,300,1228,1.3720989227294922,False,0.0,0,1,1774176274299,1774176274299,0
2026-03-22T05:44:40.962078,1699,400,1628,8.324623107910156,False,0.0,0,1,1774176280962,1774176280962,0
2026-03-22T05:44:47.611374,1699,500,2028,2.367258071899414,False,0.0,0,1,1774176287611,1774176287611,0
2026-03-22T05:44:54.276988,1699,600,2428,12.226581573486328,False,0.0,0,1,1774176294276,1774176294276,0
2026-03-22T05:44:59.357610,1700,0,27,0.7300376892089844,False,0.0,0,1,1774176299357,1774176299357,0
2026-03-22T05:45:06.213317,1701,0,28,1.0497570037841797,False,0.0,0,1,1774176306213,1774176306213,0
2026-03-22T05:45:12.868606,1701,100,428,1.5256404876708984,False,0.0,0,1,1774176312868,1774176312868,0
2026-03-22T05:45:19.534041,1701,200,828,9.473323822021484,False,0.0,0,1,1774176319534,1774176319534,0
2026-03-22T05:45:26.598827,1702,0,27,3.8907527923583984,False,0.0,0,1,1774176326598,1774176326598,0
2026-03-22T05:45:33.261323,1702,100,427,11.357545852661133,False,0.0,0,1,1774176333261,1774176333261,0
2026-03-22T05:45:39.925392,1702,200,827,2.089262008666992,False,0.0,0,1,1774176339925,1774176339925,0
2026-03-22T05:45:46.588153,1702,300,1227,9.711503982543945,False,0.0,0,1,1774176346588,1774176346588,0
2026-03-22T05:45:53.237004,1702,400,1627,2.271890640258789,False,0.0,0,1,1774176353237,1774176353237,0
2026-03-22T05:46:02.674593,1703,0,26,4.983186721801758,False,0.0,0,1,1774176362674,1774176362674,0
2026-03-22T05:46:07.004189,1704,0,28,10.226964950561523,False,0.0,0,1,1774176367004,1774176367004,0
2026-03-22T05:46:13.651814,1704,100,428,1.6620159149169922,False,0.0,0,1,1774176373651,1774176373651,0
2026-03-22T05:46:19.568037,1705,0,27,10.906696319580078,False,0.0,0,1,1774176379568,1774176379568,0
2026-03-22T05:46:24.168678,1706,0,27,2.4330615997314453,False,0.0,0,1,1774176384168,1774176384168,0
2026-03-22T05:46:30.823034,1706,100,427,1.8146038055419922,False,0.0,0,1,1774176390823,1774176390823,0
2026-03-22T05:46:37.481672,1706,200,827,3.0422210693359375,False,0.0,0,1,1774176397481,1774176397481,0
2026-03-22T05:46:44.134961,1706,300,1227,2.085447311401367,False,0.0,0,1,1774176404134,1774176404134,0
2026-03-22T05:46:50.791148,1706,400,1627,2.560138702392578,False,0.0,0,1,1774176410791,1774176410791,0
2026-03-22T05:46:57.448387,1706,500,2027,2.751588821411133,False,0.0,0,1,1774176417448,1774176417448,0
2026-03-22T05:47:07.413220,1707,0,26,2.5701522827148438,False,0.0,0,1,1774176427413,1774176427413,0
2026-03-22T05:47:14.085519,1707,100,426,2.3810863494873047,False,0.0,0,1,1774176434085,1774176434085,0
2026-03-22T05:47:17.991265,1708,0,27,11.454343795776367,False,0.0,0,1,1774176437991,1774176437991,0
2026-03-22T05:47:24.652076,1708,100,427,1.9893646240234375,False,0.0,0,1,1774176444652,1774176444652,0
2026-03-22T05:47:31.540669,1709,0,27,2.6810169219970703,False,0.0,0,1,1774176451540,1774176451540,0
2026-03-22T05:47:38.195980,1709,100,427,2.705097198486328,False,0.0,0,1,1774176458195,1774176458195,0
2026-03-22T05:47:46.352251,1710,0,27,5.367755889892578,False,0.0,0,1,1774176466352,1774176466352,0
2026-03-22T05:47:53.004884,1710,100,427,2.8243064880371094,False,0.0,0,1,1774176473004,1774176473004,0
2026-03-22T05:47:59.667566,1710,200,827,8.347272872924805,False,0.0,0,1,1774176479667,1774176479667,0
2026-03-22T05:48:06.316751,1710,300,1227,2.1271705627441406,False,0.0,0,1,1774176486316,1774176486316,0
2026-03-22T05:48:12.973432,1710,400,1627,3.571033477783203,False,0.0,0,1,1774176492973,1774176492973,0
2026-03-22T05:48:19.692682,1711,0,27,0.8764266967773438,False,0.0,0,1,1774176499692,1774176499692,0
2026-03-22T05:48:23.420755,1712,0,27,2.5167465209960938,False,0.0,0,1,1774176503420,1774176503420,0
2026-03-22T05:48:30.084258,1712,100,427,9.885549545288086,False,0.0,0,1,1774176510084,1774176510084,0
2026-03-22T05:48:31.092114,1713,0,26,2.0859241485595703,False,0.0,0,1,1774176511092,1774176511092,0
2026-03-22T05:48:37.753797,1713,100,426,9.630203247070312,False,0.0,0,1,1774176517753,1774176517753,0
2026-03-22T05:48:44.402507,1713,200,826,2.4192333221435547,False,0.0,0,1,1774176524402,1774176524402,0
2026-03-22T05:48:47.828277,1714,0,28,0.8251667022705078,False,0.0,0,1,1774176527828,1774176527828,0
2026-03-22T05:48:53.465788,1715,0,27,14.186382293701172,False,0.0,0,1,1774176533465,1774176533465,0
2026-03-22T05:49:00.133198,1715,100,427,9.279489517211914,False,0.0,0,1,1774176540133,1774176540133,0
2026-03-22T05:49:06.798811,1715,200,827,3.0786991119384766,False,0.0,0,1,1774176546798,1774176546798,0
2026-03-22T05:49:08.681613,1716,0,28,3.208160400390625,False,0.0,0,1,1774176548681,1774176548681,0
2026-03-22T05:49:15.343315,1716,100,428,10.949850082397461,False,0.0,0,1,1774176555343,1774176555343,0
2026-03-22T05:49:21.990772,1716,200,828,2.245664596557617,False,0.0,0,1,1774176561990,1774176561990,0
2026-03-22T05:49:28.647365,1716,300,1228,2.6841163635253906,False,0.0,0,1,1774176568647,1774176568647,0
2026-03-22T05:49:31.759209,1717,0,27,4.6844482421875,False,0.0,0,1,1774176571759,1774176571759,0
2026-03-22T05:49:37.349048,1718,0,27,2.9783248901367188,False,0.0,0,1,1774176577349,1774176577349,0
2026-03-22T05:49:44.019906,1718,100,427,2.2382736206054688,False,0.0,0,1,1774176584019,1774176584019,0
2026-03-22T05:49:50.696995,1718,200,827,6.995201110839844,False,0.0,0,1,1774176590696,1774176590696,0
2026-03-22T05:49:57.719866,1719,0,27,0.9837150573730469,False,0.0,0,1,1774176597719,1774176597719,0
2026-03-22T05:50:04.392183,1719,100,427,8.43358039855957,False,0.0,0,1,1774176604392,1774176604392,0
2026-03-22T05:50:11.042652,1719,200,827,2.354860305786133,False,0.0,0,1,1774176611042,1774176611042,0
2026-03-22T05:50:15.533548,1720,0,27,0.8537769317626953,False,0.0,0,1,1774176615533,1774176615533,0
2026-03-22T05:50:20.795273,1721,0,27,0.7770061492919922,False,0.0,0,1,1774176620795,1774176620795,0
2026-03-22T05:50:28.015943,1722,0,27,3.027200698852539,False,0.0,0,1,1774176628015,1774176628015,0
2026-03-22T05:50:34.687970,1722,100,427,3.279447555541992,False,0.0,0,1,1774176634687,1774176634687,0
2026-03-22T05:50:41.344132,1722,200,827,2.3360252380371094,False,0.0,0,1,1774176641344,1774176641344,0
2026-03-22T05:50:47.999307,1722,300,1227,2.0186901092529297,False,0.0,0,1,1774176647999,1774176647999,0
2026-03-22T05:50:54.671208,1722,400,1627,2.0453929901123047,False,0.0,0,1,1774176654671,1774176654671,0
2026-03-22T05:51:01.343450,1722,500,2027,1.6133785247802734,False,0.0,0,1,1774176661343,1774176661343,0
2026-03-22T05:51:07.999068,1722,600,2427,1.8951892852783203,False,0.0,0,1,1774176667999,1774176667999,0
2026-03-22T05:51:14.670854,1722,700,2827,1.8801689147949219,False,0.0,0,1,1774176674670,1774176674670,0
2026-03-22T05:51:21.346071,1722,800,3227,2.744436264038086,False,0.0,0,1,1774176681346,1774176681346,0
2026-03-22T05:51:27.997792,1722,900,3627,2.422332763671875,False,0.0,0,1,1774176687997,1774176687997,0
2026-03-22T05:51:34.656850,1722,1000,4027,2.421140670776367,False,0.0,0,1,1774176694656,1774176694656,0
2026-03-22T05:51:47.180948,1723,0,26,0.7240772247314453,False,0.0,0,1,1774176707180,1774176707180,0
2026-03-22T05:51:53.848628,1723,100,426,11.56306266784668,False,0.0,0,1,1774176713848,1774176713848,0
2026-03-22T05:52:00.494325,1723,200,826,2.7611255645751953,False,0.0,0,1,1774176720494,1774176720494,0
2026-03-22T05:52:07.155792,1723,300,1226,7.813692092895508,False,0.0,0,1,1774176727155,1774176727155,0
2026-03-22T05:52:13.823248,1723,400,1626,2.8514862060546875,False,0.0,0,1,1774176733823,1774176733823,0
2026-03-22T05:52:17.082625,1724,0,27,2.076864242553711,False,0.0,0,1,1774176737082,1774176737082,0
2026-03-22T05:52:20.959680,1725,0,27,2.1991729736328125,False,0.0,0,1,1774176740959,1774176740959,0
2026-03-22T05:52:27.622325,1725,100,427,9.453535079956055,False,0.0,0,1,1774176747622,1774176747622,0
2026-03-22T05:52:34.280524,1725,200,827,11.207818984985352,False,0.0,0,1,1774176754280,1774176754280,0
2026-03-22T05:52:39.779926,1726,0,26,0.9596347808837891,False,0.0,0,1,1774176759779,1774176759779,0
2026-03-22T05:52:46.435203,1726,100,426,2.2628307342529297,False,0.0,0,1,1774176766435,1774176766435,0
2026-03-22T05:52:53.097927,1726,200,826,10.43391227722168,False,0.0,0,1,1774176773097,1774176773097,0
2026-03-22T05:52:59.746218,1726,300,1226,3.071308135986328,False,0.0,0,1,1774176779746,1774176779746,0
2026-03-22T05:53:06.409902,1726,400,1626,10.629415512084961,False,0.0,0,1,1774176786409,1774176786409,0
2026-03-22T05:53:13.081345,1726,500,2026,10.302066802978516,False,0.0,0,1,1774176793081,1774176793081,0
2026-03-22T05:53:19.730088,1726,600,2426,2.8896331787109375,False,0.0,0,1,1774176799730,1774176799730,0
2026-03-22T05:53:27.195531,1727,0,26,5.2642822265625,False,0.0,0,1,1774176807195,1774176807195,0
2026-03-22T05:53:33.357349,1728,0,27,2.4743080139160156,False,0.0,0,1,1774176813357,1774176813357,0
2026-03-22T05:53:40.031634,1728,100,427,3.8895606994628906,False,0.0,0,1,1774176820031,1774176820031,0
2026-03-22T05:53:46.687889,1728,200,827,2.5823116302490234,False,0.0,0,1,1774176826687,1774176826687,0
2026-03-22T05:53:53.343446,1728,300,1227,3.8077831268310547,False,0.0,0,1,1774176833343,1774176833343,0
2026-03-22T05:54:01.629170,1729,0,27,5.315065383911133,False,0.0,0,1,1774176841629,1774176841629,0
2026-03-22T05:54:08.291516,1729,100,427,10.516166687011719,False,0.0,0,1,1774176848291,1774176848291,0
2026-03-22T05:54:14.946356,1729,200,827,11.199712753295898,False,0.0,0,1,1774176854946,1774176854946,0
2026-03-22T05:54:19.087235,1730,0,27,3.468751907348633,False,0.0,0,1,1774176859087,1774176859087,0
2026-03-22T05:54:24.389489,1731,0,27,3.229856491088867,False,0.0,0,1,1774176864389,1774176864389,0
2026-03-22T05:54:31.061079,1731,100,427,1.7993450164794922,False,0.0,0,1,1774176871061,1774176871061,0
2026-03-22T05:54:37.734797,1731,200,827,2.5670528411865234,False,0.0,0,1,1774176877734,1774176877734,0
2026-03-22T05:54:44.393097,1731,300,1227,6.415367126464844,False,0.0,0,1,1774176884393,1774176884393,0
2026-03-22T05:54:51.044754,1731,400,1627,1.750946044921875,False,0.0,0,1,1774176891044,1774176891044,0
2026-03-22T05:54:57.705328,1731,500,2027,7.642984390258789,False,0.0,0,1,1774176897705,1774176897705,0
2026-03-22T05:55:05.586975,1732,0,27,0.7388591766357422,False,0.0,0,1,1774176905586,1774176905586,0
2026-03-22T05:55:12.250980,1732,100,427,10.68878173828125,False,0.0,0,1,1774176912250,1774176912250,0
2026-03-22T05:55:15.104833,1733,0,28,2.4771690368652344,False,0.0,0,1,1774176915104,1774176915104,0
2026-03-22T05:55:21.778127,1733,100,428,3.3593177795410156,False,0.0,0,1,1774176921778,1774176921778,0
2026-03-22T05:55:28.431942,1733,200,828,1.918792724609375,False,0.0,0,1,1774176928431,1774176928431,0
2026-03-22T05:55:35.088177,1733,300,1228,2.2602081298828125,False,0.0,0,1,1774176935088,1774176935088,0
2026-03-22T05:55:41.752729,1733,400,1628,11.237144470214844,False,0.0,0,1,1774176941752,1774176941752,0
2026-03-22T05:55:50.161560,1734,0,28,0.6444454193115234,False,0.0,0,1,1774176950161,1774176950161,0
2026-03-22T05:55:56.834774,1734,100,428,2.103090286254883,False,0.0,0,1,1774176956834,1774176956834,0
2026-03-22T05:56:03.513663,1734,200,828,8.630514144897461,False,0.0,0,1,1774176963513,1774176963513,0
2026-03-22T05:56:10.164684,1734,300,1228,2.6397705078125,False,0.0,0,1,1774176970164,1774176970164,0
2026-03-22T05:56:18.633388,1735,0,27,0.8859634399414062,False,0.0,0,1,1774176978633,1774176978633,0
2026-03-22T05:56:25.288768,1735,100,427,3.2570362091064453,False,0.0,0,1,1774176985288,1774176985288,0
2026-03-22T05:56:31.952112,1735,200,827,10.551929473876953,False,0.0,0,1,1774176991952,1774176991952,0
2026-03-22T05:56:38.597949,1735,300,1227,1.529693603515625,False,0.0,0,1,1774176998597,1774176998597,0
2026-03-22T05:56:43.556563,1736,0,27,0.7963180541992188,False,0.0,0,1,1774177003556,1774177003556,0
2026-03-22T05:56:50.214071,1736,100,427,2.0258426666259766,False,0.0,0,1,1774177010214,1774177010214,0
2026-03-22T05:56:56.870151,1736,200,827,1.7774105072021484,False,0.0,0,1,1774177016870,1774177016870,0
2026-03-22T05:56:57.652149,1737,0,28,1.5079975128173828,False,0.0,0,1,1774177017652,1774177017652,0
2026-03-22T05:57:04.325338,1737,100,428,1.9855499267578125,False,0.0,0,1,1774177024325,1774177024325,0
2026-03-22T05:57:10.996953,1737,200,828,3.0400753021240234,False,0.0,0,1,1774177030996,1774177030996,0
2026-03-22T05:57:17.652669,1737,300,1228,1.7435550689697266,False,0.0,0,1,1774177037652,1774177037652,0
2026-03-22T05:57:27.190165,1738,0,27,3.0241012573242188,False,0.0,0,1,1774177047190,1774177047190,0
2026-03-22T05:57:33.840864,1738,100,427,2.5942325592041016,False,0.0,0,1,1774177053840,1774177053840,0
2026-03-22T05:57:40.520335,1738,200,827,9.359598159790039,False,0.0,0,1,1774177060520,1774177060520,0
2026-03-22T05:57:47.169608,1738,300,1227,2.050161361694336,False,0.0,0,1,1774177067169,1774177067169,0
2026-03-22T05:57:53.845886,1738,400,1627,6.501913070678711,False,0.0,0,1,1774177073845,1774177073845,0
2026-03-22T05:57:58.575710,1739,0,26,1.1463165283203125,False,0.0,0,1,1774177078575,1774177078575,0
2026-03-22T05:58:05.221777,1739,100,426,2.201080322265625,False,0.0,0,1,1774177085221,1774177085221,0
2026-03-22T05:58:11.879994,1739,200,826,3.2677650451660156,False,0.0,0,1,1774177091879,1774177091879,0
2026-03-22T05:58:14.439722,1740,0,28,2.0036697387695312,False,0.0,0,1,1774177094439,1774177094439,0
2026-03-22T05:58:20.750018,1741,0,27,3.2515525817871094,False,0.0,0,1,1774177100750,1774177100750,0
2026-03-22T05:58:27.405928,1741,100,427,2.029895782470703,False,0.0,0,1,1774177107405,1774177107405,0
2026-03-22T05:58:34.441801,1742,0,27,3.3376216888427734,False,0.0,0,1,1774177114441,1774177114441,0
2026-03-22T05:58:41.118864,1742,100,427,5.001544952392578,False,0.0,0,1,1774177121118,1774177121118,0
2026-03-22T05:58:47.768331,1742,200,827,2.028942108154297,False,0.0,0,1,1774177127768,1774177127768,0
2026-03-22T05:58:54.423820,1742,300,1227,1.9731521606445312,False,0.0,0,1,1774177134423,1774177134423,0
2026-03-22T05:59:01.506308,1743,0,27,2.7818679809570312,False,0.0,0,1,1774177141506,1774177141506,0
2026-03-22T05:59:08.169197,1743,100,427,1.790761947631836,False,0.0,0,1,1774177148169,1774177148169,0
2026-03-22T05:59:14.843901,1743,200,827,4.209041595458984,False,0.0,0,1,1774177154843,1774177154843,0
2026-03-22T05:59:16.459405,1744,0,28,1.8718242645263672,False,0.0,0,1,1774177156459,1774177156459,0
2026-03-22T05:59:23.126433,1744,100,428,1.7685890197753906,False,0.0,0,1,1774177163126,1774177163126,0
2026-03-22T05:59:31.411948,1745,0,27,0.9760856628417969,False,0.0,0,1,1774177171411,1774177171411,0
2026-03-22T05:59:38.068172,1745,100,427,1.74713134765625,False,0.0,0,1,1774177178068,1774177178068,0
2026-03-22T05:59:44.724840,1745,200,827,3.003358840942383,False,0.0,0,1,1774177184724,1774177184724,0
2026-03-22T05:59:51.380514,1745,300,1227,1.9886493682861328,False,0.0,0,1,1774177191380,1774177191380,0
2026-03-22T05:59:58.849444,1746,0,26,0.9741783142089844,False,0.0,0,1,1774177198849,1774177198849,0
2026-03-22T06:00:05.515113,1746,100,426,9.602546691894531,False,0.0,0,1,1774177205515,1774177205515,0
2026-03-22T06:00:12.178653,1746,200,826,2.7191638946533203,False,0.0,0,1,1774177212178,1774177212178,0
2026-03-22T06:00:21.712166,1747,0,27,0.9050369262695312,False,0.0,0,1,1774177221712,1774177221712,0
2026-03-22T06:00:28.367738,1747,100,427,2.107381820678711,False,0.0,0,1,1774177228367,1774177228367,0
2026-03-22T06:00:35.039642,1747,200,827,1.7654895782470703,False,0.0,0,1,1774177235039,1774177235039,0
2026-03-22T06:00:42.400299,1748,0,27,6.45136833190918,False,0.0,0,1,1774177242400,1774177242400,0
2026-03-22T06:00:47.155418,1749,0,27,1.6748905181884766,False,0.0,0,1,1774177247155,1774177247155,0
2026-03-22T06:00:53.820731,1749,100,427,12.084722518920898,False,0.0,0,1,1774177253820,1774177253820,0
2026-03-22T06:00:55.813514,1750,0,27,8.571386337280273,False,0.0,0,1,1774177255813,1774177255813,0
2026-03-22T06:01:00.099785,1751,0,27,1.6407966613769531,False,0.0,0,1,1774177260099,1774177260099,0
2026-03-22T06:01:06.774023,1751,100,427,2.0487308502197266,False,0.0,0,1,1774177266774,1774177266774,0
2026-03-22T06:01:07.622134,1752,0,27,3.817319869995117,False,0.0,0,1,1774177267622,1774177267622,0
2026-03-22T06:01:14.292564,1752,100,427,2.228260040283203,False,0.0,0,1,1774177274292,1774177274292,0
2026-03-22T06:01:20.948344,1752,200,827,2.6464462280273438,False,0.0,0,1,1774177280948,1774177280948,0
2026-03-22T06:01:28.917059,1753,0,26,0.9708404541015625,False,0.0,0,1,1774177288917,1774177288917,0
2026-03-22T06:01:35.589924,1753,100,426,2.08282470703125,False,0.0,0,1,1774177295589,1774177295589,0
2026-03-22T06:01:36.875579,1754,0,26,2.240419387817383,False,0.0,0,1,1774177296875,1774177296875,0
2026-03-22T06:01:43.544848,1754,100,426,1.954793930053711,False,0.0,0,1,1774177303544,1774177303544,0
2026-03-22T06:01:50.216597,1754,200,826,2.0689964294433594,False,0.0,0,1,1774177310216,1774177310216,0
2026-03-22T06:01:56.839991,1755,0,27,1.065969467163086,False,0.0,0,1,1774177316839,1774177316839,0
2026-03-22T06:02:03.499766,1755,100,427,6.637334823608398,False,0.0,0,1,1774177323499,1774177323499,0
2026-03-22T06:02:10.150370,1755,200,827,2.3682117462158203,False,0.0,0,1,1774177330150,1774177330150,0
2026-03-22T06:02:11.833898,1756,0,28,4.615306854248047,False,0.0,0,1,1774177331833,1774177331833,0
2026-03-22T06:02:18.484979,1756,100,428,1.0480880737304688,False,0.0,0,1,1774177338484,1774177338484,0
2026-03-22T06:02:25.141880,1756,200,828,2.220630645751953,False,0.0,0,1,1774177345141,1774177345141,0
2026-03-22T06:02:31.802835,1756,300,1228,8.013248443603516,False,0.0,0,1,1774177351802,1774177351802,0
2026-03-22T06:02:35.995879,1757,0,27,3.4737586975097656,False,0.0,0,1,1774177355995,1774177355995,0
2026-03-22T06:02:42.644356,1757,100,427,1.2555122375488281,False,0.0,0,1,1774177362644,1774177362644,0
2026-03-22T06:02:49.317993,1757,200,827,2.4950504302978516,False,0.0,0,1,1774177369317,1774177369317,0
2026-03-22T06:02:58.035379,1758,0,28,0.8733272552490234,False,0.0,0,1,1774177378035,1774177378035,0
2026-03-22T06:03:04.691077,1758,100,428,1.596689224243164,False,0.0,0,1,1774177384691,1774177384691,0
2026-03-22T06:03:11.353991,1758,200,828,8.545398712158203,False,0.0,0,1,1774177391353,1774177391353,0
2026-03-22T06:03:12.030979,1759,0,27,3.1337738037109375,False,0.0,0,1,1774177392030,1774177392030,0
2026-03-22T06:03:18.702687,1759,100,427,2.8083324432373047,False,0.0,0,1,1774177398702,1774177398702,0
2026-03-22T06:03:25.358976,1759,200,827,2.1352767944335938,False,0.0,0,1,1774177405358,1774177405358,0
2026-03-22T06:03:26.799947,1760,0,27,6.871461868286133,False,0.0,0,1,1774177406799,1774177406799,0
2026-03-22T06:03:30.898954,1761,0,27,1.5120506286621094,False,0.0,0,1,1774177410898,1774177410898,0
2026-03-22T06:03:36.434468,1762,0,27,3.9474964141845703,False,0.0,0,1,1774177416434,1774177416434,0
2026-03-22T06:03:43.215724,1762,100,427,2.5026798248291016,False,0.0,0,1,1774177423215,1774177423215,0
2026-03-22T06:03:49.892593,1762,200,827,7.959842681884766,False,0.0,0,1,1774177429892,1774177429892,0
2026-03-22T06:03:56.552546,1762,300,1227,12.686014175415039,False,0.0,0,1,1774177436552,1774177436552,0
2026-03-22T06:04:03.219296,1762,400,1627,6.618738174438477,False,0.0,0,1,1774177443219,1774177443219,0
2026-03-22T06:04:09.870972,1762,500,2027,2.953052520751953,False,0.0,0,1,1774177449870,1774177449870,0
2026-03-22T06:04:14.817164,1763,0,27,3.437519073486328,False,0.0,0,1,1774177454817,1774177454817,0
2026-03-22T06:04:21.485900,1763,100,427,1.4340877532958984,False,0.0,0,1,1774177461485,1774177461485,0
2026-03-22T06:04:23.946490,1764,0,27,10.854244232177734,False,0.0,0,1,1774177463946,1774177463946,0
2026-03-22T06:04:29.874820,1765,0,27,2.317190170288086,False,0.0,0,1,1774177469874,1774177469874,0
2026-03-22T06:04:36.551295,1765,100,427,10.946512222290039,False,0.0,0,1,1774177476551,1774177476551,0
2026-03-22T06:04:41.994305,1766,0,27,12.541532516479492,False,0.0,0,1,1774177481994,1774177481994,0
2026-03-22T06:04:48.644990,1766,100,427,7.185697555541992,False,0.0,0,1,1774177488644,1774177488644,0
2026-03-22T06:04:55.295608,1766,200,827,2.2678375244140625,False,0.0,0,1,1774177495295,1774177495295,0
2026-03-22T06:05:01.950212,1766,300,1227,1.8925666809082031,False,0.0,0,1,1774177501950,1774177501950,0
2026-03-22T06:05:08.605943,1766,400,1627,2.0542144775390625,False,0.0,0,1,1774177508605,1774177508605,0
2026-03-22T06:05:14.661073,1767,0,27,0.9593963623046875,False,0.0,0,1,1774177514661,1774177514661,0
2026-03-22T06:05:21.318085,1767,100,427,2.047300338745117,False,0.0,0,1,1774177521318,1774177521318,0
2026-03-22T06:05:27.978605,1767,200,827,7.101535797119141,False,0.0,0,1,1774177527978,1774177527978,0
2026-03-22T06:05:34.630223,1767,300,1227,2.5179386138916016,False,0.0,0,1,1774177534630,1774177534630,0
2026-03-22T06:05:37.627084,1768,0,27,3.763437271118164,False,0.0,0,1,1774177537627,1774177537627,0
2026-03-22T06:05:44.279981,1768,100,427,1.7437934875488281,False,0.0,0,1,1774177544279,1774177544279,0
2026-03-22T06:05:50.935476,1768,200,827,1.9924640655517578,False,0.0,0,1,1774177550935,1774177550935,0
2026-03-22T06:05:57.598429,1768,300,1227,9.360313415527344,False,0.0,0,1,1774177557598,1774177557598,0
2026-03-22T06:06:04.537789,1769,0,28,3.221273422241211,False,0.0,0,1,1774177564537,1774177564537,0
2026-03-22T06:06:11.202797,1769,100,428,1.8494129180908203,False,0.0,0,1,1774177571202,1774177571202,0
2026-03-22T06:06:17.875742,1769,200,828,2.222299575805664,False,0.0,0,1,1774177577875,1774177577875,0
2026-03-22T06:06:24.538507,1769,300,1228,9.715080261230469,False,0.0,0,1,1774177584538,1774177584538,0
2026-03-22T06:06:28.928783,1770,0,27,3.783702850341797,False,0.0,0,1,1774177588928,1774177588928,0
2026-03-22T06:06:35.578200,1770,100,427,1.9574165344238281,False,0.0,0,1,1774177595578,1774177595578,0
2026-03-22T06:06:42.234523,1770,200,827,1.8801689147949219,False,0.0,0,1,1774177602234,1774177602234,0
2026-03-22T06:06:47.919655,1771,0,27,9.958267211914062,False,0.0,0,1,1774177607919,1774177607919,0
2026-03-22T06:06:54.563791,1771,100,427,2.1142959594726562,False,0.0,0,1,1774177614563,1774177614563,0
2026-03-22T06:07:01.219719,1771,200,827,2.0585060119628906,False,0.0,0,1,1774177621219,1774177621219,0
2026-03-22T06:07:07.874343,1771,300,1227,1.7180442810058594,False,0.0,0,1,1774177627874,1774177627874,0
2026-03-22T06:07:14.547218,1771,400,1627,2.124309539794922,False,0.0,0,1,1774177634547,1774177634547,0
2026-03-22T06:07:21.203254,1771,500,2027,1.9948482513427734,False,0.0,0,1,1774177641203,1774177641203,0
2026-03-22T06:07:27.863107,1771,600,2427,7.143497467041016,False,0.0,0,1,1774177647863,1774177647863,0
2026-03-22T06:07:32.041498,1772,0,27,2.35748291015625,False,0.0,0,1,1774177652041,1774177652041,0
2026-03-22T06:07:38.710753,1772,100,427,6.264686584472656,False,0.0,0,1,1774177658710,1774177658710,0
2026-03-22T06:07:45.380261,1772,200,827,2.7174949645996094,False,0.0,0,1,1774177665380,1774177665380,0
2026-03-22T06:07:49.223681,1773,0,28,2.410888671875,False,0.0,0,1,1774177669223,1774177669223,0
2026-03-22T06:07:55.878470,1773,100,428,2.064228057861328,False,0.0,0,1,1774177675878,1774177675878,0
2026-03-22T06:08:02.546667,1773,200,828,13.532638549804688,False,0.0,0,1,1774177682546,1774177682546,0
2026-03-22T06:08:09.192571,1773,300,1228,2.6712417602539062,False,0.0,0,1,1774177689192,1774177689192,0
2026-03-22T06:08:15.847079,1773,400,1628,1.9061565399169922,False,0.0,0,1,1774177695847,1774177695847,0
2026-03-22T06:08:26.199235,1774,0,27,1.0650157928466797,False,0.0,0,1,1774177706199,1774177706199,0
2026-03-22T06:08:32.860196,1774,100,427,10.897397994995117,False,0.0,0,1,1774177712860,1774177712860,0
2026-03-22T06:08:39.507702,1774,200,827,1.8379688262939453,False,0.0,0,1,1774177719507,1774177719507,0
2026-03-22T06:08:46.162132,1774,300,1227,1.8894672393798828,False,0.0,0,1,1774177726162,1774177726162,0
2026-03-22T06:08:52.818949,1774,400,1627,1.6474723815917969,False,0.0,0,1,1774177732818,1774177732818,0
2026-03-22T06:08:59.485710,1774,500,2027,13.50092887878418,False,0.0,0,1,1774177739485,1774177739485,0
2026-03-22T06:09:06.131005,1774,600,2427,1.5246868133544922,False,0.0,0,1,1774177746131,1774177746131,0
2026-03-22T06:09:11.768806,1775,0,27,0.8752346038818359,False,0.0,0,1,1774177751768,1774177751768,0
2026-03-22T06:09:18.425898,1775,100,427,2.0911693572998047,False,0.0,0,1,1774177758425,1774177758425,0
2026-03-22T06:09:23.899278,1776,0,28,1.8041133880615234,False,0.0,0,1,1774177763899,1774177763899,0
2026-03-22T06:09:30.573094,1776,100,428,2.699136734008789,False,0.0,0,1,1774177770573,1774177770573,0
2026-03-22T06:09:37.633536,1777,0,26,8.940458297729492,False,0.0,0,1,1774177777633,1774177777633,0
2026-03-22T06:09:44.292508,1777,100,426,12.98213005065918,False,0.0,0,1,1774177784292,1774177784292,0
2026-03-22T06:09:50.940319,1777,200,826,3.1371116638183594,False,0.0,0,1,1774177790940,1774177790940,0
2026-03-22T06:09:56.045468,1778,0,27,10.986328125,False,0.0,0,1,1774177796045,1774177796045,0
2026-03-22T06:10:02.719030,1778,100,427,2.685070037841797,False,0.0,0,1,1774177802719,1774177802719,0
2026-03-22T06:10:09.374637,1778,200,827,2.5675296783447266,False,0.0,0,1,1774177809374,1774177809374,0
2026-03-22T06:10:18.092067,1779,0,27,1.0128021240234375,False,0.0,0,1,1774177818092,1774177818092,0
2026-03-22T06:10:24.751086,1779,100,427,3.389596939086914,False,0.0,0,1,1774177824751,1774177824751,0
2026-03-22T06:10:31.073037,1780,0,27,2.769947052001953,False,0.0,0,1,1774177831073,1774177831073,0
2026-03-22T06:10:37.728367,1780,100,427,2.9015541076660156,False,0.0,0,1,1774177837728,1774177837728,0
2026-03-22T06:10:44.406178,1780,200,827,7.550716400146484,False,0.0,0,1,1774177844406,1774177844406,0
2026-03-22T06:10:51.056284,1780,300,1227,2.5908946990966797,False,0.0,0,1,1774177851056,1774177851056,0
2026-03-22T06:10:54.782111,1781,0,27,1.4548301696777344,False,0.0,0,1,1774177854782,1774177854782,0
2026-03-22T06:11:01.459222,1781,100,427,7.1239471435546875,False,0.0,0,1,1774177861459,1774177861459,0
2026-03-22T06:11:08.115205,1781,200,827,7.137537002563477,False,0.0,0,1,1774177868115,1774177868115,0
2026-03-22T06:11:14.251769,1782,0,26,2.6874542236328125,False,0.0,0,1,1774177874251,1774177874251,0
2026-03-22T06:11:20.907053,1782,100,426,2.137422561645508,False,0.0,0,1,1774177880907,1774177880907,0
2026-03-22T06:11:26.912863,1783,0,27,2.089262008666992,False,0.0,0,1,1774177886912,1774177886912,0
2026-03-22T06:11:33.580523,1783,100,427,12.511730194091797,False,0.0,0,1,1774177893580,1774177893580,0
2026-03-22T06:11:40.246860,1783,200,827,5.508661270141602,False,0.0,0,1,1774177900246,1774177900246,0
2026-03-22T06:11:40.990475,1784,0,27,2.3326873779296875,False,0.0,0,1,1774177900990,1774177900990,0
2026-03-22T06:11:47.578015,1785,0,27,2.0058155059814453,False,0.0,0,1,1774177907578,1774177907578,0
2026-03-22T06:11:53.135451,1786,0,27,1.5311241149902344,False,0.0,0,1,1774177913135,1774177913135,0
2026-03-22T06:12:00.008417,1787,0,27,3.809690475463867,False,0.0,0,1,1774177920008,1774177920008,0
2026-03-22T06:12:06.665343,1787,100,427,3.9556026458740234,False,0.0,0,1,1774177926665,1774177926665,0
2026-03-22T06:12:13.319444,1787,200,827,2.083301544189453,False,0.0,0,1,1774177933319,1774177933319,0
2026-03-22T06:12:19.976317,1787,300,1227,3.548860549926758,False,0.0,0,1,1774177939976,1774177939976,0
2026-03-22T06:12:26.647348,1787,400,1627,2.8264522552490234,False,0.0,0,1,1774177946647,1774177946647,0
2026-03-22T06:12:33.302270,1787,500,2027,1.9440650939941406,False,0.0,0,1,1774177953302,1774177953302,0
2026-03-22T06:12:37.684156,1788,0,27,1.2059211730957031,False,0.0,0,1,1774177957684,1774177957684,0
2026-03-22T06:12:41.905120,1789,0,27,2.4368762969970703,False,0.0,0,1,1774177961905,1774177961905,0
2026-03-22T06:12:48.559162,1789,100,427,1.8534660339355469,False,0.0,0,1,1774177968559,1774177968559,0
2026-03-22T06:12:55.216313,1789,200,827,2.0029544830322266,False,0.0,0,1,1774177975216,1774177975216,0
2026-03-22T06:13:01.872568,1789,300,1227,2.237558364868164,False,0.0,0,1,1774177981872,1774177981872,0
2026-03-22T06:13:08.510977,1790,0,27,2.4590492248535156,False,0.0,0,1,1774177988510,1774177988510,0
2026-03-22T06:13:15.167868,1790,100,427,3.0951499938964844,False,0.0,0,1,1774177995167,1774177995167,0
2026-03-22T06:13:21.839449,1790,200,827,2.110004425048828,False,0.0,0,1,1774178001839,1774178001839,0
2026-03-22T06:13:23.285182,1791,0,27,12.75634765625,False,0.0,0,1,1774178003285,1774178003285,0
2026-03-22T06:13:29.941303,1791,100,427,2.2673606872558594,False,0.0,0,1,1774178009941,1774178009941,0
2026-03-22T06:13:35.849052,1792,0,27,2.207517623901367,False,0.0,0,1,1774178015849,1774178015849,0
2026-03-22T06:13:42.504296,1792,100,427,1.9981861114501953,False,0.0,0,1,1774178022504,1774178022504,0
2026-03-22T06:13:49.161328,1792,200,827,2.22015380859375,False,0.0,0,1,1774178029161,1774178029161,0
2026-03-22T06:13:55.816086,1792,300,1227,2.4292469024658203,False,0.0,0,1,1774178035816,1774178035816,0
2026-03-22T06:14:02.490152,1792,400,1627,1.9605159759521484,False,0.0,0,1,1774178042490,1774178042490,0
2026-03-22T06:14:09.145278,1792,500,2027,1.9683837890625,False,0.0,0,1,1774178049145,1774178049145,0
2026-03-22T06:14:18.809506,1793,0,27,0.7233619689941406,False,0.0,0,1,1774178058809,1774178058809,0
2026-03-22T06:14:25.466587,1793,100,427,2.604961395263672,False,0.0,0,1,1774178065466,1774178065466,0
2026-03-22T06:14:32.148147,1793,200,827,10.423660278320312,False,0.0,0,1,1774178072148,1774178072148,0
2026-03-22T06:14:34.087076,1794,0,28,2.868175506591797,False,0.0,0,1,1774178074087,1774178074087,0
2026-03-22T06:14:40.765627,1794,100,428,9.037971496582031,False,0.0,0,1,1774178080765,1774178080765,0
2026-03-22T06:14:47.412787,1794,200,828,1.875162124633789,False,0.0,0,1,1774178087412,1774178087412,0
2026-03-22T06:14:54.080878,1794,300,1228,10.418176651000977,False,0.0,0,1,1774178094080,1774178094080,0
2026-03-22T06:14:57.809974,1795,0,28,13.919353485107422,False,0.0,0,1,1774178097809,1774178097809,0
2026-03-22T06:15:04.451388,1795,100,428,1.8665790557861328,False,0.0,0,1,1774178104451,1774178104451,0
2026-03-22T06:15:07.972513,1796,0,28,12.22991943359375,False,0.0,0,1,1774178107972,1774178107972,0
2026-03-22T06:15:14.617986,1796,100,428,1.8329620361328125,False,0.0,0,1,1774178114617,1774178114617,0
2026-03-22T06:15:21.274399,1796,200,828,2.4476051330566406,False,0.0,0,1,1774178121274,1774178121274,0
2026-03-22T06:15:27.929645,1796,300,1228,2.4902820587158203,False,0.0,0,1,1774178127929,1774178127929,0
2026-03-22T06:15:31.308647,1797,0,27,3.827810287475586,False,0.0,0,1,1774178131308,1774178131308,0
2026-03-22T06:15:37.964461,1797,100,427,3.259897232055664,False,0.0,0,1,1774178137964,1774178137964,0
2026-03-22T06:15:44.630351,1797,200,827,14.39356803894043,False,0.0,0,1,1774178144630,1774178144630,0
2026-03-22T06:15:51.905600,1798,0,27,0.904083251953125,False,0.0,0,1,1774178151905,1774178151905,0
2026-03-22T06:15:58.562887,1798,100,427,2.8612613677978516,False,0.0,0,1,1774178158562,1774178158562,0
2026-03-22T06:16:05.234828,1798,200,827,2.2928714752197266,False,0.0,0,1,1774178165234,1774178165234,0
2026-03-22T06:16:11.584369,1799,0,26,2.528667449951172,False,0.0,0,1,1774178171584,1774178171584,0
2026-03-22T06:16:18.229629,1799,100,426,2.1779537200927734,False,0.0,0,1,1774178178229,1774178178229,0
2026-03-22T06:16:24.900788,1799,200,826,2.1533966064453125,False,0.0,0,1,1774178184900,1774178184900,0
2026-03-22T06:16:31.567548,1799,300,1226,12.759923934936523,False,0.0,0,1,1774178191567,1774178191567,0
2026-03-22T06:16:38.229180,1799,400,1626,2.2995471954345703,False,0.0,0,1,1774178198229,1774178198229,0
2026-03-22T06:16:45.254327,1800,0,27,2.936124801635742,False,0.0,0,1,1774178205254,1774178205254,0
2026-03-22T06:16:51.906157,1800,100,427,1.7080307006835938,False,0.0,0,1,1774178211906,1774178211906,0
2026-03-22T06:16:58.562222,1800,200,827,1.814126968383789,False,0.0,0,1,1774178218562,1774178218562,0
2026-03-22T06:17:05.224339,1800,300,1227,7.806062698364258,False,0.0,0,1,1774178225224,1774178225224,0
2026-03-22T06:17:08.452173,1801,0,26,0.9191036224365234,False,0.0,0,1,1774178228452,1774178228452,0
2026-03-22T06:17:15.101765,1801,100,426,2.368927001953125,False,0.0,0,1,1774178235101,1774178235101,0
2026-03-22T06:17:17.663549,1802,0,27,2.4094581604003906,False,0.0,0,1,1774178237663,1774178237663,0
2026-03-22T06:17:24.338908,1802,100,427,4.000425338745117,False,0.0,0,1,1774178244338,1774178244338,0
2026-03-22T06:17:30.992754,1802,200,827,3.0829906463623047,False,0.0,0,1,1774178250992,1774178250992,0
2026-03-22T06:17:37.654237,1802,300,1227,7.666587829589844,False,0.0,0,1,1774178257654,1774178257654,0
2026-03-22T06:17:43.327527,1803,0,27,3.184080123901367,False,0.0,0,1,1774178263327,1774178263327,0
2026-03-22T06:17:49.976882,1803,100,427,1.8489360809326172,False,0.0,0,1,1774178269976,1774178269976,0
2026-03-22T06:17:56.635628,1803,200,827,1.8315315246582031,False,0.0,0,1,1774178276635,1774178276635,0
2026-03-22T06:18:02.334055,1804,0,27,10.68878173828125,False,0.0,0,1,1774178282334,1774178282334,0
2026-03-22T06:18:08.980774,1804,100,427,3.1790733337402344,False,0.0,0,1,1774178288980,1774178288980,0
2026-03-22T06:18:15.636692,1804,200,827,3.0515193939208984,False,0.0,0,1,1774178295636,1774178295636,0
2026-03-22T06:18:20.641073,1805,0,27,0.8454322814941406,False,0.0,0,1,1774178300641,1774178300641,0
2026-03-22T06:18:24.304185,1806,0,28,2.4166107177734375,False,0.0,0,1,1774178304304,1774178304304,0
2026-03-22T06:18:30.976011,1806,100,428,2.8352737426757812,False,0.0,0,1,1774178310976,1774178310976,0
2026-03-22T06:18:34.918538,1807,0,27,1.8870830535888672,False,0.0,0,1,1774178314918,1774178314918,0
2026-03-22T06:18:41.575362,1807,100,427,3.0913352966308594,False,0.0,0,1,1774178321575,1774178321575,0
2026-03-22T06:18:48.248906,1807,200,827,2.4619102478027344,False,0.0,0,1,1774178328248,1774178328248,0
2026-03-22T06:18:54.909328,1807,300,1227,9.454488754272461,False,0.0,0,1,1774178334909,1774178334909,0
2026-03-22T06:19:04.212530,1808,0,27,0.8718967437744141,False,0.0,0,1,1774178344212,1774178344212,0
2026-03-22T06:19:10.862531,1808,100,427,1.9135475158691406,False,0.0,0,1,1774178350862,1774178350862,0
2026-03-22T06:19:17.522282,1808,200,827,8.834600448608398,False,0.0,0,1,1774178357522,1774178357522,0
2026-03-22T06:19:24.171576,1808,300,1227,2.096414566040039,False,0.0,0,1,1774178364171,1774178364171,0
2026-03-22T06:19:24.917617,1809,0,26,12.116193771362305,False,0.0,0,1,1774178364917,1774178364917,0
2026-03-22T06:19:31.576019,1809,100,426,2.023458480834961,False,0.0,0,1,1774178371576,1774178371576,0
2026-03-22T06:19:38.256694,1809,200,826,11.761903762817383,False,0.0,0,1,1774178378256,1774178378256,0
2026-03-22T06:19:46.018601,1810,0,27,0.7236003875732422,False,0.0,0,1,1774178386018,1774178386018,0
2026-03-22T06:19:52.673171,1810,100,427,1.9524097442626953,False,0.0,0,1,1774178392673,1774178392673,0
2026-03-22T06:19:59.333314,1810,200,827,6.928682327270508,False,0.0,0,1,1774178399333,1774178399333,0
2026-03-22T06:20:05.989669,1810,300,1227,7.442235946655273,False,0.0,0,1,1774178405989,1774178405989,0
2026-03-22T06:20:12.640012,1810,400,1627,2.4385452270507812,False,0.0,0,1,1774178412640,1774178412640,0
2026-03-22T06:20:19.912891,1811,0,27,3.7543773651123047,False,0.0,0,1,1774178419912,1774178419912,0
2026-03-22T06:20:26.571912,1811,100,427,7.323265075683594,False,0.0,0,1,1774178426571,1774178426571,0
2026-03-22T06:20:33.227526,1811,200,827,7.274389266967773,False,0.0,0,1,1774178433227,1774178433227,0
2026-03-22T06:20:37.550253,1812,0,27,0.7493495941162109,False,0.0,0,1,1774178437550,1774178437550,0
2026-03-22T06:20:44.204108,1812,100,427,1.9764900207519531,False,0.0,0,1,1774178444204,1774178444204,0
2026-03-22T06:20:50.860029,1812,200,827,2.016305923461914,False,0.0,0,1,1774178450860,1774178450860,0
2026-03-22T06:20:57.515521,1812,300,1227,1.9540786743164062,False,0.0,0,1,1774178457515,1774178457515,0
2026-03-22T06:21:01.865667,1813,0,27,0.7472038269042969,False,0.0,0,1,1774178461865,1774178461865,0
2026-03-22T06:21:08.864880,1814,0,27,1.8398761749267578,False,0.0,0,1,1774178468864,1774178468864,0
2026-03-22T06:21:15.522698,1814,100,427,1.8723011016845703,False,0.0,0,1,1774178475522,1774178475522,0
2026-03-22T06:21:20.819805,1815,0,28,11.099815368652344,False,0.0,0,1,1774178480819,1774178480819,0
2026-03-22T06:21:27.468121,1815,100,428,3.5130977630615234,False,0.0,0,1,1774178487468,1774178487468,0
2026-03-22T06:21:34.139445,1815,200,828,2.8502941131591797,False,0.0,0,1,1774178494139,1774178494139,0
2026-03-22T06:21:37.052591,1816,0,27,2.6497840881347656,False,0.0,0,1,1774178497052,1774178497052,0
2026-03-22T06:21:43.707614,1816,100,427,2.3040771484375,False,0.0,0,1,1774178503707,1774178503707,0
2026-03-22T06:21:50.385520,1816,200,827,9.003400802612305,False,0.0,0,1,1774178510385,1774178510385,0
2026-03-22T06:21:53.671530,1817,0,27,1.1570453643798828,False,0.0,0,1,1774178513671,1774178513671,0
2026-03-22T06:22:00.330526,1817,100,427,1.8129348754882812,False,0.0,0,1,1774178520330,1774178520330,0
2026-03-22T06:22:07.005556,1817,200,827,5.764961242675781,False,0.0,0,1,1774178527005,1774178527005,0
2026-03-22T06:22:13.656217,1817,300,1227,1.8768310546875,False,0.0,0,1,1774178533656,1774178533656,0
2026-03-22T06:22:21.208443,1818,0,26,0.8022785186767578,False,0.0,0,1,1774178541208,1774178541208,0
2026-03-22T06:22:27.865453,1818,100,426,2.264738082885742,False,0.0,0,1,1774178547865,1774178547865,0
2026-03-22T06:22:34.521886,1818,200,826,2.4840831756591797,False,0.0,0,1,1774178554521,1774178554521,0
2026-03-22T06:22:41.185645,1818,300,1226,9.131908416748047,False,0.0,0,1,1774178561185,1774178561185,0
2026-03-22T06:22:47.852458,1818,400,1626,2.816915512084961,False,0.0,0,1,1774178567852,1774178567852,0
2026-03-22T06:22:56.253918,1819,0,27,2.5801658630371094,False,0.0,0,1,1774178576253,1774178576253,0
2026-03-22T06:23:02.907817,1819,100,427,2.2335052490234375,False,0.0,0,1,1774178582907,1774178582907,0
2026-03-22T06:23:09.563679,1819,200,827,2.3801326751708984,False,0.0,0,1,1774178589563,1774178589563,0
2026-03-22T06:23:15.639054,1820,0,26,4.565954208374023,False,0.0,0,1,1774178595639,1774178595639,0
2026-03-22T06:23:22.293598,1820,100,426,3.4551620483398438,False,0.0,0,1,1774178602293,1774178602293,0
2026-03-22T06:23:28.964564,1820,200,826,2.44903564453125,False,0.0,0,1,1774178608964,1774178608964,0
2026-03-22T06:23:35.620276,1820,300,1226,2.3775100708007812,False,0.0,0,1,1774178615620,1774178615620,0
2026-03-22T06:23:39.845241,1821,0,27,1.016855239868164,False,0.0,0,1,1774178619845,1774178619845,0
2026-03-22T06:23:46.502049,1821,100,427,2.3665428161621094,False,0.0,0,1,1774178626502,1774178626502,0
2026-03-22T06:23:53.176247,1821,200,827,2.254486083984375,False,0.0,0,1,1774178633176,1774178633176,0
2026-03-22T06:23:59.839010,1821,300,1227,8.772611618041992,False,0.0,0,1,1774178639839,1774178639839,0
2026-03-22T06:24:00.564134,1822,0,26,2.8104782104492188,False,0.0,0,1,1774178640564,1774178640564,0
2026-03-22T06:24:07.226466,1822,100,426,10.04171371459961,False,0.0,0,1,1774178647226,1774178647226,0
2026-03-22T06:24:13.881858,1822,200,826,10.066509246826172,False,0.0,0,1,1774178653881,1774178653881,0
2026-03-22T06:24:20.529089,1822,300,1226,2.2499561309814453,False,0.0,0,1,1774178660529,1774178660529,0
2026-03-22T06:24:22.435663,1823,0,27,10.968208312988281,False,0.0,0,1,1774178662435,1774178662435,0
2026-03-22T06:24:29.107151,1823,100,427,11.169672012329102,False,0.0,0,1,1774178669107,1774178669107,0
2026-03-22T06:24:35.755034,1823,200,827,2.097606658935547,False,0.0,0,1,1774178675755,1774178675755,0
2026-03-22T06:24:42.418796,1823,300,1227,10.174751281738281,False,0.0,0,1,1774178682418,1774178682418,0
2026-03-22T06:24:49.072430,1823,400,1627,9.106874465942383,False,0.0,0,1,1774178689072,1774178689072,0
2026-03-22T06:24:55.342724,1824,0,28,0.7040500640869141,False,0.0,0,1,1774178695342,1774178695342,0
2026-03-22T06:24:59.347362,1825,0,27,1.6815662384033203,False,0.0,0,1,1774178699347,1774178699347,0
2026-03-22T06:25:06.010304,1825,100,427,8.867025375366211,False,0.0,0,1,1774178706010,1774178706010,0
2026-03-22T06:25:12.675881,1825,200,827,1.7058849334716797,False,0.0,0,1,1774178712675,1774178712675,0
2026-03-22T06:25:15.462477,1826,0,27,9.128093719482422,False,0.0,0,1,1774178715462,1774178715462,0
2026-03-22T06:25:19.382770,1827,0,27,2.917766571044922,False,0.0,0,1,1774178719382,1774178719382,0
2026-03-22T06:25:26.044930,1827,100,427,9.443521499633789,False,0.0,0,1,1774178726044,1774178726044,0
2026-03-22T06:25:32.691897,1827,200,827,1.8486976623535156,False,0.0,0,1,1774178732691,1774178732691,0
2026-03-22T06:25:39.356112,1827,300,1227,9.848356246948242,False,0.0,0,1,1774178739356,1774178739356,0
2026-03-22T06:25:46.568047,1828,0,28,0.8995532989501953,False,0.0,0,1,1774178746568,1774178746568,0
2026-03-22T06:25:53.247230,1828,100,428,6.588220596313477,False,0.0,0,1,1774178753247,1774178753247,0
2026-03-22T06:25:59.897071,1828,200,828,2.153158187866211,False,0.0,0,1,1774178759897,1774178759897,0
2026-03-22T06:26:00.976688,1829,0,27,12.204170227050781,False,0.0,0,1,1774178760976,1774178760976,0
2026-03-22T06:26:07.635532,1829,100,427,1.7092227935791016,False,0.0,0,1,1774178767635,1774178767635,0
2026-03-22T06:26:14.291574,1829,200,827,1.394033432006836,False,0.0,0,1,1774178774291,1774178774291,0
2026-03-22T06:26:20.948266,1829,300,1227,4.996299743652344,False,0.0,0,1,1774178780948,1774178780948,0
2026-03-22T06:26:27.622862,1829,400,1627,1.8229484558105469,False,0.0,0,1,1774178787622,1774178787622,0
2026-03-22T06:26:32.686862,1830,0,27,1.0106563568115234,False,0.0,0,1,1774178792686,1774178792686,0
2026-03-22T06:26:39.355203,1830,100,427,8.405447006225586,False,0.0,0,1,1774178799355,1774178799355,0
2026-03-22T06:26:40.721303,1831,0,28,7.10606575012207,False,0.0,0,1,1774178800721,1774178800721,0
2026-03-22T06:26:44.592407,1832,0,28,1.9981861114501953,False,0.0,0,1,1774178804592,1774178804592,0
2026-03-22T06:26:51.246358,1832,100,428,2.0186901092529297,False,0.0,0,1,1774178811246,1774178811246,0
2026-03-22T06:26:57.917359,1832,200,828,1.8324851989746094,False,0.0,0,1,1774178817917,1774178817917,0
2026-03-22T06:27:04.585136,1832,300,1228,13.116836547851562,False,0.0,0,1,1774178824585,1774178824585,0
2026-03-22T06:27:08.517564,1833,0,27,2.634286880493164,False,0.0,0,1,1774178828517,1774178828517,0
2026-03-22T06:27:15.199833,1833,100,427,12.085199356079102,False,0.0,0,1,1774178835199,1774178835199,0
2026-03-22T06:27:16.164496,1834,0,27,11.371612548828125,False,0.0,0,1,1774178836164,1774178836164,0
2026-03-22T06:27:22.832919,1834,100,427,8.655548095703125,False,0.0,0,1,1774178842832,1774178842832,0
2026-03-22T06:27:29.667841,1835,0,27,2.0813941955566406,False,0.0,0,1,1774178849667,1774178849667,0
2026-03-22T06:27:36.339948,1835,100,427,3.9103031158447266,False,0.0,0,1,1774178856339,1774178856339,0
2026-03-22T06:27:37.485459,1836,0,27,1.8253326416015625,False,0.0,0,1,1774178857485,1774178857485,0
2026-03-22T06:27:44.145128,1836,100,427,2.4085044860839844,False,0.0,0,1,1774178864145,1774178864145,0
2026-03-22T06:27:50.816498,1836,200,827,3.7169456481933594,False,0.0,0,1,1774178870816,1774178870816,0
2026-03-22T06:27:57.478255,1836,300,1227,10.385751724243164,False,0.0,0,1,1774178877478,1774178877478,0
2026-03-22T06:28:04.135382,1836,400,1627,10.941028594970703,False,0.0,0,1,1774178884135,1774178884135,0
2026-03-22T06:28:10.795231,1836,500,2027,13.995647430419922,False,0.0,0,1,1774178890795,1774178890795,0
2026-03-22T06:28:17.685043,1837,0,27,0.8873939514160156,False,0.0,0,1,1774178897685,1774178897685,0
2026-03-22T06:28:22.894075,1838,0,27,12.018680572509766,False,0.0,0,1,1774178902894,1774178902894,0
2026-03-22T06:28:29.543217,1838,100,427,10.36977767944336,False,0.0,0,1,1774178909543,1774178909543,0
2026-03-22T06:28:31.662019,1839,0,27,1.9245147705078125,False,0.0,0,1,1774178911662,1774178911662,0
2026-03-22T06:28:38.317109,1839,100,427,1.5687942504882812,False,0.0,0,1,1774178918317,1774178918317,0
2026-03-22T06:28:45.025293,1840,0,26,2.9747486114501953,False,0.0,0,1,1774178925025,1774178925025,0
2026-03-22T06:28:51.695763,1840,100,426,1.9168853759765625,False,0.0,0,1,1774178931695,1774178931695,0
2026-03-22T06:28:58.362541,1840,200,826,11.902332305908203,False,0.0,0,1,1774178938362,1774178938362,0
2026-03-22T06:29:05.006845,1840,300,1226,1.987457275390625,False,0.0,0,1,1774178945006,1774178945006,0
2026-03-22T06:29:11.680074,1840,400,1626,2.115488052368164,False,0.0,0,1,1774178951680,1774178951680,0
2026-03-22T06:29:18.336194,1840,500,2026,2.472400665283203,False,0.0,0,1,1774178958336,1774178958336,0
2026-03-22T06:29:27.257985,1841,0,27,5.968332290649414,False,0.0,0,1,1774178967257,1774178967257,0
2026-03-22T06:29:33.931088,1841,100,427,7.365226745605469,False,0.0,0,1,1774178973931,1774178973931,0
2026-03-22T06:29:40.580941,1841,200,827,0.9167194366455078,False,0.0,0,1,1774178980580,1774178980580,0
2026-03-22T06:29:47.237406,1841,300,1227,2.402067184448242,False,0.0,0,1,1774178987237,1774178987237,0
2026-03-22T06:29:50.852879,1842,0,27,0.9984970092773438,False,0.0,0,1,1774178990852,1774178990852,0
2026-03-22T06:29:57.838619,1843,0,27,1.6481876373291016,False,0.0,0,1,1774178997838,1774178997838,0
2026-03-22T06:30:04.493492,1843,100,427,2.2661685943603516,False,0.0,0,1,1774179004493,1774179004493,0
2026-03-22T06:30:11.148435,1843,200,827,2.833843231201172,False,0.0,0,1,1774179011148,1774179011148,0
2026-03-22T06:30:17.803841,1843,300,1227,2.375364303588867,False,0.0,0,1,1774179017803,1774179017803,0
2026-03-22T06:30:24.476607,1843,400,1627,2.4030208587646484,False,0.0,0,1,1774179024476,1774179024476,0
2026-03-22T06:30:29.827347,1844,0,27,1.024484634399414,False,0.0,0,1,1774179029827,1774179029827,0
2026-03-22T06:30:36.472155,1844,100,427,1.9254684448242188,False,0.0,0,1,1774179036472,1774179036472,0
2026-03-22T06:30:41.367992,1845,0,27,1.6636848449707031,False,0.0,0,1,1774179041367,1774179041367,0
2026-03-22T06:30:45.706129,1846,0,28,1.7731189727783203,False,0.0,0,1,1774179045706,1774179045706,0
2026-03-22T06:30:50.052804,1847,0,27,3.887176513671875,False,0.0,0,1,1774179050052,1774179050052,0
2026-03-22T06:30:56.711787,1847,100,427,8.680105209350586,False,0.0,0,1,1774179056711,1774179056711,0
2026-03-22T06:31:03.360323,1847,200,827,1.378774642944336,False,0.0,0,1,1774179063360,1774179063360,0
2026-03-22T06:31:08.236514,1848,0,27,0.7281303405761719,False,0.0,0,1,1774179068236,1774179068236,0
2026-03-22T06:31:12.196036,1849,0,27,1.678466796875,False,0.0,0,1,1774179072196,1774179072196,0
2026-03-22T06:31:18.860194,1849,100,427,10.408639907836914,False,0.0,0,1,1774179078860,1774179078860,0
2026-03-22T06:31:25.524291,1849,200,827,2.503633499145508,False,0.0,0,1,1774179085524,1774179085524,0
2026-03-22T06:31:32.179305,1849,300,1227,1.9173622131347656,False,0.0,0,1,1774179092179,1774179092179,0
2026-03-22T06:31:38.836506,1849,400,1627,2.7790069580078125,False,0.0,0,1,1774179098836,1774179098836,0
2026-03-22T06:31:48.635964,1850,0,27,2.5153160095214844,False,0.0,0,1,1774179108635,1774179108635,0
2026-03-22T06:31:55.297684,1850,100,427,7.821798324584961,False,0.0,0,1,1774179115297,1774179115297,0
2026-03-22T06:32:01.747519,1851,0,27,2.1414756774902344,False,0.0,0,1,1774179121747,1774179121747,0
2026-03-22T06:32:08.402771,1851,100,427,1.821756362915039,False,0.0,0,1,1774179128402,1774179128402,0
2026-03-22T06:32:15.057979,1851,200,827,1.8355846405029297,False,0.0,0,1,1774179135057,1774179135057,0
2026-03-22T06:32:21.699899,1852,0,27,2.913236618041992,False,0.0,0,1,1774179141699,1774179141699,0
2026-03-22T06:32:28.353717,1852,100,427,1.7917156219482422,False,0.0,0,1,1774179148353,1774179148353,0
2026-03-22T06:32:31.947996,1853,0,28,13.866662979125977,False,0.0,0,1,1774179151947,1774179151947,0
2026-03-22T06:32:37.628087,1854,0,28,2.286672592163086,False,0.0,0,1,1774179157628,1774179157628,0
2026-03-22T06:32:44.276592,1854,100,428,2.0668506622314453,False,0.0,0,1,1774179164276,1774179164276,0
2026-03-22T06:32:50.933503,1854,200,828,1.6994476318359375,False,0.0,0,1,1774179170933,1774179170933,0
2026-03-22T06:32:57.588726,1854,300,1228,1.8782615661621094,False,0.0,0,1,1774179177588,1774179177588,0
2026-03-22T06:33:03.732988,1855,0,28,1.6703605651855469,False,0.0,0,1,1774179183732,1774179183732,0
2026-03-22T06:33:07.788590,1856,0,28,1.7981529235839844,False,0.0,0,1,1774179187788,1774179187788,0
2026-03-22T06:33:14.459545,1856,100,428,2.0279884338378906,False,0.0,0,1,1774179194459,1774179194459,0
2026-03-22T06:33:21.117151,1856,200,828,3.8166046142578125,False,0.0,0,1,1774179201117,1774179201117,0
2026-03-22T06:33:27.779500,1856,300,1228,10.686397552490234,False,0.0,0,1,1774179207779,1774179207779,0
2026-03-22T06:33:34.425623,1856,400,1628,1.0516643524169922,False,0.0,0,1,1774179214425,1774179214425,0
2026-03-22T06:33:42.320296,1857,0,27,4.068851470947266,False,0.0,0,1,1774179222320,1774179222320,0
2026-03-22T06:33:48.969706,1857,100,427,2.125263214111328,False,0.0,0,1,1774179228969,1774179228969,0
2026-03-22T06:33:55.626103,1857,200,827,3.561258316040039,False,0.0,0,1,1774179235626,1774179235626,0
2026-03-22T06:33:59.420602,1858,0,27,14.522790908813477,False,0.0,0,1,1774179239420,1774179239420,0
2026-03-22T06:34:03.878825,1859,0,27,2.196073532104492,False,0.0,0,1,1774179243878,1774179243878,0
2026-03-22T06:34:10.561548,1859,100,427,12.159585952758789,False,0.0,0,1,1774179250561,1774179250561,0
2026-03-22T06:34:17.234879,1859,200,827,13.704061508178711,False,0.0,0,1,1774179257234,1774179257234,0
2026-03-22T06:34:23.880205,1859,300,1227,3.2625198364257812,False,0.0,0,1,1774179263880,1774179263880,0
2026-03-22T06:34:29.570994,1860,0,27,1.0118484497070312,False,0.0,0,1,1774179269570,1774179269570,0
2026-03-22T06:34:36.225329,1860,100,427,2.8645992279052734,False,0.0,0,1,1774179276225,1774179276225,0
2026-03-22T06:34:42.906213,1860,200,827,10.495901107788086,False,0.0,0,1,1774179282906,1774179282906,0
2026-03-22T06:34:49.552144,1860,300,1227,1.8534660339355469,False,0.0,0,1,1774179289552,1774179289552,0
2026-03-22T06:34:55.514946,1861,0,27,2.6259422302246094,False,0.0,0,1,1774179295514,1774179295514,0
2026-03-22T06:35:02.181233,1861,100,427,1.871347427368164,False,0.0,0,1,1774179302181,1774179302181,0
2026-03-22T06:35:03.991813,1862,0,27,10.142803192138672,False,0.0,0,1,1774179303991,1774179303991,0
2026-03-22T06:35:10.642794,1862,100,427,11.245250701904297,False,0.0,0,1,1774179310642,1774179310642,0
2026-03-22T06:35:17.291140,1862,200,827,3.2553672790527344,False,0.0,0,1,1774179317291,1774179317291,0
2026-03-22T06:35:20.110979,1863,0,27,11.591434478759766,False,0.0,0,1,1774179320110,1774179320110,0
2026-03-22T06:35:26.758466,1863,100,427,2.474069595336914,False,0.0,0,1,1774179326758,1774179326758,0
2026-03-22T06:35:33.430797,1863,200,827,2.2056102752685547,False,0.0,0,1,1774179333430,1774179333430,0
2026-03-22T06:35:40.085135,1863,300,1227,2.3376941680908203,False,0.0,0,1,1774179340085,1774179340085,0
2026-03-22T06:35:44.552958,1864,0,27,3.2405853271484375,False,0.0,0,1,1774179344552,1774179344552,0
2026-03-22T06:35:51.200677,1864,100,427,1.5993118286132812,False,0.0,0,1,1774179351200,1774179351200,0
2026-03-22T06:35:57.857968,1864,200,827,1.752614974975586,False,0.0,0,1,1774179357857,1774179357857,0
2026-03-22T06:36:03.816657,1865,0,28,4.131793975830078,False,0.0,0,1,1774179363816,1774179363816,0
2026-03-22T06:36:10.479838,1865,100,428,12.423276901245117,False,0.0,0,1,1774179370479,1774179370479,0
2026-03-22T06:36:12.555367,1866,0,27,2.523660659790039,False,0.0,0,1,1774179372555,1774179372555,0
2026-03-22T06:36:19.229727,1866,100,427,10.734796524047852,False,0.0,0,1,1774179379229,1774179379229,0
2026-03-22T06:36:22.085614,1867,0,27,3.3121109008789062,False,0.0,0,1,1774179382085,1774179382085,0
2026-03-22T06:36:25.809378,1868,0,27,1.8343925476074219,False,0.0,0,1,1774179385809,1774179385809,0
2026-03-22T06:36:32.471041,1868,100,427,8.277654647827148,False,0.0,0,1,1774179392471,1774179392471,0
2026-03-22T06:36:37.340942,1869,0,28,1.970052719116211,False,0.0,0,1,1774179397340,1774179397340,0
2026-03-22T06:36:43.995763,1869,100,428,1.6224384307861328,False,0.0,0,1,1774179403995,1774179403995,0
2026-03-22T06:36:49.059874,1870,0,27,3.045320510864258,False,0.0,0,1,1774179409059,1774179409059,0
2026-03-22T06:36:55.727623,1870,100,427,2.0599365234375,False,0.0,0,1,1774179415727,1774179415727,0
2026-03-22T06:37:02.383449,1870,200,827,1.888275146484375,False,0.0,0,1,1774179422383,1774179422383,0
2026-03-22T06:37:10.568160,1871,0,28,0.8523464202880859,False,0.0,0,1,1774179430568,1774179430568,0
2026-03-22T06:37:14.497306,1872,0,27,1.8298625946044922,False,0.0,0,1,1774179434497,1774179434497,0
2026-03-22T06:37:21.151569,1872,100,427,2.23541259765625,False,0.0,0,1,1774179441151,1774179441151,0
2026-03-22T06:37:27.825899,1872,200,827,5.036354064941406,False,0.0,0,1,1774179447825,1774179447825,0
2026-03-22T06:37:34.487739,1872,300,1227,9.87553596496582,False,0.0,0,1,1774179454487,1774179454487,0
2026-03-22T06:37:38.742970,1873,0,27,2.891063690185547,False,0.0,0,1,1774179458742,1774179458742,0
2026-03-22T06:37:45.400384,1873,100,427,8.095979690551758,False,0.0,0,1,1774179465400,1774179465400,0
2026-03-22T06:37:52.059581,1873,200,827,9.912967681884766,False,0.0,0,1,1774179472059,1774179472059,0
2026-03-22T06:37:58.706680,1873,300,1227,2.9649734497070312,False,0.0,0,1,1774179478706,1774179478706,0
2026-03-22T06:38:05.386387,1873,400,1627,10.65206527709961,False,0.0,0,1,1774179485386,1774179485386,0
2026-03-22T06:38:12.051532,1873,500,2027,2.000093460083008,False,0.0,0,1,1774179492051,1774179492051,0
2026-03-22T06:38:18.705879,1873,600,2427,1.959085464477539,False,0.0,0,1,1774179498705,1774179498705,0
2026-03-22T06:38:25.378417,1873,700,2827,1.8780231475830078,False,0.0,0,1,1774179505378,1774179505378,0
2026-03-22T06:38:33.583899,1874,0,26,3.924131393432617,False,0.0,0,1,1774179513583,1774179513583,0
2026-03-22T06:38:40.236357,1874,100,426,2.077817916870117,False,0.0,0,1,1774179520236,1774179520236,0
2026-03-22T06:38:46.892412,1874,200,826,1.6443729400634766,False,0.0,0,1,1774179526892,1774179526892,0
2026-03-22T06:38:52.341559,1875,0,27,2.900838851928711,False,0.0,0,1,1774179532341,1774179532341,0
2026-03-22T06:38:59.015741,1875,100,427,11.228322982788086,False,0.0,0,1,1774179539015,1774179539015,0
2026-03-22T06:39:01.005576,1876,0,27,1.962900161743164,False,0.0,0,1,1774179541005,1774179541005,0
2026-03-22T06:39:07.686771,1876,100,427,13.428211212158203,False,0.0,0,1,1774179547686,1774179547686,0
2026-03-22T06:39:14.350123,1876,200,827,2.729177474975586,False,0.0,0,1,1774179554350,1774179554350,0
2026-03-22T06:39:19.689325,1877,0,27,2.577066421508789,False,0.0,0,1,1774179559689,1774179559689,0
2026-03-22T06:39:26.342949,1877,100,427,1.8804073333740234,False,0.0,0,1,1774179566342,1774179566342,0
2026-03-22T06:39:33.005069,1877,200,827,7.8487396240234375,False,0.0,0,1,1774179573005,1774179573005,0
2026-03-22T06:39:39.655523,1877,300,1227,2.482175827026367,False,0.0,0,1,1774179579655,1774179579655,0
2026-03-22T06:39:45.697682,1878,0,27,5.073785781860352,False,0.0,0,1,1774179585697,1774179585697,0
2026-03-22T06:39:52.352790,1878,100,427,3.3674240112304688,False,0.0,0,1,1774179592352,1774179592352,0
2026-03-22T06:39:59.006063,1878,200,827,2.630949020385742,False,0.0,0,1,1774179599006,1774179599006,0
2026-03-22T06:40:06.678020,1879,0,27,3.594636917114258,False,0.0,0,1,1774179606678,1774179606678,0
2026-03-22T06:40:11.494649,1880,0,26,10.712623596191406,False,0.0,0,1,1774179611494,1774179611494,0
2026-03-22T06:40:18.163373,1880,100,426,8.256673812866211,False,0.0,0,1,1774179618163,1774179618163,0
2026-03-22T06:40:24.820599,1880,200,826,8.406400680541992,False,0.0,0,1,1774179624820,1774179624820,0
2026-03-22T06:40:30.906805,1881,0,27,5.597352981567383,False,0.0,0,1,1774179630906,1774179630906,0
2026-03-22T06:40:37.559359,1881,100,427,1.6827583312988281,False,0.0,0,1,1774179637559,1774179637559,0
2026-03-22T06:40:44.226313,1881,200,827,11.182308197021484,False,0.0,0,1,1774179644226,1774179644226,0
2026-03-22T06:40:51.102727,1882,0,26,1.8684864044189453,False,0.0,0,1,1774179651102,1774179651102,0
2026-03-22T06:40:55.529472,1883,0,27,1.8689632415771484,False,0.0,0,1,1774179655529,1774179655529,0
2026-03-22T06:41:02.184863,1883,100,427,2.004384994506836,False,0.0,0,1,1774179662184,1774179662184,0
2026-03-22T06:41:08.849629,1883,200,827,10.581254959106445,False,0.0,0,1,1774179668849,1774179668849,0
2026-03-22T06:41:15.502483,1883,300,1227,8.544683456420898,False,0.0,0,1,1774179675502,1774179675502,0
2026-03-22T06:41:18.567040,1884,0,27,3.1256675720214844,False,0.0,0,1,1774179678567,1774179678567,0
2026-03-22T06:41:25.212473,1884,100,427,1.8687248229980469,False,0.0,0,1,1774179685212,1774179685212,0
2026-03-22T06:41:30.943491,1885,0,28,2.2416114807128906,False,0.0,0,1,1774179690943,1774179690943,0
2026-03-22T06:41:35.231752,1886,0,27,3.639698028564453,False,0.0,0,1,1774179695231,1774179695231,0
2026-03-22T06:41:41.909943,1886,100,427,10.20669937133789,False,0.0,0,1,1774179701909,1774179701909,0
2026-03-22T06:41:48.579144,1886,200,827,6.48045539855957,False,0.0,0,1,1774179708579,1774179708579,0
2026-03-22T06:41:55.235749,1886,300,1227,7.826089859008789,False,0.0,0,1,1774179715235,1774179715235,0
2026-03-22T06:42:01.911351,1886,400,1627,9.372234344482422,False,0.0,0,1,1774179721911,1774179721911,0
2026-03-22T06:42:09.823355,1887,0,27,2.7921199798583984,False,0.0,0,1,1774179729823,1774179729823,0
2026-03-22T06:42:16.478345,1887,100,427,2.6276111602783203,False,0.0,0,1,1774179736478,1774179736478,0
2026-03-22T06:42:19.770888,1888,0,27,10.911941528320312,False,0.0,0,1,1774179739770,1774179739770,0
2026-03-22T06:42:26.435993,1888,100,427,9.993553161621094,False,0.0,0,1,1774179746435,1774179746435,0
2026-03-22T06:42:33.091779,1888,200,827,10.577201843261719,False,0.0,0,1,1774179753091,1774179753091,0
2026-03-22T06:42:36.001151,1889,0,27,7.700920104980469,False,0.0,0,1,1774179756001,1774179756001,0
2026-03-22T06:42:42.675611,1889,100,427,8.672475814819336,False,0.0,0,1,1774179762675,1774179762675,0
2026-03-22T06:42:49.348873,1889,200,827,11.171579360961914,False,0.0,0,1,1774179769348,1774179769348,0
2026-03-22T06:42:56.992332,1890,0,27,0.7951259613037109,False,0.0,0,1,1774179776992,1774179776992,0
2026-03-22T06:43:03.649638,1890,100,427,1.8308162689208984,False,0.0,0,1,1774179783649,1774179783649,0
2026-03-22T06:43:10.312470,1890,200,827,9.584903717041016,False,0.0,0,1,1774179790312,1774179790312,0
2026-03-22T06:43:16.961228,1890,300,1227,2.4871826171875,False,0.0,0,1,1774179796961,1774179796961,0
2026-03-22T06:43:23.634392,1890,400,1627,2.675294876098633,False,0.0,0,1,1774179803634,1774179803634,0
2026-03-22T06:43:27.111611,1891,0,27,3.1380653381347656,False,0.0,0,1,1774179807111,1774179807111,0
2026-03-22T06:43:33.765879,1891,100,427,1.444101333618164,False,0.0,0,1,1774179813765,1774179813765,0
2026-03-22T06:43:40.439840,1891,200,827,2.606630325317383,False,0.0,0,1,1774179820439,1774179820439,0
2026-03-22T06:43:49.506418,1892,0,26,1.03759765625,False,0.0,0,1,1774179829506,1774179829506,0
2026-03-22T06:43:55.247315,1893,0,27,1.4941692352294922,False,0.0,0,1,1774179835247,1774179835247,0
2026-03-22T06:44:01.902340,1893,100,427,1.743316650390625,False,0.0,0,1,1774179841902,1774179841902,0
2026-03-22T06:44:06.801670,1894,0,28,8.105039596557617,False,0.0,0,1,1774179846801,1774179846801,0
2026-03-22T06:44:13.460686,1894,100,428,10.45680046081543,False,0.0,0,1,1774179853460,1774179853460,0
2026-03-22T06:44:19.077966,1895,0,28,1.9423961639404297,False,0.0,0,1,1774179859077,1774179859077,0
2026-03-22T06:44:25.736881,1895,100,428,8.893728256225586,False,0.0,0,1,1774179865736,1774179865736,0
2026-03-22T06:44:32.403066,1895,200,828,3.142833709716797,False,0.0,0,1,1774179872403,1774179872403,0
2026-03-22T06:44:35.314642,1896,0,27,2.5780200958251953,False,0.0,0,1,1774179875314,1774179875314,0
2026-03-22T06:44:41.978328,1896,100,427,10.867118835449219,False,0.0,0,1,1774179881978,1774179881978,0
2026-03-22T06:44:48.650556,1896,200,827,10.059118270874023,False,0.0,0,1,1774179888650,1774179888650,0
2026-03-22T06:44:51.839783,1897,0,27,2.4073123931884766,False,0.0,0,1,1774179891839,1774179891839,0
2026-03-22T06:44:58.493939,1897,100,427,3.062009811401367,False,0.0,0,1,1774179898493,1774179898493,0
2026-03-22T06:45:05.148958,1897,200,827,2.384662628173828,False,0.0,0,1,1774179905148,1774179905148,0
2026-03-22T06:45:08.394155,1898,0,28,1.5871524810791016,False,0.0,0,1,1774179908394,1774179908394,0
2026-03-22T06:45:15.056796,1898,100,428,9.083747863769531,False,0.0,0,1,1774179915056,1774179915056,0
2026-03-22T06:45:19.344418,1899,0,27,1.8663406372070312,False,0.0,0,1,1774179919344,1774179919344,0
2026-03-22T06:45:26.019309,1899,100,427,6.687402725219727,False,0.0,0,1,1774179926019,1774179926019,0
2026-03-22T06:45:32.669015,1899,200,827,2.23541259765625,False,0.0,0,1,1774179932669,1774179932669,0
2026-03-22T06:45:36.712302,1900,0,27,1.268625259399414,False,0.0,0,1,1774179936712,1774179936712,0
2026-03-22T06:45:43.391307,1900,100,427,8.919954299926758,False,0.0,0,1,1774179943391,1774179943391,0
2026-03-22T06:45:50.064644,1900,200,827,9.506702423095703,False,0.0,0,1,1774179950064,1774179950064,0
2026-03-22T06:45:57.761032,1901,0,28,2.3572444915771484,False,0.0,0,1,1774179957761,1774179957761,0
2026-03-22T06:46:01.824927,1902,0,27,6.445169448852539,False,0.0,0,1,1774179961824,1774179961824,0
2026-03-22T06:46:08.475935,1902,100,427,1.8262863159179688,False,0.0,0,1,1774179968475,1774179968475,0
2026-03-22T06:46:15.142914,1902,200,827,11.519908905029297,False,0.0,0,1,1774179975142,1774179975142,0
2026-03-22T06:46:18.893121,1903,0,27,1.4042854309082031,False,0.0,0,1,1774179978893,1774179978893,0
2026-03-22T06:46:26.102555,1904,0,27,7.184267044067383,False,0.0,0,1,1774179986102,1774179986102,0
2026-03-22T06:46:30.353467,1905,0,27,11.590719223022461,False,0.0,0,1,1774179990353,1774179990353,0
2026-03-22T06:46:36.996768,1905,100,427,2.2678375244140625,False,0.0,0,1,1774179996996,1774179996996,0
2026-03-22T06:46:43.185970,1906,0,27,2.562999725341797,False,0.0,0,1,1774180003185,1774180003185,0
2026-03-22T06:46:49.843108,1906,100,427,1.8410682678222656,False,0.0,0,1,1774180009843,1774180009843,0
2026-03-22T06:46:56.497383,1906,200,827,1.8117427825927734,False,0.0,0,1,1774180016497,1774180016497,0
2026-03-22T06:47:03.165723,1906,300,1227,13.379335403442383,False,0.0,0,1,1774180023165,1774180023165,0
2026-03-22T06:47:12.119880,1907,0,26,1.0080337524414062,False,0.0,0,1,1774180032119,1774180032119,0
2026-03-22T06:47:18.777402,1907,100,426,2.8014183044433594,False,0.0,0,1,1774180038777,1774180038777,0
2026-03-22T06:47:25.441473,1907,200,826,10.82158088684082,False,0.0,0,1,1774180045441,1774180045441,0
2026-03-22T06:47:32.088214,1907,300,1226,1.8825531005859375,False,0.0,0,1,1774180052088,1774180052088,0
2026-03-22T06:47:37.412904,1908,0,27,2.420663833618164,False,0.0,0,1,1774180057412,1774180057412,0
2026-03-22T06:47:42.855025,1909,0,28,3.519773483276367,False,0.0,0,1,1774180062855,1774180062855,0
2026-03-22T06:47:49.510196,1909,100,428,2.268552780151367,False,0.0,0,1,1774180069510,1774180069510,0
2026-03-22T06:47:53.503347,1910,0,27,1.8355846405029297,False,0.0,0,1,1774180073503,1774180073503,0
2026-03-22T06:48:00.187899,1910,100,427,13.894081115722656,False,0.0,0,1,1774180080187,1774180080187,0
2026-03-22T06:48:06.862133,1910,200,827,13.993024826049805,False,0.0,0,1,1774180086862,1774180086862,0
2026-03-22T06:48:13.512905,1910,300,1227,11.722564697265625,False,0.0,0,1,1774180093512,1774180093512,0
2026-03-22T06:48:16.783758,1911,0,27,2.5649070739746094,False,0.0,0,1,1774180096783,1774180096783,0
2026-03-22T06:48:23.460602,1911,100,427,9.106874465942383,False,0.0,0,1,1774180103460,1774180103460,0
2026-03-22T06:48:30.108609,1911,200,827,1.9562244415283203,False,0.0,0,1,1774180110108,1774180110108,0
2026-03-22T06:48:33.553908,1912,0,27,3.5331249237060547,False,0.0,0,1,1774180113553,1774180113553,0
2026-03-22T06:48:39.160009,1913,0,26,2.64739990234375,False,0.0,0,1,1774180119160,1774180119160,0
2026-03-22T06:48:45.824049,1913,100,426,9.763956069946289,False,0.0,0,1,1774180125824,1774180125824,0
2026-03-22T06:48:52.486211,1913,200,826,13.440608978271484,False,0.0,0,1,1774180132486,1774180132486,0
2026-03-22T06:49:00.274071,1914,0,28,0.7932186126708984,False,0.0,0,1,1774180140274,1774180140274,0
2026-03-22T06:49:06.948760,1914,100,428,2.020597457885742,False,0.0,0,1,1774180146948,1774180146948,0
2026-03-22T06:49:13.640387,1914,200,828,14.92929458618164,False,0.0,0,1,1774180153640,1774180153640,0
2026-03-22T06:49:16.438419,1915,0,27,9.297847747802734,False,0.0,0,1,1774180156438,1774180156438,0
2026-03-22T06:49:23.095332,1915,100,427,9.974479675292969,False,0.0,0,1,1774180163095,1774180163095,0
2026-03-22T06:49:29.761103,1915,200,827,2.863168716430664,False,0.0,0,1,1774180169761,1774180169761,0
2026-03-22T06:49:36.423938,1915,300,1227,9.987592697143555,False,0.0,0,1,1774180176423,1774180176423,0
2026-03-22T06:49:43.507027,1916,0,27,4.549264907836914,False,0.0,0,1,1774180183507,1774180183507,0
2026-03-22T06:49:47.225801,1917,0,27,5.866289138793945,False,0.0,0,1,1774180187225,1774180187225,0
2026-03-22T06:49:53.869762,1917,100,427,1.9540786743164062,False,0.0,0,1,1774180193869,1774180193869,0
2026-03-22T06:49:57.081653,1918,0,27,2.590656280517578,False,0.0,0,1,1774180197081,1774180197081,0
2026-03-22T06:50:03.737953,1918,100,427,3.310680389404297,False,0.0,0,1,1774180203737,1774180203737,0
2026-03-22T06:50:10.395570,1918,200,827,5.915641784667969,False,0.0,0,1,1774180210395,1774180210395,0
2026-03-22T06:50:17.049030,1918,300,1227,3.5104751586914062,False,0.0,0,1,1774180217049,1774180217049,0
2026-03-22T06:50:23.708695,1918,400,1627,8.13436508178711,False,0.0,0,1,1774180223708,1774180223708,0
2026-03-22T06:50:31.644257,1919,0,27,5.822181701660156,False,0.0,0,1,1774180231644,1774180231644,0
2026-03-22T06:50:38.297219,1919,100,427,3.33404541015625,False,0.0,0,1,1774180238297,1774180238297,0
2026-03-22T06:50:44.951685,1919,200,827,2.5959014892578125,False,0.0,0,1,1774180244951,1774180244951,0
2026-03-22T06:50:46.175244,1920,0,27,11.083126068115234,False,0.0,0,1,1774180246175,1774180246175,0
2026-03-22T06:50:50.192393,1921,0,26,0.7474422454833984,False,0.0,0,1,1774180250192,1774180250192,0
2026-03-22T06:50:56.848009,1921,100,426,1.916646957397461,False,0.0,0,1,1774180256848,1774180256848,0
2026-03-22T06:51:03.502850,1921,200,826,1.5339851379394531,False,0.0,0,1,1774180263502,1774180263502,0
2026-03-22T06:51:04.358082,1922,0,27,3.765583038330078,False,0.0,0,1,1774180264358,1774180264358,0
2026-03-22T06:51:10.491534,1923,0,28,1.3370513916015625,False,0.0,0,1,1774180270491,1774180270491,0
2026-03-22T06:51:17.297807,1924,0,27,13.443946838378906,False,0.0,0,1,1774180277297,1774180277297,0
2026-03-22T06:51:21.418202,1925,0,27,12.26186752319336,False,0.0,0,1,1774180281418,1774180281418,0
2026-03-22T06:51:28.085442,1925,100,427,8.21065902709961,False,0.0,0,1,1774180288085,1774180288085,0
2026-03-22T06:51:34.735532,1925,200,827,2.372264862060547,False,0.0,0,1,1774180294735,1774180294735,0
2026-03-22T06:51:41.399176,1925,300,1227,9.606361389160156,False,0.0,0,1,1774180301399,1774180301399,0
2026-03-22T06:51:48.048219,1925,400,1627,3.2744407653808594,False,0.0,0,1,1774180308048,1774180308048,0
2026-03-22T06:51:52.189705,1926,0,27,0.9925365447998047,False,0.0,0,1,1774180312189,1774180312189,0
2026-03-22T06:51:56.238212,1927,0,28,2.135038375854492,False,0.0,0,1,1774180316238,1774180316238,0
2026-03-22T06:52:02.889856,1927,100,428,2.8579235076904297,False,0.0,0,1,1774180322889,1774180322889,0
2026-03-22T06:52:09.544268,1927,200,828,1.8808841705322266,False,0.0,0,1,1774180329544,1774180329544,0
2026-03-22T06:52:15.467191,1928,0,27,1.2094974517822266,False,0.0,0,1,1774180335467,1774180335467,0
2026-03-22T06:52:22.125334,1928,100,427,2.3140907287597656,False,0.0,0,1,1774180342125,1774180342125,0
2026-03-22T06:52:28.782994,1928,200,827,2.576112747192383,False,0.0,0,1,1774180348782,1774180348782,0
2026-03-22T06:52:35.434195,1928,300,1227,1.8749237060546875,False,0.0,0,1,1774180355434,1774180355434,0
2026-03-22T06:52:38.582807,1929,0,26,0.8089542388916016,False,0.0,0,1,1774180358582,1774180358582,0
2026-03-22T06:52:45.234809,1929,100,426,1.8482208251953125,False,0.0,0,1,1774180365234,1774180365234,0
2026-03-22T06:52:51.319490,1930,0,27,11.639595031738281,False,0.0,0,1,1774180371319,1774180371319,0
2026-03-22T06:52:57.982078,1930,100,427,1.8191337585449219,False,0.0,0,1,1774180377982,1774180377982,0
2026-03-22T06:53:04.637681,1930,200,827,1.9576549530029297,False,0.0,0,1,1774180384637,1774180384637,0
2026-03-22T06:53:11.096167,1931,0,27,1.9805431365966797,False,0.0,0,1,1774180391096,1774180391096,0
2026-03-22T06:53:17.748143,1931,100,427,2.0325183868408203,False,0.0,0,1,1774180397748,1774180397748,0
2026-03-22T06:53:24.420746,1931,200,827,2.9621124267578125,False,0.0,0,1,1774180404420,1774180404420,0
2026-03-22T06:53:31.075858,1931,300,1227,2.4268627166748047,False,0.0,0,1,1774180411075,1774180411075,0
2026-03-22T06:53:37.732136,1931,400,1627,2.3844242095947266,False,0.0,0,1,1774180417732,1774180417732,0
2026-03-22T06:53:47.498028,1932,0,26,1.375436782836914,False,0.0,0,1,1774180427498,1774180427498,0
2026-03-22T06:53:54.155441,1932,100,426,3.101825714111328,False,0.0,0,1,1774180434155,1774180434155,0
2026-03-22T06:54:00.826978,1932,200,826,2.1877288818359375,False,0.0,0,1,1774180440826,1774180440826,0
2026-03-22T06:54:07.483184,1932,300,1226,2.3927688598632812,False,0.0,0,1,1774180447483,1774180447483,0
2026-03-22T06:54:11.890465,1933,0,27,4.958152770996094,False,0.0,0,1,1774180451890,1774180451890,0
2026-03-22T06:54:18.551650,1933,100,427,5.353212356567383,False,0.0,0,1,1774180458551,1774180458551,0
2026-03-22T06:54:25.202257,1933,200,827,1.7538070678710938,False,0.0,0,1,1774180465202,1774180465202,0
2026-03-22T06:54:28.114324,1934,0,27,2.104043960571289,False,0.0,0,1,1774180468114,1774180468114,0
2026-03-22T06:54:34.793510,1934,100,427,8.464336395263672,False,0.0,0,1,1774180474793,1774180474793,0
2026-03-22T06:54:41.444054,1934,200,827,2.8259754180908203,False,0.0,0,1,1774180481444,1774180481444,0
2026-03-22T06:54:45.541560,1935,0,27,2.561330795288086,False,0.0,0,1,1774180485541,1774180485541,0
2026-03-22T06:54:50.161072,1936,0,27,1.9185543060302734,False,0.0,0,1,1774180490161,1774180490161,0
2026-03-22T06:54:56.817234,1936,100,427,2.0227432250976562,False,0.0,0,1,1774180496817,1774180496817,0
2026-03-22T06:55:03.477574,1936,200,827,7.0648193359375,False,0.0,0,1,1774180503477,1774180503477,0
2026-03-22T06:55:09.831670,1937,0,27,0.8764266967773438,False,0.0,0,1,1774180509831,1774180509831,0
2026-03-22T06:55:15.257074,1938,0,28,2.3980140686035156,False,0.0,0,1,1774180515257,1774180515257,0
2026-03-22T06:55:21.925197,1938,100,428,2.3250579833984375,False,0.0,0,1,1774180521925,1774180521925,0
2026-03-22T06:55:28.584471,1938,200,828,3.717660903930664,False,0.0,0,1,1774180528584,1774180528584,0
2026-03-22T06:55:34.870872,1939,0,27,2.2335052490234375,False,0.0,0,1,1774180534870,1774180534870,0
2026-03-22T06:55:41.526171,1939,100,427,2.2780895233154297,False,0.0,0,1,1774180541526,1774180541526,0
2026-03-22T06:55:48.180943,1939,200,827,1.8413066864013672,False,0.0,0,1,1774180548180,1774180548180,0
2026-03-22T06:55:54.843018,1939,300,1227,7.283449172973633,False,0.0,0,1,1774180554843,1774180554843,0
2026-03-22T06:56:02.244133,1940,0,27,4.569053649902344,False,0.0,0,1,1774180562244,1774180562244,0
2026-03-22T06:56:08.908619,1940,100,427,11.967897415161133,False,0.0,0,1,1774180568908,1774180568908,0
2026-03-22T06:56:15.578811,1940,200,827,11.01231575012207,False,0.0,0,1,1774180575578,1774180575578,0
2026-03-22T06:56:23.956292,1941,0,27,2.407550811767578,False,0.0,0,1,1774180583956,1774180583956,0
2026-03-22T06:56:30.628668,1941,100,427,2.443075180053711,False,0.0,0,1,1774180590628,1774180590628,0
2026-03-22T06:56:37.308950,1941,200,827,10.452508926391602,False,0.0,0,1,1774180597308,1774180597308,0
2026-03-22T06:56:43.965632,1941,300,1227,11.915445327758789,False,0.0,0,1,1774180603965,1774180603965,0
2026-03-22T06:56:53.807016,1942,0,28,2.6476383209228516,False,0.0,0,1,1774180613807,1774180613807,0
2026-03-22T06:56:58.482045,1943,0,27,2.1626949310302734,False,0.0,0,1,1774180618482,1774180618482,0
2026-03-22T06:57:02.958177,1944,0,28,2.6171207427978516,False,0.0,0,1,1774180622958,1774180622958,0
2026-03-22T06:57:08.382394,1945,0,27,1.7886161804199219,False,0.0,0,1,1774180628382,1774180628382,0
2026-03-22T06:57:15.054956,1945,100,427,1.6570091247558594,False,0.0,0,1,1774180635054,1774180635054,0
2026-03-22T06:57:21.713604,1945,200,827,4.265546798706055,False,0.0,0,1,1774180641713,1774180641713,0
2026-03-22T06:57:23.324659,1946,0,28,2.433300018310547,False,0.0,0,1,1774180643324,1774180643324,0
2026-03-22T06:57:29.985912,1946,100,428,8.667707443237305,False,0.0,0,1,1774180649985,1774180649985,0
2026-03-22T06:57:36.073496,1947,0,27,6.489753723144531,False,0.0,0,1,1774180656073,1774180656073,0
2026-03-22T06:57:40.539538,1948,0,27,11.5814208984375,False,0.0,0,1,1774180660539,1774180660539,0
2026-03-22T06:57:47.209219,1948,100,427,9.914875030517578,False,0.0,0,1,1774180667209,1774180667209,0
2026-03-22T06:57:53.858809,1948,200,827,2.8476715087890625,False,0.0,0,1,1774180673858,1774180673858,0
2026-03-22T06:58:00.519137,1948,300,1227,8.53276252746582,False,0.0,0,1,1774180680519,1774180680519,0
2026-03-22T06:58:09.981321,1949,0,26,3.248453140258789,False,0.0,0,1,1774180689981,1774180689981,0
2026-03-22T06:58:14.623471,1950,0,27,2.0699501037597656,False,0.0,0,1,1774180694623,1774180694623,0
2026-03-22T06:58:21.278077,1950,100,427,1.9464492797851562,False,0.0,0,1,1774180701278,1774180701278,0
2026-03-22T06:58:27.935589,1950,200,827,3.489971160888672,False,0.0,0,1,1774180707935,1774180707935,0
2026-03-22T06:58:30.978456,1951,0,27,1.4925003051757812,False,0.0,0,1,1774180710978,1774180710978,0
2026-03-22T06:58:37.635032,1951,100,427,1.9536018371582031,False,0.0,0,1,1774180717635,1774180717635,0
2026-03-22T06:58:44.290098,1951,200,827,1.9359588623046875,False,0.0,0,1,1774180724290,1774180724290,0
2026-03-22T06:58:53.195019,1952,0,27,0.8282661437988281,False,0.0,0,1,1774180733195,1774180733195,0
2026-03-22T06:58:58.498657,1953,0,27,1.756906509399414,False,0.0,0,1,1774180738498,1774180738498,0
2026-03-22T06:59:05.154948,1953,100,427,1.9223690032958984,False,0.0,0,1,1774180745154,1774180745154,0
2026-03-22T06:59:11.819534,1953,200,827,10.436058044433594,False,0.0,0,1,1774180751819,1774180751819,0
2026-03-22T06:59:18.472850,1953,300,1227,8.367776870727539,False,0.0,0,1,1774180758472,1774180758472,0
2026-03-22T06:59:26.437047,1954,0,27,1.7170906066894531,False,0.0,0,1,1774180766437,1774180766437,0
2026-03-22T06:59:33.093971,1954,100,427,2.547740936279297,False,0.0,0,1,1774180773093,1774180773093,0
2026-03-22T06:59:39.752264,1954,200,827,7.159233093261719,False,0.0,0,1,1774180779752,1774180779752,0
2026-03-22T06:59:47.287403,1955,0,27,1.135110855102539,False,0.0,0,1,1774180787287,1774180787287,0
2026-03-22T06:59:51.578797,1956,0,27,2.1839141845703125,False,0.0,0,1,1774180791578,1774180791578,0
2026-03-22T06:59:58.250523,1956,100,427,2.407550811767578,False,0.0,0,1,1774180798250,1774180798250,0
2026-03-22T07:00:04.929701,1956,200,827,8.519411087036133,False,0.0,0,1,1774180804929,1774180804929,0
2026-03-22T07:00:08.970761,1957,0,27,6.711483001708984,False,0.0,0,1,1774180808970,1774180808970,0
2026-03-22T07:00:15.628281,1957,100,427,8.335590362548828,False,0.0,0,1,1774180815628,1774180815628,0
2026-03-22T07:00:22.278874,1957,200,827,2.8040409088134766,False,0.0,0,1,1774180822278,1774180822278,0
2026-03-22T07:00:28.934081,1957,300,1227,2.8336048126220703,False,0.0,0,1,1774180828934,1774180828934,0
2026-03-22T07:00:35.671237,1958,0,27,0.8344650268554688,False,0.0,0,1,1774180835671,1774180835671,0
2026-03-22T07:00:42.385730,1959,0,27,2.045154571533203,False,0.0,0,1,1774180842385,1774180842385,0
2026-03-22T07:00:49.039261,1959,100,427,9.129762649536133,False,0.0,0,1,1774180849039,1774180849039,0
2026-03-22T07:00:55.705693,1959,200,827,2.885103225708008,False,0.0,0,1,1774180855705,1774180855705,0
2026-03-22T07:01:02.360999,1959,300,1227,2.905130386352539,False,0.0,0,1,1774180862360,1774180862360,0
2026-03-22T07:01:08.185678,1960,0,28,0.9903907775878906,False,0.0,0,1,1774180868185,1774180868185,0
2026-03-22T07:01:14.143977,1961,0,28,3.231525421142578,False,0.0,0,1,1774180874143,1774180874143,0
2026-03-22T07:01:20.796501,1961,100,428,2.010345458984375,False,0.0,0,1,1774180880796,1774180880796,0
2026-03-22T07:01:27.458516,1961,200,828,8.095026016235352,False,0.0,0,1,1774180887458,1774180887458,0
2026-03-22T07:01:34.112824,1961,300,1228,7.361888885498047,False,0.0,0,1,1774180894112,1774180894112,0
2026-03-22T07:01:40.782216,1961,400,1628,3.0753612518310547,False,0.0,0,1,1774180900782,1774180900782,0
2026-03-22T07:01:49.081227,1962,0,27,0.6468296051025391,False,0.0,0,1,1774180909081,1774180909081,0
2026-03-22T07:01:55.755760,1962,100,427,1.9557476043701172,False,0.0,0,1,1774180915755,1774180915755,0
2026-03-22T07:01:59.233276,1963,0,27,2.123594284057617,False,0.0,0,1,1774180919233,1774180919233,0
2026-03-22T07:02:05.889459,1963,100,427,3.1309127807617188,False,0.0,0,1,1774180925889,1774180925889,0
2026-03-22T07:02:08.051077,1964,0,26,1.9719600677490234,False,0.0,0,1,1774180928051,1774180928051,0
2026-03-22T07:02:14.714201,1964,100,426,8.461713790893555,False,0.0,0,1,1774180934714,1774180934714,0
2026-03-22T07:02:21.365469,1964,200,826,3.7796497344970703,False,0.0,0,1,1774180941365,1774180941365,0
2026-03-22T07:02:28.020417,1964,300,1226,2.660036087036133,False,0.0,0,1,1774180948020,1774180948020,0
2026-03-22T07:02:35.110216,1965,0,27,0.7715225219726562,False,0.0,0,1,1774180955110,1774180955110,0
2026-03-22T07:02:41.784369,1965,100,427,7.0095062255859375,False,0.0,0,1,1774180961784,1774180961784,0
2026-03-22T07:02:48.434267,1965,200,827,2.093791961669922,False,0.0,0,1,1774180968434,1774180968434,0
2026-03-22T07:02:53.160374,1966,0,28,2.2826194763183594,False,0.0,0,1,1774180973160,1774180973160,0
2026-03-22T07:02:58.038674,1967,0,28,1.901388168334961,False,0.0,0,1,1774180978038,1774180978038,0
2026-03-22T07:03:04.701317,1967,100,428,11.676788330078125,False,0.0,0,1,1774180984701,1774180984701,0
2026-03-22T07:03:10.671340,1968,0,28,2.583026885986328,False,0.0,0,1,1774180990671,1774180990671,0
2026-03-22T07:03:17.321172,1968,100,428,2.5627613067626953,False,0.0,0,1,1774180997321,1774180997321,0
2026-03-22T07:03:23.978132,1968,200,828,2.0294189453125,False,0.0,0,1,1774181003978,1774181003978,0
2026-03-22T07:03:30.632367,1968,300,1228,2.701997756958008,False,0.0,0,1,1774181010632,1774181010632,0
2026-03-22T07:03:37.380352,1968,400,1628,2.2118091583251953,False,0.0,0,1,1774181017380,1774181017380,0
2026-03-22T07:03:44.034996,1968,500,2028,1.3546943664550781,False,0.0,0,1,1774181024034,1774181024034,0
2026-03-22T07:03:54.774894,1969,0,26,0.8454322814941406,False,0.0,0,1,1774181034774,1774181034774,0
2026-03-22T07:04:01.441405,1969,100,426,1.8157958984375,False,0.0,0,1,1774181041441,1774181041441,0
2026-03-22T07:04:08.129872,1969,200,826,13.00501823425293,False,0.0,0,1,1774181048129,1774181048129,0
2026-03-22T07:04:09.293754,1970,0,27,1.2218952178955078,False,0.0,0,1,1774181049293,1774181049293,0
2026-03-22T07:04:15.975874,1970,100,427,10.635852813720703,False,0.0,0,1,1774181055975,1774181055975,0
2026-03-22T07:04:18.596556,1971,0,27,3.1921863555908203,False,0.0,0,1,1774181058596,1774181058596,0
2026-03-22T07:04:25.258984,1971,100,427,8.675813674926758,False,0.0,0,1,1774181065258,1774181065258,0
2026-03-22T07:04:30.474138,1972,0,27,11.713981628417969,False,0.0,0,1,1774181070474,1774181070474,0
2026-03-22T07:04:35.999891,1973,0,27,2.1195411682128906,False,0.0,0,1,1774181075999,1774181075999,0
2026-03-22T07:04:40.381113,1974,0,27,3.8366317749023438,False,0.0,0,1,1774181080381,1774181080381,0
2026-03-22T07:04:47.058228,1974,100,427,11.877059936523438,False,0.0,0,1,1774181087058,1774181087058,0
2026-03-22T07:04:47.919538,1975,0,28,1.796722412109375,False,0.0,0,1,1774181087919,1774181087919,0
2026-03-22T07:04:53.054834,1976,0,27,1.886129379272461,False,0.0,0,1,1774181093054,1774181093054,0
2026-03-22T07:04:58.057942,1977,0,28,12.589216232299805,False,0.0,0,1,1774181098057,1774181098057,0
2026-03-22T07:05:02.008649,1978,0,27,3.281116485595703,False,0.0,0,1,1774181102008,1774181102008,0
2026-03-22T07:05:08.661902,1978,100,427,1.8568038940429688,False,0.0,0,1,1774181108661,1774181108661,0
2026-03-22T07:05:15.341535,1978,200,827,8.769512176513672,False,0.0,0,1,1774181115341,1774181115341,0
2026-03-22T07:05:21.998587,1978,300,1227,9.638547897338867,False,0.0,0,1,1774181121998,1774181121998,0
2026-03-22T07:05:28.669118,1978,400,1627,8.521318435668945,False,0.0,0,1,1774181128669,1774181128669,0
2026-03-22T07:05:35.319017,1978,500,2027,2.469301223754883,False,0.0,0,1,1774181135319,1774181135319,0
2026-03-22T07:05:42.689364,1979,0,27,1.2843608856201172,False,0.0,0,1,1774181142689,1774181142689,0
2026-03-22T07:05:49.346498,1979,100,427,3.091573715209961,False,0.0,0,1,1774181149346,1774181149346,0
2026-03-22T07:05:56.024246,1979,200,827,8.71896743774414,False,0.0,0,1,1774181156024,1774181156024,0
2026-03-22T07:06:02.690826,1979,300,1227,2.633810043334961,False,0.0,0,1,1774181162690,1774181162690,0
2026-03-22T07:06:09.344604,1979,400,1627,1.5537738800048828,False,0.0,0,1,1774181169344,1774181169344,0
2026-03-22T07:06:10.113325,1980,0,27,4.225730895996094,False,0.0,0,1,1774181170113,1774181170113,0
2026-03-22T07:06:16.767145,1980,100,427,1.9960403442382812,False,0.0,0,1,1774181176767,1774181176767,0
2026-03-22T07:06:23.441498,1980,200,827,3.6628246307373047,False,0.0,0,1,1774181183441,1774181183441,0
2026-03-22T07:06:30.102704,1980,300,1227,9.528875350952148,False,0.0,0,1,1774181190102,1774181190102,0
2026-03-22T07:06:36.757041,1980,400,1627,8.545875549316406,False,0.0,0,1,1774181196757,1774181196757,0
2026-03-22T07:06:41.773649,1981,0,26,1.0838508605957031,False,0.0,0,1,1774181201773,1774181201773,0
2026-03-22T07:06:48.431288,1981,100,426,2.328157424926758,False,0.0,0,1,1774181208431,1774181208431,0
2026-03-22T07:06:55.090466,1981,200,826,6.01649284362793,False,0.0,0,1,1774181215090,1774181215090,0
2026-03-22T07:06:58.897323,1982,0,28,2.977609634399414,False,0.0,0,1,1774181218897,1774181218897,0
2026-03-22T07:07:05.553450,1982,100,428,2.7587413787841797,False,0.0,0,1,1774181225553,1774181225553,0
2026-03-22T07:07:12.213968,1982,200,828,8.621692657470703,False,0.0,0,1,1774181232213,1774181232213,0
2026-03-22T07:07:20.196920,1983,0,27,1.2218952178955078,False,0.0,0,1,1774181240196,1774181240196,0
2026-03-22T07:07:26.861477,1983,100,427,12.937307357788086,False,0.0,0,1,1774181246861,1774181246861,0
2026-03-22T07:07:33.506332,1983,200,827,1.8513202667236328,False,0.0,0,1,1774181253506,1774181253506,0
2026-03-22T07:07:36.558932,1984,0,27,10.690689086914062,False,0.0,0,1,1774181256558,1774181256558,0
2026-03-22T07:07:43.682989,1985,0,28,10.135173797607422,False,0.0,0,1,1774181263682,1774181263682,0
2026-03-22T07:07:50.329818,1985,100,428,2.0771026611328125,False,0.0,0,1,1774181270329,1774181270329,0
2026-03-22T07:07:56.989977,1985,200,828,8.946895599365234,False,0.0,0,1,1774181276989,1774181276989,0
2026-03-22T07:08:03.638492,1985,300,1228,1.7895698547363281,False,0.0,0,1,1774181283638,1774181283638,0
2026-03-22T07:08:10.301789,1985,400,1628,9.80234146118164,False,0.0,0,1,1774181290301,1774181290301,0
2026-03-22T07:08:16.967363,1985,500,2028,2.002239227294922,False,0.0,0,1,1774181296967,1774181296967,0
2026-03-22T07:08:23.633378,1985,600,2428,12.774467468261719,False,0.0,0,1,1774181303633,1774181303633,0
2026-03-22T07:08:30.290483,1985,700,2828,13.412714004516602,False,0.0,0,1,1774181310290,1774181310290,0
2026-03-22T07:08:42.058446,1986,0,27,2.395153045654297,False,0.0,0,1,1774181322058,1774181322058,0
2026-03-22T07:08:48.718973,1986,100,427,7.353782653808594,False,0.0,0,1,1774181328718,1774181328718,0
2026-03-22T07:08:55.419635,1987,0,27,1.7681121826171875,False,0.0,0,1,1774181335419,1774181335419,0
2026-03-22T07:08:58.547655,1988,0,27,1.8587112426757812,False,0.0,0,1,1774181338547,1774181338547,0
2026-03-22T07:09:05.205615,1988,100,427,2.6013851165771484,False,0.0,0,1,1774181345205,1774181345205,0
2026-03-22T07:09:11.858941,1988,200,827,1.920938491821289,False,0.0,0,1,1774181351858,1774181351858,0
2026-03-22T07:09:18.524478,1988,300,1227,11.867284774780273,False,0.0,0,1,1774181358524,1774181358524,0
2026-03-22T07:09:25.170602,1988,400,1627,2.3908615112304688,False,0.0,0,1,1774181365170,1774181365170,0
2026-03-22T07:09:31.825961,1988,500,2027,2.4640560150146484,False,0.0,0,1,1774181371825,1774181371825,0
2026-03-22T07:09:40.080648,1989,0,27,2.8579235076904297,False,0.0,0,1,1774181380080,1774181380080,0
2026-03-22T07:09:46.736341,1989,100,427,2.7396678924560547,False,0.0,0,1,1774181386736,1774181386736,0
2026-03-22T07:09:53.390520,1990,0,28,2.5916099548339844,False,0.0,0,1,1774181393390,1774181393390,0
2026-03-22T07:10:00.046624,1990,100,428,1.9676685333251953,False,0.0,0,1,1774181400046,1774181400046,0
2026-03-22T07:10:06.721942,1990,200,828,3.8864612579345703,False,0.0,0,1,1774181406721,1774181406721,0
2026-03-22T07:10:13.373886,1990,300,1228,1.7135143280029297,False,0.0,0,1,1774181413373,1774181413373,0
2026-03-22T07:10:20.046496,1990,400,1628,2.510547637939453,False,0.0,0,1,1774181420046,1774181420046,0
2026-03-22T07:10:26.722626,1990,500,2028,5.679607391357422,False,0.0,0,1,1774181426722,1774181426722,0
2026-03-22T07:10:35.889518,1991,0,26,4.298210144042969,False,0.0,0,1,1774181435889,1774181435889,0
2026-03-22T07:10:42.543618,1991,100,426,2.4814605712890625,False,0.0,0,1,1774181442543,1774181442543,0
2026-03-22T07:10:49.218530,1991,200,826,6.2313079833984375,False,0.0,0,1,1774181449218,1774181449218,0
2026-03-22T07:10:55.869883,1991,300,1226,1.8732547760009766,False,0.0,0,1,1774181455869,1774181455869,0
2026-03-22T07:11:02.531831,1991,400,1626,8.110523223876953,False,0.0,0,1,1774181462531,1774181462531,0
2026-03-22T07:11:09.205637,1991,500,2026,9.893655776977539,False,0.0,0,1,1774181469205,1774181469205,0
2026-03-22T07:11:13.748022,1992,0,26,2.4569034576416016,False,0.0,0,1,1774181473748,1774181473748,0
2026-03-22T07:11:19.707431,1993,0,27,10.569334030151367,False,0.0,0,1,1774181479707,1774181479707,0
2026-03-22T07:11:26.371835,1993,100,427,3.599405288696289,False,0.0,0,1,1774181486371,1774181486371,0
2026-03-22T07:11:33.048711,1993,200,827,9.543895721435547,False,0.0,0,1,1774181493048,1774181493048,0
2026-03-22T07:11:39.699457,1993,300,1227,3.494739532470703,False,0.0,0,1,1774181499699,1774181499699,0
2026-03-22T07:11:44.034801,1994,0,27,13.173103332519531,False,0.0,0,1,1774181504034,1774181504034,0
2026-03-22T07:11:50.680096,1994,100,427,2.5124549865722656,False,0.0,0,1,1774181510680,1774181510680,0
2026-03-22T07:11:57.357752,1994,200,827,8.001565933227539,False,0.0,0,1,1774181517357,1774181517357,0
2026-03-22T07:12:04.007476,1994,300,1227,2.080678939819336,False,0.0,0,1,1774181524007,1774181524007,0
2026-03-22T07:12:12.144248,1995,0,27,0.8084774017333984,False,0.0,0,1,1774181532144,1774181532144,0
2026-03-22T07:12:18.804071,1995,100,427,1.7886161804199219,False,0.0,0,1,1774181538804,1774181538804,0
2026-03-22T07:12:25.481571,1995,200,827,11.76595687866211,False,0.0,0,1,1774181545481,1774181545481,0
2026-03-22T07:12:32.128258,1995,300,1227,2.4564266204833984,False,0.0,0,1,1774181552128,1774181552128,0
2026-03-22T07:12:38.801567,1995,400,1627,2.3276805877685547,False,0.0,0,1,1774181558801,1774181558801,0
2026-03-22T07:12:45.471957,1995,500,2027,1.928567886352539,False,0.0,0,1,1774181565471,1774181565471,0
2026-03-22T07:12:52.139176,1995,600,2427,11.632680892944336,False,0.0,0,1,1774181572139,1774181572139,0
2026-03-22T07:13:01.502327,1996,0,27,2.8624534606933594,False,0.0,0,1,1774181581502,1774181581502,0
2026-03-22T07:13:08.157000,1996,100,427,7.646083831787109,False,0.0,0,1,1774181588156,1774181588156,0
2026-03-22T07:13:14.807242,1996,200,827,1.7948150634765625,False,0.0,0,1,1774181594807,1774181594807,0
2026-03-22T07:13:21.464541,1996,300,1227,3.4203529357910156,False,0.0,0,1,1774181601464,1774181601464,0
2026-03-22T07:13:28.587186,1997,0,28,3.283262252807617,False,0.0,0,1,1774181608587,1774181608587,0
2026-03-22T07:13:35.243451,1997,100,428,6.881475448608398,False,0.0,0,1,1774181615243,1774181615243,0
2026-03-22T07:13:41.912048,1997,200,828,2.4819374084472656,False,0.0,0,1,1774181621912,1774181621912,0
2026-03-22T07:13:48.573652,1997,300,1228,8.578777313232422,False,0.0,0,1,1774181628573,1774181628573,0
2026-03-22T07:13:55.239202,1997,400,1628,2.4547576904296875,False,0.0,0,1,1774181635239,1774181635239,0
2026-03-22T07:14:01.049005,1998,0,27,2.3522377014160156,False,0.0,0,1,1774181641049,1774181641049,0
2026-03-22T07:14:07.704469,1998,100,427,2.8352737426757812,False,0.0,0,1,1774181647704,1774181647704,0
2026-03-22T07:14:14.375761,1998,200,827,2.0971298217773438,False,0.0,0,1,1774181654375,1774181654375,0
2026-03-22T07:14:16.606925,1999,0,27,1.5921592712402344,False,0.0,0,1,1774181656606,1774181656606,0
2026-03-22T07:14:23.234223,2000,0,27,10.528802871704102,False,0.0,0,1,1774181663234,1774181663234,0
2026-03-22T07:14:29.880528,2000,100,427,1.354217529296875,False,0.0,0,1,1774181669880,1774181669880,0
2026-03-22T07:14:36.537592,2000,200,827,2.431154251098633,False,0.0,0,1,1774181676537,1774181676537,0
2026-03-22T07:14:45.276716,2001,0,27,0.8418560028076172,False,0.0,0,1,1774181685276,1774181685276,0
2026-03-22T07:14:51.927541,2001,100,427,1.5990734100341797,False,0.0,0,1,1774181691927,1774181691927,0
2026-03-22T07:14:58.350319,2002,0,28,1.7380714416503906,False,0.0,0,1,1774181698350,1774181698350,0
2026-03-22T07:15:02.508993,2003,0,27,9.839773178100586,False,0.0,0,1,1774181702508,1774181702508,0
2026-03-22T07:15:09.171706,2003,100,427,2.0780563354492188,False,0.0,0,1,1774181709171,1774181709171,0
2026-03-22T07:15:15.823093,2003,200,827,2.167224884033203,False,0.0,0,1,1774181715823,1774181715823,0
2026-03-22T07:15:22.162125,2004,0,27,0.9219646453857422,False,0.0,0,1,1774181722162,1774181722162,0
2026-03-22T07:15:28.826400,2004,100,427,10.329723358154297,False,0.0,0,1,1774181728826,1774181728826,0
2026-03-22T07:15:35.494628,2004,200,827,6.596565246582031,False,0.0,0,1,1774181735494,1774181735494,0
2026-03-22T07:15:42.160743,2004,300,1227,13.866186141967773,False,0.0,0,1,1774181742160,1774181742160,0
2026-03-22T07:15:46.653889,2005,0,27,1.0330677032470703,False,0.0,0,1,1774181746653,1774181746653,0
2026-03-22T07:15:53.310522,2005,100,427,2.2399425506591797,False,0.0,0,1,1774181753310,1774181753310,0
2026-03-22T07:15:59.966901,2005,200,827,2.0694732666015625,False,0.0,0,1,1774181759966,1774181759966,0
2026-03-22T07:16:06.621141,2005,300,1227,2.164125442504883,False,0.0,0,1,1774181766621,1774181766621,0
2026-03-22T07:16:14.274577,2006,0,26,1.0154247283935547,False,0.0,0,1,1774181774274,1774181774274,0
2026-03-22T07:16:19.716477,2007,0,27,1.8851757049560547,False,0.0,0,1,1774181779716,1774181779716,0
2026-03-22T07:16:24.774616,2008,0,26,2.7341842651367188,False,0.0,0,1,1774181784774,1774181784774,0
2026-03-22T07:16:28.859717,2009,0,27,10.368824005126953,False,0.0,0,1,1774181788859,1774181788859,0
2026-03-22T07:16:35.523048,2009,100,427,1.8603801727294922,False,0.0,0,1,1774181795523,1774181795523,0
2026-03-22T07:16:42.178674,2009,200,827,2.086162567138672,False,0.0,0,1,1774181802178,1774181802178,0
2026-03-22T07:16:48.834790,2009,300,1227,2.66265869140625,False,0.0,0,1,1774181808834,1774181808834,0
2026-03-22T07:16:55.506365,2009,400,1627,1.7206668853759766,False,0.0,0,1,1774181815506,1774181815506,0
2026-03-22T07:17:02.161845,2009,500,2027,1.7049312591552734,False,0.0,0,1,1774181822161,1774181822161,0
2026-03-22T07:17:11.829843,2010,0,26,2.4940967559814453,False,0.0,0,1,1774181831829,1774181831829,0
2026-03-22T07:17:18.491721,2010,100,426,8.469820022583008,False,0.0,0,1,1774181838491,1774181838491,0
2026-03-22T07:17:25.159916,2010,200,826,3.5538673400878906,False,0.0,0,1,1774181845159,1774181845159,0
2026-03-22T07:17:28.203990,2011,0,26,1.8768310546875,False,0.0,0,1,1774181848203,1774181848203,0
2026-03-22T07:17:34.859236,2011,100,426,2.2232532501220703,False,0.0,0,1,1774181854859,1774181854859,0
2026-03-22T07:17:41.537942,2011,200,826,8.270740509033203,False,0.0,0,1,1774181861537,1774181861537,0
2026-03-22T07:17:48.196949,2011,300,1226,11.663436889648438,False,0.0,0,1,1774181868196,1774181868196,0
2026-03-22T07:17:52.544935,2012,0,27,1.25885009765625,False,0.0,0,1,1774181872544,1774181872544,0
2026-03-22T07:17:59.209181,2012,100,427,10.29062271118164,False,0.0,0,1,1774181879209,1774181879209,0
2026-03-22T07:18:05.874416,2012,200,827,2.8078556060791016,False,0.0,0,1,1774181885874,1774181885874,0
2026-03-22T07:18:12.535023,2012,300,1227,6.700992584228516,False,0.0,0,1,1774181892535,1774181892535,0
2026-03-22T07:18:19.191067,2012,400,1627,8.260011672973633,False,0.0,0,1,1774181899191,1774181899191,0
2026-03-22T07:18:25.865100,2012,500,2027,10.71023941040039,False,0.0,0,1,1774181905865,1774181905865,0
2026-03-22T07:18:30.623943,2013,0,26,0.9679794311523438,False,0.0,0,1,1774181910623,1774181910623,0
2026-03-22T07:18:37.274384,2013,100,426,2.6237964630126953,False,0.0,0,1,1774181917274,1774181917274,0
2026-03-22T07:18:43.933999,2013,200,826,8.810281753540039,False,0.0,0,1,1774181923933,1774181923933,0
2026-03-22T07:18:47.907014,2014,0,27,5.219936370849609,False,0.0,0,1,1774181927907,1774181927907,0
2026-03-22T07:18:54.559811,2014,100,427,1.83868408203125,False,0.0,0,1,1774181934559,1774181934559,0
2026-03-22T07:19:01.216024,2014,200,827,2.374887466430664,False,0.0,0,1,1774181941216,1774181941216,0
2026-03-22T07:19:07.870876,2014,300,1227,2.0804405212402344,False,0.0,0,1,1774181947870,1774181947870,0
2026-03-22T07:19:14.976862,2015,0,27,3.053903579711914,False,0.0,0,1,1774181954976,1774181954976,0
2026-03-22T07:19:21.637904,2015,100,427,7.850885391235352,False,0.0,0,1,1774181961637,1774181961637,0
2026-03-22T07:19:28.288795,2015,200,827,3.6687850952148438,False,0.0,0,1,1774181968288,1774181968288,0
2026-03-22T07:19:36.108975,2016,0,27,1.2102127075195312,False,0.0,0,1,1774181976108,1774181976108,0
2026-03-22T07:19:42.776000,2016,100,427,15.307188034057617,False,0.0,0,1,1774181982775,1774181982775,0
2026-03-22T07:19:49.419051,2016,200,827,1.7859935760498047,False,0.0,0,1,1774181989419,1774181989419,0
2026-03-22T07:19:56.080965,2016,300,1227,8.132696151733398,False,0.0,0,1,1774181996080,1774181996080,0
2026-03-22T07:20:01.840548,2017,0,27,4.561424255371094,False,0.0,0,1,1774182001840,1774182001840,0
2026-03-22T07:20:08.503408,2017,100,427,2.3810863494873047,False,0.0,0,1,1774182008503,1774182008503,0
2026-03-22T07:20:15.159433,2017,200,827,2.449512481689453,False,0.0,0,1,1774182015159,1774182015159,0
2026-03-22T07:20:21.814497,2017,300,1227,2.334117889404297,False,0.0,0,1,1774182021814,1774182021814,0
2026-03-22T07:20:28.475456,2017,400,1627,7.540225982666016,False,0.0,0,1,1774182028475,1774182028475,0
2026-03-22T07:20:35.131930,2017,500,2027,7.523536682128906,False,0.0,0,1,1774182035131,1774182035131,0
2026-03-22T07:20:41.783392,2017,600,2427,4.052639007568359,False,0.0,0,1,1774182041783,1774182041783,0
2026-03-22T07:20:52.369276,2018,0,27,0.7638931274414062,False,0.0,0,1,1774182052369,1774182052369,0
2026-03-22T07:20:59.028591,2018,100,427,10.241031646728516,False,0.0,0,1,1774182059028,1774182059028,0
2026-03-22T07:21:05.691849,2018,200,827,1.926422119140625,False,0.0,0,1,1774182065691,1774182065691,0
2026-03-22T07:21:08.170946,2019,0,27,2.0596981048583984,False,0.0,0,1,1774182068170,1774182068170,0
2026-03-22T07:21:14.849746,2019,100,427,8.194446563720703,False,0.0,0,1,1774182074849,1774182074849,0
2026-03-22T07:21:16.581356,2020,0,27,9.143590927124023,False,0.0,0,1,1774182076581,1774182076581,0
2026-03-22T07:21:23.230640,2020,100,427,2.2840499877929688,False,0.0,0,1,1774182083230,1774182083230,0
2026-03-22T07:21:29.888135,2020,200,827,2.8951168060302734,False,0.0,0,1,1774182089888,1774182089888,0
2026-03-22T07:21:36.875000,2021,0,27,0.9312629699707031,False,0.0,0,1,1774182096874,1774182096874,0
2026-03-22T07:21:43.548752,2021,100,427,2.4940967559814453,False,0.0,0,1,1774182103548,1774182103548,0
2026-03-22T07:21:50.208826,2021,200,827,8.89730453491211,False,0.0,0,1,1774182110208,1774182110208,0
2026-03-22T07:21:56.861335,2021,300,1227,2.0699501037597656,False,0.0,0,1,1774182116861,1774182116861,0
2026-03-22T07:22:06.315133,2022,0,26,4.677772521972656,False,0.0,0,1,1774182126315,1774182126315,0
2026-03-22T07:22:10.384949,2023,0,27,10.884523391723633,False,0.0,0,1,1774182130384,1774182130384,0
2026-03-22T07:22:17.047298,2023,100,427,2.5048255920410156,False,0.0,0,1,1774182137047,1774182137047,0
2026-03-22T07:22:23.832001,2024,0,27,2.8200149536132812,False,0.0,0,1,1774182143831,1774182143831,0
2026-03-22T07:22:30.485918,2024,100,427,2.2394657135009766,False,0.0,0,1,1774182150485,1774182150485,0
2026-03-22T07:22:37.148346,2024,200,827,10.347127914428711,False,0.0,0,1,1774182157148,1774182157148,0
2026-03-22T07:22:42.468312,2025,0,26,2.8290748596191406,False,0.0,0,1,1774182162468,1774182162468,0
2026-03-22T07:22:46.643600,2026,0,27,1.8839836120605469,False,0.0,0,1,1774182166643,1774182166643,0
2026-03-22T07:22:51.133897,2027,0,28,2.3870468139648438,False,0.0,0,1,1774182171133,1774182171133,0
2026-03-22T07:22:57.812911,2027,100,428,8.745431900024414,False,0.0,0,1,1774182177812,1774182177812,0
2026-03-22T07:23:04.470381,2027,200,828,10.854005813598633,False,0.0,0,1,1774182184470,1774182184470,0
2026-03-22T07:23:10.505070,2028,0,27,0.8852481842041016,False,0.0,0,1,1774182190505,1774182190505,0
2026-03-22T07:23:17.183157,2028,100,427,9.957075119018555,False,0.0,0,1,1774182197183,1774182197183,0
2026-03-22T07:23:22.530256,2029,0,27,9.364843368530273,False,0.0,0,1,1774182202530,1774182202530,0
2026-03-22T07:23:29.172949,2029,100,427,2.902507781982422,False,0.0,0,1,1774182209172,1774182209172,0
2026-03-22T07:23:35.836301,2029,200,827,10.768890380859375,False,0.0,0,1,1774182215836,1774182215836,0
2026-03-22T07:23:42.492506,2029,300,1227,10.645866394042969,False,0.0,0,1,1774182222492,1774182222492,0
2026-03-22T07:23:49.166808,2029,400,1627,13.508796691894531,False,0.0,0,1,1774182229166,1774182229166,0
2026-03-22T07:23:55.813828,2029,500,2027,2.1483898162841797,False,0.0,0,1,1774182235813,1774182235813,0
2026-03-22T07:24:02.476248,2029,600,2427,9.62376594543457,False,0.0,0,1,1774182242476,1774182242476,0
2026-03-22T07:24:09.072401,2030,0,26,3.082752227783203,False,0.0,0,1,1774182249072,1774182249072,0
2026-03-22T07:24:15.729944,2030,100,426,2.948284149169922,False,0.0,0,1,1774182255729,1774182255729,0
2026-03-22T07:24:22.399398,2030,200,826,2.8710365295410156,False,0.0,0,1,1774182262399,1774182262399,0
2026-03-22T07:24:29.054739,2030,300,1226,2.618551254272461,False,0.0,0,1,1774182269054,1774182269054,0
2026-03-22T07:24:32.604722,2031,0,27,0.9710788726806641,False,0.0,0,1,1774182272604,1774182272604,0
2026-03-22T07:24:39.255406,2031,100,427,2.830028533935547,False,0.0,0,1,1774182279255,1774182279255,0
2026-03-22T07:24:45.921104,2031,200,827,11.530160903930664,False,0.0,0,1,1774182285921,1774182285921,0
2026-03-22T07:24:52.573534,2031,300,1227,9.612560272216797,False,0.0,0,1,1774182292573,1774182292573,0
2026-03-22T07:24:59.220710,2031,400,1627,1.894235610961914,False,0.0,0,1,1774182299220,1774182299220,0
2026-03-22T07:25:04.162088,2032,0,28,0.7770061492919922,False,0.0,0,1,1774182304162,1774182304162,0
2026-03-22T07:25:10.844430,2032,100,428,11.389732360839844,False,0.0,0,1,1774182310844,1774182310844,0
2026-03-22T07:25:17.492097,2032,200,828,2.4216175079345703,False,0.0,0,1,1774182317492,1774182317492,0
2026-03-22T07:25:22.187678,2033,0,28,3.955841064453125,False,0.0,0,1,1774182322187,1774182322187,0
2026-03-22T07:25:28.847434,2033,100,428,10.629653930664062,False,0.0,0,1,1774182328847,1774182328847,0
2026-03-22T07:25:34.080360,2034,0,26,2.1479129791259766,False,0.0,0,1,1774182334080,1774182334080,0
2026-03-22T07:25:40.746260,2034,100,426,12.095928192138672,False,0.0,0,1,1774182340746,1774182340746,0
2026-03-22T07:25:47.392248,2034,200,826,1.8045902252197266,False,0.0,0,1,1774182347392,1774182347392,0
2026-03-22T07:25:54.977775,2035,0,26,0.6906986236572266,False,0.0,0,1,1774182354977,1774182354977,0
2026-03-22T07:26:01.645335,2035,100,426,13.042926788330078,False,0.0,0,1,1774182361645,1774182361645,0
2026-03-22T07:26:02.430879,2036,0,28,11.576652526855469,False,0.0,0,1,1774182362430,1774182362430,0
2026-03-22T07:26:09.089478,2036,100,428,2.003908157348633,False,0.0,0,1,1774182369089,1774182369089,0
2026-03-22T07:26:15.762256,2036,200,828,2.0296573638916016,False,0.0,0,1,1774182375762,1774182375762,0
2026-03-22T07:26:22.415911,2036,300,1228,1.7628669738769531,False,0.0,0,1,1774182382415,1774182382415,0
2026-03-22T07:26:30.122566,2037,0,27,3.5653114318847656,False,0.0,0,1,1774182390122,1774182390122,0
2026-03-22T07:26:33.853542,2038,0,27,8.308649063110352,False,0.0,0,1,1774182393853,1774182393853,0
2026-03-22T07:26:40.504991,2038,100,427,2.6628971099853516,False,0.0,0,1,1774182400504,1774182400504,0
2026-03-22T07:26:47.159541,2038,200,827,1.8045902252197266,False,0.0,0,1,1774182407159,1774182407159,0
2026-03-22T07:26:56.594168,2039,0,27,2.8028488159179688,False,0.0,0,1,1774182416594,1774182416594,0
2026-03-22T07:27:03.248840,2039,100,427,2.0759105682373047,False,0.0,0,1,1774182423248,1774182423248,0
2026-03-22T07:27:09.904404,2039,200,827,1.8956661224365234,False,0.0,0,1,1774182429904,1774182429904,0
2026-03-22T07:27:16.568276,2039,300,1227,8.919477462768555,False,0.0,0,1,1774182436568,1774182436568,0
2026-03-22T07:27:23.223326,2039,400,1627,9.727954864501953,False,0.0,0,1,1774182443223,1774182443223,0
2026-03-22T07:27:26.884243,2040,0,27,2.361297607421875,False,0.0,0,1,1774182446884,1774182446884,0
2026-03-22T07:27:33.551580,2040,100,427,1.6200542449951172,False,0.0,0,1,1774182453551,1774182453551,0
2026-03-22T07:27:40.206585,2040,200,827,1.93023681640625,False,0.0,0,1,1774182460206,1774182460206,0
2026-03-22T07:27:45.137409,2041,0,27,2.321958541870117,False,0.0,0,1,1774182465137,1774182465137,0
2026-03-22T07:27:51.802103,2041,100,427,1.0573863983154297,False,0.0,0,1,1774182471802,1774182471802,0
2026-03-22T07:27:58.483946,2041,200,827,10.781526565551758,False,0.0,0,1,1774182478483,1774182478483,0
2026-03-22T07:28:04.048200,2042,0,27,2.3987293243408203,False,0.0,0,1,1774182484048,1774182484048,0
2026-03-22T07:28:07.751130,2043,0,27,8.87298583984375,False,0.0,0,1,1774182487751,1774182487751,0
2026-03-22T07:28:14.418383,2043,100,427,6.206512451171875,False,0.0,0,1,1774182494418,1774182494418,0
2026-03-22T07:28:21.085932,2043,200,827,1.5063285827636719,False,0.0,0,1,1774182501085,1774182501085,0
2026-03-22T07:28:27.743051,2043,300,1227,2.7446746826171875,False,0.0,0,1,1774182507743,1774182507743,0
2026-03-22T07:28:34.405401,2043,400,1627,9.257316589355469,False,0.0,0,1,1774182514405,1774182514405,0
2026-03-22T07:28:41.070078,2043,500,2027,1.8661022186279297,False,0.0,0,1,1774182521070,1774182521070,0
2026-03-22T07:28:47.725491,2043,600,2427,2.2139549255371094,False,0.0,0,1,1774182527725,1774182527725,0
2026-03-22T07:28:54.398379,2043,700,2827,2.7129650115966797,False,0.0,0,1,1774182534398,1774182534398,0
2026-03-22T07:29:04.414361,2044,0,27,1.1744499206542969,False,0.0,0,1,1774182544414,1774182544414,0
2026-03-22T07:29:10.953912,2045,0,28,2.376556396484375,False,0.0,0,1,1774182550953,1774182550953,0
2026-03-22T07:29:17.633012,2045,100,428,9.478092193603516,False,0.0,0,1,1774182557633,1774182557633,0
2026-03-22T07:29:24.291527,2045,200,828,10.921716690063477,False,0.0,0,1,1774182564291,1774182564291,0
2026-03-22T07:29:25.570123,2046,0,27,9.17673110961914,False,0.0,0,1,1774182565570,1774182565570,0
2026-03-22T07:29:32.219360,2046,100,427,2.9802322387695312,False,0.0,0,1,1774182572219,1774182572219,0
2026-03-22T07:29:38.900109,2046,200,827,9.416818618774414,False,0.0,0,1,1774182578900,1774182578900,0
2026-03-22T07:29:45.559502,2046,300,1227,14.176130294799805,False,0.0,0,1,1774182585559,1774182585559,0
2026-03-22T07:29:50.658153,2047,0,27,1.2707710266113281,False,0.0,0,1,1774182590658,1774182590658,0
2026-03-22T07:29:57.319995,2047,100,427,10.798215866088867,False,0.0,0,1,1774182597319,1774182597319,0
2026-03-22T07:30:03.977089,2047,200,827,13.422250747680664,False,0.0,0,1,1774182603977,1774182603977,0
2026-03-22T07:30:10.623234,2047,300,1227,3.0341148376464844,False,0.0,0,1,1774182610623,1774182610623,0
2026-03-22T07:30:14.964882,2048,0,27,1.9545555114746094,False,0.0,0,1,1774182614964,1774182614964,0
2026-03-22T07:30:20.263196,2049,0,27,8.50057601928711,False,0.0,0,1,1774182620263,1774182620263,0
2026-03-22T07:30:24.510714,2050,0,27,13.950347900390625,False,0.0,0,1,1774182624510,1774182624510,0
2026-03-22T07:30:28.975234,2051,0,27,15.628337860107422,False,0.0,0,1,1774182628975,1774182628975,0
2026-03-22T07:30:35.623084,2051,100,427,11.023283004760742,False,0.0,0,1,1774182635623,1774182635623,0
2026-03-22T07:30:42.458151,2052,0,27,1.7430782318115234,False,0.0,0,1,1774182642458,1774182642458,0
2026-03-22T07:30:49.115446,2052,100,427,10.274648666381836,False,0.0,0,1,1774182649115,1774182649115,0
2026-03-22T07:30:55.762783,2052,200,827,1.9681453704833984,False,0.0,0,1,1774182655762,1774182655762,0
2026-03-22T07:31:02.428688,2052,300,1227,6.171464920043945,False,0.0,0,1,1774182662428,1774182662428,0
2026-03-22T07:31:09.075102,2052,400,1627,2.237558364868164,False,0.0,0,1,1774182669075,1774182669075,0
2026-03-22T07:31:17.809357,2053,0,27,0.9865760803222656,False,0.0,0,1,1774182677809,1774182677809,0
2026-03-22T07:31:24.465829,2053,100,427,2.460956573486328,False,0.0,0,1,1774182684465,1774182684465,0
2026-03-22T07:31:31.127341,2053,200,827,7.6904296875,False,0.0,0,1,1774182691127,1774182691127,0
2026-03-22T07:31:37.783135,2053,300,1227,7.68733024597168,False,0.0,0,1,1774182697783,1774182697783,0
2026-03-22T07:31:44.439947,2053,400,1627,8.923530578613281,False,0.0,0,1,1774182704439,1774182704439,0
2026-03-22T07:31:51.089063,2053,500,2027,2.5320053100585938,False,0.0,0,1,1774182711089,1774182711089,0
2026-03-22T07:31:59.375093,2054,0,27,1.4259815216064453,False,0.0,0,1,1774182719375,1774182719375,0
2026-03-22T07:32:06.028727,2054,100,427,1.096487045288086,False,0.0,0,1,1774182726028,1774182726028,0
2026-03-22T07:32:12.704082,2054,200,827,2.6073455810546875,False,0.0,0,1,1774182732704,1774182732704,0
2026-03-22T07:32:15.270915,2055,0,27,0.9186267852783203,False,0.0,0,1,1774182735270,1774182735270,0
2026-03-22T07:32:19.856821,2056,0,27,1.8837451934814453,False,0.0,0,1,1774182739856,1774182739856,0
2026-03-22T07:32:26.514108,2056,100,427,2.8777122497558594,False,0.0,0,1,1774182746514,1774182746514,0
2026-03-22T07:32:32.129731,2057,0,28,10.91766357421875,False,0.0,0,1,1774182752129,1774182752129,0
2026-03-22T07:32:38.794155,2057,100,428,2.536296844482422,False,0.0,0,1,1774182758794,1774182758794,0
2026-03-22T07:32:45.451277,2057,200,828,1.9295215606689453,False,0.0,0,1,1774182765451,1774182765451,0
2026-03-22T07:32:52.105683,2057,300,1228,2.7642250061035156,False,0.0,0,1,1774182772105,1774182772105,0
2026-03-22T07:32:59.791803,2058,0,27,0.9520053863525391,False,0.0,0,1,1774182779791,1774182779791,0
2026-03-22T07:33:05.997400,2059,0,27,2.162456512451172,False,0.0,0,1,1774182785997,1774182785997,0
2026-03-22T07:33:12.653492,2059,100,427,2.143383026123047,False,0.0,0,1,1774182792653,1774182792653,0
2026-03-22T07:33:19.326486,2059,200,827,2.7420520782470703,False,0.0,0,1,1774182799326,1774182799326,0
2026-03-22T07:33:25.981059,2059,300,1227,2.351522445678711,False,0.0,0,1,1774182805981,1774182805981,0
2026-03-22T07:33:32.645034,2059,400,1627,10.160684585571289,False,0.0,0,1,1774182812645,1774182812645,0
2026-03-22T07:33:39.308622,2059,500,2027,2.338886260986328,False,0.0,0,1,1774182819308,1774182819308,0
2026-03-22T07:33:45.965627,2059,600,2427,2.6702880859375,False,0.0,0,1,1774182825965,1774182825965,0
2026-03-22T07:33:51.073743,2060,0,27,2.919912338256836,False,0.0,0,1,1774182831073,1774182831073,0
2026-03-22T07:33:57.727661,2060,100,427,1.8541812896728516,False,0.0,0,1,1774182837727,1774182837727,0
2026-03-22T07:34:04.392366,2060,200,827,9.224891662597656,False,0.0,0,1,1774182844392,1774182844392,0
2026-03-22T07:34:11.043042,2060,300,1227,6.019830703735352,False,0.0,0,1,1774182851043,1774182851043,0
2026-03-22T07:34:18.095438,2061,0,27,2.5167465209960938,False,0.0,0,1,1774182858095,1774182858095,0
2026-03-22T07:34:24.749513,2061,100,427,1.6205310821533203,False,0.0,0,1,1774182864749,1774182864749,0
2026-03-22T07:34:26.897118,2062,0,27,2.0172595977783203,False,0.0,0,1,1774182866897,1774182866897,0
2026-03-22T07:34:33.556875,2062,100,427,7.125616073608398,False,0.0,0,1,1774182873556,1774182873556,0
2026-03-22T07:34:40.226283,2062,200,827,3.053426742553711,False,0.0,0,1,1774182880226,1774182880226,0
2026-03-22T07:34:43.722594,2063,0,26,0.9312629699707031,False,0.0,0,1,1774182883722,1774182883722,0
2026-03-22T07:34:50.385546,2063,100,426,12.868404388427734,False,0.0,0,1,1774182890385,1774182890385,0
2026-03-22T07:34:57.030803,2063,200,826,3.0901432037353516,False,0.0,0,1,1774182897030,1774182897030,0
2026-03-22T07:35:03.688355,2063,300,1226,1.1653900146484375,False,0.0,0,1,1774182903688,1774182903688,0
2026-03-22T07:35:05.515988,2064,0,27,2.110004425048828,False,0.0,0,1,1774182905515,1774182905515,0
2026-03-22T07:35:10.179976,2065,0,27,1.8682479858398438,False,0.0,0,1,1774182910179,1774182910179,0
2026-03-22T07:35:16.228618,2066,0,26,15.805482864379883,False,0.0,0,1,1774182916228,1774182916228,0
2026-03-22T07:35:22.895321,2066,100,426,9.605169296264648,False,0.0,0,1,1774182922895,1774182922895,0
2026-03-22T07:35:29.551547,2066,200,826,9.620904922485352,False,0.0,0,1,1774182929551,1774182929551,0
2026-03-22T07:35:36.199228,2066,300,1226,2.99835205078125,False,0.0,0,1,1774182936199,1774182936199,0
2026-03-22T07:35:43.302055,2067,0,27,1.0561943054199219,False,0.0,0,1,1774182943302,1774182943302,0
2026-03-22T07:35:49.966418,2067,100,427,9.52911376953125,False,0.0,0,1,1774182949966,1774182949966,0
2026-03-22T07:35:56.620408,2067,200,827,8.637666702270508,False,0.0,0,1,1774182956620,1774182956620,0
2026-03-22T07:36:01.155477,2068,0,27,0.7297992706298828,False,0.0,0,1,1774182961155,1774182961155,0
2026-03-22T07:36:07.820807,2068,100,427,10.745525360107422,False,0.0,0,1,1774182967820,1774182967820,0
2026-03-22T07:36:14.468771,2068,200,827,2.587556838989258,False,0.0,0,1,1774182974468,1774182974468,0
2026-03-22T07:36:21.123230,2068,300,1227,1.4443397521972656,False,0.0,0,1,1774182981123,1774182981123,0
2026-03-22T07:36:27.781517,2068,400,1627,3.6592483520507812,False,0.0,0,1,1774182987781,1774182987781,0
2026-03-22T07:36:33.675671,2069,0,27,1.0256767272949219,False,0.0,0,1,1774182993675,1774182993675,0
2026-03-22T07:36:40.325462,2069,100,427,2.1288394927978516,False,0.0,0,1,1774183000325,1774183000325,0
2026-03-22T07:36:47.009964,2069,200,827,11.777400970458984,False,0.0,0,1,1774183007009,1774183007009,0
2026-03-22T07:36:53.652780,2069,300,1227,2.1135807037353516,False,0.0,0,1,1774183013652,1774183013652,0
2026-03-22T07:37:02.779523,2070,0,27,0.9493827819824219,False,0.0,0,1,1774183022779,1774183022779,0
2026-03-22T07:37:09.435287,2070,100,427,10.872364044189453,False,0.0,0,1,1774183029435,1774183029435,0
2026-03-22T07:37:16.082323,2070,200,827,1.5056133270263672,False,0.0,0,1,1774183036082,1774183036082,0
2026-03-22T07:37:22.743261,2070,300,1227,7.538318634033203,False,0.0,0,1,1774183042743,1774183042743,0
2026-03-22T07:37:27.472915,2071,0,27,5.074739456176758,False,0.0,0,1,1774183047472,1774183047472,0
2026-03-22T07:37:33.710769,2072,0,27,9.066581726074219,False,0.0,0,1,1774183053710,1774183053710,0
2026-03-22T07:37:40.376262,2072,100,427,2.1004676818847656,False,0.0,0,1,1774183060376,1774183060376,0
2026-03-22T07:37:47.033189,2072,200,827,3.1223297119140625,False,0.0,0,1,1774183067033,1774183067033,0
2026-03-22T07:37:53.419750,2073,0,27,0.6985664367675781,False,0.0,0,1,1774183073419,1774183073419,0
2026-03-22T07:38:00.099589,2073,100,427,9.043693542480469,False,0.0,0,1,1774183080099,1774183080099,0
2026-03-22T07:38:03.656501,2074,0,27,1.8093585968017578,False,0.0,0,1,1774183083656,1774183083656,0
2026-03-22T07:38:08.947999,2075,0,28,2.092599868774414,False,0.0,0,1,1774183088947,1774183088947,0
2026-03-22T07:38:15.606083,2075,100,428,6.48808479309082,False,0.0,0,1,1774183095606,1774183095606,0
2026-03-22T07:38:22.265022,2075,200,828,8.958578109741211,False,0.0,0,1,1774183102265,1774183102265,0
2026-03-22T07:38:28.914587,2075,300,1228,2.6311874389648438,False,0.0,0,1,1774183108914,1774183108914,0
2026-03-22T07:38:33.869006,2076,0,27,1.009225845336914,False,0.0,0,1,1774183113869,1774183113869,0
2026-03-22T07:38:40.533233,2076,100,427,8.526802062988281,False,0.0,0,1,1774183120533,1774183120533,0
2026-03-22T07:38:42.372226,2077,0,27,2.0341873168945312,False,0.0,0,1,1774183122372,1774183122372,0
2026-03-22T07:38:49.045115,2077,100,427,2.4318695068359375,False,0.0,0,1,1774183129045,1774183129045,0
2026-03-22T07:38:55.708908,2077,200,827,9.725809097290039,False,0.0,0,1,1774183135708,1774183135708,0
2026-03-22T07:39:02.366543,2077,300,1227,11.812925338745117,False,0.0,0,1,1774183142366,1774183142366,0
2026-03-22T07:39:07.916301,2078,0,27,2.4034976959228516,False,0.0,0,1,1774183147916,1774183147916,0
2026-03-22T07:39:14.569899,2078,100,427,2.0558834075927734,False,0.0,0,1,1774183154569,1774183154569,0
2026-03-22T07:39:21.241699,2078,200,827,2.1886825561523438,False,0.0,0,1,1774183161241,1774183161241,0
2026-03-22T07:39:27.897721,2078,300,1227,2.101898193359375,False,0.0,0,1,1774183167897,1774183167897,0
2026-03-22T07:39:38.047023,2079,0,27,2.4547576904296875,False,0.0,0,1,1774183178047,1774183178047,0
2026-03-22T07:39:44.718990,2079,100,427,1.8966197967529297,False,0.0,0,1,1774183184718,1774183184718,0
2026-03-22T07:39:51.376029,2079,200,827,2.1910667419433594,False,0.0,0,1,1774183191376,1774183191376,0
2026-03-22T07:40:00.068829,2080,0,27,1.0242462158203125,False,0.0,0,1,1774183200068,1774183200068,0
2026-03-22T07:40:06.725464,2080,100,427,11.805057525634766,False,0.0,0,1,1774183206725,1774183206725,0
2026-03-22T07:40:15.555858,2081,0,26,5.993127822875977,False,0.0,0,1,1774183215555,1774183215555,0
2026-03-22T07:40:20.732924,2082,0,27,7.622957229614258,False,0.0,0,1,1774183220732,1774183220732,0
2026-03-22T07:40:27.406620,2082,100,427,9.708881378173828,False,0.0,0,1,1774183227406,1774183227406,0
2026-03-22T07:40:34.062845,2082,200,827,10.86735725402832,False,0.0,0,1,1774183234062,1774183234062,0
2026-03-22T07:40:38.763076,2083,0,26,1.168966293334961,False,0.0,0,1,1774183238763,1774183238763,0
2026-03-22T07:40:45.427546,2083,100,426,11.23809814453125,False,0.0,0,1,1774183245427,1774183245427,0
2026-03-22T07:40:52.074337,2083,200,826,1.8329620361328125,False,0.0,0,1,1774183252074,1774183252074,0
2026-03-22T07:40:56.034180,2084,0,26,0.9131431579589844,False,0.0,0,1,1774183256034,1774183256034,0
2026-03-22T07:40:59.768889,2085,0,27,7.627248764038086,False,0.0,0,1,1774183259768,1774183259768,0
2026-03-22T07:41:06.446558,2085,100,427,12.69078254699707,False,0.0,0,1,1774183266446,1774183266446,0
2026-03-22T07:41:11.266176,2086,0,28,9.200811386108398,False,0.0,0,1,1774183271266,1774183271266,0
2026-03-22T07:41:17.915452,2086,100,428,2.418994903564453,False,0.0,0,1,1774183277915,1774183277915,0
2026-03-22T07:41:24.578139,2086,200,828,10.062694549560547,False,0.0,0,1,1774183284578,1774183284578,0
2026-03-22T07:41:31.226273,2086,300,1228,1.9459724426269531,False,0.0,0,1,1774183291226,1774183291226,0
2026-03-22T07:41:37.182229,2087,0,27,1.0159015655517578,False,0.0,0,1,1774183297182,1774183297182,0
2026-03-22T07:41:43.838852,2087,100,427,2.0112991333007812,False,0.0,0,1,1774183303838,1774183303838,0
2026-03-22T07:41:48.250111,2088,0,27,2.712249755859375,False,0.0,0,1,1774183308250,1774183308250,0
2026-03-22T07:41:53.522031,2089,0,27,2.013683319091797,False,0.0,0,1,1774183313522,1774183313522,0
2026-03-22T07:41:59.345908,2090,0,27,1.9948482513427734,False,0.0,0,1,1774183319345,1774183319345,0
2026-03-22T07:42:06.002216,2090,100,427,2.3651123046875,False,0.0,0,1,1774183326002,1774183326002,0
2026-03-22T07:42:11.278980,2091,0,28,2.798318862915039,False,0.0,0,1,1774183331278,1774183331278,0
2026-03-22T07:42:15.735601,2092,0,27,2.1295547485351562,False,0.0,0,1,1774183335735,1774183335735,0
2026-03-22T07:42:22.409520,2092,100,427,2.6760101318359375,False,0.0,0,1,1774183342409,1774183342409,0
2026-03-22T07:42:29.073524,2092,200,827,11.564970016479492,False,0.0,0,1,1774183349073,1774183349073,0
2026-03-22T07:42:35.725197,2092,300,1227,7.989406585693359,False,0.0,0,1,1774183355725,1774183355725,0
2026-03-22T07:42:42.399170,2092,400,1627,9.96708869934082,False,0.0,0,1,1774183362399,1774183362399,0
2026-03-22T07:42:47.283359,2093,0,27,2.438783645629883,False,0.0,0,1,1774183367283,1774183367283,0
2026-03-22T07:42:51.892575,2094,0,28,1.8229484558105469,False,0.0,0,1,1774183371892,1774183371892,0
2026-03-22T07:42:58.565119,2094,100,428,2.8312206268310547,False,0.0,0,1,1774183378565,1774183378565,0
2026-03-22T07:43:05.228596,2094,200,828,10.439157485961914,False,0.0,0,1,1774183385228,1774183385228,0
2026-03-22T07:43:11.875455,2094,300,1228,1.8084049224853516,False,0.0,0,1,1774183391875,1774183391875,0
2026-03-22T07:43:16.566752,2095,0,27,0.9160041809082031,False,0.0,0,1,1774183396566,1774183396566,0
2026-03-22T07:43:23.231046,2095,100,427,9.888648986816406,False,0.0,0,1,1774183403231,1774183403231,0
2026-03-22T07:43:29.880239,2095,200,827,2.6471614837646484,False,0.0,0,1,1774183409880,1774183409880,0
2026-03-22T07:43:36.535446,2095,300,1227,2.332925796508789,False,0.0,0,1,1774183416535,1774183416535,0
2026-03-22T07:43:43.213857,2095,400,1627,9.182453155517578,False,0.0,0,1,1774183423213,1774183423213,0
2026-03-22T07:43:47.650085,2096,0,27,2.5877952575683594,False,0.0,0,1,1774183427650,1774183427650,0
2026-03-22T07:43:54.305458,2096,100,427,2.457141876220703,False,0.0,0,1,1774183434305,1774183434305,0
2026-03-22T07:44:00.979068,2096,200,827,3.755331039428711,False,0.0,0,1,1774183440979,1774183440979,0
2026-03-22T07:44:07.640270,2096,300,1227,9.24539566040039,False,0.0,0,1,1774183447640,1774183447640,0
2026-03-22T07:44:13.210249,2097,0,27,3.2236576080322266,False,0.0,0,1,1774183453210,1774183453210,0
2026-03-22T07:44:18.716698,2098,0,27,3.6563873291015625,False,0.0,0,1,1774183458716,1774183458716,0
2026-03-22T07:44:24.362827,2099,0,28,9.010553359985352,False,0.0,0,1,1774183464362,1774183464362,0
2026-03-22T07:44:31.011925,2099,100,428,2.1555423736572266,False,0.0,0,1,1774183471011,1774183471011,0
2026-03-22T07:44:37.666905,2099,200,828,2.1207332611083984,False,0.0,0,1,1774183477666,1774183477666,0
2026-03-22T07:44:44.323041,2099,300,1228,2.0711421966552734,False,0.0,0,1,1774183484323,1774183484323,0
2026-03-22T07:44:48.999237,2100,0,27,3.351926803588867,False,0.0,0,1,1774183488999,1774183488999,0
2026-03-22T07:44:55.659596,2100,100,427,7.74836540222168,False,0.0,0,1,1774183495659,1774183495659,0
2026-03-22T07:45:02.315630,2100,200,827,8.629083633422852,False,0.0,0,1,1774183502315,1774183502315,0
2026-03-22T07:45:08.972635,2100,300,1227,10.123252868652344,False,0.0,0,1,1774183508972,1774183508972,0
2026-03-22T07:45:15.639205,2100,400,1627,3.1423568725585938,False,0.0,0,1,1774183515639,1774183515639,0
2026-03-22T07:45:22.311001,2100,500,2027,3.0117034912109375,False,0.0,0,1,1774183522310,1774183522310,0
2026-03-22T07:45:30.899216,2101,0,27,5.948305130004883,False,0.0,0,1,1774183530899,1774183530899,0
2026-03-22T07:45:37.553162,2101,100,427,4.32276725769043,False,0.0,0,1,1774183537553,1774183537553,0
2026-03-22T07:45:44.231826,2101,200,827,10.924816131591797,False,0.0,0,1,1774183544231,1774183544231,0
2026-03-22T07:45:50.879682,2101,300,1227,2.9489994049072266,False,0.0,0,1,1774183550879,1774183550879,0
2026-03-22T07:45:54.459899,2102,0,27,5.410432815551758,False,0.0,0,1,1774183554459,1774183554459,0
2026-03-22T07:46:01.118043,2102,100,427,6.644010543823242,False,0.0,0,1,1774183561118,1774183561118,0
2026-03-22T07:46:07.776184,2102,200,827,9.911775588989258,False,0.0,0,1,1774183567776,1774183567776,0
2026-03-22T07:46:14.427471,2102,300,1227,1.8062591552734375,False,0.0,0,1,1774183574427,1774183574427,0
2026-03-22T07:46:19.698525,2103,0,27,3.291606903076172,False,0.0,0,1,1774183579698,1774183579698,0
2026-03-22T07:46:26.353699,2103,100,427,2.2020339965820312,False,0.0,0,1,1774183586353,1774183586353,0
2026-03-22T07:46:33.024623,2103,200,827,1.1801719665527344,False,0.0,0,1,1774183593024,1774183593024,0
2026-03-22T07:46:38.722530,2104,0,27,3.5877227783203125,False,0.0,0,1,1774183598722,1774183598722,0
2026-03-22T07:46:45.389236,2104,100,427,2.7704238891601562,False,0.0,0,1,1774183605389,1774183605389,0
2026-03-22T07:46:52.062975,2104,200,827,3.5829544067382812,False,0.0,0,1,1774183612062,1774183612062,0
2026-03-22T07:47:01.113919,2105,0,27,2.645730972290039,False,0.0,0,1,1774183621113,1774183621113,0
2026-03-22T07:47:07.779921,2105,100,427,12.156963348388672,False,0.0,0,1,1774183627779,1774183627779,0
2026-03-22T07:47:14.454537,2105,200,827,11.556863784790039,False,0.0,0,1,1774183634454,1774183634454,0
2026-03-22T07:47:21.065171,2105,300,1224,18.380403518676758,False,0.0,0,1,1774183641065,1774183641065,0
2026-03-22T07:47:24.014631,2106,0,27,6.447553634643555,False,0.0,0,1,1774183644014,1774183644014,0
2026-03-22T07:47:30.680513,2106,100,427,2.294778823852539,False,0.0,0,1,1774183650680,1774183650680,0
2026-03-22T07:47:37.353138,2106,200,827,2.4209022521972656,False,0.0,0,1,1774183657353,1774183657353,0
2026-03-22T07:47:45.670118,2107,0,28,0.9229183197021484,False,0.0,0,1,1774183665670,1774183665670,0
2026-03-22T07:47:52.327155,2107,100,428,2.1038055419921875,False,0.0,0,1,1774183672327,1774183672327,0
2026-03-22T07:47:59.007586,2107,200,828,9.042978286743164,False,0.0,0,1,1774183679007,1774183679007,0
2026-03-22T07:48:06.993029,2108,0,27,4.943132400512695,False,0.0,0,1,1774183686993,1774183686993,0
2026-03-22T07:48:10.958623,2109,0,27,12.408256530761719,False,0.0,0,1,1774183690958,1774183690958,0
2026-03-22T07:48:17.622356,2109,100,427,3.0601024627685547,False,0.0,0,1,1774183697622,1774183697622,0
2026-03-22T07:48:24.304344,2109,200,827,12.685060501098633,False,0.0,0,1,1774183704304,1774183704304,0
2026-03-22T07:48:29.794351,2110,0,26,1.0447502136230469,False,0.0,0,1,1774183709794,1774183709794,0
2026-03-22T07:48:33.479969,2111,0,27,2.186298370361328,False,0.0,0,1,1774183713479,1774183713479,0
2026-03-22T07:48:40.139471,2111,100,427,9.48333740234375,False,0.0,0,1,1774183720139,1774183720139,0
2026-03-22T07:48:44.369717,2112,0,27,5.819559097290039,False,0.0,0,1,1774183724369,1774183724369,0
2026-03-22T07:48:51.020570,2112,100,427,8.975744247436523,False,0.0,0,1,1774183731020,1774183731020,0
2026-03-22T07:48:52.423887,2113,0,28,13.864755630493164,False,0.0,0,1,1774183732423,1774183732423,0
2026-03-22T07:48:55.624174,2114,0,27,12.187957763671875,False,0.0,0,1,1774183735624,1774183735624,0
2026-03-22T07:49:02.279714,2114,100,427,1.8398761749267578,False,0.0,0,1,1774183742279,1774183742279,0
2026-03-22T07:49:08.955917,2114,200,827,6.446361541748047,False,0.0,0,1,1774183748955,1774183748955,0
2026-03-22T07:49:15.607384,2114,300,1227,1.4681816101074219,False,0.0,0,1,1774183755607,1774183755607,0
2026-03-22T07:49:16.995570,2115,0,27,10.006904602050781,False,0.0,0,1,1774183756995,1774183756995,0
2026-03-22T07:49:20.822730,2116,0,27,6.705999374389648,False,0.0,0,1,1774183760822,1774183760822,0
2026-03-22T07:49:27.486729,2116,100,427,2.205371856689453,False,0.0,0,1,1774183767486,1774183767486,0
2026-03-22T07:49:30.301345,2117,0,28,1.8222332000732422,False,0.0,0,1,1774183770301,1774183770301,0
2026-03-22T07:49:33.582901,2118,0,27,2.4933815002441406,False,0.0,0,1,1774183773582,1774183773582,0
2026-03-22T07:49:40.255412,2118,100,427,8.441925048828125,False,0.0,0,1,1774183780255,1774183780255,0
2026-03-22T07:49:46.911493,2118,200,827,9.865999221801758,False,0.0,0,1,1774183786911,1774183786911,0
2026-03-22T07:49:54.232844,2119,0,27,4.852533340454102,False,0.0,0,1,1774183794232,1774183794232,0
2026-03-22T07:50:00.881080,2119,100,427,1.859903335571289,False,0.0,0,1,1774183800881,1774183800881,0
2026-03-22T07:50:07.546512,2119,200,827,11.547565460205078,False,0.0,0,1,1774183807546,1774183807546,0
2026-03-22T07:50:09.488633,2120,0,26,2.738475799560547,False,0.0,0,1,1774183809488,1774183809488,0
2026-03-22T07:50:16.139317,2120,100,426,2.1049976348876953,False,0.0,0,1,1774183816139,1774183816139,0
2026-03-22T07:50:22.802692,2120,200,826,10.138273239135742,False,0.0,0,1,1774183822802,1774183822802,0
2026-03-22T07:50:29.457727,2120,300,1226,9.922981262207031,False,0.0,0,1,1774183829457,1774183829457,0
2026-03-22T07:50:34.412030,2121,0,26,0.843048095703125,False,0.0,0,1,1774183834412,1774183834412,0
2026-03-22T07:50:41.064729,2121,100,426,2.1238327026367188,False,0.0,0,1,1774183841064,1774183841064,0
2026-03-22T07:50:47.737279,2121,200,826,1.8215179443359375,False,0.0,0,1,1774183847737,1774183847737,0
2026-03-22T07:50:52.910675,2122,0,27,0.9279251098632812,False,0.0,0,1,1774183852910,1774183852910,0
2026-03-22T07:50:59.596443,2122,100,427,13.273954391479492,False,0.0,0,1,1774183859596,1774183859596,0
2026-03-22T07:51:06.240366,2122,200,827,2.954244613647461,False,0.0,0,1,1774183866240,1774183866240,0
2026-03-22T07:51:12.895376,2122,300,1227,2.1049976348876953,False,0.0,0,1,1774183872895,1774183872895,0
2026-03-22T07:51:16.492175,2123,0,27,3.817319869995117,False,0.0,0,1,1774183876492,1774183876492,0
2026-03-22T07:51:23.160465,2123,100,427,1.8146038055419922,False,0.0,0,1,1774183883160,1774183883160,0
2026-03-22T07:51:29.833851,2123,200,827,2.262592315673828,False,0.0,0,1,1774183889833,1774183889833,0
2026-03-22T07:51:33.854000,2124,0,26,5.821704864501953,False,0.0,0,1,1774183893853,1774183893853,0
2026-03-22T07:51:37.579243,2125,0,28,2.3872852325439453,False,0.0,0,1,1774183897579,1774183897579,0
2026-03-22T07:51:42.246641,2126,0,27,2.578258514404297,False,0.0,0,1,1774183902246,1774183902246,0
2026-03-22T07:51:48.911096,2126,100,427,10.964632034301758,False,0.0,0,1,1774183908911,1774183908911,0
2026-03-22T07:51:51.070378,2127,0,27,7.8983306884765625,False,0.0,0,1,1774183911070,1774183911070,0
2026-03-22T07:51:57.748151,2127,100,427,12.305021286010742,False,0.0,0,1,1774183917748,1774183917748,0
2026-03-22T07:52:04.417400,2127,200,827,10.436534881591797,False,0.0,0,1,1774183924417,1774183924417,0
2026-03-22T07:52:11.065147,2127,300,1227,1.9402503967285156,False,0.0,0,1,1774183931065,1774183931065,0
2026-03-22T07:52:17.728996,2127,400,1627,9.60993766784668,False,0.0,0,1,1774183937728,1774183937728,0
2026-03-22T07:52:25.392497,2128,0,27,0.9746551513671875,False,0.0,0,1,1774183945392,1774183945392,0
2026-03-22T07:52:32.051166,2128,100,427,3.7431716918945312,False,0.0,0,1,1774183952051,1774183952051,0
2026-03-22T07:52:38.730765,2128,200,827,13.415098190307617,False,0.0,0,1,1774183958730,1774183958730,0
2026-03-22T07:52:47.421615,2129,0,26,2.5146007537841797,False,0.0,0,1,1774183967421,1774183967421,0
2026-03-22T07:52:51.465520,2130,0,27,1.8360614776611328,False,0.0,0,1,1774183971465,1774183971465,0
2026-03-22T07:52:58.154465,2130,100,427,1.7063617706298828,False,0.0,0,1,1774183978154,1774183978154,0
2026-03-22T07:53:01.477053,2131,0,27,14.475822448730469,False,0.0,0,1,1774183981477,1774183981477,0
2026-03-22T07:53:07.575014,2132,0,28,1.973867416381836,False,0.0,0,1,1774183987575,1774183987575,0
2026-03-22T07:53:10.933106,2133,0,26,2.3097991943359375,False,0.0,0,1,1774183990933,1774183990933,0
2026-03-22T07:53:16.008803,2134,0,27,1.8908977508544922,False,0.0,0,1,1774183996008,1774183996008,0
2026-03-22T07:53:22.664565,2134,100,427,2.5429725646972656,False,0.0,0,1,1774184002664,1774184002664,0
2026-03-22T07:53:29.320067,2134,200,827,1.8913745880126953,False,0.0,0,1,1774184009320,1774184009320,0
2026-03-22T07:53:36.689829,2135,0,26,1.3556480407714844,False,0.0,0,1,1774184016689,1774184016689,0
2026-03-22T07:53:43.345598,2135,100,426,2.6781558990478516,False,0.0,0,1,1774184023345,1774184023345,0
2026-03-22T07:53:50.001086,2135,200,826,2.0971298217773438,False,0.0,0,1,1774184030001,1774184030001,0
2026-03-22T07:53:56.656475,2135,300,1226,1.9981861114501953,False,0.0,0,1,1774184036656,1774184036656,0
2026-03-22T07:54:03.312619,2135,400,1626,2.124309539794922,False,0.0,0,1,1774184043312,1774184043312,0
2026-03-22T07:54:07.838602,2136,0,26,2.462625503540039,False,0.0,0,1,1774184047838,1774184047838,0
2026-03-22T07:54:10.938101,2137,0,27,2.2325515747070312,False,0.0,0,1,1774184050938,1774184050938,0
2026-03-22T07:54:17.616790,2137,100,427,12.1307373046875,False,0.0,0,1,1774184057616,1774184057616,0
2026-03-22T07:54:21.865085,2138,0,27,1.9497871398925781,False,0.0,0,1,1774184061865,1774184061865,0
2026-03-22T07:54:25.360181,2139,0,27,2.4704933166503906,False,0.0,0,1,1774184065360,1774184065360,0
2026-03-22T07:54:31.197564,2140,0,27,9.860992431640625,False,0.0,0,1,1774184071197,1774184071197,0
2026-03-22T07:54:37.837505,2140,100,427,1.9118785858154297,False,0.0,0,1,1774184077837,1774184077837,0
2026-03-22T07:54:44.520692,2140,200,827,11.28077507019043,False,0.0,0,1,1774184084520,1774184084520,0
2026-03-22T07:54:51.183068,2141,0,27,2.5033950805664062,False,0.0,0,1,1774184091183,1774184091183,0
2026-03-22T07:54:55.027540,2142,0,28,1.668691635131836,False,0.0,0,1,1774184095027,1774184095027,0
2026-03-22T07:54:59.987454,2143,0,27,2.2509098052978516,False,0.0,0,1,1774184099987,1774184099987,0
2026-03-22T07:55:04.465865,2144,0,27,1.911163330078125,False,0.0,0,1,1774184104465,1774184104465,0
2026-03-22T07:55:10.064757,2145,0,27,12.825965881347656,False,0.0,0,1,1774184110064,1774184110064,0
2026-03-22T07:55:16.723612,2145,100,427,2.4437904357910156,False,0.0,0,1,1774184116723,1774184116723,0
2026-03-22T07:55:23.398390,2145,200,827,3.0384063720703125,False,0.0,0,1,1774184123398,1774184123398,0
2026-03-22T07:55:32.737285,2146,0,27,3.6275386810302734,False,0.0,0,1,1774184132737,1774184132737,0
2026-03-22T07:55:39.395949,2146,100,427,9.943246841430664,False,0.0,0,1,1774184139395,1774184139395,0
2026-03-22T07:55:46.049861,2146,200,827,9.85097885131836,False,0.0,0,1,1774184146049,1774184146049,0
2026-03-22T07:55:51.472583,2147,0,27,0.9963512420654297,False,0.0,0,1,1774184151472,1774184151472,0
2026-03-22T07:55:58.145653,2147,100,427,8.861064910888672,False,0.0,0,1,1774184158145,1774184158145,0
2026-03-22T07:55:59.093293,2148,0,27,3.9167404174804688,False,0.0,0,1,1774184159093,1774184159093,0
2026-03-22T07:56:05.767640,2148,100,427,10.739326477050781,False,0.0,0,1,1774184165767,1774184165767,0
2026-03-22T07:56:12.424006,2148,200,827,11.076927185058594,False,0.0,0,1,1774184172424,1774184172424,0
2026-03-22T07:56:19.071166,2148,300,1227,2.8302669525146484,False,0.0,0,1,1774184179071,1774184179071,0
2026-03-22T07:56:26.523800,2149,0,26,0.9288787841796875,False,0.0,0,1,1774184186523,1774184186523,0
2026-03-22T07:56:30.474622,2150,0,27,8.283615112304688,False,0.0,0,1,1774184190474,1774184190474,0
2026-03-22T07:56:35.915242,2151,0,28,2.1414756774902344,False,0.0,0,1,1774184195915,1774184195915,0
2026-03-22T07:56:42.583509,2151,100,428,2.2957324981689453,False,0.0,0,1,1774184202583,1774184202583,0
2026-03-22T07:56:49.236862,2151,200,828,1.8680095672607422,False,0.0,0,1,1774184209236,1774184209236,0
2026-03-22T07:56:55.892649,2151,300,1228,2.114534378051758,False,0.0,0,1,1774184215892,1774184215892,0
2026-03-22T07:57:01.167332,2152,0,27,2.588033676147461,False,0.0,0,1,1774184221167,1774184221167,0
2026-03-22T07:57:07.842779,2152,100,427,5.895376205444336,False,0.0,0,1,1774184227842,1774184227842,0
2026-03-22T07:57:14.512753,2152,200,827,2.2699832916259766,False,0.0,0,1,1774184234512,1774184234512,0
2026-03-22T07:57:17.148834,2153,0,28,2.3756027221679688,False,0.0,0,1,1774184237148,1774184237148,0
2026-03-22T07:57:23.797136,2153,100,428,2.5734901428222656,False,0.0,0,1,1774184243797,1774184243797,0
2026-03-22T07:57:31.532230,2154,0,27,0.8928775787353516,False,0.0,0,1,1774184251532,1774184251532,0
2026-03-22T07:57:38.190292,2154,100,427,2.3741722106933594,False,0.0,0,1,1774184258190,1774184258190,0
2026-03-22T07:57:44.873286,2154,200,827,13.650178909301758,False,0.0,0,1,1774184264873,1774184264873,0
2026-03-22T07:57:53.230189,2155,0,27,0.9176731109619141,False,0.0,0,1,1774184273230,1774184273230,0
2026-03-22T07:57:59.905037,2155,100,427,3.3774375915527344,False,0.0,0,1,1774184279905,1774184279905,0
2026-03-22T07:58:06.567469,2155,200,827,10.351419448852539,False,0.0,0,1,1774184286567,1774184286567,0
2026-03-22T07:58:13.223450,2155,300,1227,9.982824325561523,False,0.0,0,1,1774184293223,1774184293223,0
2026-03-22T07:58:22.664218,2156,0,27,1.1043548583984375,False,0.0,0,1,1774184302664,1774184302664,0
2026-03-22T07:58:29.332403,2156,100,427,10.268688201904297,False,0.0,0,1,1774184309332,1774184309332,0
2026-03-22T07:58:35.977232,2156,200,827,2.2454261779785156,False,0.0,0,1,1774184315977,1774184315977,0
2026-03-22T07:58:42.633581,2156,300,1227,2.9363632202148438,False,0.0,0,1,1774184322633,1774184322633,0
2026-03-22T07:58:49.239476,2157,0,26,2.6674270629882812,False,0.0,0,1,1774184329239,1774184329239,0
2026-03-22T07:58:53.616345,2158,0,27,2.405881881713867,False,0.0,0,1,1774184333616,1774184333616,0
2026-03-22T07:59:00.286668,2158,100,427,1.7423629760742188,False,0.0,0,1,1774184340286,1774184340286,0
2026-03-22T07:59:07.224879,2159,0,27,2.337217330932617,False,0.0,0,1,1774184347224,1774184347224,0
2026-03-22T07:59:13.896896,2159,100,427,1.7082691192626953,False,0.0,0,1,1774184353896,1774184353896,0
2026-03-22T07:59:15.641042,2160,0,27,13.65804672241211,False,0.0,0,1,1774184355641,1774184355641,0
2026-03-22T07:59:20.534328,2161,0,27,0.8151531219482422,False,0.0,0,1,1774184360534,1774184360534,0
2026-03-22T07:59:27.191213,2161,100,427,1.8851757049560547,False,0.0,0,1,1774184367191,1774184367191,0
2026-03-22T07:59:33.848006,2161,200,827,1.8613338470458984,False,0.0,0,1,1774184373848,1774184373848,0
2026-03-22T07:59:40.508508,2161,300,1227,7.840156555175781,False,0.0,0,1,1774184380508,1774184380508,0
2026-03-22T07:59:45.099183,2162,0,27,0.99945068359375,False,0.0,0,1,1774184385099,1774184385099,0
2026-03-22T07:59:48.537792,2163,0,28,8.275508880615234,False,0.0,0,1,1774184388537,1774184388537,0
2026-03-22T07:59:55.209386,2163,100,428,11.052608489990234,False,0.0,0,1,1774184395209,1774184395209,0
2026-03-22T08:00:01.873499,2163,200,828,2.7146339416503906,False,0.0,0,1,1774184401873,1774184401873,0
2026-03-22T08:00:08.527939,2163,300,1228,1.5554428100585938,False,0.0,0,1,1774184408527,1774184408527,0
2026-03-22T08:00:15.199962,2163,400,1628,1.8277168273925781,False,0.0,0,1,1774184415199,1774184415199,0
2026-03-22T08:00:21.882268,2163,500,2028,10.553121566772461,False,0.0,0,1,1774184421882,1774184421882,0
2026-03-22T08:00:30.965482,2164,0,27,3.3118724822998047,False,0.0,0,1,1774184430965,1774184430965,0
2026-03-22T08:00:37.613394,2164,100,427,2.2542476654052734,False,0.0,0,1,1774184437613,1774184437613,0
2026-03-22T08:00:44.287564,2164,200,827,2.672910690307617,False,0.0,0,1,1774184444287,1774184444287,0
2026-03-22T08:00:51.572194,2165,0,27,0.7512569427490234,False,0.0,0,1,1774184451572,1774184451572,0
2026-03-22T08:00:56.636757,2166,0,28,1.9960403442382812,False,0.0,0,1,1774184456636,1774184456636,0
2026-03-22T08:01:03.304990,2166,100,428,1.5301704406738281,False,0.0,0,1,1774184463304,1774184463304,0
2026-03-22T08:01:09.993469,2166,200,828,2.075672149658203,False,0.0,0,1,1774184469993,1774184469993,0
2026-03-22T08:01:16.648802,2166,300,1228,2.6388168334960938,False,0.0,0,1,1774184476648,1774184476648,0
2026-03-22T08:01:25.308726,2167,0,27,2.911090850830078,False,0.0,0,1,1774184485308,1774184485308,0
2026-03-22T08:01:31.957886,2167,100,427,2.539396286010742,False,0.0,0,1,1774184491957,1774184491957,0
2026-03-22T08:01:38.624697,2167,200,827,10.476827621459961,False,0.0,0,1,1774184498624,1774184498624,0
2026-03-22T08:01:45.276554,2167,300,1227,10.536670684814453,False,0.0,0,1,1774184505276,1774184505276,0
2026-03-22T08:01:49.744126,2168,0,28,1.3060569763183594,False,0.0,0,1,1774184509744,1774184509744,0
2026-03-22T08:01:53.587268,2169,0,27,1.9237995147705078,False,0.0,0,1,1774184513587,1774184513587,0
2026-03-22T08:02:00.259366,2169,100,427,1.7848014831542969,False,0.0,0,1,1774184520259,1774184520259,0
2026-03-22T08:02:01.960206,2170,0,28,2.078533172607422,False,0.0,0,1,1774184521960,1774184521960,0
2026-03-22T08:02:08.630500,2170,100,428,2.2339820861816406,False,0.0,0,1,1774184528630,1774184528630,0
2026-03-22T08:02:15.301367,2170,200,828,2.4824142456054688,False,0.0,0,1,1774184535301,1774184535301,0
2026-03-22T08:02:21.956697,2170,300,1228,2.4459362030029297,False,0.0,0,1,1774184541956,1774184541956,0
2026-03-22T08:02:27.953260,2171,0,27,7.706880569458008,False,0.0,0,1,1774184547953,1774184547953,0
2026-03-22T08:02:33.505497,2172,0,28,2.329111099243164,False,0.0,0,1,1774184553505,1774184553505,0
2026-03-22T08:02:39.001549,2173,0,28,7.476329803466797,False,0.0,0,1,1774184559001,1774184559001,0
2026-03-22T08:02:45.651734,2173,100,428,2.213001251220703,False,0.0,0,1,1774184565651,1774184565651,0
2026-03-22T08:02:46.838634,2174,0,27,7.578134536743164,False,0.0,0,1,1774184566838,1774184566838,0
2026-03-22T08:02:53.487746,2174,100,427,1.88446044921875,False,0.0,0,1,1774184573487,1774184573487,0
2026-03-22T08:03:00.795117,2175,0,27,0.6396770477294922,False,0.0,0,1,1774184580795,1774184580795,0
2026-03-22T08:03:07.448226,2175,100,427,1.7919540405273438,False,0.0,0,1,1774184587448,1774184587448,0
2026-03-22T08:03:14.120604,2175,200,827,1.8150806427001953,False,0.0,0,1,1774184594120,1774184594120,0
2026-03-22T08:03:20.778308,2175,300,1227,3.3185482025146484,False,0.0,0,1,1774184600778,1774184600778,0
2026-03-22T08:03:22.706001,2176,0,27,11.478185653686523,False,0.0,0,1,1774184602705,1774184602705,0
2026-03-22T08:03:29.378515,2176,100,427,1.9237995147705078,False,0.0,0,1,1774184609378,1774184609378,0
2026-03-22T08:03:36.040153,2176,200,827,6.67262077331543,False,0.0,0,1,1774184616040,1774184616040,0
2026-03-22T08:03:42.794451,2176,300,1227,1.966238021850586,False,0.0,0,1,1774184622794,1774184622794,0
2026-03-22T08:03:51.971060,2177,0,27,1.0166168212890625,False,0.0,0,1,1774184631971,1774184631971,0
2026-03-22T08:03:58.625315,2177,100,427,10.108470916748047,False,0.0,0,1,1774184638625,1774184638625,0
2026-03-22T08:04:00.188667,2178,0,27,8.801937103271484,False,0.0,0,1,1774184640188,1774184640188,0
2026-03-22T08:04:06.859912,2178,100,427,8.517265319824219,False,0.0,0,1,1774184646859,1774184646859,0
2026-03-22T08:04:13.509858,2178,200,827,2.8183460235595703,False,0.0,0,1,1774184653509,1774184653509,0
2026-03-22T08:04:20.165928,2178,300,1227,2.030611038208008,False,0.0,0,1,1774184660165,1774184660165,0
2026-03-22T08:04:26.830635,2178,400,1627,10.101556777954102,False,0.0,0,1,1774184666830,1774184666830,0
2026-03-22T08:04:31.523930,2179,0,26,2.5093555450439453,False,0.0,0,1,1774184671523,1774184671523,0
2026-03-22T08:04:34.931980,2180,0,27,2.0754337310791016,False,0.0,0,1,1774184674931,1774184674931,0
2026-03-22T08:04:41.367688,2181,0,26,0.6914138793945312,False,0.0,0,1,1774184681367,1774184681367,0
2026-03-22T08:04:48.026488,2181,100,426,8.386373519897461,False,0.0,0,1,1774184688026,1774184688026,0
2026-03-22T08:04:54.686143,2181,200,826,9.605646133422852,False,0.0,0,1,1774184694686,1774184694686,0
2026-03-22T08:05:01.337691,2181,300,1226,9.813308715820312,False,0.0,0,1,1774184701337,1774184701337,0
2026-03-22T08:05:05.711938,2182,0,27,2.877950668334961,False,0.0,0,1,1774184705711,1774184705711,0
2026-03-22T08:05:12.391722,2182,100,427,13.336181640625,False,0.0,0,1,1774184712391,1774184712391,0
2026-03-22T08:05:19.034754,2182,200,827,2.264738082885742,False,0.0,0,1,1774184719034,1774184719034,0
2026-03-22T08:05:25.691469,2182,300,1227,2.878904342651367,False,0.0,0,1,1774184725691,1774184725691,0
2026-03-22T08:05:32.362255,2182,400,1627,2.0873546600341797,False,0.0,0,1,1774184732362,1774184732362,0
2026-03-22T08:05:38.731377,2183,0,26,3.8814544677734375,False,0.0,0,1,1774184738731,1774184738731,0
2026-03-22T08:05:45.398335,2183,100,426,8.811473846435547,False,0.0,0,1,1774184745398,1774184745398,0
2026-03-22T08:05:52.056013,2183,200,826,11.675357818603516,False,0.0,0,1,1774184752056,1774184752056,0
2026-03-22T08:05:58.702970,2183,300,1226,2.9578208923339844,False,0.0,0,1,1774184758702,1774184758702,0
2026-03-22T08:06:07.225293,2184,0,27,0.8189678192138672,False,0.0,0,1,1774184767225,1774184767225,0
2026-03-22T08:06:14.110040,2185,0,27,1.8684864044189453,False,0.0,0,1,1774184774110,1774184774110,0
2026-03-22T08:06:20.249289,2186,0,27,1.5981197357177734,False,0.0,0,1,1774184780249,1774184780249,0
2026-03-22T08:06:26.106736,2187,0,28,1.8203258514404297,False,0.0,0,1,1774184786106,1774184786106,0
2026-03-22T08:06:32.771227,2187,100,428,10.794401168823242,False,0.0,0,1,1774184792771,1774184792771,0
2026-03-22T08:06:39.417147,2187,200,828,1.7714500427246094,False,0.0,0,1,1774184799417,1774184799417,0
2026-03-22T08:06:42.956069,2188,0,26,12.804031372070312,False,0.0,0,1,1774184802956,1774184802956,0
2026-03-22T08:06:49.625101,2188,100,426,10.067939758300781,False,0.0,0,1,1774184809625,1774184809625,0
2026-03-22T08:06:56.298542,2188,200,826,10.351181030273438,False,0.0,0,1,1774184816298,1774184816298,0
2026-03-22T08:07:02.950647,2188,300,1226,7.839441299438477,False,0.0,0,1,1774184822950,1774184822950,0
2026-03-22T08:07:09.601263,2188,400,1626,2.4094581604003906,False,0.0,0,1,1774184829601,1774184829601,0
2026-03-22T08:07:15.029279,2189,0,27,0.7677078247070312,False,0.0,0,1,1774184835029,1774184835029,0
2026-03-22T08:07:21.684313,2189,100,427,2.454042434692383,False,0.0,0,1,1774184841684,1774184841684,0
2026-03-22T08:07:28.345298,2189,200,827,11.101007461547852,False,0.0,0,1,1774184848345,1774184848345,0
2026-03-22T08:07:32.064966,2190,0,27,2.653837203979492,False,0.0,0,1,1774184852064,1774184852064,0
2026-03-22T08:07:38.720763,2190,100,427,2.2695064544677734,False,0.0,0,1,1774184858720,1774184858720,0
2026-03-22T08:07:45.375610,2190,200,827,2.9573440551757812,False,0.0,0,1,1774184865375,1774184865375,0
2026-03-22T08:07:52.039436,2190,300,1227,8.826732635498047,False,0.0,0,1,1774184872039,1774184872039,0
2026-03-22T08:07:58.695998,2190,400,1627,11.336326599121094,False,0.0,0,1,1774184878695,1774184878695,0
2026-03-22T08:08:05.359101,2190,500,2027,2.077817916870117,False,0.0,0,1,1774184885359,1774184885359,0
2026-03-22T08:08:10.032408,2191,0,26,1.007080078125,False,0.0,0,1,1774184890032,1774184890032,0
2026-03-22T08:08:16.693107,2191,100,426,6.188154220581055,False,0.0,0,1,1774184896693,1774184896693,0
2026-03-22T08:08:24.281197,2192,0,27,1.1777877807617188,False,0.0,0,1,1774184904281,1774184904281,0
2026-03-22T08:08:28.830436,2193,0,27,8.59832763671875,False,0.0,0,1,1774184908830,1774184908830,0
2026-03-22T08:08:32.531376,2194,0,27,1.7094612121582031,False,0.0,0,1,1774184912531,1774184912531,0
2026-03-22T08:08:39.187003,2194,100,427,1.9803047180175781,False,0.0,0,1,1774184919187,1774184919187,0
2026-03-22T08:08:45.852774,2194,200,827,13.561725616455078,False,0.0,0,1,1774184925852,1774184925852,0
2026-03-22T08:08:54.892311,2195,0,27,0.7674694061279297,False,0.0,0,1,1774184934892,1774184934892,0
2026-03-22T08:09:01.561223,2195,100,427,12.712717056274414,False,0.0,0,1,1774184941561,1774184941561,0
2026-03-22T08:09:08.205939,2195,200,827,2.0055770874023438,False,0.0,0,1,1774184948205,1774184948205,0
2026-03-22T08:09:12.761550,2196,0,27,0.8029937744140625,False,0.0,0,1,1774184952761,1774184952761,0
2026-03-22T08:09:19.424667,2196,100,427,8.007287979125977,False,0.0,0,1,1774184959424,1774184959424,0
2026-03-22T08:09:22.897317,2197,0,27,2.5932788848876953,False,0.0,0,1,1774184962897,1774184962897,0
2026-03-22T08:09:27.796145,2198,0,27,9.292125701904297,False,0.0,0,1,1774184967796,1774184967796,0
2026-03-22T08:09:34.461428,2198,100,427,1.992940902709961,False,0.0,0,1,1774184974461,1774184974461,0
2026-03-22T08:09:35.685806,2199,0,28,10.117292404174805,False,0.0,0,1,1774184975685,1774184975685,0
2026-03-22T08:09:42.352400,2199,100,428,7.149457931518555,False,0.0,0,1,1774184982352,1774184982352,0
2026-03-22T08:09:49.010043,2199,200,828,8.771657943725586,False,0.0,0,1,1774184989010,1774184989010,0
2026-03-22T08:09:55.670064,2199,300,1228,12.46953010559082,False,0.0,0,1,1774184995670,1774184995670,0
2026-03-22T08:10:00.270707,2200,0,27,2.7132034301757812,False,0.0,0,1,1774185000270,1774185000270,0
2026-03-22T08:10:06.931517,2200,100,427,9.44828987121582,False,0.0,0,1,1774185006931,1774185006931,0
2026-03-22T08:10:13.604675,2200,200,827,11.491537094116211,False,0.0,0,1,1774185013604,1774185013604,0
2026-03-22T08:10:20.251503,2200,300,1227,2.3446083068847656,False,0.0,0,1,1774185020251,1774185020251,0
2026-03-22T08:10:29.223481,2201,0,27,5.944967269897461,False,0.0,0,1,1774185029223,1774185029223,0
2026-03-22T08:10:33.185475,2202,0,27,7.196187973022461,False,0.0,0,1,1774185033185,1774185033185,0
2026-03-22T08:10:37.511782,2203,0,28,1.3072490692138672,False,0.0,0,1,1774185037511,1774185037511,0
2026-03-22T08:10:44.161859,2203,100,428,2.1772384643554688,False,0.0,0,1,1774185044161,1774185044161,0
2026-03-22T08:10:49.730119,2204,0,28,12.428522109985352,False,0.0,0,1,1774185049730,1774185049730,0
2026-03-22T08:10:54.263118,2205,0,27,2.5076866149902344,False,0.0,0,1,1774185054263,1774185054263,0
2026-03-22T08:11:00.935665,2205,100,427,2.131938934326172,False,0.0,0,1,1774185060935,1774185060935,0
2026-03-22T08:11:07.607696,2205,200,827,2.0644664764404297,False,0.0,0,1,1774185067607,1774185067607,0
2026-03-22T08:11:14.280815,2205,300,1227,2.0704269409179688,False,0.0,0,1,1774185074280,1774185074280,0
2026-03-22T08:11:22.030850,2206,0,27,0.8099079132080078,False,0.0,0,1,1774185082030,1774185082030,0
2026-03-22T08:11:28.698950,2206,100,427,11.592388153076172,False,0.0,0,1,1774185088698,1774185088698,0
2026-03-22T08:11:35.345748,2206,200,827,2.096891403198242,False,0.0,0,1,1774185095345,1774185095345,0
2026-03-22T08:11:40.433426,2207,0,26,13.425350189208984,False,0.0,0,1,1774185100433,1774185100433,0
2026-03-22T08:11:44.212150,2208,0,27,2.119779586791992,False,0.0,0,1,1774185104212,1774185104212,0
2026-03-22T08:11:49.912000,2209,0,27,10.527372360229492,False,0.0,0,1,1774185109911,1774185109911,0
2026-03-22T08:11:54.509652,2210,0,28,12.98975944519043,False,0.0,0,1,1774185114509,1774185114509,0
2026-03-22T08:12:01.156439,2210,100,428,1.8262863159179688,False,0.0,0,1,1774185121156,1774185121156,0
2026-03-22T08:12:07.806146,2210,200,828,2.512216567993164,False,0.0,0,1,1774185127806,1774185127806,0
2026-03-22T08:12:11.199410,2211,0,27,10.592460632324219,False,0.0,0,1,1774185131199,1774185131199,0
2026-03-22T08:12:17.974508,2212,0,27,2.593994140625,False,0.0,0,1,1774185137974,1774185137974,0
2026-03-22T08:12:24.647937,2212,100,427,2.5665760040283203,False,0.0,0,1,1774185144647,1774185144647,0
2026-03-22T08:12:31.302781,2212,200,827,2.207517623901367,False,0.0,0,1,1774185151302,1774185151302,0
2026-03-22T08:12:37.961367,2212,300,1227,6.743192672729492,False,0.0,0,1,1774185157961,1774185157961,0
2026-03-22T08:12:44.089674,2213,0,27,0.8585453033447266,False,0.0,0,1,1774185164089,1774185164089,0
2026-03-22T08:12:50.749907,2213,100,427,12.006282806396484,False,0.0,0,1,1774185170749,1774185170749,0
2026-03-22T08:12:57.391439,2213,200,827,1.3005733489990234,False,0.0,0,1,1774185177391,1774185177391,0
2026-03-22T08:13:05.541995,2214,0,26,0.7233619689941406,False,0.0,0,1,1774185185541,1774185185541,0
2026-03-22T08:13:12.200233,2214,100,426,2.0089149475097656,False,0.0,0,1,1774185192200,1774185192200,0
2026-03-22T08:13:18.855168,2214,200,826,2.706289291381836,False,0.0,0,1,1774185198855,1774185198855,0
2026-03-22T08:13:25.578197,2215,0,27,2.1677017211914062,False,0.0,0,1,1774185205578,1774185205578,0
2026-03-22T08:13:32.233087,2215,100,427,1.6584396362304688,False,0.0,0,1,1774185212233,1774185212233,0
2026-03-22T08:13:38.888126,2215,200,827,2.103090286254883,False,0.0,0,1,1774185218888,1774185218888,0
2026-03-22T08:13:41.529922,2216,0,27,12.43734359741211,False,0.0,0,1,1774185221529,1774185221529,0
2026-03-22T08:13:48.182265,2216,100,427,11.651039123535156,False,0.0,0,1,1774185228182,1774185228182,0
2026-03-22T08:13:54.845527,2216,200,827,2.299070358276367,False,0.0,0,1,1774185234845,1774185234845,0
2026-03-22T08:14:01.500767,2216,300,1227,1.8243789672851562,False,0.0,0,1,1774185241500,1774185241500,0
2026-03-22T08:14:05.493900,2217,0,27,1.1758804321289062,False,0.0,0,1,1774185245493,1774185245493,0
2026-03-22T08:14:12.150926,2217,100,427,2.7463436126708984,False,0.0,0,1,1774185252150,1774185252150,0
2026-03-22T08:14:16.034947,2218,0,27,6.19959831237793,False,0.0,0,1,1774185256034,1774185256034,0
2026-03-22T08:14:19.856471,2219,0,28,2.2482872009277344,False,0.0,0,1,1774185259856,1774185259856,0
2026-03-22T08:14:26.515609,2219,100,428,7.530689239501953,False,0.0,0,1,1774185266515,1774185266515,0
2026-03-22T08:14:33.175681,2219,200,828,11.496305465698242,False,0.0,0,1,1774185273175,1774185273175,0
2026-03-22T08:14:38.522245,2220,0,27,1.0044574737548828,False,0.0,0,1,1774185278522,1774185278522,0
2026-03-22T08:14:44.147713,2221,0,27,2.4652481079101562,False,0.0,0,1,1774185284147,1774185284147,0
2026-03-22T08:14:48.239546,2222,0,28,1.783132553100586,False,0.0,0,1,1774185288239,1774185288239,0
2026-03-22T08:14:54.430492,2223,0,28,2.2606849670410156,False,0.0,0,1,1774185294430,1774185294430,0
2026-03-22T08:14:59.732674,2224,0,28,6.038904190063477,False,0.0,0,1,1774185299732,1774185299732,0
2026-03-22T08:15:06.404710,2224,100,428,10.764122009277344,False,0.0,0,1,1774185306404,1774185306404,0
2026-03-22T08:15:13.056573,2224,200,828,7.879734039306641,False,0.0,0,1,1774185313056,1774185313056,0
2026-03-22T08:15:14.987370,2225,0,28,2.5281906127929688,False,0.0,0,1,1774185314987,1774185314987,0
2026-03-22T08:15:21.636254,2225,100,428,3.4258365631103516,False,0.0,0,1,1774185321636,1774185321636,0
2026-03-22T08:15:28.318793,2225,200,828,11.71112060546875,False,0.0,0,1,1774185328318,1774185328318,0
2026-03-22T08:15:34.969292,2225,300,1228,8.974790573120117,False,0.0,0,1,1774185334969,1774185334969,0
2026-03-22T08:15:41.751802,2226,0,26,1.6510486602783203,False,0.0,0,1,1774185341751,1774185341751,0
2026-03-22T08:15:48.414815,2226,100,426,10.085821151733398,False,0.0,0,1,1774185348414,1774185348414,0
2026-03-22T08:15:55.079206,2227,0,27,1.5697479248046875,False,0.0,0,1,1774185355079,1774185355079,0
2026-03-22T08:16:01.743031,2227,100,427,9.878158569335938,False,0.0,0,1,1774185361743,1774185361743,0
2026-03-22T08:16:08.391430,2227,200,827,3.2439231872558594,False,0.0,0,1,1774185368391,1774185368391,0
2026-03-22T08:16:15.046821,2227,300,1227,2.9723644256591797,False,0.0,0,1,1774185375046,1774185375046,0
2026-03-22T08:16:18.642723,2228,0,27,4.53948974609375,False,0.0,0,1,1774185378642,1774185378642,0
2026-03-22T08:16:22.103021,2229,0,27,2.9685497283935547,False,0.0,0,1,1774185382103,1774185382103,0
2026-03-22T08:16:28.778958,2229,100,427,8.048057556152344,False,0.0,0,1,1774185388778,1774185388778,0
2026-03-22T08:16:35.445183,2229,200,827,1.7132759094238281,False,0.0,0,1,1774185395445,1774185395445,0
2026-03-22T08:16:41.501071,2230,0,27,0.7889270782470703,False,0.0,0,1,1774185401501,1774185401501,0
2026-03-22T08:16:48.165792,2230,100,427,9.808778762817383,False,0.0,0,1,1774185408165,1774185408165,0
2026-03-22T08:16:54.821868,2230,200,827,9.652376174926758,False,0.0,0,1,1774185414821,1774185414821,0
2026-03-22T08:17:00.154325,2231,0,28,1.6291141510009766,False,0.0,0,1,1774185420154,1774185420154,0
2026-03-22T08:17:04.765079,2232,0,27,2.2339820861816406,False,0.0,0,1,1774185424765,1774185424765,0
2026-03-22T08:17:11.426224,2232,100,427,8.232831954956055,False,0.0,0,1,1774185431426,1774185431426,0
2026-03-22T08:17:18.076649,2232,200,827,2.9077529907226562,False,0.0,0,1,1774185438076,1774185438076,0
2026-03-22T08:17:24.740509,2232,300,1227,10.788679122924805,False,0.0,0,1,1774185444740,1774185444740,0
2026-03-22T08:17:33.984681,2233,0,27,4.776477813720703,False,0.0,0,1,1774185453984,1774185453984,0
2026-03-22T08:17:40.638948,2233,100,427,2.5932788848876953,False,0.0,0,1,1774185460638,1774185460638,0
2026-03-22T08:17:47.292875,2233,200,827,2.2025108337402344,False,0.0,0,1,1774185467292,1774185467292,0
2026-03-22T08:17:53.952321,2233,300,1227,1.882314682006836,False,0.0,0,1,1774185473952,1774185473952,0
2026-03-22T08:18:00.604436,2233,400,1627,2.2330284118652344,False,0.0,0,1,1774185480604,1774185480604,0
2026-03-22T08:18:09.075767,2234,0,27,1.168966293334961,False,0.0,0,1,1774185489075,1774185489075,0
2026-03-22T08:18:15.745249,2234,100,427,1.5709400177001953,False,0.0,0,1,1774185495745,1774185495745,0
2026-03-22T08:18:22.401755,2234,200,827,2.2232532501220703,False,0.0,0,1,1774185502401,1774185502401,0
2026-03-22T08:18:29.056850,2234,300,1227,2.1200180053710938,False,0.0,0,1,1774185509056,1774185509056,0
2026-03-22T08:18:35.731061,2234,400,1627,3.5288333892822266,False,0.0,0,1,1774185515731,1774185515731,0
2026-03-22T08:18:42.410000,2234,500,2027,10.451078414916992,False,0.0,0,1,1774185522409,1774185522409,0
2026-03-22T08:18:49.065891,2234,600,2427,10.168313980102539,False,0.0,0,1,1774185529065,1774185529065,0
2026-03-22T08:18:55.718329,2234,700,2827,7.740497589111328,False,0.0,0,1,1774185535718,1774185535718,0
2026-03-22T08:19:04.548367,2235,0,27,2.465486526489258,False,0.0,0,1,1774185544548,1774185544548,0
2026-03-22T08:19:11.204880,2235,100,427,3.1104087829589844,False,0.0,0,1,1774185551204,1774185551204,0
2026-03-22T08:19:17.859311,2235,200,827,2.219676971435547,False,0.0,0,1,1774185557859,1774185557859,0
2026-03-22T08:19:21.518857,2236,0,27,0.9541511535644531,False,0.0,0,1,1774185561518,1774185561518,0
2026-03-22T08:19:28.176867,2236,100,427,3.1626224517822266,False,0.0,0,1,1774185568176,1774185568176,0
2026-03-22T08:19:34.656979,2237,0,27,9.832143783569336,False,0.0,0,1,1774185574656,1774185574656,0
2026-03-22T08:19:41.303715,2237,100,427,1.9054412841796875,False,0.0,0,1,1774185581303,1774185581303,0
2026-03-22T08:19:46.644870,2238,0,27,2.038717269897461,False,0.0,0,1,1774185586644,1774185586644,0
2026-03-22T08:19:53.321877,2238,100,427,6.613969802856445,False,0.0,0,1,1774185593321,1774185593321,0
2026-03-22T08:19:59.979140,2238,200,827,8.111000061035156,False,0.0,0,1,1774185599979,1774185599979,0
2026-03-22T08:20:06.629972,2238,300,1227,3.3364295959472656,False,0.0,0,1,1774185606629,1774185606629,0
2026-03-22T08:20:13.300275,2238,400,1627,1.6851425170898438,False,0.0,0,1,1774185613300,1774185613300,0
2026-03-22T08:20:17.260285,2239,0,27,0.7929801940917969,False,0.0,0,1,1774185617260,1774185617260,0
2026-03-22T08:20:23.916114,2239,100,427,1.9369125366210938,False,0.0,0,1,1774185623916,1774185623916,0
2026-03-22T08:20:30.573356,2239,200,827,3.286123275756836,False,0.0,0,1,1774185630573,1774185630573,0
2026-03-22T08:20:36.419261,2240,0,27,0.99945068359375,False,0.0,0,1,1774185636419,1774185636419,0
2026-03-22T08:20:43.068969,2240,100,427,2.534627914428711,False,0.0,0,1,1774185643068,1774185643068,0
2026-03-22T08:20:49.731560,2240,200,827,10.097742080688477,False,0.0,0,1,1774185649731,1774185649731,0
2026-03-22T08:20:57.661986,2241,0,28,2.335071563720703,False,0.0,0,1,1774185657661,1774185657661,0
2026-03-22T08:21:04.318923,2241,100,428,2.269744873046875,False,0.0,0,1,1774185664318,1774185664318,0
2026-03-22T08:21:10.988479,2241,200,828,1.6925334930419922,False,0.0,0,1,1774185670988,1774185670988,0
2026-03-22T08:21:14.583835,2242,0,28,2.579212188720703,False,0.0,0,1,1774185674583,1774185674583,0
2026-03-22T08:21:18.718684,2243,0,27,11.191844940185547,False,0.0,0,1,1774185678718,1774185678718,0
2026-03-22T08:21:25.384203,2243,100,427,3.1769275665283203,False,0.0,0,1,1774185685384,1774185685384,0
2026-03-22T08:21:32.040298,2243,200,827,3.5011768341064453,False,0.0,0,1,1774185692040,1774185692040,0
2026-03-22T08:21:39.229258,2244,0,26,2.8171539306640625,False,0.0,0,1,1774185699229,1774185699229,0
2026-03-22T08:21:44.361918,2245,0,27,13.800859451293945,False,0.0,0,1,1774185704361,1774185704361,0
2026-03-22T08:21:51.017862,2245,100,427,12.14599609375,False,0.0,0,1,1774185711017,1774185711017,0
2026-03-22T08:21:57.662801,2245,200,827,2.246379852294922,False,0.0,0,1,1774185717662,1774185717662,0
2026-03-22T08:22:04.324953,2245,300,1227,8.785009384155273,False,0.0,0,1,1774185724324,1774185724324,0
2026-03-22T08:22:07.945029,2246,0,26,3.3490657806396484,False,0.0,0,1,1774185727945,1774185727945,0
2026-03-22T08:22:14.624185,2246,100,426,8.481264114379883,False,0.0,0,1,1774185734624,1774185734624,0
2026-03-22T08:22:21.273728,2246,200,826,2.5348663330078125,False,0.0,0,1,1774185741273,1774185741273,0
2026-03-22T08:22:25.499750,2247,0,27,1.6779899597167969,False,0.0,0,1,1774185745499,1774185745499,0
2026-03-22T08:22:32.161837,2247,100,427,9.389877319335938,False,0.0,0,1,1774185752161,1774185752161,0
2026-03-22T08:22:38.816709,2247,200,827,8.326530456542969,False,0.0,0,1,1774185758816,1774185758816,0
2026-03-22T08:22:48.045776,2248,0,27,3.1251907348632812,False,0.0,0,1,1774185768045,1774185768045,0
2026-03-22T08:22:54.721461,2248,100,427,5.182981491088867,False,0.0,0,1,1774185774721,1774185774721,0
2026-03-22T08:22:57.695753,2249,0,28,14.632463455200195,False,0.0,0,1,1774185777695,1774185777695,0
2026-03-22T08:23:04.334836,2249,100,428,1.7516613006591797,False,0.0,0,1,1774185784334,1774185784334,0
2026-03-22T08:23:11.006800,2249,200,828,1.8396377563476562,False,0.0,0,1,1774185791006,1774185791006,0
2026-03-22T08:23:17.671994,2249,300,1228,11.476278305053711,False,0.0,0,1,1774185797671,1774185797671,0
2026-03-22T08:23:21.059163,2250,0,27,4.096508026123047,False,0.0,0,1,1774185801059,1774185801059,0
2026-03-22T08:23:27.711843,2250,100,427,2.2962093353271484,False,0.0,0,1,1774185807711,1774185807711,0
2026-03-22T08:23:34.373707,2250,200,827,7.6274871826171875,False,0.0,0,1,1774185814373,1774185814373,0
2026-03-22T08:23:37.665152,2251,0,27,4.7245025634765625,False,0.0,0,1,1774185817665,1774185817665,0
2026-03-22T08:23:44.317759,2251,100,427,1.8358230590820312,False,0.0,0,1,1774185824317,1774185824317,0
2026-03-22T08:23:52.003612,2252,0,26,0.8387565612792969,False,0.0,0,1,1774185832003,1774185832003,0
2026-03-22T08:23:58.662997,2252,100,426,2.5620460510253906,False,0.0,0,1,1774185838662,1774185838662,0
2026-03-22T08:24:05.781414,2253,0,27,1.7733573913574219,False,0.0,0,1,1774185845781,1774185845781,0
2026-03-22T08:24:12.453625,2253,100,427,1.5323162078857422,False,0.0,0,1,1774185852453,1774185852453,0
2026-03-22T08:24:19.131880,2253,200,827,7.617473602294922,False,0.0,0,1,1774185859131,1774185859131,0
2026-03-22T08:24:25.782014,2253,300,1227,1.7626285552978516,False,0.0,0,1,1774185865782,1774185865782,0
2026-03-22T08:24:33.636671,2254,0,27,0.7474422454833984,False,0.0,0,1,1774185873636,1774185873636,0
2026-03-22T08:24:40.300488,2254,100,427,10.308027267456055,False,0.0,0,1,1774185880300,1774185880300,0
2026-03-22T08:24:46.963772,2254,200,827,1.8773078918457031,False,0.0,0,1,1774185886963,1774185886963,0
2026-03-22T08:24:51.260496,2255,0,27,2.459287643432617,False,0.0,0,1,1774185891260,1774185891260,0
2026-03-22T08:24:57.923667,2255,100,427,11.292219161987305,False,0.0,0,1,1774185897923,1774185897923,0
2026-03-22T08:25:02.821054,2256,0,27,1.9943714141845703,False,0.0,0,1,1774185902821,1774185902821,0
2026-03-22T08:25:09.177325,2257,0,28,1.6701221466064453,False,0.0,0,1,1774185909177,1774185909177,0
2026-03-22T08:25:15.832252,2257,100,428,2.0630359649658203,False,0.0,0,1,1774185915832,1774185915832,0
2026-03-22T08:25:22.765792,2258,0,28,12.003183364868164,False,0.0,0,1,1774185922765,1774185922765,0
2026-03-22T08:25:25.971980,2259,0,28,6.798982620239258,False,0.0,0,1,1774185925971,1774185925971,0
2026-03-22T08:25:32.641314,2259,100,428,2.4039745330810547,False,0.0,0,1,1774185932641,1774185932641,0
2026-03-22T08:25:39.311003,2259,200,828,2.3648738861083984,False,0.0,0,1,1774185939311,1774185939311,0
2026-03-22T08:25:41.943960,2260,0,27,2.6209354400634766,False,0.0,0,1,1774185941943,1774185941943,0
2026-03-22T08:25:48.595150,2260,100,427,1.7940998077392578,False,0.0,0,1,1774185948595,1774185948595,0
2026-03-22T08:25:55.267245,2260,200,827,1.9900798797607422,False,0.0,0,1,1774185955267,1774185955267,0
2026-03-22T08:26:01.091853,2261,0,27,2.4709701538085938,False,0.0,0,1,1774185961091,1774185961091,0
2026-03-22T08:26:07.762448,2261,100,427,1.8627643585205078,False,0.0,0,1,1774185967762,1774185967762,0
2026-03-22T08:26:14.419537,2261,200,827,2.388477325439453,False,0.0,0,1,1774185974419,1774185974419,0
2026-03-22T08:26:17.202460,2262,0,28,3.461122512817383,False,0.0,0,1,1774185977202,1774185977202,0
2026-03-22T08:26:22.941120,2263,0,28,3.9148330688476562,False,0.0,0,1,1774185982941,1774185982941,0
2026-03-22T08:26:29.593993,2263,100,428,2.0105838775634766,False,0.0,0,1,1774185989593,1774185989593,0
2026-03-22T08:26:36.254859,2263,200,828,7.488727569580078,False,0.0,0,1,1774185996254,1774185996254,0
2026-03-22T08:26:42.909880,2263,300,1228,7.426977157592773,False,0.0,0,1,1774186002909,1774186002909,0
2026-03-22T08:26:52.291335,2264,0,27,2.6361942291259766,False,0.0,0,1,1774186012291,1774186012291,0
2026-03-22T08:26:58.944436,2264,100,427,1.8477439880371094,False,0.0,0,1,1774186018944,1774186018944,0
2026-03-22T08:26:59.585644,2265,0,27,9.91058349609375,False,0.0,0,1,1774186019585,1774186019585,0
2026-03-22T08:27:06.240890,2265,100,427,9.623050689697266,False,0.0,0,1,1774186026240,1774186026240,0
2026-03-22T08:27:12.888000,2265,200,827,1.9345283508300781,False,0.0,0,1,1774186032887,1774186032887,0
2026-03-22T08:27:19.553708,2265,300,1227,11.503219604492188,False,0.0,0,1,1774186039553,1774186039553,0
2026-03-22T08:27:23.920801,2266,0,27,1.0266304016113281,False,0.0,0,1,1774186043920,1774186043920,0
2026-03-22T08:27:30.584570,2266,100,427,10.763168334960938,False,0.0,0,1,1774186050584,1774186050584,0
2026-03-22T08:27:37.231930,2266,200,827,1.9185543060302734,False,0.0,0,1,1774186057231,1774186057231,0
2026-03-22T08:27:43.891424,2266,300,1227,6.64210319519043,False,0.0,0,1,1774186063891,1774186063891,0
2026-03-22T08:27:50.543274,2266,400,1627,1.45721435546875,False,0.0,0,1,1774186070543,1774186070543,0
2026-03-22T08:27:59.560723,2267,0,27,1.0197162628173828,False,0.0,0,1,1774186079560,1774186079560,0
2026-03-22T08:28:06.227471,2267,100,427,12.293577194213867,False,0.0,0,1,1774186086227,1774186086227,0
2026-03-22T08:28:12.888934,2267,200,827,2.14385986328125,False,0.0,0,1,1774186092888,1774186092888,0
2026-03-22T08:28:20.643018,2268,0,27,0.6723403930664062,False,0.0,0,1,1774186100643,1774186100643,0
2026-03-22T08:28:27.299204,2268,100,427,1.8410682678222656,False,0.0,0,1,1774186107299,1774186107299,0
2026-03-22T08:28:33.956688,2268,200,827,2.3391246795654297,False,0.0,0,1,1774186113956,1774186113956,0
2026-03-22T08:28:42.144840,2269,0,27,2.5222301483154297,False,0.0,0,1,1774186122144,1774186122144,0
2026-03-22T08:28:48.810379,2269,100,427,12.986183166503906,False,0.0,0,1,1774186128810,1774186128810,0
2026-03-22T08:28:55.470211,2269,200,827,2.246856689453125,False,0.0,0,1,1774186135470,1774186135470,0
2026-03-22T08:29:00.412717,2270,0,27,3.5851001739501953,False,0.0,0,1,1774186140412,1774186140412,0
2026-03-22T08:29:07.073834,2270,100,427,9.525299072265625,False,0.0,0,1,1774186147073,1774186147073,0
2026-03-22T08:29:13.722081,2270,200,827,1.542806625366211,False,0.0,0,1,1774186153722,1774186153722,0
2026-03-22T08:29:16.623200,2271,0,27,8.969783782958984,False,0.0,0,1,1774186156623,1774186156623,0
2026-03-22T08:29:23.290190,2271,100,427,2.3365020751953125,False,0.0,0,1,1774186163290,1774186163290,0
2026-03-22T08:29:29.961042,2271,200,827,2.261638641357422,False,0.0,0,1,1774186169961,1774186169961,0
2026-03-22T08:29:36.400544,2272,0,27,0.9312629699707031,False,0.0,0,1,1774186176400,1774186176400,0
2026-03-22T08:29:43.056905,2272,100,427,2.161741256713867,False,0.0,0,1,1774186183056,1774186183056,0
2026-03-22T08:29:49.730470,2272,200,827,2.808809280395508,False,0.0,0,1,1774186189730,1774186189730,0
2026-03-22T08:29:53.975303,2273,0,27,2.8104782104492188,False,0.0,0,1,1774186193975,1774186193975,0
2026-03-22T08:30:00.627909,2273,100,427,2.2187232971191406,False,0.0,0,1,1774186200627,1774186200627,0
2026-03-22T08:30:07.291650,2273,200,827,11.1083984375,False,0.0,0,1,1774186207291,1774186207291,0
2026-03-22T08:30:13.955483,2273,300,1227,1.7440319061279297,False,0.0,0,1,1774186213955,1774186213955,0
2026-03-22T08:30:19.394893,2274,0,27,0.9412765502929688,False,0.0,0,1,1774186219394,1774186219394,0
2026-03-22T08:30:26.060260,2274,100,427,10.784626007080078,False,0.0,0,1,1774186226060,1774186226060,0
2026-03-22T08:30:34.788729,2275,0,27,3.5958290100097656,False,0.0,0,1,1774186234788,1774186234788,0
2026-03-22T08:30:41.444191,2275,100,427,3.278970718383789,False,0.0,0,1,1774186241444,1774186241444,0
2026-03-22T08:30:48.443173,2276,0,27,13.391733169555664,False,0.0,0,1,1774186248443,1774186248443,0
2026-03-22T08:30:53.489152,2277,0,27,1.8100738525390625,False,0.0,0,1,1774186253489,1774186253489,0
2026-03-22T08:31:00.144447,2277,100,427,1.8661022186279297,False,0.0,0,1,1774186260144,1774186260144,0
2026-03-22T08:31:06.817482,2277,200,827,1.9698143005371094,False,0.0,0,1,1774186266817,1774186266817,0
2026-03-22T08:31:13.039682,2278,0,27,1.0724067687988281,False,0.0,0,1,1774186273039,1774186273039,0
2026-03-22T08:31:19.695224,2278,100,427,1.4543533325195312,False,0.0,0,1,1774186279695,1774186279695,0
2026-03-22T08:31:26.358560,2278,200,827,8.150577545166016,False,0.0,0,1,1774186286358,1774186286358,0
2026-03-22T08:31:34.171635,2279,0,27,1.1816024780273438,False,0.0,0,1,1774186294171,1774186294171,0
2026-03-22T08:31:40.849478,2279,100,427,7.925271987915039,False,0.0,0,1,1774186300849,1774186300849,0
2026-03-22T08:31:47.499213,2279,200,827,1.6410350799560547,False,0.0,0,1,1774186307499,1774186307499,0
2026-03-22T08:31:54.155693,2279,300,1227,1.8792152404785156,False,0.0,0,1,1774186314155,1774186314155,0
2026-03-22T08:32:00.827135,2279,400,1627,2.079486846923828,False,0.0,0,1,1774186320827,1774186320827,0
2026-03-22T08:32:05.322463,2280,0,27,4.820346832275391,False,0.0,0,1,1774186325322,1774186325322,0
2026-03-22T08:32:11.977699,2280,100,427,3.8423538208007812,False,0.0,0,1,1774186331977,1774186331977,0
2026-03-22T08:32:20.306088,2281,0,27,3.098726272583008,False,0.0,0,1,1774186340306,1774186340306,0
2026-03-22T08:32:26.957628,2281,100,427,8.596181869506836,False,0.0,0,1,1774186346957,1774186346957,0
2026-03-22T08:32:33.610232,2281,200,827,5.335330963134766,False,0.0,0,1,1774186353610,1774186353610,0
2026-03-22T08:32:36.992621,2282,0,28,10.114669799804688,False,0.0,0,1,1774186356992,1774186356992,0
2026-03-22T08:32:43.639578,2282,100,428,2.0737648010253906,False,0.0,0,1,1774186363639,1774186363639,0
2026-03-22T08:32:50.313603,2282,200,828,2.1772384643554688,False,0.0,0,1,1774186370313,1774186370313,0
2026-03-22T08:32:56.974951,2282,300,1228,8.892297744750977,False,0.0,0,1,1774186376974,1774186376974,0
2026-03-22T08:33:03.651540,2282,400,1628,12.215375900268555,False,0.0,0,1,1774186383651,1774186383651,0
2026-03-22T08:33:10.305550,2282,500,2028,9.934425354003906,False,0.0,0,1,1774186390305,1774186390305,0
2026-03-22T08:33:16.954598,2282,600,2428,2.2094249725341797,False,0.0,0,1,1774186396954,1774186396954,0
2026-03-22T08:33:23.641607,2282,700,2828,2.655029296875,False,0.0,0,1,1774186403641,1774186403641,0
2026-03-22T08:33:30.308621,2282,800,3228,11.415481567382812,False,0.0,0,1,1774186410308,1774186410308,0
2026-03-22T08:33:37.633237,2283,0,26,1.1165142059326172,False,0.0,0,1,1774186417633,1774186417633,0
2026-03-22T08:33:44.291009,2283,100,426,3.0984878540039062,False,0.0,0,1,1774186424291,1774186424291,0
2026-03-22T08:33:50.953126,2283,200,826,9.22250747680664,False,0.0,0,1,1774186430953,1774186430953,0
2026-03-22T08:33:52.583169,2284,0,28,9.598970413208008,False,0.0,0,1,1774186432583,1774186432583,0
2026-03-22T08:33:55.879253,2285,0,27,10.89334487915039,False,0.0,0,1,1774186435879,1774186435879,0
2026-03-22T08:34:00.468091,2286,0,27,2.6776790618896484,False,0.0,0,1,1774186440468,1774186440468,0
2026-03-22T08:34:07.127257,2286,100,427,11.227130889892578,False,0.0,0,1,1774186447127,1774186447127,0
2026-03-22T08:34:13.774181,2286,200,827,1.9910335540771484,False,0.0,0,1,1774186453774,1774186453774,0
2026-03-22T08:34:22.193236,2287,0,27,1.0998249053955078,False,0.0,0,1,1774186462193,1774186462193,0
2026-03-22T08:34:28.849515,2287,100,427,2.214193344116211,False,0.0,0,1,1774186468849,1774186468849,0
2026-03-22T08:34:33.984899,2288,0,27,13.551950454711914,False,0.0,0,1,1774186473984,1774186473984,0
2026-03-22T08:34:40.628435,2288,100,427,1.3725757598876953,False,0.0,0,1,1774186480628,1774186480628,0
2026-03-22T08:34:47.284105,2288,200,827,1.8253326416015625,False,0.0,0,1,1774186487284,1774186487284,0
2026-03-22T08:34:54.908042,2289,0,27,2.4809837341308594,False,0.0,0,1,1774186494908,1774186494908,0
2026-03-22T08:35:01.596803,2289,100,427,16.069889068603516,False,0.0,0,1,1774186501596,1774186501596,0
2026-03-22T08:35:08.257103,2289,200,827,7.882595062255859,False,0.0,0,1,1774186508257,1774186508257,0
2026-03-22T08:35:14.925153,2289,300,1227,1.3480186462402344,False,0.0,0,1,1774186514925,1774186514925,0
2026-03-22T08:35:24.987821,2290,0,26,0.9870529174804688,False,0.0,0,1,1774186524987,1774186524987,0
2026-03-22T08:35:31.644187,2290,100,426,1.6646385192871094,False,0.0,0,1,1774186531644,1774186531644,0
2026-03-22T08:35:38.311135,2290,200,826,12.890338897705078,False,0.0,0,1,1774186538311,1774186538311,0
2026-03-22T08:35:46.160686,2291,0,26,0.8897781372070312,False,0.0,0,1,1774186546160,1774186546160,0
2026-03-22T08:35:52.814126,2291,100,426,1.916646957397461,False,0.0,0,1,1774186552814,1774186552814,0
2026-03-22T08:35:59.502825,2291,200,826,2.407073974609375,False,0.0,0,1,1774186559502,1774186559502,0
2026-03-22T08:36:07.122087,2292,0,27,1.1692047119140625,False,0.0,0,1,1774186567122,1774186567122,0
2026-03-22T08:36:13.784045,2292,100,427,10.200738906860352,False,0.0,0,1,1774186573784,1774186573784,0
2026-03-22T08:36:20.443438,2292,200,827,13.003349304199219,False,0.0,0,1,1774186580443,1774186580443,0
2026-03-22T08:36:27.087898,2292,300,1227,1.9600391387939453,False,0.0,0,1,1774186587087,1774186587087,0
2026-03-22T08:36:31.545363,2293,0,26,0.8909702301025391,False,0.0,0,1,1774186591545,1774186591545,0
2026-03-22T08:36:38.212324,2293,100,426,11.645078659057617,False,0.0,0,1,1774186598212,1774186598212,0
2026-03-22T08:36:44.857860,2293,200,826,1.8146038055419922,False,0.0,0,1,1774186604857,1774186604857,0
2026-03-22T08:36:51.521370,2293,300,1226,9.140491485595703,False,0.0,0,1,1774186611521,1774186611521,0
2026-03-22T08:36:58.185072,2293,400,1626,1.3430118560791016,False,0.0,0,1,1774186618185,1774186618185,0
2026-03-22T08:37:04.376815,2294,0,27,0.7519721984863281,False,0.0,0,1,1774186624376,1774186624376,0
2026-03-22T08:37:11.029596,2294,100,427,2.2950172424316406,False,0.0,0,1,1774186631029,1774186631029,0
2026-03-22T08:37:17.686430,2294,200,827,2.7115345001220703,False,0.0,0,1,1774186637686,1774186637686,0
2026-03-22T08:37:23.292256,2295,0,27,0.8137226104736328,False,0.0,0,1,1774186643292,1774186643292,0
2026-03-22T08:37:28.917759,2296,0,28,2.8181076049804688,False,0.0,0,1,1774186648917,1774186648917,0
2026-03-22T08:37:35.596666,2296,100,428,9.556055068969727,False,0.0,0,1,1774186655596,1774186655596,0
2026-03-22T08:37:42.246366,2296,200,828,3.339529037475586,False,0.0,0,1,1774186662246,1774186662246,0
2026-03-22T08:37:48.909409,2296,300,1228,11.368989944458008,False,0.0,0,1,1774186668909,1774186668909,0
2026-03-22T08:37:51.597323,2297,0,27,2.432107925415039,False,0.0,0,1,1774186671597,1774186671597,0
2026-03-22T08:37:58.257090,2297,100,427,6.290197372436523,False,0.0,0,1,1774186678257,1774186678257,0
2026-03-22T08:38:04.923704,2297,200,827,1.8754005432128906,False,0.0,0,1,1774186684923,1774186684923,0
2026-03-22T08:38:13.077398,2298,0,26,0.7464885711669922,False,0.0,0,1,1774186693077,1774186693077,0
2026-03-22T08:38:19.732942,2298,100,426,2.903461456298828,False,0.0,0,1,1774186699732,1774186699732,0
2026-03-22T08:38:26.387968,2298,200,826,1.7733573913574219,False,0.0,0,1,1774186706387,1774186706387,0
2026-03-22T08:38:33.045090,2298,300,1226,2.770662307739258,False,0.0,0,1,1774186713045,1774186713045,0
2026-03-22T08:38:41.131477,2299,0,27,2.608776092529297,False,0.0,0,1,1774186721131,1774186721131,0
2026-03-22T08:38:47.786045,2299,100,427,1.592874526977539,False,0.0,0,1,1774186727786,1774186727786,0
2026-03-22T08:38:54.458024,2299,200,827,1.7626285552978516,False,0.0,0,1,1774186734458,1774186734458,0
2026-03-22T08:38:55.548635,2300,0,28,10.780811309814453,False,0.0,0,1,1774186735548,1774186735548,0
2026-03-22T08:39:02.220043,2300,100,428,10.090827941894531,False,0.0,0,1,1774186742220,1774186742220,0
2026-03-22T08:39:08.892023,2300,200,828,9.595632553100586,False,0.0,0,1,1774186748892,1774186748892,0
2026-03-22T08:39:12.111435,2301,0,27,0.7991790771484375,False,0.0,0,1,1774186752111,1774186752111,0
2026-03-22T08:39:15.700443,2302,0,27,8.957147598266602,False,0.0,0,1,1774186755700,1774186755700,0
2026-03-22T08:39:22.363260,2302,100,427,3.018617630004883,False,0.0,0,1,1774186762363,1774186762363,0
2026-03-22T08:39:27.736561,2303,0,27,2.02178955078125,False,0.0,0,1,1774186767736,1774186767736,0
2026-03-22T08:39:34.420590,2303,100,427,12.843847274780273,False,0.0,0,1,1774186774420,1774186774420,0
2026-03-22T08:39:41.083398,2303,200,827,2.340555191040039,False,0.0,0,1,1774186781083,1774186781083,0
2026-03-22T08:39:47.748717,2303,300,1227,13.05699348449707,False,0.0,0,1,1774186787748,1774186787748,0
2026-03-22T08:39:51.131910,2304,0,27,2.7909278869628906,False,0.0,0,1,1774186791131,1774186791131,0
2026-03-22T08:39:55.807138,2305,0,27,2.6977062225341797,False,0.0,0,1,1774186795807,1774186795807,0
2026-03-22T08:40:02.461804,2305,100,427,1.9695758819580078,False,0.0,0,1,1774186802461,1774186802461,0
2026-03-22T08:40:09.126189,2305,200,827,9.41610336303711,False,0.0,0,1,1774186809126,1774186809126,0
2026-03-22T08:40:15.301833,2306,0,27,3.293752670288086,False,0.0,0,1,1774186815301,1774186815301,0
2026-03-22T08:40:21.946413,2306,100,427,2.460479736328125,False,0.0,0,1,1774186821946,1774186821946,0
2026-03-22T08:40:28.602861,2306,200,827,2.498149871826172,False,0.0,0,1,1774186828602,1774186828602,0
2026-03-22T08:40:35.291177,2307,0,27,1.7800331115722656,False,0.0,0,1,1774186835291,1774186835291,0
2026-03-22T08:40:38.994571,2308,0,27,11.322975158691406,False,0.0,0,1,1774186838994,1774186838994,0
2026-03-22T08:40:45.657028,2308,100,427,2.2346973419189453,False,0.0,0,1,1774186845657,1774186845657,0
2026-03-22T08:40:52.313242,2308,200,827,2.3419857025146484,False,0.0,0,1,1774186852313,1774186852313,0
2026-03-22T08:40:58.970318,2308,300,1227,3.571033477783203,False,0.0,0,1,1774186858970,1774186858970,0
2026-03-22T08:41:01.231949,2309,0,28,1.7161369323730469,False,0.0,0,1,1774186861231,1774186861231,0
2026-03-22T08:41:07.906235,2309,100,428,1.7998218536376953,False,0.0,0,1,1774186867906,1774186867906,0
2026-03-22T08:41:14.568831,2309,200,828,10.80322265625,False,0.0,0,1,1774186874568,1774186874568,0
2026-03-22T08:41:22.479059,2310,0,27,1.279592514038086,False,0.0,0,1,1774186882479,1774186882479,0
2026-03-22T08:41:29.137290,2310,100,427,3.420114517211914,False,0.0,0,1,1774186889137,1774186889137,0
2026-03-22T08:41:34.005313,2311,0,27,9.67860221862793,False,0.0,0,1,1774186894005,1774186894005,0
2026-03-22T08:41:40.659555,2311,100,427,11.687755584716797,False,0.0,0,1,1774186900659,1774186900659,0
2026-03-22T08:41:47.306270,2311,200,827,2.5298595428466797,False,0.0,0,1,1774186907306,1774186907306,0
2026-03-22T08:41:51.729621,2312,0,27,1.010894775390625,False,0.0,0,1,1774186911729,1774186911729,0
2026-03-22T08:41:55.876457,2313,0,27,2.183675765991211,False,0.0,0,1,1774186915876,1774186915876,0
2026-03-22T08:42:02.537922,2313,100,427,9.675264358520508,False,0.0,0,1,1774186922537,1774186922537,0
2026-03-22T08:42:09.210433,2313,200,827,10.295629501342773,False,0.0,0,1,1774186929210,1774186929210,0
2026-03-22T08:42:15.865112,2313,300,1227,9.675741195678711,False,0.0,0,1,1774186935865,1774186935865,0
2026-03-22T08:42:25.212010,2314,0,26,1.2831687927246094,False,0.0,0,1,1774186945212,1774186945212,0
2026-03-22T08:42:31.881056,2314,100,426,2.028226852416992,False,0.0,0,1,1774186951881,1774186951881,0
2026-03-22T08:42:38.545880,2314,200,826,11.399507522583008,False,0.0,0,1,1774186958545,1774186958545,0
2026-03-22T08:42:43.469383,2315,0,28,9.045839309692383,False,0.0,0,1,1774186963469,1774186963469,0
2026-03-22T08:42:47.340798,2316,0,27,2.8259754180908203,False,0.0,0,1,1774186967340,1774186967340,0
2026-03-22T08:42:54.019964,2316,100,427,11.397600173950195,False,0.0,0,1,1774186974019,1774186974019,0
2026-03-22T08:43:00.665561,2316,200,827,1.4944076538085938,False,0.0,0,1,1774186980665,1774186980665,0
2026-03-22T08:43:07.322951,2316,300,1227,1.8782615661621094,False,0.0,0,1,1774186987322,1774186987322,0
2026-03-22T08:43:08.230722,2317,0,28,10.091543197631836,False,0.0,0,1,1774186988230,1774186988230,0
2026-03-22T08:43:13.072737,2318,0,27,11.165857315063477,False,0.0,0,1,1774186993072,1774186993072,0
2026-03-22T08:43:19.736308,2318,100,427,2.8655529022216797,False,0.0,0,1,1774186999736,1774186999736,0
2026-03-22T08:43:26.393451,2318,200,827,4.093408584594727,False,0.0,0,1,1774187006393,1774187006393,0
2026-03-22T08:43:33.050948,2318,300,1227,5.416631698608398,False,0.0,0,1,1774187013050,1774187013050,0
2026-03-22T08:43:40.359336,2319,0,27,1.1119842529296875,False,0.0,0,1,1774187020359,1774187020359,0
2026-03-22T08:43:47.016134,2319,100,427,11.834859848022461,False,0.0,0,1,1774187027016,1774187027016,0
2026-03-22T08:43:53.672327,2319,200,827,11.05499267578125,False,0.0,0,1,1774187033672,1774187033672,0
2026-03-22T08:44:00.317345,2319,300,1227,1.8036365509033203,False,0.0,0,1,1774187040317,1774187040317,0
2026-03-22T08:44:03.431797,2320,0,27,1.0852813720703125,False,0.0,0,1,1774187043431,1774187043431,0
2026-03-22T08:44:10.092964,2320,100,427,10.498285293579102,False,0.0,0,1,1774187050092,1774187050092,0
2026-03-22T08:44:13.546595,2321,0,27,3.386259078979492,False,0.0,0,1,1774187053546,1774187053546,0
2026-03-22T08:44:20.218105,2321,100,427,1.9316673278808594,False,0.0,0,1,1774187060218,1774187060218,0
2026-03-22T08:44:26.872929,2321,200,827,1.5208721160888672,False,0.0,0,1,1774187066872,1774187066872,0
2026-03-22T08:44:33.532005,2321,300,1227,4.994392395019531,False,0.0,0,1,1774187073532,1774187073532,0
2026-03-22T08:44:36.676290,2322,0,27,0.9799003601074219,False,0.0,0,1,1774187076676,1774187076676,0
2026-03-22T08:44:43.332224,2322,100,427,2.819538116455078,False,0.0,0,1,1774187083332,1774187083332,0
2026-03-22T08:44:49.986936,2322,200,827,2.3097991943359375,False,0.0,0,1,1774187089986,1774187089986,0
2026-03-22T08:44:56.856385,2323,0,27,0.8716583251953125,False,0.0,0,1,1774187096856,1774187096856,0
2026-03-22T08:45:03.528876,2323,100,427,1.631021499633789,False,0.0,0,1,1774187103528,1774187103528,0
2026-03-22T08:45:10.186142,2323,200,827,1.775979995727539,False,0.0,0,1,1774187110186,1774187110186,0
2026-03-22T08:45:16.846078,2323,300,1227,7.3947906494140625,False,0.0,0,1,1774187116846,1774187116846,0
2026-03-22T08:45:22.066781,2324,0,27,3.268003463745117,False,0.0,0,1,1774187122066,1774187122066,0
2026-03-22T08:45:25.382381,2325,0,27,7.648706436157227,False,0.0,0,1,1774187125382,1774187125382,0
2026-03-22T08:45:32.056075,2325,100,427,9.13095474243164,False,0.0,0,1,1774187132056,1774187132056,0
2026-03-22T08:45:38.704349,2325,200,827,1.7268657684326172,False,0.0,0,1,1774187138704,1774187138704,0
2026-03-22T08:45:45.369468,2325,300,1227,11.923789978027344,False,0.0,0,1,1774187145369,1774187145369,0
2026-03-22T08:45:52.034158,2325,400,1627,3.0884742736816406,False,0.0,0,1,1774187152034,1774187152034,0
2026-03-22T08:46:01.505912,2326,0,27,4.456043243408203,False,0.0,0,1,1774187161505,1774187161505,0
2026-03-22T08:46:08.171226,2326,100,427,1.2907981872558594,False,0.0,0,1,1774187168171,1774187168171,0
2026-03-22T08:46:14.829042,2326,200,827,2.318143844604492,False,0.0,0,1,1774187174829,1774187174829,0
2026-03-22T08:46:21.490166,2326,300,1227,8.905172348022461,False,0.0,0,1,1774187181490,1774187181490,0
2026-03-22T08:46:27.024103,2327,0,27,1.1403560638427734,False,0.0,0,1,1774187187024,1774187187024,0
2026-03-22T08:46:33.680617,2327,100,427,2.4938583374023438,False,0.0,0,1,1774187193680,1774187193680,0
2026-03-22T08:46:40.356850,2327,200,827,4.121541976928711,False,0.0,0,1,1774187200356,1774187200356,0
2026-03-22T08:46:47.017317,2327,300,1227,11.110305786132812,False,0.0,0,1,1774187207017,1774187207017,0
2026-03-22T08:46:51.391729,2328,0,26,0.8327960968017578,False,0.0,0,1,1774187211391,1774187211391,0
2026-03-22T08:46:57.557398,2329,0,27,2.295255661010742,False,0.0,0,1,1774187217557,1774187217557,0
2026-03-22T08:47:04.228888,2329,100,427,2.0835399627685547,False,0.0,0,1,1774187224228,1774187224228,0
2026-03-22T08:47:10.901886,2329,200,827,1.8825531005859375,False,0.0,0,1,1774187230901,1774187230901,0
2026-03-22T08:47:13.534136,2330,0,27,0.8258819580078125,False,0.0,0,1,1774187233534,1774187233534,0
2026-03-22T08:47:17.357908,2331,0,27,1.8413066864013672,False,0.0,0,1,1774187237357,1774187237357,0
2026-03-22T08:47:24.019692,2331,100,427,8.075237274169922,False,0.0,0,1,1774187244019,1774187244019,0
2026-03-22T08:47:30.685927,2331,200,827,2.374887466430664,False,0.0,0,1,1774187250685,1774187250685,0
2026-03-22T08:47:39.759970,2332,0,27,4.097700119018555,False,0.0,0,1,1774187259759,1774187259759,0
2026-03-22T08:47:46.422938,2332,100,427,11.166810989379883,False,0.0,0,1,1774187266422,1774187266422,0
2026-03-22T08:47:53.083270,2332,200,827,2.1305084228515625,False,0.0,0,1,1774187273083,1774187273083,0
2026-03-22T08:47:59.740959,2332,300,1227,2.1638870239257812,False,0.0,0,1,1774187279740,1774187279740,0
2026-03-22T08:48:06.693231,2333,0,27,1.3375282287597656,False,0.0,0,1,1774187286693,1774187286693,0
2026-03-22T08:48:12.235377,2334,0,27,3.198862075805664,False,0.0,0,1,1774187292235,1774187292235,0
2026-03-22T08:48:16.477238,2335,0,27,3.3469200134277344,False,0.0,0,1,1774187296477,1774187296477,0
2026-03-22T08:48:23.140612,2335,100,427,9.791851043701172,False,0.0,0,1,1774187303140,1774187303140,0
2026-03-22T08:48:29.321403,2336,0,27,2.124309539794922,False,0.0,0,1,1774187309321,1774187309321,0
2026-03-22T08:48:35.986015,2336,100,427,9.529829025268555,False,0.0,0,1,1774187315986,1774187315986,0
2026-03-22T08:48:39.838607,2337,0,27,11.835813522338867,False,0.0,0,1,1774187319838,1774187319838,0
2026-03-22T08:48:42.913372,2338,0,27,10.879993438720703,False,0.0,0,1,1774187322913,1774187322913,0
2026-03-22T08:48:49.573625,2338,100,427,1.8672943115234375,False,0.0,0,1,1774187329573,1774187329573,0
2026-03-22T08:48:56.246965,2338,200,827,3.5648345947265625,False,0.0,0,1,1774187336246,1774187336246,0
2026-03-22T08:49:01.875894,2339,0,27,10.860204696655273,False,0.0,0,1,1774187341875,1774187341875,0
2026-03-22T08:49:08.522932,2339,100,427,1.9254684448242188,False,0.0,0,1,1774187348522,1774187348522,0
2026-03-22T08:49:15.187152,2339,200,827,9.42230224609375,False,0.0,0,1,1774187355187,1774187355187,0
2026-03-22T08:49:23.322758,2340,0,27,0.7195472717285156,False,0.0,0,1,1774187363322,1774187363322,0
2026-03-22T08:49:29.973998,2340,100,427,3.18145751953125,False,0.0,0,1,1774187369973,1774187369973,0
2026-03-22T08:49:36.644425,2340,200,827,2.140045166015625,False,0.0,0,1,1774187376644,1774187376644,0
2026-03-22T08:49:42.490192,2341,0,27,0.7619857788085938,False,0.0,0,1,1774187382490,1774187382490,0
2026-03-22T08:49:49.149165,2341,100,427,10.906696319580078,False,0.0,0,1,1774187389149,1774187389149,0
2026-03-22T08:49:54.279896,2342,0,27,1.810312271118164,False,0.0,0,1,1774187394279,1774187394279,0
2026-03-22T08:50:00.963123,2342,100,427,11.003255844116211,False,0.0,0,1,1774187400963,1774187400963,0
2026-03-22T08:50:07.620053,2342,200,827,13.962507247924805,False,0.0,0,1,1774187407620,1774187407620,0
2026-03-22T08:50:14.269690,2342,300,1227,7.997035980224609,False,0.0,0,1,1774187414269,1774187414269,0
2026-03-22T08:50:20.943903,2342,400,1627,8.890867233276367,False,0.0,0,1,1774187420943,1774187420943,0
2026-03-22T08:50:30.727644,2343,0,27,0.9748935699462891,False,0.0,0,1,1774187430727,1774187430727,0
2026-03-22T08:50:37.383222,2343,100,427,9.17959213256836,False,0.0,0,1,1774187437383,1774187437383,0
2026-03-22T08:50:44.048353,2343,200,827,2.0895004272460938,False,0.0,0,1,1774187444048,1774187444048,0
2026-03-22T08:50:50.714294,2343,300,1227,10.978937149047852,False,0.0,0,1,1774187450714,1774187450714,0
2026-03-22T08:50:54.413638,2344,0,27,0.7803440093994141,False,0.0,0,1,1774187454413,1774187454413,0
2026-03-22T08:50:58.350091,2345,0,27,11.547088623046875,False,0.0,0,1,1774187458350,1774187458350,0
2026-03-22T08:51:03.187800,2346,0,27,2.5217533111572266,False,0.0,0,1,1774187463187,1774187463187,0
2026-03-22T08:51:09.776661,2347,0,27,2.223491668701172,False,0.0,0,1,1774187469776,1774187469776,0
2026-03-22T08:51:16.444998,2347,100,427,2.4979114532470703,False,0.0,0,1,1774187476444,1774187476444,0
2026-03-22T08:51:23.100325,2347,200,827,2.4704933166503906,False,0.0,0,1,1774187483100,1774187483100,0
2026-03-22T08:51:24.164574,2348,0,26,1.8968582153320312,False,0.0,0,1,1774187484164,1774187484164,0
2026-03-22T08:51:31.058671,2349,0,27,2.762317657470703,False,0.0,0,1,1774187491058,1774187491058,0
2026-03-22T08:51:37.708688,2349,100,427,1.9824504852294922,False,0.0,0,1,1774187497708,1774187497708,0
2026-03-22T08:51:44.372371,2349,200,827,9.941577911376953,False,0.0,0,1,1774187504372,1774187504372,0
2026-03-22T08:51:51.125319,2350,0,27,3.862142562866211,False,0.0,0,1,1774187511125,1774187511125,0
2026-03-22T08:51:57.783871,2350,100,427,7.674455642700195,False,0.0,0,1,1774187517783,1774187517783,0
2026-03-22T08:52:04.432340,2350,200,827,2.5873184204101562,False,0.0,0,1,1774187524432,1774187524432,0
2026-03-22T08:52:11.088675,2350,300,1227,1.5172958374023438,False,0.0,0,1,1774187531088,1774187531088,0
2026-03-22T08:52:13.948598,2351,0,27,1.2388229370117188,False,0.0,0,1,1774187533948,1774187533948,0
2026-03-22T08:52:20.621278,2351,100,427,1.9698143005371094,False,0.0,0,1,1774187540621,1774187540621,0
2026-03-22T08:52:24.067632,2352,0,26,1.9595623016357422,False,0.0,0,1,1774187544067,1774187544067,0
2026-03-22T08:52:30.724370,2352,100,426,3.6056041717529297,False,0.0,0,1,1774187550724,1774187550724,0
2026-03-22T08:52:35.663961,2353,0,27,12.923955917358398,False,0.0,0,1,1774187555663,1774187555663,0
2026-03-22T08:52:42.318287,2353,100,427,1.7354488372802734,False,0.0,0,1,1774187562318,1774187562318,0
2026-03-22T08:52:49.000919,2353,200,827,12.37630844116211,False,0.0,0,1,1774187569000,1774187569000,0
2026-03-22T08:52:57.441945,2354,0,27,0.8742809295654297,False,0.0,0,1,1774187577441,1774187577441,0
2026-03-22T08:53:02.820418,2355,0,27,1.9001960754394531,False,0.0,0,1,1774187582820,1774187582820,0
2026-03-22T08:53:09.475918,2355,100,427,2.0911693572998047,False,0.0,0,1,1774187589475,1774187589475,0
2026-03-22T08:53:16.148583,2355,200,827,2.337932586669922,False,0.0,0,1,1774187596148,1774187596148,0
2026-03-22T08:53:20.107957,2356,0,27,0.9906291961669922,False,0.0,0,1,1774187600107,1774187600107,0
2026-03-22T08:53:23.906005,2357,0,27,1.3687610626220703,False,0.0,0,1,1774187603906,1774187603906,0
2026-03-22T08:53:30.555773,2357,100,427,1.9016265869140625,False,0.0,0,1,1774187610555,1774187610555,0
2026-03-22T08:53:37.226736,2357,200,827,1.2328624725341797,False,0.0,0,1,1774187617226,1774187617226,0
2026-03-22T08:53:43.888921,2357,300,1227,7.038354873657227,False,0.0,0,1,1774187623888,1774187623888,0
2026-03-22T08:53:50.555494,2357,400,1627,2.3331642150878906,False,0.0,0,1,1774187630555,1774187630555,0
2026-03-22T08:53:56.220461,2358,0,27,4.919528961181641,False,0.0,0,1,1774187636220,1774187636220,0
2026-03-22T08:54:00.492432,2359,0,27,1.8198490142822266,False,0.0,0,1,1774187640492,1774187640492,0
2026-03-22T08:54:07.164342,2359,100,427,4.4422149658203125,False,0.0,0,1,1774187647164,1774187647164,0
2026-03-22T08:54:13.826060,2359,200,827,10.65969467163086,False,0.0,0,1,1774187653826,1774187653826,0
2026-03-22T08:54:20.474420,2359,300,1227,2.7494430541992188,False,0.0,0,1,1774187660474,1774187660474,0
2026-03-22T08:54:24.366922,2360,0,27,2.673625946044922,False,0.0,0,1,1774187664366,1774187664366,0
2026-03-22T08:54:31.021775,2360,100,427,1.9779205322265625,False,0.0,0,1,1774187671021,1774187671021,0
2026-03-22T08:54:37.698540,2360,200,827,7.164478302001953,False,0.0,0,1,1774187677698,1774187677698,0
2026-03-22T08:54:40.173944,2361,0,26,3.220081329345703,False,0.0,0,1,1774187680173,1774187680173,0
2026-03-22T08:54:44.149217,2362,0,28,12.149572372436523,False,0.0,0,1,1774187684149,1774187684149,0
2026-03-22T08:54:50.812733,2362,100,428,9.432792663574219,False,0.0,0,1,1774187690812,1774187690812,0
2026-03-22T08:54:57.462234,2362,200,828,3.064393997192383,False,0.0,0,1,1774187697462,1774187697462,0
2026-03-22T08:55:04.116285,2362,300,1228,1.4615058898925781,False,0.0,0,1,1774187704116,1774187704116,0
2026-03-22T08:55:10.772279,2362,400,1628,1.9810199737548828,False,0.0,0,1,1774187710772,1774187710772,0
2026-03-22T08:55:17.452722,2362,500,2028,10.548114776611328,False,0.0,0,1,1774187717452,1774187717452,0
2026-03-22T08:55:27.596294,2363,0,27,3.888845443725586,False,0.0,0,1,1774187727596,1774187727596,0
2026-03-22T08:55:34.250429,2363,100,427,2.119779586791992,False,0.0,0,1,1774187734250,1774187734250,0
2026-03-22T08:55:40.907751,2363,200,827,1.7533302307128906,False,0.0,0,1,1774187740907,1774187740907,0
2026-03-22T08:55:47.562242,2363,300,1227,1.6160011291503906,False,0.0,0,1,1774187747562,1774187747562,0
2026-03-22T08:55:54.219753,2363,400,1627,3.7698745727539062,False,0.0,0,1,1774187754219,1774187754219,0
2026-03-22T08:56:00.873324,2363,500,2027,1.9049644470214844,False,0.0,0,1,1774187760873,1774187760873,0
2026-03-22T08:56:09.840956,2364,0,27,1.1086463928222656,False,0.0,0,1,1774187769840,1774187769840,0
2026-03-22T08:56:16.497272,2364,100,427,1.9414424896240234,False,0.0,0,1,1774187776497,1774187776497,0
2026-03-22T08:56:23.163040,2364,200,827,13.077259063720703,False,0.0,0,1,1774187783163,1774187783163,0
2026-03-22T08:56:29.981176,2365,0,27,2.404451370239258,False,0.0,0,1,1774187789981,1774187789981,0
2026-03-22T08:56:36.632976,2365,100,427,1.9648075103759766,False,0.0,0,1,1774187796632,1774187796632,0
2026-03-22T08:56:43.313090,2365,200,827,12.088298797607422,False,0.0,0,1,1774187803313,1774187803313,0
2026-03-22T08:56:49.968763,2365,300,1227,12.855052947998047,False,0.0,0,1,1774187809968,1774187809968,0
2026-03-22T08:56:56.659789,2365,400,1627,13.973712921142578,False,0.0,0,1,1774187816659,1774187816659,0
2026-03-22T08:57:00.357093,2366,0,28,0.8552074432373047,False,0.0,0,1,1774187820357,1774187820357,0
2026-03-22T08:57:07.014386,2366,100,428,1.825094223022461,False,0.0,0,1,1774187827014,1774187827014,0
2026-03-22T08:57:14.079911,2367,0,28,12.636899948120117,False,0.0,0,1,1774187834079,1774187834079,0
2026-03-22T08:57:20.741900,2367,100,428,1.8777847290039062,False,0.0,0,1,1774187840741,1774187840741,0
2026-03-22T08:57:27.414322,2367,200,828,2.2974014282226562,False,0.0,0,1,1774187847414,1774187847414,0
2026-03-22T08:57:34.068151,2367,300,1228,2.2237300872802734,False,0.0,0,1,1774187854068,1774187854068,0
2026-03-22T08:57:42.272001,2368,0,27,1.2748241424560547,False,0.0,0,1,1774187862271,1774187862271,0
2026-03-22T08:57:48.928530,2368,100,427,3.5164356231689453,False,0.0,0,1,1774187868928,1774187868928,0
2026-03-22T08:57:55.582565,2368,200,827,2.0606517791748047,False,0.0,0,1,1774187875582,1774187875582,0
2026-03-22T08:57:58.131621,2369,0,26,4.65703010559082,False,0.0,0,1,1774187878131,1774187878131,0
2026-03-22T08:58:03.469715,2370,0,27,2.3360252380371094,False,0.0,0,1,1774187883469,1774187883469,0
2026-03-22T08:58:08.034403,2371,0,26,4.64630126953125,False,0.0,0,1,1774187888034,1774187888034,0
2026-03-22T08:58:14.702212,2371,100,426,2.344846725463867,False,0.0,0,1,1774187894702,1774187894702,0
2026-03-22T08:58:21.357938,2371,200,826,3.1104087829589844,False,0.0,0,1,1774187901357,1774187901357,0
2026-03-22T08:58:28.011222,2371,300,1226,1.4476776123046875,False,0.0,0,1,1774187908011,1774187908011,0
2026-03-22T08:58:32.903021,2372,0,26,0.9224414825439453,False,0.0,0,1,1774187912903,1774187912903,0
2026-03-22T08:58:39.559543,2372,100,426,1.4142990112304688,False,0.0,0,1,1774187919559,1774187919559,0
2026-03-22T08:58:45.699450,2373,0,27,1.013040542602539,False,0.0,0,1,1774187925699,1774187925699,0
2026-03-22T08:58:52.354934,2373,100,427,1.6298294067382812,False,0.0,0,1,1774187932354,1774187932354,0
2026-03-22T08:58:59.010811,2373,200,827,1.9943714141845703,False,0.0,0,1,1774187939010,1774187939010,0
2026-03-22T08:59:06.002143,2374,0,26,3.7479400634765625,False,0.0,0,1,1774187946002,1774187946002,0
2026-03-22T08:59:12.679592,2374,100,426,8.335351943969727,False,0.0,0,1,1774187952679,1774187952679,0
2026-03-22T08:59:15.398665,2375,0,27,12.76540756225586,False,0.0,0,1,1774187955398,1774187955398,0
2026-03-22T08:59:22.054998,2375,100,427,1.5668869018554688,False,0.0,0,1,1774187962054,1774187962054,0
2026-03-22T08:59:28.711736,2375,200,827,2.962350845336914,False,0.0,0,1,1774187968711,1774187968711,0
2026-03-22T08:59:35.580532,2376,0,27,10.040044784545898,False,0.0,0,1,1774187975580,1774187975580,0
2026-03-22T08:59:42.230283,2376,100,427,10.441780090332031,False,0.0,0,1,1774187982230,1774187982230,0
2026-03-22T08:59:48.698903,2377,0,27,14.349222183227539,False,0.0,0,1,1774187988698,1774187988698,0
2026-03-22T08:59:55.356403,2377,100,427,8.333206176757812,False,0.0,0,1,1774187995356,1774187995356,0
2026-03-22T09:00:02.005860,2377,200,827,1.5931129455566406,False,0.0,0,1,1774188002005,1774188002005,0
2026-03-22T09:00:08.668778,2377,300,1227,9.15384292602539,False,0.0,0,1,1774188008668,1774188008668,0
2026-03-22T09:00:11.775300,2378,0,27,3.484010696411133,False,0.0,0,1,1774188011775,1774188011775,0
2026-03-22T09:00:18.428754,2378,100,427,2.1026134490966797,False,0.0,0,1,1774188018428,1774188018428,0
2026-03-22T09:00:25.108514,2378,200,827,9.099960327148438,False,0.0,0,1,1774188025108,1774188025108,0
2026-03-22T09:00:31.764369,2378,300,1227,10.039091110229492,False,0.0,0,1,1774188031764,1774188031764,0
2026-03-22T09:00:38.420009,2378,400,1627,9.031534194946289,False,0.0,0,1,1774188038420,1774188038420,0
2026-03-22T09:00:43.401363,2379,0,26,1.3284683227539062,False,0.0,0,1,1774188043401,1774188043401,0
2026-03-22T09:00:50.055699,2379,100,426,12.786865234375,False,0.0,0,1,1774188050055,1774188050055,0
2026-03-22T09:00:56.712893,2379,200,826,12.68458366394043,False,0.0,0,1,1774188056712,1774188056712,0
2026-03-22T09:01:04.170421,2380,0,26,2.950429916381836,False,0.0,0,1,1774188064170,1774188064170,0
2026-03-22T09:01:10.827660,2380,100,426,3.542184829711914,False,0.0,0,1,1774188070827,1774188070827,0
2026-03-22T09:01:17.487883,2380,200,826,9.217023849487305,False,0.0,0,1,1774188077487,1774188077487,0
2026-03-22T09:01:24.137448,2380,300,1226,2.6443004608154297,False,0.0,0,1,1774188084137,1774188084137,0
2026-03-22T09:01:31.456065,2381,0,27,0.8819103240966797,False,0.0,0,1,1774188091456,1774188091456,0
2026-03-22T09:01:38.114137,2381,100,427,2.6230812072753906,False,0.0,0,1,1774188098114,1774188098114,0
2026-03-22T09:01:43.703864,2382,0,27,2.215862274169922,False,0.0,0,1,1774188103703,1774188103703,0
2026-03-22T09:01:50.378343,2382,100,427,3.0820369720458984,False,0.0,0,1,1774188110378,1774188110378,0
2026-03-22T09:01:57.034270,2382,200,827,3.1054019927978516,False,0.0,0,1,1774188117034,1774188117034,0
2026-03-22T09:01:57.769811,2383,0,27,1.3778209686279297,False,0.0,0,1,1774188117769,1774188117769,0
2026-03-22T09:02:04.426790,2383,100,427,8.281469345092773,False,0.0,0,1,1774188124426,1774188124426,0
2026-03-22T09:02:05.648213,2384,0,28,13.28897476196289,False,0.0,0,1,1774188125648,1774188125648,0
2026-03-22T09:02:12.290211,2384,100,428,1.4560222625732422,False,0.0,0,1,1774188132290,1774188132290,0
2026-03-22T09:02:18.968374,2384,200,828,7.9746246337890625,False,0.0,0,1,1774188138968,1774188138968,0
2026-03-22T09:02:20.117326,2385,0,27,8.896589279174805,False,0.0,0,1,1774188140117,1774188140117,0
2026-03-22T09:02:24.703782,2386,0,28,3.305673599243164,False,0.0,0,1,1774188144703,1774188144703,0
2026-03-22T09:02:31.374846,2386,100,428,2.083301544189453,False,0.0,0,1,1774188151374,1774188151374,0
2026-03-22T09:02:38.030764,2386,200,828,2.2182464599609375,False,0.0,0,1,1774188158030,1774188158030,0
2026-03-22T09:02:46.477366,2387,0,27,1.020669937133789,False,0.0,0,1,1774188166477,1774188166477,0
2026-03-22T09:02:50.449187,2388,0,28,8.185386657714844,False,0.0,0,1,1774188170449,1774188170449,0
2026-03-22T09:02:55.670133,2389,0,28,2.243518829345703,False,0.0,0,1,1774188175670,1774188175670,0
2026-03-22T09:03:02.324711,2389,100,428,1.950979232788086,False,0.0,0,1,1774188182324,1774188182324,0
2026-03-22T09:03:08.997785,2389,200,828,2.068758010864258,False,0.0,0,1,1774188188997,1774188188997,0
2026-03-22T09:03:15.663080,2389,300,1228,13.384342193603516,False,0.0,0,1,1774188195663,1774188195663,0
2026-03-22T09:03:22.314389,2389,400,1628,8.93712043762207,False,0.0,0,1,1774188202314,1774188202314,0
2026-03-22T09:03:26.534439,2390,0,27,3.3485889434814453,False,0.0,0,1,1774188206534,1774188206534,0
2026-03-22T09:03:33.191295,2390,100,427,3.5507678985595703,False,0.0,0,1,1774188213191,1774188213191,0
2026-03-22T09:03:39.968188,2390,200,827,2.7196407318115234,False,0.0,0,1,1774188219968,1774188219968,0
2026-03-22T09:03:46.622356,2390,300,1227,1.9679069519042969,False,0.0,0,1,1774188226622,1774188226622,0
2026-03-22T09:03:54.494143,2391,0,27,0.9055137634277344,False,0.0,0,1,1774188234494,1774188234494,0
2026-03-22T09:04:01.156759,2391,100,427,10.317564010620117,False,0.0,0,1,1774188241156,1774188241156,0
2026-03-22T09:04:03.837853,2392,0,27,12.452363967895508,False,0.0,0,1,1774188243837,1774188243837,0
2026-03-22T09:04:10.500293,2392,100,427,2.5191307067871094,False,0.0,0,1,1774188250500,1774188250500,0
2026-03-22T09:04:17.163317,2392,200,827,8.87441635131836,False,0.0,0,1,1774188257163,1774188257163,0
2026-03-22T09:04:23.811181,2392,300,1227,1.6407966613769531,False,0.0,0,1,1774188263811,1774188263811,0
2026-03-22T09:04:30.492861,2392,400,1627,11.103391647338867,False,0.0,0,1,1774188270492,1774188270492,0
2026-03-22T09:04:37.140684,2392,500,2027,3.378629684448242,False,0.0,0,1,1774188277140,1774188277140,0
2026-03-22T09:04:44.178312,2393,0,27,3.0922889709472656,False,0.0,0,1,1774188284178,1774188284178,0
2026-03-22T09:04:48.276216,2394,0,27,8.406639099121094,False,0.0,0,1,1774188288276,1774188288276,0
2026-03-22T09:04:54.925861,2394,100,427,2.0036697387695312,False,0.0,0,1,1774188294925,1774188294925,0
2026-03-22T09:05:01.582565,2394,200,827,2.878427505493164,False,0.0,0,1,1774188301582,1774188301582,0
2026-03-22T09:05:10.618352,2395,0,27,2.580881118774414,False,0.0,0,1,1774188310618,1774188310618,0
2026-03-22T09:05:14.575674,2396,0,27,10.997295379638672,False,0.0,0,1,1774188314575,1774188314575,0
2026-03-22T09:05:21.216724,2396,100,427,1.9178390502929688,False,0.0,0,1,1774188321216,1774188321216,0
2026-03-22T09:05:27.880437,2396,200,827,11.337041854858398,False,0.0,0,1,1774188327880,1774188327880,0
2026-03-22T09:05:31.234829,2397,0,26,1.1975765228271484,False,0.0,0,1,1774188331234,1774188331234,0
2026-03-22T09:05:37.887844,2397,100,426,2.128124237060547,False,0.0,0,1,1774188337887,1774188337887,0
2026-03-22T09:05:44.543515,2397,200,826,1.7750263214111328,False,0.0,0,1,1774188344543,1774188344543,0
2026-03-22T09:05:51.199658,2397,300,1226,1.8444061279296875,False,0.0,0,1,1774188351199,1774188351199,0
2026-03-22T09:05:54.960303,2398,0,27,1.5714168548583984,False,0.0,0,1,1774188354960,1774188354960,0
2026-03-22T09:05:59.155712,2399,0,27,3.9157867431640625,False,0.0,0,1,1774188359155,1774188359155,0
2026-03-22T09:06:05.827062,2399,100,427,2.6764869689941406,False,0.0,0,1,1774188365827,1774188365827,0
2026-03-22T09:06:08.954757,2400,0,27,12.256145477294922,False,0.0,0,1,1774188368954,1774188368954,0
2026-03-22T09:06:15.617039,2400,100,427,10.039329528808594,False,0.0,0,1,1774188375617,1774188375617,0
2026-03-22T09:06:22.264841,2400,200,827,2.137899398803711,False,0.0,0,1,1774188382264,1774188382264,0
2026-03-22T09:06:28.920292,2400,300,1227,2.8002262115478516,False,0.0,0,1,1774188388920,1774188388920,0
2026-03-22T09:06:35.577290,2400,400,1627,2.9611587524414062,False,0.0,0,1,1774188395577,1774188395577,0
2026-03-22T09:06:39.670635,2401,0,27,3.4406185150146484,False,0.0,0,1,1774188399670,1774188399670,0
2026-03-22T09:06:46.329882,2401,100,427,6.72459602355957,False,0.0,0,1,1774188406329,1774188406329,0
2026-03-22T09:06:51.006381,2402,0,27,8.603811264038086,False,0.0,0,1,1774188411006,1774188411006,0
2026-03-22T09:06:55.712470,2403,0,28,1.9450187683105469,False,0.0,0,1,1774188415712,1774188415712,0
2026-03-22T09:07:02.363990,2403,100,428,1.7139911651611328,False,0.0,0,1,1774188422363,1774188422363,0
2026-03-22T09:07:09.019362,2403,200,828,1.4805793762207031,False,0.0,0,1,1774188429019,1774188429019,0
2026-03-22T09:07:14.493479,2404,0,28,1.5482902526855469,False,0.0,0,1,1774188434493,1774188434493,0
2026-03-22T09:07:21.150402,2404,100,428,1.8618106842041016,False,0.0,0,1,1774188441150,1774188441150,0
2026-03-22T09:07:27.814272,2404,200,828,10.754585266113281,False,0.0,0,1,1774188447814,1774188447814,0
2026-03-22T09:07:34.463397,2404,300,1228,3.0825138092041016,False,0.0,0,1,1774188454463,1774188454463,0
2026-03-22T09:07:41.125941,2404,400,1628,9.545326232910156,False,0.0,0,1,1774188461125,1774188461125,0
2026-03-22T09:07:50.851938,2405,0,27,3.610849380493164,False,0.0,0,1,1774188470851,1774188470851,0
2026-03-22T09:07:57.302729,2406,0,27,10.019063949584961,False,0.0,0,1,1774188477302,1774188477302,0
2026-03-22T09:08:03.969692,2406,100,427,8.74638557434082,False,0.0,0,1,1774188483969,1774188483969,0
2026-03-22T09:08:10.619386,2406,200,827,3.034830093383789,False,0.0,0,1,1774188490619,1774188490619,0
2026-03-22T09:08:17.274401,2406,300,1227,2.6655197143554688,False,0.0,0,1,1774188497274,1774188497274,0
2026-03-22T09:08:23.946123,2406,400,1627,2.2525787353515625,False,0.0,0,1,1774188503946,1774188503946,0
2026-03-22T09:08:30.601281,2406,500,2027,2.2237300872802734,False,0.0,0,1,1774188510601,1774188510601,0
2026-03-22T09:08:34.901716,2407,0,27,4.749774932861328,False,0.0,0,1,1774188514901,1774188514901,0
2026-03-22T09:08:40.935915,2408,0,28,2.0127296447753906,False,0.0,0,1,1774188520935,1774188520935,0
2026-03-22T09:08:44.960278,2409,0,27,1.6007423400878906,False,0.0,0,1,1774188524960,1774188524960,0
2026-03-22T09:08:51.618871,2409,100,427,1.739501953125,False,0.0,0,1,1774188531618,1774188531618,0
2026-03-22T09:08:58.272876,2409,200,827,1.8186569213867188,False,0.0,0,1,1774188538272,1774188538272,0
2026-03-22T09:09:04.935114,2409,300,1227,9.27591323852539,False,0.0,0,1,1774188544935,1774188544935,0
2026-03-22T09:09:11.601539,2409,400,1627,2.884387969970703,False,0.0,0,1,1774188551601,1774188551601,0
2026-03-22T09:09:18.940106,2410,0,27,3.1599998474121094,False,0.0,0,1,1774188558940,1774188558940,0
2026-03-22T09:09:25.597039,2410,100,427,3.2854080200195312,False,0.0,0,1,1774188565597,1774188565597,0
2026-03-22T09:09:32.276292,2410,200,827,10.143041610717773,False,0.0,0,1,1774188572276,1774188572276,0
2026-03-22T09:09:41.603400,2411,0,27,3.97491455078125,False,0.0,0,1,1774188581603,1774188581603,0
2026-03-22T09:09:46.202228,2412,0,27,10.22791862487793,False,0.0,0,1,1774188586202,1774188586202,0
2026-03-22T09:09:52.848436,2412,100,427,1.9633769989013672,False,0.0,0,1,1774188592848,1774188592848,0
2026-03-22T09:09:59.514405,2412,200,827,11.461496353149414,False,0.0,0,1,1774188599514,1774188599514,0
2026-03-22T09:10:06.160686,2412,300,1227,2.8171539306640625,False,0.0,0,1,1774188606160,1774188606160,0
2026-03-22T09:10:12.829039,2412,400,1627,13.541221618652344,False,0.0,0,1,1774188612829,1774188612829,0
2026-03-22T09:10:19.611192,2412,500,2027,1.962900161743164,False,0.0,0,1,1774188619611,1774188619611,0
2026-03-22T09:10:24.568766,2413,0,27,0.9083747863769531,False,0.0,0,1,1774188624568,1774188624568,0
2026-03-22T09:10:31.226772,2413,100,427,2.0198822021484375,False,0.0,0,1,1774188631226,1774188631226,0
2026-03-22T09:10:37.885781,2413,200,827,7.35783576965332,False,0.0,0,1,1774188637885,1774188637885,0
2026-03-22T09:10:47.133946,2414,0,26,3.221273422241211,False,0.0,0,1,1774188647133,1774188647133,0
2026-03-22T09:10:53.786768,2414,100,426,1.847982406616211,False,0.0,0,1,1774188653786,1774188653786,0
2026-03-22T09:10:57.778199,2415,0,27,9.882688522338867,False,0.0,0,1,1774188657778,1774188657778,0
2026-03-22T09:11:04.418908,2415,100,427,1.6584396362304688,False,0.0,0,1,1774188664418,1774188664418,0
2026-03-22T09:11:11.091769,2415,200,827,1.710653305053711,False,0.0,0,1,1774188671091,1774188671091,0
2026-03-22T09:11:17.758386,2415,300,1227,11.391401290893555,False,0.0,0,1,1774188677758,1774188677758,0
2026-03-22T09:11:24.410890,2415,400,1627,9.100198745727539,False,0.0,0,1,1774188684410,1774188684410,0
2026-03-22T09:11:31.065892,2415,500,2027,8.90040397644043,False,0.0,0,1,1774188691065,1774188691065,0
2026-03-22T09:11:39.260800,2416,0,27,1.0356903076171875,False,0.0,0,1,1774188699260,1774188699260,0
2026-03-22T09:11:44.886788,2417,0,28,1.6913414001464844,False,0.0,0,1,1774188704886,1774188704886,0
2026-03-22T09:11:50.854691,2418,0,27,11.51585578918457,False,0.0,0,1,1774188710854,1774188710854,0
2026-03-22T09:11:55.406855,2419,0,27,2.568483352661133,False,0.0,0,1,1774188715406,1774188715406,0
2026-03-22T09:11:59.522931,2420,0,27,12.959957122802734,False,0.0,0,1,1774188719522,1774188719522,0
2026-03-22T09:12:03.952961,2421,0,27,0.9756088256835938,False,0.0,0,1,1774188723952,1774188723952,0
2026-03-22T09:12:07.854865,2422,0,26,1.9757747650146484,False,0.0,0,1,1774188727854,1774188727854,0
2026-03-22T09:12:14.605599,2423,0,27,2.2962093353271484,False,0.0,0,1,1774188734605,1774188734605,0
2026-03-22T09:12:21.259145,2423,100,427,2.3250579833984375,False,0.0,0,1,1774188741259,1774188741259,0
2026-03-22T09:12:27.915676,2423,200,827,2.246856689453125,False,0.0,0,1,1774188747915,1774188747915,0
2026-03-22T09:12:34.572782,2423,300,1227,3.737211227416992,False,0.0,0,1,1774188754572,1774188754572,0
2026-03-22T09:12:41.250975,2423,400,1627,9.943246841430664,False,0.0,0,1,1774188761250,1774188761250,0
2026-03-22T09:12:47.907029,2423,500,2027,11.287212371826172,False,0.0,0,1,1774188767907,1774188767907,0
2026-03-22T09:12:54.554931,2423,600,2427,2.3331642150878906,False,0.0,0,1,1774188774554,1774188774554,0
2026-03-22T09:13:06.272470,2424,0,26,0.8509159088134766,False,0.0,0,1,1774188786272,1774188786272,0
2026-03-22T09:13:12.932503,2424,100,426,10.441780090332031,False,0.0,0,1,1774188792932,1774188792932,0
2026-03-22T09:13:19.598161,2424,200,826,2.046346664428711,False,0.0,0,1,1774188799598,1774188799598,0
2026-03-22T09:13:21.227291,2425,0,27,2.953052520751953,False,0.0,0,1,1774188801227,1774188801227,0
2026-03-22T09:13:27.882479,2425,100,427,1.77001953125,False,0.0,0,1,1774188807882,1774188807882,0
2026-03-22T09:13:34.546007,2425,200,827,9.606361389160156,False,0.0,0,1,1774188814546,1774188814546,0
2026-03-22T09:13:41.193355,2425,300,1227,2.2668838500976562,False,0.0,0,1,1774188821193,1774188821193,0
2026-03-22T09:13:47.849344,2425,400,1627,2.1734237670898438,False,0.0,0,1,1774188827849,1774188827849,0
2026-03-22T09:13:54.624132,2426,0,27,1.9888877868652344,False,0.0,0,1,1774188834624,1774188834624,0
2026-03-22T09:14:01.281134,2426,100,427,3.2377243041992188,False,0.0,0,1,1774188841281,1774188841281,0
2026-03-22T09:14:07.942786,2426,200,827,11.766910552978516,False,0.0,0,1,1774188847942,1774188847942,0
2026-03-22T09:14:14.588181,2426,300,1227,2.6242733001708984,False,0.0,0,1,1774188854588,1774188854588,0
2026-03-22T09:14:21.271504,2426,400,1627,11.049747467041016,False,0.0,0,1,1774188861271,1774188861271,0
2026-03-22T09:14:27.934192,2426,500,2027,2.049684524536133,False,0.0,0,1,1774188867934,1774188867934,0
2026-03-22T09:14:34.587989,2426,600,2427,2.3567676544189453,False,0.0,0,1,1774188874587,1774188874587,0
2026-03-22T09:14:42.413855,2427,0,28,0.7357597351074219,False,0.0,0,1,1774188882413,1774188882413,0
2026-03-22T09:14:49.064030,2427,100,428,1.4295578002929688,False,0.0,0,1,1774188889064,1774188889064,0
2026-03-22T09:14:55.737267,2427,200,828,2.9866695404052734,False,0.0,0,1,1774188895737,1774188895737,0
2026-03-22T09:15:02.399625,2427,300,1228,10.373830795288086,False,0.0,0,1,1774188902399,1774188902399,0
2026-03-22T09:15:05.525897,2428,0,27,0.9324550628662109,False,0.0,0,1,1774188905525,1774188905525,0
2026-03-22T09:15:12.176083,2428,100,427,2.1615028381347656,False,0.0,0,1,1774188912176,1774188912176,0
2026-03-22T09:15:18.833616,2428,200,827,3.5347938537597656,False,0.0,0,1,1774188918833,1774188918833,0
2026-03-22T09:15:25.495278,2428,300,1227,10.978221893310547,False,0.0,0,1,1774188925495,1774188925495,0
2026-03-22T09:15:32.143577,2428,400,1627,2.0494461059570312,False,0.0,0,1,1774188932143,1774188932143,0
2026-03-22T09:15:39.282155,2429,0,27,0.9815692901611328,False,0.0,0,1,1774188939282,1774188939282,0
2026-03-22T09:15:45.938757,2429,100,427,2.1262168884277344,False,0.0,0,1,1774188945938,1774188945938,0
2026-03-22T09:15:52.610051,2429,200,827,2.2487640380859375,False,0.0,0,1,1774188952610,1774188952610,0
2026-03-22T09:15:56.970576,2430,0,27,2.4492740631103516,False,0.0,0,1,1774188956970,1774188956970,0
2026-03-22T09:16:03.624192,2430,100,427,2.2144317626953125,False,0.0,0,1,1774188963624,1774188963624,0
2026-03-22T09:16:10.281688,2430,200,827,3.2694339752197266,False,0.0,0,1,1774188970281,1774188970281,0
2026-03-22T09:16:15.560409,2431,0,26,0.9098052978515625,False,0.0,0,1,1774188975560,1774188975560,0
2026-03-22T09:16:22.208383,2431,100,426,1.2743473052978516,False,0.0,0,1,1774188982208,1774188982208,0
2026-03-22T09:16:28.881785,2431,200,826,1.8780231475830078,False,0.0,0,1,1774188988881,1774188988881,0
2026-03-22T09:16:34.155920,2432,0,27,1.026153564453125,False,0.0,0,1,1774188994155,1774188994155,0
2026-03-22T09:16:40.811976,2432,100,427,1.989126205444336,False,0.0,0,1,1774189000811,1774189000811,0
2026-03-22T09:16:43.242641,2433,0,27,2.121448516845703,False,0.0,0,1,1774189003242,1774189003242,0
2026-03-22T09:16:49.903078,2433,100,427,8.379697799682617,False,0.0,0,1,1774189009903,1774189009903,0
2026-03-22T09:16:56.579366,2433,200,827,11.278152465820312,False,0.0,0,1,1774189016579,1774189016579,0
2026-03-22T09:17:04.788439,2434,0,26,1.0161399841308594,False,0.0,0,1,1774189024788,1774189024788,0
2026-03-22T09:17:11.453185,2434,100,426,10.90860366821289,False,0.0,0,1,1774189031453,1774189031453,0
2026-03-22T09:17:18.116855,2434,200,826,2.324819564819336,False,0.0,0,1,1774189038116,1774189038116,0
2026-03-22T09:17:24.773177,2434,300,1226,2.4182796478271484,False,0.0,0,1,1774189044773,1774189044773,0
2026-03-22T09:17:31.428876,2434,400,1626,2.3343563079833984,False,0.0,0,1,1774189051428,1774189051428,0
2026-03-22T09:17:38.090801,2434,500,2026,9.271383285522461,False,0.0,0,1,1774189058090,1774189058090,0
2026-03-22T09:17:44.274108,2435,0,27,1.2357234954833984,False,0.0,0,1,1774189064274,1774189064274,0
2026-03-22T09:17:50.939415,2435,100,427,12.685775756835938,False,0.0,0,1,1774189070939,1774189070939,0
2026-03-22T09:17:57.584570,2435,200,827,2.210378646850586,False,0.0,0,1,1774189077584,1774189077584,0
2026-03-22T09:18:01.477137,2436,0,27,3.5300254821777344,False,0.0,0,1,1774189081477,1774189081477,0
2026-03-22T09:18:08.156907,2436,100,427,10.724306106567383,False,0.0,0,1,1774189088156,1774189088156,0
2026-03-22T09:18:11.085605,2437,0,27,11.736631393432617,False,0.0,0,1,1774189091085,1774189091085,0
2026-03-22T09:18:17.748540,2437,100,427,1.9578933715820312,False,0.0,0,1,1774189097748,1774189097748,0
2026-03-22T09:18:24.427707,2437,200,827,8.697032928466797,False,0.0,0,1,1774189104427,1774189104427,0
2026-03-22T09:18:31.084378,2437,300,1227,10.044336318969727,False,0.0,0,1,1774189111084,1774189111084,0
2026-03-22T09:18:35.972598,2438,0,27,0.8547306060791016,False,0.0,0,1,1774189115972,1774189115972,0
2026-03-22T09:18:42.624586,2438,100,427,1.4162063598632812,False,0.0,0,1,1774189122624,1774189122624,0
2026-03-22T09:18:48.638692,2439,0,27,4.317283630371094,False,0.0,0,1,1774189128638,1774189128638,0
2026-03-22T09:18:53.213755,2440,0,28,1.813650131225586,False,0.0,0,1,1774189133213,1774189133213,0
2026-03-22T09:18:59.866711,2440,100,428,2.1610260009765625,False,0.0,0,1,1774189139866,1774189139866,0
2026-03-22T09:19:06.519155,2440,200,828,1.8093585968017578,False,0.0,0,1,1774189146519,1774189146519,0
2026-03-22T09:19:13.173812,2440,300,1228,1.8243789672851562,False,0.0,0,1,1774189153173,1774189153173,0
2026-03-22T09:19:22.777345,2441,0,28,3.032207489013672,False,0.0,0,1,1774189162777,1774189162777,0
2026-03-22T09:19:29.430609,2441,100,428,2.010345458984375,False,0.0,0,1,1774189169430,1774189169430,0
2026-03-22T09:19:36.084925,2441,200,828,1.800537109375,False,0.0,0,1,1774189176084,1774189176084,0
2026-03-22T09:19:42.748021,2441,300,1228,9.025335311889648,False,0.0,0,1,1774189182748,1774189182748,0
2026-03-22T09:19:49.417480,2441,400,1628,2.9478073120117188,False,0.0,0,1,1774189189417,1774189189417,0
2026-03-22T09:19:56.096836,2441,500,2028,13.507843017578125,False,0.0,0,1,1774189196096,1774189196096,0
2026-03-22T09:20:00.486087,2442,0,27,3.5047531127929688,False,0.0,0,1,1774189200486,1774189200486,0
2026-03-22T09:20:05.195616,2443,0,27,10.152101516723633,False,0.0,0,1,1774189205195,1774189205195,0
2026-03-22T09:20:11.842563,2443,100,427,2.2385120391845703,False,0.0,0,1,1774189211842,1774189211842,0
2026-03-22T09:20:19.563759,2444,0,27,1.1970996856689453,False,0.0,0,1,1774189219563,1774189219563,0
2026-03-22T09:20:23.485497,2445,0,27,9.130239486694336,False,0.0,0,1,1774189223485,1774189223485,0
2026-03-22T09:20:30.154063,2445,100,427,10.796546936035156,False,0.0,0,1,1774189230154,1774189230154,0
2026-03-22T09:20:36.802548,2445,200,827,3.05938720703125,False,0.0,0,1,1774189236802,1774189236802,0
2026-03-22T09:20:43.455661,2445,300,1227,1.1925697326660156,False,0.0,0,1,1774189243455,1774189243455,0
2026-03-22T09:20:50.130470,2445,400,1627,1.7910003662109375,False,0.0,0,1,1774189250130,1774189250130,0
2026-03-22T09:20:54.387448,2446,0,27,0.9250640869140625,False,0.0,0,1,1774189254387,1774189254387,0
2026-03-22T09:21:01.043470,2446,100,427,1.4927387237548828,False,0.0,0,1,1774189261043,1774189261043,0
2026-03-22T09:21:07.717391,2446,200,827,2.8121471405029297,False,0.0,0,1,1774189267717,1774189267717,0
2026-03-22T09:21:14.372519,2446,300,1227,1.8298625946044922,False,0.0,0,1,1774189274372,1774189274372,0
2026-03-22T09:21:19.197467,2447,0,27,2.045869827270508,False,0.0,0,1,1774189279197,1774189279197,0
2026-03-22T09:21:25.853564,2447,100,427,2.1255016326904297,False,0.0,0,1,1774189285853,1774189285853,0
2026-03-22T09:21:31.411539,2448,0,27,3.2024383544921875,False,0.0,0,1,1774189291411,1774189291411,0
2026-03-22T09:21:38.084712,2448,100,427,2.9098987579345703,False,0.0,0,1,1774189298084,1774189298084,0
2026-03-22T09:21:44.755210,2448,200,827,2.2521018981933594,False,0.0,0,1,1774189304755,1774189304755,0
2026-03-22T09:21:51.416786,2448,300,1227,8.012771606445312,False,0.0,0,1,1774189311416,1774189311416,0
2026-03-22T09:21:59.320857,2449,0,27,0.8625984191894531,False,0.0,0,1,1774189319320,1774189319320,0
2026-03-22T09:22:05.978320,2449,100,427,9.261608123779297,False,0.0,0,1,1774189325978,1774189325978,0
2026-03-22T09:22:12.625882,2449,200,827,1.9054412841796875,False,0.0,0,1,1774189332625,1774189332625,0
2026-03-22T09:22:19.291337,2449,300,1227,9.476661682128906,False,0.0,0,1,1774189339291,1774189339291,0
2026-03-22T09:22:25.955916,2449,400,1627,1.821279525756836,False,0.0,0,1,1774189345955,1774189345955,0
2026-03-22T09:22:32.746012,2450,0,27,2.874135971069336,False,0.0,0,1,1774189352746,1774189352746,0
2026-03-22T09:22:39.405896,2450,100,427,9.476661682128906,False,0.0,0,1,1774189359405,1774189359405,0
2026-03-22T09:22:44.912999,2451,0,27,9.73963737487793,False,0.0,0,1,1774189364912,1774189364912,0
2026-03-22T09:22:51.578747,2451,100,427,1.432657241821289,False,0.0,0,1,1774189371578,1774189371578,0
2026-03-22T09:22:53.060010,2452,0,27,12.217044830322266,False,0.0,0,1,1774189373060,1774189373060,0
2026-03-22T09:22:59.742685,2452,100,427,11.830806732177734,False,0.0,0,1,1774189379742,1774189379742,0
2026-03-22T09:23:08.183265,2453,0,28,0.9310245513916016,False,0.0,0,1,1774189388183,1774189388183,0
2026-03-22T09:23:14.839916,2453,100,428,2.7289390563964844,False,0.0,0,1,1774189394839,1774189394839,0
2026-03-22T09:23:21.515510,2453,200,828,6.6585540771484375,False,0.0,0,1,1774189401515,1774189401515,0
2026-03-22T09:23:28.463384,2454,0,27,9.448051452636719,False,0.0,0,1,1774189408463,1774189408463,0
2026-03-22T09:23:32.276895,2455,0,27,2.2249221801757812,False,0.0,0,1,1774189412276,1774189412276,0
2026-03-22T09:23:36.310611,2456,0,28,6.656169891357422,False,0.0,0,1,1774189416310,1774189416310,0
2026-03-22T09:23:42.978132,2456,100,428,3.0622482299804688,False,0.0,0,1,1774189422978,1774189422978,0
2026-03-22T09:23:49.632611,2456,200,828,2.596139907836914,False,0.0,0,1,1774189429632,1774189429632,0
2026-03-22T09:23:56.287587,2456,300,1228,2.773284912109375,False,0.0,0,1,1774189436287,1774189436287,0
2026-03-22T09:24:02.943801,2456,400,1628,1.9719600677490234,False,0.0,0,1,1774189442943,1774189442943,0
2026-03-22T09:24:09.608292,2456,500,2028,11.539936065673828,False,0.0,0,1,1774189449608,1774189449608,0
2026-03-22T09:24:17.902596,2457,0,26,3.5610198974609375,False,0.0,0,1,1774189457902,1774189457902,0
2026-03-22T09:24:24.574513,2457,100,426,2.290964126586914,False,0.0,0,1,1774189464574,1774189464574,0
2026-03-22T09:24:31.235057,2457,200,826,7.924556732177734,False,0.0,0,1,1774189471235,1774189471235,0
2026-03-22T09:24:37.887306,2457,300,1226,3.374814987182617,False,0.0,0,1,1774189477887,1774189477887,0
2026-03-22T09:24:44.541125,2457,400,1626,2.097606658935547,False,0.0,0,1,1774189484541,1774189484541,0
2026-03-22T09:24:52.361223,2458,0,27,2.660989761352539,False,0.0,0,1,1774189492361,1774189492361,0
2026-03-22T09:24:57.437412,2459,0,27,1.8193721771240234,False,0.0,0,1,1774189497437,1774189497437,0
2026-03-22T09:25:04.101512,2459,100,427,11.12985610961914,False,0.0,0,1,1774189504101,1774189504101,0
2026-03-22T09:25:10.764605,2459,200,827,3.016948699951172,False,0.0,0,1,1774189510764,1774189510764,0
2026-03-22T09:25:17.423473,2459,300,1227,5.15437126159668,False,0.0,0,1,1774189517423,1774189517423,0
2026-03-22T09:25:24.087573,2459,400,1627,12.658119201660156,False,0.0,0,1,1774189524087,1774189524087,0
2026-03-22T09:25:33.524611,2460,0,27,1.131296157836914,False,0.0,0,1,1774189533524,1774189533524,0
2026-03-22T09:25:40.182613,2460,100,427,2.8226375579833984,False,0.0,0,1,1774189540182,1774189540182,0
2026-03-22T09:25:48.283280,2461,0,27,0.7798671722412109,False,0.0,0,1,1774189548283,1774189548283,0
2026-03-22T09:25:54.944577,2461,100,427,6.062507629394531,False,0.0,0,1,1774189554944,1774189554944,0
2026-03-22T09:26:01.600535,2461,200,827,6.667852401733398,False,0.0,0,1,1774189561600,1774189561600,0
2026-03-22T09:26:06.293817,2462,0,26,4.818439483642578,False,0.0,0,1,1774189566293,1774189566293,0
2026-03-22T09:26:12.965941,2462,100,426,7.137775421142578,False,0.0,0,1,1774189572965,1774189572965,0
2026-03-22T09:26:16.637090,2463,0,27,1.9092559814453125,False,0.0,0,1,1774189576637,1774189576637,0
2026-03-22T09:26:23.298561,2463,100,427,6.485462188720703,False,0.0,0,1,1774189583298,1774189583298,0
2026-03-22T09:26:29.967107,2463,200,827,2.034425735473633,False,0.0,0,1,1774189589967,1774189589967,0
2026-03-22T09:26:31.248574,2464,0,27,3.830432891845703,False,0.0,0,1,1774189591248,1774189591248,0
2026-03-22T09:26:37.929104,2464,100,427,12.189626693725586,False,0.0,0,1,1774189597929,1774189597929,0
2026-03-22T09:26:44.596081,2464,200,827,7.178306579589844,False,0.0,0,1,1774189604596,1774189604596,0
2026-03-22T09:26:50.431827,2465,0,27,0.7693767547607422,False,0.0,0,1,1774189610431,1774189610431,0
2026-03-22T09:26:57.087401,2465,100,427,1.6357898712158203,False,0.0,0,1,1774189617087,1774189617087,0
2026-03-22T09:27:03.760977,2465,200,827,1.7573833465576172,False,0.0,0,1,1774189623760,1774189623760,0
2026-03-22T09:27:10.416334,2465,300,1227,1.806497573852539,False,0.0,0,1,1774189630416,1774189630416,0
2026-03-22T09:27:19.782556,2466,0,27,1.0025501251220703,False,0.0,0,1,1774189639782,1774189639782,0
2026-03-22T09:27:26.437939,2466,100,427,1.8396377563476562,False,0.0,0,1,1774189646437,1774189646437,0
2026-03-22T09:27:33.116975,2466,200,827,8.095264434814453,False,0.0,0,1,1774189653116,1774189653116,0
2026-03-22T09:27:39.766287,2466,300,1227,2.391338348388672,False,0.0,0,1,1774189659766,1774189659766,0
2026-03-22T09:27:44.897849,2467,0,26,0.6961822509765625,False,0.0,0,1,1774189664897,1774189664897,0
2026-03-22T09:27:51.547031,2467,100,426,1.529693603515625,False,0.0,0,1,1774189671547,1774189671547,0
2026-03-22T09:27:58.219535,2467,200,826,1.9130706787109375,False,0.0,0,1,1774189678219,1774189678219,0
2026-03-22T09:28:04.462635,2468,0,27,2.6001930236816406,False,0.0,0,1,1774189684462,1774189684462,0
2026-03-22T09:28:11.114278,2468,100,427,2.009153366088867,False,0.0,0,1,1774189691114,1774189691114,0
2026-03-22T09:28:17.798732,2468,200,827,13.149499893188477,False,0.0,0,1,1774189697798,1774189697798,0
2026-03-22T09:28:21.199488,2469,0,27,3.276348114013672,False,0.0,0,1,1774189701199,1774189701199,0
2026-03-22T09:28:27.853348,2469,100,427,2.3603439331054688,False,0.0,0,1,1774189707853,1774189707853,0
2026-03-22T09:28:34.532072,2469,200,827,8.985042572021484,False,0.0,0,1,1774189714532,1774189714532,0
2026-03-22T09:28:41.182076,2469,300,1227,3.192901611328125,False,0.0,0,1,1774189721182,1774189721182,0
2026-03-22T09:28:47.845038,2469,400,1627,9.990215301513672,False,0.0,0,1,1774189727845,1774189727845,0
2026-03-22T09:28:57.272260,2470,0,27,2.6836395263671875,False,0.0,0,1,1774189737272,1774189737272,0
2026-03-22T09:29:03.944381,2470,100,427,2.775430679321289,False,0.0,0,1,1774189743944,1774189743944,0
2026-03-22T09:29:10.598200,2470,200,827,1.5056133270263672,False,0.0,0,1,1774189750598,1774189750598,0
2026-03-22T09:29:12.478724,2471,0,27,1.8601417541503906,False,0.0,0,1,1774189752478,1774189752478,0
2026-03-22T09:29:19.136762,2471,100,427,2.695798873901367,False,0.0,0,1,1774189759136,1774189759136,0
2026-03-22T09:29:25.814067,2471,200,827,7.569313049316406,False,0.0,0,1,1774189765814,1774189765814,0
2026-03-22T09:29:33.698239,2472,0,27,4.808664321899414,False,0.0,0,1,1774189773698,1774189773698,0
2026-03-22T09:29:40.350207,2472,100,427,2.952098846435547,False,0.0,0,1,1774189780350,1774189780350,0
2026-03-22T09:29:45.615148,2473,0,27,9.868860244750977,False,0.0,0,1,1774189785615,1774189785615,0
2026-03-22T09:29:52.283878,2473,100,427,6.166934967041016,False,0.0,0,1,1774189792283,1774189792283,0
2026-03-22T09:29:58.936400,2473,200,827,2.3925304412841797,False,0.0,0,1,1774189798936,1774189798936,0
2026-03-22T09:30:05.592289,2473,300,1227,2.4802684783935547,False,0.0,0,1,1774189805592,1774189805592,0
2026-03-22T09:30:09.935486,2474,0,26,2.6531219482421875,False,0.0,0,1,1774189809935,1774189809935,0
2026-03-22T09:30:13.881681,2475,0,27,6.263017654418945,False,0.0,0,1,1774189813881,1774189813881,0
2026-03-22T09:30:20.551324,2475,100,427,3.0546188354492188,False,0.0,0,1,1774189820551,1774189820551,0
2026-03-22T09:30:27.230071,2475,200,827,9.594917297363281,False,0.0,0,1,1774189827230,1774189827230,0
2026-03-22T09:30:33.885186,2475,300,1227,8.765697479248047,False,0.0,0,1,1774189833885,1774189833885,0
2026-03-22T09:30:40.550485,2475,400,1627,2.744913101196289,False,0.0,0,1,1774189840550,1774189840550,0
2026-03-22T09:30:44.143686,2476,0,28,0.8645057678222656,False,0.0,0,1,1774189844143,1774189844143,0
2026-03-22T09:30:50.801354,2476,100,428,1.983642578125,False,0.0,0,1,1774189850801,1774189850801,0
2026-03-22T09:30:52.513565,2477,0,28,1.8765926361083984,False,0.0,0,1,1774189852513,1774189852513,0
2026-03-22T09:30:59.176886,2477,100,428,10.084152221679688,False,0.0,0,1,1774189859176,1774189859176,0
2026-03-22T09:31:05.824237,2477,200,828,2.062559127807617,False,0.0,0,1,1774189865824,1774189865824,0
2026-03-22T09:31:11.531362,2478,0,28,0.9915828704833984,False,0.0,0,1,1774189871531,1774189871531,0
2026-03-22T09:31:15.764763,2479,0,27,8.485555648803711,False,0.0,0,1,1774189875764,1774189875764,0
2026-03-22T09:31:22.413370,2479,100,427,1.8858909606933594,False,0.0,0,1,1774189882413,1774189882413,0
2026-03-22T09:31:29.095270,2479,200,827,11.427640914916992,False,0.0,0,1,1774189889095,1774189889095,0
2026-03-22T09:31:35.576992,2480,0,28,2.384185791015625,False,0.0,0,1,1774189895576,1774189895576,0
2026-03-22T09:31:42.237919,2480,100,428,9.284496307373047,False,0.0,0,1,1774189902237,1774189902237,0
2026-03-22T09:31:48.894570,2480,200,828,10.045528411865234,False,0.0,0,1,1774189908894,1774189908894,0
2026-03-22T09:31:51.264519,2481,0,28,0.8134841918945312,False,0.0,0,1,1774189911264,1774189911264,0
2026-03-22T09:31:57.921526,2481,100,428,1.7795562744140625,False,0.0,0,1,1774189917921,1774189917921,0
2026-03-22T09:32:04.601047,2481,200,828,9.401321411132812,False,0.0,0,1,1774189924601,1774189924601,0
2026-03-22T09:32:09.868681,2482,0,27,1.9266605377197266,False,0.0,0,1,1774189929868,1774189929868,0
2026-03-22T09:32:16.546755,2482,100,427,8.007526397705078,False,0.0,0,1,1774189936546,1774189936546,0
2026-03-22T09:32:23.203469,2482,200,827,8.837461471557617,False,0.0,0,1,1774189943203,1774189943203,0
2026-03-22T09:32:31.684223,2483,0,27,3.3042430877685547,False,0.0,0,1,1774189951684,1774189951684,0
2026-03-22T09:32:38.354698,2483,100,427,2.5854110717773438,False,0.0,0,1,1774189958354,1774189958354,0
2026-03-22T09:32:45.010874,2483,200,827,3.1044483184814453,False,0.0,0,1,1774189965010,1774189965010,0
2026-03-22T09:32:47.317004,2484,0,27,9.368896484375,False,0.0,0,1,1774189967317,1774189967317,0
2026-03-22T09:32:53.996606,2484,100,427,2.0313262939453125,False,0.0,0,1,1774189973996,1774189973996,0
2026-03-22T09:33:00.662109,2484,200,827,12.718915939331055,False,0.0,0,1,1774189980662,1774189980662,0
2026-03-22T09:33:07.318259,2484,300,1227,10.895013809204102,False,0.0,0,1,1774189987318,1774189987318,0
2026-03-22T09:33:16.046516,2485,0,26,3.702878952026367,False,0.0,0,1,1774189996046,1774189996046,0
2026-03-22T09:33:22.699145,2485,100,426,2.3565292358398438,False,0.0,0,1,1774190002699,1774190002699,0
2026-03-22T09:33:29.358693,2485,200,826,7.160425186157227,False,0.0,0,1,1774190009358,1774190009358,0
2026-03-22T09:33:30.052066,2486,0,27,1.9164085388183594,False,0.0,0,1,1774190010052,1774190010052,0
2026-03-22T09:33:36.707956,2486,100,427,2.1479129791259766,False,0.0,0,1,1774190016707,1774190016707,0
2026-03-22T09:33:43.379050,2486,200,827,1.12152099609375,False,0.0,0,1,1774190023379,1774190023379,0
2026-03-22T09:33:44.411929,2487,0,27,2.474546432495117,False,0.0,0,1,1774190024411,1774190024411,0
2026-03-22T09:33:51.094847,2487,100,427,12.762308120727539,False,0.0,0,1,1774190031094,1774190031094,0
2026-03-22T09:33:57.750080,2487,200,827,10.782957077026367,False,0.0,0,1,1774190037750,1774190037750,0
2026-03-22T09:34:04.395888,2487,300,1227,2.5014877319335938,False,0.0,0,1,1774190044395,1774190044395,0
2026-03-22T09:34:11.076574,2487,400,1627,8.817434310913086,False,0.0,0,1,1774190051076,1774190051076,0
2026-03-22T09:34:17.741939,2487,500,2027,2.7129650115966797,False,0.0,0,1,1774190057741,1774190057741,0
2026-03-22T09:34:28.837607,2488,0,27,1.1107921600341797,False,0.0,0,1,1774190068837,1774190068837,0
2026-03-22T09:34:32.669273,2489,0,27,2.4094581604003906,False,0.0,0,1,1774190072669,1774190072669,0
2026-03-22T09:34:37.807407,2490,0,28,1.959085464477539,False,0.0,0,1,1774190077807,1774190077807,0
2026-03-22T09:34:44.483733,2490,100,428,5.485296249389648,False,0.0,0,1,1774190084483,1774190084483,0
2026-03-22T09:34:51.142505,2490,200,828,10.12730598449707,False,0.0,0,1,1774190091142,1774190091142,0
2026-03-22T09:34:57.795730,2490,300,1228,7.601499557495117,False,0.0,0,1,1774190097795,1774190097795,0
2026-03-22T09:35:04.446117,2490,400,1628,1.6834735870361328,False,0.0,0,1,1774190104446,1774190104446,0
2026-03-22T09:35:10.919847,2491,0,26,0.9291172027587891,False,0.0,0,1,1774190110919,1774190110919,0
2026-03-22T09:35:17.584773,2491,100,426,12.227296829223633,False,0.0,0,1,1774190117584,1774190117584,0
2026-03-22T09:35:18.994583,2492,0,27,13.657331466674805,False,0.0,0,1,1774190118994,1774190118994,0
2026-03-22T09:35:25.023498,2493,0,27,13.820648193359375,False,0.0,0,1,1774190125023,1774190125023,0
2026-03-22T09:35:28.954243,2494,0,27,1.2140274047851562,False,0.0,0,1,1774190128954,1774190128954,0
2026-03-22T09:35:34.701293,2495,0,27,6.752967834472656,False,0.0,0,1,1774190134701,1774190134701,0
2026-03-22T09:35:40.639619,2496,0,28,2.841949462890625,False,0.0,0,1,1774190140639,1774190140639,0
2026-03-22T09:35:47.293970,2496,100,428,2.2881031036376953,False,0.0,0,1,1774190147293,1774190147293,0
2026-03-22T09:35:53.972816,2496,200,828,9.639978408813477,False,0.0,0,1,1774190153972,1774190153972,0
2026-03-22T09:35:57.242978,2497,0,27,3.0167102813720703,False,0.0,0,1,1774190157242,1774190157242,0
2026-03-22T09:36:03.904968,2497,100,427,9.885072708129883,False,0.0,0,1,1774190163904,1774190163904,0
2026-03-22T09:36:10.555181,2497,200,827,2.809762954711914,False,0.0,0,1,1774190170555,1774190170555,0
2026-03-22T09:36:12.973806,2498,0,28,10.347604751586914,False,0.0,0,1,1774190172973,1774190172973,0
2026-03-22T09:36:16.241590,2499,0,27,11.087656021118164,False,0.0,0,1,1774190176241,1774190176241,0
2026-03-22T09:36:22.898813,2499,100,427,2.1047592163085938,False,0.0,0,1,1774190182898,1774190182898,0
2026-03-22T09:36:25.277717,2500,0,27,1.0695457458496094,False,0.0,0,1,1774190185277,1774190185277,0
2026-03-22T09:36:31.936455,2500,100,427,4.064798355102539,False,0.0,0,1,1774190191936,1774190191936,0
2026-03-22T09:36:38.595889,2500,200,827,7.77888298034668,False,0.0,0,1,1774190198595,1774190198595,0
2026-03-22T09:36:43.748319,2501,0,27,0.8969306945800781,False,0.0,0,1,1774190203748,1774190203748,0
2026-03-22T09:36:50.402232,2501,100,427,1.5091896057128906,False,0.0,0,1,1774190210402,1774190210402,0
2026-03-22T09:36:57.058687,2501,200,827,1.912832260131836,False,0.0,0,1,1774190217058,1774190217058,0
2026-03-22T09:37:03.713962,2501,300,1227,1.8923282623291016,False,0.0,0,1,1774190223713,1774190223713,0
2026-03-22T09:37:09.786688,2502,0,27,0.8647441864013672,False,0.0,0,1,1774190229786,1774190229786,0
2026-03-22T09:37:15.285938,2503,0,27,1.96075439453125,False,0.0,0,1,1774190235285,1774190235285,0
2026-03-22T09:37:21.935119,2503,100,427,2.749204635620117,False,0.0,0,1,1774190241935,1774190241935,0
2026-03-22T09:37:28.613363,2503,200,827,9.39035415649414,False,0.0,0,1,1774190248613,1774190248613,0
2026-03-22T09:37:34.614564,2504,0,26,3.4067630767822266,False,0.0,0,1,1774190254614,1774190254614,0
2026-03-22T09:37:41.270794,2504,100,426,2.5980472564697266,False,0.0,0,1,1774190261270,1774190261270,0
2026-03-22T09:37:47.924281,2504,200,826,2.2306442260742188,False,0.0,0,1,1774190267924,1774190267924,0
2026-03-22T09:37:56.102543,2505,0,27,0.8537769317626953,False,0.0,0,1,1774190276102,1774190276102,0
2026-03-22T09:38:02.770367,2505,100,427,1.9426345825195312,False,0.0,0,1,1774190282770,1774190282770,0
2026-03-22T09:38:09.423456,2505,200,827,1.6341209411621094,False,0.0,0,1,1774190289423,1774190289423,0
2026-03-22T09:38:16.086276,2505,300,1227,9.813308715820312,False,0.0,0,1,1774190296086,1774190296086,0
2026-03-22T09:38:23.202209,2506,0,27,5.073070526123047,False,0.0,0,1,1774190303202,1774190303202,0
2026-03-22T09:38:29.854706,2506,100,427,2.2046566009521484,False,0.0,0,1,1774190309854,1774190309854,0
2026-03-22T09:38:36.513512,2506,200,827,2.9973983764648438,False,0.0,0,1,1774190316513,1774190316513,0
2026-03-22T09:38:44.595606,2507,0,28,0.9059906005859375,False,0.0,0,1,1774190324595,1774190324595,0
2026-03-22T09:38:51.253087,2507,100,428,1.9576549530029297,False,0.0,0,1,1774190331253,1774190331253,0
2026-03-22T09:38:57.908073,2507,200,828,1.8239021301269531,False,0.0,0,1,1774190337908,1774190337908,0
2026-03-22T09:39:04.565311,2507,300,1228,2.9718875885009766,False,0.0,0,1,1774190344565,1774190344565,0
2026-03-22T09:39:11.219504,2507,400,1628,2.033233642578125,False,0.0,0,1,1774190351219,1774190351219,0
2026-03-22T09:39:15.678532,2508,0,26,0.8232593536376953,False,0.0,0,1,1774190355678,1774190355678,0
2026-03-22T09:39:19.329045,2509,0,27,1.7859935760498047,False,0.0,0,1,1774190359329,1774190359329,0
2026-03-22T09:39:25.985337,2509,100,427,8.491039276123047,False,0.0,0,1,1774190365985,1774190365985,0
2026-03-22T09:39:32.635267,2509,200,827,2.6350021362304688,False,0.0,0,1,1774190372635,1774190372635,0
2026-03-22T09:39:41.825673,2510,0,27,4.927158355712891,False,0.0,0,1,1774190381825,1774190381825,0
2026-03-22T09:39:48.477886,2510,100,427,1.7943382263183594,False,0.0,0,1,1774190388477,1774190388477,0
2026-03-22T09:39:55.134357,2510,200,827,2.7074813842773438,False,0.0,0,1,1774190395134,1774190395134,0
2026-03-22T09:40:00.539918,2511,0,26,2.959728240966797,False,0.0,0,1,1774190400539,1774190400539,0
2026-03-22T09:40:07.201260,2511,100,426,9.44828987121582,False,0.0,0,1,1774190407201,1774190407201,0
2026-03-22T09:40:13.876327,2511,200,826,12.470722198486328,False,0.0,0,1,1774190413876,1774190413876,0
2026-03-22T09:40:20.532643,2511,300,1226,11.623382568359375,False,0.0,0,1,1774190420532,1774190420532,0
2026-03-22T09:40:27.182056,2511,400,1626,7.252693176269531,False,0.0,0,1,1774190427182,1774190427182,0
2026-03-22T09:40:33.838193,2511,500,2026,7.718563079833984,False,0.0,0,1,1774190433838,1774190433838,0
2026-03-22T09:40:40.720343,2512,0,27,0.8819103240966797,False,0.0,0,1,1774190440720,1774190440720,0
2026-03-22T09:40:46.774378,2513,0,27,13.417243957519531,False,0.0,0,1,1774190446774,1774190446774,0
2026-03-22T09:40:51.236526,2514,0,28,1.8117427825927734,False,0.0,0,1,1774190451236,1774190451236,0
2026-03-22T09:40:57.893779,2514,100,428,3.2129287719726562,False,0.0,0,1,1774190457893,1774190457893,0
2026-03-22T09:41:04.547582,2514,200,828,1.7287731170654297,False,0.0,0,1,1774190464547,1774190464547,0
2026-03-22T09:41:11.204278,2514,300,1228,1.936197280883789,False,0.0,0,1,1774190471204,1774190471204,0
2026-03-22T09:41:17.859547,2514,400,1628,1.7070770263671875,False,0.0,0,1,1774190477859,1774190477859,0
2026-03-22T09:41:22.659284,2515,0,27,1.1129379272460938,False,0.0,0,1,1774190482659,1774190482659,0
2026-03-22T09:41:29.308632,2515,100,427,2.2437572479248047,False,0.0,0,1,1774190489308,1774190489308,0
2026-03-22T09:41:35.964203,2515,200,827,1.9791126251220703,False,0.0,0,1,1774190495964,1774190495964,0
2026-03-22T09:41:42.620361,2515,300,1227,3.589630126953125,False,0.0,0,1,1774190502620,1774190502620,0
2026-03-22T09:41:47.109793,2516,0,27,1.0256767272949219,False,0.0,0,1,1774190507109,1774190507109,0
2026-03-22T09:41:52.352651,2517,0,27,2.3376941680908203,False,0.0,0,1,1774190512352,1774190512352,0
2026-03-22T09:41:59.015241,2517,100,427,9.185791015625,False,0.0,0,1,1774190519015,1774190519015,0
2026-03-22T09:42:05.665098,2517,200,827,3.003835678100586,False,0.0,0,1,1774190525665,1774190525665,0
2026-03-22T09:42:08.962076,2518,0,27,5.203008651733398,False,0.0,0,1,1774190528962,1774190528962,0
2026-03-22T09:42:15.630706,2518,100,427,2.152681350708008,False,0.0,0,1,1774190535630,1774190535630,0
2026-03-22T09:42:17.584696,2519,0,27,9.067296981811523,False,0.0,0,1,1774190537584,1774190537584,0
2026-03-22T09:42:24.308559,2519,100,427,7.2154998779296875,False,0.0,0,1,1774190544308,1774190544308,0
2026-03-22T09:42:30.960197,2519,200,827,3.245830535888672,False,0.0,0,1,1774190550960,1774190550960,0
2026-03-22T09:42:37.617553,2519,300,1227,3.678560256958008,False,0.0,0,1,1774190557617,1774190557617,0
2026-03-22T09:42:44.270417,2519,400,1627,2.6471614837646484,False,0.0,0,1,1774190564270,1774190564270,0
2026-03-22T09:42:50.926026,2519,500,2027,1.874685287475586,False,0.0,0,1,1774190570926,1774190570926,0
2026-03-22T09:42:55.535197,2520,0,27,1.6300678253173828,False,0.0,0,1,1774190575535,1774190575535,0
2026-03-22T09:43:02.197770,2520,100,427,8.948802947998047,False,0.0,0,1,1774190582197,1774190582197,0
2026-03-22T09:43:08.862816,2520,200,827,1.8963813781738281,False,0.0,0,1,1774190588862,1774190588862,0
2026-03-22T09:43:15.519878,2520,300,1227,2.9952526092529297,False,0.0,0,1,1774190595519,1774190595519,0
2026-03-22T09:43:20.585873,2521,0,27,4.859447479248047,False,0.0,0,1,1774190600585,1774190600585,0
2026-03-22T09:43:27.243463,2521,100,427,10.741233825683594,False,0.0,0,1,1774190607243,1774190607243,0
2026-03-22T09:43:33.889609,2521,200,827,3.3714771270751953,False,0.0,0,1,1774190613889,1774190613889,0
2026-03-22T09:43:36.634931,2522,0,27,2.788543701171875,False,0.0,0,1,1774190616634,1774190616634,0
2026-03-22T09:43:43.311415,2522,100,427,7.19761848449707,False,0.0,0,1,1774190623311,1774190623311,0
2026-03-22T09:43:49.968774,2522,200,827,9.129762649536133,False,0.0,0,1,1774190629968,1774190629968,0
2026-03-22T09:43:56.618336,2522,300,1227,3.2944679260253906,False,0.0,0,1,1774190636618,1774190636618,0
2026-03-22T09:44:03.273483,2522,400,1627,2.9382705688476562,False,0.0,0,1,1774190643273,1774190643273,0
2026-03-22T09:44:07.580230,2523,0,28,0.7064342498779297,False,0.0,0,1,1774190647580,1774190647580,0
2026-03-22T09:44:14.257596,2523,100,428,3.618955612182617,False,0.0,0,1,1774190654257,1774190654257,0
2026-03-22T09:44:21.690568,2524,0,26,0.9095668792724609,False,0.0,0,1,1774190661690,1774190661690,0
2026-03-22T09:44:25.536116,2525,0,28,2.020120620727539,False,0.0,0,1,1774190665536,1774190665536,0
2026-03-22T09:44:32.207597,2525,100,428,1.9638538360595703,False,0.0,0,1,1774190672207,1774190672207,0
2026-03-22T09:44:38.881185,2525,200,828,2.722501754760742,False,0.0,0,1,1774190678881,1774190678881,0
2026-03-22T09:44:43.339979,2526,0,27,2.767801284790039,False,0.0,0,1,1774190683339,1774190683339,0
2026-03-22T09:44:49.994755,2526,100,427,1.9071102142333984,False,0.0,0,1,1774190689994,1774190689994,0
2026-03-22T09:44:56.667853,2526,200,827,1.8215179443359375,False,0.0,0,1,1774190696667,1774190696667,0
2026-03-22T09:45:03.322238,2526,300,1227,1.6148090362548828,False,0.0,0,1,1774190703322,1774190703322,0
2026-03-22T09:45:10.709642,2527,0,27,0.7455348968505859,False,0.0,0,1,1774190710709,1774190710709,0
2026-03-22T09:45:17.373577,2527,100,427,9.81760025024414,False,0.0,0,1,1774190717373,1774190717373,0
2026-03-22T09:45:24.042858,2527,200,827,6.641387939453125,False,0.0,0,1,1774190724042,1774190724042,0
2026-03-22T09:45:27.104879,2528,0,27,3.276824951171875,False,0.0,0,1,1774190727104,1774190727104,0
2026-03-22T09:45:33.766040,2528,100,427,11.319637298583984,False,0.0,0,1,1774190733766,1774190733766,0
2026-03-22T09:45:40.420421,2528,200,827,10.242462158203125,False,0.0,0,1,1774190740420,1774190740420,0
2026-03-22T09:45:47.336355,2529,0,26,0.8797645568847656,False,0.0,0,1,1774190747336,1774190747336,0
2026-03-22T09:45:53.990695,2529,100,426,2.0041465759277344,False,0.0,0,1,1774190753990,1774190753990,0
2026-03-22T09:45:57.666468,2530,0,27,2.582550048828125,False,0.0,0,1,1774190757666,1774190757666,0
2026-03-22T09:46:03.330207,2531,0,28,2.3050308227539062,False,0.0,0,1,1774190763330,1774190763330,0
2026-03-22T09:46:09.969864,2532,0,27,9.872674942016602,False,0.0,0,1,1774190769969,1774190769969,0
2026-03-22T09:46:14.828064,2533,0,26,2.6226043701171875,False,0.0,0,1,1774190774828,1774190774828,0
2026-03-22T09:46:21.477568,2533,100,426,2.044200897216797,False,0.0,0,1,1774190781477,1774190781477,0
2026-03-22T09:46:28.132686,2533,200,826,2.801179885864258,False,0.0,0,1,1774190788132,1774190788132,0
2026-03-22T09:46:32.495756,2534,0,27,5.776882171630859,False,0.0,0,1,1774190792495,1774190792495,0
2026-03-22T09:46:38.582945,2535,0,27,2.545595169067383,False,0.0,0,1,1774190798582,1774190798582,0
2026-03-22T09:46:43.534012,2536,0,27,10.648727416992188,False,0.0,0,1,1774190803534,1774190803534,0
2026-03-22T09:46:50.179615,2536,100,427,2.1157264709472656,False,0.0,0,1,1774190810179,1774190810179,0
2026-03-22T09:46:56.849337,2536,200,827,14.770030975341797,False,0.0,0,1,1774190816849,1774190816849,0
2026-03-22T09:47:03.491383,2536,300,1227,1.8024444580078125,False,0.0,0,1,1774190823491,1774190823491,0
2026-03-22T09:47:07.782354,2537,0,26,1.0132789611816406,False,0.0,0,1,1774190827782,1774190827782,0
2026-03-22T09:47:13.869190,2538,0,27,13.654470443725586,False,0.0,0,1,1774190833869,1774190833869,0
2026-03-22T09:47:19.197261,2539,0,28,1.4829635620117188,False,0.0,0,1,1774190839197,1774190839197,0
2026-03-22T09:47:25.860017,2539,100,428,8.38327407836914,False,0.0,0,1,1774190845860,1774190845860,0
2026-03-22T09:47:32.514496,2539,200,828,6.805896759033203,False,0.0,0,1,1774190852514,1774190852514,0
2026-03-22T09:47:38.464954,2540,0,27,0.8206367492675781,False,0.0,0,1,1774190858464,1774190858464,0
2026-03-22T09:47:43.192032,2541,0,27,1.4431476593017578,False,0.0,0,1,1774190863192,1774190863192,0
2026-03-22T09:47:46.993272,2542,0,27,10.605573654174805,False,0.0,0,1,1774190866993,1774190866993,0
2026-03-22T09:47:53.646424,2542,100,427,8.089065551757812,False,0.0,0,1,1774190873646,1774190873646,0
2026-03-22T09:48:00.307240,2542,200,827,11.685848236083984,False,0.0,0,1,1774190880307,1774190880307,0
2026-03-22T09:48:07.319930,2543,0,26,1.1360645294189453,False,0.0,0,1,1774190887319,1774190887319,0
2026-03-22T09:48:13.973559,2543,100,426,2.26593017578125,False,0.0,0,1,1774190893973,1774190893973,0
2026-03-22T09:48:15.796415,2544,0,28,11.933326721191406,False,0.0,0,1,1774190895796,1774190895796,0
2026-03-22T09:48:22.443545,2544,100,428,3.0868053436279297,False,0.0,0,1,1774190902443,1774190902443,0
2026-03-22T09:48:29.121557,2544,200,828,8.502721786499023,False,0.0,0,1,1774190909121,1774190909121,0
2026-03-22T09:48:35.776766,2544,300,1228,8.39686393737793,False,0.0,0,1,1774190915776,1774190915776,0
2026-03-22T09:48:42.426058,2544,400,1628,1.6100406646728516,False,0.0,0,1,1774190922426,1774190922426,0
2026-03-22T09:48:48.587663,2545,0,27,0.8497238159179688,False,0.0,0,1,1774190928587,1774190928587,0
2026-03-22T09:48:52.868205,2546,0,28,10.128259658813477,False,0.0,0,1,1774190932868,1774190932868,0
2026-03-22T09:48:59.516274,2546,100,428,2.0728111267089844,False,0.0,0,1,1774190939516,1774190939516,0
2026-03-22T09:49:06.197159,2546,200,828,11.281728744506836,False,0.0,0,1,1774190946197,1774190946197,0
2026-03-22T09:49:12.843400,2546,300,1228,1.3234615325927734,False,0.0,0,1,1774190952843,1774190952843,0
2026-03-22T09:49:16.238611,2547,0,27,0.797271728515625,False,0.0,0,1,1774190956238,1774190956238,0
2026-03-22T09:49:22.909038,2547,100,427,2.0127296447753906,False,0.0,0,1,1774190962909,1774190962909,0
2026-03-22T09:49:29.581651,2547,200,827,1.8587112426757812,False,0.0,0,1,1774190969581,1774190969581,0
2026-03-22T09:49:36.253471,2547,300,1227,1.7781257629394531,False,0.0,0,1,1774190976253,1774190976253,0
2026-03-22T09:49:42.260861,2548,0,27,0.8833408355712891,False,0.0,0,1,1774190982260,1774190982260,0
2026-03-22T09:49:46.063706,2549,0,27,6.324291229248047,False,0.0,0,1,1774190986063,1774190986063,0
2026-03-22T09:49:52.710439,2549,100,427,3.2320022583007812,False,0.0,0,1,1774190992710,1774190992710,0
2026-03-22T09:49:59.373053,2549,200,827,10.177135467529297,False,0.0,0,1,1774190999373,1774190999373,0
2026-03-22T09:50:06.003121,2549,300,1225,17.978191375732422,False,0.0,0,1,1774191006003,1774191006003,0
2026-03-22T09:50:08.852611,2550,0,27,5.124807357788086,False,0.0,0,1,1774191008852,1774191008852,0
2026-03-22T09:50:15.518264,2550,100,427,13.065814971923828,False,0.0,0,1,1774191015518,1774191015518,0
2026-03-22T09:50:20.696761,2551,0,27,2.70843505859375,False,0.0,0,1,1774191020696,1774191020696,0
2026-03-22T09:50:26.003949,2552,0,27,1.790761947631836,False,0.0,0,1,1774191026003,1774191026003,0
2026-03-22T09:50:32.684048,2552,100,427,8.515357971191406,False,0.0,0,1,1774191032684,1774191032684,0
2026-03-22T09:50:37.005689,2553,0,27,12.112855911254883,False,0.0,0,1,1774191037005,1774191037005,0
2026-03-22T09:50:43.664868,2553,100,427,7.99250602722168,False,0.0,0,1,1774191043664,1774191043664,0
2026-03-22T09:50:50.332278,2553,200,827,2.7265548706054688,False,0.0,0,1,1774191050332,1774191050332,0
2026-03-22T09:50:56.992527,2553,300,1227,8.121490478515625,False,0.0,0,1,1774191056992,1774191056992,0
2026-03-22T09:51:03.657608,2553,400,1627,1.4464855194091797,False,0.0,0,1,1774191063657,1774191063657,0
2026-03-22T09:51:12.362566,2554,0,27,1.0113716125488281,False,0.0,0,1,1774191072362,1774191072362,0
2026-03-22T09:51:19.039358,2554,100,427,6.346225738525391,False,0.0,0,1,1774191079039,1774191079039,0
2026-03-22T09:51:25.697668,2554,200,827,10.089635848999023,False,0.0,0,1,1774191085697,1774191085697,0
2026-03-22T09:51:32.659299,2555,0,27,1.0783672332763672,False,0.0,0,1,1774191092659,1774191092659,0
2026-03-22T09:51:39.333443,2555,100,427,2.6352405548095703,False,0.0,0,1,1774191099333,1774191099333,0
2026-03-22T09:51:45.990400,2555,200,827,3.3020973205566406,False,0.0,0,1,1774191105990,1774191105990,0
2026-03-22T09:51:49.817204,2556,0,26,3.498077392578125,False,0.0,0,1,1774191109817,1774191109817,0
2026-03-22T09:51:55.173406,2557,0,27,1.9381046295166016,False,0.0,0,1,1774191115173,1774191115173,0
2026-03-22T09:52:01.855282,2557,100,427,11.69729232788086,False,0.0,0,1,1774191121855,1774191121855,0
2026-03-22T09:52:03.929283,2558,0,27,1.6896724700927734,False,0.0,0,1,1774191123929,1774191123929,0
2026-03-22T09:52:10.606808,2558,100,427,9.855985641479492,False,0.0,0,1,1774191130606,1774191130606,0
2026-03-22T09:52:17.269868,2558,200,827,1.689910888671875,False,0.0,0,1,1774191137269,1774191137269,0
2026-03-22T09:52:23.925263,2558,300,1227,1.9004344940185547,False,0.0,0,1,1774191143925,1774191143925,0
2026-03-22T09:52:30.048273,2559,0,27,1.074075698852539,False,0.0,0,1,1774191150048,1774191150048,0
2026-03-22T09:52:36.709688,2559,100,427,7.332086563110352,False,0.0,0,1,1774191156709,1774191156709,0
2026-03-22T09:52:43.369102,2559,200,827,10.683536529541016,False,0.0,0,1,1774191163369,1774191163369,0
2026-03-22T09:52:51.231541,2560,0,27,0.7379055023193359,False,0.0,0,1,1774191171231,1774191171231,0
2026-03-22T09:52:58.868260,2561,0,27,2.4716854095458984,False,0.0,0,1,1774191178868,1774191178868,0
2026-03-22T09:53:05.487322,2562,0,28,11.3067626953125,False,0.0,0,1,1774191185487,1774191185487,0
2026-03-22T09:53:12.131109,2562,100,428,1.781463623046875,False,0.0,0,1,1774191192131,1774191192131,0
2026-03-22T09:53:16.322423,2563,0,28,2.1157264709472656,False,0.0,0,1,1774191196322,1774191196322,0
2026-03-22T09:53:22.979559,2563,100,428,3.892660140991211,False,0.0,0,1,1774191202979,1774191202979,0
2026-03-22T09:53:29.650793,2563,200,828,2.100229263305664,False,0.0,0,1,1774191209650,1774191209650,0
2026-03-22T09:53:36.306924,2563,300,1228,1.6965866088867188,False,0.0,0,1,1774191216306,1774191216306,0
2026-03-22T09:53:39.634534,2564,0,27,1.4679431915283203,False,0.0,0,1,1774191219634,1774191219634,0
2026-03-22T09:53:45.142668,2565,0,26,3.7262439727783203,False,0.0,0,1,1774191225142,1774191225142,0
2026-03-22T09:53:51.816342,2565,100,426,3.454923629760742,False,0.0,0,1,1774191231816,1774191231816,0
2026-03-22T09:53:58.469854,2565,200,826,2.233743667602539,False,0.0,0,1,1774191238469,1774191238469,0
2026-03-22T09:54:05.125565,2565,300,1226,2.5434494018554688,False,0.0,0,1,1774191245125,1774191245125,0
2026-03-22T09:54:11.791166,2565,400,1626,12.569189071655273,False,0.0,0,1,1774191251791,1774191251791,0
2026-03-22T09:54:18.439110,2565,500,2026,5.555391311645508,False,0.0,0,1,1774191258439,1774191258439,0
2026-03-22T09:54:25.092701,2565,600,2426,3.1092166900634766,False,0.0,0,1,1774191265092,1774191265092,0
2026-03-22T09:54:31.747171,2565,700,2826,1.6019344329833984,False,0.0,0,1,1774191271747,1774191271747,0
2026-03-22T09:54:38.667810,2566,0,27,0.7672309875488281,False,0.0,0,1,1774191278667,1774191278667,0
2026-03-22T09:54:45.323790,2566,100,427,1.875162124633789,False,0.0,0,1,1774191285323,1774191285323,0
2026-03-22T09:54:52.001543,2566,200,827,7.319927215576172,False,0.0,0,1,1774191292001,1774191292001,0
2026-03-22T09:54:58.652550,2566,300,1227,2.0630359649658203,False,0.0,0,1,1774191298652,1774191298652,0
2026-03-22T09:55:05.325738,2566,400,1627,3.3299922943115234,False,0.0,0,1,1774191305325,1774191305325,0
2026-03-22T09:55:13.609653,2567,0,27,0.7822513580322266,False,0.0,0,1,1774191313609,1774191313609,0
2026-03-22T09:55:20.271798,2567,100,427,7.54094123840332,False,0.0,0,1,1774191320271,1774191320271,0
2026-03-22T09:55:26.926844,2567,200,827,6.056308746337891,False,0.0,0,1,1774191326926,1774191326926,0
2026-03-22T09:55:36.066098,2568,0,27,1.3232231140136719,False,0.0,0,1,1774191336066,1774191336066,0
2026-03-22T09:55:42.712758,2568,100,427,2.252340316772461,False,0.0,0,1,1774191342712,1774191342712,0
2026-03-22T09:55:44.039323,2569,0,27,10.468721389770508,False,0.0,0,1,1774191344039,1774191344039,0
2026-03-22T09:55:50.700801,2569,100,427,3.442525863647461,False,0.0,0,1,1774191350700,1774191350700,0
2026-03-22T09:55:52.507431,2570,0,27,11.126279830932617,False,0.0,0,1,1774191352507,1774191352507,0
2026-03-22T09:55:57.748335,2571,0,27,11.396646499633789,False,0.0,0,1,1774191357748,1774191357748,0
2026-03-22T09:56:02.509208,2572,0,27,11.120319366455078,False,0.0,0,1,1774191362509,1774191362509,0
2026-03-22T09:56:09.153521,2572,100,427,2.6121139526367188,False,0.0,0,1,1774191369153,1774191369153,0
2026-03-22T09:56:15.806868,2572,200,827,1.6117095947265625,False,0.0,0,1,1774191375806,1774191375806,0
2026-03-22T09:56:22.471719,2572,300,1227,10.277271270751953,False,0.0,0,1,1774191382471,1774191382471,0
2026-03-22T09:56:25.326419,2573,0,27,0.7460117340087891,False,0.0,0,1,1774191385326,1774191385326,0
2026-03-22T09:56:30.318199,2574,0,28,3.1058788299560547,False,0.0,0,1,1774191390318,1774191390318,0
2026-03-22T09:56:36.973908,2574,100,428,2.3114681243896484,False,0.0,0,1,1774191396973,1774191396973,0
2026-03-22T09:56:43.644512,2574,200,828,1.8944740295410156,False,0.0,0,1,1774191403644,1774191403644,0
2026-03-22T09:56:48.851664,2575,0,27,1.0142326354980469,False,0.0,0,1,1774191408851,1774191408851,0
2026-03-22T09:56:52.909185,2576,0,27,11.062383651733398,False,0.0,0,1,1774191412909,1774191412909,0
2026-03-22T09:56:59.566616,2576,100,427,10.917901992797852,False,0.0,0,1,1774191419566,1774191419566,0
2026-03-22T09:57:05.793025,2577,0,28,3.0362606048583984,False,0.0,0,1,1774191425793,1774191425793,0
2026-03-22T09:57:12.448860,2577,100,428,1.8315315246582031,False,0.0,0,1,1774191432448,1774191432448,0
2026-03-22T09:57:19.119755,2577,200,828,2.64739990234375,False,0.0,0,1,1774191439119,1774191439119,0
2026-03-22T09:57:25.785064,2577,300,1228,11.473417282104492,False,0.0,0,1,1774191445785,1774191445785,0
2026-03-22T09:57:32.445196,2577,400,1628,14.987945556640625,False,0.0,0,1,1774191452445,1774191452445,0
2026-03-22T09:57:39.102551,2577,500,2028,1.8014907836914062,False,0.0,0,1,1774191459102,1774191459102,0
2026-03-22T09:57:45.761904,2577,600,2428,2.053976058959961,False,0.0,0,1,1774191465761,1774191465761,0
2026-03-22T09:57:52.779180,2578,0,25,0.9334087371826172,False,0.0,0,1,1774191472779,1774191472779,0
2026-03-22T09:57:57.173280,2579,0,27,1.8274784088134766,False,0.0,0,1,1774191477173,1774191477173,0
2026-03-22T09:58:03.833963,2579,100,427,7.192134857177734,False,0.0,0,1,1774191483833,1774191483833,0
2026-03-22T09:58:10.507793,2579,200,827,8.866071701049805,False,0.0,0,1,1774191490507,1774191490507,0
2026-03-22T09:58:17.991228,2580,0,27,3.7691593170166016,False,0.0,0,1,1774191497991,1774191497991,0
2026-03-22T09:58:24.645657,2580,100,427,2.2993087768554688,False,0.0,0,1,1774191504645,1774191504645,0
2026-03-22T09:58:28.609150,2581,0,27,5.595207214355469,False,0.0,0,1,1774191508609,1774191508609,0
2026-03-22T09:58:35.267158,2581,100,427,9.396076202392578,False,0.0,0,1,1774191515267,1774191515267,0
2026-03-22T09:58:41.925290,2581,200,827,10.102033615112305,False,0.0,0,1,1774191521925,1774191521925,0
2026-03-22T09:58:46.724169,2582,0,26,0.9632110595703125,False,0.0,0,1,1774191526724,1774191526724,0
2026-03-22T09:58:52.354291,2583,0,27,6.540060043334961,False,0.0,0,1,1774191532354,1774191532354,0
2026-03-22T09:58:59.028468,2583,100,427,7.476091384887695,False,0.0,0,1,1774191539028,1774191539028,0
2026-03-22T09:59:04.788475,2584,0,27,13.12875747680664,False,0.0,0,1,1774191544788,1774191544788,0
2026-03-22T09:59:11.454672,2584,100,427,7.479429244995117,False,0.0,0,1,1774191551454,1774191551454,0
2026-03-22T09:59:18.112320,2584,200,827,9.570121765136719,False,0.0,0,1,1774191558112,1774191558112,0
2026-03-22T09:59:24.894155,2585,0,27,2.6624202728271484,False,0.0,0,1,1774191564894,1774191564894,0
2026-03-22T09:59:28.980833,2586,0,27,11.430025100708008,False,0.0,0,1,1774191568980,1774191568980,0
2026-03-22T09:59:35.644325,2586,100,427,2.611875534057617,False,0.0,0,1,1774191575644,1774191575644,0
2026-03-22T09:59:38.607240,2587,0,27,1.7096996307373047,False,0.0,0,1,1774191578607,1774191578607,0
2026-03-22T09:59:45.269365,2587,100,427,11.63935661315918,False,0.0,0,1,1774191585269,1774191585269,0
2026-03-22T09:59:51.917844,2587,200,827,1.7778873443603516,False,0.0,0,1,1774191591917,1774191591917,0
2026-03-22T09:59:58.574342,2587,300,1227,4.693269729614258,False,0.0,0,1,1774191598574,1774191598574,0
2026-03-22T10:00:03.911025,2588,0,27,3.4830570220947266,False,0.0,0,1,1774191603911,1774191603911,0
2026-03-22T10:00:10.553994,2588,100,427,1.7843246459960938,False,0.0,0,1,1774191610553,1774191610553,0
2026-03-22T10:00:17.209090,2588,200,827,2.670764923095703,False,0.0,0,1,1774191617209,1774191617209,0
2026-03-22T10:00:23.871310,2588,300,1227,8.889913558959961,False,0.0,0,1,1774191623871,1774191623871,0
2026-03-22T10:00:30.544547,2588,400,1627,11.667013168334961,False,0.0,0,1,1774191630544,1774191630544,0
2026-03-22T10:00:39.809804,2589,0,26,0.9148120880126953,False,0.0,0,1,1774191639809,1774191639809,0
2026-03-22T10:00:46.483658,2589,100,426,8.463382720947266,False,0.0,0,1,1774191646483,1774191646483,0
2026-03-22T10:00:53.422142,2590,0,27,10.23411750793457,False,0.0,0,1,1774191653422,1774191653422,0
2026-03-22T10:00:58.223160,2591,0,27,1.4786720275878906,False,0.0,0,1,1774191658223,1774191658223,0
2026-03-22T10:01:04.878607,2591,100,427,2.214193344116211,False,0.0,0,1,1774191664878,1774191664878,0
2026-03-22T10:01:11.534322,2591,200,827,1.9407272338867188,False,0.0,0,1,1774191671534,1774191671534,0
2026-03-22T10:01:19.321860,2592,0,27,0.8120536804199219,False,0.0,0,1,1774191679321,1774191679321,0
2026-03-22T10:01:25.978958,2592,100,427,1.99127197265625,False,0.0,0,1,1774191685978,1774191685978,0
2026-03-22T10:01:30.366840,2593,0,27,8.687019348144531,False,0.0,0,1,1774191690366,1774191690366,0
2026-03-22T10:01:37.008651,2593,100,427,1.5630722045898438,False,0.0,0,1,1774191697008,1774191697008,0
2026-03-22T10:01:43.672406,2593,200,827,8.606672286987305,False,0.0,0,1,1774191703672,1774191703672,0
2026-03-22T10:01:47.690909,2594,0,27,1.2142658233642578,False,0.0,0,1,1774191707690,1774191707690,0
2026-03-22T10:01:51.190760,2595,0,27,3.1142234802246094,False,0.0,0,1,1774191711190,1774191711190,0
2026-03-22T10:01:57.848939,2595,100,427,11.01231575012207,False,0.0,0,1,1774191717848,1774191717848,0
2026-03-22T10:02:04.498077,2595,200,827,3.449678421020508,False,0.0,0,1,1774191724498,1774191724498,0
2026-03-22T10:02:10.339591,2596,0,27,4.679203033447266,False,0.0,0,1,1774191730339,1774191730339,0
2026-03-22T10:02:17.000899,2596,100,427,11.415719985961914,False,0.0,0,1,1774191737000,1774191737000,0
2026-03-22T10:02:21.197950,2597,0,28,12.590885162353516,False,0.0,0,1,1774191741197,1774191741197,0
2026-03-22T10:02:24.817805,2598,0,27,7.48133659362793,False,0.0,0,1,1774191744817,1774191744817,0
2026-03-22T10:02:31.484034,2598,100,427,1.5325546264648438,False,0.0,0,1,1774191751484,1774191751484,0
2026-03-22T10:02:38.140486,2598,200,827,2.6793479919433594,False,0.0,0,1,1774191758140,1774191758140,0
2026-03-22T10:02:41.285382,2599,0,27,2.053499221801758,False,0.0,0,1,1774191761285,1774191761285,0
2026-03-22T10:02:45.987769,2600,0,27,10.541677474975586,False,0.0,0,1,1774191765987,1774191765987,0
2026-03-22T10:02:52.660196,2600,100,427,10.612249374389648,False,0.0,0,1,1774191772660,1774191772660,0
2026-03-22T10:02:56.267557,2601,0,27,3.1137466430664062,False,0.0,0,1,1774191776267,1774191776267,0
2026-03-22T10:02:59.687761,2602,0,28,1.1832714080810547,False,0.0,0,1,1774191779687,1774191779687,0
2026-03-22T10:03:06.462999,2603,0,28,4.993438720703125,False,0.0,0,1,1774191786462,1774191786462,0
2026-03-22T10:03:13.115070,2603,100,428,1.9466876983642578,False,0.0,0,1,1774191793115,1774191793115,0
2026-03-22T10:03:19.788623,2603,200,828,2.5093555450439453,False,0.0,0,1,1774191799788,1774191799788,0
2026-03-22T10:03:26.444330,2603,300,1228,3.155231475830078,False,0.0,0,1,1774191806444,1774191806444,0
2026-03-22T10:03:32.153236,2604,0,27,3.587961196899414,False,0.0,0,1,1774191812153,1774191812153,0
2026-03-22T10:03:37.975812,2605,0,28,2.394437789916992,False,0.0,0,1,1774191817975,1774191817975,0
2026-03-22T10:03:42.698153,2606,0,28,2.41851806640625,False,0.0,0,1,1774191822698,1774191822698,0
2026-03-22T10:03:47.432113,2607,0,27,12.087583541870117,False,0.0,0,1,1774191827432,1774191827432,0
2026-03-22T10:03:52.554734,2608,0,27,10.23554801940918,False,0.0,0,1,1774191832554,1774191832554,0
2026-03-22T10:03:56.914941,2609,0,27,10.704517364501953,False,0.0,0,1,1774191836914,1774191836914,0
2026-03-22T10:04:03.588299,2609,100,427,11.57069206237793,False,0.0,0,1,1774191843588,1774191843588,0
2026-03-22T10:04:10.239535,2609,200,827,6.74128532409668,False,0.0,0,1,1774191850239,1774191850239,0
2026-03-22T10:04:16.889677,2609,300,1227,2.1810531616210938,False,0.0,0,1,1774191856889,1774191856889,0
2026-03-22T10:04:23.569639,2609,400,1627,9.535789489746094,False,0.0,0,1,1774191863569,1774191863569,0
2026-03-22T10:04:32.785384,2610,0,27,5.741596221923828,False,0.0,0,1,1774191872785,1774191872785,0
2026-03-22T10:04:39.443344,2610,100,427,9.032726287841797,False,0.0,0,1,1774191879443,1774191879443,0
2026-03-22T10:04:46.092310,2610,200,827,2.031564712524414,False,0.0,0,1,1774191886092,1774191886092,0
2026-03-22T10:04:52.754115,2610,300,1227,8.435964584350586,False,0.0,0,1,1774191892754,1774191892754,0
2026-03-22T10:04:59.403220,2610,400,1627,2.184152603149414,False,0.0,0,1,1774191899403,1774191899403,0
2026-03-22T10:05:02.930478,2611,0,27,1.3079643249511719,False,0.0,0,1,1774191902930,1774191902930,0
2026-03-22T10:05:09.601731,2611,100,427,1.3921260833740234,False,0.0,0,1,1774191909601,1774191909601,0
2026-03-22T10:05:14.303041,2612,0,27,1.5444755554199219,False,0.0,0,1,1774191914303,1774191914303,0
2026-03-22T10:05:20.970234,2612,100,427,4.078149795532227,False,0.0,0,1,1774191920970,1774191920970,0
2026-03-22T10:05:27.623129,2612,200,827,2.1677017211914062,False,0.0,0,1,1774191927623,1774191927623,0
2026-03-22T10:05:34.284418,2612,300,1227,8.13150405883789,False,0.0,0,1,1774191934284,1774191934284,0
2026-03-22T10:05:38.695105,2613,0,26,0.9286403656005859,False,0.0,0,1,1774191938695,1774191938695,0
2026-03-22T10:05:45.351546,2613,100,426,10.862112045288086,False,0.0,0,1,1774191945351,1774191945351,0
2026-03-22T10:05:52.004643,2613,200,826,7.725000381469727,False,0.0,0,1,1774191952004,1774191952004,0
2026-03-22T10:06:01.287550,2614,0,26,2.3937225341796875,False,0.0,0,1,1774191961287,1774191961287,0
2026-03-22T10:06:05.765639,2615,0,27,8.272409439086914,False,0.0,0,1,1774191965765,1774191965765,0
2026-03-22T10:06:10.360529,2616,0,27,10.453462600708008,False,0.0,0,1,1774191970360,1774191970360,0
2026-03-22T10:06:17.025089,2616,100,427,1.3189315795898438,False,0.0,0,1,1774191977025,1774191977025,0
2026-03-22T10:06:23.701511,2616,200,827,7.582426071166992,False,0.0,0,1,1774191983701,1774191983701,0
2026-03-22T10:06:29.652250,2617,0,27,1.1668205261230469,False,0.0,0,1,1774191989652,1774191989652,0
2026-03-22T10:06:34.700123,2618,0,27,1.7058849334716797,False,0.0,0,1,1774191994700,1774191994700,0
2026-03-22T10:06:41.349822,2618,100,427,1.8010139465332031,False,0.0,0,1,1774192001349,1774192001349,0
2026-03-22T10:06:48.015925,2618,200,827,12.19487190246582,False,0.0,0,1,1774192008015,1774192008015,0
2026-03-22T10:06:54.661827,2618,300,1227,1.9614696502685547,False,0.0,0,1,1774192014661,1774192014661,0
2026-03-22T10:07:02.937138,2619,0,26,1.3134479522705078,False,0.0,0,1,1774192022937,1774192022937,0
2026-03-22T10:07:09.762728,2619,100,426,2.234220504760742,False,0.0,0,1,1774192029762,1774192029762,0
2026-03-22T10:07:16.427218,2619,200,826,10.782241821289062,False,0.0,0,1,1774192036427,1774192036427,0
2026-03-22T10:07:20.555453,2620,0,27,2.6183128356933594,False,0.0,0,1,1774192040555,1774192040555,0
2026-03-22T10:07:24.907252,2621,0,28,4.764080047607422,False,0.0,0,1,1774192044907,1774192044907,0
2026-03-22T10:07:31.567426,2621,100,428,8.38017463684082,False,0.0,0,1,1774192051567,1774192051567,0
2026-03-22T10:07:38.224455,2621,200,828,10.575532913208008,False,0.0,0,1,1774192058224,1774192058224,0
2026-03-22T10:07:47.521801,2622,0,27,3.0870437622070312,False,0.0,0,1,1774192067521,1774192067521,0
2026-03-22T10:07:54.177320,2622,100,427,2.6624202728271484,False,0.0,0,1,1774192074177,1774192074177,0
2026-03-22T10:08:00.857345,2622,200,827,12.576818466186523,False,0.0,0,1,1774192080857,1774192080857,0
2026-03-22T10:08:09.447582,2623,0,27,1.2621879577636719,False,0.0,0,1,1774192089447,1774192089447,0
2026-03-22T10:08:14.821228,2624,0,27,1.9757747650146484,False,0.0,0,1,1774192094821,1774192094821,0
2026-03-22T10:08:21.500393,2624,100,427,7.625341415405273,False,0.0,0,1,1774192101500,1774192101500,0
2026-03-22T10:08:27.252098,2625,0,27,1.9257068634033203,False,0.0,0,1,1774192107252,1774192107252,0
2026-03-22T10:08:33.924643,2625,100,427,3.2491683959960938,False,0.0,0,1,1774192113924,1774192113924,0
2026-03-22T10:08:40.579210,2625,200,827,2.084493637084961,False,0.0,0,1,1774192120579,1774192120579,0
2026-03-22T10:08:46.670318,2626,0,27,3.099203109741211,False,0.0,0,1,1774192126670,1774192126670,0
2026-03-22T10:08:51.884598,2627,0,28,10.051488876342773,False,0.0,0,1,1774192131884,1774192131884,0
2026-03-22T10:08:58.540713,2627,100,428,10.044574737548828,False,0.0,0,1,1774192138540,1774192138540,0
2026-03-22T10:09:02.639122,2628,0,28,9.580850601196289,False,0.0,0,1,1774192142639,1774192142639,0
2026-03-22T10:09:07.140821,2629,0,27,7.740020751953125,False,0.0,0,1,1774192147140,1774192147140,0
2026-03-22T10:09:13.799465,2629,100,427,9.48643684387207,False,0.0,0,1,1774192153799,1774192153799,0
2026-03-22T10:09:20.454191,2629,200,827,10.31637191772461,False,0.0,0,1,1774192160454,1774192160454,0
2026-03-22T10:09:27.104442,2629,300,1227,3.5538673400878906,False,0.0,0,1,1774192167104,1774192167104,0
2026-03-22T10:09:33.757642,2629,400,1627,1.9223690032958984,False,0.0,0,1,1774192173757,1774192173757,0
2026-03-22T10:09:37.735410,2630,0,27,3.023386001586914,False,0.0,0,1,1774192177735,1774192177735,0
2026-03-22T10:09:44.390915,2630,100,427,2.5277137756347656,False,0.0,0,1,1774192184390,1774192184390,0
2026-03-22T10:09:48.990102,2631,0,26,10.092973709106445,False,0.0,0,1,1774192188990,1774192188990,0
2026-03-22T10:09:55.654661,2631,100,426,1.676797866821289,False,0.0,0,1,1774192195654,1774192195654,0
2026-03-22T10:10:01.329560,2632,0,27,0.8757114410400391,False,0.0,0,1,1774192201329,1774192201329,0
2026-03-22T10:10:08.001631,2632,100,427,1.9657611846923828,False,0.0,0,1,1774192208001,1774192208001,0
2026-03-22T10:10:14.658597,2632,200,827,2.524852752685547,False,0.0,0,1,1774192214658,1774192214658,0
2026-03-22T10:10:16.270852,2633,0,27,1.9254684448242188,False,0.0,0,1,1774192216270,1774192216270,0
2026-03-22T10:10:22.945699,2633,100,427,1.9619464874267578,False,0.0,0,1,1774192222945,1774192222945,0
2026-03-22T10:10:28.489372,2634,0,28,7.37309455871582,False,0.0,0,1,1774192228489,1774192228489,0
2026-03-22T10:10:32.322605,2635,0,27,11.983871459960938,False,0.0,0,1,1774192232322,1774192232322,0
2026-03-22T10:10:38.983180,2635,100,427,1.4541149139404297,False,0.0,0,1,1774192238983,1774192238983,0
2026-03-22T10:10:45.667298,2635,200,827,12.931108474731445,False,0.0,0,1,1774192245667,1774192245667,0
2026-03-22T10:10:52.319810,2635,300,1227,10.458230972290039,False,0.0,0,1,1774192252319,1774192252319,0
2026-03-22T10:10:58.986981,2635,400,1627,1.7771720886230469,False,0.0,0,1,1774192258986,1774192258986,0
2026-03-22T10:11:04.793121,2636,0,27,2.9795169830322266,False,0.0,0,1,1774192264793,1774192264793,0
2026-03-22T10:11:09.499795,2637,0,28,1.9295215606689453,False,0.0,0,1,1774192269499,1774192269499,0
2026-03-22T10:11:16.164219,2637,100,428,10.921955108642578,False,0.0,0,1,1774192276164,1774192276164,0
2026-03-22T10:11:22.821838,2637,200,828,11.389970779418945,False,0.0,0,1,1774192282821,1774192282821,0
2026-03-22T10:11:24.309714,2638,0,27,3.438234329223633,False,0.0,0,1,1774192284309,1774192284309,0
2026-03-22T10:11:30.963590,2638,100,427,1.676321029663086,False,0.0,0,1,1774192290963,1774192290963,0
2026-03-22T10:11:36.124836,2639,0,26,1.8372535705566406,False,0.0,0,1,1774192296124,1774192296124,0
2026-03-22T10:11:42.777242,2639,100,426,2.390146255493164,False,0.0,0,1,1774192302777,1774192302777,0
2026-03-22T10:11:49.456918,2639,200,826,8.985519409179688,False,0.0,0,1,1774192309456,1774192309456,0
2026-03-22T10:11:51.270187,2640,0,27,9.559392929077148,False,0.0,0,1,1774192311270,1774192311270,0
2026-03-22T10:11:57.917852,2640,100,427,1.527547836303711,False,0.0,0,1,1774192317917,1774192317917,0
2026-03-22T10:12:06.023019,2641,0,27,1.2404918670654297,False,0.0,0,1,1774192326023,1774192326023,0
2026-03-22T10:12:12.694750,2641,100,427,2.6674270629882812,False,0.0,0,1,1774192332694,1774192332694,0
2026-03-22T10:12:19.356193,2641,200,827,8.270502090454102,False,0.0,0,1,1774192339356,1774192339356,0
2026-03-22T10:12:23.446910,2642,0,27,0.7622241973876953,False,0.0,0,1,1774192343446,1774192343446,0
2026-03-22T10:12:30.117339,2642,100,427,2.5887489318847656,False,0.0,0,1,1774192350117,1774192350117,0
2026-03-22T10:12:36.800768,2642,200,827,12.399435043334961,False,0.0,0,1,1774192356800,1774192356800,0
2026-03-22T10:12:43.453402,2642,300,1227,12.113571166992188,False,0.0,0,1,1774192363453,1774192363453,0
2026-03-22T10:12:50.105286,2642,400,1627,1.5821456909179688,False,0.0,0,1,1774192370105,1774192370105,0
2026-03-22T10:12:56.764121,2642,500,2027,11.216402053833008,False,0.0,0,1,1774192376764,1774192376764,0
2026-03-22T10:13:04.181599,2643,0,26,2.3293495178222656,False,0.0,0,1,1774192384181,1774192384181,0
2026-03-22T10:13:10.844578,2643,100,426,13.571977615356445,False,0.0,0,1,1774192390844,1774192390844,0
2026-03-22T10:13:13.492547,2644,0,27,1.7235279083251953,False,0.0,0,1,1774192393492,1774192393492,0
2026-03-22T10:13:20.150114,2644,100,427,3.1113624572753906,False,0.0,0,1,1774192400150,1774192400150,0
2026-03-22T10:13:26.805083,2644,200,827,2.174854278564453,False,0.0,0,1,1774192406805,1774192406805,0
2026-03-22T10:13:33.169097,2645,0,27,2.4890899658203125,False,0.0,0,1,1774192413169,1774192413169,0
2026-03-22T10:13:39.844526,2645,100,427,12.18867301940918,False,0.0,0,1,1774192419844,1774192419844,0
2026-03-22T10:13:46.488763,2645,200,827,2.004384994506836,False,0.0,0,1,1774192426488,1774192426488,0
2026-03-22T10:13:53.144207,2645,300,1227,1.5568733215332031,False,0.0,0,1,1774192433144,1774192433144,0
2026-03-22T10:14:03.110058,2646,0,28,0.9050369262695312,False,0.0,0,1,1774192443110,1774192443110,0
2026-03-22T10:14:09.774412,2646,100,428,9.10186767578125,False,0.0,0,1,1774192449774,1774192449774,0
2026-03-22T10:14:16.439431,2646,200,828,3.058910369873047,False,0.0,0,1,1774192456439,1774192456439,0
2026-03-22T10:14:25.426817,2647,0,27,3.4341812133789062,False,0.0,0,1,1774192465426,1774192465426,0
2026-03-22T10:14:32.080785,2647,100,427,1.6312599182128906,False,0.0,0,1,1774192472080,1774192472080,0
2026-03-22T10:14:38.753537,2647,200,827,2.8083324432373047,False,0.0,0,1,1774192478753,1774192478753,0
2026-03-22T10:14:47.322727,2648,0,27,2.267122268676758,False,0.0,0,1,1774192487322,1774192487322,0
2026-03-22T10:14:52.794593,2649,0,27,1.4729499816894531,False,0.0,0,1,1774192492794,1774192492794,0
2026-03-22T10:14:57.747903,2650,0,27,12.905359268188477,False,0.0,0,1,1774192497747,1774192497747,0
2026-03-22T10:15:04.416464,2650,100,427,9.245157241821289,False,0.0,0,1,1774192504416,1774192504416,0
2026-03-22T10:15:11.091363,2650,200,827,11.438846588134766,False,0.0,0,1,1774192511091,1774192511091,0
2026-03-22T10:15:17.744904,2650,300,1227,9.490489959716797,False,0.0,0,1,1774192517744,1774192517744,0
2026-03-22T10:15:24.417961,2650,400,1627,10.948419570922852,False,0.0,0,1,1774192524417,1774192524417,0
2026-03-22T10:15:28.223479,2651,0,26,5.095005035400391,False,0.0,0,1,1774192528223,1774192528223,0
2026-03-22T10:15:34.883400,2651,100,426,9.985208511352539,False,0.0,0,1,1774192534883,1774192534883,0
2026-03-22T10:15:39.753298,2652,0,27,4.157066345214844,False,0.0,0,1,1774192539753,1774192539753,0
2026-03-22T10:15:46.414322,2652,100,427,8.868932723999023,False,0.0,0,1,1774192546414,1774192546414,0
2026-03-22T10:15:53.062110,2652,200,827,2.060413360595703,False,0.0,0,1,1774192553062,1774192553062,0
2026-03-22T10:16:01.832951,2653,0,27,0.8609294891357422,False,0.0,0,1,1774192561832,1774192561832,0
2026-03-22T10:16:08.509999,2653,100,427,9.520530700683594,False,0.0,0,1,1774192568509,1774192568509,0
2026-03-22T10:16:15.184847,2653,200,827,11.195182800292969,False,0.0,0,1,1774192575184,1774192575184,0
2026-03-22T10:16:21.831451,2653,300,1227,1.9772052764892578,False,0.0,0,1,1774192581831,1774192581831,0
2026-03-22T10:16:28.503619,2653,400,1627,2.5784969329833984,False,0.0,0,1,1774192588503,1774192588503,0
2026-03-22T10:16:35.164545,2653,500,2027,8.149862289428711,False,0.0,0,1,1774192595164,1774192595164,0
2026-03-22T10:16:41.821331,2653,600,2427,8.713245391845703,False,0.0,0,1,1774192601821,1774192601821,0
2026-03-22T10:16:47.204100,2654,0,26,0.7712841033935547,False,0.0,0,1,1774192607204,1774192607204,0
2026-03-22T10:16:52.655668,2655,0,28,2.0499229431152344,False,0.0,0,1,1774192612655,1774192612655,0
2026-03-22T10:16:56.556389,2656,0,27,1.8761157989501953,False,0.0,0,1,1774192616556,1774192616556,0
2026-03-22T10:17:03.221337,2656,100,427,11.432170867919922,False,0.0,0,1,1774192623221,1774192623221,0
2026-03-22T10:17:09.901515,2656,200,827,2.1059513092041016,False,0.0,0,1,1774192629901,1774192629901,0
2026-03-22T10:17:13.313649,2657,0,27,2.668619155883789,False,0.0,0,1,1774192633313,1774192633313,0
2026-03-22T10:17:19.985116,2657,100,427,1.8625259399414062,False,0.0,0,1,1774192639985,1774192639985,0
2026-03-22T10:17:26.641698,2657,200,827,3.4132003784179688,False,0.0,0,1,1774192646641,1774192646641,0
2026-03-22T10:17:33.297033,2657,300,1227,2.549409866333008,False,0.0,0,1,1774192653297,1774192653297,0
2026-03-22T10:17:39.220660,2658,0,27,1.6429424285888672,False,0.0,0,1,1774192659220,1774192659220,0
2026-03-22T10:17:45.874661,2658,100,427,1.68609619140625,False,0.0,0,1,1774192665874,1774192665874,0
2026-03-22T10:17:48.937061,2659,0,26,3.1681060791015625,False,0.0,0,1,1774192668937,1774192668937,0
2026-03-22T10:17:54.010115,2660,0,27,1.2843608856201172,False,0.0,0,1,1774192674010,1774192674010,0
2026-03-22T10:18:00.691033,2660,100,427,8.904695510864258,False,0.0,0,1,1774192680691,1774192680691,0
2026-03-22T10:18:07.346505,2660,200,827,9.200334548950195,False,0.0,0,1,1774192687346,1774192687346,0
2026-03-22T10:18:13.995289,2660,300,1227,2.1071434020996094,False,0.0,0,1,1774192693995,1774192693995,0
2026-03-22T10:18:21.899046,2661,0,27,2.662181854248047,False,0.0,0,1,1774192701899,1774192701899,0
2026-03-22T10:18:28.554580,2661,100,427,2.4101734161376953,False,0.0,0,1,1774192708554,1774192708554,0
2026-03-22T10:18:35.225794,2661,200,827,1.5251636505126953,False,0.0,0,1,1774192715225,1774192715225,0
2026-03-22T10:18:40.219082,2662,0,27,2.5789737701416016,False,0.0,0,1,1774192720219,1774192720219,0
2026-03-22T10:18:46.882234,2662,100,427,9.981155395507812,False,0.0,0,1,1774192726882,1774192726882,0
2026-03-22T10:18:53.553668,2662,200,827,9.980916976928711,False,0.0,0,1,1774192733553,1774192733553,0
2026-03-22T10:19:00.201341,2662,300,1227,1.74713134765625,False,0.0,0,1,1774192740201,1774192740201,0
2026-03-22T10:19:06.858235,2662,400,1627,1.8646717071533203,False,0.0,0,1,1774192746858,1774192746858,0
2026-03-22T10:19:14.067607,2663,0,27,3.503084182739258,False,0.0,0,1,1774192754067,1774192754067,0
2026-03-22T10:19:20.725142,2663,100,427,8.901357650756836,False,0.0,0,1,1774192760725,1774192760725,0
2026-03-22T10:19:21.824836,2664,0,28,11.776208877563477,False,0.0,0,1,1774192761824,1774192761824,0
2026-03-22T10:19:27.436954,2665,0,27,16.02458953857422,False,0.0,0,1,1774192767436,1774192767436,0
2026-03-22T10:19:31.183327,2666,0,27,1.8877983093261719,False,0.0,0,1,1774192771183,1774192771183,0
2026-03-22T10:19:34.473692,2667,0,28,11.994361877441406,False,0.0,0,1,1774192774473,1774192774473,0
2026-03-22T10:19:41.127111,2667,100,428,11.277437210083008,False,0.0,0,1,1774192781127,1774192781127,0
2026-03-22T10:19:47.785234,2667,200,828,13.269662857055664,False,0.0,0,1,1774192787785,1774192787785,0
2026-03-22T10:19:54.433885,2667,300,1228,8.011102676391602,False,0.0,0,1,1774192794433,1774192794433,0
2026-03-22T10:20:01.084882,2667,400,1628,2.695322036743164,False,0.0,0,1,1774192801084,1774192801084,0
2026-03-22T10:20:05.661309,2668,0,27,2.630472183227539,False,0.0,0,1,1774192805661,1774192805661,0
2026-03-22T10:20:09.491308,2669,0,26,1.5702247619628906,False,0.0,0,1,1774192809491,1774192809491,0
2026-03-22T10:20:16.159994,2669,100,426,2.513885498046875,False,0.0,0,1,1774192816159,1774192816159,0
2026-03-22T10:20:24.728122,2670,0,27,2.701282501220703,False,0.0,0,1,1774192824728,1774192824728,0
2026-03-22T10:20:31.388797,2670,100,427,7.362604141235352,False,0.0,0,1,1774192831388,1774192831388,0
2026-03-22T10:20:38.047180,2670,200,827,9.760141372680664,False,0.0,0,1,1774192838047,1774192838047,0
2026-03-22T10:20:44.694946,2670,300,1227,2.1610260009765625,False,0.0,0,1,1774192844694,1774192844694,0
2026-03-22T10:20:51.349783,2670,400,1627,1.5301704406738281,False,0.0,0,1,1774192851349,1774192851349,0
2026-03-22T10:20:59.152602,2671,0,27,0.9324550628662109,False,0.0,0,1,1774192859152,1774192859152,0
2026-03-22T10:21:05.815995,2671,100,427,8.09931755065918,False,0.0,0,1,1774192865815,1774192865815,0
2026-03-22T10:21:12.464951,2671,200,827,1.1980533599853516,False,0.0,0,1,1774192872464,1774192872464,0
2026-03-22T10:21:21.234320,2672,0,27,1.1286735534667969,False,0.0,0,1,1774192881234,1774192881234,0
2026-03-22T10:21:27.889334,2672,100,427,1.9762516021728516,False,0.0,0,1,1774192887889,1774192887889,0
2026-03-22T10:21:34.563351,2672,200,827,2.4971961975097656,False,0.0,0,1,1774192894563,1774192894563,0
2026-03-22T10:21:39.959904,2673,0,27,3.2067298889160156,False,0.0,0,1,1774192899959,1774192899959,0
2026-03-22T10:21:43.780388,2674,0,27,1.8546581268310547,False,0.0,0,1,1774192903780,1774192903780,0
2026-03-22T10:21:50.452449,2674,100,427,2.4628639221191406,False,0.0,0,1,1774192910452,1774192910452,0
2026-03-22T10:21:57.110657,2674,200,827,3.4525394439697266,False,0.0,0,1,1774192917110,1774192917110,0
2026-03-22T10:22:03.771912,2674,300,1227,9.950399398803711,False,0.0,0,1,1774192923771,1774192923771,0
2026-03-22T10:22:10.436822,2674,400,1627,1.9621849060058594,False,0.0,0,1,1774192930436,1774192930436,0
2026-03-22T10:22:15.550337,2675,0,27,6.959438323974609,False,0.0,0,1,1774192935550,1774192935550,0
2026-03-22T10:22:22.210126,2675,100,427,9.888410568237305,False,0.0,0,1,1774192942210,1774192942210,0
2026-03-22T10:22:28.855918,2675,200,827,2.307891845703125,False,0.0,0,1,1774192948855,1774192948855,0
2026-03-22T10:22:35.519166,2675,300,1227,10.012388229370117,False,0.0,0,1,1774192955519,1774192955519,0
2026-03-22T10:22:39.524109,2676,0,27,0.9281635284423828,False,0.0,0,1,1774192959524,1774192959524,0
2026-03-22T10:22:46.202139,2676,100,427,10.939836502075195,False,0.0,0,1,1774192966202,1774192966202,0
2026-03-22T10:22:52.849567,2676,200,827,1.4467239379882812,False,0.0,0,1,1774192972849,1774192972849,0
2026-03-22T10:22:59.505224,2676,300,1227,1.7731189727783203,False,0.0,0,1,1774192979505,1774192979505,0
2026-03-22T10:23:08.773454,2677,0,27,1.0311603546142578,False,0.0,0,1,1774192988773,1774192988773,0
2026-03-22T10:23:15.454743,2677,100,427,11.273384094238281,False,0.0,0,1,1774192995454,1774192995454,0
2026-03-22T10:23:22.100723,2677,200,827,1.9850730895996094,False,0.0,0,1,1774193002100,1774193002100,0
2026-03-22T10:23:27.806235,2678,0,27,0.7865428924560547,False,0.0,0,1,1774193007806,1774193007806,0
2026-03-22T10:23:32.833848,2679,0,27,2.0933151245117188,False,0.0,0,1,1774193012833,1774193012833,0
2026-03-22T10:23:37.842262,2680,0,27,2.599954605102539,False,0.0,0,1,1774193017842,1774193017842,0
2026-03-22T10:23:44.513815,2680,100,427,2.761363983154297,False,0.0,0,1,1774193024513,1774193024513,0
2026-03-22T10:23:52.648679,2681,0,27,1.2879371643066406,False,0.0,0,1,1774193032648,1774193032648,0
2026-03-22T10:23:59.306563,2681,100,427,2.736330032348633,False,0.0,0,1,1774193039306,1774193039306,0
2026-03-22T10:24:05.961361,2681,200,827,1.893758773803711,False,0.0,0,1,1774193045961,1774193045961,0
2026-03-22T10:24:10.270252,2682,0,28,0.9477138519287109,False,0.0,0,1,1774193050270,1774193050270,0
2026-03-22T10:24:13.586143,2683,0,27,6.060123443603516,False,0.0,0,1,1774193053586,1774193053586,0
2026-03-22T10:24:20.238270,2683,100,427,3.4143924713134766,False,0.0,0,1,1774193060238,1774193060238,0
2026-03-22T10:24:26.916639,2683,200,827,8.6517333984375,False,0.0,0,1,1774193066916,1774193066916,0
2026-03-22T10:24:35.963739,2684,0,27,3.419160842895508,False,0.0,0,1,1774193075963,1774193075963,0
2026-03-22T10:24:40.722851,2685,0,27,12.808084487915039,False,0.0,0,1,1774193080722,1774193080722,0
2026-03-22T10:24:47.393071,2685,100,427,1.8270015716552734,False,0.0,0,1,1774193087393,1774193087393,0
2026-03-22T10:24:52.584193,2686,0,27,1.8641948699951172,False,0.0,0,1,1774193092584,1774193092584,0
2026-03-22T10:24:59.245300,2686,100,427,7.396221160888672,False,0.0,0,1,1774193099245,1774193099245,0
2026-03-22T10:25:05.901012,2686,200,827,7.422924041748047,False,0.0,0,1,1774193105901,1774193105901,0
2026-03-22T10:25:09.555491,2687,0,27,1.0385513305664062,False,0.0,0,1,1774193109555,1774193109555,0
2026-03-22T10:25:16.219722,2687,100,427,9.67097282409668,False,0.0,0,1,1774193116219,1774193116219,0
2026-03-22T10:25:20.071903,2688,0,27,2.610445022583008,False,0.0,0,1,1774193120071,1774193120071,0
2026-03-22T10:25:26.738075,2688,100,427,13.040304183959961,False,0.0,0,1,1774193126738,1774193126738,0
2026-03-22T10:25:33.394094,2688,200,827,13.67330551147461,False,0.0,0,1,1774193133394,1774193133394,0
2026-03-22T10:25:38.273732,2689,0,27,1.623392105102539,False,0.0,0,1,1774193138273,1774193138273,0
2026-03-22T10:25:41.492146,2690,0,27,4.63104248046875,False,0.0,0,1,1774193141492,1774193141492,0
2026-03-22T10:25:46.396060,2691,0,27,1.7404556274414062,False,0.0,0,1,1774193146396,1774193146396,0
2026-03-22T10:25:53.068511,2691,100,427,2.9850006103515625,False,0.0,0,1,1774193153068,1774193153068,0
2026-03-22T10:25:54.248398,2692,0,27,2.460479736328125,False,0.0,0,1,1774193154248,1774193154248,0
2026-03-22T10:26:00.920056,2692,100,427,2.074003219604492,False,0.0,0,1,1774193160920,1774193160920,0
2026-03-22T10:26:07.577623,2692,200,827,3.528594970703125,False,0.0,0,1,1774193167577,1774193167577,0
2026-03-22T10:26:13.501516,2693,0,27,3.365039825439453,False,0.0,0,1,1774193173501,1774193173501,0
2026-03-22T10:26:20.164346,2693,100,427,11.129379272460938,False,0.0,0,1,1774193180164,1774193180164,0
2026-03-22T10:26:20.840250,2694,0,27,2.641439437866211,False,0.0,0,1,1774193180840,1774193180840,0
2026-03-22T10:26:27.511615,2694,100,427,2.730846405029297,False,0.0,0,1,1774193187511,1774193187511,0
2026-03-22T10:26:34.166841,2694,200,827,1.7919540405273438,False,0.0,0,1,1774193194166,1774193194166,0
2026-03-22T10:26:38.225742,2695,0,28,2.995014190673828,False,0.0,0,1,1774193198225,1774193198225,0
2026-03-22T10:26:44.881355,2695,100,428,2.7017593383789062,False,0.0,0,1,1774193204881,1774193204881,0
2026-03-22T10:26:50.980333,2696,0,27,7.286787033081055,False,0.0,0,1,1774193210980,1774193210980,0
2026-03-22T10:26:57.635700,2696,100,427,9.658575057983398,False,0.0,0,1,1774193217635,1774193217635,0
2026-03-22T10:27:04.306915,2696,200,827,9.707450866699219,False,0.0,0,1,1774193224306,1774193224306,0
2026-03-22T10:27:10.962515,2696,300,1227,9.57942008972168,False,0.0,0,1,1774193230962,1774193230962,0
2026-03-22T10:27:17.611878,2696,400,1627,3.1175613403320312,False,0.0,0,1,1774193237611,1774193237611,0
2026-03-22T10:27:21.789115,2697,0,27,3.1735897064208984,False,0.0,0,1,1774193241789,1774193241789,0
2026-03-22T10:27:28.445622,2697,100,427,5.034923553466797,False,0.0,0,1,1774193248445,1774193248445,0
2026-03-22T10:27:35.114523,2697,200,827,2.0647048950195312,False,0.0,0,1,1774193255114,1774193255114,0
2026-03-22T10:27:43.970075,2698,0,27,1.2683868408203125,False,0.0,0,1,1774193263970,1774193263970,0
2026-03-22T10:27:49.169366,2699,0,27,11.914253234863281,False,0.0,0,1,1774193269169,1774193269169,0
2026-03-22T10:27:55.827021,2699,100,427,13.656377792358398,False,0.0,0,1,1774193275827,1774193275827,0
2026-03-22T10:28:02.470326,2699,200,827,2.0143985748291016,False,0.0,0,1,1774193282470,1774193282470,0
2026-03-22T10:28:05.913933,2700,0,28,1.9359588623046875,False,0.0,0,1,1774193285913,1774193285913,0
2026-03-22T10:28:12.569874,2700,100,428,3.1201839447021484,False,0.0,0,1,1774193292569,1774193292569,0
2026-03-22T10:28:19.224753,2700,200,828,1.9717216491699219,False,0.0,0,1,1774193299224,1774193299224,0
2026-03-22T10:28:25.879618,2700,300,1228,1.8084049224853516,False,0.0,0,1,1774193305879,1774193305879,0
2026-03-22T10:28:33.287440,2701,0,27,4.118442535400391,False,0.0,0,1,1774193313287,1774193313287,0
2026-03-22T10:28:39.939099,2701,100,427,1.4870166778564453,False,0.0,0,1,1774193319939,1774193319939,0
2026-03-22T10:28:46.613695,2701,200,827,2.6590824127197266,False,0.0,0,1,1774193326613,1774193326613,0
2026-03-22T10:28:53.275561,2701,300,1227,8.879661560058594,False,0.0,0,1,1774193333275,1774193333275,0
2026-03-22T10:28:59.922991,2701,400,1627,1.77001953125,False,0.0,0,1,1774193339922,1774193339922,0
2026-03-22T10:29:04.502129,2702,0,27,3.2095909118652344,False,0.0,0,1,1774193344502,1774193344502,0
2026-03-22T10:29:11.154939,2702,100,427,1.6813278198242188,False,0.0,0,1,1774193351154,1774193351154,0
2026-03-22T10:29:17.811826,2702,200,827,2.248525619506836,False,0.0,0,1,1774193357811,1774193357811,0
2026-03-22T10:29:24.467534,2702,300,1227,2.6102066040039062,False,0.0,0,1,1774193364467,1774193364467,0
2026-03-22T10:29:31.138621,2702,400,1627,2.4099349975585938,False,0.0,0,1,1774193371138,1774193371138,0
2026-03-22T10:29:35.982525,2703,0,27,2.6328563690185547,False,0.0,0,1,1774193375982,1774193375982,0
2026-03-22T10:29:42.120664,2704,0,27,1.6908645629882812,False,0.0,0,1,1774193382120,1774193382120,0
2026-03-22T10:29:48.777287,2704,100,427,3.0984878540039062,False,0.0,0,1,1774193388777,1774193388777,0
2026-03-22T10:29:55.431909,2704,200,827,2.370119094848633,False,0.0,0,1,1774193395431,1774193395431,0
2026-03-22T10:30:02.089315,2704,300,1227,3.6759376525878906,False,0.0,0,1,1774193402089,1774193402089,0
2026-03-22T10:30:06.849374,2705,0,27,0.9262561798095703,False,0.0,0,1,1774193406849,1774193406849,0
2026-03-22T10:30:13.513705,2705,100,427,12.978792190551758,False,0.0,0,1,1774193413513,1774193413513,0
2026-03-22T10:30:20.175251,2705,200,827,2.611398696899414,False,0.0,0,1,1774193420175,1774193420175,0
2026-03-22T10:30:26.051266,2706,0,27,1.1172294616699219,False,0.0,0,1,1774193426051,1774193426051,0
2026-03-22T10:30:32.713951,2706,100,427,12.66336441040039,False,0.0,0,1,1774193432713,1774193432713,0
2026-03-22T10:30:39.376153,2706,200,827,1.9907951354980469,False,0.0,0,1,1774193439376,1774193439376,0
2026-03-22T10:30:41.571851,2707,0,27,1.0151863098144531,False,0.0,0,1,1774193441571,1774193441571,0
2026-03-22T10:30:45.508601,2708,0,27,9.460210800170898,False,0.0,0,1,1774193445508,1774193445508,0
2026-03-22T10:30:52.154347,2708,100,427,2.0575523376464844,False,0.0,0,1,1774193452154,1774193452154,0
2026-03-22T10:30:58.825868,2708,200,827,1.7817020416259766,False,0.0,0,1,1774193458825,1774193458825,0
2026-03-22T10:31:02.006617,2709,0,27,3.1287670135498047,False,0.0,0,1,1774193462006,1774193462006,0
2026-03-22T10:31:08.666945,2709,100,427,7.348299026489258,False,0.0,0,1,1774193468666,1774193468666,0
2026-03-22T10:31:15.322484,2709,200,827,7.924556732177734,False,0.0,0,1,1774193475322,1774193475322,0
2026-03-22T10:31:21.974180,2709,300,1227,4.118919372558594,False,0.0,0,1,1774193481974,1774193481974,0
2026-03-22T10:31:25.082181,2710,0,27,0.8459091186523438,False,0.0,0,1,1774193485082,1774193485082,0
2026-03-22T10:31:29.966443,2711,0,27,10.355949401855469,False,0.0,0,1,1774193489966,1774193489966,0
2026-03-22T10:31:36.620051,2711,100,427,7.991790771484375,False,0.0,0,1,1774193496620,1774193496620,0
2026-03-22T10:31:40.485498,2712,0,28,11.715412139892578,False,0.0,0,1,1774193500485,1774193500485,0
2026-03-22T10:31:44.683696,2713,0,27,2.6400089263916016,False,0.0,0,1,1774193504683,1774193504683,0
2026-03-22T10:31:47.896075,2714,0,28,2.856016159057617,False,0.0,0,1,1774193507896,1774193507896,0
2026-03-22T10:31:54.558797,2714,100,428,10.711193084716797,False,0.0,0,1,1774193514558,1774193514558,0
2026-03-22T10:31:59.894365,2715,0,28,2.694845199584961,False,0.0,0,1,1774193519894,1774193519894,0
2026-03-22T10:32:06.553345,2715,100,428,6.795644760131836,False,0.0,0,1,1774193526553,1774193526553,0
2026-03-22T10:32:08.594571,2716,0,28,2.2606849670410156,False,0.0,0,1,1774193528594,1774193528594,0
2026-03-22T10:32:14.868736,2717,0,28,1.9791126251220703,False,0.0,0,1,1774193534868,1774193534868,0
2026-03-22T10:32:19.786581,2718,0,27,8.108139038085938,False,0.0,0,1,1774193539786,1774193539786,0
2026-03-22T10:32:23.620072,2719,0,28,1.6372203826904297,False,0.0,0,1,1774193543620,1774193543620,0
2026-03-22T10:32:30.283902,2719,100,428,11.626958847045898,False,0.0,0,1,1774193550283,1774193550283,0
2026-03-22T10:32:36.948121,2719,200,828,2.4755001068115234,False,0.0,0,1,1774193556948,1774193556948,0
2026-03-22T10:32:43.606518,2719,300,1228,6.229639053344727,False,0.0,0,1,1774193563606,1774193563606,0
2026-03-22T10:32:47.749751,2720,0,27,0.9484291076660156,False,0.0,0,1,1774193567749,1774193567749,0
2026-03-22T10:32:51.578057,2721,0,26,2.7627944946289062,False,0.0,0,1,1774193571578,1774193571578,0
2026-03-22T10:32:58.234948,2721,100,426,8.626222610473633,False,0.0,0,1,1774193578234,1774193578234,0
2026-03-22T10:33:04.905870,2721,200,826,7.172107696533203,False,0.0,0,1,1774193584905,1774193584905,0
2026-03-22T10:33:08.059248,2722,0,28,15.192985534667969,False,0.0,0,1,1774193588059,1774193588059,0
2026-03-22T10:33:14.717778,2722,100,428,2.6047229766845703,False,0.0,0,1,1774193594717,1774193594717,0
2026-03-22T10:33:19.846543,2723,0,26,2.3758411407470703,False,0.0,0,1,1774193599846,1774193599846,0
2026-03-22T10:33:26.514763,2723,100,426,2.356290817260742,False,0.0,0,1,1774193606514,1774193606514,0
2026-03-22T10:33:30.189771,2724,0,28,10.767221450805664,False,0.0,0,1,1774193610189,1774193610189,0
2026-03-22T10:33:33.602855,2725,0,27,2.301454544067383,False,0.0,0,1,1774193613602,1774193613602,0
2026-03-22T10:33:37.003303,2726,0,27,1.8808841705322266,False,0.0,0,1,1774193617003,1774193617003,0
2026-03-22T10:33:43.670150,2726,100,427,2.0248889923095703,False,0.0,0,1,1774193623670,1774193623670,0
2026-03-22T10:33:50.342425,2726,200,827,2.4766921997070312,False,0.0,0,1,1774193630342,1774193630342,0
2026-03-22T10:33:55.983965,2727,0,27,1.0867118835449219,False,0.0,0,1,1774193635983,1774193635983,0
2026-03-22T10:34:02.647134,2727,100,427,10.6658935546875,False,0.0,0,1,1774193642647,1774193642647,0
2026-03-22T10:34:04.220413,2728,0,27,1.7349720001220703,False,0.0,0,1,1774193644220,1774193644220,0
2026-03-22T10:34:09.749186,2729,0,27,7.456064224243164,False,0.0,0,1,1774193649749,1774193649749,0
2026-03-22T10:34:13.138436,2730,0,27,1.9435882568359375,False,0.0,0,1,1774193653138,1774193653138,0
2026-03-22T10:34:19.792985,2730,100,427,2.2003650665283203,False,0.0,0,1,1774193659792,1774193659792,0
2026-03-22T10:34:26.467040,2730,200,827,3.495931625366211,False,0.0,0,1,1774193666467,1774193666467,0
2026-03-22T10:34:27.087357,2731,0,27,2.1848678588867188,False,0.0,0,1,1774193667087,1774193667087,0
2026-03-22T10:34:33.743717,2731,100,427,9.658098220825195,False,0.0,0,1,1774193673743,1774193673743,0
2026-03-22T10:34:39.745166,2732,0,27,2.373218536376953,False,0.0,0,1,1774193679745,1774193679745,0
2026-03-22T10:34:45.411376,2733,0,28,12.456417083740234,False,0.0,0,1,1774193685411,1774193685411,0
2026-03-22T10:34:49.562298,2734,0,27,17.353534698486328,False,0.0,0,1,1774193689562,1774193689562,0
2026-03-22T10:34:56.393985,2734,100,427,8.346080780029297,False,0.0,0,1,1774193696393,1774193696393,0
2026-03-22T10:34:59.496685,2735,0,28,10.82921028137207,False,0.0,0,1,1774193699496,1774193699496,0
2026-03-22T10:35:06.147342,2735,100,428,10.309219360351562,False,0.0,0,1,1774193706147,1774193706147,0
2026-03-22T10:35:07.390492,2736,0,27,6.591796875,False,0.0,0,1,1774193707390,1774193707390,0
2026-03-22T10:35:11.497023,2737,0,28,2.5005340576171875,False,0.0,0,1,1774193711497,1774193711497,0
2026-03-22T10:35:18.170378,2737,100,428,2.360105514526367,False,0.0,0,1,1774193718170,1774193718170,0
2026-03-22T10:35:24.839191,2737,200,828,1.6834735870361328,False,0.0,0,1,1774193724839,1774193724839,0
2026-03-22T10:35:26.809766,2738,0,27,8.910179138183594,False,0.0,0,1,1774193726809,1774193726809,0
2026-03-22T10:35:33.466762,2738,100,427,9.046316146850586,False,0.0,0,1,1774193733466,1774193733466,0
2026-03-22T10:35:38.953011,2739,0,27,1.7197132110595703,False,0.0,0,1,1774193738953,1774193738953,0
2026-03-22T10:35:44.040661,2740,0,27,1.6291141510009766,False,0.0,0,1,1774193744040,1774193744040,0
2026-03-22T10:35:50.696238,2740,100,427,1.7430782318115234,False,0.0,0,1,1774193750696,1774193750696,0
2026-03-22T10:35:53.660868,2741,0,27,1.0144710540771484,False,0.0,0,1,1774193753660,1774193753660,0
2026-03-22T10:36:00.332043,2741,100,427,2.5255680084228516,False,0.0,0,1,1774193760332,1774193760332,0
2026-03-22T10:36:07.016908,2741,200,827,11.832714080810547,False,0.0,0,1,1774193767016,1774193767016,0
2026-03-22T10:36:09.151045,2742,0,28,2.8781890869140625,False,0.0,0,1,1774193769151,1774193769151,0
2026-03-22T10:36:13.060872,2743,0,26,2.4759769439697266,False,0.0,0,1,1774193773060,1774193773060,0
2026-03-22T10:36:19.717917,2743,100,426,3.6025047302246094,False,0.0,0,1,1774193779717,1774193779717,0
2026-03-22T10:36:26.382308,2743,200,826,11.594772338867188,False,0.0,0,1,1774193786382,1774193786382,0
2026-03-22T10:36:30.580252,2744,0,28,1.9636154174804688,False,0.0,0,1,1774193790580,1774193790580,0
2026-03-22T10:36:34.008588,2745,0,28,2.4852752685546875,False,0.0,0,1,1774193794008,1774193794008,0
2026-03-22T10:36:40.691210,2745,100,428,11.272430419921875,False,0.0,0,1,1774193800691,1774193800691,0
2026-03-22T10:36:47.337546,2745,200,828,3.0088424682617188,False,0.0,0,1,1774193807337,1774193807337,0
2026-03-22T10:36:54.004362,2745,300,1228,13.407707214355469,False,0.0,0,1,1774193814004,1774193814004,0
2026-03-22T10:36:58.674026,2746,0,27,3.0422210693359375,False,0.0,0,1,1774193818674,1774193818674,0
2026-03-22T10:37:05.284169,2747,0,26,13.037919998168945,False,0.0,0,1,1774193825284,1774193825284,0
2026-03-22T10:37:11.952678,2747,100,426,9.21487808227539,False,0.0,0,1,1774193831952,1774193831952,0
2026-03-22T10:37:18.601912,2747,200,826,2.5300979614257812,False,0.0,0,1,1774193838601,1774193838601,0
2026-03-22T10:37:20.541455,2748,0,28,12.57944107055664,False,0.0,0,1,1774193840541,1774193840541,0
2026-03-22T10:37:27.209618,2748,100,428,8.285760879516602,False,0.0,0,1,1774193847209,1774193847209,0
2026-03-22T10:37:33.860832,2748,200,828,2.328157424926758,False,0.0,0,1,1774193853860,1774193853860,0
2026-03-22T10:37:34.735396,2749,0,27,13.450860977172852,False,0.0,0,1,1774193854735,1774193854735,0
2026-03-22T10:37:39.988385,2750,0,27,1.5757083892822266,False,0.0,0,1,1774193859988,1774193859988,0
2026-03-22T10:37:44.172483,2751,0,27,12.164115905761719,False,0.0,0,1,1774193864172,1774193864172,0
2026-03-22T10:37:50.823363,2751,100,427,7.093191146850586,False,0.0,0,1,1774193870823,1774193870823,0
2026-03-22T10:37:52.766951,2752,0,27,3.473997116088867,False,0.0,0,1,1774193872766,1774193872766,0
2026-03-22T10:37:59.416879,2752,100,427,1.5821456909179688,False,0.0,0,1,1774193879416,1774193879416,0
2026-03-22T10:38:06.091447,2752,200,827,3.4682750701904297,False,0.0,0,1,1774193886091,1774193886091,0
2026-03-22T10:38:15.339789,2753,0,27,0.9558200836181641,False,0.0,0,1,1774193895339,1774193895339,0
2026-03-22T10:38:21.996904,2753,100,427,3.16619873046875,False,0.0,0,1,1774193901996,1774193901996,0
2026-03-22T10:38:28.651830,2753,200,827,2.520322799682617,False,0.0,0,1,1774193908651,1774193908651,0
2026-03-22T10:38:35.316125,2753,300,1227,9.373188018798828,False,0.0,0,1,1774193915316,1774193915316,0
2026-03-22T10:38:41.998767,2754,0,27,4.932641983032227,False,0.0,0,1,1774193921998,1774193921998,0
2026-03-22T10:38:48.652979,2754,100,427,2.0475387573242188,False,0.0,0,1,1774193928652,1774193928652,0
2026-03-22T10:38:55.326269,2754,200,827,1.9261837005615234,False,0.0,0,1,1774193935326,1774193935326,0
2026-03-22T10:39:01.981579,2754,300,1227,2.993345260620117,False,0.0,0,1,1774193941981,1774193941981,0
2026-03-22T10:39:03.199800,2755,0,27,2.568960189819336,False,0.0,0,1,1774193943199,1774193943199,0
2026-03-22T10:39:07.317794,2756,0,28,11.550664901733398,False,0.0,0,1,1774193947317,1774193947317,0
2026-03-22T10:39:13.976182,2756,100,428,1.7037391662597656,False,0.0,0,1,1774193953976,1774193953976,0
2026-03-22T10:39:20.658552,2756,200,828,10.285615921020508,False,0.0,0,1,1774193960658,1774193960658,0
2026-03-22T10:39:28.711947,2757,0,27,0.8065700531005859,False,0.0,0,1,1774193968711,1774193968711,0
2026-03-22T10:39:33.289557,2758,0,27,8.287668228149414,False,0.0,0,1,1774193973289,1774193973289,0
2026-03-22T10:39:37.491478,2759,0,27,2.036571502685547,False,0.0,0,1,1774193977491,1774193977491,0
2026-03-22T10:39:44.160072,2759,100,427,1.9719600677490234,False,0.0,0,1,1774193984160,1774193984160,0
2026-03-22T10:39:50.817403,2759,200,827,1.911163330078125,False,0.0,0,1,1774193990817,1774193990817,0
2026-03-22T10:39:57.472752,2759,300,1227,2.5954246520996094,False,0.0,0,1,1774193997472,1774193997472,0
2026-03-22T10:40:01.418443,2760,0,27,4.800558090209961,False,0.0,0,1,1774194001418,1774194001418,0
2026-03-22T10:40:08.094566,2760,100,427,8.733510971069336,False,0.0,0,1,1774194008094,1774194008094,0
2026-03-22T10:40:14.745311,2760,200,827,3.525257110595703,False,0.0,0,1,1774194014745,1774194014745,0
2026-03-22T10:40:21.400798,2760,300,1227,3.058195114135742,False,0.0,0,1,1774194021400,1774194021400,0
2026-03-22T10:40:27.576186,2761,0,26,0.9303092956542969,False,0.0,0,1,1774194027576,1774194027576,0
2026-03-22T10:40:34.247139,2761,100,426,2.1941661834716797,False,0.0,0,1,1774194034247,1774194034247,0
2026-03-22T10:40:40.919613,2761,200,826,2.8913021087646484,False,0.0,0,1,1774194040919,1774194040919,0
2026-03-22T10:40:47.572553,2761,300,1226,1.2903213500976562,False,0.0,0,1,1774194047572,1774194047572,0
2026-03-22T10:40:56.272314,2762,0,26,0.7374286651611328,False,0.0,0,1,1774194056272,1774194056272,0
2026-03-22T10:41:02.938011,2762,100,426,10.625123977661133,False,0.0,0,1,1774194062938,1774194062938,0
2026-03-22T10:41:09.601728,2762,200,826,2.0105838775634766,False,0.0,0,1,1774194069601,1774194069601,0
2026-03-22T10:41:16.263563,2762,300,1226,7.86900520324707,False,0.0,0,1,1774194076263,1774194076263,0
2026-03-22T10:41:22.936585,2762,400,1626,8.87751579284668,False,0.0,0,1,1774194082936,1774194082936,0
2026-03-22T10:41:32.251224,2763,0,26,5.368947982788086,False,0.0,0,1,1774194092251,1774194092251,0
2026-03-22T10:41:38.908730,2763,100,426,7.885217666625977,False,0.0,0,1,1774194098908,1774194098908,0
2026-03-22T10:41:45.559271,2763,200,826,2.6443004608154297,False,0.0,0,1,1774194105559,1774194105559,0
2026-03-22T10:41:47.631893,2764,0,27,12.052059173583984,False,0.0,0,1,1774194107631,1774194107631,0
2026-03-22T10:41:52.856998,2765,0,27,12.468814849853516,False,0.0,0,1,1774194112856,1774194112856,0
2026-03-22T10:41:57.223061,2766,0,27,3.019571304321289,False,0.0,0,1,1774194117223,1774194117223,0
2026-03-22T10:42:03.885688,2766,100,427,10.05697250366211,False,0.0,0,1,1774194123885,1774194123885,0
2026-03-22T10:42:10.551981,2766,200,827,2.7654170989990234,False,0.0,0,1,1774194130551,1774194130551,0
2026-03-22T10:42:17.213802,2766,300,1227,9.999513626098633,False,0.0,0,1,1774194137213,1774194137213,0
2026-03-22T10:42:25.682193,2767,0,27,4.448652267456055,False,0.0,0,1,1774194145682,1774194145682,0
2026-03-22T10:42:32.347475,2767,100,427,2.109527587890625,False,0.0,0,1,1774194152347,1774194152347,0
2026-03-22T10:42:34.569445,2768,0,27,10.444879531860352,False,0.0,0,1,1774194154569,1774194154569,0
2026-03-22T10:42:41.221266,2768,100,427,7.622718811035156,False,0.0,0,1,1774194161221,1774194161221,0
2026-03-22T10:42:47.877043,2768,200,827,7.428169250488281,False,0.0,0,1,1774194167877,1774194167877,0
2026-03-22T10:42:54.533501,2768,300,1227,7.6122283935546875,False,0.0,0,1,1774194174533,1774194174533,0
2026-03-22T10:42:57.628550,2769,0,27,0.7474422454833984,False,0.0,0,1,1774194177628,1774194177628,0
2026-03-22T10:43:03.363380,2770,0,27,1.867532730102539,False,0.0,0,1,1774194183363,1774194183363,0
2026-03-22T10:43:10.031121,2770,100,427,12.997627258300781,False,0.0,0,1,1774194190031,1774194190031,0
2026-03-22T10:43:10.769732,2771,0,28,1.8954277038574219,False,0.0,0,1,1774194190769,1774194190769,0
2026-03-22T10:43:17.422414,2771,100,428,1.7898082733154297,False,0.0,0,1,1774194197422,1774194197422,0
2026-03-22T10:43:20.339549,2772,0,27,7.364511489868164,False,0.0,0,1,1774194200339,1774194200339,0
2026-03-22T10:43:27.015073,2772,100,427,10.669708251953125,False,0.0,0,1,1774194207015,1774194207015,0
2026-03-22T10:43:33.669053,2772,200,827,8.306264877319336,False,0.0,0,1,1774194213669,1774194213669,0
2026-03-22T10:43:40.676282,2773,0,27,2.882719039916992,False,0.0,0,1,1774194220676,1774194220676,0
2026-03-22T10:43:47.349603,2773,100,427,9.735345840454102,False,0.0,0,1,1774194227349,1774194227349,0
2026-03-22T10:43:51.084398,2774,0,27,2.4831295013427734,False,0.0,0,1,1774194231084,1774194231084,0
2026-03-22T10:43:57.742770,2774,100,427,4.591464996337891,False,0.0,0,1,1774194237742,1774194237742,0
2026-03-22T10:44:04.395151,2774,200,827,1.8589496612548828,False,0.0,0,1,1774194244395,1774194244395,0
2026-03-22T10:44:09.262990,2775,0,28,9.60397720336914,False,0.0,0,1,1774194249262,1774194249262,0
2026-03-22T10:44:15.911346,2775,100,428,2.9277801513671875,False,0.0,0,1,1774194255911,1774194255911,0
2026-03-22T10:44:22.582192,2775,200,828,1.287221908569336,False,0.0,0,1,1774194262582,1774194262582,0
2026-03-22T10:44:29.248450,2775,300,1228,11.91568374633789,False,0.0,0,1,1774194269248,1774194269248,0
2026-03-22T10:44:37.623461,2776,0,27,1.6674995422363281,False,0.0,0,1,1774194277623,1774194277623,0
2026-03-22T10:44:44.278839,2776,100,427,2.6900768280029297,False,0.0,0,1,1774194284278,1774194284278,0
2026-03-22T10:44:50.942979,2776,200,827,10.874509811401367,False,0.0,0,1,1774194290942,1774194290942,0
2026-03-22T10:44:56.907456,2777,0,27,1.8146038055419922,False,0.0,0,1,1774194296907,1774194296907,0
2026-03-22T10:45:01.274851,2778,0,27,10.144472122192383,False,0.0,0,1,1774194301274,1774194301274,0
2026-03-22T10:45:07.946877,2778,100,427,8.938789367675781,False,0.0,0,1,1774194307946,1774194307946,0
2026-03-22T10:45:14.612790,2778,200,827,2.393484115600586,False,0.0,0,1,1774194314612,1774194314612,0
2026-03-22T10:45:17.277652,2779,0,27,1.5635490417480469,False,0.0,0,1,1774194317277,1774194317277,0
2026-03-22T10:45:23.947293,2779,100,427,2.426624298095703,False,0.0,0,1,1774194323947,1774194323947,0
2026-03-22T10:45:27.966448,2780,0,28,12.262344360351562,False,0.0,0,1,1774194327966,1774194327966,0
2026-03-22T10:45:34.627515,2780,100,428,1.4235973358154297,False,0.0,0,1,1774194334627,1774194334627,0
2026-03-22T10:45:40.710470,2781,0,28,3.2198429107666016,False,0.0,0,1,1774194340710,1774194340710,0
2026-03-22T10:45:47.382370,2781,100,428,9.455204010009766,False,0.0,0,1,1774194347382,1774194347382,0
2026-03-22T10:45:51.182120,2782,0,26,10.655403137207031,False,0.0,0,1,1774194351182,1774194351182,0
2026-03-22T10:45:54.856147,2783,0,28,12.62974739074707,False,0.0,0,1,1774194354856,1774194354856,0
2026-03-22T10:46:01.518700,2783,100,428,2.4378299713134766,False,0.0,0,1,1774194361518,1774194361518,0
2026-03-22T10:46:04.988530,2784,0,28,5.658388137817383,False,0.0,0,1,1774194364988,1774194364988,0
2026-03-22T10:46:11.659795,2784,100,428,11.32512092590332,False,0.0,0,1,1774194371659,1774194371659,0
2026-03-22T10:46:15.455774,2785,0,27,9.469985961914062,False,0.0,0,1,1774194375455,1774194375455,0
2026-03-22T10:46:22.126462,2785,100,427,11.376142501831055,False,0.0,0,1,1774194382126,1774194382126,0
2026-03-22T10:46:28.772862,2785,200,827,1.9996166229248047,False,0.0,0,1,1774194388772,1774194388772,0
2026-03-22T10:46:36.637401,2786,0,26,3.4923553466796875,False,0.0,0,1,1774194396637,1774194396637,0
2026-03-22T10:46:39.940425,2787,0,28,1.878976821899414,False,0.0,0,1,1774194399940,1774194399940,0
2026-03-22T10:46:46.603755,2787,100,428,11.891603469848633,False,0.0,0,1,1774194406603,1774194406603,0
2026-03-22T10:46:52.500993,2788,0,27,3.2846927642822266,False,0.0,0,1,1774194412500,1774194412500,0
2026-03-22T10:46:59.158456,2788,100,427,3.732442855834961,False,0.0,0,1,1774194419158,1774194419158,0
2026-03-22T10:47:05.862541,2789,0,27,1.735687255859375,False,0.0,0,1,1774194425862,1774194425862,0
2026-03-22T10:47:12.527974,2789,100,427,12.32457160949707,False,0.0,0,1,1774194432527,1774194432527,0
2026-03-22T10:47:16.056572,2790,0,27,13.067483901977539,False,0.0,0,1,1774194436056,1774194436056,0
2026-03-22T10:47:22.717385,2790,100,427,1.7838478088378906,False,0.0,0,1,1774194442717,1774194442717,0
2026-03-22T10:47:26.610172,2791,0,27,2.3903846740722656,False,0.0,0,1,1774194446610,1774194446610,0
2026-03-22T10:47:31.407136,2792,0,27,7.506608963012695,False,0.0,0,1,1774194451407,1774194451407,0
2026-03-22T10:47:38.057586,2792,100,427,2.237558364868164,False,0.0,0,1,1774194458057,1774194458057,0
2026-03-22T10:47:43.871390,2793,0,27,1.9392967224121094,False,0.0,0,1,1774194463871,1774194463871,0
2026-03-22T10:47:48.574095,2794,0,27,3.1805038452148438,False,0.0,0,1,1774194468574,1774194468574,0
2026-03-22T10:47:53.751821,2795,0,27,6.159067153930664,False,0.0,0,1,1774194473751,1774194473751,0
2026-03-22T10:48:00.419924,2795,100,427,1.9104480743408203,False,0.0,0,1,1774194480419,1774194480419,0
2026-03-22T10:48:03.515364,2796,0,27,2.2401809692382812,False,0.0,0,1,1774194483515,1774194483515,0
2026-03-22T10:48:10.810146,2797,0,27,9.594440460205078,False,0.0,0,1,1774194490810,1774194490810,0
2026-03-22T10:48:14.081728,2798,0,26,10.726451873779297,False,0.0,0,1,1774194494081,1774194494081,0
2026-03-22T10:48:20.737311,2798,100,426,2.132892608642578,False,0.0,0,1,1774194500737,1774194500737,0
2026-03-22T10:48:27.416096,2798,200,826,8.752107620239258,False,0.0,0,1,1774194507416,1774194507416,0
2026-03-22T10:48:34.071324,2798,300,1226,9.001970291137695,False,0.0,0,1,1774194514071,1774194514071,0
2026-03-22T10:48:40.727758,2798,400,1626,9.328365325927734,False,0.0,0,1,1774194520727,1774194520727,0
2026-03-22T10:48:50.089182,2799,0,27,0.7522106170654297,False,0.0,0,1,1774194530089,1774194530089,0
2026-03-22T10:48:56.744149,2799,100,427,2.511262893676758,False,0.0,0,1,1774194536744,1774194536744,0
2026-03-22T10:49:03.415707,2799,200,827,2.5975704193115234,False,0.0,0,1,1774194543415,1774194543415,0
2026-03-22T10:49:05.496385,2800,0,27,9.87696647644043,False,0.0,0,1,1774194545496,1774194545496,0
2026-03-22T10:49:12.135533,2800,100,427,1.634836196899414,False,0.0,0,1,1774194552135,1774194552135,0
2026-03-22T10:49:18.789835,2800,200,827,1.9953250885009766,False,0.0,0,1,1774194558789,1774194558789,0
2026-03-22T10:49:23.337068,2801,0,27,2.7856826782226562,False,0.0,0,1,1774194563337,1774194563337,0
2026-03-22T10:49:29.998322,2801,100,427,11.805534362792969,False,0.0,0,1,1774194569998,1774194569998,0
2026-03-22T10:49:36.661182,2801,200,827,1.7354488372802734,False,0.0,0,1,1774194576661,1774194576661,0
2026-03-22T10:49:43.283469,2801,300,1225,2.5348663330078125,False,0.0,0,1,1774194583283,1774194583283,0
2026-03-22T10:49:43.912063,2802,0,27,10.787487030029297,False,0.0,0,1,1774194583912,1774194583912,0
2026-03-22T10:49:50.580542,2802,100,427,11.65914535522461,False,0.0,0,1,1774194590580,1774194590580,0
2026-03-22T10:49:57.252098,2802,200,827,9.473800659179688,False,0.0,0,1,1774194597252,1774194597252,0
2026-03-22T10:49:59.406912,2803,0,28,1.8782615661621094,False,0.0,0,1,1774194599406,1774194599406,0
2026-03-22T10:50:06.060637,2803,100,428,1.3530254364013672,False,0.0,0,1,1774194606060,1774194606060,0
2026-03-22T10:50:12.740956,2803,200,828,9.032249450683594,False,0.0,0,1,1774194612740,1774194612740,0
2026-03-22T10:50:14.073441,2804,0,27,10.451078414916992,False,0.0,0,1,1774194614073,1774194614073,0
2026-03-22T10:50:20.742981,2804,100,427,6.821155548095703,False,0.0,0,1,1774194620742,1774194620742,0
2026-03-22T10:50:27.400710,2804,200,827,8.966922760009766,False,0.0,0,1,1774194627400,1774194627400,0
2026-03-22T10:50:34.048467,2804,300,1227,2.1758079528808594,False,0.0,0,1,1774194634048,1774194634048,0
2026-03-22T10:50:40.720503,2804,400,1627,1.9028186798095703,False,0.0,0,1,1774194640720,1774194640720,0
2026-03-22T10:50:46.229777,2805,0,27,2.832174301147461,False,0.0,0,1,1774194646229,1774194646229,0
2026-03-22T10:50:52.893982,2805,100,427,12.43138313293457,False,0.0,0,1,1774194652893,1774194652893,0
2026-03-22T10:50:59.548253,2805,200,827,10.323524475097656,False,0.0,0,1,1774194659548,1774194659548,0
2026-03-22T10:51:06.346801,2806,0,27,0.9708404541015625,False,0.0,0,1,1774194666346,1774194666346,0
2026-03-22T10:51:13.008375,2806,100,427,9.047508239746094,False,0.0,0,1,1774194673008,1774194673008,0
2026-03-22T10:51:19.673223,2806,200,827,1.8768310546875,False,0.0,0,1,1774194679673,1774194679673,0
2026-03-22T10:51:26.330690,2806,300,1227,3.3636093139648438,False,0.0,0,1,1774194686330,1774194686330,0
2026-03-22T10:51:30.224560,2807,0,26,4.545688629150391,False,0.0,0,1,1774194690224,1774194690224,0
2026-03-22T10:51:36.880215,2807,100,426,3.0677318572998047,False,0.0,0,1,1774194696880,1774194696880,0
2026-03-22T10:51:43.533727,2807,200,826,2.293109893798828,False,0.0,0,1,1774194703533,1774194703533,0
2026-03-22T10:51:50.196220,2807,300,1226,7.803440093994141,False,0.0,0,1,1774194710196,1774194710196,0
2026-03-22T10:51:56.861269,2808,0,27,2.4263858795166016,False,0.0,0,1,1774194716861,1774194716861,0
2026-03-22T10:52:01.636800,2809,0,26,2.1157264709472656,False,0.0,0,1,1774194721636,1774194721636,0
2026-03-22T10:52:05.713728,2810,0,27,13.829469680786133,False,0.0,0,1,1774194725713,1774194725713,0
2026-03-22T10:52:12.369398,2810,100,427,2.3088455200195312,False,0.0,0,1,1774194732369,1774194732369,0
2026-03-22T10:52:16.599708,2811,0,27,3.884553909301758,False,0.0,0,1,1774194736599,1774194736599,0
2026-03-22T10:52:23.253741,2811,100,427,3.3118724822998047,False,0.0,0,1,1774194743253,1774194743253,0
2026-03-22T10:52:25.580665,2812,0,26,2.0678043365478516,False,0.0,0,1,1774194745580,1774194745580,0
2026-03-22T10:52:32.254413,2812,100,426,3.126859664916992,False,0.0,0,1,1774194752254,1774194752254,0
2026-03-22T10:52:38.916149,2812,200,826,9.383916854858398,False,0.0,0,1,1774194758916,1774194758916,0
2026-03-22T10:52:45.563922,2812,300,1226,2.5920867919921875,False,0.0,0,1,1774194765563,1774194765563,0
2026-03-22T10:52:52.243322,2812,400,1626,8.762359619140625,False,0.0,0,1,1774194772243,1774194772243,0
2026-03-22T10:52:56.031303,2813,0,26,3.076314926147461,False,0.0,0,1,1774194776031,1774194776031,0
2026-03-22T10:53:00.289261,2814,0,28,1.5475749969482422,False,0.0,0,1,1774194780289,1774194780289,0
2026-03-22T10:53:06.945314,2814,100,428,1.8057823181152344,False,0.0,0,1,1774194786945,1774194786945,0
2026-03-22T10:53:13.134458,2815,0,27,1.74713134765625,False,0.0,0,1,1774194793134,1774194793134,0
2026-03-22T10:53:19.789856,2815,100,427,1.8489360809326172,False,0.0,0,1,1774194799789,1774194799789,0
2026-03-22T10:53:26.445679,2815,200,827,1.4867782592773438,False,0.0,0,1,1774194806445,1774194806445,0
2026-03-22T10:53:33.618663,2816,0,27,2.8231143951416016,False,0.0,0,1,1774194813618,1774194813618,0
2026-03-22T10:53:40.275592,2816,100,427,2.6924610137939453,False,0.0,0,1,1774194820275,1774194820275,0
2026-03-22T10:53:46.936267,2816,200,827,9.752511978149414,False,0.0,0,1,1774194826936,1774194826936,0
2026-03-22T10:53:53.901082,2817,0,26,2.939462661743164,False,0.0,0,1,1774194833901,1774194833901,0
2026-03-22T10:53:59.508588,2818,0,27,2.653837203979492,False,0.0,0,1,1774194839508,1774194839508,0
2026-03-22T10:54:06.190276,2818,100,427,10.88404655456543,False,0.0,0,1,1774194846190,1774194846190,0
2026-03-22T10:54:09.042156,2819,0,27,2.218484878540039,False,0.0,0,1,1774194849042,1774194849042,0
2026-03-22T10:54:15.706224,2819,100,427,9.204387664794922,False,0.0,0,1,1774194855706,1774194855706,0
2026-03-22T10:54:22.028640,2820,0,27,10.241508483886719,False,0.0,0,1,1774194862028,1774194862028,0
2026-03-22T10:54:28.677458,2820,100,427,2.8083324432373047,False,0.0,0,1,1774194868677,1774194868677,0
2026-03-22T10:54:35.331302,2820,200,827,1.9538402557373047,False,0.0,0,1,1774194875331,1774194875331,0
2026-03-22T10:54:40.323194,2821,0,27,0.9558200836181641,False,0.0,0,1,1774194880323,1774194880323,0
2026-03-22T10:54:46.978709,2821,100,427,2.0182132720947266,False,0.0,0,1,1774194886978,1774194886978,0
2026-03-22T10:54:49.957709,2822,0,27,1.901388168334961,False,0.0,0,1,1774194889957,1774194889957,0
2026-03-22T10:54:56.629160,2822,100,427,1.4841556549072266,False,0.0,0,1,1774194896629,1774194896629,0
2026-03-22T10:55:03.071568,2823,0,27,1.7855167388916016,False,0.0,0,1,1774194903071,1774194903071,0
2026-03-22T10:55:09.735383,2823,100,427,11.058807373046875,False,0.0,0,1,1774194909735,1774194909735,0
2026-03-22T10:55:15.251521,2824,0,27,1.9919872283935547,False,0.0,0,1,1774194915251,1774194915251,0
2026-03-22T10:55:21.903993,2824,100,427,1.8079280853271484,False,0.0,0,1,1774194921903,1774194921903,0
2026-03-22T10:55:28.567782,2824,200,827,9.145021438598633,False,0.0,0,1,1774194928567,1774194928567,0
2026-03-22T10:55:35.225854,2824,300,1227,11.574983596801758,False,0.0,0,1,1774194935225,1774194935225,0
2026-03-22T10:55:41.895917,2824,400,1627,9.306907653808594,False,0.0,0,1,1774194941895,1774194941895,0
2026-03-22T10:55:46.632186,2825,0,27,4.176139831542969,False,0.0,0,1,1774194946632,1774194946632,0
2026-03-22T10:55:53.290922,2825,100,427,6.542205810546875,False,0.0,0,1,1774194953290,1774194953290,0
2026-03-22T10:55:59.960775,2825,200,827,5.05828857421875,False,0.0,0,1,1774194959960,1774194959960,0
2026-03-22T10:56:06.613168,2825,300,1227,1.6961097717285156,False,0.0,0,1,1774194966613,1774194966613,0
2026-03-22T10:56:13.279935,2825,400,1627,13.095617294311523,False,0.0,0,1,1774194973279,1774194973279,0
2026-03-22T10:56:19.924080,2825,500,2027,1.5375614166259766,False,0.0,0,1,1774194979924,1774194979924,0
2026-03-22T10:56:26.580290,2825,600,2427,1.7485618591308594,False,0.0,0,1,1774194986580,1774194986580,0
2026-03-22T10:56:32.905756,2826,0,27,3.681659698486328,False,0.0,0,1,1774194992905,1774194992905,0
2026-03-22T10:56:39.570717,2826,100,427,11.385679244995117,False,0.0,0,1,1774194999570,1774194999570,0
2026-03-22T10:56:46.243014,2826,200,827,12.699127197265625,False,0.0,0,1,1774195006243,1774195006243,0
2026-03-22T10:56:52.897618,2826,300,1227,11.392831802368164,False,0.0,0,1,1774195012897,1774195012897,0
2026-03-22T10:56:59.979849,2827,0,27,2.6862621307373047,False,0.0,0,1,1774195019979,1774195019979,0
2026-03-22T10:57:06.646586,2827,100,427,1.6138553619384766,False,0.0,0,1,1774195026646,1774195026646,0
2026-03-22T10:57:11.539354,2828,0,27,1.556396484375,False,0.0,0,1,1774195031539,1774195031539,0
2026-03-22T10:57:15.967772,2829,0,28,3.5359859466552734,False,0.0,0,1,1774195035967,1774195035967,0
2026-03-22T10:57:22.632445,2829,100,428,13.735532760620117,False,0.0,0,1,1774195042632,1774195042632,0
2026-03-22T10:57:29.277745,2829,200,828,2.2237300872802734,False,0.0,0,1,1774195049277,1774195049277,0
2026-03-22T10:57:35.716415,2830,0,27,2.028942108154297,False,0.0,0,1,1774195055716,1774195055716,0
2026-03-22T10:57:39.174569,2831,0,28,12.129545211791992,False,0.0,0,1,1774195059174,1774195059174,0
2026-03-22T10:57:42.347721,2832,0,27,4.6939849853515625,False,0.0,0,1,1774195062347,1774195062347,0
2026-03-22T10:57:49.007827,2832,100,427,13.596057891845703,False,0.0,0,1,1774195069007,1774195069007,0
2026-03-22T10:57:55.672166,2832,200,827,7.485389709472656,False,0.0,0,1,1774195075672,1774195075672,0
2026-03-22T10:58:02.330229,2832,300,1227,9.989738464355469,False,0.0,0,1,1774195082330,1774195082330,0
2026-03-22T10:58:11.474678,2833,0,27,2.4716854095458984,False,0.0,0,1,1774195091474,1774195091474,0
2026-03-22T10:58:15.533060,2834,0,27,2.2656917572021484,False,0.0,0,1,1774195095533,1774195095533,0
2026-03-22T10:58:20.699143,2835,0,27,9.996652603149414,False,0.0,0,1,1774195100699,1774195100699,0
2026-03-22T10:58:27.347100,2835,100,427,1.9495487213134766,False,0.0,0,1,1774195107347,1774195107347,0
2026-03-22T10:58:34.020281,2835,200,827,2.5806427001953125,False,0.0,0,1,1774195114020,1774195114020,0
2026-03-22T10:58:40.677322,2835,300,1227,3.226757049560547,False,0.0,0,1,1774195120677,1774195120677,0
2026-03-22T10:58:47.337245,2835,400,1627,8.803844451904297,False,0.0,0,1,1774195127337,1774195127337,0
2026-03-22T10:58:52.875178,2836,0,27,2.719402313232422,False,0.0,0,1,1774195132875,1774195132875,0
2026-03-22T10:58:57.180992,2837,0,28,2.402782440185547,False,0.0,0,1,1774195137180,1774195137180,0
2026-03-22T10:59:01.021718,2838,0,27,14.177083969116211,False,0.0,0,1,1774195141021,1774195141021,0
2026-03-22T10:59:07.671125,2838,100,427,9.357452392578125,False,0.0,0,1,1774195147671,1774195147671,0
2026-03-22T10:59:12.619728,2839,0,28,12.933731079101562,False,0.0,0,1,1774195152619,1774195152619,0
2026-03-22T10:59:19.311197,2839,100,428,2.0508766174316406,False,0.0,0,1,1774195159311,1774195159311,0
2026-03-22T10:59:23.048832,2840,0,28,13.25678825378418,False,0.0,0,1,1774195163048,1774195163048,0
2026-03-22T10:59:26.785497,2841,0,26,3.809213638305664,False,0.0,0,1,1774195166785,1774195166785,0
2026-03-22T10:59:33.454565,2841,100,426,1.9440650939941406,False,0.0,0,1,1774195173454,1774195173454,0
2026-03-22T10:59:40.111093,2841,200,826,2.261638641357422,False,0.0,0,1,1774195180111,1774195180111,0
2026-03-22T10:59:46.770533,2841,300,1226,6.550073623657227,False,0.0,0,1,1774195186770,1774195186770,0
2026-03-22T10:59:53.189534,2842,0,27,1.2714862823486328,False,0.0,0,1,1774195193189,1774195193189,0
2026-03-22T10:59:59.850661,2842,100,427,8.491754531860352,False,0.0,0,1,1774195199850,1774195199850,0
2026-03-22T11:00:00.515975,2843,0,27,2.626180648803711,False,0.0,0,1,1774195200515,1774195200515,0
2026-03-22T11:00:07.165149,2843,100,427,1.9295215606689453,False,0.0,0,1,1774195207165,1774195207165,0
2026-03-22T11:00:13.839886,2843,200,827,3.4394264221191406,False,0.0,0,1,1774195213839,1774195213839,0
2026-03-22T11:00:18.337590,2844,0,28,2.2804737091064453,False,0.0,0,1,1774195218337,1774195218337,0
2026-03-22T11:00:25.003106,2844,100,428,2.0520687103271484,False,0.0,0,1,1774195225003,1774195225003,0
2026-03-22T11:00:31.657964,2844,200,828,1.9919872283935547,False,0.0,0,1,1774195231657,1774195231657,0
2026-03-22T11:00:36.798350,2845,0,28,1.9192695617675781,False,0.0,0,1,1774195236798,1774195236798,0
2026-03-22T11:00:43.471469,2845,100,428,1.9245147705078125,False,0.0,0,1,1774195243471,1774195243471,0
2026-03-22T11:00:50.133154,2845,200,828,8.543729782104492,False,0.0,0,1,1774195250133,1774195250133,0
2026-03-22T11:00:56.784221,2845,300,1228,2.7456283569335938,False,0.0,0,1,1774195256784,1774195256784,0
2026-03-22T11:01:04.920818,2846,0,27,3.3054351806640625,False,0.0,0,1,1774195264920,1774195264920,0
2026-03-22T11:01:11.575484,2846,100,427,1.9671916961669922,False,0.0,0,1,1774195271575,1774195271575,0
2026-03-22T11:01:18.256486,2846,200,827,9.572505950927734,False,0.0,0,1,1774195278256,1774195278256,0
2026-03-22T11:01:21.183234,2847,0,27,9.9945068359375,False,0.0,0,1,1774195281183,1774195281183,0
2026-03-22T11:01:27.851524,2847,100,427,2.0399093627929688,False,0.0,0,1,1774195287851,1774195287851,0
2026-03-22T11:01:34.526608,2847,200,827,8.66246223449707,False,0.0,0,1,1774195294526,1774195294526,0
2026-03-22T11:01:41.182256,2847,300,1227,9.181022644042969,False,0.0,0,1,1774195301182,1774195301182,0
2026-03-22T11:01:47.838525,2847,400,1627,9.476423263549805,False,0.0,0,1,1774195307838,1774195307838,0
2026-03-22T11:01:51.771902,2848,0,26,3.8344860076904297,False,0.0,0,1,1774195311771,1774195311771,0
2026-03-22T11:01:58.414135,2848,100,426,2.6683807373046875,False,0.0,0,1,1774195318414,1774195318414,0
2026-03-22T11:02:00.511715,2849,0,27,2.991914749145508,False,0.0,0,1,1774195320511,1774195320511,0
2026-03-22T11:02:07.182897,2849,100,427,1.9729137420654297,False,0.0,0,1,1774195327182,1774195327182,0
2026-03-22T11:02:13.855682,2849,200,827,2.4476051330566406,False,0.0,0,1,1774195333855,1774195333855,0
2026-03-22T11:02:17.747839,2850,0,27,1.8756389617919922,False,0.0,0,1,1774195337747,1774195337747,0
2026-03-22T11:02:22.079358,2851,0,27,1.0616779327392578,False,0.0,0,1,1774195342079,1774195342079,0
2026-03-22T11:02:28.729317,2851,100,427,1.7533302307128906,False,0.0,0,1,1774195348729,1774195348729,0
2026-03-22T11:02:35.386992,2851,200,827,1.9683837890625,False,0.0,0,1,1774195355386,1774195355386,0
2026-03-22T11:02:39.911534,2852,0,27,0.705718994140625,False,0.0,0,1,1774195359911,1774195359911,0
2026-03-22T11:02:46.566452,2852,100,427,1.676321029663086,False,0.0,0,1,1774195366566,1774195366566,0
2026-03-22T11:02:49.912122,2853,0,28,2.2690296173095703,False,0.0,0,1,1774195369912,1774195369912,0
2026-03-22T11:02:56.592056,2853,100,428,10.637760162353516,False,0.0,0,1,1774195376592,1774195376592,0
2026-03-22T11:02:58.497426,2854,0,27,9.725093841552734,False,0.0,0,1,1774195378497,1774195378497,0
2026-03-22T11:03:05.136699,2854,100,427,2.1996498107910156,False,0.0,0,1,1774195385136,1774195385136,0
2026-03-22T11:03:11.792958,2854,200,827,2.8243064880371094,False,0.0,0,1,1774195391792,1774195391792,0
2026-03-22T11:03:15.889198,2855,0,27,3.6420822143554688,False,0.0,0,1,1774195395889,1774195395889,0
2026-03-22T11:03:22.547384,2855,100,427,7.194280624389648,False,0.0,0,1,1774195402547,1774195402547,0
2026-03-22T11:03:29.203148,2855,200,827,8.334159851074219,False,0.0,0,1,1774195409203,1774195409203,0
2026-03-22T11:03:35.859374,2855,300,1227,7.569074630737305,False,0.0,0,1,1774195415859,1774195415859,0
2026-03-22T11:03:42.617379,2855,400,1627,1.7900466918945312,False,0.0,0,1,1774195422617,1774195422617,0
2026-03-22T11:03:52.056855,2856,0,27,5.21397590637207,False,0.0,0,1,1774195432056,1774195432056,0
2026-03-22T11:03:58.728464,2856,100,427,5.962133407592773,False,0.0,0,1,1774195438728,1774195438728,0
2026-03-22T11:04:05.382075,2856,200,827,3.2944679260253906,False,0.0,0,1,1774195445382,1774195445382,0
2026-03-22T11:04:12.045237,2856,300,1227,10.586023330688477,False,0.0,0,1,1774195452045,1774195452045,0
2026-03-22T11:04:21.154039,2857,0,27,1.2781620025634766,False,0.0,0,1,1774195461154,1774195461154,0
2026-03-22T11:04:27.813191,2857,100,427,3.338336944580078,False,0.0,0,1,1774195467813,1774195467813,0
2026-03-22T11:04:34.475098,2857,200,827,10.432243347167969,False,0.0,0,1,1774195474475,1774195474475,0
2026-03-22T11:04:43.377578,2858,0,28,1.4467239379882812,False,0.0,0,1,1774195483377,1774195483377,0
2026-03-22T11:04:50.039078,2858,100,428,1.8701553344726562,False,0.0,0,1,1774195490039,1774195490039,0
2026-03-22T11:04:56.705177,2858,200,828,12.19797134399414,False,0.0,0,1,1774195496705,1774195496705,0
2026-03-22T11:05:00.443380,2859,0,27,2.3238658905029297,False,0.0,0,1,1774195500443,1774195500443,0
2026-03-22T11:05:07.119462,2859,100,427,9.971380233764648,False,0.0,0,1,1774195507119,1774195507119,0
2026-03-22T11:05:12.103240,2860,0,28,1.9299983978271484,False,0.0,0,1,1774195512103,1774195512103,0
2026-03-22T11:05:18.777102,2860,100,428,3.1507015228271484,False,0.0,0,1,1774195518777,1774195518777,0
2026-03-22T11:05:25.431436,2860,200,828,2.7015209197998047,False,0.0,0,1,1774195525431,1774195525431,0
2026-03-22T11:05:32.086703,2860,300,1228,2.126455307006836,False,0.0,0,1,1774195532086,1774195532086,0
2026-03-22T11:05:35.952303,2861,0,28,3.4418106079101562,False,0.0,0,1,1774195535952,1774195535952,0
2026-03-22T11:05:42.619855,2861,100,428,2.2962093353271484,False,0.0,0,1,1774195542619,1774195542619,0
2026-03-22T11:05:46.117188,2862,0,27,6.211519241333008,False,0.0,0,1,1774195546117,1774195546117,0
2026-03-22T11:05:50.827773,2863,0,27,1.8107891082763672,False,0.0,0,1,1774195550827,1774195550827,0
2026-03-22T11:05:57.483268,2863,100,427,7.462501525878906,False,0.0,0,1,1774195557483,1774195557483,0
2026-03-22T11:06:04.141783,2863,200,827,8.96453857421875,False,0.0,0,1,1774195564141,1774195564141,0
2026-03-22T11:06:09.433715,2864,0,27,1.7216205596923828,False,0.0,0,1,1774195569433,1774195569433,0
2026-03-22T11:06:15.148671,2865,0,27,2.359628677368164,False,0.0,0,1,1774195575148,1774195575148,0
2026-03-22T11:06:21.814401,2865,100,427,12.336015701293945,False,0.0,0,1,1774195581814,1774195581814,0
2026-03-22T11:06:28.462133,2865,200,827,2.6979446411132812,False,0.0,0,1,1774195588462,1774195588462,0
2026-03-22T11:06:35.122602,2865,300,1227,8.19087028503418,False,0.0,0,1,1774195595122,1774195595122,0
2026-03-22T11:06:41.789304,2865,400,1627,1.9173622131347656,False,0.0,0,1,1774195601789,1774195601789,0
2026-03-22T11:06:47.828190,2866,0,28,0.8237361907958984,False,0.0,0,1,1774195607828,1774195607828,0
2026-03-22T11:06:54.483907,2866,100,428,2.1169185638427734,False,0.0,0,1,1774195614483,1774195614483,0
2026-03-22T11:07:01.155694,2866,200,828,1.7414093017578125,False,0.0,0,1,1774195621155,1774195621155,0
2026-03-22T11:07:07.811133,2866,300,1228,1.8939971923828125,False,0.0,0,1,1774195627811,1774195627811,0
2026-03-22T11:07:15.781278,2867,0,27,0.9055137634277344,False,0.0,0,1,1774195635781,1774195635781,0
2026-03-22T11:07:22.439009,2867,100,427,2.3193359375,False,0.0,0,1,1774195642439,1774195642439,0
2026-03-22T11:07:29.100193,2867,200,827,8.814573287963867,False,0.0,0,1,1774195649100,1774195649100,0
2026-03-22T11:07:35.749250,2867,300,1227,2.5496482849121094,False,0.0,0,1,1774195655749,1774195655749,0
2026-03-22T11:07:43.804554,2868,0,27,4.549264907836914,False,0.0,0,1,1774195663804,1774195663804,0
2026-03-22T11:07:50.467601,2868,100,427,11.640310287475586,False,0.0,0,1,1774195670467,1774195670467,0
2026-03-22T11:07:53.437367,2869,0,28,2.268075942993164,False,0.0,0,1,1774195673437,1774195673437,0
2026-03-22T11:08:00.101446,2869,100,428,10.489463806152344,False,0.0,0,1,1774195680101,1774195680101,0
2026-03-22T11:08:06.748419,2869,200,828,2.3810863494873047,False,0.0,0,1,1774195686748,1774195686748,0
2026-03-22T11:08:13.410230,2869,300,1228,8.907794952392578,False,0.0,0,1,1774195693410,1774195693410,0
2026-03-22T11:08:21.744813,2870,0,27,1.2128353118896484,False,0.0,0,1,1774195701744,1774195701744,0
2026-03-22T11:08:28.412174,2870,100,427,2.231597900390625,False,0.0,0,1,1774195708412,1774195708412,0
2026-03-22T11:08:35.083626,2870,200,827,1.5659332275390625,False,0.0,0,1,1774195715083,1774195715083,0
2026-03-22T11:08:38.283138,2871,0,27,0.9558200836181641,False,0.0,0,1,1774195718283,1774195718283,0
2026-03-22T11:08:43.203626,2872,0,28,1.8427371978759766,False,0.0,0,1,1774195723203,1774195723203,0
2026-03-22T11:08:49.876106,2872,100,428,1.943826675415039,False,0.0,0,1,1774195729876,1774195729876,0
2026-03-22T11:08:56.532186,2872,200,828,1.8894672393798828,False,0.0,0,1,1774195736532,1774195736532,0
2026-03-22T11:09:03.187801,2872,300,1228,2.031564712524414,False,0.0,0,1,1774195743187,1774195743187,0
2026-03-22T11:09:12.244373,2873,0,27,0.7855892181396484,False,0.0,0,1,1774195752244,1774195752244,0
2026-03-22T11:09:18.904585,2873,100,427,11.724472045898438,False,0.0,0,1,1774195758904,1774195758904,0
2026-03-22T11:09:23.883847,2874,0,28,12.848854064941406,False,0.0,0,1,1774195763883,1774195763883,0
2026-03-22T11:09:30.542797,2874,100,428,2.012968063354492,False,0.0,0,1,1774195770542,1774195770542,0
2026-03-22T11:09:35.286356,2875,0,28,1.7542839050292969,False,0.0,0,1,1774195775286,1774195775286,0
2026-03-22T11:09:41.943313,2875,100,428,1.9683837890625,False,0.0,0,1,1774195781943,1774195781943,0
2026-03-22T11:09:48.614922,2875,200,828,2.5129318237304688,False,0.0,0,1,1774195788614,1774195788614,0
2026-03-22T11:09:57.750286,2876,0,26,2.5358200073242188,False,0.0,0,1,1774195797750,1774195797750,0
2026-03-22T11:10:04.434390,2876,100,426,12.292623519897461,False,0.0,0,1,1774195804434,1774195804434,0
2026-03-22T11:10:11.102592,2876,200,826,10.123491287231445,False,0.0,0,1,1774195811102,1774195811102,0
2026-03-22T11:10:17.748931,2876,300,1226,2.721071243286133,False,0.0,0,1,1774195817748,1774195817748,0
2026-03-22T11:10:21.840853,2877,0,27,0.9896755218505859,False,0.0,0,1,1774195821840,1774195821840,0
2026-03-22T11:10:28.525499,2877,100,427,11.127948760986328,False,0.0,0,1,1774195828525,1774195828525,0
2026-03-22T11:10:35.169713,2877,200,827,2.303600311279297,False,0.0,0,1,1774195835169,1774195835169,0
2026-03-22T11:10:39.364236,2878,0,28,2.8297901153564453,False,0.0,0,1,1774195839364,1774195839364,0
2026-03-22T11:10:43.159528,2879,0,27,4.417181015014648,False,0.0,0,1,1774195843159,1774195843159,0
2026-03-22T11:10:48.564500,2880,0,27,2.4080276489257812,False,0.0,0,1,1774195848564,1774195848564,0
2026-03-22T11:10:55.226267,2880,100,427,8.052825927734375,False,0.0,0,1,1774195855226,1774195855226,0
2026-03-22T11:11:01.884263,2880,200,827,10.820865631103516,False,0.0,0,1,1774195861884,1774195861884,0
2026-03-22T11:11:09.403560,2881,0,26,2.551555633544922,False,0.0,0,1,1774195869403,1774195869403,0
2026-03-22T11:11:16.054115,2881,100,426,3.1197071075439453,False,0.0,0,1,1774195876054,1774195876054,0
2026-03-22T11:11:21.679224,2882,0,27,2.0744800567626953,False,0.0,0,1,1774195881679,1774195881679,0
2026-03-22T11:11:28.349339,2882,100,427,2.099275588989258,False,0.0,0,1,1774195888349,1774195888349,0
2026-03-22T11:11:30.303779,2883,0,27,10.656118392944336,False,0.0,0,1,1774195890303,1774195890303,0
2026-03-22T11:11:36.977448,2883,100,427,11.22593879699707,False,0.0,0,1,1774195896977,1774195896977,0
2026-03-22T11:11:43.426626,2884,0,27,1.8286705017089844,False,0.0,0,1,1774195903426,1774195903426,0
2026-03-22T11:11:47.191906,2885,0,27,8.734941482543945,False,0.0,0,1,1774195907191,1774195907191,0
2026-03-22T11:11:53.875060,2885,100,427,2.298116683959961,False,0.0,0,1,1774195913875,1774195913875,0
2026-03-22T11:12:00.551958,2885,200,827,8.151769638061523,False,0.0,0,1,1774195920551,1774195920551,0
2026-03-22T11:12:07.200854,2885,300,1227,1.7685890197753906,False,0.0,0,1,1774195927200,1774195927200,0
2026-03-22T11:12:13.874358,2885,400,1627,3.0584335327148438,False,0.0,0,1,1774195933874,1774195933874,0
2026-03-22T11:12:20.555161,2885,500,2027,11.006355285644531,False,0.0,0,1,1774195940555,1774195940555,0
2026-03-22T11:12:29.330766,2886,0,27,0.8373260498046875,False,0.0,0,1,1774195949330,1774195949330,0
2026-03-22T11:12:35.990938,2886,100,427,5.964994430541992,False,0.0,0,1,1774195955990,1774195955990,0
2026-03-22T11:12:42.659324,2886,200,827,1.8935203552246094,False,0.0,0,1,1774195962659,1774195962659,0
2026-03-22T11:12:49.625893,2887,0,27,1.125335693359375,False,0.0,0,1,1774195969625,1774195969625,0
2026-03-22T11:12:56.279732,2887,100,427,11.687040328979492,False,0.0,0,1,1774195976279,1774195976279,0
2026-03-22T11:13:02.926540,2887,200,827,1.8329620361328125,False,0.0,0,1,1774195982926,1774195982926,0
2026-03-22T11:13:06.009128,2888,0,27,6.484270095825195,False,0.0,0,1,1774195986009,1774195986009,0
2026-03-22T11:13:12.676565,2888,100,427,1.920938491821289,False,0.0,0,1,1774195992676,1774195992676,0
2026-03-22T11:13:19.332768,2888,200,827,2.3784637451171875,False,0.0,0,1,1774195999332,1774195999332,0
2026-03-22T11:13:24.173263,2889,0,27,1.2969970703125,False,0.0,0,1,1774196004173,1774196004173,0
2026-03-22T11:13:30.830183,2889,100,427,1.821279525756836,False,0.0,0,1,1774196010830,1774196010830,0
2026-03-22T11:13:36.004022,2890,0,27,1.705169677734375,False,0.0,0,1,1774196016004,1774196016004,0
2026-03-22T11:13:42.668013,2890,100,427,9.434938430786133,False,0.0,0,1,1774196022668,1774196022668,0
2026-03-22T11:13:49.321107,2890,200,827,7.354497909545898,False,0.0,0,1,1774196029321,1774196029321,0
2026-03-22T11:13:55.981040,2890,300,1227,10.335683822631836,False,0.0,0,1,1774196035981,1774196035981,0
2026-03-22T11:14:02.652445,2890,400,1627,9.798526763916016,False,0.0,0,1,1774196042652,1774196042652,0
2026-03-22T11:14:04.839253,2891,0,28,11.983156204223633,False,0.0,0,1,1774196044839,1774196044839,0
2026-03-22T11:14:11.503288,2891,100,428,7.425785064697266,False,0.0,0,1,1774196051503,1774196051503,0
2026-03-22T11:14:18.152734,2891,200,828,2.1729469299316406,False,0.0,0,1,1774196058152,1774196058152,0
2026-03-22T11:14:22.413191,2892,0,28,3.0999183654785156,False,0.0,0,1,1774196062413,1774196062413,0
2026-03-22T11:14:29.068772,2892,100,428,2.914905548095703,False,0.0,0,1,1774196069068,1774196069068,0
2026-03-22T11:14:35.733038,2892,200,828,12.460947036743164,False,0.0,0,1,1774196075733,1774196075733,0
2026-03-22T11:14:38.877629,2893,0,27,12.276649475097656,False,0.0,0,1,1774196078877,1774196078877,0
2026-03-22T11:14:45.545944,2893,100,427,7.562160491943359,False,0.0,0,1,1774196085545,1774196085545,0
2026-03-22T11:14:52.219683,2893,200,827,7.617473602294922,False,0.0,0,1,1774196092219,1774196092219,0
2026-03-22T11:14:54.357736,2894,0,28,1.2693405151367188,False,0.0,0,1,1774196094357,1774196094357,0
2026-03-22T11:15:01.014777,2894,100,428,1.9259452819824219,False,0.0,0,1,1774196101014,1774196101014,0
2026-03-22T11:15:07.691225,2894,200,828,5.939960479736328,False,0.0,0,1,1774196107691,1774196107691,0
2026-03-22T11:15:14.351789,2894,300,1228,10.760307312011719,False,0.0,0,1,1774196114351,1774196114351,0
2026-03-22T11:15:21.006774,2894,400,1628,10.233640670776367,False,0.0,0,1,1774196121006,1774196121006,0
2026-03-22T11:15:24.963291,2895,0,27,6.0176849365234375,False,0.0,0,1,1774196124963,1774196124963,0
2026-03-22T11:15:28.857783,2896,0,27,7.653951644897461,False,0.0,0,1,1774196128857,1774196128857,0
2026-03-22T11:15:35.515972,2896,100,427,9.916305541992188,False,0.0,0,1,1774196135515,1774196135515,0
2026-03-22T11:15:42.170693,2896,200,827,9.017467498779297,False,0.0,0,1,1774196142170,1774196142170,0
2026-03-22T11:15:47.561832,2897,0,27,9.627103805541992,False,0.0,0,1,1774196147561,1774196147561,0
2026-03-22T11:15:52.957885,2898,0,26,11.705875396728516,False,0.0,0,1,1774196152957,1774196152957,0
2026-03-22T11:15:58.316418,2899,0,27,7.935762405395508,False,0.0,0,1,1774196158316,1774196158316,0
2026-03-22T11:16:02.365157,2900,0,27,4.225254058837891,False,0.0,0,1,1774196162365,1774196162365,0
2026-03-22T11:16:06.907475,2901,0,27,1.6832351684570312,False,0.0,0,1,1774196166907,1774196166907,0
2026-03-22T11:16:13.570562,2901,100,427,8.605241775512695,False,0.0,0,1,1774196173570,1774196173570,0
2026-03-22T11:16:20.222217,2901,200,827,7.552862167358398,False,0.0,0,1,1774196180222,1774196180222,0
2026-03-22T11:16:27.323205,2902,0,27,2.0837783813476562,False,0.0,0,1,1774196187323,1774196187323,0
2026-03-22T11:16:33.997628,2902,100,427,3.4439563751220703,False,0.0,0,1,1774196193997,1774196193997,0
2026-03-22T11:16:35.268109,2903,0,27,8.452653884887695,False,0.0,0,1,1774196195268,1774196195268,0
2026-03-22T11:16:41.914644,2903,100,427,1.819610595703125,False,0.0,0,1,1774196201914,1774196201914,0
2026-03-22T11:16:48.594372,2903,200,827,8.482217788696289,False,0.0,0,1,1774196208594,1774196208594,0
2026-03-22T11:16:54.998671,2904,0,27,3.134489059448242,False,0.0,0,1,1774196214998,1774196214998,0
2026-03-22T11:17:01.651428,2904,100,427,1.8277168273925781,False,0.0,0,1,1774196221651,1774196221651,0
2026-03-22T11:17:08.306983,2904,200,827,2.0847320556640625,False,0.0,0,1,1774196228306,1774196228306,0
2026-03-22T11:17:14.961162,2904,300,1227,2.1271705627441406,False,0.0,0,1,1774196234961,1774196234961,0
2026-03-22T11:17:20.416352,2905,0,26,0.6611347198486328,False,0.0,0,1,1774196240416,1774196240416,0
2026-03-22T11:17:27.079442,2905,100,426,7.674455642700195,False,0.0,0,1,1774196247079,1774196247079,0
2026-03-22T11:17:31.790616,2906,0,27,9.482145309448242,False,0.0,0,1,1774196251790,1774196251790,0
2026-03-22T11:17:38.460679,2906,100,427,7.959127426147461,False,0.0,0,1,1774196258460,1774196258460,0
2026-03-22T11:17:45.118893,2906,200,827,9.810447692871094,False,0.0,0,1,1774196265118,1774196265118,0
2026-03-22T11:17:48.003913,2907,0,27,13.068437576293945,False,0.0,0,1,1774196268003,1774196268003,0
2026-03-22T11:17:51.549898,2908,0,28,1.7783641815185547,False,0.0,0,1,1774196271549,1774196271549,0
2026-03-22T11:17:58.222134,2908,100,428,2.386808395385742,False,0.0,0,1,1774196278222,1774196278222,0
2026-03-22T11:18:04.877236,2908,200,828,1.5823841094970703,False,0.0,0,1,1774196284877,1774196284877,0
2026-03-22T11:18:11.534342,2908,300,1228,2.2728443145751953,False,0.0,0,1,1774196291534,1774196291534,0
2026-03-22T11:18:15.778594,2909,0,27,1.6410350799560547,False,0.0,0,1,1774196295778,1774196295778,0
2026-03-22T11:18:22.457270,2909,100,427,9.168148040771484,False,0.0,0,1,1774196302457,1774196302457,0
2026-03-22T11:18:28.874401,2910,0,28,2.526998519897461,False,0.0,0,1,1774196308874,1774196308874,0
2026-03-22T11:18:35.533845,2910,100,428,8.946418762207031,False,0.0,0,1,1774196315533,1774196315533,0
2026-03-22T11:18:37.881610,2911,0,27,10.315656661987305,False,0.0,0,1,1774196317881,1774196317881,0
2026-03-22T11:18:41.624756,2912,0,27,3.71551513671875,False,0.0,0,1,1774196321624,1774196321624,0
2026-03-22T11:18:46.192863,2913,0,27,1.4863014221191406,False,0.0,0,1,1774196326192,1774196326192,0
2026-03-22T11:18:53.273321,2914,0,27,10.446786880493164,False,0.0,0,1,1774196333273,1774196333273,0
2026-03-22T11:18:57.434131,2915,0,27,10.347843170166016,False,0.0,0,1,1774196337434,1774196337434,0
2026-03-22T11:19:04.091234,2915,100,427,10.799646377563477,False,0.0,0,1,1774196344091,1774196344091,0
2026-03-22T11:19:10.737753,2915,200,827,1.8451213836669922,False,0.0,0,1,1774196350737,1774196350737,0
2026-03-22T11:19:14.822899,2916,0,28,9.131193161010742,False,0.0,0,1,1774196354822,1774196354822,0
2026-03-22T11:19:19.938282,2917,0,28,2.3386478424072266,False,0.0,0,1,1774196359938,1774196359938,0
2026-03-22T11:19:26.619188,2917,100,428,10.750293731689453,False,0.0,0,1,1774196366619,1774196366619,0
2026-03-22T11:19:33.758114,2918,0,27,10.08152961730957,False,0.0,0,1,1774196373758,1774196373758,0
2026-03-22T11:19:40.421761,2918,100,427,2.5153160095214844,False,0.0,0,1,1774196380421,1774196380421,0
2026-03-22T11:19:47.077203,2918,200,827,2.722024917602539,False,0.0,0,1,1774196387077,1774196387077,0
2026-03-22T11:19:53.740762,2918,300,1227,11.590003967285156,False,0.0,0,1,1774196393740,1774196393740,0
2026-03-22T11:20:00.396476,2918,400,1627,11.063575744628906,False,0.0,0,1,1774196400396,1774196400396,0
2026-03-22T11:20:07.044012,2918,500,2027,1.6467571258544922,False,0.0,0,1,1774196407044,1774196407044,0
2026-03-22T11:20:13.709879,2918,600,2427,12.415409088134766,False,0.0,0,1,1774196413709,1774196413709,0
2026-03-22T11:20:19.405228,2919,0,27,1.1072158813476562,False,0.0,0,1,1774196419405,1774196419405,0
2026-03-22T11:20:26.068407,2919,100,427,8.144855499267578,False,0.0,0,1,1774196426068,1774196426068,0
2026-03-22T11:20:32.716850,2919,200,827,1.6639232635498047,False,0.0,0,1,1774196432716,1774196432716,0
2026-03-22T11:20:34.089177,2920,0,27,8.678436279296875,False,0.0,0,1,1774196434089,1774196434089,0
2026-03-22T11:20:39.032305,2921,0,27,2.4709701538085938,False,0.0,0,1,1774196439032,1774196439032,0
2026-03-22T11:20:42.530418,2922,0,27,7.8125,False,0.0,0,1,1774196442530,1774196442530,0
2026-03-22T11:20:49.173365,2922,100,427,2.3517608642578125,False,0.0,0,1,1774196449173,1774196449173,0
2026-03-22T11:20:55.838797,2922,200,827,10.75291633605957,False,0.0,0,1,1774196455838,1774196455838,0
2026-03-22T11:21:02.489121,2922,300,1227,1.8262863159179688,False,0.0,0,1,1774196462489,1774196462489,0
2026-03-22T11:21:10.388765,2923,0,26,2.590179443359375,False,0.0,0,1,1774196470388,1774196470388,0
2026-03-22T11:21:15.377136,2924,0,27,9.947061538696289,False,0.0,0,1,1774196475377,1774196475377,0
2026-03-22T11:21:22.022336,2924,100,427,5.12242317199707,False,0.0,0,1,1774196482022,1774196482022,0
2026-03-22T11:21:28.674170,2924,200,827,1.0623931884765625,False,0.0,0,1,1774196488674,1774196488674,0
2026-03-22T11:21:35.339449,2924,300,1227,11.132001876831055,False,0.0,0,1,1774196495339,1774196495339,0
2026-03-22T11:21:41.987427,2924,400,1627,3.05938720703125,False,0.0,0,1,1774196501987,1774196501987,0
2026-03-22T11:21:48.560631,2925,0,27,2.666473388671875,False,0.0,0,1,1774196508560,1774196508560,0
2026-03-22T11:21:55.222744,2925,100,427,8.895158767700195,False,0.0,0,1,1774196515222,1774196515222,0
2026-03-22T11:21:57.568647,2926,0,27,9.2620849609375,False,0.0,0,1,1774196517568,1774196517568,0
2026-03-22T11:22:04.242193,2926,100,427,10.13946533203125,False,0.0,0,1,1774196524242,1774196524242,0
2026-03-22T11:22:06.700590,2927,0,27,6.526947021484375,False,0.0,0,1,1774196526700,1774196526700,0
2026-03-22T11:22:13.360859,2927,100,427,10.721206665039062,False,0.0,0,1,1774196533360,1774196533360,0
2026-03-22T11:22:17.830083,2928,0,26,5.332708358764648,False,0.0,0,1,1774196537830,1774196537830,0
2026-03-22T11:22:24.484728,2928,100,426,2.4640560150146484,False,0.0,0,1,1774196544484,1774196544484,0
2026-03-22T11:22:29.766622,2929,0,27,10.526418685913086,False,0.0,0,1,1774196549766,1774196549766,0
2026-03-22T11:22:36.421902,2929,100,427,10.58053970336914,False,0.0,0,1,1774196556421,1774196556421,0
2026-03-22T11:22:43.092536,2929,200,827,9.349346160888672,False,0.0,0,1,1774196563092,1774196563092,0
2026-03-22T11:22:49.741742,2929,300,1227,1.9638538360595703,False,0.0,0,1,1774196569741,1774196569741,0
2026-03-22T11:22:59.595250,2930,0,27,3.715991973876953,False,0.0,0,1,1774196579595,1774196579595,0
2026-03-22T11:23:06.252991,2930,100,427,8.032798767089844,False,0.0,0,1,1774196586252,1774196586252,0
2026-03-22T11:23:08.294593,2931,0,26,2.1560192108154297,False,0.0,0,1,1774196588294,1774196588294,0
2026-03-22T11:23:12.445612,2932,0,28,10.747671127319336,False,0.0,0,1,1774196592445,1774196592445,0
2026-03-22T11:23:17.282260,2933,0,27,3.7000179290771484,False,0.0,0,1,1774196597282,1774196597282,0
2026-03-22T11:23:20.914763,2934,0,28,9.607076644897461,False,0.0,0,1,1774196600914,1774196600914,0
2026-03-22T11:23:27.569810,2934,100,428,9.583473205566406,False,0.0,0,1,1774196607569,1774196607569,0
2026-03-22T11:23:34.217297,2934,200,828,1.6748905181884766,False,0.0,0,1,1774196614217,1774196614217,0
2026-03-22T11:23:43.060525,2935,0,27,3.964662551879883,False,0.0,0,1,1774196623060,1774196623060,0
2026-03-22T11:23:49.716412,2935,100,427,8.161544799804688,False,0.0,0,1,1774196629716,1774196629716,0
2026-03-22T11:23:56.382916,2935,200,827,2.149343490600586,False,0.0,0,1,1774196636382,1774196636382,0
2026-03-22T11:24:03.047163,2935,300,1227,10.757684707641602,False,0.0,0,1,1774196643047,1774196643047,0
2026-03-22T11:24:08.287382,2936,0,27,5.107879638671875,False,0.0,0,1,1774196648287,1774196648287,0
2026-03-22T11:24:14.951931,2936,100,427,2.9897689819335938,False,0.0,0,1,1774196654951,1774196654951,0
2026-03-22T11:24:21.623989,2936,200,827,2.521038055419922,False,0.0,0,1,1774196661623,1774196661623,0
2026-03-22T11:24:28.287471,2936,300,1227,10.156393051147461,False,0.0,0,1,1774196668287,1774196668287,0
2026-03-22T11:24:33.476677,2937,0,26,9.09113883972168,False,0.0,0,1,1774196673476,1774196673476,0
2026-03-22T11:24:40.148439,2937,100,426,6.851434707641602,False,0.0,0,1,1774196680148,1774196680148,0
2026-03-22T11:24:45.046649,2938,0,27,12.302160263061523,False,0.0,0,1,1774196685046,1774196685046,0
2026-03-22T11:24:49.078545,2939,0,27,2.223491668701172,False,0.0,0,1,1774196689078,1774196689078,0
2026-03-22T11:24:53.477452,2940,0,27,9.453296661376953,False,0.0,0,1,1774196693477,1774196693477,0
2026-03-22T11:25:00.143382,2940,100,427,2.0923614501953125,False,0.0,0,1,1774196700143,1774196700143,0
2026-03-22T11:25:06.815128,2940,200,827,1.8978118896484375,False,0.0,0,1,1774196706815,1774196706815,0
2026-03-22T11:25:16.301937,2941,0,27,4.235506057739258,False,0.0,0,1,1774196716301,1774196716301,0
2026-03-22T11:25:20.156360,2942,0,27,5.984306335449219,False,0.0,0,1,1774196720156,1774196720156,0
2026-03-22T11:25:26.799318,2942,100,427,2.752542495727539,False,0.0,0,1,1774196726799,1774196726799,0
2026-03-22T11:25:33.463174,2942,200,827,10.991811752319336,False,0.0,0,1,1774196733463,1774196733463,0
2026-03-22T11:25:41.776208,2943,0,27,3.195047378540039,False,0.0,0,1,1774196741776,1774196741776,0
2026-03-22T11:25:48.430928,2943,100,427,2.3310184478759766,False,0.0,0,1,1774196748430,1774196748430,0
2026-03-22T11:25:55.093137,2943,200,827,8.742570877075195,False,0.0,0,1,1774196755093,1774196755093,0
2026-03-22T11:26:01.749079,2943,300,1227,9.988784790039062,False,0.0,0,1,1774196761749,1774196761749,0
2026-03-22T11:26:05.291972,2944,0,27,3.356456756591797,False,0.0,0,1,1774196765291,1774196765291,0
2026-03-22T11:26:11.957460,2944,100,427,1.873016357421875,False,0.0,0,1,1774196771957,1774196771957,0
2026-03-22T11:26:18.621907,2944,200,827,9.877204895019531,False,0.0,0,1,1774196778621,1774196778621,0
2026-03-22T11:26:19.910554,2945,0,27,1.9311904907226562,False,0.0,0,1,1774196779910,1774196779910,0
2026-03-22T11:26:26.573011,2945,100,427,7.1849822998046875,False,0.0,0,1,1774196786573,1774196786573,0
2026-03-22T11:26:30.561267,2946,0,28,1.9958019256591797,False,0.0,0,1,1774196790561,1774196790561,0
2026-03-22T11:26:37.218671,2946,100,428,2.9058456420898438,False,0.0,0,1,1774196797218,1774196797218,0
2026-03-22T11:26:43.871966,2946,200,828,2.569913864135742,False,0.0,0,1,1774196803871,1774196803871,0
2026-03-22T11:26:50.532743,2946,300,1228,7.363319396972656,False,0.0,0,1,1774196810532,1774196810532,0
2026-03-22T11:26:52.984132,2947,0,28,12.433290481567383,False,0.0,0,1,1774196812984,1774196812984,0
2026-03-22T11:26:59.646866,2947,100,428,1.886606216430664,False,0.0,0,1,1774196819646,1774196819646,0
2026-03-22T11:27:06.328741,2947,200,828,12.878894805908203,False,0.0,0,1,1774196826328,1774196826328,0
2026-03-22T11:27:07.711657,2948,0,27,11.592388153076172,False,0.0,0,1,1774196827711,1774196827711,0
2026-03-22T11:27:13.028579,2949,0,27,2.427816390991211,False,0.0,0,1,1774196833028,1774196833028,0
2026-03-22T11:27:17.617428,2950,0,27,12.164831161499023,False,0.0,0,1,1774196837617,1774196837617,0
2026-03-22T11:27:24.259819,2950,100,427,6.553173065185547,False,0.0,0,1,1774196844259,1774196844259,0
2026-03-22T11:27:30.910788,2950,200,827,2.2869110107421875,False,0.0,0,1,1774196850910,1774196850910,0
2026-03-22T11:27:37.597467,2950,300,1227,15.043973922729492,False,0.0,0,1,1774196857597,1774196857597,0
2026-03-22T11:27:41.558308,2951,0,27,0.8683204650878906,False,0.0,0,1,1774196861558,1774196861558,0
2026-03-22T11:27:48.217732,2951,100,427,3.3648014068603516,False,0.0,0,1,1774196868217,1774196868217,0
2026-03-22T11:27:52.741492,2952,0,26,10.04934310913086,False,0.0,0,1,1774196872741,1774196872741,0
2026-03-22T11:27:59.404875,2952,100,426,9.250640869140625,False,0.0,0,1,1774196879404,1774196879404,0
2026-03-22T11:28:06.070787,2952,200,826,2.5773048400878906,False,0.0,0,1,1774196886070,1774196886070,0
2026-03-22T11:28:12.725563,2952,300,1226,2.098560333251953,False,0.0,0,1,1774196892725,1774196892725,0
2026-03-22T11:28:21.060117,2953,0,27,0.9000301361083984,False,0.0,0,1,1774196901060,1774196901060,0
2026-03-22T11:28:27.725276,2953,100,427,9.622812271118164,False,0.0,0,1,1774196907725,1774196907725,0
2026-03-22T11:28:34.380981,2953,200,827,9.990215301513672,False,0.0,0,1,1774196914380,1774196914380,0
2026-03-22T11:28:41.038234,2953,300,1227,9.308815002441406,False,0.0,0,1,1774196921038,1774196921038,0
2026-03-22T11:28:49.882149,2954,0,27,2.8083324432373047,False,0.0,0,1,1774196929882,1774196929882,0
2026-03-22T11:28:56.539612,2954,100,427,5.707025527954102,False,0.0,0,1,1774196936539,1774196936539,0
2026-03-22T11:29:03.200543,2954,200,827,10.680675506591797,False,0.0,0,1,1774196943200,1774196943200,0
2026-03-22T11:29:09.846861,2954,300,1227,1.7781257629394531,False,0.0,0,1,1774196949846,1774196949846,0
2026-03-22T11:29:16.502999,2954,400,1627,2.0041465759277344,False,0.0,0,1,1774196956502,1774196956502,0
2026-03-22T11:29:23.160006,2954,500,2027,3.442525863647461,False,0.0,0,1,1774196963160,1774196963160,0
2026-03-22T11:29:27.372164,2955,0,26,0.8311271667480469,False,0.0,0,1,1774196967372,1774196967372,0
2026-03-22T11:29:31.086560,2956,0,27,4.189252853393555,False,0.0,0,1,1774196971086,1774196971086,0
2026-03-22T11:29:37.735373,2956,100,427,1.7998218536376953,False,0.0,0,1,1774196977735,1774196977735,0
2026-03-22T11:29:44.407427,2956,200,827,2.395153045654297,False,0.0,0,1,1774196984407,1774196984407,0
2026-03-22T11:29:51.063061,2956,300,1227,2.1042823791503906,False,0.0,0,1,1774196991063,1774196991063,0
2026-03-22T11:30:00.950084,2957,0,27,4.090309143066406,False,0.0,0,1,1774197000950,1774197000950,0
2026-03-22T11:30:07.609482,2957,100,427,8.273124694824219,False,0.0,0,1,1774197007609,1774197007609,0
2026-03-22T11:30:09.974429,2958,0,27,10.915040969848633,False,0.0,0,1,1774197009974,1774197009974,0
2026-03-22T11:30:16.621613,2958,100,427,2.35748291015625,False,0.0,0,1,1774197016621,1774197016621,0
2026-03-22T11:30:23.278011,2958,200,827,2.5386810302734375,False,0.0,0,1,1774197023278,1774197023278,0
2026-03-22T11:30:29.940410,2958,300,1227,9.927034378051758,False,0.0,0,1,1774197029940,1774197029940,0
2026-03-22T11:30:36.603943,2958,400,1627,2.0685195922851562,False,0.0,0,1,1774197036603,1774197036603,0
2026-03-22T11:30:43.014802,2959,0,27,2.6276111602783203,False,0.0,0,1,1774197043014,1774197043014,0
2026-03-22T11:30:47.762481,2960,0,27,10.59103012084961,False,0.0,0,1,1774197047762,1774197047762,0
2026-03-22T11:30:54.421215,2960,100,427,12.151956558227539,False,0.0,0,1,1774197054421,1774197054421,0
2026-03-22T11:31:01.093150,2960,200,827,13.165950775146484,False,0.0,0,1,1774197061093,1774197061093,0
2026-03-22T11:31:10.365245,2961,0,27,2.4747848510742188,False,0.0,0,1,1774197070365,1774197070365,0
2026-03-22T11:31:17.032170,2961,100,427,11.285066604614258,False,0.0,0,1,1774197077032,1774197077032,0
2026-03-22T11:31:23.683315,2961,200,827,7.456779479980469,False,0.0,0,1,1774197083683,1774197083683,0
2026-03-22T11:31:30.332656,2961,300,1227,1.7838478088378906,False,0.0,0,1,1774197090332,1774197090332,0
2026-03-22T11:31:36.994605,2961,400,1627,8.705854415893555,False,0.0,0,1,1774197096994,1774197096994,0
2026-03-22T11:31:43.670610,2961,500,2027,11.470794677734375,False,0.0,0,1,1774197103670,1774197103670,0
2026-03-22T11:31:50.324430,2961,600,2427,10.930538177490234,False,0.0,0,1,1774197110324,1774197110324,0
2026-03-22T11:32:02.383578,2962,0,27,5.256891250610352,False,0.0,0,1,1774197122383,1774197122383,0
2026-03-22T11:32:09.042353,2962,100,427,8.974552154541016,False,0.0,0,1,1774197129042,1774197129042,0
2026-03-22T11:32:15.695962,2962,200,827,7.625818252563477,False,0.0,0,1,1774197135695,1774197135695,0
2026-03-22T11:32:17.945621,2963,0,28,10.533809661865234,False,0.0,0,1,1774197137945,1774197137945,0
2026-03-22T11:32:24.615180,2963,100,428,7.5321197509765625,False,0.0,0,1,1774197144615,1774197144615,0
2026-03-22T11:32:31.264953,2963,200,828,2.049684524536133,False,0.0,0,1,1774197151264,1774197151264,0
2026-03-22T11:32:34.415321,2964,0,28,3.5970211029052734,False,0.0,0,1,1774197154415,1774197154415,0
2026-03-22T11:32:38.840449,2965,0,27,1.0423660278320312,False,0.0,0,1,1774197158840,1774197158840,0
2026-03-22T11:32:43.247075,2966,0,28,2.7294158935546875,False,0.0,0,1,1774197163247,1774197163247,0
2026-03-22T11:32:49.439787,2967,0,28,6.518363952636719,False,0.0,0,1,1774197169439,1774197169439,0
2026-03-22T11:32:56.107312,2967,100,428,2.3610591888427734,False,0.0,0,1,1774197176107,1774197176107,0
2026-03-22T11:33:02.787697,2967,200,828,9.536981582641602,False,0.0,0,1,1774197182787,1774197182787,0
2026-03-22T11:33:09.436259,2967,300,1228,2.2058486938476562,False,0.0,0,1,1774197189436,1774197189436,0
2026-03-22T11:33:13.080061,2968,0,27,1.726388931274414,False,0.0,0,1,1774197193080,1774197193080,0
2026-03-22T11:33:19.735777,2968,100,427,2.599477767944336,False,0.0,0,1,1774197199735,1774197199735,0
2026-03-22T11:33:26.417058,2968,200,827,9.60683822631836,False,0.0,0,1,1774197206417,1774197206417,0
2026-03-22T11:33:29.691642,2969,0,27,0.7293224334716797,False,0.0,0,1,1774197209691,1774197209691,0
2026-03-22T11:33:36.347678,2969,100,427,7.916688919067383,False,0.0,0,1,1774197216347,1774197216347,0
2026-03-22T11:33:43.014302,2969,200,827,2.338409423828125,False,0.0,0,1,1774197223014,1774197223014,0
2026-03-22T11:33:49.090662,2970,0,26,1.2054443359375,False,0.0,0,1,1774197229090,1774197229090,0
2026-03-22T11:33:55.749196,2970,100,426,7.902383804321289,False,0.0,0,1,1774197235749,1774197235749,0
2026-03-22T11:34:02.416063,2970,200,826,2.1882057189941406,False,0.0,0,1,1774197242416,1774197242416,0
2026-03-22T11:34:04.219157,2971,0,27,9.763240814208984,False,0.0,0,1,1774197244219,1774197244219,0
2026-03-22T11:34:10.884636,2971,100,427,2.768278121948242,False,0.0,0,1,1774197250884,1774197250884,0
2026-03-22T11:34:17.556248,2971,200,827,1.52587890625,False,0.0,0,1,1774197257556,1774197257556,0
2026-03-22T11:34:24.218292,2971,300,1227,7.976531982421875,False,0.0,0,1,1774197264218,1774197264218,0
2026-03-22T11:34:30.385366,2972,0,27,2.5649070739746094,False,0.0,0,1,1774197270385,1774197270385,0
2026-03-22T11:34:37.048922,2972,100,427,9.767770767211914,False,0.0,0,1,1774197277048,1774197277048,0
2026-03-22T11:34:42.382698,2973,0,27,11.732101440429688,False,0.0,0,1,1774197282382,1774197282382,0
2026-03-22T11:34:49.037413,2973,100,427,1.7504692077636719,False,0.0,0,1,1774197289037,1774197289037,0
2026-03-22T11:34:51.317743,2974,0,26,17.679452896118164,False,0.0,0,1,1774197291317,1774197291317,0
2026-03-22T11:34:56.626298,2975,0,27,1.672506332397461,False,0.0,0,1,1774197296626,1774197296626,0
2026-03-22T11:35:03.282321,2975,100,427,1.903533935546875,False,0.0,0,1,1774197303282,1774197303282,0
2026-03-22T11:35:09.947532,2975,200,827,11.597871780395508,False,0.0,0,1,1774197309947,1774197309947,0
2026-03-22T11:35:16.600984,2975,300,1227,9.191751480102539,False,0.0,0,1,1774197316600,1774197316600,0
2026-03-22T11:35:22.783244,2976,0,26,1.4123916625976562,False,0.0,0,1,1774197322783,1774197322783,0
2026-03-22T11:35:29.438681,2976,100,426,2.371072769165039,False,0.0,0,1,1774197329438,1774197329438,0
2026-03-22T11:35:32.106036,2977,0,28,6.43610954284668,False,0.0,0,1,1774197332106,1774197332106,0
2026-03-22T11:35:38.773356,2977,100,428,2.023458480834961,False,0.0,0,1,1774197338773,1774197338773,0
2026-03-22T11:35:45.444170,2977,200,828,1.6896724700927734,False,0.0,0,1,1774197345444,1774197345444,0
2026-03-22T11:35:52.094827,2977,300,1227,11.487007141113281,False,0.0,0,1,1774197352094,1774197352094,0
2026-03-22T11:35:52.726757,2978,0,27,12.813329696655273,False,0.0,0,1,1774197352726,1774197352726,0
2026-03-22T11:35:57.526391,2979,0,27,3.084421157836914,False,0.0,0,1,1774197357526,1774197357526,0
2026-03-22T11:36:04.180228,2979,100,427,2.140522003173828,False,0.0,0,1,1774197364180,1774197364180,0
2026-03-22T11:36:10.853667,2979,200,827,1.8978118896484375,False,0.0,0,1,1774197370853,1774197370853,0
2026-03-22T11:36:17.516494,2979,300,1227,8.933782577514648,False,0.0,0,1,1774197377516,1774197377516,0
2026-03-22T11:36:24.187371,2979,400,1627,8.272647857666016,False,0.0,0,1,1774197384187,1774197384187,0
2026-03-22T11:36:30.835545,2979,500,2027,1.5158653259277344,False,0.0,0,1,1774197390835,1774197390835,0
2026-03-22T11:36:37.492216,2979,600,2427,2.0599365234375,False,0.0,0,1,1774197397492,1774197397492,0
2026-03-22T11:36:44.153722,2979,700,2827,7.651329040527344,False,0.0,0,1,1774197404153,1774197404153,0
2026-03-22T11:36:50.825863,2979,800,3227,7.625341415405273,False,0.0,0,1,1774197410825,1774197410825,0
2026-03-22T11:36:57.484897,2979,900,3627,11.099815368652344,False,0.0,0,1,1774197417484,1774197417484,0
2026-03-22T11:37:04.140972,2979,1000,4027,11.964559555053711,False,0.0,0,1,1774197424140,1774197424140,0
2026-03-22T11:37:13.205991,2980,0,27,3.328084945678711,False,0.0,0,1,1774197433205,1774197433205,0
2026-03-22T11:37:18.059220,2981,0,27,2.7413368225097656,False,0.0,0,1,1774197438059,1774197438059,0
2026-03-22T11:37:24.715194,2981,100,427,2.432584762573242,False,0.0,0,1,1774197444715,1774197444715,0
2026-03-22T11:37:31.371510,2981,200,827,3.988981246948242,False,0.0,0,1,1774197451371,1774197451371,0
2026-03-22T11:37:38.026541,2981,300,1227,2.456188201904297,False,0.0,0,1,1774197458026,1774197458026,0
2026-03-22T11:37:46.967013,2982,0,28,1.4240741729736328,False,0.0,0,1,1774197466967,1774197466967,0
2026-03-22T11:37:53.622634,2982,100,428,7.422208786010742,False,0.0,0,1,1774197473622,1774197473622,0
2026-03-22T11:38:00.283080,2982,200,828,12.170076370239258,False,0.0,0,1,1774197480283,1774197480283,0
2026-03-22T11:38:06.927715,2982,300,1228,1.4336109161376953,False,0.0,0,1,1774197486927,1774197486927,0
2026-03-22T11:38:13.608425,2982,400,1628,9.355306625366211,False,0.0,0,1,1774197493608,1774197493608,0
2026-03-22T11:38:20.284275,2982,500,2028,9.435415267944336,False,0.0,0,1,1774197500284,1774197500284,0
2026-03-22T11:38:26.934310,2982,600,2428,7.705926895141602,False,0.0,0,1,1774197506934,1774197506934,0
2026-03-22T11:38:30.694248,2983,0,27,2.566814422607422,False,0.0,0,1,1774197510694,1774197510694,0
2026-03-22T11:38:37.219076,2984,0,28,9.66334342956543,False,0.0,0,1,1774197517219,1774197517219,0
2026-03-22T11:38:42.452993,2985,0,27,1.767873764038086,False,0.0,0,1,1774197522452,1774197522452,0
2026-03-22T11:38:49.108331,2985,100,427,1.821279525756836,False,0.0,0,1,1774197529108,1774197529108,0
2026-03-22T11:38:50.923065,2986,0,28,1.5621185302734375,False,0.0,0,1,1774197530923,1774197530923,0
2026-03-22T11:38:57.576939,2986,100,428,1.7533302307128906,False,0.0,0,1,1774197537576,1774197537576,0
2026-03-22T11:39:04.257992,2986,200,828,10.071277618408203,False,0.0,0,1,1774197544257,1774197544257,0
2026-03-22T11:39:11.871599,2987,0,27,0.9326934814453125,False,0.0,0,1,1774197551871,1774197551871,0
2026-03-22T11:39:18.538889,2987,100,427,12.192249298095703,False,0.0,0,1,1774197558538,1774197558538,0
2026-03-22T11:39:25.193752,2987,200,827,12.13383674621582,False,0.0,0,1,1774197565193,1774197565193,0
2026-03-22T11:39:26.880258,2988,0,27,13.396739959716797,False,0.0,0,1,1774197566880,1774197566880,0
2026-03-22T11:39:33.543466,2988,100,427,10.540246963500977,False,0.0,0,1,1774197573543,1774197573543,0
2026-03-22T11:39:35.261071,2989,0,28,9.217500686645508,False,0.0,0,1,1774197575261,1774197575261,0
2026-03-22T11:39:38.461241,2990,0,27,2.7618408203125,False,0.0,0,1,1774197578461,1774197578461,0
2026-03-22T11:39:45.142733,2990,100,427,6.635427474975586,False,0.0,0,1,1774197585142,1774197585142,0
2026-03-22T11:39:51.799467,2990,200,827,12.202739715576172,False,0.0,0,1,1774197591799,1774197591799,0
2026-03-22T11:39:58.443603,2990,300,1227,1.6486644744873047,False,0.0,0,1,1774197598443,1774197598443,0
2026-03-22T11:40:05.106846,2990,400,1627,9.402990341186523,False,0.0,0,1,1774197605106,1774197605106,0
2026-03-22T11:40:11.758568,2990,500,2027,2.094268798828125,False,0.0,0,1,1774197611758,1774197611758,0
2026-03-22T11:40:18.413650,2990,600,2427,2.5186538696289062,False,0.0,0,1,1774197618413,1774197618413,0
2026-03-22T11:40:24.387605,2991,0,27,4.613637924194336,False,0.0,0,1,1774197624387,1774197624387,0
2026-03-22T11:40:31.039610,2991,100,427,1.9199848175048828,False,0.0,0,1,1774197631039,1774197631039,0
2026-03-22T11:40:37.696731,2991,200,827,3.1042098999023438,False,0.0,0,1,1774197637696,1774197637696,0
2026-03-22T11:40:45.715793,2992,0,26,1.344442367553711,False,0.0,0,1,1774197645715,1774197645715,0
2026-03-22T11:40:52.388437,2992,100,426,2.2110939025878906,False,0.0,0,1,1774197652388,1774197652388,0
2026-03-22T11:40:59.044063,2992,200,826,1.7099380493164062,False,0.0,0,1,1774197659044,1774197659044,0
2026-03-22T11:41:05.698884,2992,300,1226,2.0051002502441406,False,0.0,0,1,1774197665698,1774197665698,0
2026-03-22T11:41:10.652920,2993,0,27,13.091564178466797,False,0.0,0,1,1774197670652,1774197670652,0
2026-03-22T11:41:17.320802,2993,100,427,8.652210235595703,False,0.0,0,1,1774197677320,1774197677320,0
2026-03-22T11:41:23.980867,2993,200,827,13.472795486450195,False,0.0,0,1,1774197683980,1774197683980,0
2026-03-22T11:41:30.636003,2993,300,1227,11.416435241699219,False,0.0,0,1,1774197690636,1774197690636,0
2026-03-22T11:41:37.280642,2993,400,1627,2.6345252990722656,False,0.0,0,1,1774197697280,1774197697280,0
2026-03-22T11:41:44.801174,2994,0,27,2.295255661010742,False,0.0,0,1,1774197704801,1774197704801,0
2026-03-22T11:41:51.480129,2994,100,427,7.2021484375,False,0.0,0,1,1774197711480,1774197711480,0
2026-03-22T11:41:58.155140,2994,200,827,10.619878768920898,False,0.0,0,1,1774197718155,1774197718155,0
2026-03-22T11:42:01.384065,2995,0,27,12.146949768066406,False,0.0,0,1,1774197721384,1774197721384,0
2026-03-22T11:42:05.094035,2996,0,27,10.996580123901367,False,0.0,0,1,1774197725094,1774197725094,0
2026-03-22T11:42:11.756727,2996,100,427,1.8928050994873047,False,0.0,0,1,1774197731756,1774197731756,0
2026-03-22T11:42:14.635785,2997,0,26,2.686023712158203,False,0.0,0,1,1774197734635,1774197734635,0
2026-03-22T11:42:19.078573,2998,0,27,1.9991397857666016,False,0.0,0,1,1774197739078,1774197739078,0
2026-03-22T11:42:25.740350,2998,100,427,9.192466735839844,False,0.0,0,1,1774197745740,1774197745740,0
2026-03-22T11:42:32.389666,2998,200,827,2.321004867553711,False,0.0,0,1,1774197752389,1774197752389,0
2026-03-22T11:42:34.445786,2999,0,28,11.893987655639648,False,0.0,0,1,1774197754445,1774197754445,0
2026-03-22T11:42:41.101163,2999,100,428,12.033462524414062,False,0.0,0,1,1774197761101,1774197761101,0
2026-03-22T11:42:47.746932,2999,200,828,2.194643020629883,False,0.0,0,1,1774197767746,1774197767746,0
2026-03-22T11:42:51.916630,3000,0,27,11.805534362792969,False,0.0,0,1,1774197771916,1774197771916,0
2026-03-22T11:42:58.583531,3000,100,427,6.836652755737305,False,0.0,0,1,1774197778583,1774197778583,0
2026-03-22T11:43:05.258122,3000,200,827,8.890867233276367,False,0.0,0,1,1774197785258,1774197785258,0
2026-03-22T11:43:09.796823,3001,0,27,2.7344226837158203,False,0.0,0,1,1774197789796,1774197789796,0
2026-03-22T11:43:16.453037,3001,100,427,3.995180130004883,False,0.0,0,1,1774197796453,1774197796453,0
2026-03-22T11:43:23.133193,3001,200,827,10.43081283569336,False,0.0,0,1,1774197803133,1774197803133,0
2026-03-22T11:43:29.787672,3001,300,1227,10.441780090332031,False,0.0,0,1,1774197809787,1774197809787,0
2026-03-22T11:43:33.958438,3002,0,27,5.178689956665039,False,0.0,0,1,1774197813958,1774197813958,0
2026-03-22T11:43:40.632023,3002,100,427,6.316661834716797,False,0.0,0,1,1774197820632,1774197820632,0
2026-03-22T11:43:47.289057,3002,200,827,9.119987487792969,False,0.0,0,1,1774197827289,1774197827289,0
2026-03-22T11:43:49.189621,3003,0,26,2.5691986083984375,False,0.0,0,1,1774197829189,1774197829189,0
2026-03-22T11:43:55.835676,3003,100,426,2.175569534301758,False,0.0,0,1,1774197835835,1774197835835,0
2026-03-22T11:44:02.519508,3003,200,826,11.219263076782227,False,0.0,0,1,1774197842519,1774197842519,0
2026-03-22T11:44:09.170106,3003,300,1226,8.067131042480469,False,0.0,0,1,1774197849170,1774197849170,0
2026-03-22T11:44:13.887636,3004,0,26,1.108407974243164,False,0.0,0,1,1774197853887,1774197853887,0
2026-03-22T11:44:20.570706,3004,100,426,11.332988739013672,False,0.0,0,1,1774197860570,1774197860570,0
2026-03-22T11:44:27.216615,3004,200,826,2.1021366119384766,False,0.0,0,1,1774197867216,1774197867216,0
2026-03-22T11:44:33.688788,3005,0,28,2.4139881134033203,False,0.0,0,1,1774197873688,1774197873688,0
2026-03-22T11:44:40.543577,3006,0,28,2.2554397583007812,False,0.0,0,1,1774197880543,1774197880543,0
2026-03-22T11:44:47.200025,3006,100,428,2.913951873779297,False,0.0,0,1,1774197887200,1774197887200,0
2026-03-22T11:44:53.861337,3006,200,828,7.500171661376953,False,0.0,0,1,1774197893861,1774197893861,0
2026-03-22T11:45:00.512355,3006,300,1228,3.089427947998047,False,0.0,0,1,1774197900512,1774197900512,0
2026-03-22T11:45:07.192832,3006,400,1628,11.523723602294922,False,0.0,0,1,1774197907192,1774197907192,0
2026-03-22T11:45:12.694605,3007,0,27,0.8363723754882812,False,0.0,0,1,1774197912694,1774197912694,0
2026-03-22T11:45:19.356276,3007,100,427,11.565208435058594,False,0.0,0,1,1774197919356,1774197919356,0
2026-03-22T11:45:22.976302,3008,0,27,14.222860336303711,False,0.0,0,1,1774197922976,1774197922976,0
2026-03-22T11:45:29.640077,3008,100,427,11.883735656738281,False,0.0,0,1,1774197929640,1774197929640,0
2026-03-22T11:45:36.303092,3008,200,827,2.3174285888671875,False,0.0,0,1,1774197936303,1774197936303,0
2026-03-22T11:45:42.957482,3008,300,1227,2.534627914428711,False,0.0,0,1,1774197942957,1774197942957,0
2026-03-22T11:45:49.614139,3008,400,1627,2.460002899169922,False,0.0,0,1,1774197949614,1774197949614,0
2026-03-22T11:45:54.008740,3009,0,27,5.227565765380859,False,0.0,0,1,1774197954008,1774197954008,0
2026-03-22T11:45:59.213985,3010,0,26,2.41851806640625,False,0.0,0,1,1774197959213,1774197959213,0
2026-03-22T11:46:03.082403,3011,0,27,10.045766830444336,False,0.0,0,1,1774197963082,1774197963082,0
2026-03-22T11:46:09.729495,3011,100,427,2.365589141845703,False,0.0,0,1,1774197969729,1774197969729,0
2026-03-22T11:46:12.401467,3012,0,27,3.305673599243164,False,0.0,0,1,1774197972401,1774197972401,0
2026-03-22T11:46:16.229256,3013,0,27,11.167049407958984,False,0.0,0,1,1774197976229,1774197976229,0
2026-03-22T11:46:22.901134,3013,100,427,12.206315994262695,False,0.0,0,1,1774197982901,1774197982901,0
2026-03-22T11:46:29.548297,3013,200,827,2.8362274169921875,False,0.0,0,1,1774197989548,1774197989548,0
2026-03-22T11:46:36.212876,3013,300,1227,11.301755905151367,False,0.0,0,1,1774197996212,1774197996212,0
2026-03-22T11:46:41.094781,3014,0,27,11.899232864379883,False,0.0,0,1,1774198001094,1774198001094,0
2026-03-22T11:46:44.688050,3015,0,27,1.6489028930664062,False,0.0,0,1,1774198004688,1774198004688,0
2026-03-22T11:46:51.362668,3015,100,427,1.6913414001464844,False,0.0,0,1,1774198011362,1774198011362,0
2026-03-22T11:46:58.023189,3015,200,827,8.989572525024414,False,0.0,0,1,1774198018023,1774198018023,0
2026-03-22T11:46:59.780337,3016,0,26,2.2618770599365234,False,0.0,0,1,1774198019780,1774198019780,0
2026-03-22T11:47:06.435001,3016,100,426,1.6734600067138672,False,0.0,0,1,1774198026434,1774198026434,0
2026-03-22T11:47:13.408669,3017,0,28,1.8537044525146484,False,0.0,0,1,1774198033408,1774198033408,0
2026-03-22T11:47:18.648604,3018,0,28,1.8780231475830078,False,0.0,0,1,1774198038648,1774198038648,0
2026-03-22T11:47:25.304323,3018,100,428,1.8541812896728516,False,0.0,0,1,1774198045304,1774198045304,0
2026-03-22T11:47:31.962233,3018,200,828,3.3652782440185547,False,0.0,0,1,1774198051962,1774198051962,0
2026-03-22T11:47:35.116171,3019,0,27,11.478662490844727,False,0.0,0,1,1774198055116,1774198055116,0
2026-03-22T11:47:41.760621,3019,100,427,2.0608901977539062,False,0.0,0,1,1774198061760,1774198061760,0
2026-03-22T11:47:48.434260,3019,200,827,2.107858657836914,False,0.0,0,1,1774198068434,1774198068434,0
2026-03-22T11:47:55.106083,3019,300,1227,16.903400421142578,False,0.0,0,1,1774198075106,1774198075106,0
2026-03-22T11:48:01.752614,3019,400,1627,9.33527946472168,False,0.0,0,1,1774198081752,1774198081752,0
2026-03-22T11:48:06.724292,3020,0,27,0.9443759918212891,False,0.0,0,1,1774198086724,1774198086724,0
2026-03-22T11:48:13.376759,3020,100,427,2.815723419189453,False,0.0,0,1,1774198093376,1774198093376,0
2026-03-22T11:48:20.048959,3020,200,827,2.226591110229492,False,0.0,0,1,1774198100048,1774198100048,0
2026-03-22T11:48:26.706007,3020,300,1227,2.9802322387695312,False,0.0,0,1,1774198106706,1774198106706,0
2026-03-22T11:48:31.228718,3021,0,27,1.1341571807861328,False,0.0,0,1,1774198111228,1774198111228,0
2026-03-22T11:48:37.885570,3021,100,427,2.639293670654297,False,0.0,0,1,1774198117885,1774198117885,0
2026-03-22T11:48:44.563830,3021,200,827,8.52060317993164,False,0.0,0,1,1774198124563,1774198124563,0
2026-03-22T11:48:53.994155,3022,0,27,3.7229061126708984,False,0.0,0,1,1774198133994,1774198133994,0
2026-03-22T11:49:00.647320,3022,100,427,1.8892288208007812,False,0.0,0,1,1774198140647,1774198140647,0
2026-03-22T11:49:03.209196,3023,0,27,1.1892318725585938,False,0.0,0,1,1774198143209,1774198143209,0
2026-03-22T11:49:07.723918,3024,0,28,7.774829864501953,False,0.0,0,1,1774198147723,1774198147723,0
2026-03-22T11:49:10.879981,3025,0,27,1.834869384765625,False,0.0,0,1,1774198150879,1774198150879,0
2026-03-22T11:49:17.542398,3025,100,427,8.138179779052734,False,0.0,0,1,1774198157542,1774198157542,0
2026-03-22T11:49:24.198590,3025,200,827,8.534431457519531,False,0.0,0,1,1774198164198,1774198164198,0
2026-03-22T11:49:30.847435,3025,300,1227,3.1576156616210938,False,0.0,0,1,1774198170847,1774198170847,0
2026-03-22T11:49:37.507856,3025,400,1627,7.617473602294922,False,0.0,0,1,1774198177507,1774198177507,0
2026-03-22T11:49:42.711664,3026,0,27,2.4538040161132812,False,0.0,0,1,1774198182711,1774198182711,0
2026-03-22T11:49:49.374102,3026,100,427,10.372161865234375,False,0.0,0,1,1774198189374,1774198189374,0
2026-03-22T11:49:52.844169,3027,0,27,2.930164337158203,False,0.0,0,1,1774198192844,1774198192844,0
2026-03-22T11:49:59.500185,3027,100,427,2.3560523986816406,False,0.0,0,1,1774198199500,1774198199500,0
2026-03-22T11:50:03.463720,3028,0,27,6.747007369995117,False,0.0,0,1,1774198203463,1774198203463,0
2026-03-22T11:50:10.132534,3028,100,427,1.9023418426513672,False,0.0,0,1,1774198210132,1774198210132,0
2026-03-22T11:50:13.218697,3029,0,27,7.039070129394531,False,0.0,0,1,1774198213218,1774198213218,0
2026-03-22T11:50:19.888028,3029,100,427,7.711648941040039,False,0.0,0,1,1774198219888,1774198219888,0
2026-03-22T11:50:24.134726,3030,0,27,9.871721267700195,False,0.0,0,1,1774198224134,1774198224134,0
2026-03-22T11:50:27.776294,3031,0,27,9.204626083374023,False,0.0,0,1,1774198227776,1774198227776,0
2026-03-22T11:50:34.432757,3031,100,427,9.366750717163086,False,0.0,0,1,1774198234432,1774198234432,0
2026-03-22T11:50:41.089333,3031,200,827,9.905815124511719,False,0.0,0,1,1774198241089,1774198241089,0
2026-03-22T11:50:43.450267,3032,0,27,4.503726959228516,False,0.0,0,1,1774198243450,1774198243450,0
2026-03-22T11:50:47.519929,3033,0,28,1.6553401947021484,False,0.0,0,1,1774198247519,1774198247519,0
2026-03-22T11:50:54.203075,3033,100,428,13.36669921875,False,0.0,0,1,1774198254203,1774198254203,0
2026-03-22T11:51:00.869355,3033,200,828,7.0629119873046875,False,0.0,0,1,1774198260869,1774198260869,0
2026-03-22T11:51:07.521620,3033,300,1228,3.1616687774658203,False,0.0,0,1,1774198267521,1774198267521,0
2026-03-22T11:51:14.185980,3033,400,1628,10.976791381835938,False,0.0,0,1,1774198274185,1774198274185,0
2026-03-22T11:51:20.831568,3033,500,2028,2.035379409790039,False,0.0,0,1,1774198280831,1774198280831,0
2026-03-22T11:51:27.487665,3033,600,2428,1.9118785858154297,False,0.0,0,1,1774198287487,1774198287487,0
2026-03-22T11:51:38.602910,3034,0,27,2.630949020385742,False,0.0,0,1,1774198298602,1774198298602,0
2026-03-22T11:51:45.264826,3034,100,427,8.834123611450195,False,0.0,0,1,1774198305264,1774198305264,0
2026-03-22T11:51:51.923887,3034,200,827,10.578632354736328,False,0.0,0,1,1774198311923,1774198311923,0
2026-03-22T11:51:58.570580,3034,300,1227,3.127574920654297,False,0.0,0,1,1774198318570,1774198318570,0
2026-03-22T11:52:05.250050,3034,400,1627,10.379314422607422,False,0.0,0,1,1774198325250,1774198325250,0
2026-03-22T11:52:07.982376,3035,0,26,12.851715087890625,False,0.0,0,1,1774198327982,1774198327982,0
2026-03-22T11:52:14.650289,3035,100,426,9.197711944580078,False,0.0,0,1,1774198334650,1774198334650,0
2026-03-22T11:52:21.303512,3035,200,826,7.259845733642578,False,0.0,0,1,1774198341303,1774198341303,0
2026-03-22T11:52:27.961174,3035,300,1226,9.227514266967773,False,0.0,0,1,1774198347961,1774198347961,0
2026-03-22T11:52:37.420661,3036,0,27,0.7295608520507812,False,0.0,0,1,1774198357420,1774198357420,0
2026-03-22T11:52:42.783287,3037,0,28,2.788543701171875,False,0.0,0,1,1774198362783,1774198362783,0
2026-03-22T11:52:46.805334,3038,0,27,1.7511844635009766,False,0.0,0,1,1774198366805,1774198366805,0
2026-03-22T11:52:53.460699,3038,100,427,1.6951560974121094,False,0.0,0,1,1774198373460,1774198373460,0
2026-03-22T11:53:00.133451,3038,200,827,1.753091812133789,False,0.0,0,1,1774198380133,1774198380133,0
2026-03-22T11:53:02.715185,3039,0,28,1.8630027770996094,False,0.0,0,1,1774198382715,1774198382715,0
2026-03-22T11:53:09.385284,3039,100,428,1.5821456909179688,False,0.0,0,1,1774198389385,1774198389385,0
2026-03-22T11:53:16.067824,3039,200,828,12.62211799621582,False,0.0,0,1,1774198396067,1774198396067,0
2026-03-22T11:53:21.965440,3040,0,26,1.6279220581054688,False,0.0,0,1,1774198401965,1774198401965,0
2026-03-22T11:53:28.621254,3040,100,426,2.0105838775634766,False,0.0,0,1,1774198408621,1774198408621,0
2026-03-22T11:53:35.295214,3040,200,826,3.776073455810547,False,0.0,0,1,1774198415295,1774198415295,0
2026-03-22T11:53:40.503599,3041,0,27,4.484415054321289,False,0.0,0,1,1774198420503,1774198420503,0
2026-03-22T11:53:47.157586,3041,100,427,2.408742904663086,False,0.0,0,1,1774198427157,1774198427157,0
2026-03-22T11:53:53.834804,3041,200,827,7.817506790161133,False,0.0,0,1,1774198433834,1774198433834,0
2026-03-22T11:54:00.492856,3041,300,1227,9.063243865966797,False,0.0,0,1,1774198440492,1774198440492,0
2026-03-22T11:54:07.250210,3042,0,26,2.3915767669677734,False,0.0,0,1,1774198447250,1774198447250,0
2026-03-22T11:54:13.911593,3042,100,426,1.3146400451660156,False,0.0,0,1,1774198453911,1774198453911,0
2026-03-22T11:54:20.573323,3042,200,826,6.774187088012695,False,0.0,0,1,1774198460573,1774198460573,0
2026-03-22T11:54:27.230585,3042,300,1226,9.95635986328125,False,0.0,0,1,1774198467230,1774198467230,0
2026-03-22T11:54:33.594738,3043,0,27,0.6861686706542969,False,0.0,0,1,1774198473594,1774198473594,0
2026-03-22T11:54:40.253217,3043,100,427,1.9042491912841797,False,0.0,0,1,1774198480253,1774198480253,0
2026-03-22T11:54:46.924834,3043,200,827,1.8725395202636719,False,0.0,0,1,1774198486924,1774198486924,0
2026-03-22T11:54:53.593475,3043,300,1227,13.916492462158203,False,0.0,0,1,1774198493593,1774198493593,0
2026-03-22T11:55:00.248749,3043,400,1627,12.972354888916016,False,0.0,0,1,1774198500248,1774198500248,0
2026-03-22T11:55:05.578588,3044,0,27,3.049612045288086,False,0.0,0,1,1774198505578,1774198505578,0
2026-03-22T11:55:09.835162,3045,0,27,1.3709068298339844,False,0.0,0,1,1774198509835,1774198509835,0
2026-03-22T11:55:16.499261,3045,100,427,9.553194046020508,False,0.0,0,1,1774198516499,1774198516499,0
2026-03-22T11:55:23.150651,3045,200,827,4.694461822509766,False,0.0,0,1,1774198523150,1774198523150,0
2026-03-22T11:55:27.529164,3046,0,27,1.3327598571777344,False,0.0,0,1,1774198527529,1774198527529,0
2026-03-22T11:55:34.186152,3046,100,427,8.433818817138672,False,0.0,0,1,1774198534186,1774198534186,0
2026-03-22T11:55:41.315866,3047,0,28,1.3282299041748047,False,0.0,0,1,1774198541315,1774198541315,0
2026-03-22T11:55:47.989011,3047,100,428,1.7557144165039062,False,0.0,0,1,1774198547989,1774198547989,0
2026-03-22T11:55:54.646062,3047,200,828,1.3544559478759766,False,0.0,0,1,1774198554646,1774198554646,0
2026-03-22T11:56:01.301275,3047,300,1228,3.1180381774902344,False,0.0,0,1,1774198561301,1774198561301,0
2026-03-22T11:56:07.980222,3047,400,1628,9.188175201416016,False,0.0,0,1,1774198567980,1774198567980,0
2026-03-22T11:56:13.399486,3048,0,27,3.429412841796875,False,0.0,0,1,1774198573399,1774198573399,0
2026-03-22T11:56:20.053449,3048,100,427,2.7484893798828125,False,0.0,0,1,1774198580053,1774198580053,0
2026-03-22T11:56:21.343242,3049,0,28,10.163545608520508,False,0.0,0,1,1774198581343,1774198581343,0
2026-03-22T11:56:27.990255,3049,100,428,1.9114017486572266,False,0.0,0,1,1774198587990,1774198587990,0
2026-03-22T11:56:34.666105,3049,200,828,4.708528518676758,False,0.0,0,1,1774198594666,1774198594666,0
2026-03-22T11:56:35.611402,3050,0,27,13.337373733520508,False,0.0,0,1,1774198595611,1774198595611,0
2026-03-22T11:56:39.288313,3051,0,27,1.9311904907226562,False,0.0,0,1,1774198599288,1774198599288,0
2026-03-22T11:56:45.955719,3051,100,427,13.242244720458984,False,0.0,0,1,1774198605955,1774198605955,0
2026-03-22T11:56:52.615562,3051,200,827,1.6651153564453125,False,0.0,0,1,1774198612615,1774198612615,0
2026-03-22T11:57:01.071399,3052,0,27,0.7085800170898438,False,0.0,0,1,1774198621071,1774198621071,0
2026-03-22T11:57:07.729734,3052,100,427,7.338047027587891,False,0.0,0,1,1774198627729,1774198627729,0
2026-03-22T11:57:14.386387,3052,200,827,8.460521697998047,False,0.0,0,1,1774198634386,1774198634386,0
2026-03-22T11:57:15.481821,3053,0,27,18.819093704223633,False,0.0,0,1,1774198635481,1774198635481,0
2026-03-22T11:57:22.134351,3053,100,427,1.6171932220458984,False,0.0,0,1,1774198642134,1774198642134,0
2026-03-22T11:57:28.814279,3053,200,827,10.058164596557617,False,0.0,0,1,1774198648814,1774198648814,0
2026-03-22T11:57:35.489583,3053,300,1227,11.766672134399414,False,0.0,0,1,1774198655489,1774198655489,0
2026-03-22T11:57:41.770586,3054,0,27,1.2290477752685547,False,0.0,0,1,1774198661770,1774198661770,0
2026-03-22T11:57:48.434826,3054,100,427,11.226654052734375,False,0.0,0,1,1774198668434,1774198668434,0
2026-03-22T11:57:55.082110,3054,200,827,2.6111602783203125,False,0.0,0,1,1774198675082,1774198675082,0
2026-03-22T11:58:01.746855,3054,300,1227,12.810468673706055,False,0.0,0,1,1774198681746,1774198681746,0
2026-03-22T11:58:08.408044,3054,400,1627,2.321004867553711,False,0.0,0,1,1774198688408,1774198688408,0
2026-03-22T11:58:14.864991,3055,0,27,3.6683082580566406,False,0.0,0,1,1774198694864,1774198694864,0
2026-03-22T11:58:21.520552,3055,100,427,2.344369888305664,False,0.0,0,1,1774198701520,1774198701520,0
2026-03-22T11:58:28.192764,3055,200,827,2.6934146881103516,False,0.0,0,1,1774198708192,1774198708192,0
2026-03-22T11:58:34.851679,3055,300,1227,6.134748458862305,False,0.0,0,1,1774198714851,1774198714851,0
2026-03-22T11:58:38.781160,3056,0,27,3.7369728088378906,False,0.0,0,1,1774198718781,1774198718781,0
2026-03-22T11:58:45.441566,3056,100,427,12.51220703125,False,0.0,0,1,1774198725441,1774198725441,0
2026-03-22T11:58:52.103353,3056,200,827,1.3194084167480469,False,0.0,0,1,1774198732103,1774198732103,0
2026-03-22T11:59:00.140884,3057,0,27,2.8352737426757812,False,0.0,0,1,1774198740140,1774198740140,0
2026-03-22T11:59:06.804059,3057,100,427,11.289358139038086,False,0.0,0,1,1774198746804,1774198746804,0
2026-03-22T11:59:13.467045,3057,200,827,1.82342529296875,False,0.0,0,1,1774198753467,1774198753467,0
2026-03-22T11:59:22.595304,3058,0,27,4.405498504638672,False,0.0,0,1,1774198762595,1774198762595,0
2026-03-22T11:59:26.496281,3059,0,27,2.9931068420410156,False,0.0,0,1,1774198766496,1774198766496,0
2026-03-22T11:59:33.158999,3059,100,427,10.198593139648438,False,0.0,0,1,1774198773158,1774198773158,0
2026-03-22T11:59:42.112280,3060,0,27,3.1785964965820312,False,0.0,0,1,1774198782112,1774198782112,0
2026-03-22T11:59:46.494480,3061,0,27,1.0166168212890625,False,0.0,0,1,1774198786494,1774198786494,0
2026-03-22T11:59:53.149884,3061,100,427,1.9023418426513672,False,0.0,0,1,1774198793149,1774198793149,0
2026-03-22T11:59:59.473904,3062,0,27,2.1479129791259766,False,0.0,0,1,1774198799473,1774198799473,0
2026-03-22T12:00:06.130829,3062,100,427,3.2508373260498047,False,0.0,0,1,1774198806130,1774198806130,0
2026-03-22T12:00:12.784283,3062,200,827,1.943826675415039,False,0.0,0,1,1774198812784,1774198812784,0
2026-03-22T12:00:19.446324,3062,300,1227,7.625102996826172,False,0.0,0,1,1774198819446,1774198819446,0
2026-03-22T12:00:26.118982,3062,400,1627,8.702516555786133,False,0.0,0,1,1774198826118,1774198826118,0
2026-03-22T12:00:33.734349,3063,0,26,2.6051998138427734,False,0.0,0,1,1774198833734,1774198833734,0
2026-03-22T12:00:37.793804,3064,0,26,2.715587615966797,False,0.0,0,1,1774198837793,1774198837793,0
2026-03-22T12:00:44.471502,3064,100,426,8.109569549560547,False,0.0,0,1,1774198844471,1774198844471,0
2026-03-22T12:00:51.531893,3065,0,27,12.427091598510742,False,0.0,0,1,1774198851531,1774198851531,0
2026-03-22T12:00:58.202027,3065,100,427,10.986804962158203,False,0.0,0,1,1774198858202,1774198858202,0
2026-03-22T12:01:02.146386,3066,0,27,7.238626480102539,False,0.0,0,1,1774198862146,1774198862146,0
2026-03-22T12:01:08.821106,3066,100,427,12.757301330566406,False,0.0,0,1,1774198868821,1774198868821,0
2026-03-22T12:01:12.986393,3067,0,27,1.920938491821289,False,0.0,0,1,1774198872986,1774198872986,0
2026-03-22T12:01:17.328045,3068,0,27,2.333402633666992,False,0.0,0,1,1774198877328,1774198877328,0
2026-03-22T12:01:23.983260,3068,100,427,1.6765594482421875,False,0.0,0,1,1774198883983,1774198883983,0
2026-03-22T12:01:30.663121,3068,200,827,9.478569030761719,False,0.0,0,1,1774198890663,1774198890663,0
2026-03-22T12:01:37.311547,3068,300,1227,2.4673938751220703,False,0.0,0,1,1774198897311,1774198897311,0
2026-03-22T12:01:41.070153,3069,0,27,0.7996559143066406,False,0.0,0,1,1774198901070,1774198901070,0
2026-03-22T12:01:46.419817,3070,0,27,9.27281379699707,False,0.0,0,1,1774198906419,1774198906419,0
2026-03-22T12:01:53.072620,3070,100,427,4.899740219116211,False,0.0,0,1,1774198913072,1774198913072,0
2026-03-22T12:01:59.726832,3070,200,827,4.066944122314453,False,0.0,0,1,1774198919726,1774198919726,0
2026-03-22T12:02:02.447243,3071,0,27,12.16888427734375,False,0.0,0,1,1774198922447,1774198922447,0
2026-03-22T12:02:09.092344,3071,100,427,1.9998550415039062,False,0.0,0,1,1774198929092,1774198929092,0
2026-03-22T12:02:15.377835,3072,0,28,9.348630905151367,False,0.0,0,1,1774198935377,1774198935377,0
2026-03-22T12:02:22.022183,3072,100,428,1.8301010131835938,False,0.0,0,1,1774198942022,1774198942022,0
2026-03-22T12:02:24.859080,3073,0,27,12.233495712280273,False,0.0,0,1,1774198944859,1774198944859,0
2026-03-22T12:02:31.511236,3073,100,427,7.797956466674805,False,0.0,0,1,1774198951511,1774198951511,0
2026-03-22T12:02:38.179021,3073,200,827,2.7136802673339844,False,0.0,0,1,1774198958179,1774198958179,0
2026-03-22T12:02:42.387239,3074,0,27,2.1398067474365234,False,0.0,0,1,1774198962387,1774198962387,0
2026-03-22T12:02:45.723501,3075,0,27,10.574579238891602,False,0.0,0,1,1774198965723,1774198965723,0
2026-03-22T12:02:52.379890,3075,100,427,10.78033447265625,False,0.0,0,1,1774198972379,1774198972379,0
2026-03-22T12:02:54.886204,3076,0,28,0.8289813995361328,False,0.0,0,1,1774198974886,1774198974886,0
2026-03-22T12:03:00.407042,3077,0,28,2.0973682403564453,False,0.0,0,1,1774198980407,1774198980407,0
2026-03-22T12:03:07.080781,3077,100,428,3.0319690704345703,False,0.0,0,1,1774198987080,1774198987080,0
2026-03-22T12:03:13.752604,3077,200,828,2.6607513427734375,False,0.0,0,1,1774198993752,1774198993752,0
2026-03-22T12:03:20.019219,3078,0,27,3.7775039672851562,False,0.0,0,1,1774199000019,1774199000019,0
2026-03-22T12:03:26.680055,3078,100,427,1.9960403442382812,False,0.0,0,1,1774199006680,1774199006680,0
2026-03-22T12:03:31.346640,3079,0,27,6.613016128540039,False,0.0,0,1,1774199011346,1774199011346,0
2026-03-22T12:03:38.096665,3079,100,427,1.8384456634521484,False,0.0,0,1,1774199018096,1774199018096,0
2026-03-22T12:03:44.761109,3079,200,827,10.364770889282227,False,0.0,0,1,1774199024761,1774199024761,0
2026-03-22T12:03:47.541779,3080,0,27,11.668205261230469,False,0.0,0,1,1774199027541,1774199027541,0
2026-03-22T12:03:54.205420,3080,100,427,3.178119659423828,False,0.0,0,1,1774199034205,1774199034205,0
2026-03-22T12:04:00.860075,3080,200,827,1.5115737915039062,False,0.0,0,1,1774199040860,1774199040860,0
2026-03-22T12:04:03.474562,3081,0,27,5.0945281982421875,False,0.0,0,1,1774199043474,1774199043474,0
2026-03-22T12:04:10.135820,3081,100,427,9.473323822021484,False,0.0,0,1,1774199050135,1774199050135,0
2026-03-22T12:04:11.213694,3082,0,26,1.8382072448730469,False,0.0,0,1,1774199051213,1774199051213,0
2026-03-22T12:04:17.865687,3082,100,426,2.329111099243164,False,0.0,0,1,1774199057865,1774199057865,0
2026-03-22T12:04:18.630877,3083,0,27,2.714872360229492,False,0.0,0,1,1774199058630,1774199058630,0
2026-03-22T12:04:25.344159,3083,100,427,9.321928024291992,False,0.0,0,1,1774199065344,1774199065344,0
2026-03-22T12:04:30.078123,3084,0,27,2.3183822631835938,False,0.0,0,1,1774199070078,1774199070078,0
2026-03-22T12:04:34.437670,3085,0,27,1.7452239990234375,False,0.0,0,1,1774199074437,1774199074437,0
2026-03-22T12:04:41.100738,3085,100,427,10.15925407409668,False,0.0,0,1,1774199081100,1774199081100,0
2026-03-22T12:04:47.764834,3085,200,827,1.9140243530273438,False,0.0,0,1,1774199087764,1774199087764,0
2026-03-22T12:04:48.901984,3086,0,27,6.26373291015625,False,0.0,0,1,1774199088901,1774199088901,0
2026-03-22T12:04:55.552729,3086,100,427,2.6416778564453125,False,0.0,0,1,1774199095552,1774199095552,0
2026-03-22T12:05:02.214441,3086,200,827,8.008241653442383,False,0.0,0,1,1774199102214,1774199102214,0
2026-03-22T12:05:09.582343,3087,0,27,0.9322166442871094,False,0.0,0,1,1774199109582,1774199109582,0
2026-03-22T12:05:16.244956,3087,100,427,10.542631149291992,False,0.0,0,1,1774199116244,1774199116244,0
2026-03-22T12:05:18.980329,3088,0,27,2.6602745056152344,False,0.0,0,1,1774199118980,1774199118980,0
2026-03-22T12:05:25.652129,3088,100,427,1.7442703247070312,False,0.0,0,1,1774199125652,1774199125652,0
2026-03-22T12:05:32.755744,3089,0,27,7.987022399902344,False,0.0,0,1,1774199132755,1774199132755,0
2026-03-22T12:05:39.397696,3089,100,427,1.779794692993164,False,0.0,0,1,1774199139397,1774199139397,0
2026-03-22T12:05:46.052904,3089,200,827,2.184629440307617,False,0.0,0,1,1774199146052,1774199146052,0
2026-03-22T12:05:52.719460,3089,300,1227,12.133359909057617,False,0.0,0,1,1774199152719,1774199152719,0
2026-03-22T12:05:58.764479,3090,0,27,1.2655258178710938,False,0.0,0,1,1774199158764,1774199158764,0
2026-03-22T12:06:05.428634,3090,100,427,9.150266647338867,False,0.0,0,1,1774199165428,1774199165428,0
2026-03-22T12:06:12.079484,3090,200,827,3.6308765411376953,False,0.0,0,1,1774199172079,1774199172079,0
2026-03-22T12:06:15.298745,3091,0,28,10.43844223022461,False,0.0,0,1,1774199175298,1774199175298,0
2026-03-22T12:06:21.943307,3091,100,428,2.81524658203125,False,0.0,0,1,1774199181943,1774199181943,0
2026-03-22T12:06:25.077428,3092,0,27,4.740238189697266,False,0.0,0,1,1774199185077,1774199185077,0
2026-03-22T12:06:31.727146,3092,100,427,2.5246143341064453,False,0.0,0,1,1774199191727,1774199191727,0
2026-03-22T12:06:38.723562,3093,0,28,10.437726974487305,False,0.0,0,1,1774199198723,1774199198723,0
2026-03-22T12:06:45.396414,3093,100,428,11.506319046020508,False,0.0,0,1,1774199205396,1774199205396,0
2026-03-22T12:06:52.069580,3093,200,828,11.602640151977539,False,0.0,0,1,1774199212069,1774199212069,0
2026-03-22T12:06:58.715211,3093,300,1228,2.483844757080078,False,0.0,0,1,1774199218715,1774199218715,0
2026-03-22T12:07:05.381875,3093,400,1628,13.078451156616211,False,0.0,0,1,1774199225381,1774199225381,0
2026-03-22T12:07:10.941066,3094,0,26,0.6554126739501953,False,0.0,0,1,1774199230941,1774199230941,0
2026-03-22T12:07:17.585405,3094,100,426,3.5996437072753906,False,0.0,0,1,1774199237585,1774199237585,0
2026-03-22T12:07:24.264163,3094,200,826,9.47260856628418,False,0.0,0,1,1774199244264,1774199244264,0
2026-03-22T12:07:30.913419,3094,300,1226,2.1622180938720703,False,0.0,0,1,1774199250913,1774199250913,0
2026-03-22T12:07:37.576520,3094,400,1626,11.507511138916016,False,0.0,0,1,1774199257576,1774199257576,0
2026-03-22T12:07:44.240196,3095,0,27,1.3823509216308594,False,0.0,0,1,1774199264240,1774199264240,0
2026-03-22T12:07:50.900731,3095,100,427,6.519556045532227,False,0.0,0,1,1774199270900,1774199270900,0
2026-03-22T12:07:55.260784,3096,0,27,2.5920867919921875,False,0.0,0,1,1774199275260,1774199275260,0
2026-03-22T12:07:59.298460,3097,0,27,2.2284984588623047,False,0.0,0,1,1774199279298,1774199279298,0
2026-03-22T12:08:03.337891,3098,0,27,10.772943496704102,False,0.0,0,1,1774199283337,1774199283337,0
2026-03-22T12:08:10.013239,3098,100,427,1.8672943115234375,False,0.0,0,1,1774199290013,1774199290013,0
2026-03-22T12:08:17.667377,3099,0,27,0.9512901306152344,False,0.0,0,1,1774199297667,1774199297667,0
2026-03-22T12:08:21.745791,3100,0,27,2.750873565673828,False,0.0,0,1,1774199301745,1774199301745,0
2026-03-22T12:08:25.508092,3101,0,27,5.096673965454102,False,0.0,0,1,1774199305508,1774199305508,0
2026-03-22T12:08:29.698245,3102,0,28,1.6541481018066406,False,0.0,0,1,1774199309698,1774199309698,0
2026-03-22T12:08:36.370388,3102,100,428,1.889944076538086,False,0.0,0,1,1774199316370,1774199316370,0
2026-03-22T12:08:43.026627,3102,200,828,1.7840862274169922,False,0.0,0,1,1774199323026,1774199323026,0
2026-03-22T12:08:48.351915,3103,0,28,2.7627944946289062,False,0.0,0,1,1774199328351,1774199328351,0
2026-03-22T12:08:55.022913,3103,100,428,2.432584762573242,False,0.0,0,1,1774199335022,1774199335022,0
2026-03-22T12:09:01.684616,3103,200,828,8.148431777954102,False,0.0,0,1,1774199341684,1774199341684,0
2026-03-22T12:09:03.283687,3104,0,28,10.443687438964844,False,0.0,0,1,1774199343283,1774199343283,0
2026-03-22T12:09:09.965121,3104,100,428,1.8215179443359375,False,0.0,0,1,1774199349965,1774199349965,0
2026-03-22T12:09:16.640879,3104,200,828,5.62286376953125,False,0.0,0,1,1774199356640,1774199356640,0
2026-03-22T12:09:18.126234,3105,0,28,10.494709014892578,False,0.0,0,1,1774199358126,1774199358126,0
2026-03-22T12:09:24.772958,3105,100,428,1.775979995727539,False,0.0,0,1,1774199364772,1774199364772,0
2026-03-22T12:09:29.631440,3106,0,27,1.9202232360839844,False,0.0,0,1,1774199369631,1774199369631,0
2026-03-22T12:09:36.288448,3106,100,427,2.6009082794189453,False,0.0,0,1,1774199376288,1774199376288,0
2026-03-22T12:09:41.364153,3107,0,28,2.6268959045410156,False,0.0,0,1,1774199381364,1774199381364,0
2026-03-22T12:09:46.243414,3108,0,27,5.727529525756836,False,0.0,0,1,1774199386243,1774199386243,0
2026-03-22T12:09:52.918822,3108,100,427,6.623506546020508,False,0.0,0,1,1774199392918,1774199392918,0
2026-03-22T12:09:54.707387,3109,0,26,1.8591880798339844,False,0.0,0,1,1774199394707,1774199394707,0
2026-03-22T12:10:01.363361,3109,100,426,1.8634796142578125,False,0.0,0,1,1774199401363,1774199401363,0
2026-03-22T12:10:03.576713,3110,0,27,2.550363540649414,False,0.0,0,1,1774199403576,1774199403576,0
2026-03-22T12:10:10.249947,3110,100,427,2.4442672729492188,False,0.0,0,1,1774199410249,1774199410249,0
2026-03-22T12:10:16.922378,3110,200,827,3.003835678100586,False,0.0,0,1,1774199416922,1774199416922,0
2026-03-22T12:10:23.577376,3110,300,1227,3.251314163208008,False,0.0,0,1,1774199423577,1774199423577,0
2026-03-22T12:10:29.285403,3111,0,27,0.6952285766601562,False,0.0,0,1,1774199429285,1774199429285,0
2026-03-22T12:10:35.955554,3111,100,427,1.6183853149414062,False,0.0,0,1,1774199435955,1774199435955,0
2026-03-22T12:10:42.618219,3111,200,827,5.492448806762695,False,0.0,0,1,1774199442618,1774199442618,0
2026-03-22T12:10:45.143357,3112,0,27,3.175497055053711,False,0.0,0,1,1774199445143,1774199445143,0
2026-03-22T12:10:49.057814,3113,0,27,9.407281875610352,False,0.0,0,1,1774199449057,1774199449057,0
2026-03-22T12:10:55.705890,3113,100,427,1.920938491821289,False,0.0,0,1,1774199455705,1774199455705,0
2026-03-22T12:11:02.367543,3113,200,827,7.2536468505859375,False,0.0,0,1,1774199462367,1774199462367,0
2026-03-22T12:11:08.685042,3114,0,28,1.9402503967285156,False,0.0,0,1,1774199468685,1774199468685,0
2026-03-22T12:11:15.381030,3114,100,428,9.52601432800293,False,0.0,0,1,1774199475381,1774199475381,0
2026-03-22T12:11:22.029729,3114,200,828,2.0737648010253906,False,0.0,0,1,1774199482029,1774199482029,0
2026-03-22T12:11:29.319631,3115,0,27,4.121303558349609,False,0.0,0,1,1774199489319,1774199489319,0
2026-03-22T12:11:35.972861,3115,100,427,1.9741058349609375,False,0.0,0,1,1774199495972,1774199495972,0
2026-03-22T12:11:38.237153,3116,0,26,2.213716506958008,False,0.0,0,1,1774199498237,1774199498237,0
2026-03-22T12:11:41.879988,3117,0,27,2.5408267974853516,False,0.0,0,1,1774199501879,1774199501879,0
2026-03-22T12:11:48.537171,3117,100,427,2.0606517791748047,False,0.0,0,1,1774199508537,1774199508537,0
2026-03-22T12:11:55.212665,3117,200,827,6.996393203735352,False,0.0,0,1,1774199515212,1774199515212,0
2026-03-22T12:11:59.461875,3118,0,27,11.652469635009766,False,0.0,0,1,1774199519461,1774199519461,0
2026-03-22T12:12:06.113128,3118,100,427,8.67462158203125,False,0.0,0,1,1774199526113,1774199526113,0
2026-03-22T12:12:12.776106,3118,200,827,15.603780746459961,False,0.0,0,1,1774199532776,1774199532776,0
2026-03-22T12:12:19.427451,3118,300,1227,10.465145111083984,False,0.0,0,1,1774199539427,1774199539427,0
2026-03-22T12:12:26.098093,3118,400,1627,9.038686752319336,False,0.0,0,1,1774199546098,1774199546098,0
2026-03-22T12:12:30.648732,3119,0,27,1.0259151458740234,False,0.0,0,1,1774199550648,1774199550648,0
2026-03-22T12:12:37.529071,3120,0,27,8.272647857666016,False,0.0,0,1,1774199557529,1774199557529,0
2026-03-22T12:12:44.203660,3120,100,427,12.22085952758789,False,0.0,0,1,1774199564203,1774199564203,0
2026-03-22T12:12:50.865233,3120,200,827,1.5783309936523438,False,0.0,0,1,1774199570865,1774199570865,0
2026-03-22T12:12:56.758837,3121,0,26,2.911806106567383,False,0.0,0,1,1774199576758,1774199576758,0
2026-03-22T12:13:03.419795,3121,100,426,9.55963134765625,False,0.0,0,1,1774199583419,1774199583419,0
2026-03-22T12:13:10.075196,3121,200,826,9.514808654785156,False,0.0,0,1,1774199590075,1774199590075,0
2026-03-22T12:13:12.085215,3122,0,28,2.067089080810547,False,0.0,0,1,1774199592085,1774199592085,0
2026-03-22T12:13:18.752286,3122,100,428,1.8799304962158203,False,0.0,0,1,1774199598752,1774199598752,0
2026-03-22T12:13:25.409541,3122,200,828,2.108335494995117,False,0.0,0,1,1774199605409,1774199605409,0
2026-03-22T12:13:27.077326,3123,0,28,2.5815963745117188,False,0.0,0,1,1774199607077,1774199607077,0
2026-03-22T12:13:33.730369,3123,100,428,2.153635025024414,False,0.0,0,1,1774199613730,1774199613730,0
2026-03-22T12:13:40.384058,3123,200,828,2.424478530883789,False,0.0,0,1,1774199620384,1774199620384,0
2026-03-22T12:13:47.038998,3123,300,1228,1.8129348754882812,False,0.0,0,1,1774199627038,1774199627038,0
2026-03-22T12:13:53.719086,3123,400,1628,9.11712646484375,False,0.0,0,1,1774199633719,1774199633719,0
2026-03-22T12:14:02.514943,3124,0,26,2.747774124145508,False,0.0,0,1,1774199642514,1774199642514,0
2026-03-22T12:14:09.173044,3124,100,426,5.372524261474609,False,0.0,0,1,1774199649173,1774199649173,0
2026-03-22T12:14:11.134899,3125,0,27,3.5889148712158203,False,0.0,0,1,1774199651134,1774199651134,0
2026-03-22T12:14:15.821479,3126,0,28,10.48898696899414,False,0.0,0,1,1774199655821,1774199655821,0
2026-03-22T12:14:22.473982,3126,100,428,11.591911315917969,False,0.0,0,1,1774199662473,1774199662473,0
2026-03-22T12:14:29.145077,3126,200,828,9.809732437133789,False,0.0,0,1,1774199669145,1774199669145,0
2026-03-22T12:14:35.793281,3126,300,1228,2.097606658935547,False,0.0,0,1,1774199675793,1774199675793,0
2026-03-22T12:14:42.449244,3126,400,1628,2.7310848236083984,False,0.0,0,1,1774199682449,1774199682449,0
2026-03-22T12:14:46.761899,3127,0,27,2.6633739471435547,False,0.0,0,1,1774199686761,1774199686761,0
2026-03-22T12:14:53.435877,3127,100,427,8.177518844604492,False,0.0,0,1,1774199693435,1774199693435,0
2026-03-22T12:14:57.377853,3128,0,28,7.296323776245117,False,0.0,0,1,1774199697377,1774199697377,0
2026-03-22T12:15:04.044561,3128,100,428,1.1749267578125,False,0.0,0,1,1774199704044,1774199704044,0
2026-03-22T12:15:11.016486,3129,0,28,1.8780231475830078,False,0.0,0,1,1774199711016,1774199711016,0
2026-03-22T12:15:17.672957,3129,100,428,1.7402172088623047,False,0.0,0,1,1774199717672,1774199717672,0
2026-03-22T12:15:24.339565,3129,200,828,11.35873794555664,False,0.0,0,1,1774199724339,1774199724339,0
2026-03-22T12:15:30.619076,3130,0,27,1.924276351928711,False,0.0,0,1,1774199730619,1774199730619,0
2026-03-22T12:15:36.109385,3131,0,27,3.100872039794922,False,0.0,0,1,1774199736109,1774199736109,0
2026-03-22T12:15:40.052153,3132,0,27,2.4023056030273438,False,0.0,0,1,1774199740052,1774199740052,0
2026-03-22T12:15:45.289008,3133,0,27,10.20050048828125,False,0.0,0,1,1774199745289,1774199745289,0
2026-03-22T12:15:51.940159,3133,100,427,9.74130630493164,False,0.0,0,1,1774199751940,1774199751940,0
2026-03-22T12:15:55.046580,3134,0,27,1.6138553619384766,False,0.0,0,1,1774199755046,1774199755046,0
2026-03-22T12:16:01.705487,3134,100,427,8.209466934204102,False,0.0,0,1,1774199761705,1774199761705,0
2026-03-22T12:16:02.396740,3135,0,26,12.066364288330078,False,0.0,0,1,1774199762396,1774199762396,0
2026-03-22T12:16:09.042685,3135,100,426,7.335662841796875,False,0.0,0,1,1774199769042,1774199769042,0
2026-03-22T12:16:10.679120,3136,0,28,11.779069900512695,False,0.0,0,1,1774199770679,1774199770679,0
2026-03-22T12:16:17.326704,3136,100,428,1.9605159759521484,False,0.0,0,1,1774199777326,1774199777326,0
2026-03-22T12:16:23.988198,3136,200,828,9.727954864501953,False,0.0,0,1,1774199783988,1774199783988,0
2026-03-22T12:16:25.178128,3137,0,28,1.9769668579101562,False,0.0,0,1,1774199785178,1774199785178,0
2026-03-22T12:16:31.843464,3137,100,428,10.861635208129883,False,0.0,0,1,1774199791843,1774199791843,0
2026-03-22T12:16:35.610063,3138,0,27,1.8439292907714844,False,0.0,0,1,1774199795610,1774199795610,0
2026-03-22T12:16:39.762105,3139,0,27,10.36691665649414,False,0.0,0,1,1774199799762,1774199799762,0
2026-03-22T12:16:46.419932,3139,100,427,10.597944259643555,False,0.0,0,1,1774199806419,1774199806419,0
2026-03-22T12:16:49.426932,3140,0,26,8.778095245361328,False,0.0,0,1,1774199809426,1774199809426,0
2026-03-22T12:16:56.083985,3140,100,426,8.24880599975586,False,0.0,0,1,1774199816083,1774199816083,0
2026-03-22T12:16:59.236825,3141,0,27,0.8130073547363281,False,0.0,0,1,1774199819236,1774199819236,0
2026-03-22T12:17:04.012694,3142,0,28,1.9326210021972656,False,0.0,0,1,1774199824012,1774199824012,0
2026-03-22T12:17:09.737183,3143,0,27,1.9650459289550781,False,0.0,0,1,1774199829737,1774199829737,0
2026-03-22T12:17:14.748900,3144,0,27,1.6527175903320312,False,0.0,0,1,1774199834748,1774199834748,0
2026-03-22T12:17:21.413113,3144,100,427,12.982606887817383,False,0.0,0,1,1774199841413,1774199841413,0
2026-03-22T12:17:28.057551,3144,200,827,2.1173954010009766,False,0.0,0,1,1774199848057,1774199848057,0
2026-03-22T12:17:29.171910,3145,0,27,2.5548934936523438,False,0.0,0,1,1774199849171,1774199849171,0
2026-03-22T12:17:35.830018,3145,100,427,3.393888473510742,False,0.0,0,1,1774199855830,1774199855830,0
2026-03-22T12:17:42.502731,3145,200,827,4.172325134277344,False,0.0,0,1,1774199862502,1774199862502,0
2026-03-22T12:17:49.514896,3146,0,27,11.932134628295898,False,0.0,0,1,1774199869514,1774199869514,0
2026-03-22T12:17:56.168784,3146,100,427,10.956287384033203,False,0.0,0,1,1774199876168,1774199876168,0
2026-03-22T12:18:02.816475,3146,200,827,1.8723011016845703,False,0.0,0,1,1774199882816,1774199882816,0
2026-03-22T12:18:04.080657,3147,0,27,2.5713443756103516,False,0.0,0,1,1774199884080,1774199884080,0
2026-03-22T12:18:10.743870,3147,100,427,10.232210159301758,False,0.0,0,1,1774199890743,1774199890743,0
2026-03-22T12:18:17.419371,3147,200,827,12.532234191894531,False,0.0,0,1,1774199897419,1774199897419,0
2026-03-22T12:18:20.788249,3148,0,28,2.0110607147216797,False,0.0,0,1,1774199900788,1774199900788,0
2026-03-22T12:18:24.452705,3149,0,27,2.742767333984375,False,0.0,0,1,1774199904452,1774199904452,0
2026-03-22T12:18:31.119667,3149,100,427,2.3696422576904297,False,0.0,0,1,1774199911119,1774199911119,0
2026-03-22T12:18:37.796787,3149,200,827,7.465600967407227,False,0.0,0,1,1774199917796,1774199917796,0
2026-03-22T12:18:38.988891,3150,0,27,9.572505950927734,False,0.0,0,1,1774199918988,1774199918988,0
2026-03-22T12:18:45.654546,3150,100,427,10.724306106567383,False,0.0,0,1,1774199925654,1774199925654,0
2026-03-22T12:18:49.130949,3151,0,26,3.1452178955078125,False,0.0,0,1,1774199929130,1774199929130,0
2026-03-22T12:18:55.795936,3151,100,426,2.300739288330078,False,0.0,0,1,1774199935795,1774199935795,0
2026-03-22T12:19:04.581345,3152,0,27,3.0908584594726562,False,0.0,0,1,1774199944581,1774199944581,0
2026-03-22T12:19:11.236665,3152,100,427,2.5708675384521484,False,0.0,0,1,1774199951236,1774199951236,0
2026-03-22T12:19:17.899417,3152,200,827,9.494543075561523,False,0.0,0,1,1774199957899,1774199957899,0
2026-03-22T12:19:20.370061,3153,0,27,12.913703918457031,False,0.0,0,1,1774199960370,1774199960370,0
2026-03-22T12:19:27.009766,3153,100,427,2.5022029876708984,False,0.0,0,1,1774199967009,1774199967009,0
2026-03-22T12:19:31.409303,3154,0,28,9.309530258178711,False,0.0,0,1,1774199971409,1774199971409,0
2026-03-22T12:19:36.169160,3155,0,27,9.882926940917969,False,0.0,0,1,1774199976169,1774199976169,0
2026-03-22T12:19:40.143033,3156,0,27,7.707118988037109,False,0.0,0,1,1774199980143,1774199980143,0
2026-03-22T12:19:46.809859,3156,100,427,2.043485641479492,False,0.0,0,1,1774199986809,1774199986809,0
2026-03-22T12:19:52.726451,3157,0,27,11.742353439331055,False,0.0,0,1,1774199992726,1774199992726,0
2026-03-22T12:19:57.986817,3158,0,27,9.628772735595703,False,0.0,0,1,1774199997986,1774199997986,0
2026-03-22T12:20:04.654684,3158,100,427,8.887052536010742,False,0.0,0,1,1774200004654,1774200004654,0
2026-03-22T12:20:09.367518,3159,0,27,13.426542282104492,False,0.0,0,1,1774200009367,1774200009367,0
2026-03-22T12:20:16.012007,3159,100,427,2.4886131286621094,False,0.0,0,1,1774200016012,1774200016012,0
2026-03-22T12:20:19.998418,3160,0,27,12.150287628173828,False,0.0,0,1,1774200019998,1774200019998,0
2026-03-22T12:20:26.667981,3160,100,427,8.644580841064453,False,0.0,0,1,1774200026667,1774200026667,0
2026-03-22T12:20:33.323348,3160,200,827,8.338451385498047,False,0.0,0,1,1774200033323,1774200033323,0
2026-03-22T12:20:42.635471,3161,0,27,2.8798580169677734,False,0.0,0,1,1774200042635,1774200042635,0
2026-03-22T12:20:49.296532,3161,100,427,8.493661880493164,False,0.0,0,1,1774200049296,1774200049296,0
2026-03-22T12:20:55.945447,3161,200,827,1.4679431915283203,False,0.0,0,1,1774200055945,1774200055945,0
2026-03-22T12:21:02.654649,3162,0,27,0.7684230804443359,False,0.0,0,1,1774200062654,1774200062654,0
2026-03-22T12:21:07.411079,3163,0,27,1.7554759979248047,False,0.0,0,1,1774200067411,1774200067411,0
2026-03-22T12:21:12.454255,3164,0,28,2.546548843383789,False,0.0,0,1,1774200072454,1774200072454,0
2026-03-22T12:21:19.130938,3164,100,428,9.471893310546875,False,0.0,0,1,1774200079130,1774200079130,0
2026-03-22T12:21:26.455271,3165,0,27,12.083768844604492,False,0.0,0,1,1774200086455,1774200086455,0
2026-03-22T12:21:33.107012,3165,100,427,8.522510528564453,False,0.0,0,1,1774200093107,1774200093107,0
2026-03-22T12:21:39.759483,3165,200,827,4.211902618408203,False,0.0,0,1,1774200099759,1774200099759,0
2026-03-22T12:21:46.411343,3165,300,1227,1.8236637115478516,False,0.0,0,1,1774200106411,1774200106411,0
2026-03-22T12:21:52.319606,3166,0,27,1.3613700866699219,False,0.0,0,1,1774200112319,1774200112319,0
2026-03-22T12:21:58.976288,3166,100,427,2.0143985748291016,False,0.0,0,1,1774200118976,1774200118976,0
2026-03-22T12:22:05.647696,3166,200,827,2.2449493408203125,False,0.0,0,1,1774200125647,1774200125647,0
2026-03-22T12:22:12.303856,3166,300,1227,2.7685165405273438,False,0.0,0,1,1774200132303,1774200132303,0
2026-03-22T12:22:17.692925,3167,0,27,1.2645721435546875,False,0.0,0,1,1774200137692,1774200137692,0
2026-03-22T12:22:24.355071,3167,100,427,8.0718994140625,False,0.0,0,1,1774200144355,1774200144355,0
2026-03-22T12:22:31.021644,3167,200,827,2.683401107788086,False,0.0,0,1,1774200151021,1774200151021,0
2026-03-22T12:22:38.860337,3168,0,27,0.9808540344238281,False,0.0,0,1,1774200158860,1774200158860,0
2026-03-22T12:22:45.532029,3168,100,427,2.3632049560546875,False,0.0,0,1,1774200165532,1774200165532,0
2026-03-22T12:22:52.213285,3168,200,827,11.728763580322266,False,0.0,0,1,1774200172213,1774200172213,0
2026-03-22T12:22:58.860877,3168,300,1227,2.7489662170410156,False,0.0,0,1,1774200178860,1774200178860,0
2026-03-22T12:23:05.533422,3168,400,1627,1.8253326416015625,False,0.0,0,1,1774200185533,1774200185533,0
2026-03-22T12:23:10.882956,3169,0,27,3.421783447265625,False,0.0,0,1,1774200190882,1774200190882,0
2026-03-22T12:23:17.529853,3169,100,427,3.5660266876220703,False,0.0,0,1,1774200197529,1774200197529,0
2026-03-22T12:23:24.183181,3169,200,827,2.397298812866211,False,0.0,0,1,1774200204183,1774200204183,0
2026-03-22T12:23:30.839139,3169,300,1227,1.9807815551757812,False,0.0,0,1,1774200210839,1774200210839,0
2026-03-22T12:23:37.886127,3170,0,27,4.114866256713867,False,0.0,0,1,1774200217886,1774200217886,0
2026-03-22T12:23:44.554933,3170,100,427,7.805347442626953,False,0.0,0,1,1774200224554,1774200224554,0
2026-03-22T12:23:47.982183,3171,0,27,2.222776412963867,False,0.0,0,1,1774200227982,1774200227982,0
2026-03-22T12:23:54.771688,3171,100,427,9.922504425048828,False,0.0,0,1,1774200234771,1774200234771,0
2026-03-22T12:24:01.443981,3171,200,827,10.773897171020508,False,0.0,0,1,1774200241443,1774200241443,0
2026-03-22T12:24:03.192654,3172,0,27,10.01596450805664,False,0.0,0,1,1774200243192,1774200243192,0
2026-03-22T12:24:09.856281,3172,100,427,1.718282699584961,False,0.0,0,1,1774200249856,1774200249856,0
2026-03-22T12:24:16.517838,3172,200,827,9.153604507446289,False,0.0,0,1,1774200256517,1774200256517,0
2026-03-22T12:24:19.597955,3173,0,28,5.235433578491211,False,0.0,0,1,1774200259597,1774200259597,0
2026-03-22T12:24:26.244255,3173,100,428,1.8768310546875,False,0.0,0,1,1774200266244,1774200266244,0
2026-03-22T12:24:32.912785,3173,200,828,12.037515640258789,False,0.0,0,1,1774200272912,1774200272912,0
2026-03-22T12:24:40.473403,3174,0,27,4.255056381225586,False,0.0,0,1,1774200280473,1774200280473,0
2026-03-22T12:24:47.132631,3174,100,427,8.953094482421875,False,0.0,0,1,1774200287132,1774200287132,0
2026-03-22T12:24:53.782338,3174,200,827,1.9969940185546875,False,0.0,0,1,1774200293782,1774200293782,0
2026-03-22T12:25:00.437365,3174,300,1227,1.7406940460205078,False,0.0,0,1,1774200300437,1774200300437,0
2026-03-22T12:25:07.092683,3174,400,1627,1.7979145050048828,False,0.0,0,1,1774200307092,1774200307092,0
2026-03-22T12:25:13.757464,3174,500,2027,9.972333908081055,False,0.0,0,1,1774200313757,1774200313757,0
2026-03-22T12:25:20.989596,3175,0,27,0.9472370147705078,False,0.0,0,1,1774200320989,1774200320989,0
2026-03-22T12:25:27.663238,3175,100,427,2.177000045776367,False,0.0,0,1,1774200327663,1774200327663,0
2026-03-22T12:25:34.326154,3175,200,827,11.980056762695312,False,0.0,0,1,1774200334326,1774200334326,0
2026-03-22T12:25:40.971563,3175,300,1227,2.711772918701172,False,0.0,0,1,1774200340971,1774200340971,0
2026-03-22T12:25:47.211571,3176,0,27,3.481149673461914,False,0.0,0,1,1774200347211,1774200347211,0
2026-03-22T12:25:50.660506,3177,0,27,7.642984390258789,False,0.0,0,1,1774200350660,1774200350660,0
2026-03-22T12:25:57.316865,3177,100,427,8.622407913208008,False,0.0,0,1,1774200357316,1774200357316,0
2026-03-22T12:26:03.967264,3177,200,827,1.729726791381836,False,0.0,0,1,1774200363967,1774200363967,0
2026-03-22T12:26:05.629738,3178,0,27,2.2249221801757812,False,0.0,0,1,1774200365629,1774200365629,0
2026-03-22T12:26:12.303105,3178,100,427,2.351522445678711,False,0.0,0,1,1774200372303,1774200372303,0
2026-03-22T12:26:14.265610,3179,0,27,2.4614334106445312,False,0.0,0,1,1774200374265,1774200374265,0
2026-03-22T12:26:20.929418,3179,100,427,9.55057144165039,False,0.0,0,1,1774200380929,1774200380929,0
2026-03-22T12:26:21.960622,3180,0,27,10.28585433959961,False,0.0,0,1,1774200381960,1774200381960,0
2026-03-22T12:26:26.178269,3181,0,27,0.8759498596191406,False,0.0,0,1,1774200386178,1774200386178,0
2026-03-22T12:26:32.834976,3181,100,427,2.8786659240722656,False,0.0,0,1,1774200392834,1774200392834,0
2026-03-22T12:26:39.497638,3181,200,827,9.928703308105469,False,0.0,0,1,1774200399497,1774200399497,0
2026-03-22T12:26:40.340122,3182,0,27,1.996755599975586,False,0.0,0,1,1774200400340,1774200400340,0
2026-03-22T12:26:47.011848,3182,100,427,1.8460750579833984,False,0.0,0,1,1774200407011,1774200407011,0
2026-03-22T12:26:50.654116,3183,0,28,1.7516613006591797,False,0.0,0,1,1774200410654,1774200410654,0
2026-03-22T12:26:57.309979,3183,100,428,1.3692378997802734,False,0.0,0,1,1774200417309,1774200417309,0
2026-03-22T12:27:03.966208,3183,200,828,1.8601417541503906,False,0.0,0,1,1774200423966,1774200423966,0
2026-03-22T12:27:10.621768,3183,300,1228,2.2118091583251953,False,0.0,0,1,1774200430621,1774200430621,0
2026-03-22T12:27:17.287610,3183,400,1628,11.237859725952148,False,0.0,0,1,1774200437287,1774200437287,0
2026-03-22T12:27:25.470727,3184,0,26,3.196239471435547,False,0.0,0,1,1774200445470,1774200445470,0
2026-03-22T12:27:29.818190,3185,0,26,8.691072463989258,False,0.0,0,1,1774200449818,1774200449818,0
2026-03-22T12:27:33.760708,3186,0,28,11.850833892822266,False,0.0,0,1,1774200453760,1774200453760,0
2026-03-22T12:27:40.406179,3186,100,428,1.9772052764892578,False,0.0,0,1,1774200460406,1774200460406,0
2026-03-22T12:27:47.061461,3186,200,828,1.922607421875,False,0.0,0,1,1774200467061,1774200467061,0
2026-03-22T12:27:53.976217,3187,0,27,17.80080795288086,False,0.0,0,1,1774200473976,1774200473976,0
2026-03-22T12:28:00.650246,3187,100,427,12.586593627929688,False,0.0,0,1,1774200480650,1774200480650,0
2026-03-22T12:28:07.300373,3187,200,827,6.716728210449219,False,0.0,0,1,1774200487300,1774200487300,0
2026-03-22T12:28:11.474646,3188,0,27,2.5129318237304688,False,0.0,0,1,1774200491474,1774200491474,0
2026-03-22T12:28:18.154258,3188,100,427,10.596275329589844,False,0.0,0,1,1774200498154,1774200498154,0
2026-03-22T12:28:24.828361,3188,200,827,10.47515869140625,False,0.0,0,1,1774200504828,1774200504828,0
2026-03-22T12:28:30.619591,3189,0,27,4.94384765625,False,0.0,0,1,1774200510619,1774200510619,0
2026-03-22T12:28:36.036412,3190,0,27,7.612943649291992,False,0.0,0,1,1774200516036,1774200516036,0
2026-03-22T12:28:42.688711,3190,100,427,3.054380416870117,False,0.0,0,1,1774200522688,1774200522688,0
2026-03-22T12:28:49.341515,3190,200,827,1.9218921661376953,False,0.0,0,1,1774200529341,1774200529341,0
2026-03-22T12:28:56.003298,3190,300,1227,8.319377899169922,False,0.0,0,1,1774200536003,1774200536003,0
2026-03-22T12:29:06.037953,3191,0,27,0.75531005859375,False,0.0,0,1,1774200546037,1774200546037,0
2026-03-22T12:29:12.685815,3191,100,427,1.7955303192138672,False,0.0,0,1,1774200552685,1774200552685,0
2026-03-22T12:29:19.358157,3191,200,827,1.4595985412597656,False,0.0,0,1,1774200559358,1774200559358,0
2026-03-22T12:29:26.015194,3191,300,1227,2.8471946716308594,False,0.0,0,1,1774200566015,1774200566015,0
2026-03-22T12:29:29.344763,3192,0,27,2.828359603881836,False,0.0,0,1,1774200569344,1774200569344,0
2026-03-22T12:29:35.998493,3192,100,427,2.1784305572509766,False,0.0,0,1,1774200575998,1774200575998,0
2026-03-22T12:29:38.637857,3193,0,27,12.689590454101562,False,0.0,0,1,1774200578637,1774200578637,0
2026-03-22T12:29:45.294613,3193,100,427,14.824867248535156,False,0.0,0,1,1774200585294,1774200585294,0
2026-03-22T12:29:53.107320,3194,0,27,1.3637542724609375,False,0.0,0,1,1774200593107,1774200593107,0
2026-03-22T12:29:59.768287,3194,100,427,10.43558120727539,False,0.0,0,1,1774200599768,1774200599768,0
2026-03-22T12:30:06.417892,3194,200,827,2.954721450805664,False,0.0,0,1,1774200606417,1774200606417,0
2026-03-22T12:30:08.267075,3195,0,26,2.384662628173828,False,0.0,0,1,1774200608267,1774200608267,0
2026-03-22T12:30:12.556124,3196,0,27,2.8820037841796875,False,0.0,0,1,1774200612556,1774200612556,0
2026-03-22T12:30:15.573387,3197,0,27,10.504484176635742,False,0.0,0,1,1774200615573,1774200615573,0
2026-03-22T12:30:20.716556,3198,0,28,10.534286499023438,False,0.0,0,1,1774200620716,1774200620716,0
2026-03-22T12:30:24.616047,3199,0,27,1.3988018035888672,False,0.0,0,1,1774200624616,1774200624616,0
2026-03-22T12:30:29.026970,3200,0,27,1.9755363464355469,False,0.0,0,1,1774200629026,1774200629026,0
2026-03-22T12:30:33.311938,3201,0,26,0.9863376617431641,False,0.0,0,1,1774200633311,1774200633311,0
2026-03-22T12:30:39.965898,3201,100,426,8.643627166748047,False,0.0,0,1,1774200639965,1774200639965,0
2026-03-22T12:30:47.187768,3202,0,28,8.649587631225586,False,0.0,0,1,1774200647187,1774200647187,0
2026-03-22T12:30:53.835271,3202,100,428,1.683950424194336,False,0.0,0,1,1774200653835,1774200653835,0
2026-03-22T12:31:00.499758,3202,200,828,10.168313980102539,False,0.0,0,1,1774200660499,1774200660499,0
2026-03-22T12:31:06.616468,3203,0,26,1.1677742004394531,False,0.0,0,1,1774200666616,1774200666616,0
2026-03-22T12:31:13.619141,3204,0,27,1.9648075103759766,False,0.0,0,1,1774200673619,1774200673619,0
2026-03-22T12:31:20.274711,3204,100,427,1.7614364624023438,False,0.0,0,1,1774200680274,1774200680274,0
2026-03-22T12:31:26.929967,3204,200,827,1.96075439453125,False,0.0,0,1,1774200686929,1774200686929,0
2026-03-22T12:31:33.595531,3204,300,1227,10.83683967590332,False,0.0,0,1,1774200693595,1774200693595,0
2026-03-22T12:31:40.266267,3204,400,1627,10.361194610595703,False,0.0,0,1,1774200700266,1774200700266,0
2026-03-22T12:31:44.053171,3205,0,27,1.4567375183105469,False,0.0,0,1,1774200704053,1774200704053,0
2026-03-22T12:31:50.732712,3205,100,427,9.99760627746582,False,0.0,0,1,1774200710732,1774200710732,0
2026-03-22T12:31:57.396311,3205,200,827,2.0270347595214844,False,0.0,0,1,1774200717396,1774200717396,0
2026-03-22T12:32:04.058578,3205,300,1227,8.397102355957031,False,0.0,0,1,1774200724058,1774200724058,0
2026-03-22T12:32:10.096745,3206,0,27,6.267070770263672,False,0.0,0,1,1774200730096,1774200730096,0
2026-03-22T12:32:14.475881,3207,0,26,10.007381439208984,False,0.0,0,1,1774200734475,1774200734475,0
2026-03-22T12:32:21.130665,3207,100,426,8.237361907958984,False,0.0,0,1,1774200741130,1774200741130,0
2026-03-22T12:32:27.802269,3207,200,826,7.9212188720703125,False,0.0,0,1,1774200747802,1774200747802,0
2026-03-22T12:32:31.515820,3208,0,27,8.687257766723633,False,0.0,0,1,1774200751515,1774200751515,0
2026-03-22T12:32:38.385757,3209,0,28,9.27424430847168,False,0.0,0,1,1774200758385,1774200758385,0
2026-03-22T12:32:45.041210,3209,100,428,8.524179458618164,False,0.0,0,1,1774200765041,1774200765041,0
2026-03-22T12:32:46.566925,3210,0,28,3.317117691040039,False,0.0,0,1,1774200766566,1774200766566,0
2026-03-22T12:32:50.645402,3211,0,28,13.083934783935547,False,0.0,0,1,1774200770645,1774200770645,0
2026-03-22T12:32:54.556571,3212,0,28,6.630659103393555,False,0.0,0,1,1774200774556,1774200774556,0
2026-03-22T12:33:01.229808,3212,100,428,6.710529327392578,False,0.0,0,1,1774200781229,1774200781229,0
2026-03-22T12:33:07.896628,3212,200,828,2.5017261505126953,False,0.0,0,1,1774200787896,1774200787896,0
2026-03-22T12:33:09.210956,3213,0,28,2.3686885833740234,False,0.0,0,1,1774200789210,1774200789210,0
2026-03-22T12:33:15.870298,3213,100,428,5.962610244750977,False,0.0,0,1,1774200795870,1774200795870,0
2026-03-22T12:33:22.547775,3213,200,828,11.14964485168457,False,0.0,0,1,1774200802547,1774200802547,0
2026-03-22T12:33:26.606079,3214,0,27,9.515523910522461,False,0.0,0,1,1774200806606,1774200806606,0
2026-03-22T12:33:33.746359,3215,0,27,11.39974594116211,False,0.0,0,1,1774200813746,1774200813746,0
2026-03-22T12:33:37.649355,3216,0,27,4.292964935302734,False,0.0,0,1,1774200817649,1774200817649,0
2026-03-22T12:33:44.331885,3216,100,427,13.247013092041016,False,0.0,0,1,1774200824331,1774200824331,0
2026-03-22T12:33:50.718566,3217,0,27,11.131048202514648,False,0.0,0,1,1774200830718,1774200830718,0
2026-03-22T12:33:57.365585,3217,100,427,2.2852420806884766,False,0.0,0,1,1774200837365,1774200837365,0
2026-03-22T12:34:04.019568,3217,200,827,1.3763904571533203,False,0.0,0,1,1774200844019,1774200844019,0
2026-03-22T12:34:05.652409,3218,0,27,3.3516883850097656,False,0.0,0,1,1774200845652,1774200845652,0
2026-03-22T12:34:12.332353,3218,100,427,9.514093399047852,False,0.0,0,1,1774200852332,1774200852332,0
2026-03-22T12:34:18.996957,3218,200,827,2.6557445526123047,False,0.0,0,1,1774200858996,1774200858996,0
2026-03-22T12:34:22.646068,3219,0,26,8.415699005126953,False,0.0,0,1,1774200862646,1774200862646,0
2026-03-22T12:34:29.307466,3219,100,426,13.484477996826172,False,0.0,0,1,1774200869307,1774200869307,0
2026-03-22T12:34:35.975925,3219,200,826,10.36524772644043,False,0.0,0,1,1774200875975,1774200875975,0
2026-03-22T12:34:42.629788,3219,300,1226,8.84699821472168,False,0.0,0,1,1774200882629,1774200882629,0
2026-03-22T12:34:46.489262,3220,0,27,2.7811527252197266,False,0.0,0,1,1774200886489,1774200886489,0
2026-03-22T12:34:53.148268,3220,100,427,10.380268096923828,False,0.0,0,1,1774200893148,1774200893148,0
2026-03-22T12:34:59.826857,3220,200,827,12.073993682861328,False,0.0,0,1,1774200899826,1774200899826,0
2026-03-22T12:35:06.467877,3220,300,1227,1.954793930053711,False,0.0,0,1,1774200906467,1774200906467,0
2026-03-22T12:35:13.132550,3220,400,1627,2.251863479614258,False,0.0,0,1,1774200913132,1774200913132,0
2026-03-22T12:35:18.034581,3221,0,27,0.7050037384033203,False,0.0,0,1,1774200918034,1774200918034,0
2026-03-22T12:35:22.701448,3222,0,27,8.834600448608398,False,0.0,0,1,1774200922701,1774200922701,0
2026-03-22T12:35:29.351096,3222,100,427,7.384300231933594,False,0.0,0,1,1774200929351,1774200929351,0
2026-03-22T12:35:32.284681,3223,0,28,12.014627456665039,False,0.0,0,1,1774200932284,1774200932284,0
2026-03-22T12:35:38.947750,3223,100,428,1.850128173828125,False,0.0,0,1,1774200938947,1774200938947,0
2026-03-22T12:35:45.629544,3223,200,828,12.324094772338867,False,0.0,0,1,1774200945629,1774200945629,0
2026-03-22T12:35:47.566182,3224,0,27,3.389596939086914,False,0.0,0,1,1774200947566,1774200947566,0
2026-03-22T12:35:54.237328,3224,100,427,1.9977092742919922,False,0.0,0,1,1774200954237,1774200954237,0
2026-03-22T12:35:55.523919,3225,0,27,2.2780895233154297,False,0.0,0,1,1774200955523,1774200955523,0
2026-03-22T12:36:00.086363,3226,0,27,10.282278060913086,False,0.0,0,1,1774200960086,1774200960086,0
2026-03-22T12:36:06.736987,3226,100,427,3.892660140991211,False,0.0,0,1,1774200966736,1774200966736,0
2026-03-22T12:36:13.401598,3226,200,827,14.132261276245117,False,0.0,0,1,1774200973401,1774200973401,0
2026-03-22T12:36:20.044403,3226,300,1227,1.842498779296875,False,0.0,0,1,1774200980044,1774200980044,0
2026-03-22T12:36:24.271554,3227,0,26,1.2912750244140625,False,0.0,0,1,1774200984271,1774200984271,0
2026-03-22T12:36:30.935175,3227,100,426,9.086847305297852,False,0.0,0,1,1774200990935,1774200990935,0
2026-03-22T12:36:37.606233,3227,200,826,9.533166885375977,False,0.0,0,1,1774200997606,1774200997606,0
2026-03-22T12:36:45.206085,3228,0,28,2.707242965698242,False,0.0,0,1,1774201005206,1774201005206,0
2026-03-22T12:36:51.894754,3228,100,428,16.881465911865234,False,0.0,0,1,1774201011894,1774201011894,0
2026-03-22T12:36:58.575188,3228,200,828,11.42740249633789,False,0.0,0,1,1774201018575,1774201018575,0
2026-03-22T12:37:05.221722,3228,300,1228,1.901865005493164,False,0.0,0,1,1774201025221,1774201025221,0
2026-03-22T12:37:11.627742,3229,0,27,0.9152889251708984,False,0.0,0,1,1774201031627,1774201031627,0
2026-03-22T12:37:18.287871,3229,100,427,7.234334945678711,False,0.0,0,1,1774201038287,1774201038287,0
2026-03-22T12:37:19.355436,3230,0,28,11.24262809753418,False,0.0,0,1,1774201039355,1774201039355,0
2026-03-22T12:37:24.155449,3231,0,28,2.7551651000976562,False,0.0,0,1,1774201044155,1774201044155,0
2026-03-22T12:37:30.827484,3231,100,428,1.8932819366455078,False,0.0,0,1,1774201050827,1774201050827,0
2026-03-22T12:37:37.482969,3231,200,828,2.297639846801758,False,0.0,0,1,1774201057482,1774201057482,0
2026-03-22T12:37:44.138786,3231,300,1228,1.9786357879638672,False,0.0,0,1,1774201064138,1774201064138,0
2026-03-22T12:37:50.794849,3231,400,1628,2.382993698120117,False,0.0,0,1,1774201070794,1774201070794,0
2026-03-22T12:37:57.458507,3231,500,2028,10.248661041259766,False,0.0,0,1,1774201077458,1774201077458,0
2026-03-22T12:38:07.669119,3232,0,27,4.716634750366211,False,0.0,0,1,1774201087669,1774201087669,0
2026-03-22T12:38:14.322663,3232,100,427,2.2726058959960938,False,0.0,0,1,1774201094322,1774201094322,0
2026-03-22T12:38:20.996385,3232,200,827,1.9025802612304688,False,0.0,0,1,1774201100996,1774201100996,0
2026-03-22T12:38:29.039740,3233,0,27,2.5184154510498047,False,0.0,0,1,1774201109039,1774201109039,0
2026-03-22T12:38:36.221782,3234,0,26,2.5014877319335938,False,0.0,0,1,1774201116221,1774201116221,0
2026-03-22T12:38:41.775828,3235,0,27,11.905431747436523,False,0.0,0,1,1774201121775,1774201121775,0
2026-03-22T12:38:48.373554,3236,0,28,9.586095809936523,False,0.0,0,1,1774201128373,1774201128373,0
2026-03-22T12:38:55.021827,3237,0,27,2.8793811798095703,False,0.0,0,1,1774201135021,1774201135021,0
2026-03-22T12:39:01.676623,3237,100,427,1.8384456634521484,False,0.0,0,1,1774201141676,1774201141676,0
2026-03-22T12:39:07.942876,3238,0,28,10.608911514282227,False,0.0,0,1,1774201147942,1774201147942,0
2026-03-22T12:39:14.611456,3238,100,428,7.517576217651367,False,0.0,0,1,1774201154611,1774201154611,0
2026-03-22T12:39:21.285602,3238,200,828,8.442878723144531,False,0.0,0,1,1774201161285,1774201161285,0
2026-03-22T12:39:27.940416,3238,300,1228,8.604764938354492,False,0.0,0,1,1774201167940,1774201167940,0
2026-03-22T12:39:34.639680,3239,0,27,1.249551773071289,False,0.0,0,1,1774201174639,1774201174639,0
2026-03-22T12:39:41.294781,3239,100,427,1.931905746459961,False,0.0,0,1,1774201181294,1774201181294,0
2026-03-22T12:39:47.956235,3239,200,827,2.004384994506836,False,0.0,0,1,1774201187956,1774201187956,0
2026-03-22T12:39:50.415459,3240,0,27,2.8040409088134766,False,0.0,0,1,1774201190415,1774201190415,0
2026-03-22T12:39:57.079843,3240,100,427,12.756824493408203,False,0.0,0,1,1774201197079,1774201197079,0
2026-03-22T12:40:03.742408,3240,200,827,2.844095230102539,False,0.0,0,1,1774201203742,1774201203742,0
2026-03-22T12:40:06.835589,3241,0,28,0.7758140563964844,False,0.0,0,1,1774201206835,1774201206835,0
2026-03-22T12:40:13.493874,3241,100,428,1.901865005493164,False,0.0,0,1,1774201213493,1774201213493,0
2026-03-22T12:40:20.175971,3241,200,828,12.195348739624023,False,0.0,0,1,1774201220175,1774201220175,0
2026-03-22T12:40:26.820733,3241,300,1228,1.7309188842773438,False,0.0,0,1,1774201226820,1774201226820,0
2026-03-22T12:40:28.843505,3242,0,27,9.327888488769531,False,0.0,0,1,1774201228843,1774201228843,0
2026-03-22T12:40:33.569358,3243,0,27,12.177467346191406,False,0.0,0,1,1774201233569,1774201233569,0
2026-03-22T12:40:39.476094,3244,0,27,12.02249526977539,False,0.0,0,1,1774201239476,1774201239476,0
2026-03-22T12:40:44.223744,3245,0,27,1.7657279968261719,False,0.0,0,1,1774201244223,1774201244223,0
2026-03-22T12:40:50.879802,3245,100,427,2.1708011627197266,False,0.0,0,1,1774201250879,1774201250879,0
2026-03-22T12:40:57.534805,3245,200,827,2.120494842529297,False,0.0,0,1,1774201257534,1774201257534,0
2026-03-22T12:41:05.540603,3246,0,26,2.471923828125,False,0.0,0,1,1774201265540,1774201265540,0
2026-03-22T12:41:12.194872,3246,100,426,2.111673355102539,False,0.0,0,1,1774201272194,1774201272194,0
2026-03-22T12:41:18.868658,3246,200,826,2.6602745056152344,False,0.0,0,1,1774201278868,1774201278868,0
2026-03-22T12:41:20.264463,3247,0,28,1.766204833984375,False,0.0,0,1,1774201280264,1774201280264,0
2026-03-22T12:41:26.922739,3247,100,428,2.2840499877929688,False,0.0,0,1,1774201286922,1774201286922,0
2026-03-22T12:41:33.584360,3247,200,828,9.225130081176758,False,0.0,0,1,1774201293584,1774201293584,0
2026-03-22T12:41:37.002096,3248,0,27,1.512765884399414,False,0.0,0,1,1774201297002,1774201297002,0
2026-03-22T12:41:43.659221,3248,100,427,2.025127410888672,False,0.0,0,1,1774201303659,1774201303659,0
2026-03-22T12:41:50.316512,3248,200,827,2.5434494018554688,False,0.0,0,1,1774201310316,1774201310316,0
2026-03-22T12:41:51.215757,3249,0,28,2.5331974029541016,False,0.0,0,1,1774201311215,1774201311215,0
2026-03-22T12:41:57.896829,3249,100,428,11.830568313598633,False,0.0,0,1,1774201317896,1774201317896,0
2026-03-22T12:41:58.756187,3250,0,27,8.223533630371094,False,0.0,0,1,1774201318756,1774201318756,0
2026-03-22T12:42:05.424657,3250,100,427,2.807140350341797,False,0.0,0,1,1774201325424,1774201325424,0
2026-03-22T12:42:12.097162,3250,200,827,3.1287670135498047,False,0.0,0,1,1774201332097,1774201332097,0
2026-03-22T12:42:14.907066,3251,0,27,2.3729801177978516,False,0.0,0,1,1774201334907,1774201334907,0
2026-03-22T12:42:21.570906,3251,100,427,8.753061294555664,False,0.0,0,1,1774201341570,1774201341570,0
2026-03-22T12:42:28.240516,3251,200,827,7.703304290771484,False,0.0,0,1,1774201348240,1774201348240,0
2026-03-22T12:42:34.891050,3251,300,1227,2.566099166870117,False,0.0,0,1,1774201354891,1774201354891,0
2026-03-22T12:42:42.420227,3252,0,27,3.3860206604003906,False,0.0,0,1,1774201362420,1774201362420,0
2026-03-22T12:42:49.066517,3252,100,427,1.9457340240478516,False,0.0,0,1,1774201369066,1774201369066,0
2026-03-22T12:42:52.903541,3253,0,27,12.023448944091797,False,0.0,0,1,1774201372903,1774201372903,0
2026-03-22T12:42:59.549605,3253,100,427,1.7626285552978516,False,0.0,0,1,1774201379549,1774201379549,0
2026-03-22T12:43:02.006071,3254,0,27,11.354207992553711,False,0.0,0,1,1774201382006,1774201382006,0
2026-03-22T12:43:08.653896,3254,100,427,1.9276142120361328,False,0.0,0,1,1774201388653,1774201388653,0
2026-03-22T12:43:11.524676,3255,0,27,10.242700576782227,False,0.0,0,1,1774201391524,1774201391524,0
2026-03-22T12:43:18.190872,3255,100,427,7.829427719116211,False,0.0,0,1,1774201398190,1774201398190,0
2026-03-22T12:43:24.848659,3255,200,827,9.340047836303711,False,0.0,0,1,1774201404848,1774201404848,0
2026-03-22T12:43:34.244334,3256,0,27,3.506898880004883,False,0.0,0,1,1774201414244,1774201414244,0
2026-03-22T12:43:40.903601,3256,100,427,8.182764053344727,False,0.0,0,1,1774201420903,1774201420903,0
2026-03-22T12:43:46.715128,3257,0,27,6.684541702270508,False,0.0,0,1,1774201426715,1774201426715,0
2026-03-22T12:43:53.378254,3257,100,427,2.4466514587402344,False,0.0,0,1,1774201433378,1774201433378,0
2026-03-22T12:44:00.034512,3257,200,827,4.003286361694336,False,0.0,0,1,1774201440034,1774201440034,0
2026-03-22T12:44:06.691537,3257,300,1227,2.4712085723876953,False,0.0,0,1,1774201446691,1774201446691,0
2026-03-22T12:44:13.030627,3258,0,27,4.558324813842773,False,0.0,0,1,1774201453030,1774201453030,0
2026-03-22T12:44:19.705430,3258,100,427,7.656335830688477,False,0.0,0,1,1774201459705,1774201459705,0
2026-03-22T12:44:26.357280,3258,200,827,2.246379852294922,False,0.0,0,1,1774201466357,1774201466357,0
2026-03-22T12:44:33.016593,3258,300,1227,6.280422210693359,False,0.0,0,1,1774201473016,1774201473016,0
2026-03-22T12:44:40.154215,3259,0,27,6.009340286254883,False,0.0,0,1,1774201480154,1774201480154,0
2026-03-22T12:44:43.766397,3260,0,27,8.320331573486328,False,0.0,0,1,1774201483766,1774201483766,0
2026-03-22T12:44:50.417034,3260,100,427,3.152132034301758,False,0.0,0,1,1774201490417,1774201490417,0
2026-03-22T12:44:52.835939,3261,0,27,1.0056495666503906,False,0.0,0,1,1774201492835,1774201492835,0
2026-03-22T12:44:59.488120,3261,100,427,1.7404556274414062,False,0.0,0,1,1774201499488,1774201499488,0
2026-03-22T12:45:06.956815,3262,0,26,2.8696060180664062,False,0.0,0,1,1774201506956,1774201506956,0
2026-03-22T12:45:13.611842,3262,100,426,2.2869110107421875,False,0.0,0,1,1774201513611,1774201513611,0
2026-03-22T12:45:20.292911,3262,200,826,10.853767395019531,False,0.0,0,1,1774201520292,1774201520292,0
2026-03-22T12:45:26.947862,3262,300,1226,10.52093505859375,False,0.0,0,1,1774201526947,1774201526947,0
2026-03-22T12:45:33.594718,3262,400,1626,2.1409988403320312,False,0.0,0,1,1774201533594,1774201533594,0
2026-03-22T12:45:40.255503,3262,500,2026,6.809711456298828,False,0.0,0,1,1774201540255,1774201540255,0
2026-03-22T12:45:46.905600,3262,600,2426,2.3026466369628906,False,0.0,0,1,1774201546905,1774201546905,0
2026-03-22T12:45:56.625924,3263,0,26,4.235267639160156,False,0.0,0,1,1774201556625,1774201556625,0
2026-03-22T12:46:03.307236,3263,100,426,8.00180435180664,False,0.0,0,1,1774201563307,1774201563307,0
2026-03-22T12:46:09.972352,3263,200,826,2.1631717681884766,False,0.0,0,1,1774201569972,1774201569972,0
2026-03-22T12:46:16.634662,3263,300,1226,11.318683624267578,False,0.0,0,1,1774201576634,1774201576634,0
2026-03-22T12:46:23.296190,3263,400,1626,2.961874008178711,False,0.0,0,1,1774201583296,1774201583296,0
2026-03-22T12:46:28.662223,3264,0,27,4.344463348388672,False,0.0,0,1,1774201588662,1774201588662,0
2026-03-22T12:46:35.336769,3264,100,427,12.556076049804688,False,0.0,0,1,1774201595336,1774201595336,0
2026-03-22T12:46:42.004598,3264,200,827,9.055852890014648,False,0.0,0,1,1774201602004,1774201602004,0
2026-03-22T12:46:48.662235,3264,300,1227,10.479211807250977,False,0.0,0,1,1774201608662,1774201608662,0
2026-03-22T12:46:55.326012,3264,400,1627,2.187013626098633,False,0.0,0,1,1774201615326,1774201615326,0
2026-03-22T12:47:01.988203,3264,500,2027,9.06991958618164,False,0.0,0,1,1774201621988,1774201621988,0
2026-03-22T12:47:08.636074,3264,600,2427,1.5993118286132812,False,0.0,0,1,1774201628636,1774201628636,0
2026-03-22T12:47:17.357883,3265,0,27,2.855539321899414,False,0.0,0,1,1774201637357,1774201637357,0
2026-03-22T12:47:24.019605,3265,100,427,9.881734848022461,False,0.0,0,1,1774201644019,1774201644019,0
2026-03-22T12:47:27.049103,3266,0,28,10.622501373291016,False,0.0,0,1,1774201647049,1774201647049,0
2026-03-22T12:47:33.719088,3266,100,428,8.899450302124023,False,0.0,0,1,1774201653719,1774201653719,0
2026-03-22T12:47:40.384708,3266,200,828,2.1169185638427734,False,0.0,0,1,1774201660384,1774201660384,0
2026-03-22T12:47:47.180850,3267,0,27,3.4728050231933594,False,0.0,0,1,1774201667180,1774201667180,0
2026-03-22T12:47:52.731056,3268,0,27,1.6283988952636719,False,0.0,0,1,1774201672731,1774201672731,0
2026-03-22T12:47:59.402873,3268,100,427,1.9752979278564453,False,0.0,0,1,1774201679402,1774201679402,0
2026-03-22T12:48:06.067760,3268,200,827,10.121583938598633,False,0.0,0,1,1774201686067,1774201686067,0
2026-03-22T12:48:12.718773,3268,300,1227,6.8798065185546875,False,0.0,0,1,1774201692718,1774201692718,0
2026-03-22T12:48:17.562651,3269,0,28,2.527952194213867,False,0.0,0,1,1774201697562,1774201697562,0
2026-03-22T12:48:24.211834,3269,100,428,2.1343231201171875,False,0.0,0,1,1774201704211,1774201704211,0
2026-03-22T12:48:30.883823,3269,200,828,1.8281936645507812,False,0.0,0,1,1774201710883,1774201710883,0
2026-03-22T12:48:36.890692,3270,0,27,0.9157657623291016,False,0.0,0,1,1774201716890,1774201716890,0
2026-03-22T12:48:43.568902,3270,100,427,7.487773895263672,False,0.0,0,1,1774201723568,1774201723568,0
2026-03-22T12:48:50.227520,3270,200,827,10.290145874023438,False,0.0,0,1,1774201730227,1774201730227,0
2026-03-22T12:48:56.883197,3270,300,1227,10.539770126342773,False,0.0,0,1,1774201736883,1774201736883,0
2026-03-22T12:49:02.301956,3271,0,27,3.63922119140625,False,0.0,0,1,1774201742301,1774201742301,0
2026-03-22T12:49:05.735609,3272,0,28,10.25247573852539,False,0.0,0,1,1774201745735,1774201745735,0
2026-03-22T12:49:09.857884,3273,0,27,6.337642669677734,False,0.0,0,1,1774201749857,1774201749857,0
2026-03-22T12:49:16.508847,3273,100,427,2.889871597290039,False,0.0,0,1,1774201756508,1774201756508,0
2026-03-22T12:49:23.172051,3273,200,827,9.56273078918457,False,0.0,0,1,1774201763172,1774201763172,0
2026-03-22T12:49:29.827277,3273,300,1227,8.827686309814453,False,0.0,0,1,1774201769827,1774201769827,0
2026-03-22T12:49:36.497631,3273,400,1627,7.043600082397461,False,0.0,0,1,1774201776497,1774201776497,0
2026-03-22T12:49:43.151867,3273,500,2027,6.542205810546875,False,0.0,0,1,1774201783151,1774201783151,0
2026-03-22T12:49:49.420691,3274,0,28,1.1441707611083984,False,0.0,0,1,1774201789420,1774201789420,0
2026-03-22T12:49:56.076917,3274,100,428,2.7854442596435547,False,0.0,0,1,1774201796076,1774201796076,0
2026-03-22T12:50:02.750778,3274,200,828,3.413677215576172,False,0.0,0,1,1774201802750,1774201802750,0
2026-03-22T12:50:09.071366,3275,0,28,2.5506019592285156,False,0.0,0,1,1774201809071,1774201809071,0
2026-03-22T12:50:12.585711,3276,0,28,5.409955978393555,False,0.0,0,1,1774201812585,1774201812585,0
2026-03-22T12:50:19.245269,3276,100,428,7.556676864624023,False,0.0,0,1,1774201819245,1774201819245,0
2026-03-22T12:50:20.982468,3277,0,27,11.575937271118164,False,0.0,0,1,1774201820982,1774201820982,0
2026-03-22T12:50:27.652207,3277,100,427,12.221574783325195,False,0.0,0,1,1774201827652,1774201827652,0
2026-03-22T12:50:34.297323,3277,200,827,1.9047260284423828,False,0.0,0,1,1774201834297,1774201834297,0
2026-03-22T12:50:42.885926,3278,0,27,5.612850189208984,False,0.0,0,1,1774201842885,1774201842885,0
2026-03-22T12:50:48.265518,3279,0,27,4.094123840332031,False,0.0,0,1,1774201848265,1774201848265,0
2026-03-22T12:50:54.928076,3279,100,427,1.7209053039550781,False,0.0,0,1,1774201854928,1774201854928,0
2026-03-22T12:51:01.592257,3279,200,827,10.242700576782227,False,0.0,0,1,1774201861592,1774201861592,0
2026-03-22T12:51:05.716411,3280,0,28,0.8003711700439453,False,0.0,0,1,1774201865716,1774201865716,0
2026-03-22T12:51:12.375681,3280,100,428,11.302709579467773,False,0.0,0,1,1774201872375,1774201872375,0
2026-03-22T12:51:19.032803,3280,200,828,12.033939361572266,False,0.0,0,1,1774201879032,1774201879032,0
2026-03-22T12:51:22.465535,3281,0,26,0.7996559143066406,False,0.0,0,1,1774201882465,1774201882465,0
2026-03-22T12:51:29.122816,3281,100,426,2.771615982055664,False,0.0,0,1,1774201889122,1774201889122,0
2026-03-22T12:51:35.637945,3282,0,27,11.551856994628906,False,0.0,0,1,1774201895637,1774201895637,0
2026-03-22T12:51:42.283453,3282,100,427,2.3283958435058594,False,0.0,0,1,1774201902283,1774201902283,0
2026-03-22T12:51:48.954697,3282,200,827,1.455545425415039,False,0.0,0,1,1774201908954,1774201908954,0
2026-03-22T12:51:55.611872,3282,300,1227,2.3391246795654297,False,0.0,0,1,1774201915611,1774201915611,0
2026-03-22T12:52:02.683626,3283,0,27,0.9214878082275391,False,0.0,0,1,1774201922683,1774201922683,0
2026-03-22T12:52:07.347122,3284,0,27,6.708383560180664,False,0.0,0,1,1774201927347,1774201927347,0
2026-03-22T12:52:11.617684,3285,0,27,1.9834041595458984,False,0.0,0,1,1774201931617,1774201931617,0
2026-03-22T12:52:15.895978,3286,0,26,13.852834701538086,False,0.0,0,1,1774201935895,1774201935895,0
2026-03-22T12:52:22.538139,3286,100,426,6.038188934326172,False,0.0,0,1,1774201942538,1774201942538,0
2026-03-22T12:52:29.189617,3286,200,826,2.7055740356445312,False,0.0,0,1,1774201949189,1774201949189,0
2026-03-22T12:52:34.216001,3287,0,26,2.877473831176758,False,0.0,0,1,1774201954215,1774201954215,0
2026-03-22T12:52:40.872351,3287,100,426,2.7849674224853516,False,0.0,0,1,1774201960872,1774201960872,0
2026-03-22T12:52:47.525345,3287,200,826,1.9841194152832031,False,0.0,0,1,1774201967525,1774201967525,0
2026-03-22T12:52:54.180726,3287,300,1226,1.9695758819580078,False,0.0,0,1,1774201974180,1774201974180,0
2026-03-22T12:53:00.845866,3287,400,1626,10.216474533081055,False,0.0,0,1,1774201980845,1774201980845,0
2026-03-22T12:53:07.516023,3287,500,2026,8.327960968017578,False,0.0,0,1,1774201987516,1774201987516,0
2026-03-22T12:53:14.046885,3288,0,27,14.907121658325195,False,0.0,0,1,1774201994046,1774201994046,0
2026-03-22T12:53:20.704783,3288,100,427,2.1393299102783203,False,0.0,0,1,1774202000704,1774202000704,0
2026-03-22T12:53:23.232185,3289,0,28,18.39923858642578,False,0.0,0,1,1774202003232,1774202003232,0
2026-03-22T12:53:29.876123,3289,100,428,6.226778030395508,False,0.0,0,1,1774202009876,1774202009876,0
2026-03-22T12:53:37.545571,3290,0,27,4.967689514160156,False,0.0,0,1,1774202017545,1774202017545,0
2026-03-22T12:53:40.860155,3291,0,27,8.986949920654297,False,0.0,0,1,1774202020860,1774202020860,0
2026-03-22T12:53:47.509910,3291,100,427,2.0868778228759766,False,0.0,0,1,1774202027509,1774202027509,0
2026-03-22T12:53:54.165027,3291,200,827,2.7763843536376953,False,0.0,0,1,1774202034165,1774202034165,0
2026-03-22T12:54:00.826585,3291,300,1227,8.120298385620117,False,0.0,0,1,1774202040826,1774202040826,0
2026-03-22T12:54:01.902824,3292,0,27,2.6297569274902344,False,0.0,0,1,1774202041902,1774202041902,0
2026-03-22T12:54:07.216778,3293,0,27,8.170604705810547,False,0.0,0,1,1774202047216,1774202047216,0
2026-03-22T12:54:13.871626,3293,100,427,8.565425872802734,False,0.0,0,1,1774202053871,1774202053871,0
2026-03-22T12:54:17.979507,3294,0,27,2.3424625396728516,False,0.0,0,1,1774202057979,1774202057979,0
2026-03-22T12:54:22.044470,3295,0,28,10.2386474609375,False,0.0,0,1,1774202062044,1774202062044,0
2026-03-22T12:54:28.698116,3295,100,428,9.235143661499023,False,0.0,0,1,1774202068698,1774202068698,0
2026-03-22T12:54:35.363270,3295,200,828,1.8436908721923828,False,0.0,0,1,1774202075363,1774202075363,0
2026-03-22T12:54:36.276911,3296,0,27,11.453390121459961,False,0.0,0,1,1774202076276,1774202076276,0
2026-03-22T12:54:41.266567,3297,0,28,11.510610580444336,False,0.0,0,1,1774202081266,1774202081266,0
2026-03-22T12:54:44.343554,3298,0,27,10.399341583251953,False,0.0,0,1,1774202084343,1774202084343,0
2026-03-22T12:54:50.999583,3298,100,427,12.603759765625,False,0.0,0,1,1774202090999,1774202090999,0
2026-03-22T12:54:56.898277,3299,0,27,2.812623977661133,False,0.0,0,1,1774202096898,1774202096898,0
2026-03-22T12:55:03.557566,3299,100,427,8.971452713012695,False,0.0,0,1,1774202103557,1774202103557,0
2026-03-22T12:55:10.235753,3299,200,827,15.982627868652344,False,0.0,0,1,1774202110235,1774202110235,0
2026-03-22T12:55:15.948479,3300,0,27,2.7196407318115234,False,0.0,0,1,1774202115948,1774202115948,0
2026-03-22T12:55:22.609962,3300,100,427,10.648250579833984,False,0.0,0,1,1774202122609,1774202122609,0
2026-03-22T12:55:29.258848,3300,200,827,2.5963783264160156,False,0.0,0,1,1774202129258,1774202129258,0
2026-03-22T12:55:34.563226,3301,0,27,0.7736682891845703,False,0.0,0,1,1774202134563,1774202134563,0
2026-03-22T12:55:41.237934,3301,100,427,2.405405044555664,False,0.0,0,1,1774202141237,1774202141237,0
2026-03-22T12:55:47.909721,3301,200,827,1.8045902252197266,False,0.0,0,1,1774202147909,1774202147909,0
2026-03-22T12:55:50.231053,3302,0,27,10.352849960327148,False,0.0,0,1,1774202150231,1774202150231,0
2026-03-22T12:55:56.882174,3302,100,427,6.379842758178711,False,0.0,0,1,1774202156882,1774202156882,0
2026-03-22T12:55:58.825081,3303,0,27,2.4366378784179688,False,0.0,0,1,1774202158825,1774202158825,0
2026-03-22T12:56:02.219487,3304,0,27,2.7000904083251953,False,0.0,0,1,1774202162219,1774202162219,0
2026-03-22T12:56:08.874764,3304,100,427,1.8382072448730469,False,0.0,0,1,1774202168874,1774202168874,0
2026-03-22T12:56:13.069812,3305,0,28,2.752065658569336,False,0.0,0,1,1774202173069,1774202173069,0
2026-03-22T12:56:16.880653,3306,0,27,2.044200897216797,False,0.0,0,1,1774202176880,1774202176880,0
2026-03-22T12:56:20.589909,3307,0,28,2.4673938751220703,False,0.0,0,1,1774202180589,1774202180589,0
2026-03-22T12:56:27.244559,3307,100,428,2.202749252319336,False,0.0,0,1,1774202187244,1774202187244,0
2026-03-22T12:56:33.901306,3307,200,828,3.6611557006835938,False,0.0,0,1,1774202193901,1774202193901,0
2026-03-22T12:56:35.531993,3308,0,28,1.9180774688720703,False,0.0,0,1,1774202195531,1774202195531,0
2026-03-22T12:56:42.195904,3308,100,428,10.761737823486328,False,0.0,0,1,1774202202195,1774202202195,0
2026-03-22T12:56:48.843861,3308,200,828,2.296924591064453,False,0.0,0,1,1774202208843,1774202208843,0
2026-03-22T12:56:56.910451,3309,0,26,0.6868839263916016,False,0.0,0,1,1774202216910,1774202216910,0
2026-03-22T12:57:00.561587,3310,0,28,8.01849365234375,False,0.0,0,1,1774202220561,1774202220561,0
2026-03-22T12:57:07.211933,3310,100,428,2.349376678466797,False,0.0,0,1,1774202227211,1774202227211,0
2026-03-22T12:57:13.875124,3310,200,828,9.326457977294922,False,0.0,0,1,1774202233875,1774202233875,0
2026-03-22T12:57:20.093371,3311,0,27,2.1843910217285156,False,0.0,0,1,1774202240093,1774202240093,0
2026-03-22T12:57:26.771917,3311,100,427,11.859893798828125,False,0.0,0,1,1774202246771,1774202246771,0
2026-03-22T12:57:33.444005,3311,200,827,10.93912124633789,False,0.0,0,1,1774202253444,1774202253444,0
2026-03-22T12:57:40.091810,3311,300,1227,2.5081634521484375,False,0.0,0,1,1774202260091,1774202260091,0
2026-03-22T12:57:48.675483,3312,0,27,0.8220672607421875,False,0.0,0,1,1774202268675,1774202268675,0
2026-03-22T12:57:55.332143,3312,100,427,2.023935317993164,False,0.0,0,1,1774202275332,1774202275332,0
2026-03-22T12:58:01.994212,3312,200,827,7.890462875366211,False,0.0,0,1,1774202281994,1774202281994,0
2026-03-22T12:58:08.649692,3312,300,1227,8.39853286743164,False,0.0,0,1,1774202288649,1774202288649,0
2026-03-22T12:58:14.252873,3313,0,27,0.797271728515625,False,0.0,0,1,1774202294252,1774202294252,0
2026-03-22T12:58:18.404979,3314,0,27,12.055635452270508,False,0.0,0,1,1774202298404,1774202298404,0
2026-03-22T12:58:25.050100,3314,100,427,2.3262500762939453,False,0.0,0,1,1774202305050,1774202305050,0
2026-03-22T12:58:27.396182,3315,0,27,2.69317626953125,False,0.0,0,1,1774202307396,1774202307396,0
2026-03-22T12:58:34.052108,3315,100,427,2.013683319091797,False,0.0,0,1,1774202314052,1774202314052,0
2026-03-22T12:58:40.725341,3315,200,827,2.9675960540771484,False,0.0,0,1,1774202320725,1774202320725,0
2026-03-22T12:58:47.380307,3315,300,1227,2.2242069244384766,False,0.0,0,1,1774202327380,1774202327380,0
2026-03-22T12:58:50.380172,3316,0,27,2.7115345001220703,False,0.0,0,1,1774202330380,1774202330380,0
2026-03-22T12:58:55.879254,3317,0,27,11.983156204223633,False,0.0,0,1,1774202335879,1774202335879,0
2026-03-22T12:59:02.546295,3317,100,427,11.324882507324219,False,0.0,0,1,1774202342546,1774202342546,0
2026-03-22T12:59:06.731392,3318,0,28,3.2460689544677734,False,0.0,0,1,1774202346731,1774202346731,0
2026-03-22T12:59:13.392379,3318,100,428,8.904457092285156,False,0.0,0,1,1774202353392,1774202353392,0
2026-03-22T12:59:20.049752,3318,200,828,10.893821716308594,False,0.0,0,1,1774202360049,1774202360049,0
2026-03-22T12:59:23.551016,3319,0,27,0.8244514465332031,False,0.0,0,1,1774202363551,1774202363551,0
2026-03-22T12:59:27.585384,3320,0,27,8.147478103637695,False,0.0,0,1,1774202367585,1774202367585,0
2026-03-22T12:59:31.158905,3321,0,26,0.8218288421630859,False,0.0,0,1,1774202371158,1774202371158,0
2026-03-22T12:59:35.283411,3322,0,27,2.572298049926758,False,0.0,0,1,1774202375283,1774202375283,0
2026-03-22T12:59:41.945216,3322,100,427,8.601188659667969,False,0.0,0,1,1774202381945,1774202381945,0
2026-03-22T12:59:45.027987,3323,0,26,13.89312744140625,False,0.0,0,1,1774202385027,1774202385027,0
2026-03-22T12:59:51.672269,3323,100,426,1.8050670623779297,False,0.0,0,1,1774202391672,1774202391672,0
2026-03-22T12:59:58.327483,3323,200,826,2.031087875366211,False,0.0,0,1,1774202398327,1774202398327,0
2026-03-22T12:59:58.962160,3324,0,27,2.073049545288086,False,0.0,0,1,1774202398962,1774202398962,0
2026-03-22T13:00:05.659130,3324,100,427,10.120153427124023,False,0.0,0,1,1774202405659,1774202405659,0
2026-03-22T13:00:14.405975,3325,0,27,2.5310516357421875,False,0.0,0,1,1774202414405,1774202414405,0
2026-03-22T13:00:21.062731,3325,100,427,8.220434188842773,False,0.0,0,1,1774202421062,1774202421062,0
2026-03-22T13:00:27.713939,3325,200,827,2.4271011352539062,False,0.0,0,1,1774202427713,1774202427713,0
2026-03-22T13:00:31.070169,3326,0,27,8.517265319824219,False,0.0,0,1,1774202431070,1774202431070,0
2026-03-22T13:00:37.711483,3326,100,427,1.5635490417480469,False,0.0,0,1,1774202437711,1774202437711,0
2026-03-22T13:00:44.368229,3326,200,827,2.232789993286133,False,0.0,0,1,1774202444368,1774202444368,0
2026-03-22T13:00:51.033802,3326,300,1227,12.231111526489258,False,0.0,0,1,1774202451033,1774202451033,0
2026-03-22T13:00:52.737294,3327,0,28,1.6491413116455078,False,0.0,0,1,1774202452737,1774202452737,0
2026-03-22T13:00:59.400724,3327,100,428,9.500980377197266,False,0.0,0,1,1774202459400,1774202459400,0
2026-03-22T13:01:06.061495,3327,200,828,12.10641860961914,False,0.0,0,1,1774202466061,1774202466061,0
2026-03-22T13:01:06.931007,3328,0,27,2.104043960571289,False,0.0,0,1,1774202466931,1774202466931,0
2026-03-22T13:01:11.863964,3329,0,27,9.226799011230469,False,0.0,0,1,1774202471863,1774202471863,0
2026-03-22T13:01:18.536518,3329,100,427,10.750293731689453,False,0.0,0,1,1774202478536,1774202478536,0
2026-03-22T13:01:22.548192,3330,0,27,12.047052383422852,False,0.0,0,1,1774202482548,1774202482548,0
2026-03-22T13:01:29.201573,3330,100,427,9.485483169555664,False,0.0,0,1,1774202489201,1774202489201,0
2026-03-22T13:01:33.420536,3331,0,27,1.8627643585205078,False,0.0,0,1,1774202493420,1774202493420,0
2026-03-22T13:01:40.084592,3331,100,427,10.343551635742188,False,0.0,0,1,1774202500084,1774202500084,0
2026-03-22T13:01:41.848276,3332,0,28,10.24317741394043,False,0.0,0,1,1774202501848,1774202501848,0
2026-03-22T13:01:48.511614,3332,100,428,2.0449161529541016,False,0.0,0,1,1774202508511,1774202508511,0
2026-03-22T13:01:53.976113,3333,0,26,2.918243408203125,False,0.0,0,1,1774202513976,1774202513976,0
2026-03-22T13:02:00.625199,3333,100,426,2.4042129516601562,False,0.0,0,1,1774202520625,1774202520625,0
2026-03-22T13:02:07.286487,3333,200,826,7.75456428527832,False,0.0,0,1,1774202527286,1774202527286,0
2026-03-22T13:02:12.311370,3334,0,27,6.925821304321289,False,0.0,0,1,1774202532311,1774202532311,0
2026-03-22T13:02:18.967554,3334,100,427,8.247852325439453,False,0.0,0,1,1774202538967,1774202538967,0
2026-03-22T13:02:25.632868,3334,200,827,1.5063285827636719,False,0.0,0,1,1774202545632,1774202545632,0
2026-03-22T13:02:29.143375,3335,0,28,13.348817825317383,False,0.0,0,1,1774202549143,1774202549143,0
2026-03-22T13:02:35.800791,3335,100,428,2.643108367919922,False,0.0,0,1,1774202555800,1774202555800,0
2026-03-22T13:02:42.472451,3335,200,828,1.9421577453613281,False,0.0,0,1,1774202562472,1774202562472,0
2026-03-22T13:02:44.825262,3336,0,27,7.142305374145508,False,0.0,0,1,1774202564825,1774202564825,0
2026-03-22T13:02:51.478338,3336,100,427,6.4239501953125,False,0.0,0,1,1774202571478,1774202571478,0
2026-03-22T13:02:55.925259,3337,0,28,10.592937469482422,False,0.0,0,1,1774202575925,1774202575925,0
2026-03-22T13:03:02.572243,3337,100,428,1.8994808197021484,False,0.0,0,1,1774202582572,1774202582572,0
2026-03-22T13:03:09.231258,3337,200,828,1.9769668579101562,False,0.0,0,1,1774202589231,1774202589231,0
2026-03-22T13:03:15.891338,3337,300,1228,8.684635162353516,False,0.0,0,1,1774202595891,1774202595891,0
2026-03-22T13:03:22.194237,3338,0,28,0.9427070617675781,False,0.0,0,1,1774202602194,1774202602194,0
2026-03-22T13:03:25.500447,3339,0,27,1.7936229705810547,False,0.0,0,1,1774202605500,1774202605500,0
2026-03-22T13:03:29.626988,3340,0,28,1.2269020080566406,False,0.0,0,1,1774202609626,1774202609626,0
2026-03-22T13:03:35.639893,3341,0,26,0.6723403930664062,False,0.0,0,1,1774202615639,1774202615639,0
2026-03-22T13:03:42.497110,3341,100,426,1.7442703247070312,False,0.0,0,1,1774202622497,1774202622497,0
2026-03-22T13:03:49.169954,3341,200,826,2.332925796508789,False,0.0,0,1,1774202629169,1774202629169,0
2026-03-22T13:03:54.144693,3342,0,27,2.736806869506836,False,0.0,0,1,1774202634144,1774202634144,0
2026-03-22T13:03:58.157992,3343,0,26,6.270885467529297,False,0.0,0,1,1774202638157,1774202638157,0
2026-03-22T13:04:04.809201,3343,100,426,1.1975765228271484,False,0.0,0,1,1774202644809,1774202644809,0
2026-03-22T13:04:11.465971,3343,200,826,2.177000045776367,False,0.0,0,1,1774202651465,1774202651465,0
2026-03-22T13:04:18.121245,3343,300,1226,2.0723342895507812,False,0.0,0,1,1774202658121,1774202658121,0
2026-03-22T13:04:24.787221,3343,400,1626,12.007713317871094,False,0.0,0,1,1774202664787,1774202664787,0
2026-03-22T13:04:31.449842,3343,500,2026,2.880573272705078,False,0.0,0,1,1774202671449,1774202671449,0
2026-03-22T13:04:40.352515,3344,0,27,1.0242462158203125,False,0.0,0,1,1774202680352,1774202680352,0
2026-03-22T13:04:47.027010,3344,100,427,1.7690658569335938,False,0.0,0,1,1774202687027,1774202687027,0
2026-03-22T13:04:49.141641,3345,0,27,3.8475990295410156,False,0.0,0,1,1774202689141,1774202689141,0
2026-03-22T13:04:55.801423,3345,100,427,10.364294052124023,False,0.0,0,1,1774202695801,1774202695801,0
2026-03-22T13:05:02.453682,3345,200,827,7.413387298583984,False,0.0,0,1,1774202702453,1774202702453,0
2026-03-22T13:05:05.730944,3346,0,27,4.036426544189453,False,0.0,0,1,1774202705730,1774202705730,0
2026-03-22T13:05:09.021411,3347,0,28,3.3807754516601562,False,0.0,0,1,1774202709021,1774202709021,0
2026-03-22T13:05:15.676587,3347,100,428,2.8722286224365234,False,0.0,0,1,1774202715676,1774202715676,0
2026-03-22T13:05:22.341329,3347,200,828,12.140989303588867,False,0.0,0,1,1774202722341,1774202722341,0
2026-03-22T13:05:28.987776,3347,300,1228,2.249479293823242,False,0.0,0,1,1774202728987,1774202728987,0
2026-03-22T13:05:36.175925,3348,0,27,1.626729965209961,False,0.0,0,1,1774202736175,1774202736175,0
2026-03-22T13:05:42.848796,3348,100,427,2.8922557830810547,False,0.0,0,1,1774202742848,1774202742848,0
2026-03-22T13:05:49.520609,3348,200,827,2.7184486389160156,False,0.0,0,1,1774202749520,1774202749520,0
2026-03-22T13:05:58.404417,3349,0,27,1.184225082397461,False,0.0,0,1,1774202758404,1774202758404,0
2026-03-22T13:06:05.062505,3349,100,427,2.46429443359375,False,0.0,0,1,1774202765062,1774202765062,0
2026-03-22T13:06:11.716443,3349,200,827,2.6352405548095703,False,0.0,0,1,1774202771716,1774202771716,0
2026-03-22T13:06:14.761773,3350,0,26,2.1238327026367188,False,0.0,0,1,1774202774761,1774202774761,0
2026-03-22T13:06:21.417698,3350,100,426,2.3031234741210938,False,0.0,0,1,1774202781417,1774202781417,0
2026-03-22T13:06:28.075600,3350,200,826,1.720428466796875,False,0.0,0,1,1774202788075,1774202788075,0
2026-03-22T13:06:32.032168,3351,0,26,2.0666122436523438,False,0.0,0,1,1774202792032,1774202792032,0
2026-03-22T13:06:38.694662,3351,100,426,8.76927375793457,False,0.0,0,1,1774202798694,1774202798694,0
2026-03-22T13:06:45.367648,3351,200,826,9.314775466918945,False,0.0,0,1,1774202805367,1774202805367,0
2026-03-22T13:06:45.991815,3352,0,28,1.7199516296386719,False,0.0,0,1,1774202805991,1774202805991,0
2026-03-22T13:06:52.666911,3352,100,428,1.8181800842285156,False,0.0,0,1,1774202812666,1774202812666,0
2026-03-22T13:06:54.145446,3353,0,27,1.8723011016845703,False,0.0,0,1,1774202814145,1774202814145,0
2026-03-22T13:07:00.801215,3353,100,427,1.466512680053711,False,0.0,0,1,1774202820801,1774202820801,0
2026-03-22T13:07:07.464409,3353,200,827,8.677244186401367,False,0.0,0,1,1774202827464,1774202827464,0
2026-03-22T13:07:11.249471,3354,0,27,0.8361339569091797,False,0.0,0,1,1774202831249,1774202831249,0
2026-03-22T13:07:18.451554,3355,0,27,12.37034797668457,False,0.0,0,1,1774202838451,1774202838451,0
2026-03-22T13:07:25.118302,3355,100,427,8.460521697998047,False,0.0,0,1,1774202845118,1774202845118,0
2026-03-22T13:07:31.767760,3355,200,827,1.7168521881103516,False,0.0,0,1,1774202851767,1774202851767,0
2026-03-22T13:07:39.245053,3356,0,28,4.9304962158203125,False,0.0,0,1,1774202859245,1774202859245,0
2026-03-22T13:07:45.903785,3356,100,428,10.097265243530273,False,0.0,0,1,1774202865903,1774202865903,0
2026-03-22T13:07:49.345827,3357,0,26,10.40339469909668,False,0.0,0,1,1774202869345,1774202869345,0
2026-03-22T13:07:56.010024,3357,100,426,2.352476119995117,False,0.0,0,1,1774202876010,1774202876010,0
2026-03-22T13:08:02.690944,3357,200,826,11.317014694213867,False,0.0,0,1,1774202882690,1774202882690,0
2026-03-22T13:08:07.207280,3358,0,27,0.8950233459472656,False,0.0,0,1,1774202887207,1774202887207,0
2026-03-22T13:08:13.863577,3358,100,427,2.0132064819335938,False,0.0,0,1,1774202893863,1774202893863,0
2026-03-22T13:08:17.998131,3359,0,26,10.446548461914062,False,0.0,0,1,1774202897998,1774202897998,0
2026-03-22T13:08:22.644154,3360,0,28,12.446880340576172,False,0.0,0,1,1774202902644,1774202902644,0
2026-03-22T13:08:29.290247,3360,100,428,3.0243396759033203,False,0.0,0,1,1774202909290,1774202909290,0
2026-03-22T13:08:32.437594,3361,0,27,3.2324790954589844,False,0.0,0,1,1774202912437,1774202912437,0
2026-03-22T13:08:36.866228,3362,0,28,2.0301342010498047,False,0.0,0,1,1774202916866,1774202916866,0
2026-03-22T13:08:43.101132,3363,0,27,2.5289058685302734,False,0.0,0,1,1774202923101,1774202923101,0
2026-03-22T13:08:49.778726,3363,100,427,9.07754898071289,False,0.0,0,1,1774202929778,1774202929778,0
2026-03-22T13:08:53.684051,3364,0,28,1.873016357421875,False,0.0,0,1,1774202933684,1774202933684,0
2026-03-22T13:09:00.336791,3364,100,428,2.552032470703125,False,0.0,0,1,1774202940336,1774202940336,0
2026-03-22T13:09:03.075623,3365,0,28,11.164188385009766,False,0.0,0,1,1774202943075,1774202943075,0
2026-03-22T13:09:09.721570,3365,100,428,2.024412155151367,False,0.0,0,1,1774202949721,1774202949721,0
2026-03-22T13:09:13.670161,3366,0,27,5.511045455932617,False,0.0,0,1,1774202953670,1774202953670,0
2026-03-22T13:09:16.813444,3367,0,28,1.752614974975586,False,0.0,0,1,1774202956813,1774202956813,0
2026-03-22T13:09:23.465759,3367,100,428,3.041982650756836,False,0.0,0,1,1774202963465,1774202963465,0
2026-03-22T13:09:30.137550,3367,200,828,2.0940303802490234,False,0.0,0,1,1774202970137,1774202970137,0
2026-03-22T13:09:32.884572,3368,0,27,4.382610321044922,False,0.0,0,1,1774202972884,1774202972884,0
2026-03-22T13:09:39.556274,3368,100,427,2.8755664825439453,False,0.0,0,1,1774202979556,1774202979556,0
2026-03-22T13:09:45.684599,3369,0,27,8.192777633666992,False,0.0,0,1,1774202985684,1774202985684,0
2026-03-22T13:09:52.360291,3369,100,427,11.406421661376953,False,0.0,0,1,1774202992360,1774202992360,0
2026-03-22T13:09:59.014351,3369,200,827,10.73908805847168,False,0.0,0,1,1774202999014,1774202999014,0
2026-03-22T13:10:01.645824,3370,0,27,11.222362518310547,False,0.0,0,1,1774203001645,1774203001645,0
2026-03-22T13:10:08.318954,3370,100,427,12.28642463684082,False,0.0,0,1,1774203008318,1774203008318,0
2026-03-22T13:10:15.412578,3371,0,27,2.3255348205566406,False,0.0,0,1,1774203015412,1774203015412,0
2026-03-22T13:10:18.883910,3372,0,27,11.361122131347656,False,0.0,0,1,1774203018883,1774203018883,0
2026-03-22T13:10:25.555391,3372,100,427,11.854171752929688,False,0.0,0,1,1774203025555,1774203025555,0
2026-03-22T13:10:32.218948,3372,200,827,1.2755393981933594,False,0.0,0,1,1774203032218,1774203032218,0
2026-03-22T13:10:38.880636,3372,300,1227,8.129119873046875,False,0.0,0,1,1774203038880,1774203038880,0
2026-03-22T13:10:41.501773,3373,0,27,1.5249252319335938,False,0.0,0,1,1774203041501,1774203041501,0
2026-03-22T13:10:48.174730,3373,100,427,0.9820461273193359,False,0.0,0,1,1774203048174,1774203048174,0
2026-03-22T13:10:54.844097,3373,200,827,13.394594192504883,False,0.0,0,1,1774203054844,1774203054844,0
2026-03-22T13:11:01.507424,3373,300,1227,5.737066268920898,False,0.0,0,1,1774203061507,1774203061507,0
2026-03-22T13:11:05.032381,3374,0,27,0.7035732269287109,False,0.0,0,1,1774203065032,1774203065032,0
2026-03-22T13:11:09.292426,3375,0,28,1.6224384307861328,False,0.0,0,1,1774203069292,1774203069292,0
2026-03-22T13:11:15.974168,3375,100,428,10.80465316772461,False,0.0,0,1,1774203075974,1774203075974,0
2026-03-22T13:11:19.663009,3376,0,27,6.576299667358398,False,0.0,0,1,1774203079663,1774203079663,0
2026-03-22T13:11:26.337128,3376,100,427,11.330127716064453,False,0.0,0,1,1774203086337,1774203086337,0
2026-03-22T13:11:28.495154,3377,0,27,2.427339553833008,False,0.0,0,1,1774203088495,1774203088495,0
2026-03-22T13:11:35.163972,3377,100,427,2.5033950805664062,False,0.0,0,1,1774203095163,1774203095163,0
2026-03-22T13:11:41.843350,3377,200,827,10.027170181274414,False,0.0,0,1,1774203101843,1774203101843,0
2026-03-22T13:11:46.377716,3378,0,27,1.2691020965576172,False,0.0,0,1,1774203106377,1774203106377,0
2026-03-22T13:11:53.050582,3378,100,427,2.4979114532470703,False,0.0,0,1,1774203113050,1774203113050,0
2026-03-22T13:11:59.725068,3378,200,827,1.707315444946289,False,0.0,0,1,1774203119725,1774203119725,0
2026-03-22T13:12:04.168668,3379,0,26,4.0378570556640625,False,0.0,0,1,1774203124168,1774203124168,0
2026-03-22T13:12:10.837736,3379,100,426,1.6210079193115234,False,0.0,0,1,1774203130837,1774203130837,0
2026-03-22T13:12:17.495916,3379,200,826,3.777742385864258,False,0.0,0,1,1774203137495,1774203137495,0
2026-03-22T13:12:19.130277,3380,0,28,8.791208267211914,False,0.0,0,1,1774203139130,1774203139130,0
2026-03-22T13:12:23.158247,3381,0,27,4.736900329589844,False,0.0,0,1,1774203143158,1774203143158,0
2026-03-22T13:12:28.150772,3382,0,28,10.690927505493164,False,0.0,0,1,1774203148150,1774203148150,0
2026-03-22T13:12:34.799355,3382,100,428,2.1326541900634766,False,0.0,0,1,1774203154799,1774203154799,0
2026-03-22T13:12:40.777992,3383,0,27,7.790327072143555,False,0.0,0,1,1774203160777,1774203160777,0
2026-03-22T13:12:47.429556,3383,100,427,3.9052963256835938,False,0.0,0,1,1774203167429,1774203167429,0
2026-03-22T13:12:54.102144,3383,200,827,3.992795944213867,False,0.0,0,1,1774203174102,1774203174102,0
2026-03-22T13:12:58.387798,3384,0,27,12.35342025756836,False,0.0,0,1,1774203178387,1774203178387,0
2026-03-22T13:13:05.032361,3384,100,427,2.0651817321777344,False,0.0,0,1,1774203185032,1774203185032,0
2026-03-22T13:13:07.190315,3385,0,27,12.985706329345703,False,0.0,0,1,1774203187190,1774203187190,0
2026-03-22T13:13:11.310946,3386,0,27,9.425878524780273,False,0.0,0,1,1774203191310,1774203191310,0
2026-03-22T13:13:17.968307,3386,100,427,10.772228240966797,False,0.0,0,1,1774203197968,1774203197968,0
2026-03-22T13:13:20.922665,3387,0,27,3.077268600463867,False,0.0,0,1,1774203200922,1774203200922,0
2026-03-22T13:13:24.408754,3388,0,27,11.723756790161133,False,0.0,0,1,1774203204408,1774203204408,0
2026-03-22T13:13:30.771588,3389,0,27,1.8305778503417969,False,0.0,0,1,1774203210771,1774203210771,0
2026-03-22T13:13:35.871702,3390,0,27,10.407209396362305,False,0.0,0,1,1774203215871,1774203215871,0
2026-03-22T13:13:39.254387,3391,0,27,10.236501693725586,False,0.0,0,1,1774203219254,1774203219254,0
2026-03-22T13:13:45.904665,3391,100,427,10.353803634643555,False,0.0,0,1,1774203225904,1774203225904,0
2026-03-22T13:13:46.679641,3392,0,27,2.382516860961914,False,0.0,0,1,1774203226679,1774203226679,0
2026-03-22T13:13:53.340430,3392,100,427,7.560491561889648,False,0.0,0,1,1774203233340,1774203233340,0
2026-03-22T13:13:59.991394,3392,200,827,2.074718475341797,False,0.0,0,1,1774203239991,1774203239991,0
2026-03-22T13:14:06.913363,3393,0,27,2.497434616088867,False,0.0,0,1,1774203246913,1774203246913,0
2026-03-22T13:14:13.568508,3393,100,427,2.3462772369384766,False,0.0,0,1,1774203253568,1774203253568,0
2026-03-22T13:14:14.640871,3394,0,27,10.376453399658203,False,0.0,0,1,1774203254640,1774203254640,0
2026-03-22T13:14:21.311417,3394,100,427,8.537530899047852,False,0.0,0,1,1774203261311,1774203261311,0
2026-03-22T13:14:27.260964,3395,0,28,1.8682479858398438,False,0.0,0,1,1774203267260,1774203267260,0
2026-03-22T13:14:33.933776,3395,100,428,1.8947124481201172,False,0.0,0,1,1774203273933,1774203273933,0
2026-03-22T13:14:35.331641,3396,0,28,1.8799304962158203,False,0.0,0,1,1774203275331,1774203275331,0
2026-03-22T13:14:42.006138,3396,100,428,2.415180206298828,False,0.0,0,1,1774203282006,1774203282006,0
2026-03-22T13:14:44.572415,3397,0,28,3.9696693420410156,False,0.0,0,1,1774203284572,1774203284572,0
2026-03-22T13:14:51.222456,3397,100,428,1.8932819366455078,False,0.0,0,1,1774203291222,1774203291222,0
2026-03-22T13:14:57.878563,3397,200,828,3.007173538208008,False,0.0,0,1,1774203297878,1774203297878,0
2026-03-22T13:15:04.532885,3397,300,1228,2.0194053649902344,False,0.0,0,1,1774203304532,1774203304532,0
2026-03-22T13:15:08.808297,3398,0,26,0.7653236389160156,False,0.0,0,1,1774203308808,1774203308808,0
2026-03-22T13:15:15.466132,3398,100,426,2.3453235626220703,False,0.0,0,1,1774203315466,1774203315466,0
2026-03-22T13:15:22.124913,3398,200,826,2.928495407104492,False,0.0,0,1,1774203322124,1774203322124,0
2026-03-22T13:15:28.785129,3398,300,1226,10.416746139526367,False,0.0,0,1,1774203328785,1774203328785,0
2026-03-22T13:15:35.841844,3399,0,27,6.906986236572266,False,0.0,0,1,1774203335841,1774203335841,0
2026-03-22T13:15:42.512796,3399,100,427,9.799480438232422,False,0.0,0,1,1774203342512,1774203342512,0
2026-03-22T13:15:44.176335,3400,0,27,10.268211364746094,False,0.0,0,1,1774203344176,1774203344176,0
2026-03-22T13:15:50.824349,3400,100,427,3.147125244140625,False,0.0,0,1,1774203350824,1774203350824,0
2026-03-22T13:15:57.496590,3400,200,827,2.0864009857177734,False,0.0,0,1,1774203357496,1774203357496,0
2026-03-22T13:16:05.915849,3401,0,26,2.566814422607422,False,0.0,0,1,1774203365915,1774203365915,0
2026-03-22T13:16:12.594034,3401,100,426,8.940458297729492,False,0.0,0,1,1774203372594,1774203372594,0
2026-03-22T13:16:18.695747,3402,0,27,3.5622119903564453,False,0.0,0,1,1774203378695,1774203378695,0
2026-03-22T13:16:25.348434,3402,100,427,1.9829273223876953,False,0.0,0,1,1774203385348,1774203385348,0
2026-03-22T13:16:32.006662,3402,200,827,2.374410629272461,False,0.0,0,1,1774203392006,1774203392006,0
2026-03-22T13:16:39.925290,3403,0,27,1.0612010955810547,False,0.0,0,1,1774203399925,1774203399925,0
2026-03-22T13:16:46.598519,3403,100,427,1.771688461303711,False,0.0,0,1,1774203406598,1774203406598,0
2026-03-22T13:16:53.295136,3403,200,827,9.074687957763672,False,0.0,0,1,1774203413295,1774203413295,0
2026-03-22T13:16:59.969118,3403,300,1227,11.609554290771484,False,0.0,0,1,1774203419969,1774203419969,0
2026-03-22T13:17:06.614814,3403,400,1627,1.8563270568847656,False,0.0,0,1,1774203426614,1774203426614,0
2026-03-22T13:17:13.417589,3404,0,27,0.7317066192626953,False,0.0,0,1,1774203433417,1774203433417,0
2026-03-22T13:17:20.081836,3404,100,427,9.140729904174805,False,0.0,0,1,1774203440081,1774203440081,0
2026-03-22T13:17:26.756970,3404,200,827,10.983943939208984,False,0.0,0,1,1774203446756,1774203446756,0
2026-03-22T13:17:27.697733,3405,0,28,1.7805099487304688,False,0.0,0,1,1774203447697,1774203447697,0
2026-03-22T13:17:34.352203,3405,100,428,2.501964569091797,False,0.0,0,1,1774203454352,1774203454352,0
2026-03-22T13:17:39.115718,3406,0,28,8.012771606445312,False,0.0,0,1,1774203459115,1774203459115,0
2026-03-22T13:17:45.772304,3406,100,428,8.802413940429688,False,0.0,0,1,1774203465772,1774203465772,0
2026-03-22T13:17:52.444916,3406,200,828,8.314132690429688,False,0.0,0,1,1774203472444,1774203472444,0
2026-03-22T13:17:55.957946,3407,0,27,6.509542465209961,False,0.0,0,1,1774203475957,1774203475957,0
2026-03-22T13:18:02.645213,3407,100,427,8.954763412475586,False,0.0,0,1,1774203482645,1774203482645,0
2026-03-22T13:18:09.294159,3407,200,827,2.5076866149902344,False,0.0,0,1,1774203489294,1774203489294,0
2026-03-22T13:18:13.928656,3408,0,27,11.750936508178711,False,0.0,0,1,1774203493928,1774203493928,0
2026-03-22T13:18:20.600690,3408,100,427,10.714530944824219,False,0.0,0,1,1774203500600,1774203500600,0
2026-03-22T13:18:25.294729,3409,0,27,8.496761322021484,False,0.0,0,1,1774203505294,1774203505294,0
2026-03-22T13:18:31.949661,3409,100,427,10.3759765625,False,0.0,0,1,1774203511949,1774203511949,0
2026-03-22T13:18:35.872977,3410,0,26,8.774518966674805,False,0.0,0,1,1774203515872,1774203515872,0
2026-03-22T13:18:39.925841,3411,0,27,1.8181800842285156,False,0.0,0,1,1774203519925,1774203519925,0
2026-03-22T13:18:46.591394,3411,100,427,9.197711944580078,False,0.0,0,1,1774203526591,1774203526591,0
2026-03-22T13:18:53.237894,3411,200,827,2.3164749145507812,False,0.0,0,1,1774203533237,1774203533237,0
2026-03-22T13:18:59.893489,3411,300,1227,2.0780563354492188,False,0.0,0,1,1774203539893,1774203539893,0
2026-03-22T13:19:04.537112,3412,0,28,1.9769668579101562,False,0.0,0,1,1774203544537,1774203544537,0
2026-03-22T13:19:09.424291,3413,0,27,15.441417694091797,False,0.0,0,1,1774203549424,1774203549424,0
2026-03-22T13:19:13.892461,3414,0,27,8.564949035644531,False,0.0,0,1,1774203553892,1774203553892,0
2026-03-22T13:19:20.541117,3414,100,427,1.7011165618896484,False,0.0,0,1,1774203560541,1774203560541,0
2026-03-22T13:19:27.220010,3414,200,827,7.605314254760742,False,0.0,0,1,1774203567220,1774203567220,0
2026-03-22T13:19:30.277471,3415,0,27,3.826141357421875,False,0.0,0,1,1774203570277,1774203570277,0
2026-03-22T13:19:36.945050,3415,100,427,16.085386276245117,False,0.0,0,1,1774203576945,1774203576945,0
2026-03-22T13:19:37.650959,3416,0,28,3.0138492584228516,False,0.0,0,1,1774203577650,1774203577650,0
2026-03-22T13:19:44.319746,3416,100,428,2.0248889923095703,False,0.0,0,1,1774203584319,1774203584319,0
2026-03-22T13:19:50.981638,3416,200,828,9.006738662719727,False,0.0,0,1,1774203590981,1774203590981,0
2026-03-22T13:19:59.211586,3417,0,27,2.797365188598633,False,0.0,0,1,1774203599211,1774203599211,0
2026-03-22T13:20:05.889900,3417,100,427,8.994102478027344,False,0.0,0,1,1774203605889,1774203605889,0
2026-03-22T13:20:08.728826,3418,0,27,1.766204833984375,False,0.0,0,1,1774203608728,1774203608728,0
2026-03-22T13:20:15.385412,3418,100,427,3.290891647338867,False,0.0,0,1,1774203615385,1774203615385,0
2026-03-22T13:20:18.888989,3419,0,28,9.83881950378418,False,0.0,0,1,1774203618888,1774203618888,0
2026-03-22T13:20:23.553512,3420,0,28,1.9173622131347656,False,0.0,0,1,1774203623553,1774203623553,0
2026-03-22T13:20:30.210516,3420,100,428,2.028226852416992,False,0.0,0,1,1774203630210,1774203630210,0
2026-03-22T13:20:31.874092,3421,0,27,2.5589466094970703,False,0.0,0,1,1774203631874,1774203631874,0
2026-03-22T13:20:38.537876,3421,100,427,9.864568710327148,False,0.0,0,1,1774203638537,1774203638537,0
2026-03-22T13:20:45.194144,3421,200,827,11.717796325683594,False,0.0,0,1,1774203645194,1774203645194,0
2026-03-22T13:20:48.861744,3422,0,27,2.048969268798828,False,0.0,0,1,1774203648861,1774203648861,0
2026-03-22T13:20:52.489274,3423,0,27,1.7740726470947266,False,0.0,0,1,1774203652489,1774203652489,0
2026-03-22T13:20:59.161014,3423,100,427,1.7135143280029297,False,0.0,0,1,1774203659161,1774203659161,0
2026-03-22T13:21:05.461401,3424,0,27,8.491754531860352,False,0.0,0,1,1774203665461,1774203665461,0
2026-03-22T13:21:09.460566,3425,0,27,12.717247009277344,False,0.0,0,1,1774203669460,1774203669460,0
2026-03-22T13:21:12.536515,3426,0,27,6.226539611816406,False,0.0,0,1,1774203672536,1774203672536,0
2026-03-22T13:21:19.189190,3426,100,427,11.259794235229492,False,0.0,0,1,1774203679189,1774203679189,0
2026-03-22T13:21:25.834383,3426,200,827,2.706766128540039,False,0.0,0,1,1774203685834,1774203685834,0
2026-03-22T13:21:28.423224,3427,0,27,10.642766952514648,False,0.0,0,1,1774203688423,1774203688423,0
2026-03-22T13:21:35.091580,3427,100,427,6.788015365600586,False,0.0,0,1,1774203695091,1774203695091,0
2026-03-22T13:21:43.779416,3428,0,26,2.7112960815429688,False,0.0,0,1,1774203703779,1774203703779,0
2026-03-22T13:21:47.489311,3429,0,28,8.598089218139648,False,0.0,0,1,1774203707489,1774203707489,0
2026-03-22T13:21:54.146328,3429,100,428,9.947061538696289,False,0.0,0,1,1774203714146,1774203714146,0
2026-03-22T13:22:00.801316,3429,200,828,9.993791580200195,False,0.0,0,1,1774203720801,1774203720801,0
2026-03-22T13:22:07.453940,3429,300,1228,7.679462432861328,False,0.0,0,1,1774203727453,1774203727453,0
2026-03-22T13:22:13.826079,3430,0,27,5.829811096191406,False,0.0,0,1,1774203733826,1774203733826,0
2026-03-22T13:22:21.126147,3431,0,28,2.0384788513183594,False,0.0,0,1,1774203741126,1774203741126,0
