timestamp,episode,step,reward,total_reward,epsilon,loss,q_value_mean,q_value_std,mario_x,mario_y,mario_x_max,action_taken,processing_time_ms,learning_rate,replay_buffer_size
2026-03-17T09:20:28.258618,1,9,0.0,-0.1,1.0,0.0,0.0,0.0,39,176,40,10,1.054525375366211,0.00025,7
2026-03-17T09:20:28.923951,1,19,0.1,-1.3,1.0,0.0,0.0,0.0,27,176,40,4,1.1067390441894531,0.00025,17
2026-03-17T09:20:29.590668,1,29,0.0,4.800000000000001,1.0,0.0,0.0,0.0,43,149,45,1,2.4251937866210938,0.00025,27
2026-03-17T09:20:30.256776,1,39,-0.1,3.200000000000003,1.0,0.0,0.0,0.0,27,121,45,0,2.6073455810546875,0.00025,37
2026-03-17T09:20:30.922557,1,49,0.0,2.6000000000000023,1.0,0.0,0.0,0.0,21,147,45,5,3.0786991119384766,0.00025,47
2026-03-17T09:20:31.589684,1,59,-0.1,1.8000000000000016,1.0,0.0,0.0,0.0,13,149,45,4,3.80706787109375,0.00025,57
2026-03-17T09:20:32.255521,1,69,-0.1,0.9000000000000009,1.0,0.0,0.0,0.0,4,140,45,11,3.9131641387939453,0.00025,67
2026-03-17T09:20:32.920012,1,79,0.2,1.400000000000001,1.0,0.0,0.0,0.0,9,173,45,2,3.9091110229492188,0.00025,77
2026-03-17T09:20:33.586866,1,89,0.0,3.3000000000000025,1.0,0.0,0.0,0.0,28,160,45,2,5.226850509643555,0.00025,87
2026-03-17T09:20:34.254106,1,99,-0.1,1.2000000000000008,1.0,0.0,0.0,0.0,7,176,45,3,5.705833435058594,0.00025,97
2026-03-17T09:20:34.920219,1,109,0.0,0.5000000000000008,1.0,0.0,0.0,0.0,0,149,45,11,6.661415100097656,0.00025,107
2026-03-17T09:20:35.582425,1,119,0.0,0.5000000000000008,1.0,0.0,0.0,0.0,0,147,45,2,3.8497447967529297,0.00025,117
2026-03-17T09:20:36.247137,1,129,0.0,0.9000000000000007,1.0,0.0,0.0,0.0,4,176,45,0,2.9859542846679688,0.00025,127
2026-03-17T09:20:36.914008,1,139,0.0,0.6000000000000008,1.0,0.0,0.0,0.0,1,176,45,9,3.4279823303222656,0.00025,137
2026-03-17T09:20:37.581166,1,149,0.1,2.4000000000000017,1.0,0.0,0.0,0.0,19,176,45,1,5.568027496337891,0.00025,147
2026-03-17T09:20:38.247837,1,159,0.0,15.0,1.0,0.0,0.0,0.0,55,140,55,9,6.217718124389648,0.00025,157
2026-03-17T09:20:38.913099,1,169,-0.1,22.999999999999986,1.0,0.0,0.0,0.0,54,152,64,4,6.728410720825195,0.00025,167
2026-03-17T09:20:39.575170,1,179,0.0,27.0,1.0,0.0,0.0,0.0,67,176,67,3,3.4952163696289062,0.00025,177
2026-03-17T09:20:40.241806,1,189,-0.1,27.89999999999997,1.0,0.0,0.0,0.0,49,176,70,5,3.306865692138672,0.00025,187
2026-03-17T09:20:40.907417,1,199,0.0,22.999999999999954,1.0,0.0,0.0,0.0,0,157,70,7,3.3648014068603516,0.00025,197
2026-03-17T09:20:41.572489,1,209,0.0,22.999999999999954,1.0,0.0,0.0,0.0,0,176,70,4,3.4492015838623047,0.00025,207
2026-03-17T09:20:42.237307,1,219,0.1,23.39999999999996,1.0,0.0,0.0,0.0,4,173,70,11,3.200054168701172,0.00025,217
2026-03-17T09:20:42.905522,1,229,0.0,22.999999999999954,1.0,0.0,0.0,0.0,0,128,70,1,5.574464797973633,0.00025,227
2026-03-17T09:20:43.570365,1,239,0.0,23.799999999999965,1.0,0.0,0.0,0.0,8,173,70,7,4.500150680541992,0.00025,237
2026-03-17T09:20:44.236572,1,249,0.0,23.899999999999967,1.0,0.0,0.0,0.0,9,173,70,0,6.062984466552734,0.00025,247
2026-03-17T09:20:44.901657,1,259,0.1,25.59999999999999,1.0,0.0,0.0,0.0,26,176,70,1,5.390405654907227,0.00025,257
2026-03-17T09:20:45.566043,1,269,0.1,29.500000000000043,1.0,0.0,0.0,0.0,65,176,70,8,3.868579864501953,0.00025,267
2026-03-17T09:20:46.234116,1,279,0.0,40.00000000000004,1.0,0.0,0.0,0.0,80,176,80,9,6.304025650024414,0.00025,277
2026-03-17T09:20:46.896010,1,289,0.0,39.70000000000004,1.0,0.0,0.0,0.0,77,176,80,2,3.1328201293945312,0.00025,287
2026-03-17T09:20:47.562801,1,299,0.0,39.10000000000003,1.0,0.0,0.0,0.0,71,168,80,4,3.302335739135742,0.00025,297
2026-03-17T09:20:48.227214,1,309,1.0,55.00000000000004,1.0,0.0,0.0,0.0,95,176,95,9,3.1774044036865234,0.00025,307
2026-03-17T09:20:48.893515,1,319,1.0,111.00000000000004,1.0,0.0,0.0,0.0,151,142,151,4,3.4036636352539062,0.00025,317
2026-03-17T09:20:49.559542,1,329,1.0,194.00000000000006,1.0,0.0,0.0,0.0,234,154,234,10,4.216909408569336,0.00025,327
2026-03-17T09:20:50.226413,1,339,1.0,234.00000000000006,1.0,0.0,0.0,0.0,274,176,274,10,4.344701766967773,0.00025,337
2026-03-17T09:20:50.892185,1,349,0.0,236.70000000000007,1.0,0.0,0.0,0.0,274,176,277,3,5.641698837280273,0.00025,347
2026-03-17T09:20:51.560584,1,359,0.0,239.90000000000006,1.0,0.0,0.0,0.0,279,160,280,5,8.392095565795898,0.00025,357
2026-03-17T09:20:52.220353,1,369,1.0,248.00000000000006,1.0,0.0,0.0,0.0,288,157,288,10,3.0524730682373047,0.00025,367
2026-03-17T09:20:52.886089,1,379,0.0,250.4000000000001,1.0,0.0,0.0,0.0,285,140,291,7,3.058910369873047,0.00025,377
2026-03-17T09:20:53.552048,1,389,0.0,250.1000000000001,1.0,0.0,0.0,0.0,282,147,291,3,3.3659934997558594,0.00025,387
2026-03-17T09:20:54.219780,1,399,0.0,248.3000000000002,1.0,0.0,0.0,0.0,264,176,291,10,3.002166748046875,0.00025,397
2026-03-17T09:20:54.884546,1,409,0.1,245.2000000000004,1.0,0.0,0.0,0.0,233,176,291,2,4.031658172607422,0.00025,407
2026-03-17T09:20:55.550275,1,419,0.0,244.00000000000045,1.0,0.0,0.0,0.0,221,176,291,8,5.105733871459961,0.00025,417
2026-03-17T09:20:56.216149,1,429,-0.1,243.0000000000005,1.0,0.0,0.0,0.0,211,176,291,0,4.945039749145508,0.00025,427
2026-03-17T09:20:56.880562,1,439,0.1,243.80000000000047,1.0,0.0,0.0,0.0,219,121,291,10,3.4966468811035156,0.00025,437
2026-03-17T09:20:57.545258,1,449,0.1,244.30000000000044,1.0,0.0,0.0,0.0,224,157,291,9,3.2167434692382812,0.00025,447
2026-03-17T09:20:58.210767,1,459,0.0,244.9000000000004,1.0,0.0,0.0,0.0,230,176,291,3,2.880096435546875,0.00025,457
2026-03-17T09:20:58.874998,1,469,0.0,245.2000000000004,1.0,0.0,0.0,0.0,233,160,291,2,2.079486846923828,0.00025,467
2026-03-17T09:20:59.576234,1,479,-0.1,242.70000000000053,1.0,0.0,0.0,0.0,208,138,291,6,4.987955093383789,0.00025,477
2026-03-17T09:21:00.228106,1,489,0.0,240.60000000000065,1.0,0.0,0.0,0.0,187,160,291,3,6.440162658691406,0.00025,487
2026-03-17T09:21:00.891628,1,499,0.0,240.50000000000065,1.0,0.0,0.0,0.0,186,176,291,2,4.111289978027344,0.00025,497
2026-03-17T09:21:01.557849,1,509,0.0,240.50000000000065,1.0,0.0,0.0,0.0,186,176,291,9,6.285429000854492,0.00025,507
2026-03-17T09:21:02.224568,1,519,0.1,241.6000000000006,1.0,0.0,0.0,0.0,197,176,291,8,7.200002670288086,0.00025,517
2026-03-17T09:21:02.886944,1,529,0.0,240.50000000000065,1.0,0.0,0.0,0.0,186,176,291,0,3.753662109375,0.00025,527
2026-03-17T09:21:03.550161,1,539,0.0,241.2000000000006,1.0,0.0,0.0,0.0,193,160,291,11,1.2385845184326172,0.00025,537
2026-03-17T09:21:04.215738,1,549,-0.1,241.2000000000006,1.0,0.0,0.0,0.0,193,145,291,1,1.2781620025634766,0.00025,547
2026-03-17T09:21:04.881267,1,559,0.0,240.80000000000064,1.0,0.0,0.0,0.0,189,157,291,3,1.1026859283447266,0.00025,557
2026-03-17T09:21:05.547001,1,569,0.0,241.00000000000063,1.0,0.0,0.0,0.0,191,176,291,0,2.0461082458496094,0.00025,567
2026-03-17T09:21:06.213932,1,579,0.0,242.40000000000055,1.0,0.0,0.0,0.0,205,147,291,5,2.3725032806396484,0.00025,577
2026-03-17T09:21:06.880569,1,589,0.0,243.0000000000005,1.0,0.0,0.0,0.0,211,160,291,2,3.573894500732422,0.00025,587
2026-03-17T09:21:07.546592,1,599,0.0,240.60000000000065,1.0,0.0,0.0,0.0,187,176,291,5,4.298686981201172,0.00025,597
2026-03-17T09:21:08.213303,1,609,0.0,241.00000000000063,1.0,0.0,0.0,0.0,191,138,291,3,5.554914474487305,0.00025,607
2026-03-17T09:21:08.879444,1,619,0.1,240.80000000000064,1.0,0.0,0.0,0.0,189,149,291,8,6.676673889160156,0.00025,617
2026-03-17T09:21:09.540668,1,629,0.0,241.70000000000059,1.0,0.0,0.0,0.0,198,157,291,4,1.7609596252441406,0.00025,627
2026-03-17T09:21:10.207949,1,639,-0.1,240.70000000000064,1.0,0.0,0.0,0.0,188,176,291,5,3.3516883850097656,0.00025,637
2026-03-17T09:21:10.873847,1,649,0.0,240.50000000000065,1.0,0.0,0.0,0.0,186,165,291,10,3.843069076538086,0.00025,647
2026-03-17T09:21:11.539507,1,659,0.1,241.5000000000006,1.0,0.0,0.0,0.0,196,140,291,8,4.0302276611328125,0.00025,657
2026-03-17T09:21:12.208413,1,669,0.0,241.00000000000063,1.0,0.0,0.0,0.0,191,176,291,10,5.898475646972656,0.00025,667
2026-03-17T09:21:12.872218,1,679,0.0,240.60000000000065,1.0,0.0,0.0,0.0,187,157,291,8,4.724979400634766,0.00025,677
2026-03-17T09:21:13.538692,1,689,0.1,242.40000000000055,1.0,0.0,0.0,0.0,205,176,291,8,6.749153137207031,0.00025,687
2026-03-17T09:21:14.204431,1,699,-0.1,246.00000000000034,1.0,0.0,0.0,0.0,241,154,291,0,6.058454513549805,0.00025,697
2026-03-17T09:21:14.866266,1,709,0.0,244.8000000000004,1.0,0.0,0.0,0.0,229,176,291,3,3.4673213958740234,0.00025,707
2026-03-17T09:21:15.531739,1,719,0.0,244.50000000000043,1.0,0.0,0.0,0.0,226,176,291,1,3.332853317260742,0.00025,717
2026-03-17T09:21:16.199284,1,729,-0.1,244.00000000000045,1.0,0.0,0.0,0.0,221,176,291,1,5.240678787231445,0.00025,727
2026-03-17T09:21:16.864457,1,739,0.0,244.60000000000042,1.0,0.0,0.0,0.0,227,165,291,10,4.315376281738281,0.00025,737
2026-03-17T09:21:17.530642,1,749,0.0,245.1000000000004,1.0,0.0,0.0,0.0,232,176,291,5,4.4193267822265625,0.00025,747
2026-03-17T09:21:18.196262,1,759,0.0,245.60000000000036,1.0,0.0,0.0,0.0,237,176,291,0,3.6377906799316406,0.00025,757
2026-03-17T09:21:18.864887,1,769,0.0,245.80000000000035,1.0,0.0,0.0,0.0,239,176,291,8,8.593320846557617,0.00025,767
2026-03-17T09:21:19.527653,1,779,0.0,247.00000000000028,1.0,0.0,0.0,0.0,251,176,291,0,6.060123443603516,0.00025,777
2026-03-17T09:21:20.192381,1,789,0.0,246.5000000000003,1.0,0.0,0.0,0.0,246,176,291,4,4.84013557434082,0.00025,787
2026-03-17T09:21:20.862268,1,799,0.0,247.70000000000024,1.0,0.0,0.0,0.0,258,160,291,3,7.734775543212891,0.00025,797
2026-03-17T09:21:21.523610,1,809,0.0,247.40000000000026,1.0,0.0,0.0,0.0,255,176,291,2,5.214214324951172,0.00025,807
2026-03-17T09:21:22.190229,1,819,0.0,246.6000000000003,1.0,0.0,0.0,0.0,247,160,291,4,5.907773971557617,0.00025,817
2026-03-17T09:21:22.855003,1,829,-0.1,246.30000000000032,1.0,0.0,0.0,0.0,244,176,291,3,4.971742630004883,0.00025,827
2026-03-17T09:21:23.521330,1,839,-0.1,243.3000000000005,1.0,0.0,0.0,0.0,214,176,291,3,5.062341690063477,0.00025,837
2026-03-17T09:21:24.186747,1,849,0.0,240.50000000000065,1.0,0.0,0.0,0.0,186,176,291,0,5.584478378295898,0.00025,847
2026-03-17T09:21:24.852237,1,859,0.1,240.80000000000064,1.0,0.0,0.0,0.0,189,176,291,6,5.3234100341796875,0.00025,857
2026-03-17T09:21:25.515954,1,869,0.0,240.50000000000065,1.0,0.0,0.0,0.0,186,176,291,4,4.3487548828125,0.00025,867
2026-03-17T09:21:26.180933,1,879,0.1,243.50000000000048,1.0,0.0,0.0,0.0,216,138,291,4,3.2579898834228516,0.00025,877
2026-03-17T09:21:26.847375,1,889,0.0,247.80000000000024,1.0,0.0,0.0,0.0,259,176,291,8,3.374814987182617,0.00025,887
2026-03-17T09:21:27.512312,1,899,0.1,248.5000000000002,1.0,0.0,0.0,0.0,266,172,291,10,2.688884735107422,0.00025,897
2026-03-17T09:21:28.177248,1,909,0.0,248.5000000000002,1.0,0.0,0.0,0.0,266,147,291,11,3.2813549041748047,0.00025,907
2026-03-17T09:21:28.844274,1,919,0.0,248.7000000000002,1.0,0.0,0.0,0.0,268,112,291,1,3.5521984100341797,0.00025,917
2026-03-17T09:21:29.511136,1,929,0.0,252.00000000000006,1.0,0.0,0.0,0.0,292,176,292,3,4.859209060668945,0.00025,927
2026-03-17T09:21:30.178145,1,939,0.0,260.00000000000006,1.0,0.0,0.0,0.0,300,176,300,3,6.672382354736328,0.00025,937
2026-03-17T09:21:30.840173,1,949,-0.1,259.2999999999999,1.0,0.0,0.0,0.0,293,145,300,1,3.2966136932373047,0.00025,947
2026-03-17T09:21:31.509120,1,959,0.0,258.59999999999974,1.0,0.0,0.0,0.0,286,152,300,9,6.382226943969727,0.00025,957
2026-03-17T09:21:32.173637,1,969,0.0,257.8999999999996,1.0,0.0,0.0,0.0,279,176,300,6,6.0577392578125,0.00025,967
2026-03-17T09:21:32.835952,1,979,0.0,256.49999999999926,1.0,0.0,0.0,0.0,265,176,300,5,3.0999183654785156,0.00025,977
2026-03-17T09:21:33.502872,1,989,0.0,256.39999999999924,1.0,0.0,0.0,0.0,264,147,300,5,3.246784210205078,0.00025,987
2026-03-17T09:21:34.171883,1,999,0.0,254.79999999999924,1.0,0.0,0.0,0.0,248,147,300,0,6.089448928833008,0.00025,997
2026-03-17T09:21:34.834662,1,1009,0.0,253.9999999999993,1.0,0.0,0.0,0.0,240,136,300,9,4.080295562744141,0.00025,1007
2026-03-17T09:21:35.501668,1,1019,0.0,254.29999999999927,1.0,0.0,0.0,0.0,243,160,300,1,5.458831787109375,0.00025,1017
2026-03-17T09:21:36.168021,1,1029,0.1,255.09999999999923,1.0,0.0,0.0,0.0,251,147,300,10,5.290031433105469,0.00025,1027
2026-03-17T09:21:36.830602,1,1039,0.1,256.89999999999935,1.0,0.0,0.0,0.0,269,173,300,0,3.828763961791992,0.00025,1037
2026-03-17T09:21:37.494499,1,1049,0.1,259.8,1.0,0.0,0.0,0.0,298,176,300,1,2.453327178955078,0.00025,1047
2026-03-17T09:21:38.163658,1,1059,1.0,314.00000000000006,1.0,0.0,0.0,0.0,354,176,354,4,5.690097808837891,0.00025,1057
2026-03-17T09:21:38.827854,1,1069,1.0,371.00000000000006,1.0,0.0,0.0,0.0,411,137,411,11,4.923582077026367,0.00025,1067
2026-03-17T09:21:39.493384,1,1079,1.0,394.00000000000006,1.0,0.0,0.0,0.0,434,147,434,6,4.184722900390625,0.00025,1077
2026-03-17T09:21:40.158919,1,1089,-0.1,394.1999999999999,1.0,0.0,0.0,0.0,427,135,435,6,4.848241806030273,0.00025,1087
2026-03-17T09:21:40.825961,1,1099,0.0,393.8999999999998,1.0,0.0,0.0,0.0,424,169,435,6,4.76384162902832,0.00025,1097
2026-03-17T09:21:41.491247,1,1109,-0.1,393.0999999999996,1.0,0.0,0.0,0.0,416,131,435,11,5.301475524902344,0.00025,1107
2026-03-17T09:21:42.157402,1,1119,-0.1,389.099999999999,1.0,0.0,0.0,0.0,376,166,435,5,5.838155746459961,0.00025,1117
2026-03-17T09:21:42.818076,1,1129,0.0,387.7999999999987,1.0,0.0,0.0,0.0,363,176,435,1,1.743316650390625,0.00025,1127
2026-03-17T09:21:43.485208,1,1139,0.0,387.6999999999987,1.0,0.0,0.0,0.0,362,169,435,6,3.2520294189453125,0.00025,1137
2026-03-17T09:21:44.151069,1,1149,0.1,387.59999999999866,1.0,0.0,0.0,0.0,361,160,435,2,3.1785964965820312,0.00025,1147
2026-03-17T09:21:44.818732,1,1159,0.0,387.2999999999986,1.0,0.0,0.0,0.0,358,176,435,6,5.245208740234375,0.00025,1157
2026-03-17T09:21:45.483482,1,1169,-0.1,386.9999999999985,1.0,0.0,0.0,0.0,355,149,435,10,4.38690185546875,0.00025,1167
2026-03-17T09:21:46.149050,1,1179,0.0,383.89999999999816,1.0,0.0,0.0,0.0,324,163,435,11,4.32276725769043,0.00025,1177
2026-03-17T09:21:46.816622,1,1189,0.0,383.89999999999816,1.0,0.0,0.0,0.0,324,173,435,3,6.3457489013671875,0.00025,1187
2026-03-17T09:21:47.482735,1,1199,0.0,383.79999999999814,1.0,0.0,0.0,0.0,323,128,435,9,5.511283874511719,0.00025,1197
2026-03-17T09:21:48.148840,1,1209,0.1,383.9999999999982,1.0,0.0,0.0,0.0,325,176,435,2,6.308794021606445,0.00025,1207
2026-03-17T09:21:48.808278,1,1219,0.0,383.79999999999814,1.0,0.0,0.0,0.0,323,149,435,0,1.7833709716796875,0.00025,1217
2026-03-17T09:21:49.475229,1,1229,-0.1,384.3999999999983,1.0,0.0,0.0,0.0,329,176,435,10,3.2389163970947266,0.00025,1227
2026-03-17T09:21:50.140879,1,1239,0.1,383.89999999999816,1.0,0.0,0.0,0.0,324,152,435,10,3.3910274505615234,0.00025,1237
2026-03-17T09:21:50.808746,1,1249,0.0,383.89999999999816,1.0,0.0,0.0,0.0,324,160,435,1,5.817174911499023,0.00025,1247
2026-03-17T09:21:51.473533,1,1259,0.0,383.79999999999814,1.0,0.0,0.0,0.0,323,127,435,7,4.984855651855469,0.00025,1257
2026-03-17T09:21:52.139756,1,1269,0.0,384.2999999999982,1.0,0.0,0.0,0.0,328,176,435,7,5.431890487670898,0.00025,1267
2026-03-17T09:21:52.804836,1,1279,0.1,383.8999999999981,1.0,0.0,0.0,0.0,324,152,435,8,4.707813262939453,0.00025,1277
2026-03-17T09:21:53.469566,1,1289,0.1,386.4999999999986,1.0,0.0,0.0,0.0,350,176,435,9,4.586696624755859,0.00025,1287
2026-03-17T09:21:54.138725,1,1299,0.1,392.1999999999989,1.0,0.0,0.0,0.0,407,176,435,5,6.262302398681641,0.00025,1297
2026-03-17T09:21:54.800306,1,1309,1.0,422.89999999999907,1.0,0.0,0.0,0.0,463,117,463,3,3.7643909454345703,0.00025,1307
2026-03-17T09:21:55.465541,1,1319,0.0,463.89999999999907,1.0,0.0,0.0,0.0,504,149,504,10,3.4520626068115234,0.00025,1317
2026-03-17T09:21:56.131614,1,1329,0.0,494.89999999999907,1.0,0.0,0.0,0.0,535,128,535,7,3.7207603454589844,0.00025,1327
2026-03-17T09:21:56.797895,1,1339,-0.1,509.79999999999905,1.0,0.0,0.0,0.0,549,138,550,11,4.140138626098633,0.00025,1337
2026-03-17T09:21:57.463377,1,1349,-0.1,507.2999999999985,1.0,0.0,0.0,0.0,524,140,550,10,4.02069091796875,0.00025,1347
2026-03-17T09:21:58.130380,1,1359,-0.2,503.6999999999977,1.0,0.0,0.0,0.0,488,176,550,9,5.657196044921875,0.00025,1357
2026-03-17T09:21:58.796877,1,1369,0.1,499.9999999999973,1.0,0.0,0.0,0.0,451,117,550,3,7.109880447387695,0.00025,1367
2026-03-17T09:21:59.462342,1,1379,0.0,501.0999999999976,1.0,0.0,0.0,0.0,462,108,550,8,6.4239501953125,0.00025,1377
2026-03-17T09:22:00.123942,1,1389,-0.1,500.7999999999975,1.0,0.0,0.0,0.0,459,141,550,9,3.2181739807128906,0.00025,1387
2026-03-17T09:22:00.791296,1,1399,0.0,500.89999999999753,1.0,0.0,0.0,0.0,460,128,550,0,3.3583641052246094,0.00025,1397
2026-03-17T09:22:01.472975,1,1409,-0.1,501.0999999999976,1.0,0.0,0.0,0.0,462,144,550,2,3.557920455932617,0.00025,1407
2026-03-17T09:22:02.138409,1,1419,0.0,499.7999999999973,1.0,0.0,0.0,0.0,449,144,550,3,4.531383514404297,0.00025,1417
2026-03-17T09:22:02.804303,1,1429,0.0,501.39999999999765,1.0,0.0,0.0,0.0,465,144,550,7,4.375457763671875,0.00025,1427
2026-03-17T09:22:03.470250,1,1439,0.1,504.7999999999984,1.0,0.0,0.0,0.0,499,174,550,7,4.45866584777832,0.00025,1437
2026-03-17T09:22:04.137456,1,1449,0.2,509.1999999999992,1.0,0.0,0.0,0.0,543,153,550,5,6.0596466064453125,0.00025,1447
2026-03-17T09:22:04.802746,1,1459,0.0,553.7999999999993,1.0,0.0,0.0,0.0,593,176,594,0,5.771636962890625,0.00025,1457
2026-03-17T09:22:05.466454,1,1469,0.0,552.8999999999991,1.0,0.0,0.0,0.0,584,176,594,9,4.727363586425781,0.00025,1467
2026-03-17T09:22:06.131429,1,1479,-0.1,551.2999999999987,1.0,0.0,0.0,0.0,568,145,594,8,3.2358169555664062,0.00025,1477
2026-03-17T09:22:06.794441,1,1489,0.0,550.4999999999985,1.0,0.0,0.0,0.0,560,138,594,4,1.6393661499023438,0.00025,1487
2026-03-17T09:22:07.463687,1,1499,0.0,550.5999999999985,1.0,0.0,0.0,0.0,561,176,594,9,4.782915115356445,0.00025,1497
2026-03-17T09:22:08.128871,1,1509,-0.1,550.5999999999985,1.0,0.0,0.0,0.0,561,160,594,2,4.707813262939453,0.00025,1507
2026-03-17T09:22:08.794314,1,1519,0.0,549.8999999999984,1.0,0.0,0.0,0.0,554,149,594,0,4.000425338745117,0.00025,1517
2026-03-17T09:22:09.460360,1,1529,0.0,549.1999999999982,1.0,0.0,0.0,0.0,547,176,594,10,5.077600479125977,0.00025,1527
2026-03-17T09:22:10.127055,1,1539,0.0,548.8999999999982,1.0,0.0,0.0,0.0,544,149,594,7,5.875825881958008,0.00025,1537
2026-03-17T09:22:10.794227,1,1549,0.0,548.399999999998,1.0,0.0,0.0,0.0,539,176,594,10,6.92296028137207,0.00025,1547
2026-03-17T09:22:11.457131,1,1559,0.0,548.299999999998,1.0,0.0,0.0,0.0,538,147,594,0,4.623174667358398,0.00025,1557
2026-03-17T09:22:12.119636,1,1569,0.0,547.3999999999978,1.0,0.0,0.0,0.0,529,176,594,5,2.2025108337402344,0.00025,1567
2026-03-17T09:22:12.787200,1,1579,0.0,546.3999999999976,1.0,0.0,0.0,0.0,519,138,594,8,3.583192825317383,0.00025,1577
2026-03-17T09:22:13.454689,1,1589,0.0,545.9999999999975,1.0,0.0,0.0,0.0,515,176,594,7,5.543947219848633,0.00025,1587
2026-03-17T09:22:14.119520,1,1599,0.0,546.2999999999976,1.0,0.0,0.0,0.0,518,160,594,10,5.096673965454102,0.00025,1597
2026-03-17T09:22:14.785322,1,1609,0.0,546.5999999999976,1.0,0.0,0.0,0.0,521,160,594,7,4.770755767822266,0.00025,1607
2026-03-17T09:22:15.451716,1,1619,0.0,547.0999999999977,1.0,0.0,0.0,0.0,526,145,594,1,6.208896636962891,0.00025,1617
2026-03-17T09:22:16.116817,1,1629,0.0,547.3999999999978,1.0,0.0,0.0,0.0,529,128,594,2,4.938840866088867,0.00025,1627
2026-03-17T09:22:16.779260,1,1639,0.0,548.099999999998,1.0,0.0,0.0,0.0,536,176,594,7,3.1206607818603516,0.00025,1637
2026-03-17T09:22:17.445100,1,1649,0.0,548.099999999998,1.0,0.0,0.0,0.0,536,149,594,3,3.2672882080078125,0.00025,1647
2026-03-17T09:22:18.111593,1,1659,0.0,548.399999999998,1.0,0.0,0.0,0.0,539,176,594,8,3.102540969848633,0.00025,1657
2026-03-17T09:22:18.776796,1,1669,-0.1,547.7999999999979,1.0,0.0,0.0,0.0,533,176,594,11,3.955364227294922,0.00025,1667
2026-03-17T09:22:19.443240,1,1679,0.1,550.0999999999984,1.0,0.0,0.0,0.0,556,146,594,9,4.247426986694336,0.00025,1677
2026-03-17T09:22:20.108915,1,1689,0.0,553.8999999999993,1.0,0.0,0.0,0.0,594,176,594,1,3.9081573486328125,0.00025,1687
2026-03-17T09:22:20.775285,1,1699,0.1,553.8999999999993,1.0,0.0,0.0,0.0,594,176,594,0,4.5623779296875,0.00025,1697
2026-03-17T09:22:21.441455,1,1709,0.0,553.8999999999993,1.0,0.0,0.0,0.0,594,135,594,7,5.722284317016602,0.00025,1707
2026-03-17T09:22:22.108438,1,1719,-0.1,551.9999999999989,1.0,0.0,0.0,0.0,575,173,594,11,7.80177116394043,0.00025,1717
2026-03-17T09:22:22.771546,1,1729,0.0,550.3999999999985,1.0,0.0,0.0,0.0,559,173,594,7,5.199432373046875,0.00025,1727
2026-03-17T09:22:23.435102,1,1739,0.0,550.2999999999985,1.0,0.0,0.0,0.0,558,152,594,1,3.3736228942871094,0.00025,1737
2026-03-17T09:22:24.100932,1,1749,0.0,551.1999999999987,1.0,0.0,0.0,0.0,567,157,594,1,2.7425289154052734,0.00025,1747
2026-03-17T09:22:24.765223,1,1759,0.1,552.599999999999,1.0,0.0,0.0,0.0,581,152,594,5,2.468585968017578,0.00025,1757
2026-03-17T09:22:25.434092,1,1769,0.0,551.4999999999987,1.0,0.0,0.0,0.0,570,176,594,1,4.874944686889648,0.00025,1767
2026-03-17T09:22:26.097487,1,1779,0.0,552.499999999999,1.0,0.0,0.0,0.0,580,149,594,2,3.2186508178710938,0.00025,1777
2026-03-17T09:22:26.766241,1,1789,0.0,552.8999999999991,1.0,0.0,0.0,0.0,584,145,594,11,6.25920295715332,0.00025,1787
2026-03-17T09:22:27.433828,1,1799,0.0,553.6999999999992,1.0,0.0,0.0,0.0,592,157,594,9,6.838560104370117,0.00025,1797
2026-03-17T09:22:28.099523,1,1809,0.0,552.1999999999989,1.0,0.0,0.0,0.0,577,176,594,5,8.159637451171875,0.00025,1807
2026-03-17T09:22:28.759736,1,1819,0.0,550.0999999999984,1.0,0.0,0.0,0.0,556,149,594,2,3.315448760986328,0.00025,1817
2026-03-17T09:22:29.428814,1,1829,0.1,550.4999999999985,1.0,0.0,0.0,0.0,560,147,594,10,6.058216094970703,0.00025,1827
2026-03-17T09:22:30.091250,1,1839,0.0,551.2999999999987,1.0,0.0,0.0,0.0,568,148,594,2,2.537965774536133,0.00025,1837
2026-03-17T09:22:30.759016,1,1849,0.0,551.4999999999987,1.0,0.0,0.0,0.0,570,157,594,2,6.05320930480957,0.00025,1847
2026-03-17T09:22:31.423323,1,1859,-0.1,551.1999999999987,1.0,0.0,0.0,0.0,567,176,594,0,4.51970100402832,0.00025,1857
2026-03-17T09:22:32.088824,1,1869,0.0,549.0999999999982,1.0,0.0,0.0,0.0,546,176,594,1,3.859996795654297,0.00025,1867
2026-03-17T09:22:32.756292,1,1879,0.0,549.0999999999982,1.0,0.0,0.0,0.0,546,136,594,9,6.011486053466797,0.00025,1877
2026-03-17T09:22:33.422750,1,1889,0.0,550.5999999999985,1.0,0.0,0.0,0.0,561,176,594,8,7.518768310546875,0.00025,1887
2026-03-17T09:22:34.089485,1,1899,0.0,551.2999999999987,1.0,0.0,0.0,0.0,568,160,594,1,8.078813552856445,0.00025,1897
2026-03-17T09:22:34.748959,1,1909,0.0,551.2999999999987,1.0,0.0,0.0,0.0,568,147,594,9,2.936124801635742,0.00025,1907
2026-03-17T09:22:35.414310,1,1919,0.0,550.7999999999986,1.0,0.0,0.0,0.0,563,145,594,5,2.4433135986328125,0.00025,1917
2026-03-17T09:22:36.083387,1,1929,0.0,550.5999999999985,1.0,0.0,0.0,0.0,561,173,594,0,4.239082336425781,0.00025,1927
2026-03-17T09:22:36.748959,1,1939,0.0,550.9999999999986,1.0,0.0,0.0,0.0,565,147,594,7,5.489110946655273,0.00025,1937
2026-03-17T09:22:37.413215,1,1949,0.0,552.399999999999,1.0,0.0,0.0,0.0,579,176,594,1,4.406929016113281,0.00025,1947
2026-03-17T09:22:38.081204,1,1959,0.0,553.3999999999992,1.0,0.0,0.0,0.0,589,163,594,9,5.438566207885742,0.00025,1957
2026-03-17T09:22:38.747340,1,1969,0.0,552.399999999999,1.0,0.0,0.0,0.0,579,176,594,6,7.7075958251953125,0.00025,1967
2026-03-17T09:22:39.413044,1,1979,0.0,551.9999999999989,1.0,0.0,0.0,0.0,575,176,594,8,6.968259811401367,0.00025,1977
2026-03-17T09:22:40.075889,1,1989,0.0,550.8999999999986,1.0,0.0,0.0,0.0,564,120,594,8,3.3922195434570312,0.00025,1987
2026-03-17T09:22:40.740091,1,1999,0.0,549.7999999999984,1.0,0.0,0.0,0.0,553,145,594,8,3.286123275756836,0.00025,1997
2026-03-17T09:22:41.422941,1,2009,0.0,545.8999999999975,1.0,0.0,0.0,0.0,514,154,594,11,3.2465457916259766,0.00025,2007
2026-03-17T09:22:42.087759,1,2019,0.1,546.7999999999977,1.0,0.0,0.0,0.0,523,128,594,8,3.545999526977539,0.00025,2017
2026-03-17T09:22:42.755625,1,2029,0.0,545.9999999999975,1.0,0.0,0.0,0.0,515,140,594,4,4.6253204345703125,0.00025,2027
2026-03-17T09:22:43.421235,1,2039,0.1,546.5999999999976,1.0,0.0,0.0,0.0,521,147,594,8,6.039619445800781,0.00025,2037
2026-03-17T09:22:44.087883,1,2049,0.0,546.3999999999976,1.0,0.0,0.0,0.0,519,152,594,4,6.312847137451172,0.00025,2047
2026-03-17T09:22:44.752971,1,2059,0.0,547.1999999999978,1.0,0.0,0.0,0.0,527,176,594,2,6.516695022583008,0.00025,2057
2026-03-17T09:22:45.415194,1,2069,0.0,546.9999999999977,1.0,0.0,0.0,0.0,525,176,594,11,3.090381622314453,0.00025,2067
2026-03-17T09:22:46.080972,1,2079,-0.1,546.8999999999977,1.0,0.0,0.0,0.0,524,160,594,3,3.1592845916748047,0.00025,2077
2026-03-17T09:22:46.746253,1,2089,0.0,546.2999999999976,1.0,0.0,0.0,0.0,518,149,594,3,3.3986568450927734,0.00025,2087
2026-03-17T09:22:47.413276,1,2099,0.0,546.2999999999976,1.0,0.0,0.0,0.0,518,140,594,4,3.813505172729492,0.00025,2097
2026-03-17T09:22:48.078384,1,2109,0.0,549.2999999999982,1.0,0.0,0.0,0.0,548,148,594,6,3.984212875366211,0.00025,2107
2026-03-17T09:22:48.744827,1,2119,0.2,553.6999999999992,1.0,0.0,0.0,0.0,592,146,594,9,4.815340042114258,0.00025,2117
2026-03-17T09:22:49.410348,1,2129,0.0,553.7999999999993,1.0,0.0,0.0,0.0,593,176,594,3,5.269289016723633,0.00025,2127
2026-03-17T09:22:50.077684,1,2139,-0.1,551.7999999999988,1.0,0.0,0.0,0.0,573,149,594,7,6.2656402587890625,0.00025,2137
2026-03-17T09:22:50.738585,1,2149,-0.1,546.8999999999977,1.0,0.0,0.0,0.0,524,127,594,4,2.450704574584961,0.00025,2147
2026-03-17T09:22:51.406283,1,2159,0.0,545.8999999999975,1.0,0.0,0.0,0.0,514,176,594,9,3.8480758666992188,0.00025,2157
2026-03-17T09:22:52.069977,1,2169,0.0,545.8999999999975,1.0,0.0,0.0,0.0,514,176,594,8,1.8148422241210938,0.00025,2167
2026-03-17T09:22:52.736604,1,2179,0.1,545.9999999999975,1.0,0.0,0.0,0.0,515,176,594,5,3.3223628997802734,0.00025,2177
2026-03-17T09:22:53.403145,1,2189,0.0,545.9999999999975,1.0,0.0,0.0,0.0,515,176,594,5,3.68499755859375,0.00025,2187
2026-03-17T09:22:54.068776,1,2199,0.0,546.1999999999975,1.0,0.0,0.0,0.0,517,160,594,4,3.815174102783203,0.00025,2197
2026-03-17T09:22:54.735045,1,2209,0.0,546.8999999999977,1.0,0.0,0.0,0.0,524,160,594,5,5.3386688232421875,0.00025,2207
2026-03-17T09:22:55.402604,1,2219,0.0,546.6999999999977,1.0,0.0,0.0,0.0,522,138,594,4,7.256507873535156,0.00025,2217
2026-03-17T09:22:56.068061,1,2229,0.0,546.8999999999977,1.0,0.0,0.0,0.0,524,149,594,8,6.592988967895508,0.00025,2227
2026-03-17T09:22:56.730794,1,2239,0.1,547.3999999999978,1.0,0.0,0.0,0.0,529,157,594,11,4.410743713378906,0.00025,2237
2026-03-17T09:22:57.395474,1,2249,0.2,552.1999999999989,1.0,0.0,0.0,0.0,577,161,594,6,3.2835006713867188,0.00025,2247
2026-03-17T09:22:58.060395,1,2259,0.0,556.8999999999993,1.0,0.0,0.0,0.0,597,113,597,10,2.6497840881347656,0.00025,2257
2026-03-17T09:22:58.727434,1,2269,0.0,557.4999999999992,1.0,0.0,0.0,0.0,594,83,598,5,4.556417465209961,0.00025,2267
2026-03-17T09:22:59.393218,1,2279,0.1,557.0999999999991,1.0,0.0,0.0,0.0,590,145,598,3,4.005670547485352,0.00025,2277
2026-03-17T09:23:00.058981,1,2289,0.0,556.0999999999989,1.0,0.0,0.0,0.0,580,140,598,6,5.031585693359375,0.00025,2287
2026-03-17T09:23:00.725078,1,2299,0.0,554.3999999999985,1.0,0.0,0.0,0.0,563,176,598,11,4.558324813842773,0.00025,2297
2026-03-17T09:23:01.392577,1,2309,0.0,554.2999999999985,1.0,0.0,0.0,0.0,562,176,598,2,6.775617599487305,0.00025,2307
2026-03-17T09:23:02.058295,1,2319,0.0,553.0999999999982,1.0,0.0,0.0,0.0,550,176,598,9,7.071733474731445,0.00025,2317
2026-03-17T09:23:02.720818,1,2329,-0.1,550.2999999999976,1.0,0.0,0.0,0.0,522,152,598,3,3.858327865600586,0.00025,2327
2026-03-17T09:23:03.385350,1,2339,0.0,550.4999999999976,1.0,0.0,0.0,0.0,524,168,598,1,3.261566162109375,0.00025,2337
2026-03-17T09:23:04.049888,1,2349,0.0,549.8999999999975,1.0,0.0,0.0,0.0,518,176,598,5,1.9724369049072266,0.00025,2347
2026-03-17T09:23:04.717738,1,2359,0.0,550.2999999999976,1.0,0.0,0.0,0.0,522,152,598,11,4.858255386352539,0.00025,2357
2026-03-17T09:23:05.382992,1,2369,0.0,549.8999999999975,1.0,0.0,0.0,0.0,518,136,598,11,3.751039505004883,0.00025,2367
2026-03-17T09:23:06.049191,1,2379,0.0,549.8999999999975,1.0,0.0,0.0,0.0,518,160,598,0,4.086494445800781,0.00025,2377
2026-03-17T09:23:06.724114,1,2389,0.0,550.2999999999976,1.0,0.0,0.0,0.0,522,168,598,8,3.9358139038085938,0.00025,2387
2026-03-17T09:23:07.382706,1,2399,0.0,549.8999999999975,1.0,0.0,0.0,0.0,518,176,598,2,6.610631942749023,0.00025,2397
2026-03-17T09:23:08.659155,2,1,0.0,-0.1,0.998,0.0,0.0,0.0,39,152,40,3,1.680612564086914,0.00025,2407
2026-03-17T09:23:09.298293,2,11,-0.1,-1.5000000000000002,0.998,0.0,0.0,0.0,25,157,40,5,6.53839111328125,0.00025,2417
2026-03-17T09:23:09.956726,2,21,-0.1,-3.600000000000002,0.998,0.0,0.0,0.0,4,173,40,11,1.352548599243164,0.00025,2427
2026-03-17T09:23:10.622285,2,31,0.0,-3.7000000000000015,0.998,0.0,0.0,0.0,3,176,40,11,1.3899803161621094,0.00025,2437
2026-03-17T09:23:11.288771,2,41,0.1,-3.9000000000000017,0.998,0.0,0.0,0.0,1,160,40,0,1.165151596069336,0.00025,2447
2026-03-17T09:23:11.953232,2,51,0.1,-2.1,0.998,0.0,0.0,0.0,19,145,40,9,1.5764236450195312,0.00025,2457
2026-03-17T09:23:12.620441,2,61,1.0,17.0,0.998,0.0,0.0,0.0,57,128,57,3,1.4383792877197266,0.00025,2467
2026-03-17T09:23:13.286319,2,71,1.0,73.0,0.998,0.0,0.0,0.0,113,137,113,7,1.0733604431152344,0.00025,2477
2026-03-17T09:23:13.953750,2,81,1.0,99.0,0.998,0.0,0.0,0.0,139,145,139,0,4.147052764892578,0.00025,2487
2026-03-17T09:23:14.617474,2,91,1.0,106.0,0.998,0.0,0.0,0.0,146,136,146,6,2.645254135131836,0.00025,2497
2026-03-17T09:23:15.285762,2,101,1.0,139.0,0.998,0.0,0.0,0.0,179,147,179,6,4.060983657836914,0.00025,2507
2026-03-17T09:23:15.948685,2,111,0.0,164.0,0.998,0.0,0.0,0.0,204,160,204,9,3.496885299682617,0.00025,2517
2026-03-17T09:23:16.614137,2,121,-0.1,164.60000000000008,0.998,0.0,0.0,0.0,192,147,206,4,3.5278797149658203,0.00025,2527
2026-03-17T09:23:17.283507,2,131,0.0,163.80000000000013,0.998,0.0,0.0,0.0,184,149,206,10,3.6468505859375,0.00025,2537
2026-03-17T09:23:17.946986,2,141,0.0,163.60000000000014,0.998,0.0,0.0,0.0,182,176,206,7,4.412174224853516,0.00025,2547
2026-03-17T09:23:18.613271,2,151,0.0,164.3000000000001,0.998,0.0,0.0,0.0,189,168,206,11,3.921031951904297,0.00025,2557
2026-03-17T09:23:19.280699,2,161,0.0,163.40000000000015,0.998,0.0,0.0,0.0,180,160,206,7,4.933357238769531,0.00025,2567
2026-03-17T09:23:19.943304,2,171,0.0,161.70000000000024,0.998,0.0,0.0,0.0,163,176,206,3,3.8874149322509766,0.00025,2577
2026-03-17T09:23:20.606540,2,181,-0.1,158.40000000000043,0.998,0.0,0.0,0.0,130,176,206,1,1.997232437133789,0.00025,2587
2026-03-17T09:23:21.273424,2,191,0.0,156.60000000000053,0.998,0.0,0.0,0.0,112,174,206,10,4.118680953979492,0.00025,2597
2026-03-17T09:23:21.939449,2,201,0.0,156.70000000000053,0.998,0.0,0.0,0.0,113,168,206,4,3.970623016357422,0.00025,2607
2026-03-17T09:23:22.606316,2,211,-0.1,156.60000000000053,0.998,0.0,0.0,0.0,112,152,206,9,5.940914154052734,0.00025,2617
2026-03-17T09:23:23.271732,2,221,0.0,157.2000000000005,0.998,0.0,0.0,0.0,118,135,206,6,3.4220218658447266,0.00025,2627
2026-03-17T09:23:23.936632,2,231,-0.1,156.60000000000053,0.998,0.0,0.0,0.0,112,176,206,4,5.132913589477539,0.00025,2637
2026-03-17T09:23:24.603528,2,241,0.0,156.70000000000053,0.998,0.0,0.0,0.0,113,176,206,2,6.295680999755859,0.00025,2647
2026-03-17T09:23:25.265250,2,251,0.0,156.60000000000053,0.998,0.0,0.0,0.0,112,147,206,8,3.4296512603759766,0.00025,2657
2026-03-17T09:23:25.932307,2,261,0.0,156.70000000000053,0.998,0.0,0.0,0.0,113,173,206,5,3.453493118286133,0.00025,2667
2026-03-17T09:23:26.598717,2,271,0.0,156.80000000000052,0.998,0.0,0.0,0.0,114,176,206,0,3.4554004669189453,0.00025,2677
2026-03-17T09:23:27.262575,2,281,0.0,156.60000000000053,0.998,0.0,0.0,0.0,112,176,206,0,3.3142566680908203,0.00025,2687
2026-03-17T09:23:27.928905,2,291,0.1,157.0000000000005,0.998,0.0,0.0,0.0,116,160,206,9,3.3469200134277344,0.00025,2697
2026-03-17T09:23:28.595103,2,301,0.0,158.20000000000044,0.998,0.0,0.0,0.0,128,160,206,10,3.4303665161132812,0.00025,2707
2026-03-17T09:23:29.262930,2,311,0.0,157.4000000000005,0.998,0.0,0.0,0.0,120,160,206,7,6.306886672973633,0.00025,2717
2026-03-17T09:23:29.944872,2,321,0.0,158.9000000000004,0.998,0.0,0.0,0.0,135,160,206,9,4.36091423034668,0.00025,2727
2026-03-17T09:23:30.611950,2,331,0.1,158.50000000000043,0.998,0.0,0.0,0.0,131,160,206,5,7.083892822265625,0.00025,2737
2026-03-17T09:23:31.273103,2,341,0.0,159.90000000000035,0.998,0.0,0.0,0.0,145,176,206,10,2.974271774291992,0.00025,2747
2026-03-17T09:23:31.943263,2,351,0.0,159.1000000000004,0.998,0.0,0.0,0.0,137,176,206,9,8.013486862182617,0.00025,2757
2026-03-17T09:23:32.607472,2,361,0.0,159.60000000000036,0.998,0.0,0.0,0.0,142,147,206,9,6.003618240356445,0.00025,2767
2026-03-17T09:23:33.270835,2,371,0.0,160.30000000000032,0.998,0.0,0.0,0.0,149,176,206,3,4.662513732910156,0.00025,2777
2026-03-17T09:23:33.934787,2,381,0.0,161.60000000000025,0.998,0.0,0.0,0.0,162,147,206,5,3.6683082580566406,0.00025,2787
2026-03-17T09:23:34.602282,2,391,0.1,164.90000000000006,0.998,0.0,0.0,0.0,195,160,206,3,5.052804946899414,0.00025,2797
2026-03-17T09:23:35.268072,2,401,0.0,187.9,0.998,0.0,0.0,0.0,227,176,228,4,5.302190780639648,0.00025,2807
2026-03-17T09:23:35.935850,2,411,0.0,197.0,0.998,0.0,0.0,0.0,237,173,237,2,5.236625671386719,0.00025,2817
2026-03-17T09:23:36.598425,2,421,0.0,198.8,0.998,0.0,0.0,0.0,237,176,239,6,4.657268524169922,0.00025,2827
2026-03-17T09:23:37.263236,2,431,0.1,199.0,0.998,0.0,0.0,0.0,239,152,239,10,3.2787322998046875,0.00025,2837
2026-03-17T09:23:37.926545,2,441,0.0,203.0,0.998,0.0,0.0,0.0,243,157,243,9,1.9969940185546875,0.00025,2847
2026-03-17T09:23:38.593578,2,451,0.0,204.60000000000002,0.998,0.0,0.0,0.0,241,147,245,11,3.607511520385742,0.00025,2857
2026-03-17T09:23:39.264171,2,461,0.0,203.3000000000001,0.998,0.0,0.0,0.0,228,152,245,3,6.963253021240234,0.00025,2867
2026-03-17T09:23:39.928901,2,471,-0.1,200.40000000000026,0.998,0.0,0.0,0.0,199,176,245,8,4.87208366394043,0.00025,2877
2026-03-17T09:23:40.609250,2,481,0.0,197.30000000000044,0.998,0.0,0.0,0.0,168,176,245,11,5.681753158569336,0.00025,2887
2026-03-17T09:23:41.277155,2,491,0.0,197.20000000000044,0.998,0.0,0.0,0.0,167,176,245,4,5.13458251953125,0.00025,2897
2026-03-17T09:23:41.940586,2,501,0.0,197.9000000000004,0.998,0.0,0.0,0.0,174,176,245,7,4.760026931762695,0.00025,2907
2026-03-17T09:23:42.607846,2,511,0.0,197.30000000000044,0.998,0.0,0.0,0.0,168,157,245,3,6.011486053466797,0.00025,2917
2026-03-17T09:23:43.270264,2,521,0.0,196.50000000000048,0.998,0.0,0.0,0.0,160,157,245,4,3.248929977416992,0.00025,2927
2026-03-17T09:23:43.933855,2,531,0.0,196.60000000000048,0.998,0.0,0.0,0.0,161,147,245,6,3.198862075805664,0.00025,2937
2026-03-17T09:23:44.600652,2,541,0.1,196.60000000000048,0.998,0.0,0.0,0.0,161,176,245,7,3.064870834350586,0.00025,2947
2026-03-17T09:23:45.267873,2,551,0.1,199.5000000000003,0.998,0.0,0.0,0.0,190,149,245,5,3.2448768615722656,0.00025,2957
2026-03-17T09:23:45.932577,2,561,0.0,203.70000000000007,0.998,0.0,0.0,0.0,232,138,245,2,4.178762435913086,0.00025,2967
2026-03-17T09:23:46.600200,2,571,0.0,204.70000000000002,0.998,0.0,0.0,0.0,242,127,245,11,5.585193634033203,0.00025,2977
2026-03-17T09:23:47.262915,2,581,0.0,204.50000000000003,0.998,0.0,0.0,0.0,240,149,245,4,4.269599914550781,0.00025,2987
2026-03-17T09:23:47.934063,2,591,0.0,204.00000000000006,0.998,0.0,0.0,0.0,235,149,245,2,6.41632080078125,0.00025,2997
2026-03-17T09:23:48.596319,2,601,0.0,201.5000000000002,0.998,0.0,0.0,0.0,210,119,245,1,5.515813827514648,0.00025,3007
2026-03-17T09:23:49.260623,2,611,0.0,202.00000000000017,0.998,0.0,0.0,0.0,215,160,245,11,3.4689903259277344,0.00025,3017
2026-03-17T09:23:49.926783,2,621,0.1,202.50000000000014,0.998,0.0,0.0,0.0,220,149,245,5,3.4601688385009766,0.00025,3027
2026-03-17T09:23:50.592581,2,631,-0.1,200.60000000000025,0.998,0.0,0.0,0.0,201,128,245,3,5.634546279907227,0.00025,3037
2026-03-17T09:23:51.258971,2,641,-0.1,197.00000000000045,0.998,0.0,0.0,0.0,165,152,245,6,3.221750259399414,0.00025,3047
2026-03-17T09:23:51.923990,2,651,0.1,197.40000000000043,0.998,0.0,0.0,0.0,169,145,245,10,4.356622695922852,0.00025,3057
2026-03-17T09:23:52.591182,2,661,-0.1,197.70000000000041,0.998,0.0,0.0,0.0,172,176,245,7,5.272388458251953,0.00025,3067
2026-03-17T09:23:53.256496,2,671,-0.1,197.20000000000044,0.998,0.0,0.0,0.0,167,176,245,9,6.947517395019531,0.00025,3077
2026-03-17T09:23:53.922377,2,681,0.0,197.00000000000045,0.998,0.0,0.0,0.0,165,176,245,9,6.436347961425781,0.00025,3087
2026-03-17T09:23:54.584800,2,691,0.1,197.20000000000044,0.998,0.0,0.0,0.0,167,145,245,0,3.3369064331054688,0.00025,3097
2026-03-17T09:23:55.250352,2,701,0.0,197.70000000000041,0.998,0.0,0.0,0.0,172,145,245,9,2.1872520446777344,0.00025,3107
2026-03-17T09:23:55.916824,2,711,0.1,199.30000000000032,0.998,0.0,0.0,0.0,188,173,245,4,3.293275833129883,0.00025,3117
2026-03-17T09:23:56.582693,2,721,0.0,204.70000000000007,0.998,0.0,0.0,0.0,242,147,245,7,4.384756088256836,0.00025,3127
2026-03-17T09:23:57.247071,2,731,0.0,217.00000000000006,0.998,0.0,0.0,0.0,257,176,257,5,4.198789596557617,0.00025,3137
2026-03-17T09:23:57.913454,2,741,0.0,215.60000000000014,0.998,0.0,0.0,0.0,243,149,257,2,3.7202835083007812,0.00025,3147
2026-03-17T09:23:58.580908,2,751,0.0,215.00000000000017,0.998,0.0,0.0,0.0,237,149,257,10,4.952430725097656,0.00025,3157
2026-03-17T09:23:59.248006,2,761,0.0,215.70000000000013,0.998,0.0,0.0,0.0,244,138,257,7,6.427526473999023,0.00025,3167
2026-03-17T09:23:59.908265,2,771,-0.1,215.20000000000016,0.998,0.0,0.0,0.0,239,147,257,6,3.3292770385742188,0.00025,3177
2026-03-17T09:24:00.573424,2,781,0.1,216.4000000000001,0.998,0.0,0.0,0.0,251,144,257,0,3.3903121948242188,0.00025,3187
2026-03-17T09:24:01.239570,2,791,0.0,224.00000000000006,0.998,0.0,0.0,0.0,264,155,264,6,2.5413036346435547,0.00025,3197
2026-03-17T09:24:01.906176,2,801,0.0,235.00000000000006,0.998,0.0,0.0,0.0,275,152,275,3,5.364894866943359,0.00025,3207
2026-03-17T09:24:02.571479,2,811,0.0,239.70000000000007,0.998,0.0,0.0,0.0,277,160,280,9,3.1032562255859375,0.00025,3217
2026-03-17T09:24:03.238155,2,821,0.0,257.00000000000006,0.998,0.0,0.0,0.0,297,176,297,0,4.993200302124023,0.00025,3227
2026-03-17T09:24:03.901575,2,831,0.1,260.90000000000003,0.998,0.0,0.0,0.0,300,176,301,0,3.4155845642089844,0.00025,3237
2026-03-17T09:24:04.571766,2,841,1.0,268.00000000000006,0.998,0.0,0.0,0.0,308,146,308,6,7.683753967285156,0.00025,3247
2026-03-17T09:24:05.232446,2,851,0.0,273.00000000000006,0.998,0.0,0.0,0.0,313,176,313,0,3.1592845916748047,0.00025,3257
2026-03-17T09:24:05.898495,2,861,0.0,272.59999999999997,0.998,0.0,0.0,0.0,309,176,313,10,3.435373306274414,0.00025,3267
2026-03-17T09:24:06.563604,2,871,0.0,272.8,0.998,0.0,0.0,0.0,311,145,313,2,3.1392574310302734,0.00025,3277
2026-03-17T09:24:07.230534,2,881,0.0,270.69999999999953,0.998,0.0,0.0,0.0,290,157,313,4,3.2646656036376953,0.00025,3287
2026-03-17T09:24:07.897061,2,891,0.0,269.5999999999993,0.998,0.0,0.0,0.0,279,168,313,3,3.3156871795654297,0.00025,3297
2026-03-17T09:24:08.561898,2,901,-0.1,269.09999999999917,0.998,0.0,0.0,0.0,274,127,313,0,3.286123275756836,0.00025,3307
2026-03-17T09:24:09.228933,2,911,0.0,268.59999999999906,0.998,0.0,0.0,0.0,269,136,313,4,5.788326263427734,0.00025,3317
2026-03-17T09:24:09.894238,2,921,0.0,268.8999999999991,0.998,0.0,0.0,0.0,272,176,313,9,5.545616149902344,0.00025,3327
2026-03-17T09:24:10.561676,2,931,0.0,269.89999999999935,0.998,0.0,0.0,0.0,282,160,313,6,6.438970565795898,0.00025,3337
2026-03-17T09:24:11.223069,2,941,0.0,269.39999999999924,0.998,0.0,0.0,0.0,277,176,313,4,3.5343170166015625,0.00025,3347
2026-03-17T09:24:11.886202,2,951,0.0,268.59999999999906,0.998,0.0,0.0,0.0,269,149,313,3,1.4824867248535156,0.00025,3357
2026-03-17T09:24:12.571900,2,961,-0.1,268.09999999999894,0.998,0.0,0.0,0.0,264,147,313,5,4.790782928466797,0.00025,3367
2026-03-17T09:24:13.236807,2,971,0.0,265.39999999999833,0.998,0.0,0.0,0.0,237,135,313,10,3.393411636352539,0.00025,3377
2026-03-17T09:24:13.902582,2,981,0.0,265.5999999999984,0.998,0.0,0.0,0.0,239,145,313,0,4.109382629394531,0.00025,3387
2026-03-17T09:24:14.570902,2,991,0.1,266.0999999999985,0.998,0.0,0.0,0.0,244,140,313,7,7.700443267822266,0.00025,3397
2026-03-17T09:24:15.236543,2,1001,0.1,271.49999999999886,0.998,0.0,0.0,0.0,298,126,313,4,6.410121917724609,0.00025,3407
2026-03-17T09:24:15.901379,2,1011,1.0,329.9999999999989,0.998,0.0,0.0,0.0,370,171,370,8,5.486965179443359,0.00025,3417
2026-03-17T09:24:16.562779,2,1021,0.0,391.9999999999989,0.998,0.0,0.0,0.0,432,176,432,11,3.22723388671875,0.00025,3427
2026-03-17T09:24:17.232333,2,1031,-0.1,397.69999999999885,0.998,0.0,0.0,0.0,435,103,438,4,5.187511444091797,0.00025,3437
2026-03-17T09:24:17.895249,2,1041,0.0,397.19999999999874,0.998,0.0,0.0,0.0,430,147,438,4,4.145145416259766,0.00025,3447
2026-03-17T09:24:18.562646,2,1051,0.0,400.9999999999989,0.998,0.0,0.0,0.0,441,128,441,9,3.4346580505371094,0.00025,3457
2026-03-17T09:24:19.226815,2,1061,0.0,408.9999999999989,0.998,0.0,0.0,0.0,449,144,449,1,3.4608840942382812,0.00025,3467
2026-03-17T09:24:19.893798,2,1071,-0.1,409.5999999999986,0.998,0.0,0.0,0.0,437,120,451,1,4.729032516479492,0.00025,3477
2026-03-17T09:24:20.559229,2,1081,-0.1,408.89999999999844,0.998,0.0,0.0,0.0,430,149,451,7,3.5779476165771484,0.00025,3487
2026-03-17T09:24:21.226964,2,1091,0.0,408.6999999999984,0.998,0.0,0.0,0.0,428,145,451,3,5.719423294067383,0.00025,3497
2026-03-17T09:24:21.893219,2,1101,0.0,406.899999999998,0.998,0.0,0.0,0.0,410,135,451,10,7.756471633911133,0.00025,3507
2026-03-17T09:24:22.553556,2,1111,0.0,405.49999999999767,0.998,0.0,0.0,0.0,396,157,451,3,3.0736923217773438,0.00025,3517
2026-03-17T09:24:23.222336,2,1121,-0.1,404.1999999999974,0.998,0.0,0.0,0.0,383,176,451,11,4.530429840087891,0.00025,3527
2026-03-17T09:24:23.884996,2,1131,0.1,405.59999999999764,0.998,0.0,0.0,0.0,397,176,451,6,3.3049583435058594,0.00025,3537
2026-03-17T09:24:24.551860,2,1141,0.1,410.5999999999982,0.998,0.0,0.0,0.0,447,144,451,5,3.053426742553711,0.00025,3547
2026-03-17T09:24:25.217117,2,1151,-0.1,423.79999999999825,0.998,0.0,0.0,0.0,462,144,464,9,3.5092830657958984,0.00025,3557
2026-03-17T09:24:25.883043,2,1161,0.0,423.39999999999816,0.998,0.0,0.0,0.0,458,144,464,8,4.46629524230957,0.00025,3567
2026-03-17T09:24:26.551326,2,1171,0.0,423.0999999999981,0.998,0.0,0.0,0.0,455,128,464,4,5.029916763305664,0.00025,3577
2026-03-17T09:24:27.215882,2,1181,0.0,423.4999999999982,0.998,0.0,0.0,0.0,459,115,464,8,5.848884582519531,0.00025,3587
2026-03-17T09:24:27.884105,2,1191,0.0,422.99999999999807,0.998,0.0,0.0,0.0,454,113,464,3,7.876873016357422,0.00025,3597
2026-03-17T09:24:28.544434,2,1201,0.0,423.5999999999982,0.998,0.0,0.0,0.0,460,115,464,7,3.649473190307617,0.00025,3607
2026-03-17T09:24:29.210742,2,1211,0.0,426.8999999999983,0.998,0.0,0.0,0.0,466,128,467,0,3.284931182861328,0.00025,3617
2026-03-17T09:24:29.874657,2,1221,0.0,435.5999999999982,0.998,0.0,0.0,0.0,472,144,476,0,2.9976367950439453,0.00025,3627
2026-03-17T09:24:30.543028,2,1231,0.0,433.99999999999784,0.998,0.0,0.0,0.0,456,144,476,0,4.530668258666992,0.00025,3637
2026-03-17T09:24:31.208558,2,1241,0.0,433.4999999999977,0.998,0.0,0.0,0.0,451,144,476,3,3.796815872192383,0.00025,3647
2026-03-17T09:24:31.873289,2,1251,-0.1,430.7999999999972,0.998,0.0,0.0,0.0,424,164,476,3,3.464937210083008,0.00025,3657
2026-03-17T09:24:32.539960,2,1261,0.0,428.0999999999967,0.998,0.0,0.0,0.0,397,152,476,9,5.368471145629883,0.00025,3667
2026-03-17T09:24:33.204464,2,1271,0.0,428.4999999999968,0.998,0.0,0.0,0.0,401,160,476,10,5.004644393920898,0.00025,3677
2026-03-17T09:24:33.885595,2,1281,0.0,428.4999999999968,0.998,0.0,0.0,0.0,401,147,476,2,2.8383731842041016,0.00025,3687
2026-03-17T09:24:34.551122,2,1291,0.0,428.0999999999967,0.998,0.0,0.0,0.0,397,176,476,11,3.4983158111572266,0.00025,3697
2026-03-17T09:24:35.217738,2,1301,0.0,428.59999999999684,0.998,0.0,0.0,0.0,402,173,476,0,4.45246696472168,0.00025,3707
2026-03-17T09:24:35.883568,2,1311,0.0,428.99999999999693,0.998,0.0,0.0,0.0,406,149,476,8,3.5347938537597656,0.00025,3717
2026-03-17T09:24:36.549134,2,1321,-0.1,428.29999999999677,0.998,0.0,0.0,0.0,399,128,476,4,3.224611282348633,0.00025,3727
2026-03-17T09:24:37.214995,2,1331,0.0,427.9999999999967,0.998,0.0,0.0,0.0,396,149,476,1,3.3919811248779297,0.00025,3737
2026-03-17T09:24:37.881895,2,1341,0.0,429.199999999997,0.998,0.0,0.0,0.0,408,147,476,10,6.607532501220703,0.00025,3747
2026-03-17T09:24:38.547836,2,1351,0.0,427.9999999999967,0.998,0.0,0.0,0.0,396,145,476,6,5.290746688842773,0.00025,3757
2026-03-17T09:24:39.213462,2,1361,0.1,429.6999999999971,0.998,0.0,0.0,0.0,413,157,476,1,4.914283752441406,0.00025,3767
2026-03-17T09:24:39.883835,2,1371,0.0,431.7999999999975,0.998,0.0,0.0,0.0,434,161,476,5,9.737968444824219,0.00025,3777
2026-03-17T09:24:40.540617,2,1381,0.0,430.7999999999973,0.998,0.0,0.0,0.0,424,176,476,10,3.1270980834960938,0.00025,3787
2026-03-17T09:24:41.207191,2,1391,-0.1,428.3999999999968,0.998,0.0,0.0,0.0,400,176,476,1,3.4186840057373047,0.00025,3797
2026-03-17T09:24:41.875186,2,1401,0.0,427.9999999999967,0.998,0.0,0.0,0.0,396,96,476,3,3.7949085235595703,0.00025,3807
2026-03-17T09:24:42.538897,2,1411,0.0,427.9999999999967,0.998,0.0,0.0,0.0,396,85,476,0,3.8869380950927734,0.00025,3817
2026-03-17T09:24:43.205930,2,1421,0.0,428.19999999999675,0.998,0.0,0.0,0.0,398,83,476,10,4.94694709777832,0.00025,3827
2026-03-17T09:24:43.871839,2,1431,0.0,429.7999999999971,0.998,0.0,0.0,0.0,414,149,476,4,7.454156875610352,0.00025,3837
2026-03-17T09:24:44.534851,2,1441,0.1,430.0999999999972,0.998,0.0,0.0,0.0,417,176,476,3,4.4231414794921875,0.00025,3847
2026-03-17T09:24:45.201375,2,1451,0.0,430.5999999999973,0.998,0.0,0.0,0.0,422,176,476,10,3.8299560546875,0.00025,3857
2026-03-17T09:24:45.865452,2,1461,0.0,429.49999999999704,0.998,0.0,0.0,0.0,411,176,476,8,4.231452941894531,0.00025,3867
2026-03-17T09:24:46.532050,2,1471,0.0,429.399999999997,0.998,0.0,0.0,0.0,410,168,476,9,3.41033935546875,0.00025,3877
2026-03-17T09:24:47.196641,2,1481,0.0,430.0999999999972,0.998,0.0,0.0,0.0,417,168,476,1,3.5190582275390625,0.00025,3887
2026-03-17T09:24:47.863298,2,1491,0.0,430.2999999999972,0.998,0.0,0.0,0.0,419,168,476,0,3.3113956451416016,0.00025,3897
2026-03-17T09:24:48.530474,2,1501,0.0,430.0999999999972,0.998,0.0,0.0,0.0,417,168,476,6,4.912376403808594,0.00025,3907
2026-03-17T09:24:49.196108,2,1511,0.0,430.1999999999972,0.998,0.0,0.0,0.0,418,168,476,11,6.280422210693359,0.00025,3917
2026-03-17T09:24:49.859107,2,1521,-0.1,428.99999999999693,0.998,0.0,0.0,0.0,406,147,476,9,3.6292076110839844,0.00025,3927
2026-03-17T09:24:50.528558,2,1531,0.0,428.3999999999968,0.998,0.0,0.0,0.0,400,176,476,3,7.0133209228515625,0.00025,3937
2026-03-17T09:24:51.189851,2,1541,-0.1,428.19999999999675,0.998,0.0,0.0,0.0,398,147,476,9,3.2629966735839844,0.00025,3947
2026-03-17T09:24:51.856788,2,1551,0.1,430.0999999999972,0.998,0.0,0.0,0.0,417,149,476,0,3.2138824462890625,0.00025,3957
2026-03-17T09:24:52.521049,2,1561,0.0,431.59999999999735,0.998,0.0,0.0,0.0,432,147,476,1,3.6759376525878906,0.00025,3967
2026-03-17T09:24:53.187080,2,1571,0.0,431.59999999999735,0.998,0.0,0.0,0.0,432,145,476,8,3.5543441772460938,0.00025,3977
2026-03-17T09:24:53.853032,2,1581,0.0,429.4999999999969,0.998,0.0,0.0,0.0,411,173,476,10,3.337383270263672,0.00025,3987
2026-03-17T09:24:54.520049,2,1591,0.0,428.09999999999656,0.998,0.0,0.0,0.0,397,176,476,6,3.7212371826171875,0.00025,3997
2026-03-17T09:24:55.185876,2,1601,0.1,428.59999999999667,0.998,0.0,0.0,0.0,402,176,476,6,5.655527114868164,0.00025,4007
2026-03-17T09:24:55.852042,2,1611,0.0,428.3999999999966,0.998,0.0,0.0,0.0,400,176,476,5,6.459951400756836,0.00025,4017
2026-03-17T09:24:56.515833,2,1621,0.0,428.59999999999667,0.998,0.0,0.0,0.0,402,176,476,0,4.382610321044922,0.00025,4027
2026-03-17T09:24:57.182455,2,1631,0.0,427.99999999999653,0.998,0.0,0.0,0.0,396,176,476,5,4.9076080322265625,0.00025,4037
2026-03-17T09:24:57.844728,2,1641,0.0,428.1999999999966,0.998,0.0,0.0,0.0,398,176,476,3,3.2362937927246094,0.00025,4047
2026-03-17T09:24:58.512664,2,1651,0.1,428.59999999999667,0.998,0.0,0.0,0.0,402,152,476,3,2.8526782989501953,0.00025,4057
2026-03-17T09:24:59.176852,2,1661,0.0,428.59999999999667,0.998,0.0,0.0,0.0,402,152,476,11,3.0188560485839844,0.00025,4067
2026-03-17T09:24:59.844696,2,1671,0.0,428.2999999999966,0.998,0.0,0.0,0.0,399,176,476,3,4.883527755737305,0.00025,4077
2026-03-17T09:25:00.509380,2,1681,0.0,428.6999999999967,0.998,0.0,0.0,0.0,403,149,476,4,4.770755767822266,0.00025,4087
2026-03-17T09:25:01.175368,2,1691,0.0,429.79999999999694,0.998,0.0,0.0,0.0,414,176,476,11,5.012035369873047,0.00025,4097
2026-03-17T09:25:01.837476,2,1701,0.0,430.19999999999703,0.998,0.0,0.0,0.0,418,160,476,7,3.065824508666992,0.00025,4107
2026-03-17T09:25:02.508614,2,1711,-0.1,430.3999999999971,0.998,0.0,0.0,0.0,420,136,476,5,7.0514678955078125,0.00025,4117
2026-03-17T09:25:03.172812,2,1721,0.0,428.49999999999665,0.998,0.0,0.0,0.0,401,176,476,0,4.937887191772461,0.00025,4127
2026-03-17T09:25:03.836326,2,1731,0.0,428.3999999999966,0.998,0.0,0.0,0.0,400,149,476,10,3.1888484954833984,0.00025,4137
2026-03-17T09:25:04.503013,2,1741,0.0,427.99999999999653,0.998,0.0,0.0,0.0,396,147,476,5,4.3735504150390625,0.00025,4147
2026-03-17T09:25:05.167466,2,1751,0.0,428.1999999999966,0.998,0.0,0.0,0.0,398,128,476,10,3.3080577850341797,0.00025,4157
2026-03-17T09:25:05.832480,2,1761,-0.1,427.99999999999653,0.998,0.0,0.0,0.0,396,147,476,3,3.5898685455322266,0.00025,4167
2026-03-17T09:25:06.500299,2,1771,0.0,428.3999999999966,0.998,0.0,0.0,0.0,400,157,476,4,4.474639892578125,0.00025,4177
2026-03-17T09:25:07.161602,2,1781,0.0,428.7999999999967,0.998,0.0,0.0,0.0,404,173,476,3,3.099203109741211,0.00025,4187
2026-03-17T09:25:07.832738,2,1791,0.0,428.2999999999966,0.998,0.0,0.0,0.0,399,114,476,0,5.896091461181641,0.00025,4197
2026-03-17T09:25:08.496826,2,1801,0.1,429.0999999999968,0.998,0.0,0.0,0.0,407,147,476,0,4.620790481567383,0.00025,4207
2026-03-17T09:25:09.161233,2,1811,0.0,428.89999999999674,0.998,0.0,0.0,0.0,405,176,476,11,3.1294822692871094,0.00025,4217
2026-03-17T09:25:09.825443,2,1821,0.0,428.3999999999966,0.998,0.0,0.0,0.0,400,160,476,10,3.2334327697753906,0.00025,4227
2026-03-17T09:25:10.491313,2,1831,0.0,428.6999999999967,0.998,0.0,0.0,0.0,403,176,476,1,3.7665367126464844,0.00025,4237
2026-03-17T09:25:11.157862,2,1841,0.0,428.99999999999676,0.998,0.0,0.0,0.0,406,176,476,6,3.4003257751464844,0.00025,4247
2026-03-17T09:25:11.823441,2,1851,0.0,428.59999999999667,0.998,0.0,0.0,0.0,402,176,476,9,2.08282470703125,0.00025,4257
2026-03-17T09:25:12.488400,2,1861,0.1,430.79999999999717,0.998,0.0,0.0,0.0,424,176,476,4,4.7512054443359375,0.00025,4267
2026-03-17T09:25:13.154256,2,1871,0.1,433.0999999999977,0.998,0.0,0.0,0.0,447,103,476,9,5.349636077880859,0.00025,4277
2026-03-17T09:25:13.818396,2,1881,1.0,440.99999999999835,0.998,0.0,0.0,0.0,481,125,481,11,3.6478042602539062,0.00025,4287
2026-03-17T09:25:14.486504,2,1891,0.0,454.59999999999826,0.998,0.0,0.0,0.0,491,157,495,10,5.027055740356445,0.00025,4297
2026-03-17T09:25:15.148666,2,1901,0.0,454.59999999999826,0.998,0.0,0.0,0.0,491,176,495,11,3.300905227661133,0.00025,4307
2026-03-17T09:25:15.815693,2,1911,0.0,454.2999999999982,0.998,0.0,0.0,0.0,488,173,495,3,4.558086395263672,0.00025,4317
2026-03-17T09:25:16.499821,2,1921,0.0,460.99999999999835,0.998,0.0,0.0,0.0,501,176,501,0,5.803823471069336,0.00025,4327
2026-03-17T09:25:17.166562,2,1931,0.0,482.99999999999835,0.998,0.0,0.0,0.0,523,176,523,7,6.523370742797852,0.00025,4337
2026-03-17T09:25:17.828754,2,1941,0.0,511.99999999999835,0.998,0.0,0.0,0.0,552,168,552,1,3.853321075439453,0.00025,4347
2026-03-17T09:25:18.497280,2,1951,0.0,529.7999999999984,0.998,0.0,0.0,0.0,568,147,570,10,5.8460235595703125,0.00025,4357
2026-03-17T09:25:19.159932,2,1961,0.0,528.7999999999981,0.998,0.0,0.0,0.0,558,160,570,11,3.6764144897460938,0.00025,4367
2026-03-17T09:25:19.827654,2,1971,-0.1,525.7999999999975,0.998,0.0,0.0,0.0,528,135,570,1,4.501819610595703,0.00025,4377
2026-03-17T09:25:20.491701,2,1981,0.0,521.8999999999966,0.998,0.0,0.0,0.0,489,161,570,4,4.2896270751953125,0.00025,4387
2026-03-17T09:25:21.158180,2,1991,0.0,522.0999999999966,0.998,0.0,0.0,0.0,491,160,570,0,3.3652782440185547,0.00025,4397
2026-03-17T09:25:21.823092,2,2001,0.0,521.8999999999966,0.998,0.0,0.0,0.0,489,176,570,5,3.2427310943603516,0.00025,4407
2026-03-17T09:25:22.490501,2,2011,0.0,522.0999999999966,0.998,0.0,0.0,0.0,491,160,570,3,7.517337799072266,0.00025,4417
2026-03-17T09:25:23.156651,2,2021,0.0,522.0999999999966,0.998,0.0,0.0,0.0,491,160,570,6,5.551338195800781,0.00025,4427
2026-03-17T09:25:23.819930,2,2031,0.0,521.8999999999966,0.998,0.0,0.0,0.0,489,135,570,3,4.640102386474609,0.00025,4437
2026-03-17T09:25:24.486962,2,2041,0.0,522.7999999999968,0.998,0.0,0.0,0.0,498,147,570,9,5.737543106079102,0.00025,4447
2026-03-17T09:25:25.155026,2,2051,0.1,525.6999999999974,0.998,0.0,0.0,0.0,527,111,570,10,8.244514465332031,0.00025,4457
2026-03-17T09:25:25.816911,2,2061,-0.1,526.9999999999977,0.998,0.0,0.0,0.0,540,160,570,1,3.2553672790527344,0.00025,4467
2026-03-17T09:25:26.482341,2,2071,0.0,524.3999999999971,0.998,0.0,0.0,0.0,514,160,570,3,2.500772476196289,0.00025,4477
2026-03-17T09:25:27.147807,2,2081,0.1,522.9999999999968,0.998,0.0,0.0,0.0,500,149,570,7,2.6924610137939453,0.00025,4487
2026-03-17T09:25:27.814504,2,2091,0.2,527.2999999999978,0.998,0.0,0.0,0.0,543,147,570,1,3.5512447357177734,0.00025,4497
2026-03-17T09:25:28.478895,2,2101,1.0,551.9999999999984,0.998,0.0,0.0,0.0,592,160,592,7,4.5146942138671875,0.00025,4507
2026-03-17T09:25:29.145827,2,2111,-0.1,551.7999999999979,0.998,0.0,0.0,0.0,572,147,594,2,5.87916374206543,0.00025,4517
2026-03-17T09:25:29.812532,2,2121,-0.1,545.9999999999966,0.998,0.0,0.0,0.0,514,154,594,0,5.192041397094727,0.00025,4527
2026-03-17T09:25:30.475867,2,2131,0.1,546.3999999999967,0.998,0.0,0.0,0.0,518,173,594,5,4.468441009521484,0.00025,4537
2026-03-17T09:25:31.139356,2,2141,0.1,546.5999999999967,0.998,0.0,0.0,0.0,520,149,594,10,3.198862075805664,0.00025,4547
2026-03-17T09:25:31.806748,2,2151,0.0,547.4999999999969,0.998,0.0,0.0,0.0,529,149,594,4,5.23066520690918,0.00025,4557
2026-03-17T09:25:32.471485,2,2161,0.0,548.0999999999971,0.998,0.0,0.0,0.0,535,160,594,8,3.1876564025878906,0.00025,4567
2026-03-17T09:25:33.137481,2,2171,0.0,545.7999999999965,0.998,0.0,0.0,0.0,512,145,594,9,5.744218826293945,0.00025,4577
2026-03-17T09:25:33.804196,2,2181,0.0,545.8999999999966,0.998,0.0,0.0,0.0,513,147,594,6,3.393411636352539,0.00025,4587
2026-03-17T09:25:34.469908,2,2191,0.1,547.899999999997,0.998,0.0,0.0,0.0,533,135,594,3,4.610776901245117,0.00025,4597
2026-03-17T09:25:35.136759,2,2201,0.1,550.8999999999977,0.998,0.0,0.0,0.0,563,131,594,8,6.702899932861328,0.00025,4607
2026-03-17T09:25:35.802051,2,2211,0.0,552.199999999998,0.998,0.0,0.0,0.0,576,168,594,6,5.359172821044922,0.00025,4617
2026-03-17T09:25:36.464371,2,2221,-0.1,551.1999999999978,0.998,0.0,0.0,0.0,566,148,594,10,3.161191940307617,0.00025,4627
2026-03-17T09:25:37.133043,2,2231,0.0,550.3999999999976,0.998,0.0,0.0,0.0,558,145,594,4,5.846977233886719,0.00025,4637
2026-03-17T09:25:37.795720,2,2241,0.0,553.9999999999984,0.998,0.0,0.0,0.0,594,126,594,1,3.7641525268554688,0.00025,4647
2026-03-17T09:25:38.462441,2,2251,1.0,600.9999999999984,0.998,0.0,0.0,0.0,641,113,641,6,3.422975540161133,0.00025,4657
2026-03-17T09:25:39.128029,2,2261,1.0,653.9999999999984,0.998,0.0,0.0,0.0,694,143,694,0,3.1614303588867188,0.00025,4667
2026-03-17T09:25:39.794819,2,2271,0.0,681.5999999999983,0.998,0.0,0.0,0.0,718,161,722,0,5.274295806884766,0.00025,4677
2026-03-17T09:25:40.460080,2,2281,0.0,681.3999999999983,0.998,0.0,0.0,0.0,716,176,722,10,6.646871566772461,0.00025,4687
2026-03-17T09:25:41.126636,2,2291,0.0,680.5999999999981,0.998,0.0,0.0,0.0,708,176,722,1,6.874799728393555,0.00025,4697
2026-03-17T09:25:41.787574,2,2301,0.0,681.7999999999984,0.998,0.0,0.0,0.0,720,176,722,2,3.035306930541992,0.00025,4707
2026-03-17T09:25:42.455151,2,2311,0.1,680.9999999999982,0.998,0.0,0.0,0.0,712,147,722,7,3.756284713745117,0.00025,4717
2026-03-17T09:25:43.127693,2,2321,0.0,681.6999999999983,0.998,0.0,0.0,0.0,719,149,722,4,3.2176971435546875,0.00025,4727
2026-03-17T09:25:43.787288,2,2331,0.0,681.9999999999984,0.998,0.0,0.0,0.0,722,176,722,1,4.051685333251953,0.00025,4737
2026-03-17T09:25:44.453374,2,2341,0.0,681.8999999999984,0.998,0.0,0.0,0.0,721,160,722,4,4.822731018066406,0.00025,4747
2026-03-17T09:25:45.119631,2,2351,0.0,681.8999999999984,0.998,0.0,0.0,0.0,721,160,722,3,5.513191223144531,0.00025,4757
2026-03-17T09:25:45.785428,2,2361,0.0,681.4999999999983,0.998,0.0,0.0,0.0,717,147,722,1,4.85992431640625,0.00025,4767
2026-03-17T09:25:46.452595,2,2371,0.0,681.4999999999983,0.998,0.0,0.0,0.0,717,147,722,11,5.632162094116211,0.00025,4777
2026-03-17T09:25:47.113803,2,2381,0.0,681.6999999999983,0.998,0.0,0.0,0.0,719,138,722,6,4.164934158325195,0.00025,4787
2026-03-17T09:25:47.783153,2,2391,0.0,681.9999999999984,0.998,0.0,0.0,0.0,722,119,722,1,7.166862487792969,0.00025,4797
2026-03-17T09:25:49.009048,3,8,0.0,-0.6,0.996004,0.0,0.0,0.0,34,176,40,9,3.594636917114258,0.00025,4807
2026-03-17T09:25:49.675621,3,18,0.0,17.0,0.996004,0.0,0.0,0.0,57,176,57,4,3.437519073486328,0.00025,4817
2026-03-17T09:25:50.338980,3,28,1.0,68.0,0.996004,0.0,0.0,0.0,108,176,108,0,0.9853839874267578,0.00025,4827
2026-03-17T09:25:51.003519,3,38,1.0,121.0,0.996004,0.0,0.0,0.0,161,176,161,9,1.4889240264892578,0.00025,4837
2026-03-17T09:25:51.670009,3,48,1.0,179.0,0.996004,0.0,0.0,0.0,219,142,219,7,1.0085105895996094,0.00025,4847
2026-03-17T09:25:52.334219,3,58,1.0,238.0,0.996004,0.0,0.0,0.0,278,161,278,11,1.0547637939453125,0.00025,4857
2026-03-17T09:25:53.599681,4,7,0.0,-0.8999999999999999,0.994011992,0.0,0.0,0.0,31,135,40,1,2.1903514862060547,0.00025,4865
2026-03-17T09:25:54.265899,4,17,-0.1,-1.8000000000000005,0.994011992,0.0,0.0,0.0,22,145,40,1,2.275228500366211,0.00025,4875
2026-03-17T09:25:54.933021,4,27,0.0,-3.600000000000002,0.994011992,0.0,0.0,0.0,4,173,40,5,3.711223602294922,0.00025,4885
2026-03-17T09:25:55.600264,4,37,0.0,-3.6000000000000014,0.994011992,0.0,0.0,0.0,4,148,40,10,5.266904830932617,0.00025,4895
2026-03-17T09:25:56.265677,4,47,0.1,-3.7000000000000015,0.994011992,0.0,0.0,0.0,3,157,40,10,4.346609115600586,0.00025,4905
2026-03-17T09:25:56.931244,4,57,0.0,-3.7000000000000015,0.994011992,0.0,0.0,0.0,3,176,40,7,5.662679672241211,0.00025,4915
2026-03-17T09:25:57.595282,4,67,0.1,-1.1999999999999995,0.994011992,0.0,0.0,0.0,28,176,40,8,4.042387008666992,0.00025,4925
2026-03-17T09:25:58.260328,4,77,1.0,10.0,0.994011992,0.0,0.0,0.0,50,168,50,9,3.3578872680664062,0.00025,4935
2026-03-17T09:25:58.926882,4,87,1.0,48.0,0.994011992,0.0,0.0,0.0,88,176,88,5,4.0416717529296875,0.00025,4945
2026-03-17T09:25:59.591458,4,97,0.0,51.599999999999994,0.994011992,0.0,0.0,0.0,88,147,92,11,3.8530826568603516,0.00025,4955
2026-03-17T09:26:00.258331,4,107,0.0,55.0,0.994011992,0.0,0.0,0.0,95,147,95,1,4.701375961303711,0.00025,4965
2026-03-17T09:26:00.923044,4,117,-0.1,55.699999999999996,0.994011992,0.0,0.0,0.0,93,138,96,5,4.03904914855957,0.00025,4975
2026-03-17T09:26:01.589050,4,127,0.0,53.19999999999996,0.994011992,0.0,0.0,0.0,68,135,96,11,4.796504974365234,0.00025,4985
2026-03-17T09:26:02.255894,4,137,0.1,53.99999999999997,0.994011992,0.0,0.0,0.0,76,157,96,7,5.628347396850586,0.00025,4995
2026-03-17T09:26:02.918970,4,147,0.0,54.899999999999984,0.994011992,0.0,0.0,0.0,85,135,96,8,3.1042098999023438,0.00025,5005
2026-03-17T09:26:03.584465,4,157,0.0,54.69999999999998,0.994011992,0.0,0.0,0.0,83,176,96,4,3.4041404724121094,0.00025,5015
2026-03-17T09:26:04.249822,4,167,1.0,70.0,0.994011992,0.0,0.0,0.0,110,176,110,5,2.971172332763672,0.00025,5025
2026-03-17T09:26:04.915681,4,177,0.0,74.90000000000006,0.994011992,0.0,0.0,0.0,105,131,116,7,3.497600555419922,0.00025,5035
2026-03-17T09:26:05.582182,4,187,0.0,73.30000000000015,0.994011992,0.0,0.0,0.0,89,147,116,7,3.262758255004883,0.00025,5045
2026-03-17T09:26:06.248944,4,197,-0.1,71.00000000000028,0.994011992,0.0,0.0,0.0,66,168,116,7,4.74238395690918,0.00025,5055
2026-03-17T09:26:06.913117,4,207,0.0,67.90000000000038,0.994011992,0.0,0.0,0.0,35,176,116,1,4.189252853393555,0.00025,5065
2026-03-17T09:26:07.580242,4,217,0.0,67.90000000000038,0.994011992,0.0,0.0,0.0,35,163,116,4,6.051063537597656,0.00025,5075
2026-03-17T09:26:08.246756,4,227,0.0,68.80000000000032,0.994011992,0.0,0.0,0.0,44,173,116,10,6.677150726318359,0.00025,5085
2026-03-17T09:26:08.912726,4,237,0.0,68.40000000000035,0.994011992,0.0,0.0,0.0,40,176,116,3,6.126642227172852,0.00025,5095
2026-03-17T09:26:09.574720,4,247,0.0,68.00000000000037,0.994011992,0.0,0.0,0.0,36,149,116,3,3.3578872680664062,0.00025,5105
2026-03-17T09:26:10.241575,4,257,0.0,68.00000000000037,0.994011992,0.0,0.0,0.0,36,149,116,10,3.349781036376953,0.00025,5115
2026-03-17T09:26:10.905723,4,267,0.0,67.90000000000038,0.994011992,0.0,0.0,0.0,35,145,116,1,3.374338150024414,0.00025,5125
2026-03-17T09:26:11.572073,4,277,0.0,68.70000000000033,0.994011992,0.0,0.0,0.0,43,152,116,3,3.8411617279052734,0.00025,5135
2026-03-17T09:26:12.239129,4,287,0.0,68.20000000000036,0.994011992,0.0,0.0,0.0,38,165,116,4,4.853963851928711,0.00025,5145
2026-03-17T09:26:12.903493,4,297,-0.1,68.00000000000037,0.994011992,0.0,0.0,0.0,36,176,116,7,4.584312438964844,0.00025,5155
2026-03-17T09:26:13.579199,4,307,-0.1,68.00000000000037,0.994011992,0.0,0.0,0.0,36,160,116,4,14.038562774658203,0.00025,5165
2026-03-17T09:26:14.237632,4,317,0.1,68.10000000000036,0.994011992,0.0,0.0,0.0,37,160,116,3,7.848262786865234,0.00025,5175
2026-03-17T09:26:14.899210,4,327,0.0,68.20000000000036,0.994011992,0.0,0.0,0.0,38,145,116,10,3.0155181884765625,0.00025,5185
2026-03-17T09:26:15.565150,4,337,0.1,68.40000000000035,0.994011992,0.0,0.0,0.0,40,157,116,2,3.125429153442383,0.00025,5195
2026-03-17T09:26:16.230513,4,347,-0.1,68.60000000000034,0.994011992,0.0,0.0,0.0,42,157,116,9,3.1855106353759766,0.00025,5205
2026-03-17T09:26:16.895544,4,357,0.1,69.50000000000028,0.994011992,0.0,0.0,0.0,51,165,116,8,2.901315689086914,0.00025,5215
2026-03-17T09:26:17.562697,4,367,0.1,71.20000000000019,0.994011992,0.0,0.0,0.0,68,152,116,5,4.644632339477539,0.00025,5225
2026-03-17T09:26:18.229394,4,377,0.0,70.70000000000022,0.994011992,0.0,0.0,0.0,63,176,116,9,4.601955413818359,0.00025,5235
2026-03-17T09:26:18.895162,4,387,0.0,71.40000000000018,0.994011992,0.0,0.0,0.0,70,149,116,8,6.32023811340332,0.00025,5245
2026-03-17T09:26:19.560939,4,397,0.0,71.60000000000016,0.994011992,0.0,0.0,0.0,72,176,116,11,6.58106803894043,0.00025,5255
2026-03-17T09:26:20.227807,4,407,0.0,71.1000000000002,0.994011992,0.0,0.0,0.0,67,173,116,2,6.612539291381836,0.00025,5265
2026-03-17T09:26:20.889089,4,417,0.1,71.60000000000016,0.994011992,0.0,0.0,0.0,72,176,116,5,3.2889842987060547,0.00025,5275
2026-03-17T09:26:21.554838,4,427,0.0,72.30000000000013,0.994011992,0.0,0.0,0.0,79,176,116,2,3.390789031982422,0.00025,5285
2026-03-17T09:26:22.220442,4,437,-0.1,71.30000000000018,0.994011992,0.0,0.0,0.0,69,176,116,3,3.4935474395751953,0.00025,5295
2026-03-17T09:26:22.886603,4,447,0.0,70.60000000000022,0.994011992,0.0,0.0,0.0,62,160,116,11,3.6649703979492188,0.00025,5305
2026-03-17T09:26:23.553220,4,457,0.0,70.20000000000024,0.994011992,0.0,0.0,0.0,58,147,116,3,4.739522933959961,0.00025,5315
2026-03-17T09:26:24.216369,4,467,0.0,70.60000000000022,0.994011992,0.0,0.0,0.0,62,136,116,10,2.790212631225586,0.00025,5325
2026-03-17T09:26:24.884397,4,477,0.0,67.90000000000036,0.994011992,0.0,0.0,0.0,35,176,116,6,5.68079948425293,0.00025,5335
2026-03-17T09:26:25.551689,4,487,0.0,68.10000000000035,0.994011992,0.0,0.0,0.0,37,146,116,3,6.798028945922852,0.00025,5345
2026-03-17T09:26:26.217726,4,497,0.1,68.50000000000033,0.994011992,0.0,0.0,0.0,41,149,116,3,5.92803955078125,0.00025,5355
2026-03-17T09:26:26.885355,4,507,0.0,69.50000000000027,0.994011992,0.0,0.0,0.0,51,147,116,4,9.236812591552734,0.00025,5365
2026-03-17T09:26:27.544356,4,517,-0.1,71.50000000000016,0.994011992,0.0,0.0,0.0,71,176,116,0,3.4062862396240234,0.00025,5375
2026-03-17T09:26:28.209225,4,527,0.0,71.70000000000014,0.994011992,0.0,0.0,0.0,73,157,116,1,2.2225379943847656,0.00025,5385
2026-03-17T09:26:28.877592,4,537,0.0,72.10000000000012,0.994011992,0.0,0.0,0.0,77,168,116,8,4.632472991943359,0.00025,5395
2026-03-17T09:26:29.542793,4,547,0.0,71.10000000000018,0.994011992,0.0,0.0,0.0,67,160,116,0,4.6539306640625,0.00025,5405
2026-03-17T09:26:30.209182,4,557,0.0,72.70000000000009,0.994011992,0.0,0.0,0.0,83,160,116,10,6.00123405456543,0.00025,5415
2026-03-17T09:26:30.875966,4,567,-0.1,70.10000000000024,0.994011992,0.0,0.0,0.0,57,147,116,0,6.909847259521484,0.00025,5425
2026-03-17T09:26:31.539137,4,577,0.0,67.90000000000033,0.994011992,0.0,0.0,0.0,35,147,116,4,3.427267074584961,0.00025,5435
2026-03-17T09:26:32.203472,4,587,0.1,71.90000000000022,0.994011992,0.0,0.0,0.0,75,156,116,9,3.0879974365234375,0.00025,5445
2026-03-17T09:26:32.870828,4,597,1.0,110.90000000000025,0.994011992,0.0,0.0,0.0,151,140,151,2,4.267692565917969,0.00025,5455
2026-03-17T09:26:33.535918,4,607,1.0,172.90000000000026,0.994011992,0.0,0.0,0.0,213,137,213,4,5.003690719604492,0.00025,5465
2026-03-17T09:26:34.198560,4,617,1.0,231.90000000000026,0.994011992,0.0,0.0,0.0,272,176,272,8,1.4698505401611328,0.00025,5475
2026-03-17T09:26:34.868323,4,627,1.0,279.90000000000026,0.994011992,0.0,0.0,0.0,320,176,320,3,5.6247711181640625,0.00025,5485
2026-03-17T09:26:35.550295,4,637,0.0,302.90000000000026,0.994011992,0.0,0.0,0.0,343,176,343,2,5.647897720336914,0.00025,5495
2026-03-17T09:26:36.215487,4,647,0.0,310.90000000000026,0.994011992,0.0,0.0,0.0,351,160,351,1,4.443645477294922,0.00025,5505
2026-03-17T09:26:36.878472,4,657,0.0,321.90000000000026,0.994011992,0.0,0.0,0.0,362,149,362,7,3.0574798583984375,0.00025,5515
2026-03-17T09:26:37.544389,4,667,0.0,322.7000000000002,0.994011992,0.0,0.0,0.0,361,145,363,11,3.074169158935547,0.00025,5525
2026-03-17T09:26:38.211725,4,677,-0.1,322.40000000000015,0.994011992,0.0,0.0,0.0,358,147,363,3,4.1904449462890625,0.00025,5535
2026-03-17T09:26:38.875587,4,687,0.0,322.2000000000001,0.994011992,0.0,0.0,0.0,356,157,363,1,3.132343292236328,0.00025,5545
2026-03-17T09:26:39.542088,4,697,0.0,322.40000000000015,0.994011992,0.0,0.0,0.0,358,176,363,8,3.055095672607422,0.00025,5555
2026-03-17T09:26:40.206912,4,707,0.0,322.7000000000002,0.994011992,0.0,0.0,0.0,361,160,363,1,2.9141902923583984,0.00025,5565
2026-03-17T09:26:40.873698,4,717,0.0,331.7000000000002,0.994011992,0.0,0.0,0.0,370,149,372,6,4.619121551513672,0.00025,5575
2026-03-17T09:26:41.540023,4,727,0.0,330.90000000000003,0.994011992,0.0,0.0,0.0,362,160,372,10,5.728006362915039,0.00025,5585
2026-03-17T09:26:42.206915,4,737,0.0,330.09999999999985,0.994011992,0.0,0.0,0.0,354,147,372,1,6.20579719543457,0.00025,5595
2026-03-17T09:26:42.872808,4,747,0.0,329.59999999999974,0.994011992,0.0,0.0,0.0,349,169,372,4,5.764961242675781,0.00025,5605
2026-03-17T09:26:43.533995,4,757,0.1,330.2999999999999,0.994011992,0.0,0.0,0.0,356,176,372,9,2.9783248901367188,0.00025,5615
2026-03-17T09:26:44.200043,4,767,1.0,339.90000000000026,0.994011992,0.0,0.0,0.0,380,147,380,6,3.204822540283203,0.00025,5625
2026-03-17T09:26:44.865223,4,777,0.0,349.2000000000001,0.994011992,0.0,0.0,0.0,383,157,390,7,3.146648406982422,0.00025,5635
2026-03-17T09:26:45.532526,4,787,0.0,348.59999999999997,0.994011992,0.0,0.0,0.0,377,149,390,9,4.019737243652344,0.00025,5645
2026-03-17T09:26:46.197559,4,797,1.0,376.9000000000002,0.994011992,0.0,0.0,0.0,417,135,417,11,4.130363464355469,0.00025,5655
2026-03-17T09:26:46.865305,4,807,0.0,395.9000000000002,0.994011992,0.0,0.0,0.0,436,144,436,7,5.031347274780273,0.00025,5665
2026-03-17T09:26:47.529885,4,817,0.0,398.20000000000005,0.994011992,0.0,0.0,0.0,432,170,439,0,5.715847015380859,0.00025,5675
2026-03-17T09:26:48.197799,4,827,0.0,396.09999999999957,0.994011992,0.0,0.0,0.0,411,160,439,9,7.335424423217773,0.00025,5685
2026-03-17T09:26:48.859232,4,837,0.1,394.5999999999992,0.994011992,0.0,0.0,0.0,396,176,439,5,2.9904842376708984,0.00025,5695
2026-03-17T09:26:49.524830,4,847,0.0,394.5999999999992,0.994011992,0.0,0.0,0.0,396,176,439,9,3.4110546112060547,0.00025,5705
2026-03-17T09:26:50.190541,4,857,0.0,394.9999999999993,0.994011992,0.0,0.0,0.0,400,176,439,5,3.308534622192383,0.00025,5715
2026-03-17T09:26:50.856276,4,867,-0.1,390.99999999999886,0.994011992,0.0,0.0,0.0,360,147,439,7,4.168510437011719,0.00025,5725
2026-03-17T09:26:51.522231,4,877,0.0,390.29999999999876,0.994011992,0.0,0.0,0.0,353,169,439,2,4.107236862182617,0.00025,5735
2026-03-17T09:26:52.187176,4,887,0.0,389.89999999999867,0.994011992,0.0,0.0,0.0,349,149,439,8,3.717184066772461,0.00025,5745
2026-03-17T09:26:52.853592,4,897,0.0,389.9999999999987,0.994011992,0.0,0.0,0.0,350,144,439,0,3.584623336791992,0.00025,5755
2026-03-17T09:26:53.521084,4,907,0.0,389.9999999999987,0.994011992,0.0,0.0,0.0,350,149,439,5,6.704092025756836,0.00025,5765
2026-03-17T09:26:54.186511,4,917,0.0,390.0999999999987,0.994011992,0.0,0.0,0.0,351,157,439,10,6.225824356079102,0.00025,5775
2026-03-17T09:26:54.847323,4,927,0.0,389.9999999999987,0.994011992,0.0,0.0,0.0,350,142,439,11,1.935720443725586,0.00025,5785
2026-03-17T09:26:55.515031,4,937,0.0,389.89999999999867,0.994011992,0.0,0.0,0.0,349,176,439,6,2.9654502868652344,0.00025,5795
2026-03-17T09:26:56.183547,4,947,0.0,389.9999999999987,0.994011992,0.0,0.0,0.0,350,149,439,2,4.796028137207031,0.00025,5805
2026-03-17T09:26:56.847577,4,957,0.0,389.89999999999867,0.994011992,0.0,0.0,0.0,349,147,439,6,5.231380462646484,0.00025,5815
2026-03-17T09:26:57.513861,4,967,0.0,391.59999999999906,0.994011992,0.0,0.0,0.0,366,173,439,7,5.4836273193359375,0.00025,5825
2026-03-17T09:26:58.179889,4,977,0.0,394.59999999999974,0.994011992,0.0,0.0,0.0,396,176,439,11,4.961729049682617,0.00025,5835
2026-03-17T09:26:58.845595,4,987,0.0,394.69999999999976,0.994011992,0.0,0.0,0.0,397,176,439,7,5.032062530517578,0.00025,5845
2026-03-17T09:26:59.511468,4,997,0.0,394.29999999999967,0.994011992,0.0,0.0,0.0,393,157,439,9,5.7888031005859375,0.00025,5855
2026-03-17T09:27:00.174792,4,1007,0.2,397.19999999999993,0.994011992,0.0,0.0,0.0,422,176,439,8,4.956722259521484,0.00025,5865
2026-03-17T09:27:00.843564,4,1017,0.0,398.4,0.994011992,0.0,0.0,0.0,434,176,439,7,8.113622665405273,0.00025,5875
2026-03-17T09:27:01.506716,4,1027,0.0,398.19999999999993,0.994011992,0.0,0.0,0.0,432,149,439,4,4.423856735229492,0.00025,5885
2026-03-17T09:27:02.171456,4,1037,0.0,397.79999999999984,0.994011992,0.0,0.0,0.0,428,157,439,0,4.479885101318359,0.00025,5895
2026-03-17T09:27:02.837431,4,1047,0.1,398.19999999999993,0.994011992,0.0,0.0,0.0,432,176,439,9,4.6443939208984375,0.00025,5905
2026-03-17T09:27:03.502481,4,1057,0.0,398.29999999999995,0.994011992,0.0,0.0,0.0,433,147,439,6,4.619121551513672,0.00025,5915
2026-03-17T09:27:04.169931,4,1067,0.0,397.1999999999997,0.994011992,0.0,0.0,0.0,422,147,439,2,6.5288543701171875,0.00025,5925
2026-03-17T09:27:04.835603,4,1077,0.1,397.79999999999984,0.994011992,0.0,0.0,0.0,428,176,439,8,5.52678108215332,0.00025,5935
2026-03-17T09:27:05.499811,4,1087,-0.1,397.0999999999997,0.994011992,0.0,0.0,0.0,421,168,439,0,4.800558090209961,0.00025,5945
2026-03-17T09:27:06.164006,4,1097,0.0,396.3999999999995,0.994011992,0.0,0.0,0.0,414,176,439,9,3.1042098999023438,0.00025,5955
2026-03-17T09:27:06.831794,4,1107,0.0,398.4,0.994011992,0.0,0.0,0.0,434,145,439,7,6.177186965942383,0.00025,5965
2026-03-17T09:27:07.495188,4,1117,1.0,415.9000000000001,0.994011992,0.0,0.0,0.0,456,128,456,6,3.401041030883789,0.00025,5975
2026-03-17T09:27:08.161075,4,1127,0.0,432.80000000000007,0.994011992,0.0,0.0,0.0,472,144,473,0,4.199981689453125,0.00025,5985
2026-03-17T09:27:08.825408,4,1137,-0.1,430.99999999999966,0.994011992,0.0,0.0,0.0,454,117,473,11,2.0902156829833984,0.00025,5995
2026-03-17T09:27:09.491069,4,1147,-0.1,426.9999999999988,0.994011992,0.0,0.0,0.0,414,176,473,4,2.9125213623046875,0.00025,6005
2026-03-17T09:27:10.159324,4,1157,0.1,424.7999999999984,0.994011992,0.0,0.0,0.0,392,147,473,1,5.353689193725586,0.00025,6015
2026-03-17T09:27:10.826279,4,1167,0.1,429.39999999999895,0.994011992,0.0,0.0,0.0,438,137,473,4,7.330179214477539,0.00025,6025
2026-03-17T09:27:11.492078,4,1177,1.0,446.89999999999924,0.994011992,0.0,0.0,0.0,487,162,487,8,6.820917129516602,0.00025,6035
2026-03-17T09:27:12.154805,4,1187,1.0,476.89999999999924,0.994011992,0.0,0.0,0.0,517,176,517,0,4.363059997558594,0.00025,6045
2026-03-17T09:27:12.818988,4,1197,0.0,499.89999999999924,0.994011992,0.0,0.0,0.0,540,176,540,3,3.504514694213867,0.00025,6055
2026-03-17T09:27:13.484188,4,1207,0.0,499.7999999999992,0.994011992,0.0,0.0,0.0,539,160,540,11,3.083467483520508,0.00025,6065
2026-03-17T09:27:14.152869,4,1217,0.0,509.89999999999924,0.994011992,0.0,0.0,0.0,550,176,550,6,4.948139190673828,0.00025,6075
2026-03-17T09:27:14.817632,4,1227,0.0,508.899999999999,0.994011992,0.0,0.0,0.0,540,176,550,3,4.863262176513672,0.00025,6085
2026-03-17T09:27:15.485058,4,1237,0.0,505.69999999999834,0.994011992,0.0,0.0,0.0,508,160,550,11,6.667852401733398,0.00025,6095
2026-03-17T09:27:16.149615,4,1247,0.0,502.7999999999979,0.994011992,0.0,0.0,0.0,479,138,550,11,6.351947784423828,0.00025,6105
2026-03-17T09:27:16.813069,4,1257,-0.1,503.6999999999981,0.994011992,0.0,0.0,0.0,488,147,550,6,3.790140151977539,0.00025,6115
2026-03-17T09:27:17.478919,4,1267,0.0,503.199999999998,0.994011992,0.0,0.0,0.0,483,152,550,1,4.363298416137695,0.00025,6125
2026-03-17T09:27:18.145888,4,1277,0.0,502.6999999999979,0.994011992,0.0,0.0,0.0,478,159,550,9,5.579233169555664,0.00025,6135
2026-03-17T09:27:18.809455,4,1287,0.0,502.7999999999979,0.994011992,0.0,0.0,0.0,479,157,550,0,3.4003257751464844,0.00025,6145
2026-03-17T09:27:19.475378,4,1297,0.0,502.6999999999979,0.994011992,0.0,0.0,0.0,478,157,550,8,4.24504280090332,0.00025,6155
2026-03-17T09:27:20.143261,4,1307,0.1,503.6999999999981,0.994011992,0.0,0.0,0.0,488,176,550,7,6.003856658935547,0.00025,6165
2026-03-17T09:27:20.807257,4,1317,0.2,509.09999999999854,0.994011992,0.0,0.0,0.0,542,171,550,4,4.561185836791992,0.00025,6175
2026-03-17T09:27:21.475118,4,1327,1.0,551.7999999999986,0.994011992,0.0,0.0,0.0,592,143,592,5,6.903409957885742,0.00025,6185
2026-03-17T09:27:22.139876,4,1337,0.0,553.6999999999986,0.994011992,0.0,0.0,0.0,593,173,594,7,5.722999572753906,0.00025,6195
2026-03-17T09:27:22.802054,4,1347,-0.1,554.5999999999985,0.994011992,0.0,0.0,0.0,593,148,595,5,3.4558773040771484,0.00025,6205
2026-03-17T09:27:23.468725,4,1357,0.0,553.8999999999984,0.994011992,0.0,0.0,0.0,586,140,595,4,3.8378238677978516,0.00025,6215
2026-03-17T09:27:24.136196,4,1367,0.0,552.4999999999981,0.994011992,0.0,0.0,0.0,572,176,595,11,4.159688949584961,0.00025,6225
2026-03-17T09:27:24.802479,4,1377,0.0,552.4999999999981,0.994011992,0.0,0.0,0.0,572,176,595,0,5.483150482177734,0.00025,6235
2026-03-17T09:27:25.467761,4,1387,0.0,553.1999999999982,0.994011992,0.0,0.0,0.0,579,176,595,5,5.788564682006836,0.00025,6245
2026-03-17T09:27:26.134205,4,1397,0.0,553.0999999999982,0.994011992,0.0,0.0,0.0,578,147,595,1,5.940437316894531,0.00025,6255
2026-03-17T09:27:26.801061,4,1407,0.0,553.4999999999983,0.994011992,0.0,0.0,0.0,582,136,595,10,8.858680725097656,0.00025,6265
2026-03-17T09:27:27.464856,4,1417,0.0,553.8999999999984,0.994011992,0.0,0.0,0.0,586,176,595,8,6.888151168823242,0.00025,6275
2026-03-17T09:27:28.127170,4,1427,0.0,552.5999999999981,0.994011992,0.0,0.0,0.0,573,145,595,4,3.7674903869628906,0.00025,6285
2026-03-17T09:27:28.795273,4,1437,0.1,551.3999999999978,0.994011992,0.0,0.0,0.0,561,176,595,1,5.087137222290039,0.00025,6295
2026-03-17T09:27:29.459172,4,1447,-0.1,549.4999999999974,0.994011992,0.0,0.0,0.0,542,160,595,8,3.7119388580322266,0.00025,6305
2026-03-17T09:27:30.123676,4,1457,0.1,546.5999999999967,0.994011992,0.0,0.0,0.0,513,133,595,3,2.630472183227539,0.00025,6315
2026-03-17T09:27:30.791369,4,1467,0.1,547.4999999999969,0.994011992,0.0,0.0,0.0,522,121,595,4,5.02777099609375,0.00025,6325
2026-03-17T09:27:31.455131,4,1477,0.0,550.6999999999977,0.994011992,0.0,0.0,0.0,554,176,595,7,3.980398178100586,0.00025,6335
2026-03-17T09:27:32.122622,4,1487,0.1,553.0999999999982,0.994011992,0.0,0.0,0.0,578,176,595,4,4.976511001586914,0.00025,6345
2026-03-17T09:27:32.785146,4,1497,0.1,579.7999999999986,0.994011992,0.0,0.0,0.0,620,128,620,1,3.0863285064697266,0.00025,6355
2026-03-17T09:27:33.458218,4,1507,0.0,594.7999999999986,0.994011992,0.0,0.0,0.0,635,128,635,3,10.467290878295898,0.00025,6365
2026-03-17T09:27:34.116418,4,1517,0.0,594.5999999999985,0.994011992,0.0,0.0,0.0,633,101,635,8,3.3550262451171875,0.00025,6375
2026-03-17T09:27:34.784301,4,1527,0.0,594.5999999999985,0.994011992,0.0,0.0,0.0,633,99,635,6,3.892183303833008,0.00025,6385
2026-03-17T09:27:35.449873,4,1537,0.1,594.3999999999985,0.994011992,0.0,0.0,0.0,631,125,635,3,4.64320182800293,0.00025,6395
2026-03-17T09:27:36.115988,4,1547,0.0,594.1999999999985,0.994011992,0.0,0.0,0.0,629,128,635,9,5.332708358764648,0.00025,6405
2026-03-17T09:27:36.780925,4,1557,-0.1,593.5999999999983,0.994011992,0.0,0.0,0.0,623,112,635,5,3.9970874786376953,0.00025,6415
2026-03-17T09:27:37.446243,4,1567,0.0,592.199999999998,0.994011992,0.0,0.0,0.0,609,101,635,4,4.750967025756836,0.00025,6425
2026-03-17T09:27:38.110476,4,1577,0.0,592.4999999999981,0.994011992,0.0,0.0,0.0,612,128,635,7,3.729581832885742,0.00025,6435
2026-03-17T09:27:38.777721,4,1587,0.1,593.3999999999983,0.994011992,0.0,0.0,0.0,621,109,635,11,5.426883697509766,0.00025,6445
2026-03-17T09:27:39.444678,4,1597,0.0,593.6999999999983,0.994011992,0.0,0.0,0.0,624,110,635,10,5.328178405761719,0.00025,6455
2026-03-17T09:27:40.106906,4,1607,0.0,593.9999999999984,0.994011992,0.0,0.0,0.0,627,97,635,1,3.442049026489258,0.00025,6465
2026-03-17T09:27:40.772076,4,1617,0.0,596.7999999999986,0.994011992,0.0,0.0,0.0,637,109,637,2,3.3571720123291016,0.00025,6475
2026-03-17T09:27:41.439151,4,1627,0.0,604.7999999999986,0.994011992,0.0,0.0,0.0,645,157,645,9,4.223346710205078,0.00025,6485
2026-03-17T09:27:42.105240,4,1637,0.0,606.4999999999985,0.994011992,0.0,0.0,0.0,644,165,647,4,4.275083541870117,0.00025,6495
2026-03-17T09:27:42.772560,4,1647,0.0,608.7999999999986,0.994011992,0.0,0.0,0.0,649,165,649,1,6.134748458862305,0.00025,6505
2026-03-17T09:27:43.438024,4,1657,0.0,610.6999999999986,0.994011992,0.0,0.0,0.0,650,173,651,9,4.90570068359375,0.00025,6515
2026-03-17T09:27:44.102534,4,1667,1.0,623.7999999999986,0.994011992,0.0,0.0,0.0,664,148,664,10,5.281686782836914,0.00025,6525
2026-03-17T09:27:44.767662,4,1677,-0.1,624.2999999999982,0.994011992,0.0,0.0,0.0,651,168,666,0,4.793405532836914,0.00025,6535
2026-03-17T09:27:45.429948,4,1687,0.0,623.299999999998,0.994011992,0.0,0.0,0.0,641,176,666,2,1.6736984252929688,0.00025,6545
2026-03-17T09:27:46.096707,4,1697,0.0,623.099999999998,0.994011992,0.0,0.0,0.0,639,157,666,10,2.313852310180664,0.00025,6555
2026-03-17T09:27:46.768790,4,1707,0.0,623.399999999998,0.994011992,0.0,0.0,0.0,642,140,666,2,9.308099746704102,0.00025,6565
2026-03-17T09:27:47.429047,4,1717,0.1,623.7999999999981,0.994011992,0.0,0.0,0.0,646,157,666,10,4.6520233154296875,0.00025,6575
2026-03-17T09:27:48.096417,4,1727,0.0,622.999999999998,0.994011992,0.0,0.0,0.0,638,176,666,2,5.850315093994141,0.00025,6585
2026-03-17T09:27:48.758821,4,1737,0.0,623.299999999998,0.994011992,0.0,0.0,0.0,641,176,666,0,2.905607223510742,0.00025,6595
2026-03-17T09:27:49.426898,4,1747,0.0,623.199999999998,0.994011992,0.0,0.0,0.0,640,176,666,0,5.384683609008789,0.00025,6605
2026-03-17T09:27:50.092620,4,1757,0.0,622.4999999999978,0.994011992,0.0,0.0,0.0,633,112,666,7,5.216836929321289,0.00025,6615
2026-03-17T09:27:50.755098,4,1767,0.1,623.5999999999981,0.994011992,0.0,0.0,0.0,644,99,666,1,3.0481815338134766,0.00025,6625
2026-03-17T09:27:51.422515,4,1777,0.0,624.1999999999982,0.994011992,0.0,0.0,0.0,650,149,666,2,3.8309097290039062,0.00025,6635
2026-03-17T09:27:52.087324,4,1787,0.0,623.7999999999981,0.994011992,0.0,0.0,0.0,646,160,666,3,3.9854049682617188,0.00025,6645
2026-03-17T09:27:52.752617,4,1797,0.0,632.7999999999986,0.994011992,0.0,0.0,0.0,673,145,673,1,3.57818603515625,0.00025,6655
2026-03-17T09:27:53.420826,4,1807,1.0,660.7999999999986,0.994011992,0.0,0.0,0.0,701,173,701,9,5.766153335571289,0.00025,6665
2026-03-17T09:27:54.084893,4,1817,0.0,681.2999999999985,0.994011992,0.0,0.0,0.0,717,115,722,3,5.03087043762207,0.00025,6675
2026-03-17T09:27:54.752666,4,1827,-0.1,679.7999999999981,0.994011992,0.0,0.0,0.0,702,145,722,7,6.6375732421875,0.00025,6685
2026-03-17T09:27:55.418799,4,1837,0.0,679.4999999999981,0.994011992,0.0,0.0,0.0,699,135,722,1,5.49626350402832,0.00025,6695
2026-03-17T09:27:56.080941,4,1847,0.1,680.2999999999982,0.994011992,0.0,0.0,0.0,707,157,722,7,4.343748092651367,0.00025,6705
2026-03-17T09:27:56.749497,4,1857,-0.1,679.099999999998,0.994011992,0.0,0.0,0.0,695,173,722,8,7.329225540161133,0.00025,6715
2026-03-17T09:27:57.412234,4,1867,-0.1,674.899999999997,0.994011992,0.0,0.0,0.0,653,174,722,6,3.767728805541992,0.00025,6725
2026-03-17T09:27:58.077649,4,1877,0.0,673.8999999999968,0.994011992,0.0,0.0,0.0,643,176,722,6,3.5147666931152344,0.00025,6735
2026-03-17T09:27:58.741361,4,1887,0.0,673.8999999999968,0.994011992,0.0,0.0,0.0,643,176,722,9,2.241373062133789,0.00025,6745
2026-03-17T09:27:59.410359,4,1897,0.0,673.9999999999968,0.994011992,0.0,0.0,0.0,644,176,722,10,5.337715148925781,0.00025,6755
2026-03-17T09:28:00.074923,4,1907,0.0,673.8999999999968,0.994011992,0.0,0.0,0.0,643,136,722,10,5.0296783447265625,0.00025,6765
2026-03-17T09:28:00.741559,4,1917,0.0,674.0999999999968,0.994011992,0.0,0.0,0.0,645,149,722,10,5.0907135009765625,0.00025,6775
2026-03-17T09:28:01.408925,4,1927,0.0,673.8999999999968,0.994011992,0.0,0.0,0.0,643,145,722,7,6.933450698852539,0.00025,6785
2026-03-17T09:28:02.073134,4,1937,0.0,674.0999999999968,0.994011992,0.0,0.0,0.0,645,135,722,0,3.8275718688964844,0.00025,6795
2026-03-17T09:28:02.735902,4,1947,0.0,673.8999999999968,0.994011992,0.0,0.0,0.0,643,173,722,3,3.4351348876953125,0.00025,6805
2026-03-17T09:28:03.402909,4,1957,0.0,673.9999999999968,0.994011992,0.0,0.0,0.0,644,148,722,4,4.392385482788086,0.00025,6815
2026-03-17T09:28:04.068456,4,1967,0.0,674.2999999999969,0.994011992,0.0,0.0,0.0,647,173,722,0,4.988908767700195,0.00025,6825
2026-03-17T09:28:04.734358,4,1977,0.0,674.2999999999969,0.994011992,0.0,0.0,0.0,647,176,722,9,5.606889724731445,0.00025,6835
2026-03-17T09:28:05.401139,4,1987,0.0,674.899999999997,0.994011992,0.0,0.0,0.0,653,138,722,1,4.708766937255859,0.00025,6845
2026-03-17T09:28:06.067547,4,1997,0.1,678.2999999999978,0.994011992,0.0,0.0,0.0,687,147,722,4,5.544900894165039,0.00025,6855
2026-03-17T09:28:06.741005,4,2007,0.0,681.7999999999986,0.994011992,0.0,0.0,0.0,722,176,722,1,14.445781707763672,0.00025,6865
2026-03-17T09:28:07.397767,4,2017,0.0,681.6999999999986,0.994011992,0.0,0.0,0.0,721,176,722,0,6.732702255249023,0.00025,6875
2026-03-17T09:28:08.064811,4,2027,-0.1,681.3999999999985,0.994011992,0.0,0.0,0.0,718,163,722,6,8.279800415039062,0.00025,6885
2026-03-17T09:28:08.728132,4,2037,0.0,681.7999999999986,0.994011992,0.0,0.0,0.0,722,176,722,11,4.267215728759766,0.00025,6895
2026-03-17T09:28:09.394248,4,2047,0.0,681.7999999999986,0.994011992,0.0,0.0,0.0,722,176,722,1,5.553483963012695,0.00025,6905
2026-03-17T09:28:10.057894,4,2057,-0.1,681.2999999999985,0.994011992,0.0,0.0,0.0,717,176,722,4,3.863811492919922,0.00025,6915
2026-03-17T09:28:10.723273,4,2067,0.0,680.6999999999983,0.994011992,0.0,0.0,0.0,711,176,722,6,3.941059112548828,0.00025,6925
2026-03-17T09:28:11.391580,4,2077,-0.1,679.6999999999981,0.994011992,0.0,0.0,0.0,701,152,722,6,5.126714706420898,0.00025,6935
2026-03-17T09:28:12.058295,4,2087,0.0,678.8999999999979,0.994011992,0.0,0.0,0.0,693,176,722,1,6.672859191894531,0.00025,6945
2026-03-17T09:28:12.722318,4,2097,0.0,680.3999999999983,0.994011992,0.0,0.0,0.0,708,112,722,6,5.699396133422852,0.00025,6955
2026-03-17T09:28:13.387877,4,2107,0.0,680.5999999999983,0.994011992,0.0,0.0,0.0,710,135,722,8,5.28407096862793,0.00025,6965
2026-03-17T09:28:14.054264,4,2117,-0.1,677.1999999999975,0.994011992,0.0,0.0,0.0,676,173,722,2,7.255077362060547,0.00025,6975
2026-03-17T09:28:14.715953,4,2127,0.0,673.8999999999968,0.994011992,0.0,0.0,0.0,643,176,722,3,2.9947757720947266,0.00025,6985
2026-03-17T09:28:15.382270,4,2137,0.0,674.0999999999968,0.994011992,0.0,0.0,0.0,645,147,722,10,3.435850143432617,0.00025,6995
2026-03-17T09:28:16.048157,4,2147,0.0,674.799999999997,0.994011992,0.0,0.0,0.0,652,145,722,4,4.5452117919921875,0.00025,7005
2026-03-17T09:28:16.715646,4,2157,0.0,674.3999999999969,0.994011992,0.0,0.0,0.0,648,135,722,4,6.330251693725586,0.00025,7015
2026-03-17T09:28:17.382181,4,2167,0.0,674.999999999997,0.994011992,0.0,0.0,0.0,654,147,722,10,6.340980529785156,0.00025,7025
2026-03-17T09:28:18.046843,4,2177,0.0,674.0999999999968,0.994011992,0.0,0.0,0.0,645,149,722,7,6.885051727294922,0.00025,7035
2026-03-17T09:28:18.711447,4,2187,0.0,674.1999999999969,0.994011992,0.0,0.0,0.0,646,157,722,4,5.058526992797852,0.00025,7045
2026-03-17T09:28:19.376132,4,2197,0.0,674.2999999999969,0.994011992,0.0,0.0,0.0,647,173,722,11,4.122257232666016,0.00025,7055
2026-03-17T09:28:20.045350,4,2207,0.0,674.1999999999969,0.994011992,0.0,0.0,0.0,646,176,722,5,7.666349411010742,0.00025,7065
2026-03-17T09:28:20.704740,4,2217,0.1,676.5999999999974,0.994011992,0.0,0.0,0.0,670,173,722,3,2.5930404663085938,0.00025,7075
2026-03-17T09:28:21.370714,4,2227,0.0,678.7999999999979,0.994011992,0.0,0.0,0.0,692,176,722,4,2.843618392944336,0.00025,7085
2026-03-17T09:28:22.039867,4,2237,0.0,678.8999999999979,0.994011992,0.0,0.0,0.0,693,176,722,7,5.896806716918945,0.00025,7095
2026-03-17T09:28:22.704649,4,2247,0.0,678.7999999999979,0.994011992,0.0,0.0,0.0,692,152,722,0,4.654407501220703,0.00025,7105
2026-03-17T09:28:23.370078,4,2257,0.0,677.4999999999976,0.994011992,0.0,0.0,0.0,679,160,722,2,5.097150802612305,0.00025,7115
2026-03-17T09:28:24.035610,4,2267,0.0,676.9999999999975,0.994011992,0.0,0.0,0.0,674,176,722,8,5.125284194946289,0.00025,7125
2026-03-17T09:28:24.701288,4,2277,0.0,675.9999999999973,0.994011992,0.0,0.0,0.0,664,149,722,2,4.6558380126953125,0.00025,7135
2026-03-17T09:28:25.366593,4,2287,0.0,676.2999999999973,0.994011992,0.0,0.0,0.0,667,138,722,10,5.333185195922852,0.00025,7145
2026-03-17T09:28:26.030583,4,2297,0.0,673.8999999999968,0.994011992,0.0,0.0,0.0,643,121,722,7,3.3097267150878906,0.00025,7155
2026-03-17T09:28:26.695182,4,2307,0.1,674.699999999997,0.994011992,0.0,0.0,0.0,651,140,722,4,3.0210018157958984,0.00025,7165
2026-03-17T09:28:27.362086,4,2317,0.0,675.7999999999972,0.994011992,0.0,0.0,0.0,662,160,722,8,3.495454788208008,0.00025,7175
2026-03-17T09:28:28.027520,4,2327,0.0,675.7999999999972,0.994011992,0.0,0.0,0.0,662,149,722,1,3.8843154907226562,0.00025,7185
2026-03-17T09:28:28.697458,4,2337,0.0,675.8999999999972,0.994011992,0.0,0.0,0.0,663,176,722,0,6.44230842590332,0.00025,7195
2026-03-17T09:28:29.361707,4,2347,-0.1,674.3999999999969,0.994011992,0.0,0.0,0.0,648,168,722,7,7.400035858154297,0.00025,7205
2026-03-17T09:28:30.026603,4,2357,0.0,673.9999999999968,0.994011992,0.0,0.0,0.0,644,176,722,4,6.413936614990234,0.00025,7215
2026-03-17T09:28:30.691931,4,2367,0.0,674.699999999997,0.994011992,0.0,0.0,0.0,651,145,722,4,4.699468612670898,0.00025,7225
2026-03-17T09:28:31.357471,4,2377,0.2,679.8999999999982,0.994011992,0.0,0.0,0.0,703,161,722,8,5.433082580566406,0.00025,7235
2026-03-17T09:28:32.022688,4,2387,0.0,681.3999999999985,0.994011992,0.0,0.0,0.0,718,171,722,8,5.55109977722168,0.00025,7245
2026-03-17T09:28:33.169638,5,4,0.0,1.0,0.992023968016,0.0,0.0,0.0,41,151,41,4,3.3485889434814453,0.00025,7255
2026-03-17T09:28:33.834664,5,14,0.0,4.0,0.992023968016,0.0,0.0,0.0,44,135,44,7,4.426717758178711,0.00025,7265
2026-03-17T09:28:34.500211,5,24,0.0,12.0,0.992023968016,0.0,0.0,0.0,52,145,52,5,4.078388214111328,0.00025,7275
2026-03-17T09:28:35.167373,5,34,0.0,13.700000000000001,0.992023968016,0.0,0.0,0.0,51,145,54,3,4.908323287963867,0.00025,7285
2026-03-17T09:28:35.831281,5,44,0.0,14.0,0.992023968016,0.0,0.0,0.0,54,173,54,7,3.6771297454833984,0.00025,7295
2026-03-17T09:28:36.500744,5,54,0.0,22.0,0.992023968016,0.0,0.0,0.0,62,160,62,8,6.233930587768555,0.00025,7305
2026-03-17T09:28:37.167272,5,64,0.0,21.29999999999999,0.992023968016,0.0,0.0,0.0,55,176,62,10,9.090423583984375,0.00025,7315
2026-03-17T09:28:37.828356,5,74,0.0,19.99999999999997,0.992023968016,0.0,0.0,0.0,42,160,62,9,3.4520626068115234,0.00025,7325
2026-03-17T09:28:38.492999,5,84,0.0,18.299999999999947,0.992023968016,0.0,0.0,0.0,25,160,62,4,3.6177635192871094,0.00025,7335
2026-03-17T09:28:39.159990,5,94,0.0,17.199999999999932,0.992023968016,0.0,0.0,0.0,14,147,62,5,4.418373107910156,0.00025,7345
2026-03-17T09:28:39.825008,5,104,-0.1,16.29999999999992,0.992023968016,0.0,0.0,0.0,5,147,62,2,3.9451122283935547,0.00025,7355
2026-03-17T09:28:40.491417,5,114,0.0,15.899999999999917,0.992023968016,0.0,0.0,0.0,1,135,62,3,5.394220352172852,0.00025,7365
2026-03-17T09:28:41.157846,5,124,0.0,16.599999999999923,0.992023968016,0.0,0.0,0.0,8,149,62,1,3.6520957946777344,0.00025,7375
2026-03-17T09:28:41.824794,5,134,0.0,17.09999999999993,0.992023968016,0.0,0.0,0.0,13,176,62,5,4.741430282592773,0.00025,7385
2026-03-17T09:28:42.490783,5,144,0.1,15.899999999999917,0.992023968016,0.0,0.0,0.0,1,176,62,10,6.181001663208008,0.00025,7395
2026-03-17T09:28:43.154149,5,154,0.0,16.499999999999922,0.992023968016,0.0,0.0,0.0,7,149,62,4,4.568338394165039,0.00025,7405
2026-03-17T09:28:43.835194,5,164,0.0,18.199999999999946,0.992023968016,0.0,0.0,0.0,24,176,62,9,3.4456253051757812,0.00025,7415
2026-03-17T09:28:44.500860,5,174,0.0,17.79999999999994,0.992023968016,0.0,0.0,0.0,20,149,62,2,3.2591819763183594,0.00025,7425
2026-03-17T09:28:45.166618,5,184,0.0,17.199999999999932,0.992023968016,0.0,0.0,0.0,14,147,62,5,3.361225128173828,0.00025,7435
2026-03-17T09:28:45.833449,5,194,0.0,17.499999999999936,0.992023968016,0.0,0.0,0.0,17,136,62,11,4.159212112426758,0.00025,7445
2026-03-17T09:28:46.498917,5,204,0.0,15.899999999999917,0.992023968016,0.0,0.0,0.0,1,145,62,10,4.14276123046875,0.00025,7455
2026-03-17T09:28:47.164909,5,214,0.0,16.39999999999992,0.992023968016,0.0,0.0,0.0,6,176,62,5,5.388975143432617,0.00025,7465
2026-03-17T09:28:47.831675,5,224,0.0,16.099999999999916,0.992023968016,0.0,0.0,0.0,3,145,62,2,5.540132522583008,0.00025,7475
2026-03-17T09:28:48.497610,5,234,0.0,16.29999999999992,0.992023968016,0.0,0.0,0.0,5,135,62,4,6.468296051025391,0.00025,7485
2026-03-17T09:28:49.160110,5,244,0.0,16.99999999999993,0.992023968016,0.0,0.0,0.0,12,147,62,0,3.167867660522461,0.00025,7495
2026-03-17T09:28:49.825744,5,254,0.0,17.09999999999993,0.992023968016,0.0,0.0,0.0,13,173,62,9,3.294229507446289,0.00025,7505
2026-03-17T09:28:50.496336,5,264,0.1,18.699999999999953,0.992023968016,0.0,0.0,0.0,29,176,62,3,6.358861923217773,0.00025,7515
2026-03-17T09:28:51.157519,5,274,0.1,21.39999999999999,0.992023968016,0.0,0.0,0.0,56,157,62,10,3.2014846801757812,0.00025,7525
2026-03-17T09:28:51.821787,5,284,0.0,20.59999999999998,0.992023968016,0.0,0.0,0.0,48,176,62,2,3.5049915313720703,0.00025,7535
2026-03-17T09:28:52.489368,5,294,-0.1,20.199999999999974,0.992023968016,0.0,0.0,0.0,44,160,62,5,4.385471343994141,0.00025,7545
2026-03-17T09:28:53.156752,5,304,-0.1,17.399999999999935,0.992023968016,0.0,0.0,0.0,16,149,62,0,4.878520965576172,0.00025,7555
2026-03-17T09:28:53.822395,5,314,0.0,15.899999999999919,0.992023968016,0.0,0.0,0.0,1,157,62,9,7.022619247436523,0.00025,7565
2026-03-17T09:28:54.485039,5,324,0.1,15.99999999999992,0.992023968016,0.0,0.0,0.0,2,173,62,5,4.613637924194336,0.00025,7575
2026-03-17T09:28:55.149696,5,334,0.0,15.99999999999992,0.992023968016,0.0,0.0,0.0,2,176,62,4,3.2901763916015625,0.00025,7585
2026-03-17T09:28:55.816280,5,344,0.1,16.79999999999993,0.992023968016,0.0,0.0,0.0,10,176,62,0,3.358602523803711,0.00025,7595
2026-03-17T09:28:56.481046,5,354,0.0,18.099999999999948,0.992023968016,0.0,0.0,0.0,23,176,62,2,3.2711029052734375,0.00025,7605
2026-03-17T09:28:57.148480,5,364,0.0,16.89999999999993,0.992023968016,0.0,0.0,0.0,11,146,62,8,3.2050609588623047,0.00025,7615
2026-03-17T09:28:57.812904,5,374,0.1,15.89999999999992,0.992023968016,0.0,0.0,0.0,1,168,62,2,4.223108291625977,0.00025,7625
2026-03-17T09:28:58.479652,5,384,0.1,15.99999999999992,0.992023968016,0.0,0.0,0.0,2,176,62,7,3.4170150756835938,0.00025,7635
2026-03-17T09:28:59.146485,5,394,0.0,17.49999999999994,0.992023968016,0.0,0.0,0.0,17,176,62,5,6.115913391113281,0.00025,7645
2026-03-17T09:28:59.811547,5,404,0.0,16.399999999999924,0.992023968016,0.0,0.0,0.0,6,145,62,11,5.656242370605469,0.00025,7655
2026-03-17T09:29:00.473374,5,414,0.0,15.79999999999992,0.992023968016,0.0,0.0,0.0,0,147,62,7,3.380298614501953,0.00025,7665
2026-03-17T09:29:01.144351,5,424,0.0,15.89999999999992,0.992023968016,0.0,0.0,0.0,1,176,62,3,6.5021514892578125,0.00025,7675
2026-03-17T09:29:01.806591,5,434,0.0,16.999999999999932,0.992023968016,0.0,0.0,0.0,12,160,62,7,3.3044815063476562,0.00025,7685
2026-03-17T09:29:02.472066,5,444,0.0,18.599999999999955,0.992023968016,0.0,0.0,0.0,28,147,62,5,3.342151641845703,0.00025,7695
2026-03-17T09:29:03.136269,5,454,0.0,18.499999999999954,0.992023968016,0.0,0.0,0.0,27,176,62,2,2.7506351470947266,0.00025,7705
2026-03-17T09:29:03.804069,5,464,0.0,17.59999999999994,0.992023968016,0.0,0.0,0.0,18,176,62,7,6.189584732055664,0.00025,7715
2026-03-17T09:29:04.470102,5,474,0.0,19.299999999999965,0.992023968016,0.0,0.0,0.0,35,168,62,8,5.706548690795898,0.00025,7725
2026-03-17T09:29:05.136124,5,484,0.0,19.499999999999968,0.992023968016,0.0,0.0,0.0,37,176,62,3,6.118297576904297,0.00025,7735
2026-03-17T09:29:05.799474,5,494,0.0,20.499999999999982,0.992023968016,0.0,0.0,0.0,47,163,62,3,3.368854522705078,0.00025,7745
2026-03-17T09:29:06.462776,5,504,0.0,20.799999999999986,0.992023968016,0.0,0.0,0.0,50,136,62,4,3.1189918518066406,0.00025,7755
2026-03-17T09:29:07.129140,5,514,-0.1,21.8,0.992023968016,0.0,0.0,0.0,60,149,62,2,3.2494068145751953,0.00025,7765
2026-03-17T09:29:07.796143,5,524,-0.1,20.799999999999986,0.992023968016,0.0,0.0,0.0,50,149,62,10,3.1282901763916016,0.00025,7775
2026-03-17T09:29:08.465800,5,534,0.0,21.199999999999992,0.992023968016,0.0,0.0,0.0,54,157,62,3,4.832744598388672,0.00025,7785
2026-03-17T09:29:09.128877,5,544,1.0,35.0,0.992023968016,0.0,0.0,0.0,75,160,75,4,4.501104354858398,0.00025,7795
2026-03-17T09:29:09.793711,5,554,1.0,72.0,0.992023968016,0.0,0.0,0.0,112,148,112,0,3.231525421142578,0.00025,7805
2026-03-17T09:29:10.459950,5,564,0.0,110.0,0.992023968016,0.0,0.0,0.0,150,128,150,9,7.068634033203125,0.00025,7815
2026-03-17T09:29:11.126379,5,574,1.0,159.0,0.992023968016,0.0,0.0,0.0,199,128,199,5,4.864215850830078,0.00025,7825
2026-03-17T09:29:11.787294,5,584,1.0,199.0,0.992023968016,0.0,0.0,0.0,239,157,239,6,3.2913684844970703,0.00025,7835
2026-03-17T09:29:13.099280,6,1,0.0,0.0,0.990039920079968,0.0,0.0,0.0,40,176,40,0,1.8889904022216797,0.00025,7843
2026-03-17T09:29:13.765508,6,11,0.1,-0.20000000000000004,0.990039920079968,0.0,0.0,0.0,38,147,40,1,1.1551380157470703,0.00025,7853
2026-03-17T09:29:14.431043,6,21,1.0,35.0,0.990039920079968,0.0,0.0,0.0,75,133,75,1,1.5654563903808594,0.00025,7863
2026-03-17T09:29:15.196195,6,31,1.0,72.0,0.990039920079968,0.0,0.0,0.0,112,142,112,8,1.21307373046875,0.00025,7873
2026-03-17T09:29:15.867788,6,41,0.0,91.0,0.990039920079968,0.0,0.0,0.0,131,128,131,6,4.40669059753418,0.00025,7883
2026-03-17T09:29:16.529961,6,51,0.0,98.0,0.990039920079968,0.0,0.0,0.0,138,145,138,1,3.060579299926758,0.00025,7893
2026-03-17T09:29:17.197351,6,61,0.0,103.50000000000003,0.990039920079968,0.0,0.0,0.0,139,157,144,3,5.023479461669922,0.00025,7903
2026-03-17T09:29:17.862502,6,71,0.0,105.0,0.990039920079968,0.0,0.0,0.0,145,157,145,6,3.831148147583008,0.00025,7913
2026-03-17T09:29:18.526034,6,81,0.0,109.80000000000001,0.990039920079968,0.0,0.0,0.0,148,145,150,5,3.187894821166992,0.00025,7923
2026-03-17T09:29:19.193571,6,91,0.0,109.40000000000003,0.990039920079968,0.0,0.0,0.0,144,173,150,1,4.789590835571289,0.00025,7933
2026-03-17T09:29:19.859599,6,101,0.0,108.50000000000009,0.990039920079968,0.0,0.0,0.0,135,176,150,7,5.124568939208984,0.00025,7943
2026-03-17T09:29:20.525850,6,111,0.0,108.80000000000007,0.990039920079968,0.0,0.0,0.0,138,173,150,8,6.920576095581055,0.00025,7953
2026-03-17T09:29:21.191497,6,121,0.0,108.70000000000007,0.990039920079968,0.0,0.0,0.0,137,176,150,7,6.457328796386719,0.00025,7963
2026-03-17T09:29:21.854046,6,131,0.0,108.10000000000011,0.990039920079968,0.0,0.0,0.0,131,168,150,9,3.2613277435302734,0.00025,7973
2026-03-17T09:29:23.037474,7,0,0.0,0.0,0.9880598402398081,0.0,0.0,0.0,40,176,40,8,0.7121562957763672,0.00025,7982
2026-03-17T09:29:23.703014,7,10,0.0,-0.7,0.9880598402398081,0.0,0.0,0.0,33,176,40,1,1.0271072387695312,0.00025,7991
2026-03-17T09:29:24.368540,7,20,0.0,-0.20000000000000004,0.9880598402398081,0.0,0.0,0.0,38,147,40,4,1.007080078125,0.00025,8001
2026-03-17T09:29:25.034247,7,30,0.0,6.9,0.9880598402398081,0.0,0.0,0.0,46,176,47,7,1.171112060546875,0.00025,8011
2026-03-17T09:29:25.704762,7,40,0.0,8.0,0.9880598402398081,0.0,0.0,0.0,48,176,48,7,5.820035934448242,0.00025,8021
2026-03-17T09:29:26.366464,7,50,0.0,12.0,0.9880598402398081,0.0,0.0,0.0,52,176,52,6,3.6907196044921875,0.00025,8031
2026-03-17T09:29:27.031760,7,60,0.0,14.0,0.9880598402398081,0.0,0.0,0.0,54,176,54,5,5.152225494384766,0.00025,8041
2026-03-17T09:29:27.697686,7,70,0.1,13.700000000000001,0.9880598402398081,0.0,0.0,0.0,51,160,54,8,4.583597183227539,0.00025,8051
2026-03-17T09:29:28.364783,7,80,0.0,18.0,0.9880598402398081,0.0,0.0,0.0,58,160,58,6,6.581544876098633,0.00025,8061
2026-03-17T09:29:29.032857,7,90,0.0,26.0,0.9880598402398081,0.0,0.0,0.0,66,160,66,11,8.445501327514648,0.00025,8071
2026-03-17T09:29:29.696977,7,100,0.0,25.9,0.9880598402398081,0.0,0.0,0.0,65,176,66,3,8.582592010498047,0.00025,8081
2026-03-17T09:29:30.358292,7,110,0.0,25.799999999999997,0.9880598402398081,0.0,0.0,0.0,64,176,66,0,4.336118698120117,0.00025,8091
2026-03-17T09:29:31.022686,7,120,0.0,25.19999999999999,0.9880598402398081,0.0,0.0,0.0,58,165,66,3,3.9441585540771484,0.00025,8101
2026-03-17T09:29:31.691845,7,130,0.0,24.899999999999984,0.9880598402398081,0.0,0.0,0.0,55,157,66,7,4.730224609375,0.00025,8111
2026-03-17T09:29:32.356183,7,140,-0.1,24.59999999999998,0.9880598402398081,0.0,0.0,0.0,52,152,66,4,6.95037841796875,0.00025,8121
2026-03-17T09:29:33.018634,7,150,-0.1,23.89999999999997,0.9880598402398081,0.0,0.0,0.0,45,176,66,7,3.270864486694336,0.00025,8131
2026-03-17T09:29:33.701070,7,160,0.0,23.09999999999996,0.9880598402398081,0.0,0.0,0.0,37,146,66,5,3.5042762756347656,0.00025,8141
2026-03-17T09:29:34.350554,7,170,0.0,23.99999999999997,0.9880598402398081,0.0,0.0,0.0,46,173,66,7,4.704475402832031,0.00025,8151
2026-03-17T09:29:35.016861,7,180,0.0,24.399999999999977,0.9880598402398081,0.0,0.0,0.0,50,116,66,3,5.048513412475586,0.00025,8161
2026-03-17T09:29:35.682782,7,190,0.1,23.399999999999963,0.9880598402398081,0.0,0.0,0.0,40,160,66,0,4.024744033813477,0.00025,8171
2026-03-17T09:29:36.348756,7,200,0.0,23.399999999999963,0.9880598402398081,0.0,0.0,0.0,40,176,66,9,5.447626113891602,0.00025,8181
2026-03-17T09:29:37.014706,7,210,0.0,23.99999999999997,0.9880598402398081,0.0,0.0,0.0,46,149,66,8,4.681825637817383,0.00025,8191
2026-03-17T09:29:37.681963,7,220,0.0,23.79999999999997,0.9880598402398081,0.0,0.0,0.0,44,145,66,3,7.267951965332031,0.00025,8201
2026-03-17T09:29:38.346658,7,230,0.0,24.099999999999973,0.9880598402398081,0.0,0.0,0.0,47,176,66,3,5.967855453491211,0.00025,8211
2026-03-17T09:29:39.013512,7,240,0.0,24.899999999999984,0.9880598402398081,0.0,0.0,0.0,55,176,66,4,8.359909057617188,0.00025,8221
2026-03-17T09:29:39.679739,7,250,0.0,24.899999999999984,0.9880598402398081,0.0,0.0,0.0,55,176,66,3,8.137702941894531,0.00025,8231
2026-03-17T09:29:40.339602,7,260,0.0,24.999999999999986,0.9880598402398081,0.0,0.0,0.0,56,176,66,6,3.364086151123047,0.00025,8241
2026-03-17T09:29:41.011946,7,270,0.0,25.19999999999999,0.9880598402398081,0.0,0.0,0.0,58,135,66,8,6.785869598388672,0.00025,8251
2026-03-17T09:29:41.672432,7,280,0.0,25.39999999999999,0.9880598402398081,0.0,0.0,0.0,60,176,66,11,4.911899566650391,0.00025,8261
2026-03-17T09:29:42.340542,7,290,0.1,25.39999999999999,0.9880598402398081,0.0,0.0,0.0,60,145,66,6,3.175497055053711,0.00025,8271
2026-03-17T09:29:43.004855,7,300,0.0,31.0,0.9880598402398081,0.0,0.0,0.0,71,147,71,4,5.99980354309082,0.00025,8281
2026-03-17T09:29:43.670295,7,310,1.0,37.0,0.9880598402398081,0.0,0.0,0.0,77,147,77,1,5.273342132568359,0.00025,8291
2026-03-17T09:29:44.351916,7,320,-0.1,44.49999999999999,0.9880598402398081,0.0,0.0,0.0,80,147,85,7,3.375530242919922,0.00025,8301
2026-03-17T09:29:45.003071,7,330,-0.1,42.39999999999996,0.9880598402398081,0.0,0.0,0.0,59,149,85,10,4.582881927490234,0.00025,8311
2026-03-17T09:29:45.666900,7,340,0.0,38.399999999999906,0.9880598402398081,0.0,0.0,0.0,19,176,85,0,5.473136901855469,0.00025,8321
2026-03-17T09:29:46.329871,7,350,0.0,38.89999999999991,0.9880598402398081,0.0,0.0,0.0,24,165,85,6,3.3676624298095703,0.00025,8331
2026-03-17T09:29:46.997154,7,360,0.0,38.89999999999991,0.9880598402398081,0.0,0.0,0.0,24,176,85,9,3.306150436401367,0.00025,8341
2026-03-17T09:29:47.668555,7,370,-0.1,39.39999999999992,0.9880598402398081,0.0,0.0,0.0,29,160,85,1,6.9751739501953125,0.00025,8351
2026-03-17T09:29:48.328825,7,380,-0.1,39.19999999999992,0.9880598402398081,0.0,0.0,0.0,27,160,85,3,4.857540130615234,0.00025,8361
2026-03-17T09:29:48.994204,7,390,0.0,39.29999999999992,0.9880598402398081,0.0,0.0,0.0,28,160,85,3,3.4317970275878906,0.00025,8371
2026-03-17T09:29:49.661798,7,400,0.0,40.19999999999993,0.9880598402398081,0.0,0.0,0.0,37,176,85,11,8.053779602050781,0.00025,8381
2026-03-17T09:29:50.327314,7,410,0.1,43.49999999999998,0.9880598402398081,0.0,0.0,0.0,70,176,85,3,5.084037780761719,0.00025,8391
2026-03-17T09:29:50.989269,7,420,1.0,88.0,0.9880598402398081,0.0,0.0,0.0,128,174,128,4,3.8657188415527344,0.00025,8401
2026-03-17T09:29:51.656954,7,430,1.0,145.0,0.9880598402398081,0.0,0.0,0.0,185,113,185,8,6.281375885009766,0.00025,8411
2026-03-17T09:29:52.319606,7,440,0.0,182.9,0.9880598402398081,0.0,0.0,0.0,222,149,223,8,2.76947021484375,0.00025,8421
2026-03-17T09:29:52.987281,7,450,0.0,182.30000000000004,0.9880598402398081,0.0,0.0,0.0,216,128,223,11,3.6559104919433594,0.00025,8431
2026-03-17T09:29:53.652025,7,460,0.0,182.8,0.9880598402398081,0.0,0.0,0.0,221,145,223,1,3.8955211639404297,0.00025,8441
2026-03-17T09:29:54.320369,7,470,0.0,186.9,0.9880598402398081,0.0,0.0,0.0,226,157,227,8,3.2491683959960938,0.00025,8451
2026-03-17T09:29:54.999817,7,480,0.0,186.60000000000002,0.9880598402398081,0.0,0.0,0.0,223,168,227,2,4.852056503295898,0.00025,8461
2026-03-17T09:29:55.653310,7,490,0.0,187.0,0.9880598402398081,0.0,0.0,0.0,227,160,227,10,8.063316345214844,0.00025,8471
2026-03-17T09:29:56.318123,7,500,0.0,187.0,0.9880598402398081,0.0,0.0,0.0,227,140,227,4,8.279561996459961,0.00025,8481
2026-03-17T09:29:56.985548,7,510,0.0,192.0,0.9880598402398081,0.0,0.0,0.0,232,176,232,2,7.988691329956055,0.00025,8491
2026-03-17T09:29:57.647836,7,520,0.0,190.90000000000006,0.9880598402398081,0.0,0.0,0.0,221,163,232,5,4.611968994140625,0.00025,8501
2026-03-17T09:29:58.310332,7,530,0.1,190.90000000000006,0.9880598402398081,0.0,0.0,0.0,221,176,232,3,4.207849502563477,0.00025,8511
2026-03-17T09:29:58.977202,7,540,0.0,190.90000000000006,0.9880598402398081,0.0,0.0,0.0,221,140,232,10,3.1685829162597656,0.00025,8521
2026-03-17T09:29:59.643661,7,550,0.0,190.70000000000007,0.9880598402398081,0.0,0.0,0.0,219,173,232,5,5.281209945678711,0.00025,8531
2026-03-17T09:30:00.309468,7,560,0.1,191.10000000000005,0.9880598402398081,0.0,0.0,0.0,223,147,232,0,4.687070846557617,0.00025,8541
2026-03-17T09:30:00.975686,7,570,0.0,191.00000000000006,0.9880598402398081,0.0,0.0,0.0,222,147,232,7,6.725788116455078,0.00025,8551
2026-03-17T09:30:01.642953,7,580,0.0,196.0,0.9880598402398081,0.0,0.0,0.0,236,145,236,8,7.8983306884765625,0.00025,8561
2026-03-17T09:30:02.309321,7,590,0.0,199.0,0.9880598402398081,0.0,0.0,0.0,239,127,239,9,8.826017379760742,0.00025,8571
2026-03-17T09:30:02.968229,7,600,0.0,203.50000000000003,0.9880598402398081,0.0,0.0,0.0,239,160,244,7,2.35748291015625,0.00025,8581
2026-03-17T09:30:03.641783,7,610,0.0,204.60000000000002,0.9880598402398081,0.0,0.0,0.0,241,149,245,11,8.160591125488281,0.00025,8591
2026-03-17T09:30:04.301465,7,620,0.0,204.60000000000002,0.9880598402398081,0.0,0.0,0.0,241,147,245,11,4.639148712158203,0.00025,8601
2026-03-17T09:30:04.973318,7,630,0.1,204.50000000000003,0.9880598402398081,0.0,0.0,0.0,240,140,245,5,6.823301315307617,0.00025,8611
2026-03-17T09:30:05.650574,7,640,0.0,210.0,0.9880598402398081,0.0,0.0,0.0,250,173,250,3,2.7947425842285156,0.00025,8621
2026-03-17T09:30:06.315374,7,650,-0.1,211.00000000000006,0.9880598402398081,0.0,0.0,0.0,242,157,252,5,3.8340091705322266,0.00025,8631
2026-03-17T09:30:06.985331,7,660,-0.1,207.80000000000024,0.9880598402398081,0.0,0.0,0.0,210,176,252,2,5.968332290649414,0.00025,8641
2026-03-17T09:30:07.648539,7,670,-0.1,204.10000000000045,0.9880598402398081,0.0,0.0,0.0,173,176,252,10,3.969430923461914,0.00025,8651
2026-03-17T09:30:08.315756,7,680,0.1,204.40000000000043,0.9880598402398081,0.0,0.0,0.0,176,138,252,11,8.527040481567383,0.00025,8661
2026-03-17T09:30:08.976312,7,690,-0.1,205.2000000000004,0.9880598402398081,0.0,0.0,0.0,184,145,252,0,2.431631088256836,0.00025,8671
2026-03-17T09:30:09.642975,7,700,0.0,204.00000000000045,0.9880598402398081,0.0,0.0,0.0,172,152,252,10,3.687143325805664,0.00025,8681
2026-03-17T09:30:10.308490,7,710,0.0,204.20000000000044,0.9880598402398081,0.0,0.0,0.0,174,176,252,11,4.7092437744140625,0.00025,8691
2026-03-17T09:30:10.975463,7,720,0.0,204.10000000000045,0.9880598402398081,0.0,0.0,0.0,173,176,252,11,6.407499313354492,0.00025,8701
2026-03-17T09:30:11.642217,7,730,0.0,204.00000000000045,0.9880598402398081,0.0,0.0,0.0,172,168,252,7,4.878520965576172,0.00025,8711
2026-03-17T09:30:12.306172,7,740,0.0,204.40000000000043,0.9880598402398081,0.0,0.0,0.0,176,168,252,2,6.781578063964844,0.00025,8721
2026-03-17T09:30:12.969739,7,750,0.0,204.8000000000004,0.9880598402398081,0.0,0.0,0.0,180,123,252,5,4.962682723999023,0.00025,8731
2026-03-17T09:30:13.639651,7,760,0.0,204.9000000000004,0.9880598402398081,0.0,0.0,0.0,181,173,252,6,5.239009857177734,0.00025,8741
2026-03-17T09:30:14.301104,7,770,0.0,205.50000000000037,0.9880598402398081,0.0,0.0,0.0,187,173,252,7,3.7965774536132812,0.00025,8751
2026-03-17T09:30:14.966617,7,780,0.0,205.50000000000037,0.9880598402398081,0.0,0.0,0.0,187,176,252,1,3.36456298828125,0.00025,8761
2026-03-17T09:30:15.639944,7,790,-0.1,205.1000000000004,0.9880598402398081,0.0,0.0,0.0,183,173,252,10,8.363485336303711,0.00025,8771
2026-03-17T09:30:16.299111,7,800,0.0,204.9000000000004,0.9880598402398081,0.0,0.0,0.0,181,176,252,2,5.657434463500977,0.00025,8781
2026-03-17T09:30:16.964164,7,810,0.0,204.9000000000004,0.9880598402398081,0.0,0.0,0.0,181,176,252,5,2.201080322265625,0.00025,8791
2026-03-17T09:30:17.632221,7,820,0.0,204.10000000000045,0.9880598402398081,0.0,0.0,0.0,173,176,252,6,7.940769195556641,0.00025,8801
2026-03-17T09:30:18.291565,7,830,0.0,204.00000000000045,0.9880598402398081,0.0,0.0,0.0,172,168,252,4,1.6741752624511719,0.00025,8811
2026-03-17T09:30:18.963827,7,840,0.1,204.9000000000004,0.9880598402398081,0.0,0.0,0.0,181,135,252,10,4.957914352416992,0.00025,8821
2026-03-17T09:30:19.630294,7,850,0.0,205.90000000000035,0.9880598402398081,0.0,0.0,0.0,191,135,252,7,6.574153900146484,0.00025,8831
2026-03-17T09:30:20.296178,7,860,0.1,207.10000000000028,0.9880598402398081,0.0,0.0,0.0,203,173,252,5,5.394935607910156,0.00025,8841
2026-03-17T09:30:20.954968,7,870,0.0,206.6000000000003,0.9880598402398081,0.0,0.0,0.0,198,152,252,2,2.969026565551758,0.00025,8851
2026-03-17T09:30:21.623928,7,880,0.0,206.20000000000033,0.9880598402398081,0.0,0.0,0.0,194,140,252,5,4.53495979309082,0.00025,8861
2026-03-17T09:30:22.289658,7,890,0.1,206.5000000000003,0.9880598402398081,0.0,0.0,0.0,197,147,252,3,4.176855087280273,0.00025,8871
2026-03-17T09:30:22.954867,7,900,0.0,208.00000000000023,0.9880598402398081,0.0,0.0,0.0,212,145,252,2,6.613254547119141,0.00025,8881
2026-03-17T09:30:23.621266,7,910,-0.1,206.00000000000034,0.9880598402398081,0.0,0.0,0.0,192,157,252,4,6.263017654418945,0.00025,8891
2026-03-17T09:30:24.289293,7,920,0.1,204.60000000000042,0.9880598402398081,0.0,0.0,0.0,178,157,252,7,7.758140563964844,0.00025,8901
2026-03-17T09:30:24.950661,7,930,0.1,207.70000000000024,0.9880598402398081,0.0,0.0,0.0,209,146,252,2,4.961252212524414,0.00025,8911
2026-03-17T09:30:25.615188,7,940,1.0,219.9,0.9880598402398081,0.0,0.0,0.0,260,176,260,9,3.552675247192383,0.00025,8921
2026-03-17T09:30:26.285351,7,950,0.0,265.9,0.9880598402398081,0.0,0.0,0.0,306,135,306,5,5.640745162963867,0.00025,8931
2026-03-17T09:30:26.946114,7,960,0.0,264.6999999999997,0.9880598402398081,0.0,0.0,0.0,294,157,306,11,2.99072265625,0.00025,8941
2026-03-17T09:30:27.611952,7,970,0.0,263.6999999999995,0.9880598402398081,0.0,0.0,0.0,284,173,306,10,4.858493804931641,0.00025,8951
2026-03-17T09:30:28.286578,7,980,0.0,265.29999999999984,0.9880598402398081,0.0,0.0,0.0,300,160,306,3,10.39266586303711,0.00025,8961
2026-03-17T09:30:28.946945,7,990,0.0,265.5999999999999,0.9880598402398081,0.0,0.0,0.0,303,160,306,0,6.56580924987793,0.00025,8971
2026-03-17T09:30:29.612145,7,1000,-0.1,264.39999999999964,0.9880598402398081,0.0,0.0,0.0,291,147,306,2,7.674694061279297,0.00025,8981
2026-03-17T09:30:30.278141,7,1010,-0.1,260.39999999999907,0.9880598402398081,0.0,0.0,0.0,251,161,306,0,5.942821502685547,0.00025,8991
2026-03-17T09:30:30.943983,7,1020,0.0,258.09999999999883,0.9880598402398081,0.0,0.0,0.0,228,160,306,10,8.705615997314453,0.00025,9001
2026-03-17T09:30:31.611213,7,1030,0.0,259.1999999999991,0.9880598402398081,0.0,0.0,0.0,239,176,306,4,7.143735885620117,0.00025,9011
2026-03-17T09:30:32.274808,7,1040,0.0,260.1999999999993,0.9880598402398081,0.0,0.0,0.0,249,176,306,9,5.6095123291015625,0.00025,9021
2026-03-17T09:30:32.937140,7,1050,-0.1,261.19999999999953,0.9880598402398081,0.0,0.0,0.0,259,176,306,7,5.618572235107422,0.00025,9031
2026-03-17T09:30:33.605252,7,1060,0.0,261.4999999999996,0.9880598402398081,0.0,0.0,0.0,262,176,306,3,4.649877548217773,0.00025,9041
2026-03-17T09:30:34.269157,7,1070,0.0,262.7999999999999,0.9880598402398081,0.0,0.0,0.0,275,145,306,7,4.67371940612793,0.00025,9051
2026-03-17T09:30:34.936122,7,1080,0.1,263.09999999999997,0.9880598402398081,0.0,0.0,0.0,278,149,306,2,6.227016448974609,0.00025,9061
2026-03-17T09:30:35.601337,7,1090,0.0,263.2,0.9880598402398081,0.0,0.0,0.0,279,160,306,9,5.376338958740234,0.00025,9071
2026-03-17T09:30:36.262441,7,1100,0.0,264.1000000000002,0.9880598402398081,0.0,0.0,0.0,288,149,306,0,3.296375274658203,0.00025,9081
2026-03-17T09:30:36.928686,7,1110,0.0,263.40000000000003,0.9880598402398081,0.0,0.0,0.0,281,135,306,9,2.6335716247558594,0.00025,9091
2026-03-17T09:30:37.606889,7,1120,0.0,262.99999999999994,0.9880598402398081,0.0,0.0,0.0,277,173,306,5,4.2934417724609375,0.00025,9101
2026-03-17T09:30:38.268114,7,1130,0.0,264.1000000000002,0.9880598402398081,0.0,0.0,0.0,288,176,306,8,7.025718688964844,0.00025,9111
2026-03-17T09:30:38.927804,7,1140,-0.1,262.19999999999976,0.9880598402398081,0.0,0.0,0.0,269,160,306,4,2.223491668701172,0.00025,9121
2026-03-17T09:30:39.595483,7,1150,0.0,261.8999999999997,0.9880598402398081,0.0,0.0,0.0,266,138,306,4,3.067493438720703,0.00025,9131
2026-03-17T09:30:40.259285,7,1160,0.0,263.50000000000006,0.9880598402398081,0.0,0.0,0.0,282,138,306,8,6.476640701293945,0.00025,9141
2026-03-17T09:30:40.924908,7,1170,0.1,263.8000000000001,0.9880598402398081,0.0,0.0,0.0,285,135,306,1,5.626440048217773,0.00025,9151
2026-03-17T09:30:41.591749,7,1180,0.1,265.8000000000006,0.9880598402398081,0.0,0.0,0.0,305,136,306,7,6.8817138671875,0.00025,9161
2026-03-17T09:30:42.258807,7,1190,0.0,265.20000000000044,0.9880598402398081,0.0,0.0,0.0,299,145,306,7,7.563591003417969,0.00025,9171
2026-03-17T09:30:42.919762,7,1200,0.0,265.9000000000006,0.9880598402398081,0.0,0.0,0.0,306,140,306,0,3.320455551147461,0.00025,9181
2026-03-17T09:30:43.588059,7,1210,1.0,276.9000000000006,0.9880598402398081,0.0,0.0,0.0,317,173,317,7,4.590511322021484,0.00025,9191
2026-03-17T09:30:44.251845,7,1220,0.0,282.60000000000053,0.9880598402398081,0.0,0.0,0.0,320,160,323,3,3.068208694458008,0.00025,9201
2026-03-17T09:30:44.918732,7,1230,0.0,282.30000000000047,0.9880598402398081,0.0,0.0,0.0,317,149,323,6,4.036664962768555,0.00025,9211
2026-03-17T09:30:45.585197,7,1240,0.0,281.40000000000026,0.9880598402398081,0.0,0.0,0.0,308,176,323,2,5.349874496459961,0.00025,9221
2026-03-17T09:30:46.249921,7,1250,-0.1,281.9000000000004,0.9880598402398081,0.0,0.0,0.0,313,176,323,11,5.08570671081543,0.00025,9231
2026-03-17T09:30:46.916146,7,1260,0.0,280.2,0.9880598402398081,0.0,0.0,0.0,296,176,323,11,5.849361419677734,0.00025,9241
2026-03-17T09:30:47.578008,7,1270,0.0,279.8999999999999,0.9880598402398081,0.0,0.0,0.0,293,176,323,9,2.213716506958008,0.00025,9251
2026-03-17T09:30:48.270693,7,1280,0.0,279.3999999999998,0.9880598402398081,0.0,0.0,0.0,288,149,323,6,2.8867721557617188,0.00025,9261
2026-03-17T09:30:48.932471,7,1290,0.0,279.19999999999976,0.9880598402398081,0.0,0.0,0.0,286,160,323,1,9.232521057128906,0.00025,9271
2026-03-17T09:30:49.593249,7,1300,0.1,282.4000000000004,0.9880598402398081,0.0,0.0,0.0,318,176,323,6,3.267526626586914,0.00025,9281
2026-03-17T09:30:50.258568,7,1310,0.0,288.80000000000047,0.9880598402398081,0.0,0.0,0.0,328,176,329,0,4.379987716674805,0.00025,9291
2026-03-17T09:30:50.926300,7,1320,0.0,288.5000000000004,0.9880598402398081,0.0,0.0,0.0,325,176,329,9,7.666826248168945,0.00025,9301
2026-03-17T09:30:51.590561,7,1330,0.0,287.90000000000026,0.9880598402398081,0.0,0.0,0.0,319,176,329,2,4.665613174438477,0.00025,9311
2026-03-17T09:30:52.256642,7,1340,0.0,287.80000000000024,0.9880598402398081,0.0,0.0,0.0,318,176,329,2,6.315946578979492,0.00025,9321
2026-03-17T09:30:52.924009,7,1350,0.0,286.8,0.9880598402398081,0.0,0.0,0.0,308,160,329,4,7.502317428588867,0.00025,9331
2026-03-17T09:30:53.588753,7,1360,0.0,286.09999999999985,0.9880598402398081,0.0,0.0,0.0,301,160,329,6,6.537199020385742,0.00025,9341
2026-03-17T09:30:54.251682,7,1370,0.0,285.19999999999965,0.9880598402398081,0.0,0.0,0.0,292,176,329,8,3.7763118743896484,0.00025,9351
2026-03-17T09:30:54.915019,7,1380,-0.1,282.199999999999,0.9880598402398081,0.0,0.0,0.0,262,148,329,4,2.3980140686035156,0.00025,9361
2026-03-17T09:30:55.586175,7,1390,0.0,280.8999999999987,0.9880598402398081,0.0,0.0,0.0,249,157,329,8,4.745721817016602,0.00025,9371
2026-03-17T09:30:56.248138,7,1400,0.0,281.6999999999989,0.9880598402398081,0.0,0.0,0.0,257,176,329,5,3.7975311279296875,0.00025,9381
2026-03-17T09:30:56.915855,7,1410,0.0,282.69999999999914,0.9880598402398081,0.0,0.0,0.0,267,176,329,10,5.98907470703125,0.00025,9391
2026-03-17T09:30:57.580550,7,1420,0.0,282.9999999999992,0.9880598402398081,0.0,0.0,0.0,270,176,329,6,4.914522171020508,0.00025,9401
2026-03-17T09:30:58.247199,7,1430,-0.1,282.8999999999992,0.9880598402398081,0.0,0.0,0.0,269,176,329,1,7.318973541259766,0.00025,9411
2026-03-17T09:30:58.924900,7,1440,0.0,282.4999999999991,0.9880598402398081,0.0,0.0,0.0,265,176,329,6,3.7124156951904297,0.00025,9421
2026-03-17T09:30:59.576943,7,1450,0.1,282.8999999999992,0.9880598402398081,0.0,0.0,0.0,269,128,329,4,5.523681640625,0.00025,9431
2026-03-17T09:31:00.241313,7,1460,0.0,283.2999999999993,0.9880598402398081,0.0,0.0,0.0,273,135,329,11,3.397703170776367,0.00025,9441
2026-03-17T09:31:00.906613,7,1470,0.1,283.69999999999936,0.9880598402398081,0.0,0.0,0.0,277,147,329,5,2.1181106567382812,0.00025,9451
2026-03-17T09:31:01.575538,7,1480,-0.1,283.4999999999993,0.9880598402398081,0.0,0.0,0.0,275,127,329,3,5.107879638671875,0.00025,9461
2026-03-17T09:31:02.240147,7,1490,0.1,285.1999999999997,0.9880598402398081,0.0,0.0,0.0,292,176,329,10,5.979299545288086,0.00025,9471
2026-03-17T09:31:02.906242,7,1500,0.0,287.10000000000014,0.9880598402398081,0.0,0.0,0.0,311,145,329,3,5.498170852661133,0.00025,9481
2026-03-17T09:31:03.571142,7,1510,0.0,288.3000000000004,0.9880598402398081,0.0,0.0,0.0,323,157,329,3,6.211519241333008,0.00025,9491
2026-03-17T09:31:04.239336,7,1520,1.0,293.90000000000055,0.9880598402398081,0.0,0.0,0.0,334,176,334,4,7.908105850219727,0.00025,9501
2026-03-17T09:31:04.904022,7,1530,0.0,305.90000000000055,0.9880598402398081,0.0,0.0,0.0,346,147,346,9,7.698297500610352,0.00025,9511
2026-03-17T09:31:05.565990,7,1540,0.0,310.90000000000055,0.9880598402398081,0.0,0.0,0.0,351,176,351,1,4.487037658691406,0.00025,9521
2026-03-17T09:31:06.232155,7,1550,0.0,317.8000000000005,0.9880598402398081,0.0,0.0,0.0,357,160,358,9,3.240823745727539,0.00025,9531
2026-03-17T09:31:06.895887,7,1560,1.0,338.90000000000055,0.9880598402398081,0.0,0.0,0.0,379,157,379,8,2.202272415161133,0.00025,9541
2026-03-17T09:31:07.563989,7,1570,0.0,341.7000000000005,0.9880598402398081,0.0,0.0,0.0,380,163,382,4,3.5369396209716797,0.00025,9551
2026-03-17T09:31:08.229202,7,1580,0.0,345.50000000000045,0.9880598402398081,0.0,0.0,0.0,382,145,386,0,5.589723587036133,0.00025,9561
2026-03-17T09:31:08.898877,7,1590,0.0,345.10000000000036,0.9880598402398081,0.0,0.0,0.0,378,157,386,0,7.298707962036133,0.00025,9571
2026-03-17T09:31:09.578116,7,1600,0.1,345.8000000000005,0.9880598402398081,0.0,0.0,0.0,385,147,386,1,5.857944488525391,0.00025,9581
2026-03-17T09:31:10.240331,7,1610,1.0,391.90000000000055,0.9880598402398081,0.0,0.0,0.0,432,176,432,11,3.3948421478271484,0.00025,9591
2026-03-17T09:31:10.913109,7,1620,0.0,393.6000000000005,0.9880598402398081,0.0,0.0,0.0,431,146,434,1,9.250640869140625,0.00025,9601
2026-03-17T09:31:11.572058,7,1630,0.0,392.8000000000003,0.9880598402398081,0.0,0.0,0.0,423,176,434,4,2.832174301147461,0.00025,9611
2026-03-17T09:31:12.236394,7,1640,0.0,397.90000000000055,0.9880598402398081,0.0,0.0,0.0,438,144,438,9,3.2324790954589844,0.00025,9621
2026-03-17T09:31:12.903370,7,1650,0.0,416.90000000000055,0.9880598402398081,0.0,0.0,0.0,457,128,457,4,4.837989807128906,0.00025,9631
2026-03-17T09:31:13.568778,7,1660,1.0,463.90000000000055,0.9880598402398081,0.0,0.0,0.0,504,176,504,0,4.039525985717773,0.00025,9641
2026-03-17T09:31:14.235212,7,1670,1.0,516.9000000000005,0.9880598402398081,0.0,0.0,0.0,557,160,557,3,5.059003829956055,0.00025,9651
2026-03-17T09:31:14.902717,7,1680,-0.1,545.8000000000005,0.9880598402398081,0.0,0.0,0.0,585,176,586,8,5.501031875610352,0.00025,9661
2026-03-17T09:31:15.570232,7,1690,0.1,545.6000000000005,0.9880598402398081,0.0,0.0,0.0,583,173,586,4,7.279872894287109,0.00025,9671
2026-03-17T09:31:16.235303,7,1700,0.0,554.9000000000005,0.9880598402398081,0.0,0.0,0.0,595,131,595,8,8.20469856262207,0.00025,9681
2026-03-17T09:31:16.901417,7,1710,0.0,553.9000000000003,0.9880598402398081,0.0,0.0,0.0,585,160,595,2,8.16655158996582,0.00025,9691
2026-03-17T09:31:17.567004,7,1720,0.0,554.1000000000004,0.9880598402398081,0.0,0.0,0.0,587,149,595,9,6.955146789550781,0.00025,9701
2026-03-17T09:31:18.228093,7,1730,0.0,553.7000000000003,0.9880598402398081,0.0,0.0,0.0,583,147,595,8,4.471302032470703,0.00025,9711
2026-03-17T09:31:18.894442,7,1740,-0.1,553.0000000000001,0.9880598402398081,0.0,0.0,0.0,576,157,595,2,3.872394561767578,0.00025,9721
2026-03-17T09:31:19.559740,7,1750,-0.1,551.1999999999997,0.9880598402398081,0.0,0.0,0.0,558,168,595,5,6.055355072021484,0.00025,9731
2026-03-17T09:31:20.227206,7,1760,0.0,550.9999999999997,0.9880598402398081,0.0,0.0,0.0,556,159,595,10,5.301475524902344,0.00025,9741
2026-03-17T09:31:20.891888,7,1770,0.0,550.7999999999996,0.9880598402398081,0.0,0.0,0.0,554,160,595,8,5.922794342041016,0.00025,9751
2026-03-17T09:31:21.559299,7,1780,0.0,550.2999999999995,0.9880598402398081,0.0,0.0,0.0,549,145,595,9,5.55729866027832,0.00025,9761
2026-03-17T09:31:22.218548,7,1790,0.0,549.5999999999993,0.9880598402398081,0.0,0.0,0.0,542,147,595,8,1.6088485717773438,0.00025,9771
2026-03-17T09:31:22.887042,7,1800,0.0,549.2999999999993,0.9880598402398081,0.0,0.0,0.0,539,145,595,2,5.45811653137207,0.00025,9781
2026-03-17T09:31:23.552353,7,1810,-0.1,545.6999999999985,0.9880598402398081,0.0,0.0,0.0,503,133,595,8,3.7775039672851562,0.00025,9791
2026-03-17T09:31:24.218707,7,1820,-0.1,545.4999999999984,0.9880598402398081,0.0,0.0,0.0,501,135,595,11,4.328012466430664,0.00025,9801
2026-03-17T09:31:24.884018,7,1830,0.1,545.6999999999985,0.9880598402398081,0.0,0.0,0.0,503,114,595,0,3.7970542907714844,0.00025,9811
2026-03-17T09:31:25.551324,7,1840,0.1,546.6999999999987,0.9880598402398081,0.0,0.0,0.0,513,135,595,8,3.876924514770508,0.00025,9821
2026-03-17T09:31:26.216364,7,1850,0.0,547.0999999999988,0.9880598402398081,0.0,0.0,0.0,517,135,595,7,6.558656692504883,0.00025,9831
2026-03-17T09:31:26.883433,7,1860,0.0,546.7999999999987,0.9880598402398081,0.0,0.0,0.0,514,152,595,0,7.557392120361328,0.00025,9841
2026-03-17T09:31:27.550334,7,1870,0.0,547.1999999999988,0.9880598402398081,0.0,0.0,0.0,518,176,595,1,7.036924362182617,0.00025,9851
2026-03-17T09:31:28.216768,7,1880,0.0,547.6999999999989,0.9880598402398081,0.0,0.0,0.0,523,176,595,4,8.722305297851562,0.00025,9861
2026-03-17T09:31:28.877711,7,1890,0.0,547.7999999999989,0.9880598402398081,0.0,0.0,0.0,524,147,595,7,4.9381256103515625,0.00025,9871
2026-03-17T09:31:29.543033,7,1900,-0.1,547.6999999999989,0.9880598402398081,0.0,0.0,0.0,523,160,595,2,4.662275314331055,0.00025,9881
2026-03-17T09:31:30.208207,7,1910,0.0,545.4999999999984,0.9880598402398081,0.0,0.0,0.0,501,176,595,4,2.947092056274414,0.00025,9891
2026-03-17T09:31:30.876034,7,1920,0.0,546.8999999999987,0.9880598402398081,0.0,0.0,0.0,515,152,595,9,7.826805114746094,0.00025,9901
2026-03-17T09:31:31.539863,7,1930,0.0,546.6999999999987,0.9880598402398081,0.0,0.0,0.0,513,147,595,2,5.104303359985352,0.00025,9911
2026-03-17T09:31:32.206574,7,1940,0.0,547.4999999999989,0.9880598402398081,0.0,0.0,0.0,521,168,595,9,4.818201065063477,0.00025,9921
2026-03-17T09:31:32.872968,7,1950,0.0,548.199999999999,0.9880598402398081,0.0,0.0,0.0,528,157,595,3,6.033182144165039,0.00025,9931
2026-03-17T09:31:33.536933,7,1960,0.1,548.6999999999991,0.9880598402398081,0.0,0.0,0.0,533,128,595,1,5.656719207763672,0.00025,9941
2026-03-17T09:31:34.207918,7,1970,-0.1,548.9999999999992,0.9880598402398081,0.0,0.0,0.0,536,128,595,1,7.957696914672852,0.00025,9951
2026-03-17T09:31:34.871955,7,1980,0.0,548.9999999999992,0.9880598402398081,0.0,0.0,0.0,536,173,595,5,6.459712982177734,0.00025,9961
2026-03-17T09:31:35.532549,7,1990,0.1,548.8999999999992,0.9880598402398081,0.0,0.0,0.0,535,160,595,6,3.8003921508789062,0.00025,9971
2026-03-17T09:31:36.199648,7,2000,0.1,551.7999999999998,0.9880598402398081,0.0,0.0,0.0,564,160,595,8,5.264997482299805,0.00025,9981
2026-03-17T09:31:36.866323,7,2010,0.1,554.8000000000005,0.9880598402398081,0.0,0.0,0.0,594,135,595,0,5.627870559692383,0.00025,9991
2026-03-17T09:31:37.533364,7,2020,0.0,554.6000000000005,0.9880598402398081,0.0,0.0,0.0,592,173,595,0,8.185148239135742,0.00025,10001
2026-03-17T09:31:38.193230,7,2030,-0.2,551.3999999999997,0.9880598402398081,0.0,0.0,0.0,560,176,595,2,3.292560577392578,0.00025,10011
2026-03-17T09:31:38.864477,7,2040,0.0,546.8999999999987,0.9880598402398081,0.0,0.0,0.0,515,153,595,4,6.299734115600586,0.00025,10021
2026-03-17T09:31:39.529777,7,2050,-0.1,547.1999999999988,0.9880598402398081,0.0,0.0,0.0,518,176,595,8,7.080554962158203,0.00025,10031
2026-03-17T09:31:40.197059,7,2060,0.0,547.1999999999988,0.9880598402398081,0.0,0.0,0.0,518,149,595,5,6.9026947021484375,0.00025,10041
2026-03-17T09:31:40.858824,7,2070,0.1,547.7999999999989,0.9880598402398081,0.0,0.0,0.0,524,157,595,7,4.379987716674805,0.00025,10051
2026-03-17T09:31:41.522862,7,2080,0.0,547.6999999999989,0.9880598402398081,0.0,0.0,0.0,523,173,595,10,5.3730010986328125,0.00025,10061
2026-03-17T09:31:42.191033,7,2090,0.1,546.9999999999987,0.9880598402398081,0.0,0.0,0.0,516,176,595,7,4.989862442016602,0.00025,10071
2026-03-17T09:31:42.855523,7,2100,0.1,548.3999999999991,0.9880598402398081,0.0,0.0,0.0,530,147,595,11,7.324934005737305,0.00025,10081
2026-03-17T09:31:43.520600,7,2110,-0.1,547.1999999999988,0.9880598402398081,0.0,0.0,0.0,518,130,595,6,4.485130310058594,0.00025,10091
2026-03-17T09:31:44.188493,7,2120,0.0,547.2999999999988,0.9880598402398081,0.0,0.0,0.0,519,140,595,0,7.060050964355469,0.00025,10101
2026-03-17T09:31:44.854119,7,2130,0.0,547.3999999999988,0.9880598402398081,0.0,0.0,0.0,520,176,595,8,5.884408950805664,0.00025,10111
2026-03-17T09:31:45.516034,7,2140,0.0,547.5999999999989,0.9880598402398081,0.0,0.0,0.0,522,176,595,3,5.636930465698242,0.00025,10121
2026-03-17T09:31:46.181824,7,2150,0.1,549.9999999999994,0.9880598402398081,0.0,0.0,0.0,546,138,595,4,3.382444381713867,0.00025,10131
2026-03-17T09:31:46.847114,7,2160,-0.1,554.7000000000005,0.9880598402398081,0.0,0.0,0.0,593,160,595,5,4.620790481567383,0.00025,10141
2026-03-17T09:31:47.512674,7,2170,0.0,552.5,0.9880598402398081,0.0,0.0,0.0,571,176,595,7,4.792451858520508,0.00025,10151
2026-03-17T09:31:48.180342,7,2180,0.0,550.5999999999996,0.9880598402398081,0.0,0.0,0.0,552,165,595,5,3.3898353576660156,0.00025,10161
2026-03-17T09:31:48.848566,7,2190,0.0,548.8999999999992,0.9880598402398081,0.0,0.0,0.0,535,176,595,2,8.94474983215332,0.00025,10171
2026-03-17T09:31:49.511457,7,2200,0.0,548.6999999999991,0.9880598402398081,0.0,0.0,0.0,533,148,595,0,5.81812858581543,0.00025,10181
2026-03-17T09:31:50.178952,7,2210,0.0,546.8999999999987,0.9880598402398081,0.0,0.0,0.0,515,168,595,4,7.654666900634766,0.00025,10191
2026-03-17T09:31:50.844682,7,2220,0.1,548.199999999999,0.9880598402398081,0.0,0.0,0.0,528,157,595,8,7.70258903503418,0.00025,10201
2026-03-17T09:31:51.506080,7,2230,-0.1,547.4999999999989,0.9880598402398081,0.0,0.0,0.0,521,168,595,11,4.736661911010742,0.00025,10211
2026-03-17T09:31:52.189038,7,2240,0.0,546.9999999999987,0.9880598402398081,0.0,0.0,0.0,516,176,595,4,5.112171173095703,0.00025,10221
2026-03-17T09:31:52.855284,7,2250,0.0,548.099999999999,0.9880598402398081,0.0,0.0,0.0,527,176,595,3,3.420114517211914,0.00025,10231
2026-03-17T09:31:53.520171,7,2260,0.1,549.6999999999994,0.9880598402398081,0.0,0.0,0.0,543,176,595,2,5.75709342956543,0.00025,10241
2026-03-17T09:31:54.187401,7,2270,0.0,549.8999999999994,0.9880598402398081,0.0,0.0,0.0,545,140,595,1,7.544755935668945,0.00025,10251
2026-03-17T09:31:54.857673,7,2280,0.0,549.8999999999994,0.9880598402398081,0.0,0.0,0.0,545,173,595,4,7.890462875366211,0.00025,10261
2026-03-17T09:31:55.519055,7,2290,0.0,549.6999999999994,0.9880598402398081,0.0,0.0,0.0,543,176,595,1,4.066228866577148,0.00025,10271
2026-03-17T09:31:56.181388,7,2300,0.0,549.8999999999994,0.9880598402398081,0.0,0.0,0.0,545,176,595,4,4.479169845581055,0.00025,10281
2026-03-17T09:31:56.852141,7,2310,0.0,549.1999999999992,0.9880598402398081,0.0,0.0,0.0,538,160,595,3,7.954597473144531,0.00025,10291
2026-03-17T09:31:57.513110,7,2320,0.0,548.7999999999992,0.9880598402398081,0.0,0.0,0.0,534,160,595,5,3.7004947662353516,0.00025,10301
2026-03-17T09:31:58.178119,7,2330,0.1,550.1999999999995,0.9880598402398081,0.0,0.0,0.0,548,176,595,11,4.829645156860352,0.00025,10311
2026-03-17T09:31:58.845183,7,2340,0.0,550.5999999999996,0.9880598402398081,0.0,0.0,0.0,552,160,595,6,3.625154495239258,0.00025,10321
2026-03-17T09:31:59.510665,7,2350,0.0,550.6999999999996,0.9880598402398081,0.0,0.0,0.0,553,160,595,2,4.253387451171875,0.00025,10331
2026-03-17T09:32:00.177954,7,2360,-0.1,546.8999999999987,0.9880598402398081,0.0,0.0,0.0,515,160,595,1,7.396936416625977,0.00025,10341
2026-03-17T09:32:00.843329,7,2370,0.0,546.8999999999987,0.9880598402398081,0.0,0.0,0.0,515,147,595,11,5.63812255859375,0.00025,10351
2026-03-17T09:32:01.509446,7,2380,0.0,546.8999999999987,0.9880598402398081,0.0,0.0,0.0,515,149,595,5,5.423784255981445,0.00025,10361
2026-03-17T09:32:02.178041,7,2390,-0.1,546.8999999999987,0.9880598402398081,0.0,0.0,0.0,515,138,595,10,9.001731872558594,0.00025,10371
2026-03-17T09:32:03.402138,8,7,-0.1,-1.9000000000000006,0.9860837205593285,0.0,0.0,0.0,21,176,40,0,4.658699035644531,0.00025,10381
2026-03-17T09:32:04.069239,8,17,0.0,-2.600000000000001,0.9860837205593285,0.0,0.0,0.0,14,138,40,7,5.136013031005859,0.00025,10391
2026-03-17T09:32:04.729563,8,27,0.0,-2.400000000000001,0.9860837205593285,0.0,0.0,0.0,16,147,40,6,1.405954360961914,0.00025,10401
2026-03-17T09:32:05.397213,8,37,0.0,-2.2000000000000006,0.9860837205593285,0.0,0.0,0.0,18,173,40,10,1.749277114868164,0.00025,10411
2026-03-17T09:32:06.061788,8,47,0.0,-2.9000000000000012,0.9860837205593285,0.0,0.0,0.0,11,176,40,2,1.2822151184082031,0.00025,10421
2026-03-17T09:32:06.728617,8,57,0.0,-2.800000000000001,0.9860837205593285,0.0,0.0,0.0,12,176,40,3,2.057313919067383,0.00025,10431
2026-03-17T09:32:07.391642,8,67,0.0,-2.9000000000000012,0.9860837205593285,0.0,0.0,0.0,11,173,40,10,1.0707378387451172,0.00025,10441
2026-03-17T09:32:08.060694,8,77,0.1,-3.0000000000000013,0.9860837205593285,0.0,0.0,0.0,10,176,40,11,3.631114959716797,0.00025,10451
2026-03-17T09:32:08.725423,8,87,0.0,-4.000000000000002,0.9860837205593285,0.0,0.0,0.0,0,176,40,5,3.1976699829101562,0.00025,10461
2026-03-17T09:32:09.390048,8,97,0.0,-4.000000000000002,0.9860837205593285,0.0,0.0,0.0,0,160,40,3,3.0052661895751953,0.00025,10471
2026-03-17T09:32:10.059557,8,107,0.0,-4.000000000000002,0.9860837205593285,0.0,0.0,0.0,0,147,40,1,5.728483200073242,0.00025,10481
2026-03-17T09:32:10.724611,8,117,0.0,-3.8000000000000016,0.9860837205593285,0.0,0.0,0.0,2,135,40,8,5.133152008056641,0.00025,10491
2026-03-17T09:32:11.389048,8,127,0.0,-4.000000000000002,0.9860837205593285,0.0,0.0,0.0,0,160,40,5,5.042791366577148,0.00025,10501
2026-03-17T09:32:12.053338,8,137,0.1,-3.100000000000001,0.9860837205593285,0.0,0.0,0.0,9,164,40,5,3.4132003784179688,0.00025,10511
2026-03-17T09:32:12.719075,8,147,0.0,-3.6000000000000014,0.9860837205593285,0.0,0.0,0.0,4,173,40,10,3.854036331176758,0.00025,10521
2026-03-17T09:32:13.384913,8,157,0.0,-4.000000000000002,0.9860837205593285,0.0,0.0,0.0,0,176,40,8,3.208160400390625,0.00025,10531
2026-03-17T09:32:14.067792,8,167,0.0,-3.9000000000000017,0.9860837205593285,0.0,0.0,0.0,1,176,40,6,3.5927295684814453,0.00025,10541
2026-03-17T09:32:14.733561,8,177,0.0,-4.000000000000002,0.9860837205593285,0.0,0.0,0.0,0,176,40,10,4.660367965698242,0.00025,10551
2026-03-17T09:32:15.399481,8,187,-0.1,-4.000000000000002,0.9860837205593285,0.0,0.0,0.0,0,157,40,2,5.46717643737793,0.00025,10561
2026-03-17T09:32:16.066639,8,197,0.0,-3.6000000000000014,0.9860837205593285,0.0,0.0,0.0,4,152,40,2,5.723476409912109,0.00025,10571
2026-03-17T09:32:16.734629,8,207,0.0,-3.7000000000000015,0.9860837205593285,0.0,0.0,0.0,3,173,40,3,9.42540168762207,0.00025,10581
2026-03-17T09:32:17.398739,8,217,0.0,-2.4000000000000004,0.9860837205593285,0.0,0.0,0.0,16,113,40,9,7.070064544677734,0.00025,10591
2026-03-17T09:32:18.060069,8,227,0.0,-0.39999999999999936,0.9860837205593285,0.0,0.0,0.0,36,160,40,11,3.3986568450927734,0.00025,10601
2026-03-17T09:32:18.726254,8,237,-0.1,-2.2,0.9860837205593285,0.0,0.0,0.0,18,147,40,3,3.248929977416992,0.00025,10611
2026-03-17T09:32:19.390275,8,247,-0.1,-3.6000000000000014,0.9860837205593285,0.0,0.0,0.0,4,147,40,4,3.1290054321289062,0.00025,10621
2026-03-17T09:32:20.058058,8,257,0.0,-2.900000000000001,0.9860837205593285,0.0,0.0,0.0,11,173,40,4,4.930734634399414,0.00025,10631
2026-03-17T09:32:20.724598,8,267,0.0,-3.5000000000000013,0.9860837205593285,0.0,0.0,0.0,5,157,40,2,4.922389984130859,0.00025,10641
2026-03-17T09:32:21.387909,8,277,0.1,-3.100000000000001,0.9860837205593285,0.0,0.0,0.0,9,173,40,8,4.200220108032227,0.00025,10651
2026-03-17T09:32:22.054894,8,287,0.0,-3.8000000000000016,0.9860837205593285,0.0,0.0,0.0,2,168,40,5,4.760980606079102,0.00025,10661
2026-03-17T09:32:22.717151,8,297,0.1,-3.8000000000000016,0.9860837205593285,0.0,0.0,0.0,2,176,40,10,2.3109912872314453,0.00025,10671
2026-03-17T09:32:23.391330,8,307,0.0,-4.000000000000002,0.9860837205593285,0.0,0.0,0.0,0,176,40,0,10.360240936279297,0.00025,10681
2026-03-17T09:32:24.054711,8,317,0.0,-3.9000000000000017,0.9860837205593285,0.0,0.0,0.0,1,152,40,2,8.295774459838867,0.00025,10691
2026-03-17T09:32:24.718552,8,327,0.0,-3.9000000000000017,0.9860837205593285,0.0,0.0,0.0,1,176,40,9,5.714893341064453,0.00025,10701
2026-03-17T09:32:25.382118,8,337,0.0,-3.300000000000001,0.9860837205593285,0.0,0.0,0.0,7,160,40,0,2.4318695068359375,0.00025,10711
2026-03-17T09:32:26.050238,8,347,0.0,-3.4000000000000012,0.9860837205593285,0.0,0.0,0.0,6,128,40,1,6.728410720825195,0.00025,10721
2026-03-17T09:32:26.713945,8,357,0.0,-3.200000000000001,0.9860837205593285,0.0,0.0,0.0,8,121,40,8,5.371570587158203,0.00025,10731
2026-03-17T09:32:27.383628,8,367,0.0,-3.000000000000001,0.9860837205593285,0.0,0.0,0.0,10,136,40,8,8.199691772460938,0.00025,10741
2026-03-17T09:32:28.043477,8,377,0.0,-4.000000000000002,0.9860837205593285,0.0,0.0,0.0,0,135,40,5,3.3943653106689453,0.00025,10751
2026-03-17T09:32:28.713188,8,387,0.1,-3.300000000000001,0.9860837205593285,0.0,0.0,0.0,7,173,40,7,7.881879806518555,0.00025,10761
2026-03-17T09:32:29.376700,8,397,0.0,-3.5000000000000013,0.9860837205593285,0.0,0.0,0.0,5,176,40,0,5.50532341003418,0.00025,10771
2026-03-17T09:32:30.042745,8,407,0.0,-3.9000000000000017,0.9860837205593285,0.0,0.0,0.0,1,147,40,2,5.927801132202148,0.00025,10781
2026-03-17T09:32:30.705793,8,417,0.0,-3.9000000000000017,0.9860837205593285,0.0,0.0,0.0,1,127,40,11,3.437519073486328,0.00025,10791
2026-03-17T09:32:31.375137,8,427,-0.1,-3.9000000000000017,0.9860837205593285,0.0,0.0,0.0,1,145,40,3,6.891727447509766,0.00025,10801
2026-03-17T09:32:32.040746,8,437,0.0,-3.7000000000000015,0.9860837205593285,0.0,0.0,0.0,3,138,40,9,6.290197372436523,0.00025,10811
2026-03-17T09:32:32.703245,8,447,0.0,-3.300000000000001,0.9860837205593285,0.0,0.0,0.0,7,149,40,0,4.517316818237305,0.00025,10821
2026-03-17T09:32:33.370115,8,457,0.0,-3.5000000000000013,0.9860837205593285,0.0,0.0,0.0,5,160,40,7,5.740165710449219,0.00025,10831
2026-03-17T09:32:34.035423,8,467,0.0,-4.000000000000002,0.9860837205593285,0.0,0.0,0.0,0,147,40,11,5.644798278808594,0.00025,10841
2026-03-17T09:32:34.699976,8,477,0.0,-4.000000000000002,0.9860837205593285,0.0,0.0,0.0,0,147,40,0,4.601955413818359,0.00025,10851
2026-03-17T09:32:35.383364,8,487,0.0,-3.9000000000000017,0.9860837205593285,0.0,0.0,0.0,1,160,40,2,5.534172058105469,0.00025,10861
2026-03-17T09:32:36.045156,8,497,0.0,-3.7000000000000015,0.9860837205593285,0.0,0.0,0.0,3,135,40,8,2.2156238555908203,0.00025,10871
2026-03-17T09:32:36.711425,8,507,0.0,-3.300000000000001,0.9860837205593285,0.0,0.0,0.0,7,138,40,7,3.1855106353759766,0.00025,10881
2026-03-17T09:32:37.378345,8,517,1.0,4.0,0.9860837205593285,0.0,0.0,0.0,44,157,44,5,3.6962032318115234,0.00025,10891
2026-03-17T09:32:38.046822,8,527,1.0,59.0,0.9860837205593285,0.0,0.0,0.0,99,161,99,4,6.081104278564453,0.00025,10901
2026-03-17T09:32:38.710014,8,537,0.0,83.0,0.9860837205593285,0.0,0.0,0.0,123,173,123,9,4.782915115356445,0.00025,10911
2026-03-17T09:32:39.377073,8,547,0.0,82.80000000000007,0.9860837205593285,0.0,0.0,0.0,112,148,124,1,6.596088409423828,0.00025,10921
2026-03-17T09:32:40.038924,8,557,0.0,83.70000000000002,0.9860837205593285,0.0,0.0,0.0,121,173,124,9,2.947568893432617,0.00025,10931
2026-03-17T09:32:40.706066,8,567,0.0,91.0,0.9860837205593285,0.0,0.0,0.0,131,176,131,11,4.239559173583984,0.00025,10941
2026-03-17T09:32:41.375832,8,577,0.0,90.10000000000005,0.9860837205593285,0.0,0.0,0.0,122,135,131,2,7.033109664916992,0.00025,10951
2026-03-17T09:32:42.036257,8,587,0.0,89.10000000000011,0.9860837205593285,0.0,0.0,0.0,112,173,131,0,3.610849380493164,0.00025,10961
2026-03-17T09:32:42.702622,8,597,-0.1,87.90000000000018,0.9860837205593285,0.0,0.0,0.0,100,176,131,7,3.668069839477539,0.00025,10971
2026-03-17T09:32:43.368971,8,607,0.0,87.00000000000023,0.9860837205593285,0.0,0.0,0.0,91,176,131,9,4.275798797607422,0.00025,10981
2026-03-17T09:32:44.036412,8,617,0.1,89.2000000000001,0.9860837205593285,0.0,0.0,0.0,113,160,131,0,5.726337432861328,0.00025,10991
2026-03-17T09:32:44.701546,8,627,0.0,90.70000000000002,0.9860837205593285,0.0,0.0,0.0,128,149,131,10,6.122589111328125,0.00025,11001
2026-03-17T09:32:45.371222,8,637,0.0,90.20000000000005,0.9860837205593285,0.0,0.0,0.0,123,135,131,3,3.34930419921875,0.00025,11011
2026-03-17T09:32:46.031681,8,647,-0.1,88.50000000000014,0.9860837205593285,0.0,0.0,0.0,106,147,131,0,5.297660827636719,0.00025,11021
2026-03-17T09:32:46.695394,8,657,0.1,88.00000000000017,0.9860837205593285,0.0,0.0,0.0,101,147,131,9,2.9397010803222656,0.00025,11031
2026-03-17T09:32:47.360249,8,667,0.0,88.10000000000016,0.9860837205593285,0.0,0.0,0.0,102,147,131,9,3.1609535217285156,0.00025,11041
2026-03-17T09:32:48.026400,8,677,0.0,87.6000000000002,0.9860837205593285,0.0,0.0,0.0,97,145,131,1,3.395557403564453,0.00025,11051
2026-03-17T09:32:48.693749,8,687,0.0,86.70000000000024,0.9860837205593285,0.0,0.0,0.0,88,135,131,10,4.674434661865234,0.00025,11061
2026-03-17T09:32:49.358351,8,697,0.0,84.70000000000036,0.9860837205593285,0.0,0.0,0.0,68,157,131,9,4.239797592163086,0.00025,11071
2026-03-17T09:32:50.033169,8,707,-0.1,83.80000000000041,0.9860837205593285,0.0,0.0,0.0,59,168,131,0,13.383150100708008,0.00025,11081
2026-03-17T09:32:50.690582,8,717,0.0,83.70000000000041,0.9860837205593285,0.0,0.0,0.0,58,147,131,9,4.992008209228516,0.00025,11091
2026-03-17T09:32:51.355239,8,727,0.1,83.80000000000041,0.9860837205593285,0.0,0.0,0.0,59,173,131,8,3.064870834350586,0.00025,11101
2026-03-17T09:32:52.019674,8,737,0.0,83.00000000000045,0.9860837205593285,0.0,0.0,0.0,51,160,131,9,3.216266632080078,0.00025,11111
2026-03-17T09:32:52.686132,8,747,0.0,83.60000000000042,0.9860837205593285,0.0,0.0,0.0,57,176,131,1,3.4027099609375,0.00025,11121
2026-03-17T09:32:53.351129,8,757,0.0,83.60000000000042,0.9860837205593285,0.0,0.0,0.0,57,157,131,0,3.2806396484375,0.00025,11131
2026-03-17T09:32:54.017339,8,767,0.0,84.20000000000039,0.9860837205593285,0.0,0.0,0.0,63,148,131,4,3.985166549682617,0.00025,11141
2026-03-17T09:32:54.684892,8,777,0.0,84.90000000000035,0.9860837205593285,0.0,0.0,0.0,70,173,131,11,4.997968673706055,0.00025,11151
2026-03-17T09:32:55.348373,8,787,0.0,85.10000000000034,0.9860837205593285,0.0,0.0,0.0,72,176,131,3,4.28462028503418,0.00025,11161
2026-03-17T09:32:56.016950,8,797,0.0,84.70000000000036,0.9860837205593285,0.0,0.0,0.0,68,173,131,1,7.049322128295898,0.00025,11171
2026-03-17T09:32:56.684396,8,807,0.0,84.50000000000037,0.9860837205593285,0.0,0.0,0.0,66,149,131,5,8.948564529418945,0.00025,11181
2026-03-17T09:32:57.349225,8,817,-0.1,84.0000000000004,0.9860837205593285,0.0,0.0,0.0,61,147,131,2,7.564783096313477,0.00025,11191
2026-03-17T09:32:58.010036,8,827,0.0,83.10000000000045,0.9860837205593285,0.0,0.0,0.0,52,176,131,9,3.397226333618164,0.00025,11201
2026-03-17T09:32:58.674411,8,837,0.1,83.40000000000043,0.9860837205593285,0.0,0.0,0.0,55,160,131,3,2.077341079711914,0.00025,11211
2026-03-17T09:32:59.341564,8,847,0.0,84.40000000000038,0.9860837205593285,0.0,0.0,0.0,65,176,131,3,3.7093162536621094,0.00025,11221
2026-03-17T09:33:00.007030,8,857,0.0,83.50000000000043,0.9860837205593285,0.0,0.0,0.0,56,122,131,4,3.9627552032470703,0.00025,11231
2026-03-17T09:33:00.674096,8,867,0.0,83.9000000000004,0.9860837205593285,0.0,0.0,0.0,60,135,131,1,4.826545715332031,0.00025,11241
2026-03-17T09:33:01.338996,8,877,0.0,84.50000000000037,0.9860837205593285,0.0,0.0,0.0,66,176,131,5,3.8793087005615234,0.00025,11251
2026-03-17T09:33:02.006449,8,887,0.0,83.10000000000045,0.9860837205593285,0.0,0.0,0.0,52,138,131,10,7.121562957763672,0.00025,11261
2026-03-17T09:33:02.667998,8,897,0.0,83.00000000000045,0.9860837205593285,0.0,0.0,0.0,51,138,131,4,2.912282943725586,0.00025,11271
2026-03-17T09:33:03.335383,8,907,0.0,83.20000000000044,0.9860837205593285,0.0,0.0,0.0,53,157,131,3,3.9398670196533203,0.00025,11281
2026-03-17T09:33:04.000265,8,917,0.0,83.60000000000042,0.9860837205593285,0.0,0.0,0.0,57,118,131,8,3.0698776245117188,0.00025,11291
2026-03-17T09:33:04.669148,8,927,0.0,83.30000000000044,0.9860837205593285,0.0,0.0,0.0,54,173,131,3,5.650758743286133,0.00025,11301
2026-03-17T09:33:05.331540,8,937,0.0,84.90000000000035,0.9860837205593285,0.0,0.0,0.0,70,176,131,1,3.8080215454101562,0.00025,11311
2026-03-17T09:33:05.997905,8,947,0.1,86.70000000000024,0.9860837205593285,0.0,0.0,0.0,88,176,131,3,4.621744155883789,0.00025,11321
2026-03-17T09:33:06.664972,8,957,-0.1,86.70000000000024,0.9860837205593285,0.0,0.0,0.0,88,160,131,5,3.4432411193847656,0.00025,11331
2026-03-17T09:33:07.330693,8,967,0.1,85.30000000000032,0.9860837205593285,0.0,0.0,0.0,74,176,131,2,3.994464874267578,0.00025,11341
2026-03-17T09:33:07.993108,8,977,0.0,85.10000000000034,0.9860837205593285,0.0,0.0,0.0,72,147,131,4,3.866910934448242,0.00025,11351
2026-03-17T09:33:09.239065,9,6,1.0,2.0,0.9841115531182099,0.0,0.0,0.0,42,176,42,1,1.089334487915039,0.00025,11361
2026-03-17T09:33:09.903867,9,16,0.0,27.0,0.9841115531182099,0.0,0.0,0.0,67,160,67,9,0.9355545043945312,0.00025,11371
2026-03-17T09:33:10.570007,9,26,0.0,46.9,0.9841115531182099,0.0,0.0,0.0,86,176,87,10,1.0218620300292969,0.00025,11381
2026-03-17T09:33:11.236236,9,36,0.0,45.79999999999998,0.9841115531182099,0.0,0.0,0.0,75,147,87,0,1.0533332824707031,0.00025,11391
2026-03-17T09:33:11.903972,9,46,-0.1,45.39999999999998,0.9841115531182099,0.0,0.0,0.0,71,160,87,9,3.3979415893554688,0.00025,11401
2026-03-17T09:33:12.569924,9,56,0.0,44.599999999999966,0.9841115531182099,0.0,0.0,0.0,63,145,87,8,3.8106441497802734,0.00025,11411
2026-03-17T09:33:13.235507,9,66,0.0,44.09999999999996,0.9841115531182099,0.0,0.0,0.0,58,140,87,9,4.22978401184082,0.00025,11421
2026-03-17T09:33:13.903501,9,76,0.0,44.79999999999997,0.9841115531182099,0.0,0.0,0.0,65,176,87,6,6.203889846801758,0.00025,11431
2026-03-17T09:33:14.564648,9,86,0.1,45.299999999999976,0.9841115531182099,0.0,0.0,0.0,70,149,87,9,3.0164718627929688,0.00025,11441
2026-03-17T09:33:15.232072,9,96,0.1,46.09999999999999,0.9841115531182099,0.0,0.0,0.0,78,140,87,0,4.2514801025390625,0.00025,11451
2026-03-17T09:33:15.899590,9,106,0.0,46.49999999999999,0.9841115531182099,0.0,0.0,0.0,82,148,87,1,5.300045013427734,0.00025,11461
2026-03-17T09:33:16.562656,9,116,0.0,46.39999999999999,0.9841115531182099,0.0,0.0,0.0,81,173,87,8,3.4029483795166016,0.00025,11471
2026-03-17T09:33:17.228290,9,126,0.0,44.599999999999966,0.9841115531182099,0.0,0.0,0.0,63,149,87,0,4.220724105834961,0.00025,11481
2026-03-17T09:33:17.899229,9,136,0.0,46.29999999999999,0.9841115531182099,0.0,0.0,0.0,80,176,87,6,7.477998733520508,0.00025,11491
2026-03-17T09:33:18.561421,9,146,0.0,48.9,0.9841115531182099,0.0,0.0,0.0,88,149,89,9,4.500627517700195,0.00025,11501
2026-03-17T09:33:19.227730,9,156,0.0,49.49999999999999,0.9841115531182099,0.0,0.0,0.0,85,149,90,10,7.158994674682617,0.00025,11511
2026-03-17T09:33:19.889378,9,166,0.0,53.0,0.9841115531182099,0.0,0.0,0.0,93,176,93,0,2.8715133666992188,0.00025,11521
2026-03-17T09:33:20.561203,9,176,-0.1,54.19999999999999,0.9841115531182099,0.0,0.0,0.0,87,176,95,4,8.568763732910156,0.00025,11531
2026-03-17T09:33:21.224777,9,186,0.0,53.69999999999998,0.9841115531182099,0.0,0.0,0.0,82,176,95,2,6.4334869384765625,0.00025,11541
2026-03-17T09:33:21.889377,9,196,0.1,53.39999999999998,0.9841115531182099,0.0,0.0,0.0,79,176,95,3,4.7817230224609375,0.00025,11551
2026-03-17T09:33:22.553188,9,206,0.1,53.299999999999976,0.9841115531182099,0.0,0.0,0.0,78,138,95,2,4.443645477294922,0.00025,11561
2026-03-17T09:33:23.220751,9,216,0.0,53.69999999999998,0.9841115531182099,0.0,0.0,0.0,82,145,95,7,6.211996078491211,0.00025,11571
2026-03-17T09:33:23.884731,9,226,0.1,54.09999999999999,0.9841115531182099,0.0,0.0,0.0,86,173,95,0,4.58526611328125,0.00025,11581
2026-03-17T09:33:24.551758,9,236,0.0,53.49999999999998,0.9841115531182099,0.0,0.0,0.0,80,176,95,11,5.771875381469727,0.00025,11591
2026-03-17T09:33:25.215302,9,246,0.1,54.699999999999996,0.9841115531182099,0.0,0.0,0.0,92,176,95,11,4.085063934326172,0.00025,11601
2026-03-17T09:33:25.885003,9,256,-0.1,54.29999999999999,0.9841115531182099,0.0,0.0,0.0,88,176,95,10,7.301092147827148,0.00025,11611
2026-03-17T09:33:26.548052,9,266,0.0,53.59999999999998,0.9841115531182099,0.0,0.0,0.0,81,145,95,7,4.9533843994140625,0.00025,11621
2026-03-17T09:33:27.213026,9,276,0.0,53.69999999999998,0.9841115531182099,0.0,0.0,0.0,82,147,95,5,4.553079605102539,0.00025,11631
2026-03-17T09:33:27.877420,9,286,0.0,53.199999999999974,0.9841115531182099,0.0,0.0,0.0,77,147,95,10,3.827333450317383,0.00025,11641
2026-03-17T09:33:28.545375,9,296,0.0,52.09999999999996,0.9841115531182099,0.0,0.0,0.0,66,173,95,7,3.953218460083008,0.00025,11651
2026-03-17T09:33:29.211136,9,306,0.0,52.89999999999997,0.9841115531182099,0.0,0.0,0.0,74,176,95,1,5.232095718383789,0.00025,11661
2026-03-17T09:33:29.877957,9,316,0.0,52.29999999999996,0.9841115531182099,0.0,0.0,0.0,68,176,95,3,7.414340972900391,0.00025,11671
2026-03-17T09:33:30.559037,9,326,0.0,51.799999999999955,0.9841115531182099,0.0,0.0,0.0,63,176,95,1,6.066560745239258,0.00025,11681
2026-03-17T09:33:31.222280,9,336,0.0,53.199999999999974,0.9841115531182099,0.0,0.0,0.0,77,176,95,2,4.317045211791992,0.00025,11691
2026-03-17T09:33:31.890708,9,346,0.0,53.39999999999998,0.9841115531182099,0.0,0.0,0.0,79,176,95,4,6.887674331665039,0.00025,11701
2026-03-17T09:33:32.553670,9,356,0.0,54.09999999999999,0.9841115531182099,0.0,0.0,0.0,86,160,95,7,3.8526058197021484,0.00025,11711
2026-03-17T09:33:33.218301,9,366,0.0,56.699999999999996,0.9841115531182099,0.0,0.0,0.0,94,149,97,4,2.9451847076416016,0.00025,11721
2026-03-17T09:33:33.886337,9,376,0.0,56.39999999999999,0.9841115531182099,0.0,0.0,0.0,91,140,97,9,5.305290222167969,0.00025,11731
2026-03-17T09:33:34.550741,9,386,0.0,56.8,0.9841115531182099,0.0,0.0,0.0,95,160,97,1,4.94384765625,0.00025,11741
2026-03-17T09:33:35.217797,9,396,0.0,64.9,0.9841115531182099,0.0,0.0,0.0,104,136,105,0,5.671977996826172,0.00025,11751
2026-03-17T09:33:35.884457,9,406,0.0,64.70000000000002,0.9841115531182099,0.0,0.0,0.0,102,149,105,10,6.701946258544922,0.00025,11761
2026-03-17T09:33:36.550402,9,416,1.0,95.0,0.9841115531182099,0.0,0.0,0.0,135,147,135,0,7.81559944152832,0.00025,11771
2026-03-17T09:33:37.211523,9,426,1.0,129.0,0.9841115531182099,0.0,0.0,0.0,169,148,169,9,3.7572383880615234,0.00025,11781
2026-03-17T09:33:37.878159,9,436,1.0,167.0,0.9841115531182099,0.0,0.0,0.0,207,176,207,10,3.578662872314453,0.00025,11791
2026-03-17T09:33:38.543950,9,446,0.0,205.0,0.9841115531182099,0.0,0.0,0.0,245,149,245,11,4.382133483886719,0.00025,11801
2026-03-17T09:33:39.209829,9,456,1.0,223.0,0.9841115531182099,0.0,0.0,0.0,263,163,263,1,4.376411437988281,0.00025,11811
2026-03-17T09:33:39.874123,9,466,0.0,256.79999999999995,0.9841115531182099,0.0,0.0,0.0,295,176,297,8,3.6695003509521484,0.00025,11821
2026-03-17T09:33:40.540698,9,476,0.0,256.39999999999986,0.9841115531182099,0.0,0.0,0.0,291,146,297,4,4.791736602783203,0.00025,11831
2026-03-17T09:33:41.225094,9,486,0.0,261.0,0.9841115531182099,0.0,0.0,0.0,301,176,301,9,5.866527557373047,0.00025,11841
2026-03-17T09:33:41.889206,9,496,-0.1,269.29999999999984,0.9841115531182099,0.0,0.0,0.0,303,149,310,10,5.675077438354492,0.00025,11851
2026-03-17T09:33:42.557759,9,506,-0.1,266.3999999999992,0.9841115531182099,0.0,0.0,0.0,274,147,310,4,7.701635360717773,0.00025,11861
2026-03-17T09:33:43.223191,9,516,0.0,265.599999999999,0.9841115531182099,0.0,0.0,0.0,266,135,310,6,8.030176162719727,0.00025,11871
2026-03-17T09:33:43.884244,9,526,0.0,266.3999999999992,0.9841115531182099,0.0,0.0,0.0,274,114,310,1,3.6771297454833984,0.00025,11881
2026-03-17T09:33:44.551073,9,536,0.0,267.49999999999943,0.9841115531182099,0.0,0.0,0.0,285,138,310,5,4.501581192016602,0.00025,11891
2026-03-17T09:33:45.216347,9,546,0.0,266.5999999999992,0.9841115531182099,0.0,0.0,0.0,276,138,310,1,3.823995590209961,0.00025,11901
2026-03-17T09:33:45.883102,9,556,-0.1,265.9999999999991,0.9841115531182099,0.0,0.0,0.0,270,157,310,11,5.548238754272461,0.00025,11911
2026-03-17T09:33:46.547067,9,566,0.0,265.9999999999991,0.9841115531182099,0.0,0.0,0.0,270,145,310,2,4.410266876220703,0.00025,11921
2026-03-17T09:33:47.214050,9,576,0.0,266.69999999999925,0.9841115531182099,0.0,0.0,0.0,277,147,310,1,5.717039108276367,0.00025,11931
2026-03-17T09:33:47.880877,9,586,0.1,267.19999999999936,0.9841115531182099,0.0,0.0,0.0,282,135,310,10,7.155179977416992,0.00025,11941
2026-03-17T09:33:48.545510,9,596,0.0,267.7999999999995,0.9841115531182099,0.0,0.0,0.0,288,157,310,0,5.854129791259766,0.00025,11951
2026-03-17T09:33:49.206918,9,606,0.0,267.6999999999995,0.9841115531182099,0.0,0.0,0.0,287,138,310,7,3.004312515258789,0.00025,11961
2026-03-17T09:33:49.875315,9,616,0.0,266.8999999999993,0.9841115531182099,0.0,0.0,0.0,279,160,310,7,4.889011383056641,0.00025,11971
2026-03-17T09:33:50.538532,9,626,0.0,267.09999999999934,0.9841115531182099,0.0,0.0,0.0,281,128,310,3,3.072023391723633,0.00025,11981
2026-03-17T09:33:51.209751,9,636,0.0,267.8999999999995,0.9841115531182099,0.0,0.0,0.0,289,176,310,10,7.513284683227539,0.00025,11991
2026-03-17T09:33:51.888414,9,646,-0.2,265.399999999999,0.9841115531182099,0.0,0.0,0.0,264,145,310,0,5.678892135620117,0.00025,12001
2026-03-17T09:33:52.554851,9,656,-0.1,264.29999999999876,0.9841115531182099,0.0,0.0,0.0,253,147,310,3,5.444049835205078,0.00025,12011
2026-03-17T09:33:53.221683,9,666,-0.1,262.7999999999984,0.9841115531182099,0.0,0.0,0.0,238,168,310,1,4.905223846435547,0.00025,12021
2026-03-17T09:33:53.888362,9,676,0.0,263.4999999999986,0.9841115531182099,0.0,0.0,0.0,245,111,310,5,7.9555511474609375,0.00025,12031
2026-03-17T09:33:54.548346,9,686,0.0,263.5999999999986,0.9841115531182099,0.0,0.0,0.0,246,93,310,2,3.25775146484375,0.00025,12041
2026-03-17T09:33:55.215581,9,696,-0.1,263.9999999999987,0.9841115531182099,0.0,0.0,0.0,250,96,310,3,3.156423568725586,0.00025,12051
2026-03-17T09:33:55.881936,9,706,-0.1,261.99999999999824,0.9841115531182099,0.0,0.0,0.0,230,133,310,3,5.433320999145508,0.00025,12061
2026-03-17T09:33:56.546376,9,716,0.0,262.2999999999983,0.9841115531182099,0.0,0.0,0.0,233,176,310,7,3.4906864166259766,0.00025,12071
2026-03-17T09:33:57.213929,9,726,0.1,266.09999999999917,0.9841115531182099,0.0,0.0,0.0,271,147,310,11,5.547046661376953,0.00025,12081
2026-03-17T09:33:57.880467,9,736,0.0,269.59999999999985,0.9841115531182099,0.0,0.0,0.0,306,135,310,9,5.852937698364258,0.00025,12091
2026-03-17T09:33:58.544427,9,746,0.0,269.6999999999999,0.9841115531182099,0.0,0.0,0.0,307,157,310,11,5.141258239746094,0.00025,12101
2026-03-17T09:33:59.207389,9,756,-0.1,268.8999999999997,0.9841115531182099,0.0,0.0,0.0,299,173,310,9,3.386974334716797,0.00025,12111
2026-03-17T09:33:59.878405,9,766,0.0,266.89999999999924,0.9841115531182099,0.0,0.0,0.0,279,176,310,4,8.394479751586914,0.00025,12121
2026-03-17T09:34:00.538923,9,776,0.1,269.09999999999974,0.9841115531182099,0.0,0.0,0.0,301,176,310,10,3.371000289916992,0.00025,12131
2026-03-17T09:34:01.204571,9,786,0.0,268.8999999999997,0.9841115531182099,0.0,0.0,0.0,299,157,310,5,3.3957958221435547,0.00025,12141
2026-03-17T09:34:01.870358,9,796,0.0,269.3999999999998,0.9841115531182099,0.0,0.0,0.0,304,176,310,5,4.097223281860352,0.00025,12151
2026-03-17T09:34:02.535316,9,806,0.0,268.8999999999997,0.9841115531182099,0.0,0.0,0.0,299,160,310,9,3.6313533782958984,0.00025,12161
2026-03-17T09:34:03.204751,9,816,0.0,266.89999999999924,0.9841115531182099,0.0,0.0,0.0,279,176,310,1,7.249355316162109,0.00025,12171
2026-03-17T09:34:03.869046,9,826,0.1,267.79999999999944,0.9841115531182099,0.0,0.0,0.0,288,157,310,6,5.528926849365234,0.00025,12181
2026-03-17T09:34:04.537263,9,836,0.0,271.99999999999994,0.9841115531182099,0.0,0.0,0.0,312,168,312,7,7.203102111816406,0.00025,12191
2026-03-17T09:34:05.203467,9,846,1.0,303.99999999999994,0.9841115531182099,0.0,0.0,0.0,344,160,344,7,8.013725280761719,0.00025,12201
2026-03-17T09:34:05.862786,9,856,0.0,321.8999999999999,0.9841115531182099,0.0,0.0,0.0,361,153,362,6,3.0794143676757812,0.00025,12211
2026-03-17T09:34:06.529059,9,866,0.0,320.79999999999967,0.9841115531182099,0.0,0.0,0.0,350,176,362,5,3.5691261291503906,0.00025,12221
2026-03-17T09:34:07.194736,9,876,0.0,320.69999999999965,0.9841115531182099,0.0,0.0,0.0,349,176,362,9,3.187894821166992,0.00025,12231
2026-03-17T09:34:07.859488,9,886,-0.1,319.4999999999994,0.9841115531182099,0.0,0.0,0.0,337,145,362,2,3.2579898834228516,0.00025,12241
2026-03-17T09:34:08.529839,9,896,-0.1,318.3999999999991,0.9841115531182099,0.0,0.0,0.0,326,147,362,5,5.864858627319336,0.00025,12251
2026-03-17T09:34:09.192843,9,906,0.0,318.2999999999991,0.9841115531182099,0.0,0.0,0.0,325,157,362,2,4.257917404174805,0.00025,12261
2026-03-17T09:34:09.859050,9,916,0.0,317.799999999999,0.9841115531182099,0.0,0.0,0.0,320,169,362,0,5.645275115966797,0.00025,12271
2026-03-17T09:34:10.527060,9,926,0.0,317.799999999999,0.9841115531182099,0.0,0.0,0.0,320,176,362,2,7.97581672668457,0.00025,12281
2026-03-17T09:34:11.193336,9,936,0.0,317.19999999999885,0.9841115531182099,0.0,0.0,0.0,314,160,362,3,7.660865783691406,0.00025,12291
2026-03-17T09:34:11.857404,9,946,-0.1,315.39999999999844,0.9841115531182099,0.0,0.0,0.0,296,140,362,8,6.386041641235352,0.00025,12301
2026-03-17T09:34:12.532621,9,956,0.0,313.7999999999982,0.9841115531182099,0.0,0.0,0.0,280,147,362,3,3.752470016479492,0.00025,12311
2026-03-17T09:34:13.188503,9,966,0.1,314.5999999999984,0.9841115531182099,0.0,0.0,0.0,288,116,362,2,6.428241729736328,0.00025,12321
2026-03-17T09:34:13.850551,9,976,0.1,318.09999999999906,0.9841115531182099,0.0,0.0,0.0,323,151,362,10,4.371881484985352,0.00025,12331
2026-03-17T09:34:14.518355,9,986,-0.1,318.1999999999991,0.9841115531182099,0.0,0.0,0.0,324,176,362,11,5.332231521606445,0.00025,12341
2026-03-17T09:34:15.185681,9,996,0.0,317.799999999999,0.9841115531182099,0.0,0.0,0.0,320,176,362,10,7.750511169433594,0.00025,12351
2026-03-17T09:34:15.851249,9,1006,0.0,317.09999999999883,0.9841115531182099,0.0,0.0,0.0,313,176,362,4,6.595611572265625,0.00025,12361
2026-03-17T09:34:16.517139,9,1016,-0.1,316.1999999999986,0.9841115531182099,0.0,0.0,0.0,304,149,362,8,7.897138595581055,0.00025,12371
2026-03-17T09:34:17.179909,9,1026,0.0,313.79999999999825,0.9841115531182099,0.0,0.0,0.0,280,160,362,5,5.225181579589844,0.00025,12381
2026-03-17T09:34:17.845277,9,1036,0.0,313.8999999999983,0.9841115531182099,0.0,0.0,0.0,281,176,362,7,4.518747329711914,0.00025,12391
2026-03-17T09:34:18.509251,9,1046,0.0,314.4999999999984,0.9841115531182099,0.0,0.0,0.0,287,176,362,11,3.0248165130615234,0.00025,12401
2026-03-17T09:34:19.177236,9,1056,0.1,317.0999999999989,0.9841115531182099,0.0,0.0,0.0,313,147,362,4,5.6552886962890625,0.00025,12411
2026-03-17T09:34:19.842301,9,1066,1.0,338.999999999999,0.9841115531182099,0.0,0.0,0.0,379,176,379,8,5.5255889892578125,0.00025,12421
2026-03-17T09:34:20.508675,9,1076,1.0,393.999999999999,0.9841115531182099,0.0,0.0,0.0,434,176,434,4,6.450653076171875,0.00025,12431
2026-03-17T09:34:21.173825,9,1086,0.0,392.8999999999987,0.9841115531182099,0.0,0.0,0.0,423,176,434,6,5.208253860473633,0.00025,12441
2026-03-17T09:34:21.841779,9,1096,-0.1,390.9999999999983,0.9841115531182099,0.0,0.0,0.0,404,165,434,10,8.080005645751953,0.00025,12451
2026-03-17T09:34:22.499945,9,1106,-0.1,386.59999999999764,0.9841115531182099,0.0,0.0,0.0,360,176,434,1,1.5234947204589844,0.00025,12461
2026-03-17T09:34:23.181294,9,1116,0.0,383.79999999999717,0.9841115531182099,0.0,0.0,0.0,332,164,434,11,6.31403923034668,0.00025,12471
2026-03-17T09:34:23.834772,9,1126,0.1,384.09999999999724,0.9841115531182099,0.0,0.0,0.0,335,145,434,6,4.189252853393555,0.00025,12481
2026-03-17T09:34:24.499883,9,1136,0.0,384.3999999999973,0.9841115531182099,0.0,0.0,0.0,338,147,434,1,3.652334213256836,0.00025,12491
2026-03-17T09:34:25.168661,9,1146,0.0,384.4999999999973,0.9841115531182099,0.0,0.0,0.0,339,159,434,9,7.164478302001953,0.00025,12501
2026-03-17T09:34:25.830353,9,1156,-0.1,384.3999999999973,0.9841115531182099,0.0,0.0,0.0,338,147,434,6,3.8323402404785156,0.00025,12511
2026-03-17T09:34:26.496845,9,1166,0.0,383.9999999999972,0.9841115531182099,0.0,0.0,0.0,334,157,434,7,4.937648773193359,0.00025,12521
2026-03-17T09:34:27.164403,9,1176,0.0,384.2999999999973,0.9841115531182099,0.0,0.0,0.0,337,169,434,4,5.818843841552734,0.00025,12531
2026-03-17T09:34:27.831234,9,1186,0.0,384.2999999999973,0.9841115531182099,0.0,0.0,0.0,337,169,434,3,6.411552429199219,0.00025,12541
2026-03-17T09:34:28.494489,9,1196,0.0,383.79999999999717,0.9841115531182099,0.0,0.0,0.0,332,176,434,6,5.568981170654297,0.00025,12551
2026-03-17T09:34:29.158883,9,1206,-0.1,383.79999999999717,0.9841115531182099,0.0,0.0,0.0,332,176,434,3,4.762887954711914,0.00025,12561
2026-03-17T09:34:29.823785,9,1216,0.0,383.79999999999717,0.9841115531182099,0.0,0.0,0.0,332,176,434,8,3.6046504974365234,0.00025,12571
2026-03-17T09:34:30.490331,9,1226,0.0,383.8999999999972,0.9841115531182099,0.0,0.0,0.0,333,176,434,10,4.315853118896484,0.00025,12581
2026-03-17T09:34:31.158960,9,1236,0.0,383.9999999999972,0.9841115531182099,0.0,0.0,0.0,334,176,434,1,5.810976028442383,0.00025,12591
2026-03-17T09:34:31.820825,9,1246,0.0,384.09999999999724,0.9841115531182099,0.0,0.0,0.0,335,176,434,0,4.6939849853515625,0.00025,12601
2026-03-17T09:34:32.488970,9,1256,0.0,384.3999999999973,0.9841115531182099,0.0,0.0,0.0,338,176,434,11,7.186412811279297,0.00025,12611
2026-03-17T09:34:33.155663,9,1266,0.1,384.2999999999973,0.9841115531182099,0.0,0.0,0.0,337,160,434,6,7.461309432983398,0.00025,12621
2026-03-17T09:34:33.816887,9,1276,0.0,383.79999999999717,0.9841115531182099,0.0,0.0,0.0,332,155,434,7,3.534555435180664,0.00025,12631
2026-03-17T09:34:34.482223,9,1286,0.0,383.79999999999717,0.9841115531182099,0.0,0.0,0.0,332,169,434,4,3.2672882080078125,0.00025,12641
2026-03-17T09:34:35.154219,9,1296,0.0,383.8999999999972,0.9841115531182099,0.0,0.0,0.0,333,169,434,0,8.673906326293945,0.00025,12651
2026-03-17T09:34:35.815602,9,1306,0.0,383.79999999999717,0.9841115531182099,0.0,0.0,0.0,332,157,434,1,5.388975143432617,0.00025,12661
2026-03-17T09:34:36.480333,9,1316,0.0,384.2999999999973,0.9841115531182099,0.0,0.0,0.0,337,176,434,1,4.525184631347656,0.00025,12671
2026-03-17T09:34:37.148514,9,1326,-0.1,384.2999999999973,0.9841115531182099,0.0,0.0,0.0,337,176,434,8,6.318807601928711,0.00025,12681
2026-03-17T09:34:37.813919,9,1336,0.0,384.2999999999973,0.9841115531182099,0.0,0.0,0.0,337,160,434,2,7.005214691162109,0.00025,12691
2026-03-17T09:34:38.480029,9,1346,0.0,383.9999999999972,0.9841115531182099,0.0,0.0,0.0,334,176,434,11,8.193254470825195,0.00025,12701
2026-03-17T09:34:39.145522,9,1356,0.0,383.8999999999972,0.9841115531182099,0.0,0.0,0.0,333,176,434,2,7.804393768310547,0.00025,12711
2026-03-17T09:34:39.807734,9,1366,0.0,383.79999999999717,0.9841115531182099,0.0,0.0,0.0,332,176,434,1,4.579067230224609,0.00025,12721
2026-03-17T09:34:40.472843,9,1376,0.0,383.79999999999717,0.9841115531182099,0.0,0.0,0.0,332,160,434,2,3.6225318908691406,0.00025,12731
2026-03-17T09:34:41.137501,9,1386,0.0,383.8999999999972,0.9841115531182099,0.0,0.0,0.0,333,170,434,10,3.05938720703125,0.00025,12741
2026-03-17T09:34:41.804164,9,1396,0.0,384.3999999999973,0.9841115531182099,0.0,0.0,0.0,338,170,434,1,4.118680953979492,0.00025,12751
2026-03-17T09:34:42.470362,9,1406,0.0,385.99999999999767,0.9841115531182099,0.0,0.0,0.0,354,145,434,9,4.71806526184082,0.00025,12761
2026-03-17T09:34:43.136858,9,1416,0.0,385.5999999999976,0.9841115531182099,0.0,0.0,0.0,350,160,434,9,6.047487258911133,0.00025,12771
2026-03-17T09:34:43.802351,9,1426,0.0,385.89999999999765,0.9841115531182099,0.0,0.0,0.0,353,160,434,11,5.340337753295898,0.00025,12781
2026-03-17T09:34:44.469664,9,1436,0.0,385.5999999999976,0.9841115531182099,0.0,0.0,0.0,350,147,434,10,6.475687026977539,0.00025,12791
2026-03-17T09:34:45.132111,9,1446,0.0,385.7999999999976,0.9841115531182099,0.0,0.0,0.0,352,176,434,10,4.514455795288086,0.00025,12801
2026-03-17T09:34:45.796841,9,1456,0.1,386.1999999999977,0.9841115531182099,0.0,0.0,0.0,356,176,434,5,3.136157989501953,0.00025,12811
2026-03-17T09:34:46.461592,9,1466,0.0,385.5999999999976,0.9841115531182099,0.0,0.0,0.0,350,160,434,1,3.062725067138672,0.00025,12821
2026-03-17T09:34:47.127753,9,1476,0.0,387.2999999999979,0.9841115531182099,0.0,0.0,0.0,367,176,434,4,3.566741943359375,0.00025,12831
2026-03-17T09:34:47.794527,9,1486,0.0,388.5999999999982,0.9841115531182099,0.0,0.0,0.0,380,176,434,2,3.4024715423583984,0.00025,12841
2026-03-17T09:34:48.460837,9,1496,0.0,388.9999999999983,0.9841115531182099,0.0,0.0,0.0,384,173,434,8,4.908323287963867,0.00025,12851
2026-03-17T09:34:49.125381,9,1506,0.1,388.9999999999983,0.9841115531182099,0.0,0.0,0.0,384,147,434,10,4.783153533935547,0.00025,12861
2026-03-17T09:34:49.792274,9,1516,0.0,389.4999999999984,0.9841115531182099,0.0,0.0,0.0,389,138,434,3,5.539178848266602,0.00025,12871
2026-03-17T09:34:50.458322,9,1526,0.0,388.6999999999982,0.9841115531182099,0.0,0.0,0.0,381,135,434,7,6.62684440612793,0.00025,12881
2026-03-17T09:34:51.121747,9,1536,0.0,389.69999999999845,0.9841115531182099,0.0,0.0,0.0,391,160,434,0,3.4041404724121094,0.00025,12891
2026-03-17T09:34:51.786919,9,1546,0.0,389.0999999999983,0.9841115531182099,0.0,0.0,0.0,385,176,434,2,4.012584686279297,0.00025,12901
2026-03-17T09:34:52.452618,9,1556,0.0,389.29999999999836,0.9841115531182099,0.0,0.0,0.0,387,176,434,0,3.407716751098633,0.00025,12911
2026-03-17T09:34:53.118416,9,1566,0.0,388.9999999999983,0.9841115531182099,0.0,0.0,0.0,384,149,434,9,3.7462711334228516,0.00025,12921
2026-03-17T09:34:53.783626,9,1576,0.0,388.8999999999983,0.9841115531182099,0.0,0.0,0.0,383,149,434,8,3.660917282104492,0.00025,12931
2026-03-17T09:34:54.450839,9,1586,0.0,388.79999999999825,0.9841115531182099,0.0,0.0,0.0,382,135,434,2,5.336284637451172,0.00025,12941
2026-03-17T09:34:55.116323,9,1596,0.0,388.79999999999825,0.9841115531182099,0.0,0.0,0.0,382,140,434,1,5.037784576416016,0.00025,12951
2026-03-17T09:34:55.782733,9,1606,0.0,388.8999999999983,0.9841115531182099,0.0,0.0,0.0,383,147,434,7,6.518363952636719,0.00025,12961
2026-03-17T09:34:56.448950,9,1616,0.0,388.9999999999983,0.9841115531182099,0.0,0.0,0.0,384,160,434,8,6.961345672607422,0.00025,12971
2026-03-17T09:34:57.112221,9,1626,0.0,388.79999999999825,0.9841115531182099,0.0,0.0,0.0,382,147,434,1,3.2122135162353516,0.00025,12981
2026-03-17T09:34:57.777769,9,1636,0.0,388.5999999999982,0.9841115531182099,0.0,0.0,0.0,380,173,434,2,3.4346580505371094,0.00025,12991
2026-03-17T09:34:58.442528,9,1646,0.1,389.4999999999984,0.9841115531182099,0.0,0.0,0.0,389,176,434,2,3.4308433532714844,0.00025,13001
2026-03-17T09:34:59.109102,9,1656,0.1,390.3999999999986,0.9841115531182099,0.0,0.0,0.0,398,147,434,7,4.581928253173828,0.00025,13011
2026-03-17T09:34:59.773716,9,1666,1.0,405.89999999999907,0.9841115531182099,0.0,0.0,0.0,446,129,446,10,3.5719871520996094,0.00025,13021
2026-03-17T09:35:00.441655,9,1676,1.0,459.89999999999907,0.9841115531182099,0.0,0.0,0.0,500,142,500,0,5.971670150756836,0.00025,13031
2026-03-17T09:35:01.108109,9,1686,0.0,484.89999999999907,0.9841115531182099,0.0,0.0,0.0,525,157,525,0,6.121158599853516,0.00025,13041
2026-03-17T09:35:01.774115,9,1696,1.0,522.8999999999991,0.9841115531182099,0.0,0.0,0.0,563,160,563,5,7.483005523681641,0.00025,13051
2026-03-17T09:35:02.440304,9,1706,1.0,574.8999999999991,0.9841115531182099,0.0,0.0,0.0,615,99,615,4,7.770776748657227,0.00025,13061
2026-03-17T09:35:03.101600,9,1716,1.0,630.8999999999991,0.9841115531182099,0.0,0.0,0.0,671,173,671,4,3.5219192504882812,0.00025,13071
2026-03-17T09:35:03.768172,9,1726,0.0,637.8999999999991,0.9841115531182099,0.0,0.0,0.0,678,176,678,6,5.163431167602539,0.00025,13081
2026-03-17T09:35:04.433961,9,1736,1.0,670.8999999999991,0.9841115531182099,0.0,0.0,0.0,711,169,711,8,4.474163055419922,0.00025,13091
2026-03-17T09:35:05.099074,9,1746,0.0,681.699999999999,0.9841115531182099,0.0,0.0,0.0,720,147,722,3,4.2781829833984375,0.00025,13101
2026-03-17T09:35:05.780797,9,1756,0.0,680.4999999999987,0.9841115531182099,0.0,0.0,0.0,708,147,722,7,3.525972366333008,0.00025,13111
2026-03-17T09:35:06.448448,9,1766,0.1,680.5999999999988,0.9841115531182099,0.0,0.0,0.0,709,145,722,8,6.71696662902832,0.00025,13121
2026-03-17T09:35:07.115144,9,1776,0.0,680.5999999999988,0.9841115531182099,0.0,0.0,0.0,709,176,722,5,7.786989212036133,0.00025,13131
2026-03-17T09:35:07.777693,9,1786,-0.1,678.6999999999983,0.9841115531182099,0.0,0.0,0.0,690,157,722,4,4.804372787475586,0.00025,13141
2026-03-17T09:35:08.442011,9,1796,0.0,678.5999999999983,0.9841115531182099,0.0,0.0,0.0,689,149,722,0,3.1714439392089844,0.00025,13151
2026-03-17T09:35:09.107955,9,1806,0.0,678.1999999999982,0.9841115531182099,0.0,0.0,0.0,685,121,722,4,3.3295154571533203,0.00025,13161
2026-03-17T09:35:09.773437,9,1816,0.1,679.1999999999985,0.9841115531182099,0.0,0.0,0.0,695,128,722,4,3.4592151641845703,0.00025,13171
2026-03-17T09:35:10.438109,9,1826,0.1,680.3999999999987,0.9841115531182099,0.0,0.0,0.0,707,145,722,8,2.8226375579833984,0.00025,13181
2026-03-17T09:35:11.105408,9,1836,-0.1,679.8999999999986,0.9841115531182099,0.0,0.0,0.0,702,147,722,2,3.429412841796875,0.00025,13191
2026-03-17T09:35:11.771867,9,1846,0.0,678.3999999999983,0.9841115531182099,0.0,0.0,0.0,687,135,722,3,5.7849884033203125,0.00025,13201
2026-03-17T09:35:12.439543,9,1856,0.0,678.7999999999984,0.9841115531182099,0.0,0.0,0.0,691,173,722,10,7.526874542236328,0.00025,13211
2026-03-17T09:35:13.101282,9,1866,-0.1,675.7999999999977,0.9841115531182099,0.0,0.0,0.0,661,131,722,3,3.3903121948242188,0.00025,13221
2026-03-17T09:35:13.767047,9,1876,0.0,673.4999999999972,0.9841115531182099,0.0,0.0,0.0,638,128,722,4,3.013134002685547,0.00025,13231
2026-03-17T09:35:14.433581,9,1886,0.1,675.9999999999977,0.9841115531182099,0.0,0.0,0.0,663,157,722,8,4.486560821533203,0.00025,13241
2026-03-17T09:35:15.099903,9,1896,0.1,679.6999999999986,0.9841115531182099,0.0,0.0,0.0,700,129,722,7,4.572629928588867,0.00025,13251
2026-03-17T09:35:15.764727,9,1906,0.0,680.6999999999988,0.9841115531182099,0.0,0.0,0.0,710,145,722,2,3.23486328125,0.00025,13261
2026-03-17T09:35:16.430529,9,1916,-0.1,679.0999999999984,0.9841115531182099,0.0,0.0,0.0,694,167,722,9,5.438089370727539,0.00025,13271
2026-03-17T09:35:17.099783,9,1926,0.0,679.0999999999984,0.9841115531182099,0.0,0.0,0.0,694,173,722,1,7.288455963134766,0.00025,13281
2026-03-17T09:35:17.762967,9,1936,0.0,679.0999999999984,0.9841115531182099,0.0,0.0,0.0,694,147,722,4,5.623817443847656,0.00025,13291
2026-03-17T09:35:18.424983,9,1946,0.0,678.5999999999983,0.9841115531182099,0.0,0.0,0.0,689,176,722,9,3.223896026611328,0.00025,13301
2026-03-17T09:35:19.090939,9,1956,-0.1,678.7999999999984,0.9841115531182099,0.0,0.0,0.0,691,145,722,7,3.209829330444336,0.00025,13311
2026-03-17T09:35:19.756394,9,1966,0.0,676.7999999999979,0.9841115531182099,0.0,0.0,0.0,671,128,722,3,3.3464431762695312,0.00025,13321
2026-03-17T09:35:20.422464,9,1976,-0.1,675.6999999999977,0.9841115531182099,0.0,0.0,0.0,660,145,722,10,3.5920143127441406,0.00025,13331
2026-03-17T09:35:21.088332,9,1986,0.0,674.8999999999975,0.9841115531182099,0.0,0.0,0.0,652,157,722,0,3.476858139038086,0.00025,13341
2026-03-17T09:35:21.755184,9,1996,0.0,674.1999999999973,0.9841115531182099,0.0,0.0,0.0,645,176,722,11,4.780054092407227,0.00025,13351
2026-03-17T09:35:22.421187,9,2006,0.0,673.5999999999972,0.9841115531182099,0.0,0.0,0.0,639,160,722,4,4.658937454223633,0.00025,13361
2026-03-17T09:35:23.087185,9,2016,0.0,675.6999999999977,0.9841115531182099,0.0,0.0,0.0,660,176,722,2,5.517482757568359,0.00025,13371
2026-03-17T09:35:23.754529,9,2026,-0.1,674.7999999999975,0.9841115531182099,0.0,0.0,0.0,651,173,722,4,7.241725921630859,0.00025,13381
2026-03-17T09:35:24.418444,9,2036,0.0,673.9999999999973,0.9841115531182099,0.0,0.0,0.0,643,160,722,6,4.886627197265625,0.00025,13391
2026-03-17T09:35:25.087008,9,2046,0.0,673.8999999999972,0.9841115531182099,0.0,0.0,0.0,642,160,722,1,7.616281509399414,0.00025,13401
2026-03-17T09:35:25.750296,9,2056,0.0,673.4999999999972,0.9841115531182099,0.0,0.0,0.0,638,138,722,0,6.208896636962891,0.00025,13411
2026-03-17T09:35:26.415872,9,2066,0.0,673.6999999999972,0.9841115531182099,0.0,0.0,0.0,640,145,722,10,6.803750991821289,0.00025,13421
2026-03-17T09:35:27.080578,9,2076,0.1,674.6999999999974,0.9841115531182099,0.0,0.0,0.0,650,154,722,9,5.329132080078125,0.00025,13431
2026-03-17T09:35:27.743977,9,2086,0.2,680.6999999999988,0.9841115531182099,0.0,0.0,0.0,710,176,722,4,4.16874885559082,0.00025,13441
2026-03-17T09:35:28.410347,9,2096,0.0,681.699999999999,0.9841115531182099,0.0,0.0,0.0,720,160,722,5,5.143404006958008,0.00025,13451
2026-03-17T09:35:29.076727,9,2106,0.0,681.399999999999,0.9841115531182099,0.0,0.0,0.0,717,160,722,10,4.32133674621582,0.00025,13461
2026-03-17T09:35:29.743106,9,2116,0.0,680.5999999999988,0.9841115531182099,0.0,0.0,0.0,709,176,722,5,5.933523178100586,0.00025,13471
2026-03-17T09:35:30.407790,9,2126,0.0,679.2999999999985,0.9841115531182099,0.0,0.0,0.0,696,145,722,0,5.173206329345703,0.00025,13481
2026-03-17T09:35:31.071841,9,2136,0.1,680.0999999999987,0.9841115531182099,0.0,0.0,0.0,704,147,722,11,3.688812255859375,0.00025,13491
2026-03-17T09:35:31.736744,9,2146,0.0,680.1999999999987,0.9841115531182099,0.0,0.0,0.0,705,176,722,9,3.4837722778320312,0.00025,13501
2026-03-17T09:35:32.403406,9,2156,0.0,679.7999999999986,0.9841115531182099,0.0,0.0,0.0,701,160,722,7,3.9043426513671875,0.00025,13511
2026-03-17T09:35:33.069345,9,2166,0.0,680.6999999999988,0.9841115531182099,0.0,0.0,0.0,710,149,722,2,4.118204116821289,0.00025,13521
2026-03-17T09:35:33.736840,9,2176,0.1,681.0999999999989,0.9841115531182099,0.0,0.0,0.0,714,147,722,6,6.597757339477539,0.00025,13531
2026-03-17T09:35:34.401760,9,2186,0.0,681.0999999999989,0.9841115531182099,0.0,0.0,0.0,714,149,722,4,4.955053329467773,0.00025,13541
2026-03-17T09:35:35.067764,9,2196,0.0,681.399999999999,0.9841115531182099,0.0,0.0,0.0,717,176,722,6,7.1926116943359375,0.00025,13551
2026-03-17T09:35:35.730519,9,2206,0.0,681.2999999999989,0.9841115531182099,0.0,0.0,0.0,716,176,722,6,3.2219886779785156,0.00025,13561
2026-03-17T09:35:36.399125,9,2216,0.0,681.799999999999,0.9841115531182099,0.0,0.0,0.0,721,176,722,2,7.383108139038086,0.00025,13571
2026-03-17T09:35:37.064428,9,2226,0.0,681.499999999999,0.9841115531182099,0.0,0.0,0.0,718,160,722,4,5.913972854614258,0.00025,13581
2026-03-17T09:35:37.742730,9,2236,0.0,680.9999999999989,0.9841115531182099,0.0,0.0,0.0,713,149,722,1,1.8520355224609375,0.00025,13591
2026-03-17T09:35:38.410800,9,2246,-0.1,680.1999999999987,0.9841115531182099,0.0,0.0,0.0,705,138,722,1,4.907846450805664,0.00025,13601
2026-03-17T09:35:39.075886,9,2256,0.0,679.1999999999985,0.9841115531182099,0.0,0.0,0.0,695,145,722,9,4.885435104370117,0.00025,13611
2026-03-17T09:35:39.741119,9,2266,0.1,678.8999999999984,0.9841115531182099,0.0,0.0,0.0,692,157,722,9,3.9315223693847656,0.00025,13621
2026-03-17T09:35:40.409619,9,2276,0.0,679.0999999999984,0.9841115531182099,0.0,0.0,0.0,694,160,722,0,6.663322448730469,0.00025,13631
2026-03-17T09:35:41.075498,9,2286,0.0,678.2999999999982,0.9841115531182099,0.0,0.0,0.0,686,160,722,6,7.081270217895508,0.00025,13641
2026-03-17T09:35:41.740629,9,2296,0.0,677.299999999998,0.9841115531182099,0.0,0.0,0.0,676,147,722,1,6.709575653076172,0.00025,13651
2026-03-17T09:35:42.402151,9,2306,-0.1,674.9999999999975,0.9841115531182099,0.0,0.0,0.0,653,135,722,3,3.2668113708496094,0.00025,13661
2026-03-17T09:35:43.069267,9,2316,0.0,673.9999999999973,0.9841115531182099,0.0,0.0,0.0,643,160,722,3,4.295825958251953,0.00025,13671
2026-03-17T09:35:43.734115,9,2326,0.0,674.2999999999973,0.9841115531182099,0.0,0.0,0.0,646,160,722,3,3.775358200073242,0.00025,13681
2026-03-17T09:35:44.401286,9,2336,0.1,675.4999999999976,0.9841115531182099,0.0,0.0,0.0,658,145,722,4,5.651950836181641,0.00025,13691
2026-03-17T09:35:45.067094,9,2346,0.1,678.0999999999982,0.9841115531182099,0.0,0.0,0.0,684,173,722,10,4.521369934082031,0.00025,13701
2026-03-17T09:35:45.732075,9,2356,0.0,677.5999999999981,0.9841115531182099,0.0,0.0,0.0,679,140,722,3,4.502534866333008,0.00025,13711
2026-03-17T09:35:46.396322,9,2366,0.0,676.999999999998,0.9841115531182099,0.0,0.0,0.0,673,147,722,1,4.646778106689453,0.00025,13721
2026-03-17T09:35:47.061725,9,2376,-0.1,676.4999999999978,0.9841115531182099,0.0,0.0,0.0,668,147,722,3,3.8619041442871094,0.00025,13731
2026-03-17T09:35:47.731207,9,2386,0.0,675.4999999999976,0.9841115531182099,0.0,0.0,0.0,658,160,722,1,6.994962692260742,0.00025,13741
2026-03-17T09:35:48.390340,9,2396,0.1,678.3999999999983,0.9841115531182099,0.0,0.0,0.0,687,160,722,0,1.5747547149658203,0.00025,13751
2026-03-17T09:35:49.058254,9,2406,0.0,681.8999999999991,0.9841115531182099,0.0,0.0,0.0,722,149,722,11,3.432035446166992,0.00025,13761
2026-03-17T09:35:49.724904,9,2416,0.1,681.799999999999,0.9841115531182099,0.0,0.0,0.0,721,136,722,5,5.015373229980469,0.00025,13771
2026-03-17T09:35:50.904715,10,4,-0.1,-0.7999999999999999,0.9821433300119734,0.0,0.0,0.0,32,158,40,1,1.0020732879638672,0.00025,13781
2026-03-17T09:35:51.571112,10,14,0.0,-0.4,0.9821433300119734,0.0,0.0,0.0,36,168,40,8,0.972747802734375,0.00025,13791
2026-03-17T09:35:52.236367,10,24,-0.1,-1.7000000000000004,0.9821433300119734,0.0,0.0,0.0,23,148,40,11,1.0313987731933594,0.00025,13801
2026-03-17T09:35:52.901185,10,34,0.0,-2.800000000000001,0.9821433300119734,0.0,0.0,0.0,12,152,40,3,1.2068748474121094,0.00025,13811
2026-03-17T09:35:53.564283,10,44,0.0,-2.9000000000000012,0.9821433300119734,0.0,0.0,0.0,11,160,40,2,0.9012222290039062,0.00025,13821
2026-03-17T09:35:54.231502,10,54,0.0,-4.000000000000002,0.9821433300119734,0.0,0.0,0.0,0,147,40,1,2.187013626098633,0.00025,13831
2026-03-17T09:35:54.902918,10,64,-0.1,-3.000000000000001,0.9821433300119734,0.0,0.0,0.0,10,176,40,10,6.523370742797852,0.00025,13841
2026-03-17T09:35:55.564671,10,74,0.0,-4.000000000000002,0.9821433300119734,0.0,0.0,0.0,0,176,40,4,3.1387805938720703,0.00025,13851
2026-03-17T09:35:56.237558,10,84,0.0,-3.200000000000001,0.9821433300119734,0.0,0.0,0.0,8,160,40,0,7.161378860473633,0.00025,13861
2026-03-17T09:35:56.897695,10,94,0.1,-0.6999999999999993,0.9821433300119734,0.0,0.0,0.0,33,142,40,5,4.374265670776367,0.00025,13871
2026-03-17T09:35:57.562932,10,104,1.0,35.0,0.9821433300119734,0.0,0.0,0.0,75,135,75,1,5.858182907104492,0.00025,13881
2026-03-17T09:35:58.229226,10,114,1.0,93.0,0.9821433300119734,0.0,0.0,0.0,133,143,133,6,5.191802978515625,0.00025,13891
2026-03-17T09:35:58.897773,10,124,1.0,152.0,0.9821433300119734,0.0,0.0,0.0,192,157,192,11,6.835460662841797,0.00025,13901
2026-03-17T09:35:59.563573,10,134,1.0,202.0,0.9821433300119734,0.0,0.0,0.0,242,118,242,5,7.511615753173828,0.00025,13911
2026-03-17T09:36:00.227620,10,144,1.0,252.0,0.9821433300119734,0.0,0.0,0.0,292,85,292,0,7.995843887329102,0.00025,13921
2026-03-17T09:36:00.888266,10,154,0.0,265.39999999999986,0.9821433300119734,0.0,0.0,0.0,300,147,306,7,3.3740997314453125,0.00025,13931
2026-03-17T09:36:01.556644,10,164,-0.1,263.99999999999955,0.9821433300119734,0.0,0.0,0.0,286,145,306,9,3.644704818725586,0.00025,13941
2026-03-17T09:36:02.223327,10,174,0.0,263.2999999999994,0.9821433300119734,0.0,0.0,0.0,279,145,306,0,4.629611968994141,0.00025,13951
2026-03-17T09:36:02.886414,10,184,0.1,263.6999999999995,0.9821433300119734,0.0,0.0,0.0,283,145,306,4,3.644227981567383,0.00025,13961
2026-03-17T09:36:03.552488,10,194,0.0,264.9999999999998,0.9821433300119734,0.0,0.0,0.0,296,116,306,4,5.40614128112793,0.00025,13971
2026-03-17T09:36:04.219962,10,204,0.0,266.5999999999999,0.9821433300119734,0.0,0.0,0.0,303,157,307,11,3.7958621978759766,0.00025,13981
2026-03-17T09:36:04.890746,10,214,0.0,266.79999999999995,0.9821433300119734,0.0,0.0,0.0,305,157,307,1,11.435985565185547,0.00025,13991
2026-03-17T09:36:05.548046,10,224,0.1,266.4999999999999,0.9821433300119734,0.0,0.0,0.0,302,176,307,9,3.3178329467773438,0.00025,14001
2026-03-17T09:36:06.219042,10,234,0.0,268.0,0.9821433300119734,0.0,0.0,0.0,308,176,308,2,6.901741027832031,0.00025,14011
2026-03-17T09:36:06.883159,10,244,1.0,269.0,0.9821433300119734,0.0,0.0,0.0,309,176,309,1,4.950284957885742,0.00025,14021
2026-03-17T09:36:07.545483,10,254,0.0,268.6999999999997,0.9821433300119734,0.0,0.0,0.0,297,176,310,3,4.985809326171875,0.00025,14031
2026-03-17T09:36:08.212579,10,264,0.0,267.19999999999936,0.9821433300119734,0.0,0.0,0.0,282,176,310,0,3.4279823303222656,0.00025,14041
2026-03-17T09:36:08.880117,10,274,0.0,267.59999999999945,0.9821433300119734,0.0,0.0,0.0,286,147,310,1,4.32586669921875,0.00025,14051
2026-03-17T09:36:09.543207,10,284,0.0,267.8999999999995,0.9821433300119734,0.0,0.0,0.0,289,176,310,6,3.8623809814453125,0.00025,14061
2026-03-17T09:36:10.210481,10,294,0.0,267.99999999999955,0.9821433300119734,0.0,0.0,0.0,290,176,310,3,4.49824333190918,0.00025,14071
2026-03-17T09:36:10.878627,10,304,0.0,266.8999999999993,0.9821433300119734,0.0,0.0,0.0,279,160,310,2,5.874395370483398,0.00025,14081
2026-03-17T09:36:11.538098,10,314,0.0,264.99999999999886,0.9821433300119734,0.0,0.0,0.0,260,149,310,4,4.405975341796875,0.00025,14091
2026-03-17T09:36:12.226187,10,324,0.1,267.79999999999944,0.9821433300119734,0.0,0.0,0.0,288,145,310,7,6.227731704711914,0.00025,14101
2026-03-17T09:36:12.892526,10,334,1.0,292.9999999999998,0.9821433300119734,0.0,0.0,0.0,333,157,333,4,6.671905517578125,0.00025,14111
2026-03-17T09:36:13.552191,10,344,0.0,323.9999999999998,0.9821433300119734,0.0,0.0,0.0,364,147,364,11,4.392147064208984,0.00025,14121
2026-03-17T09:36:14.217926,10,354,0.0,331.9999999999998,0.9821433300119734,0.0,0.0,0.0,372,147,372,11,4.338264465332031,0.00025,14131
2026-03-17T09:36:14.885463,10,364,-0.1,334.39999999999964,0.9821433300119734,0.0,0.0,0.0,369,160,375,4,6.44230842590332,0.00025,14141
2026-03-17T09:36:15.550633,10,374,0.0,334.2999999999996,0.9821433300119734,0.0,0.0,0.0,368,176,375,9,3.432035446166992,0.00025,14151
2026-03-17T09:36:16.217450,10,384,1.0,341.9999999999998,0.9821433300119734,0.0,0.0,0.0,382,147,382,1,6.47425651550293,0.00025,14161
2026-03-17T09:36:16.884099,10,394,0.0,362.9999999999998,0.9821433300119734,0.0,0.0,0.0,403,147,403,8,5.704641342163086,0.00025,14171
2026-03-17T09:36:17.550146,10,404,-0.1,364.7999999999995,0.9821433300119734,0.0,0.0,0.0,394,176,406,9,6.744861602783203,0.00025,14181
2026-03-17T09:36:18.211958,10,414,-0.1,360.09999999999883,0.9821433300119734,0.0,0.0,0.0,347,176,406,0,2.607583999633789,0.00025,14191
2026-03-17T09:36:18.883061,10,424,0.1,359.8999999999988,0.9821433300119734,0.0,0.0,0.0,345,176,406,11,6.39033317565918,0.00025,14201
2026-03-17T09:36:19.543455,10,434,-0.1,360.19999999999885,0.9821433300119734,0.0,0.0,0.0,348,176,406,6,3.574371337890625,0.00025,14211
2026-03-17T09:36:20.209344,10,444,0.0,361.09999999999906,0.9821433300119734,0.0,0.0,0.0,357,173,406,8,3.494739532470703,0.00025,14221
2026-03-17T09:36:20.876246,10,454,0.0,361.7999999999992,0.9821433300119734,0.0,0.0,0.0,364,160,406,5,4.477500915527344,0.00025,14231
2026-03-17T09:36:21.540898,10,464,-0.1,360.2999999999989,0.9821433300119734,0.0,0.0,0.0,349,169,406,10,5.974054336547852,0.00025,14241
2026-03-17T09:36:22.207528,10,474,0.0,359.39999999999867,0.9821433300119734,0.0,0.0,0.0,340,169,406,5,4.596948623657227,0.00025,14251
2026-03-17T09:36:22.874684,10,484,0.1,360.4999999999989,0.9821433300119734,0.0,0.0,0.0,351,173,406,1,6.479024887084961,0.00025,14261
2026-03-17T09:36:23.533945,10,494,0.1,365.39999999999947,0.9821433300119734,0.0,0.0,0.0,400,148,406,7,4.166603088378906,0.00025,14271
2026-03-17T09:36:24.207855,10,504,0.0,400.99999999999955,0.9821433300119734,0.0,0.0,0.0,441,144,441,6,7.386445999145508,0.00025,14281
2026-03-17T09:36:24.866985,10,514,0.0,400.7999999999995,0.9821433300119734,0.0,0.0,0.0,439,144,441,5,4.830598831176758,0.00025,14291
2026-03-17T09:36:25.533239,10,524,0.0,399.9999999999993,0.9821433300119734,0.0,0.0,0.0,431,116,441,11,5.172014236450195,0.00025,14301
2026-03-17T09:36:26.199078,10,534,0.0,399.19999999999914,0.9821433300119734,0.0,0.0,0.0,423,173,441,9,5.056142807006836,0.00025,14311
2026-03-17T09:36:26.867119,10,544,-0.1,397.09999999999866,0.9821433300119734,0.0,0.0,0.0,402,152,441,5,5.636930465698242,0.00025,14321
2026-03-17T09:36:27.539926,10,554,0.0,396.69999999999857,0.9821433300119734,0.0,0.0,0.0,398,148,441,7,13.031244277954102,0.00025,14331
2026-03-17T09:36:28.198961,10,564,0.0,396.7999999999986,0.9821433300119734,0.0,0.0,0.0,399,176,441,0,7.277488708496094,0.00025,14341
2026-03-17T09:36:28.860079,10,574,0.0,397.2999999999987,0.9821433300119734,0.0,0.0,0.0,404,147,441,4,4.461050033569336,0.00025,14351
2026-03-17T09:36:29.530633,10,584,0.0,400.29999999999933,0.9821433300119734,0.0,0.0,0.0,434,160,441,7,5.587577819824219,0.00025,14361
2026-03-17T09:36:30.196875,10,594,0.0,400.39999999999935,0.9821433300119734,0.0,0.0,0.0,435,147,441,8,7.252693176269531,0.00025,14371
2026-03-17T09:36:30.855635,10,604,0.0,400.39999999999935,0.9821433300119734,0.0,0.0,0.0,435,147,441,9,3.818511962890625,0.00025,14381
2026-03-17T09:36:31.524413,10,614,0.0,398.4999999999989,0.9821433300119734,0.0,0.0,0.0,416,176,441,5,3.8073062896728516,0.00025,14391
2026-03-17T09:36:32.189284,10,624,-0.1,398.2999999999989,0.9821433300119734,0.0,0.0,0.0,414,145,441,7,4.670858383178711,0.00025,14401
2026-03-17T09:36:32.856596,10,634,0.0,398.2999999999989,0.9821433300119734,0.0,0.0,0.0,414,160,441,11,7.6580047607421875,0.00025,14411
2026-03-17T09:36:33.521953,10,644,0.1,397.29999999999865,0.9821433300119734,0.0,0.0,0.0,404,138,441,11,5.773067474365234,0.00025,14421
2026-03-17T09:36:34.188869,10,654,0.0,397.39999999999867,0.9821433300119734,0.0,0.0,0.0,405,149,441,10,5.979299545288086,0.00025,14431
2026-03-17T09:36:34.846128,10,664,0.0,396.6999999999985,0.9821433300119734,0.0,0.0,0.0,398,138,441,3,2.034425735473633,0.00025,14441
2026-03-17T09:36:35.519025,10,674,0.0,396.49999999999847,0.9821433300119734,0.0,0.0,0.0,396,135,441,4,6.311178207397461,0.00025,14451
2026-03-17T09:36:36.182140,10,684,0.0,396.9999999999986,0.9821433300119734,0.0,0.0,0.0,401,160,441,6,3.6580562591552734,0.00025,14461
2026-03-17T09:36:36.845118,10,694,0.0,397.1999999999986,0.9821433300119734,0.0,0.0,0.0,403,160,441,11,1.6260147094726562,0.00025,14471
2026-03-17T09:36:37.516135,10,704,-0.1,397.79999999999876,0.9821433300119734,0.0,0.0,0.0,409,147,441,2,5.623102188110352,0.00025,14481
2026-03-17T09:36:38.180229,10,714,-0.1,394.299999999998,0.9821433300119734,0.0,0.0,0.0,374,147,441,4,7.466793060302734,0.00025,14491
2026-03-17T09:36:38.846190,10,724,0.0,393.09999999999775,0.9821433300119734,0.0,0.0,0.0,362,145,441,8,6.453752517700195,0.00025,14501
2026-03-17T09:36:39.507119,10,734,0.1,393.59999999999786,0.9821433300119734,0.0,0.0,0.0,367,173,441,3,3.6101341247558594,0.00025,14511
2026-03-17T09:36:40.174520,10,744,0.1,396.4999999999985,0.9821433300119734,0.0,0.0,0.0,396,173,441,6,5.653142929077148,0.00025,14521
2026-03-17T09:36:40.846856,10,754,0.1,396.7999999999986,0.9821433300119734,0.0,0.0,0.0,399,176,441,10,8.086204528808594,0.00025,14531
2026-03-17T09:36:41.504302,10,764,0.1,398.499999999999,0.9821433300119734,0.0,0.0,0.0,416,147,441,0,3.2243728637695312,0.00025,14541
2026-03-17T09:36:42.172052,10,774,0.0,399.3999999999992,0.9821433300119734,0.0,0.0,0.0,425,147,441,6,3.5495758056640625,0.00025,14551
2026-03-17T09:36:42.837424,10,784,0.0,399.7999999999993,0.9821433300119734,0.0,0.0,0.0,429,176,441,2,3.5800933837890625,0.00025,14561
2026-03-17T09:36:43.503676,10,794,0.0,398.499999999999,0.9821433300119734,0.0,0.0,0.0,416,176,441,1,4.821062088012695,0.00025,14571
2026-03-17T09:36:44.170693,10,804,-0.1,400.09999999999934,0.9821433300119734,0.0,0.0,0.0,432,176,441,7,6.954193115234375,0.00025,14581
2026-03-17T09:36:44.838673,10,814,0.0,400.2999999999994,0.9821433300119734,0.0,0.0,0.0,434,176,441,1,8.081912994384766,0.00025,14591
2026-03-17T09:36:45.502678,10,824,0.0,400.99999999999955,0.9821433300119734,0.0,0.0,0.0,441,119,441,3,6.063222885131836,0.00025,14601
2026-03-17T09:36:46.164909,10,834,0.0,420.99999999999955,0.9821433300119734,0.0,0.0,0.0,461,113,461,6,3.240823745727539,0.00025,14611
2026-03-17T09:36:46.829145,10,844,1.0,467.99999999999955,0.9821433300119734,0.0,0.0,0.0,508,176,508,10,3.1044483184814453,0.00025,14621
2026-03-17T09:36:47.495726,10,854,0.1,476.99999999999955,0.9821433300119734,0.0,0.0,0.0,517,176,517,8,3.433704376220703,0.00025,14631
2026-03-17T09:36:48.161500,10,864,0.0,476.09999999999934,0.9821433300119734,0.0,0.0,0.0,508,176,517,6,3.346681594848633,0.00025,14641
2026-03-17T09:36:48.827173,10,874,0.1,475.5999999999992,0.9821433300119734,0.0,0.0,0.0,503,160,517,5,2.6407241821289062,0.00025,14651
2026-03-17T09:36:49.493263,10,884,0.0,475.19999999999914,0.9821433300119734,0.0,0.0,0.0,499,145,517,6,6.324529647827148,0.00025,14661
2026-03-17T09:36:50.161322,10,894,0.0,475.0999999999991,0.9821433300119734,0.0,0.0,0.0,498,136,517,8,7.547855377197266,0.00025,14671
2026-03-17T09:36:50.824134,10,904,0.1,474.499999999999,0.9821433300119734,0.0,0.0,0.0,492,136,517,2,4.208803176879883,0.00025,14681
2026-03-17T09:36:51.493309,10,914,-0.1,473.89999999999884,0.9821433300119734,0.0,0.0,0.0,486,135,517,3,7.486104965209961,0.00025,14691
2026-03-17T09:36:52.154591,10,924,0.0,473.3999999999987,0.9821433300119734,0.0,0.0,0.0,481,145,517,11,4.647016525268555,0.00025,14701
2026-03-17T09:36:52.821780,10,934,0.0,473.49999999999875,0.9821433300119734,0.0,0.0,0.0,482,140,517,2,4.241228103637695,0.00025,14711
2026-03-17T09:36:53.485786,10,944,0.1,474.599999999999,0.9821433300119734,0.0,0.0,0.0,493,148,517,6,3.7539005279541016,0.00025,14721
2026-03-17T09:36:54.151919,10,954,0.1,475.29999999999916,0.9821433300119734,0.0,0.0,0.0,500,160,517,0,3.730297088623047,0.00025,14731
2026-03-17T09:36:54.818527,10,964,-0.1,475.19999999999914,0.9821433300119734,0.0,0.0,0.0,499,149,517,3,6.979227066040039,0.00025,14741
2026-03-17T09:36:55.481504,10,974,0.0,474.1999999999989,0.9821433300119734,0.0,0.0,0.0,489,160,517,4,5.101442337036133,0.00025,14751
2026-03-17T09:36:56.150203,10,984,1.0,488.8999999999995,0.9821433300119734,0.0,0.0,0.0,529,176,529,4,6.556034088134766,0.00025,14761
2026-03-17T09:36:56.817204,10,994,1.0,532.8999999999995,0.9821433300119734,0.0,0.0,0.0,573,137,573,5,5.527496337890625,0.00025,14771
2026-03-17T09:36:57.479441,10,1004,0.0,553.8999999999995,0.9821433300119734,0.0,0.0,0.0,594,176,594,6,3.056049346923828,0.00025,14781
2026-03-17T09:36:58.145010,10,1014,0.0,554.7999999999995,0.9821433300119734,0.0,0.0,0.0,594,176,595,0,4.466533660888672,0.00025,14791
2026-03-17T09:36:58.810082,10,1024,0.0,554.7999999999995,0.9821433300119734,0.0,0.0,0.0,594,176,595,4,3.715038299560547,0.00025,14801
2026-03-17T09:36:59.475029,10,1034,-0.1,554.2999999999994,0.9821433300119734,0.0,0.0,0.0,589,176,595,10,3.4072399139404297,0.00025,14811
2026-03-17T09:37:00.144133,10,1044,0.0,552.799999999999,0.9821433300119734,0.0,0.0,0.0,574,147,595,6,7.492780685424805,0.00025,14821
2026-03-17T09:37:00.807959,10,1054,0.0,550.2999999999985,0.9821433300119734,0.0,0.0,0.0,549,160,595,9,6.393909454345703,0.00025,14831
2026-03-17T09:37:01.471864,10,1064,0.0,550.7999999999986,0.9821433300119734,0.0,0.0,0.0,554,176,595,7,4.780054092407227,0.00025,14841
2026-03-17T09:37:02.137007,10,1074,-0.1,549.8999999999984,0.9821433300119734,0.0,0.0,0.0,545,176,595,0,3.9424896240234375,0.00025,14851
2026-03-17T09:37:02.802585,10,1084,-0.1,547.6999999999979,0.9821433300119734,0.0,0.0,0.0,523,176,595,2,3.197908401489258,0.00025,14861
2026-03-17T09:37:03.469148,10,1094,0.0,546.9999999999977,0.9821433300119734,0.0,0.0,0.0,516,152,595,6,3.3807754516601562,0.00025,14871
2026-03-17T09:37:04.133980,10,1104,0.0,546.6999999999977,0.9821433300119734,0.0,0.0,0.0,513,176,595,6,4.2209625244140625,0.00025,14881
2026-03-17T09:37:04.799933,10,1114,-0.1,547.5999999999979,0.9821433300119734,0.0,0.0,0.0,522,176,595,9,3.1387805938720703,0.00025,14891
2026-03-17T09:37:05.466340,10,1124,0.0,547.1999999999978,0.9821433300119734,0.0,0.0,0.0,518,176,595,7,3.618478775024414,0.00025,14901
2026-03-17T09:37:06.132650,10,1134,0.0,547.8999999999979,0.9821433300119734,0.0,0.0,0.0,525,128,595,8,5.306482315063477,0.00025,14911
2026-03-17T09:37:06.798935,10,1144,-0.1,547.0999999999977,0.9821433300119734,0.0,0.0,0.0,517,147,595,8,6.640911102294922,0.00025,14921
2026-03-17T09:37:07.465723,10,1154,0.0,546.7999999999977,0.9821433300119734,0.0,0.0,0.0,514,168,595,2,6.749153137207031,0.00025,14931
2026-03-17T09:37:08.126707,10,1164,0.0,546.7999999999977,0.9821433300119734,0.0,0.0,0.0,514,176,595,1,3.4160614013671875,0.00025,14941
2026-03-17T09:37:08.794011,10,1174,0.0,547.0999999999977,0.9821433300119734,0.0,0.0,0.0,517,160,595,10,4.66156005859375,0.00025,14951
2026-03-17T09:37:09.457013,10,1184,0.0,546.9999999999977,0.9821433300119734,0.0,0.0,0.0,516,136,595,0,2.9048919677734375,0.00025,14961
2026-03-17T09:37:10.123182,10,1194,0.0,546.7999999999977,0.9821433300119734,0.0,0.0,0.0,514,160,595,11,2.072572708129883,0.00025,14971
2026-03-17T09:37:10.790039,10,1204,0.1,547.6999999999979,0.9821433300119734,0.0,0.0,0.0,523,149,595,1,3.27301025390625,0.00025,14981
2026-03-17T09:37:11.458514,10,1214,-0.1,547.5999999999979,0.9821433300119734,0.0,0.0,0.0,522,157,595,10,6.9599151611328125,0.00025,14991
2026-03-17T09:37:12.122535,10,1224,0.0,546.5999999999976,0.9821433300119734,0.0,0.0,0.0,512,147,595,9,2.5234222412109375,0.00025,15001
2026-03-17T09:37:12.791484,10,1234,0.0,547.4999999999978,0.9821433300119734,0.0,0.0,0.0,521,160,595,2,7.749795913696289,0.00025,15011
2026-03-17T09:37:13.455466,10,1244,0.0,546.6999999999977,0.9821433300119734,0.0,0.0,0.0,513,138,595,10,7.213830947875977,0.00025,15021
2026-03-17T09:37:14.121207,10,1254,0.0,546.6999999999977,0.9821433300119734,0.0,0.0,0.0,513,136,595,7,5.2585601806640625,0.00025,15031
2026-03-17T09:37:14.788788,10,1264,0.1,547.3999999999978,0.9821433300119734,0.0,0.0,0.0,520,138,595,11,7.109880447387695,0.00025,15041
2026-03-17T09:37:15.454835,10,1274,-0.1,548.099999999998,0.9821433300119734,0.0,0.0,0.0,527,176,595,11,6.599903106689453,0.00025,15051
2026-03-17T09:37:16.135518,10,1284,-0.1,547.0999999999977,0.9821433300119734,0.0,0.0,0.0,517,145,595,7,6.148338317871094,0.00025,15061
2026-03-17T09:37:16.799325,10,1294,0.0,546.8999999999977,0.9821433300119734,0.0,0.0,0.0,515,152,595,10,4.257678985595703,0.00025,15071
2026-03-17T09:37:17.466013,10,1304,0.0,547.2999999999978,0.9821433300119734,0.0,0.0,0.0,519,160,595,4,5.758523941040039,0.00025,15081
2026-03-17T09:37:18.129898,10,1314,0.0,547.4999999999978,0.9821433300119734,0.0,0.0,0.0,521,160,595,2,5.62596321105957,0.00025,15091
2026-03-17T09:37:18.795944,10,1324,0.0,547.1999999999978,0.9821433300119734,0.0,0.0,0.0,518,145,595,9,6.608009338378906,0.00025,15101
2026-03-17T09:37:19.460226,10,1334,0.0,547.6999999999979,0.9821433300119734,0.0,0.0,0.0,523,157,595,0,5.022764205932617,0.00025,15111
2026-03-17T09:37:20.124739,10,1344,0.0,548.199999999998,0.9821433300119734,0.0,0.0,0.0,528,176,595,6,2.106904983520508,0.00025,15121
2026-03-17T09:37:20.795200,10,1354,0.0,548.199999999998,0.9821433300119734,0.0,0.0,0.0,528,176,595,4,6.4697265625,0.00025,15131
2026-03-17T09:37:21.456128,10,1364,0.0,547.8999999999979,0.9821433300119734,0.0,0.0,0.0,525,147,595,1,3.566741943359375,0.00025,15141
2026-03-17T09:37:22.120452,10,1374,0.0,547.6999999999979,0.9821433300119734,0.0,0.0,0.0,523,147,595,11,3.6573410034179688,0.00025,15151
2026-03-17T09:37:22.788877,10,1384,0.0,548.299999999998,0.9821433300119734,0.0,0.0,0.0,529,176,595,7,4.620552062988281,0.00025,15161
2026-03-17T09:37:23.454436,10,1394,0.0,548.6999999999981,0.9821433300119734,0.0,0.0,0.0,533,147,595,2,4.253149032592773,0.00025,15171
2026-03-17T09:37:24.122110,10,1404,0.0,548.5999999999981,0.9821433300119734,0.0,0.0,0.0,532,147,595,1,7.314205169677734,0.00025,15181
2026-03-17T09:37:24.788422,10,1414,0.0,548.299999999998,0.9821433300119734,0.0,0.0,0.0,529,147,595,3,7.995128631591797,0.00025,15191
2026-03-17T09:37:25.448690,10,1424,-0.1,547.5999999999979,0.9821433300119734,0.0,0.0,0.0,522,160,595,7,3.3483505249023438,0.00025,15201
2026-03-17T09:37:26.119531,10,1434,0.0,546.8999999999977,0.9821433300119734,0.0,0.0,0.0,515,176,595,8,7.363557815551758,0.00025,15211
2026-03-17T09:37:26.783466,10,1444,0.0,546.7999999999977,0.9821433300119734,0.0,0.0,0.0,514,176,595,11,4.765510559082031,0.00025,15221
2026-03-17T09:37:27.975188,11,6,0.0,-0.30000000000000004,0.9801790433519495,0.0,0.0,0.0,37,174,40,11,0.7991790771484375,0.00025,15231
2026-03-17T09:37:28.641554,11,16,0.1,-0.20000000000000004,0.9801790433519495,0.0,0.0,0.0,38,173,40,4,1.3632774353027344,0.00025,15241
2026-03-17T09:37:29.305470,11,26,1.0,39.0,0.9801790433519495,0.0,0.0,0.0,79,147,79,1,1.0211467742919922,0.00025,15251
2026-03-17T09:37:29.973488,11,36,1.0,78.0,0.9801790433519495,0.0,0.0,0.0,118,149,118,7,1.0867118835449219,0.00025,15261
2026-03-17T09:37:30.640578,11,46,1.0,87.0,0.9801790433519495,0.0,0.0,0.0,127,176,127,9,1.5118122100830078,0.00025,15271
2026-03-17T09:37:31.302955,11,56,-0.1,99.80000000000001,0.9801790433519495,0.0,0.0,0.0,138,160,140,2,2.4619102478027344,0.00025,15281
2026-03-17T09:37:31.971840,11,66,0.0,98.80000000000007,0.9801790433519495,0.0,0.0,0.0,128,176,140,9,4.26483154296875,0.00025,15291
2026-03-17T09:37:32.636047,11,76,0.0,112.0,0.9801790433519495,0.0,0.0,0.0,152,176,152,4,3.210783004760742,0.00025,15301
2026-03-17T09:37:33.304028,11,86,1.0,116.0,0.9801790433519495,0.0,0.0,0.0,156,149,156,0,5.107879638671875,0.00025,15311
2026-03-17T09:37:33.970801,11,96,0.0,121.9,0.9801790433519495,0.0,0.0,0.0,161,157,162,5,3.7965774536132812,0.00025,15321
2026-03-17T09:37:34.637568,11,106,-0.1,119.40000000000015,0.9801790433519495,0.0,0.0,0.0,136,176,162,1,5.95855712890625,0.00025,15331
2026-03-17T09:37:35.295932,11,116,0.0,119.80000000000013,0.9801790433519495,0.0,0.0,0.0,140,176,162,3,2.4237632751464844,0.00025,15341
2026-03-17T09:37:35.968463,11,126,0.0,119.10000000000016,0.9801790433519495,0.0,0.0,0.0,133,176,162,11,6.725788116455078,0.00025,15351
2026-03-17T09:37:36.635531,11,136,0.0,118.30000000000021,0.9801790433519495,0.0,0.0,0.0,125,176,162,5,8.60595703125,0.00025,15361
2026-03-17T09:37:37.298766,11,146,0.0,118.90000000000018,0.9801790433519495,0.0,0.0,0.0,131,176,162,10,6.01959228515625,0.00025,15371
2026-03-17T09:37:37.960208,11,156,0.0,118.6000000000002,0.9801790433519495,0.0,0.0,0.0,128,149,162,0,3.4601688385009766,0.00025,15381
2026-03-17T09:37:38.625867,11,166,0.0,118.80000000000018,0.9801790433519495,0.0,0.0,0.0,130,176,162,2,4.253625869750977,0.00025,15391
2026-03-17T09:37:39.292983,11,176,0.0,116.6000000000003,0.9801790433519495,0.0,0.0,0.0,108,176,162,11,4.727840423583984,0.00025,15401
2026-03-17T09:37:39.958874,11,186,0.0,117.00000000000028,0.9801790433519495,0.0,0.0,0.0,112,160,162,5,4.064798355102539,0.00025,15411
2026-03-17T09:37:40.625149,11,196,0.1,117.10000000000028,0.9801790433519495,0.0,0.0,0.0,113,149,162,9,6.3877105712890625,0.00025,15421
2026-03-17T09:37:41.292531,11,206,0.0,119.60000000000014,0.9801790433519495,0.0,0.0,0.0,138,147,162,6,7.815361022949219,0.00025,15431
2026-03-17T09:37:41.954112,11,216,-0.1,119.70000000000013,0.9801790433519495,0.0,0.0,0.0,139,147,162,1,4.745006561279297,0.00025,15441
2026-03-17T09:37:42.619783,11,226,-0.1,116.20000000000029,0.9801790433519495,0.0,0.0,0.0,104,149,162,9,3.398895263671875,0.00025,15451
2026-03-17T09:37:43.286517,11,236,0.0,114.20000000000034,0.9801790433519495,0.0,0.0,0.0,84,147,162,9,4.0836334228515625,0.00025,15461
2026-03-17T09:37:43.952538,11,246,0.0,117.00000000000018,0.9801790433519495,0.0,0.0,0.0,112,176,162,9,2.937793731689453,0.00025,15471
2026-03-17T09:37:44.617246,11,256,0.0,116.7000000000002,0.9801790433519495,0.0,0.0,0.0,109,176,162,6,3.515958786010742,0.00025,15481
2026-03-17T09:37:45.282469,11,266,-0.1,114.80000000000031,0.9801790433519495,0.0,0.0,0.0,90,163,162,0,4.913806915283203,0.00025,15491
2026-03-17T09:37:45.950359,11,276,0.0,114.50000000000033,0.9801790433519495,0.0,0.0,0.0,87,176,162,0,6.836414337158203,0.00025,15501
2026-03-17T09:37:46.616802,11,286,0.0,114.30000000000034,0.9801790433519495,0.0,0.0,0.0,85,176,162,8,8.421182632446289,0.00025,15511
2026-03-17T09:37:47.283244,11,296,0.0,114.10000000000035,0.9801790433519495,0.0,0.0,0.0,83,149,162,2,7.285118103027344,0.00025,15521
2026-03-17T09:37:47.950511,11,306,0.1,114.40000000000033,0.9801790433519495,0.0,0.0,0.0,86,176,162,10,8.726119995117188,0.00025,15531
2026-03-17T09:37:48.609143,11,316,-0.1,115.60000000000026,0.9801790433519495,0.0,0.0,0.0,98,160,162,8,4.777669906616211,0.00025,15541
2026-03-17T09:37:49.273894,11,326,0.0,114.10000000000035,0.9801790433519495,0.0,0.0,0.0,83,160,162,6,3.400564193725586,0.00025,15551
2026-03-17T09:37:49.942310,11,336,0.1,114.40000000000033,0.9801790433519495,0.0,0.0,0.0,86,160,162,11,3.3118724822998047,0.00025,15561
2026-03-17T09:37:50.607462,11,346,-0.1,114.40000000000033,0.9801790433519495,0.0,0.0,0.0,86,136,162,0,2.198457717895508,0.00025,15571
2026-03-17T09:37:51.272772,11,356,0.0,114.50000000000033,0.9801790433519495,0.0,0.0,0.0,87,145,162,10,3.078460693359375,0.00025,15581
2026-03-17T09:37:51.940849,11,366,0.0,114.80000000000031,0.9801790433519495,0.0,0.0,0.0,90,138,162,2,7.286787033081055,0.00025,15591
2026-03-17T09:37:52.601136,11,376,0.0,114.80000000000031,0.9801790433519495,0.0,0.0,0.0,90,176,162,6,3.3712387084960938,0.00025,15601
2026-03-17T09:37:53.269685,11,386,0.1,114.9000000000003,0.9801790433519495,0.0,0.0,0.0,91,173,162,4,4.2934417724609375,0.00025,15611
2026-03-17T09:37:53.933878,11,396,0.0,115.30000000000028,0.9801790433519495,0.0,0.0,0.0,95,176,162,5,5.010366439819336,0.00025,15621
2026-03-17T09:37:54.599109,11,406,0.0,116.90000000000019,0.9801790433519495,0.0,0.0,0.0,111,147,162,0,3.774404525756836,0.00025,15631
2026-03-17T09:37:55.265219,11,416,-0.1,117.20000000000017,0.9801790433519495,0.0,0.0,0.0,114,136,162,0,3.471851348876953,0.00025,15641
2026-03-17T09:37:55.932307,11,426,0.0,116.30000000000022,0.9801790433519495,0.0,0.0,0.0,105,176,162,4,3.900766372680664,0.00025,15651
2026-03-17T09:37:56.599055,11,436,0.0,116.50000000000021,0.9801790433519495,0.0,0.0,0.0,107,176,162,6,4.933357238769531,0.00025,15661
2026-03-17T09:37:57.265570,11,446,0.0,118.10000000000012,0.9801790433519495,0.0,0.0,0.0,123,176,162,11,4.552125930786133,0.00025,15671
2026-03-17T09:37:57.930986,11,456,0.0,117.80000000000014,0.9801790433519495,0.0,0.0,0.0,120,176,162,11,6.211042404174805,0.00025,15681
2026-03-17T09:37:58.597682,11,466,0.0,117.40000000000016,0.9801790433519495,0.0,0.0,0.0,116,135,162,3,5.421876907348633,0.00025,15691
2026-03-17T09:37:59.257727,11,476,0.0,117.50000000000016,0.9801790433519495,0.0,0.0,0.0,117,160,162,11,2.457857131958008,0.00025,15701
2026-03-17T09:37:59.923528,11,486,-0.1,116.30000000000022,0.9801790433519495,0.0,0.0,0.0,105,176,162,4,4.585504531860352,0.00025,15711
2026-03-17T09:38:00.591028,11,496,0.0,116.60000000000021,0.9801790433519495,0.0,0.0,0.0,108,173,162,6,6.108760833740234,0.00025,15721
2026-03-17T09:38:01.257579,11,506,0.0,116.7000000000002,0.9801790433519495,0.0,0.0,0.0,109,157,162,11,5.872488021850586,0.00025,15731
2026-03-17T09:38:01.922679,11,516,-0.1,115.30000000000028,0.9801790433519495,0.0,0.0,0.0,95,147,162,10,5.776166915893555,0.00025,15741
2026-03-17T09:38:02.585751,11,526,0.1,114.6000000000003,0.9801790433519495,0.0,0.0,0.0,88,173,162,9,4.201412200927734,0.00025,15751
2026-03-17T09:38:03.254649,11,536,0.1,117.40000000000015,0.9801790433519495,0.0,0.0,0.0,116,148,162,0,5.474567413330078,0.00025,15761
2026-03-17T09:38:03.921333,11,546,-0.1,116.5000000000002,0.9801790433519495,0.0,0.0,0.0,107,173,162,10,4.363298416137695,0.00025,15771
2026-03-17T09:38:04.581878,11,556,0.0,116.30000000000021,0.9801790433519495,0.0,0.0,0.0,105,173,162,11,2.8688907623291016,0.00025,15781
2026-03-17T09:38:05.249035,11,566,0.0,117.00000000000017,0.9801790433519495,0.0,0.0,0.0,112,165,162,10,5.024194717407227,0.00025,15791
2026-03-17T09:38:05.917509,11,576,0.1,117.50000000000014,0.9801790433519495,0.0,0.0,0.0,117,152,162,8,5.77092170715332,0.00025,15801
2026-03-17T09:38:06.584508,11,586,0.1,119.9,0.9801790433519495,0.0,0.0,0.0,141,147,162,5,4.48298454284668,0.00025,15811
2026-03-17T09:38:07.247126,11,596,0.1,120.69999999999996,0.9801790433519495,0.0,0.0,0.0,149,128,162,4,4.671335220336914,0.00025,15821
2026-03-17T09:38:07.911980,11,606,-0.1,120.29999999999998,0.9801790433519495,0.0,0.0,0.0,145,149,162,2,5.520105361938477,0.00025,15831
2026-03-17T09:38:08.578096,11,616,-0.1,118.50000000000009,0.9801790433519495,0.0,0.0,0.0,127,176,162,6,6.570100784301758,0.00025,15841
2026-03-17T09:38:09.245031,11,626,0.0,118.3000000000001,0.9801790433519495,0.0,0.0,0.0,125,146,162,10,7.002353668212891,0.00025,15851
2026-03-17T09:38:09.906246,11,636,0.0,118.50000000000009,0.9801790433519495,0.0,0.0,0.0,127,176,162,1,3.8123130798339844,0.00025,15861
2026-03-17T09:38:10.591698,11,646,0.0,117.80000000000013,0.9801790433519495,0.0,0.0,0.0,120,160,162,10,4.778861999511719,0.00025,15871
2026-03-17T09:38:11.256376,11,656,-0.1,117.30000000000015,0.9801790433519495,0.0,0.0,0.0,115,176,162,2,3.5758018493652344,0.00025,15881
2026-03-17T09:38:11.922760,11,666,-0.1,116.5000000000002,0.9801790433519495,0.0,0.0,0.0,107,176,162,3,3.8352012634277344,0.00025,15891
2026-03-17T09:38:12.586944,11,676,0.1,116.80000000000018,0.9801790433519495,0.0,0.0,0.0,110,160,162,3,3.380298614501953,0.00025,15901
2026-03-17T09:38:13.251738,11,686,0.0,117.40000000000015,0.9801790433519495,0.0,0.0,0.0,116,176,162,8,3.2172203063964844,0.00025,15911
2026-03-17T09:38:13.918802,11,696,0.0,118.70000000000007,0.9801790433519495,0.0,0.0,0.0,129,168,162,6,3.9911270141601562,0.00025,15921
2026-03-17T09:38:14.584802,11,706,-0.1,117.90000000000012,0.9801790433519495,0.0,0.0,0.0,121,176,162,6,6.15692138671875,0.00025,15931
2026-03-17T09:38:15.252797,11,716,0.0,117.30000000000015,0.9801790433519495,0.0,0.0,0.0,115,148,162,8,7.851839065551758,0.00025,15941
2026-03-17T09:38:15.913443,11,726,-0.1,116.00000000000023,0.9801790433519495,0.0,0.0,0.0,102,173,162,8,3.4346580505371094,0.00025,15951
2026-03-17T09:38:16.578987,11,736,0.0,114.10000000000032,0.9801790433519495,0.0,0.0,0.0,83,176,162,1,3.5085678100585938,0.00025,15961
2026-03-17T09:38:17.248788,11,746,0.0,114.20000000000032,0.9801790433519495,0.0,0.0,0.0,84,176,162,0,5.77998161315918,0.00025,15971
2026-03-17T09:38:17.911470,11,756,0.0,114.70000000000029,0.9801790433519495,0.0,0.0,0.0,89,176,162,8,3.6950111389160156,0.00025,15981
2026-03-17T09:38:18.577943,11,766,0.0,114.5000000000003,0.9801790433519495,0.0,0.0,0.0,87,176,162,11,3.053903579711914,0.00025,15991
2026-03-17T09:38:19.246775,11,776,0.0,115.00000000000027,0.9801790433519495,0.0,0.0,0.0,92,176,162,10,4.850149154663086,0.00025,16001
2026-03-17T09:38:19.910093,11,786,0.0,114.00000000000033,0.9801790433519495,0.0,0.0,0.0,82,123,162,5,7.906913757324219,0.00025,16011
2026-03-17T09:38:20.575954,11,796,0.0,114.60000000000029,0.9801790433519495,0.0,0.0,0.0,88,173,162,2,5.886316299438477,0.00025,16021
2026-03-17T09:38:21.242232,11,806,0.0,114.10000000000032,0.9801790433519495,0.0,0.0,0.0,83,176,162,2,7.540702819824219,0.00025,16031
2026-03-17T09:38:21.908729,11,816,0.0,114.80000000000028,0.9801790433519495,0.0,0.0,0.0,90,148,162,5,8.262157440185547,0.00025,16041
2026-03-17T09:38:22.570591,11,826,-0.1,114.00000000000033,0.9801790433519495,0.0,0.0,0.0,82,176,162,4,4.845380783081055,0.00025,16051
2026-03-17T09:38:23.239185,11,836,0.0,114.5000000000003,0.9801790433519495,0.0,0.0,0.0,87,149,162,8,6.6356658935546875,0.00025,16061
2026-03-17T09:38:23.902168,11,846,0.0,114.00000000000033,0.9801790433519495,0.0,0.0,0.0,82,147,162,3,3.4036636352539062,0.00025,16071
2026-03-17T09:38:24.568722,11,856,0.0,114.00000000000033,0.9801790433519495,0.0,0.0,0.0,82,147,162,10,4.763364791870117,0.00025,16081
2026-03-17T09:38:25.233499,11,866,0.0,114.30000000000031,0.9801790433519495,0.0,0.0,0.0,85,176,162,6,3.2885074615478516,0.00025,16091
2026-03-17T09:38:25.899683,11,876,0.0,114.00000000000033,0.9801790433519495,0.0,0.0,0.0,82,157,162,6,7.034778594970703,0.00025,16101
2026-03-17T09:38:26.567173,11,886,0.0,114.00000000000033,0.9801790433519495,0.0,0.0,0.0,82,173,162,3,5.480051040649414,0.00025,16111
2026-03-17T09:38:27.229754,11,896,0.0,114.00000000000033,0.9801790433519495,0.0,0.0,0.0,82,147,162,7,4.84466552734375,0.00025,16121
2026-03-17T09:38:27.892637,11,906,0.0,114.30000000000031,0.9801790433519495,0.0,0.0,0.0,85,147,162,11,3.696441650390625,0.00025,16131
2026-03-17T09:38:28.559188,11,916,0.0,114.10000000000032,0.9801790433519495,0.0,0.0,0.0,83,128,162,8,4.475831985473633,0.00025,16141
2026-03-17T09:38:29.227132,11,926,0.0,114.10000000000032,0.9801790433519495,0.0,0.0,0.0,83,135,162,5,4.1942596435546875,0.00025,16151
2026-03-17T09:38:29.893552,11,936,0.0,115.20000000000026,0.9801790433519495,0.0,0.0,0.0,94,138,162,1,4.401683807373047,0.00025,16161
2026-03-17T09:38:30.560698,11,946,-0.1,115.70000000000023,0.9801790433519495,0.0,0.0,0.0,99,147,162,4,6.405830383300781,0.00025,16171
2026-03-17T09:38:31.226749,11,956,0.0,115.00000000000027,0.9801790433519495,0.0,0.0,0.0,92,168,162,2,4.98652458190918,0.00025,16181
2026-03-17T09:38:31.891621,11,966,0.0,114.70000000000029,0.9801790433519495,0.0,0.0,0.0,89,176,162,5,7.22193717956543,0.00025,16191
2026-03-17T09:38:32.557383,11,976,0.0,114.10000000000032,0.9801790433519495,0.0,0.0,0.0,83,145,162,10,7.874488830566406,0.00025,16201
2026-03-17T09:38:33.217791,11,986,0.0,114.00000000000033,0.9801790433519495,0.0,0.0,0.0,82,176,162,11,3.2122135162353516,0.00025,16211
2026-03-17T09:38:33.884556,11,996,0.0,114.30000000000031,0.9801790433519495,0.0,0.0,0.0,85,176,162,9,4.680633544921875,0.00025,16221
2026-03-17T09:38:34.553141,11,1006,0.0,115.80000000000022,0.9801790433519495,0.0,0.0,0.0,100,176,162,0,5.280971527099609,0.00025,16231
2026-03-17T09:38:35.216610,11,1016,0.0,116.00000000000021,0.9801790433519495,0.0,0.0,0.0,102,163,162,4,4.234552383422852,0.00025,16241
2026-03-17T09:38:35.883826,11,1026,0.0,115.40000000000025,0.9801790433519495,0.0,0.0,0.0,96,173,162,4,6.992816925048828,0.00025,16251
2026-03-17T09:38:36.547458,11,1036,0.0,114.90000000000028,0.9801790433519495,0.0,0.0,0.0,91,176,162,9,3.847360610961914,0.00025,16261
2026-03-17T09:38:37.216133,11,1046,-0.1,115.00000000000027,0.9801790433519495,0.0,0.0,0.0,92,176,162,1,5.60450553894043,0.00025,16271
2026-03-17T09:38:37.880222,11,1056,0.0,115.10000000000026,0.9801790433519495,0.0,0.0,0.0,93,176,162,3,7.446527481079102,0.00025,16281
2026-03-17T09:38:38.547091,11,1066,0.0,114.60000000000029,0.9801790433519495,0.0,0.0,0.0,88,176,162,0,6.70933723449707,0.00025,16291
2026-03-17T09:38:39.208077,11,1076,0.0,116.10000000000021,0.9801790433519495,0.0,0.0,0.0,103,119,162,1,2.9947757720947266,0.00025,16301
2026-03-17T09:38:39.877646,11,1086,0.0,118.20000000000009,0.9801790433519495,0.0,0.0,0.0,124,173,162,11,5.090236663818359,0.00025,16311
2026-03-17T09:38:40.546280,11,1096,0.0,117.10000000000015,0.9801790433519495,0.0,0.0,0.0,113,176,162,6,6.76417350769043,0.00025,16321
2026-03-17T09:38:41.205812,11,1106,0.0,116.90000000000016,0.9801790433519495,0.0,0.0,0.0,111,128,162,7,3.334522247314453,0.00025,16331
2026-03-17T09:38:41.872715,11,1116,-0.1,117.80000000000011,0.9801790433519495,0.0,0.0,0.0,120,140,162,7,6.181955337524414,0.00025,16341
2026-03-17T09:38:42.537919,11,1126,0.0,118.0000000000001,0.9801790433519495,0.0,0.0,0.0,122,147,162,3,3.873586654663086,0.00025,16351
2026-03-17T09:38:43.203767,11,1136,0.0,118.50000000000007,0.9801790433519495,0.0,0.0,0.0,127,147,162,0,4.919528961181641,0.00025,16361
2026-03-17T09:38:43.871762,11,1146,0.0,118.80000000000005,0.9801790433519495,0.0,0.0,0.0,130,149,162,8,6.87408447265625,0.00025,16371
2026-03-17T09:38:44.531823,11,1156,0.0,118.20000000000009,0.9801790433519495,0.0,0.0,0.0,124,145,162,9,3.3905506134033203,0.00025,16381
2026-03-17T09:38:45.200374,11,1166,0.0,118.1000000000001,0.9801790433519495,0.0,0.0,0.0,123,149,162,5,4.6253204345703125,0.00025,16391
2026-03-17T09:38:45.866301,11,1176,0.0,116.60000000000018,0.9801790433519495,0.0,0.0,0.0,108,160,162,10,4.029750823974609,0.00025,16401
2026-03-17T09:38:46.991848,12,6,0.0,-0.1,0.9782186852652456,0.0,0.0,0.0,39,176,40,5,1.4276504516601562,0.00025,16411
2026-03-17T09:38:47.661107,12,16,-0.1,-2.700000000000001,0.9782186852652456,0.0,0.0,0.0,13,147,40,0,4.921436309814453,0.00025,16421
2026-03-17T09:38:48.327929,12,26,0.0,-3.8000000000000016,0.9782186852652456,0.0,0.0,0.0,2,138,40,3,6.272554397583008,0.00025,16431
2026-03-17T09:38:48.993344,12,36,0.0,-3.6000000000000014,0.9782186852652456,0.0,0.0,0.0,4,176,40,2,6.311655044555664,0.00025,16441
2026-03-17T09:38:49.656894,12,46,0.0,-3.9000000000000017,0.9782186852652456,0.0,0.0,0.0,1,176,40,4,3.6361217498779297,0.00025,16451
2026-03-17T09:38:50.322317,12,56,0.1,-0.8999999999999992,0.9782186852652456,0.0,0.0,0.0,31,176,40,0,3.629446029663086,0.00025,16461
2026-03-17T09:38:50.988617,12,66,-0.1,-0.7999999999999993,0.9782186852652456,0.0,0.0,0.0,32,176,40,6,3.8344860076904297,0.00025,16471
2026-03-17T09:38:51.655705,12,76,0.0,-0.7999999999999993,0.9782186852652456,0.0,0.0,0.0,32,176,40,4,5.36036491394043,0.00025,16481
2026-03-17T09:38:52.321706,12,86,-0.1,-0.19999999999999937,0.9782186852652456,0.0,0.0,0.0,38,160,40,6,5.360126495361328,0.00025,16491
2026-03-17T09:38:52.986467,12,96,0.0,-1.3999999999999995,0.9782186852652456,0.0,0.0,0.0,26,138,40,7,6.247758865356445,0.00025,16501
2026-03-17T09:38:53.649019,12,106,0.0,-0.8999999999999992,0.9782186852652456,0.0,0.0,0.0,31,145,40,2,3.0820369720458984,0.00025,16511
2026-03-17T09:38:54.318466,12,116,0.0,-0.5999999999999993,0.9782186852652456,0.0,0.0,0.0,34,173,40,1,7.0781707763671875,0.00025,16521
2026-03-17T09:38:54.979357,12,126,0.0,-1.4999999999999996,0.9782186852652456,0.0,0.0,0.0,25,163,40,8,1.9030570983886719,0.00025,16531
2026-03-17T09:38:55.645994,12,136,0.0,-3.7000000000000015,0.9782186852652456,0.0,0.0,0.0,3,176,40,10,3.396272659301758,0.00025,16541
2026-03-17T09:38:56.312871,12,146,0.0,-4.000000000000002,0.9782186852652456,0.0,0.0,0.0,0,152,40,7,4.220247268676758,0.00025,16551
2026-03-17T09:38:56.978532,12,156,0.0,-4.000000000000002,0.9782186852652456,0.0,0.0,0.0,0,176,40,7,4.580974578857422,0.00025,16561
2026-03-17T09:38:57.643978,12,166,0.1,-3.100000000000001,0.9782186852652456,0.0,0.0,0.0,9,176,40,5,4.324674606323242,0.00025,16571
2026-03-17T09:38:58.311455,12,176,0.0,-4.000000000000002,0.9782186852652456,0.0,0.0,0.0,0,148,40,7,6.009578704833984,0.00025,16581
2026-03-17T09:38:58.976768,12,186,-0.1,-4.000000000000002,0.9782186852652456,0.0,0.0,0.0,0,168,40,11,5.940675735473633,0.00025,16591
2026-03-17T09:38:59.642898,12,196,0.0,-3.6000000000000014,0.9782186852652456,0.0,0.0,0.0,4,176,40,2,6.224870681762695,0.00025,16601
2026-03-17T09:39:00.305718,12,206,0.0,-3.300000000000001,0.9782186852652456,0.0,0.0,0.0,7,176,40,7,3.827333450317383,0.00025,16611
2026-03-17T09:39:00.971206,12,216,0.0,-3.200000000000001,0.9782186852652456,0.0,0.0,0.0,8,176,40,0,3.0612945556640625,0.00025,16621
2026-03-17T09:39:01.637738,12,226,0.0,-3.7000000000000015,0.9782186852652456,0.0,0.0,0.0,3,176,40,11,3.575563430786133,0.00025,16631
2026-03-17T09:39:02.302356,12,236,0.0,-3.5000000000000013,0.9782186852652456,0.0,0.0,0.0,5,176,40,0,3.9544105529785156,0.00025,16641
2026-03-17T09:39:02.969784,12,246,0.1,-1.0999999999999992,0.9782186852652456,0.0,0.0,0.0,29,120,40,11,5.687713623046875,0.00025,16651
2026-03-17T09:39:03.635469,12,256,0.0,0.4000000000000008,0.9782186852652456,0.0,0.0,0.0,35,138,41,1,4.678249359130859,0.00025,16661
2026-03-17T09:39:04.302583,12,266,0.0,0.5000000000000008,0.9782186852652456,0.0,0.0,0.0,36,157,41,4,6.041526794433594,0.00025,16671
2026-03-17T09:39:04.963819,12,276,-0.1,12.9,0.9782186852652456,0.0,0.0,0.0,52,176,53,11,3.493070602416992,0.00025,16681
2026-03-17T09:39:05.630103,12,286,0.0,12.9,0.9782186852652456,0.0,0.0,0.0,52,152,53,6,3.4241676330566406,0.00025,16691
2026-03-17T09:39:06.295468,12,296,0.0,12.400000000000002,0.9782186852652456,0.0,0.0,0.0,47,135,53,3,3.0062198638916016,0.00025,16701
2026-03-17T09:39:06.960879,12,306,0.0,12.000000000000004,0.9782186852652456,0.0,0.0,0.0,43,176,53,10,3.408193588256836,0.00025,16711
2026-03-17T09:39:07.626562,12,316,-0.1,10.00000000000001,0.9782186852652456,0.0,0.0,0.0,23,160,53,7,3.0999183654785156,0.00025,16721
2026-03-17T09:39:08.292945,12,326,0.1,9.600000000000012,0.9782186852652456,0.0,0.0,0.0,19,135,53,8,4.346370697021484,0.00025,16731
2026-03-17T09:39:08.956855,12,336,1.0,33.9,0.9782186852652456,0.0,0.0,0.0,74,154,74,3,2.849578857421875,0.00025,16741
2026-03-17T09:39:09.623135,12,346,1.0,69.9,0.9782186852652456,0.0,0.0,0.0,110,145,110,0,3.9620399475097656,0.00025,16751
2026-03-17T09:39:10.291488,12,356,-0.1,72.30000000000004,0.9782186852652456,0.0,0.0,0.0,107,145,113,10,6.705999374389648,0.00025,16761
2026-03-17T09:39:10.960646,12,366,-0.1,71.2000000000001,0.9782186852652456,0.0,0.0,0.0,96,128,113,8,8.48388671875,0.00025,16771
2026-03-17T09:39:11.622398,12,376,-0.1,69.70000000000019,0.9782186852652456,0.0,0.0,0.0,81,138,113,3,5.446195602416992,0.00025,16781
2026-03-17T09:39:12.287426,12,386,0.0,67.8000000000003,0.9782186852652456,0.0,0.0,0.0,62,176,113,11,4.281282424926758,0.00025,16791
2026-03-17T09:39:12.950712,12,396,0.0,68.50000000000026,0.9782186852652456,0.0,0.0,0.0,69,149,113,11,2.9268264770507812,0.00025,16801
2026-03-17T09:39:13.618289,12,406,0.1,70.90000000000012,0.9782186852652456,0.0,0.0,0.0,93,140,113,9,5.418539047241211,0.00025,16811
2026-03-17T09:39:14.285500,12,416,1.0,94.80000000000003,0.9782186852652456,0.0,0.0,0.0,135,161,135,5,6.904363632202148,0.00025,16821
2026-03-17T09:39:14.949635,12,426,1.0,134.8,0.9782186852652456,0.0,0.0,0.0,175,115,175,1,4.1866302490234375,0.00025,16831
2026-03-17T09:39:15.618362,12,436,-0.1,153.60000000000002,0.9782186852652456,0.0,0.0,0.0,192,145,194,6,7.726192474365234,0.00025,16841
2026-03-17T09:39:16.281295,12,446,0.0,153.10000000000005,0.9782186852652456,0.0,0.0,0.0,187,176,194,9,5.5561065673828125,0.00025,16851
2026-03-17T09:39:16.945442,12,456,0.0,154.8,0.9782186852652456,0.0,0.0,0.0,195,136,195,6,3.584146499633789,0.00025,16861
2026-03-17T09:39:17.610594,12,466,0.0,160.8,0.9782186852652456,0.0,0.0,0.0,201,160,201,0,4.555463790893555,0.00025,16871
2026-03-17T09:39:18.278102,12,476,0.0,161.8,0.9782186852652456,0.0,0.0,0.0,202,147,202,0,5.589485168457031,0.00025,16881
2026-03-17T09:39:18.959431,12,486,1.0,177.8,0.9782186852652456,0.0,0.0,0.0,218,148,218,6,5.445718765258789,0.00025,16891
2026-03-17T09:39:19.625943,12,496,0.0,201.8,0.9782186852652456,0.0,0.0,0.0,242,148,242,2,6.4239501953125,0.00025,16901
2026-03-17T09:39:20.290058,12,506,0.0,200.80000000000007,0.9782186852652456,0.0,0.0,0.0,232,157,242,5,5.056858062744141,0.00025,16911
2026-03-17T09:39:20.955952,12,516,0.0,201.00000000000006,0.9782186852652456,0.0,0.0,0.0,234,152,242,2,4.510641098022461,0.00025,16921
2026-03-17T09:39:21.623502,12,526,0.1,201.60000000000002,0.9782186852652456,0.0,0.0,0.0,240,123,242,3,6.542444229125977,0.00025,16931
2026-03-17T09:39:22.287253,12,536,0.0,205.20000000000005,0.9782186852652456,0.0,0.0,0.0,240,140,246,10,4.806280136108398,0.00025,16941
2026-03-17T09:39:22.952448,12,546,0.0,204.3000000000001,0.9782186852652456,0.0,0.0,0.0,231,148,246,11,4.904508590698242,0.00025,16951
2026-03-17T09:39:23.618525,12,556,-0.1,203.70000000000013,0.9782186852652456,0.0,0.0,0.0,225,131,246,8,4.67228889465332,0.00025,16961
2026-03-17T09:39:24.283123,12,566,-0.1,201.50000000000026,0.9782186852652456,0.0,0.0,0.0,203,176,246,3,4.070043563842773,0.00025,16971
2026-03-17T09:39:24.950357,12,576,0.0,200.9000000000003,0.9782186852652456,0.0,0.0,0.0,197,176,246,5,4.597663879394531,0.00025,16981
2026-03-17T09:39:25.614525,12,586,0.0,201.20000000000027,0.9782186852652456,0.0,0.0,0.0,200,176,246,2,4.951000213623047,0.00025,16991
2026-03-17T09:39:26.280458,12,596,0.0,200.20000000000033,0.9782186852652456,0.0,0.0,0.0,190,176,246,5,5.620479583740234,0.00025,17001
2026-03-17T09:39:26.950088,12,606,0.0,200.40000000000032,0.9782186852652456,0.0,0.0,0.0,192,176,246,2,8.038043975830078,0.00025,17011
2026-03-17T09:39:27.612177,12,616,0.0,199.80000000000035,0.9782186852652456,0.0,0.0,0.0,186,176,246,9,5.3615570068359375,0.00025,17021
2026-03-17T09:39:28.274949,12,626,0.1,202.80000000000018,0.9782186852652456,0.0,0.0,0.0,216,131,246,2,3.5457611083984375,0.00025,17031
2026-03-17T09:39:28.942331,12,636,1.0,226.70000000000002,0.9782186852652456,0.0,0.0,0.0,267,176,267,0,5.109548568725586,0.00025,17041
2026-03-17T09:39:29.625677,12,646,0.0,236.50000000000003,0.9782186852652456,0.0,0.0,0.0,275,176,277,3,6.087303161621094,0.00025,17051
2026-03-17T09:39:30.290012,12,656,-0.1,242.40000000000003,0.9782186852652456,0.0,0.0,0.0,280,176,283,4,3.565073013305664,0.00025,17061
2026-03-17T09:39:30.955778,12,666,0.0,242.00000000000006,0.9782186852652456,0.0,0.0,0.0,276,145,283,9,4.5146942138671875,0.00025,17071
2026-03-17T09:39:31.622362,12,676,-0.1,241.3000000000001,0.9782186852652456,0.0,0.0,0.0,269,136,283,0,5.772829055786133,0.00025,17081
2026-03-17T09:39:32.288545,12,686,0.0,242.30000000000004,0.9782186852652456,0.0,0.0,0.0,279,160,283,11,5.988597869873047,0.00025,17091
2026-03-17T09:39:32.954338,12,696,0.0,242.30000000000004,0.9782186852652456,0.0,0.0,0.0,279,135,283,1,6.680965423583984,0.00025,17101
2026-03-17T09:39:33.619388,12,706,0.0,242.10000000000005,0.9782186852652456,0.0,0.0,0.0,277,145,283,1,5.990505218505859,0.00025,17111
2026-03-17T09:39:34.285550,12,716,0.0,242.00000000000006,0.9782186852652456,0.0,0.0,0.0,276,176,283,6,6.8225860595703125,0.00025,17121
2026-03-17T09:39:34.947607,12,726,0.0,242.40000000000003,0.9782186852652456,0.0,0.0,0.0,280,149,283,5,3.4852027893066406,0.00025,17131
2026-03-17T09:39:35.612886,12,736,-0.1,239.90000000000018,0.9782186852652456,0.0,0.0,0.0,255,176,283,5,2.7017593383789062,0.00025,17141
2026-03-17T09:39:36.281459,12,746,-0.1,236.2000000000004,0.9782186852652456,0.0,0.0,0.0,218,127,283,5,5.004405975341797,0.00025,17151
2026-03-17T09:39:36.947666,12,756,0.0,234.70000000000047,0.9782186852652456,0.0,0.0,0.0,203,160,283,5,5.85484504699707,0.00025,17161
2026-03-17T09:39:37.611651,12,766,0.1,237.30000000000032,0.9782186852652456,0.0,0.0,0.0,229,160,283,1,4.420042037963867,0.00025,17171
2026-03-17T09:39:38.277916,12,776,0.1,242.10000000000005,0.9782186852652456,0.0,0.0,0.0,277,176,283,7,4.874229431152344,0.00025,17181
2026-03-17T09:39:38.942546,12,786,1.0,293.6,0.9782186852652456,0.0,0.0,0.0,334,176,334,3,3.618478775024414,0.00025,17191
2026-03-17T09:39:39.610945,12,796,1.0,348.6,0.9782186852652456,0.0,0.0,0.0,389,143,389,6,6.848812103271484,0.00025,17201
2026-03-17T09:39:40.273003,12,806,0.0,383.6,0.9782186852652456,0.0,0.0,0.0,424,157,424,3,4.08625602722168,0.00025,17211
2026-03-17T09:39:40.939063,12,816,-0.1,386.29999999999995,0.9782186852652456,0.0,0.0,0.0,424,168,427,9,4.984855651855469,0.00025,17221
2026-03-17T09:39:41.606829,12,826,0.0,397.6,0.9782186852652456,0.0,0.0,0.0,438,144,438,2,6.677389144897461,0.00025,17231
2026-03-17T09:39:42.269622,12,836,0.0,398.29999999999995,0.9782186852652456,0.0,0.0,0.0,436,120,439,5,3.011941909790039,0.00025,17241
2026-03-17T09:39:42.938238,12,846,0.1,397.89999999999986,0.9782186852652456,0.0,0.0,0.0,432,173,439,11,5.394935607910156,0.00025,17251
2026-03-17T09:39:43.605074,12,856,-0.1,396.89999999999964,0.9782186852652456,0.0,0.0,0.0,422,112,439,11,6.795167922973633,0.00025,17261
2026-03-17T09:39:44.268731,12,866,-0.2,392.29999999999905,0.9782186852652456,0.0,0.0,0.0,376,147,439,10,6.471395492553711,0.00025,17271
2026-03-17T09:39:44.935982,12,876,0.0,388.3999999999988,0.9782186852652456,0.0,0.0,0.0,337,160,439,10,7.584333419799805,0.00025,17281
2026-03-17T09:39:45.603081,12,886,0.1,389.299999999999,0.9782186852652456,0.0,0.0,0.0,346,147,439,11,8.574962615966797,0.00025,17291
2026-03-17T09:39:46.264689,12,896,0.1,392.8999999999997,0.9782186852652456,0.0,0.0,0.0,382,149,439,9,4.199981689453125,0.00025,17301
2026-03-17T09:39:46.930864,12,906,0.2,397.70000000000033,0.9782186852652456,0.0,0.0,0.0,430,123,439,9,5.663156509399414,0.00025,17311
2026-03-17T09:39:47.595407,12,916,1.0,439.60000000000036,0.9782186852652456,0.0,0.0,0.0,480,145,480,3,4.693508148193359,0.00025,17321
2026-03-17T09:39:48.260122,12,926,0.0,461.60000000000036,0.9782186852652456,0.0,0.0,0.0,502,149,502,0,4.833698272705078,0.00025,17331
2026-03-17T09:39:48.929441,12,936,0.0,464.0000000000002,0.9782186852652456,0.0,0.0,0.0,499,157,505,3,6.694316864013672,0.00025,17341
2026-03-17T09:39:49.593719,12,946,0.0,463.20000000000005,0.9782186852652456,0.0,0.0,0.0,491,128,505,0,6.145000457763672,0.00025,17351
2026-03-17T09:39:50.274592,12,956,0.0,462.9,0.9782186852652456,0.0,0.0,0.0,488,148,505,9,7.297992706298828,0.00025,17361
2026-03-17T09:39:50.925326,12,966,-0.1,462.39999999999986,0.9782186852652456,0.0,0.0,0.0,483,157,505,11,7.183074951171875,0.00025,17371
2026-03-17T09:39:51.588133,12,976,0.1,461.9999999999998,0.9782186852652456,0.0,0.0,0.0,479,157,505,11,5.325794219970703,0.00025,17381
2026-03-17T09:39:52.254395,12,986,-0.1,462.9,0.9782186852652456,0.0,0.0,0.0,488,147,505,2,4.843235015869141,0.00025,17391
2026-03-17T09:39:52.920952,12,996,0.0,461.7999999999997,0.9782186852652456,0.0,0.0,0.0,477,136,505,10,4.536151885986328,0.00025,17401
2026-03-17T09:39:53.584688,12,1006,0.0,461.39999999999964,0.9782186852652456,0.0,0.0,0.0,473,128,505,8,3.934621810913086,0.00025,17411
2026-03-17T09:39:54.250936,12,1016,0.0,459.8999999999993,0.9782186852652456,0.0,0.0,0.0,458,113,505,6,6.009340286254883,0.00025,17421
2026-03-17T09:39:54.917113,12,1026,0.0,459.9999999999993,0.9782186852652456,0.0,0.0,0.0,459,96,505,1,5.653858184814453,0.00025,17431
2026-03-17T09:39:55.583923,12,1036,0.0,460.09999999999934,0.9782186852652456,0.0,0.0,0.0,460,108,505,8,5.639791488647461,0.00025,17441
2026-03-17T09:39:56.246996,12,1046,-0.1,456.69999999999857,0.9782186852652456,0.0,0.0,0.0,426,111,505,3,5.087375640869141,0.00025,17451
2026-03-17T09:39:56.915316,12,1056,0.0,455.1999999999982,0.9782186852652456,0.0,0.0,0.0,411,157,505,8,7.544994354248047,0.00025,17461
2026-03-17T09:39:57.579619,12,1066,0.1,455.9999999999984,0.9782186852652456,0.0,0.0,0.0,419,173,505,2,6.330966949462891,0.00025,17471
2026-03-17T09:39:58.242313,12,1076,0.0,456.09999999999843,0.9782186852652456,0.0,0.0,0.0,420,176,505,0,3.910541534423828,0.00025,17481
2026-03-17T09:39:58.908659,12,1086,0.0,457.49999999999875,0.9782186852652456,0.0,0.0,0.0,434,176,505,7,3.904581069946289,0.00025,17491
2026-03-17T09:39:59.576954,12,1096,0.0,457.3999999999987,0.9782186852652456,0.0,0.0,0.0,433,127,505,8,6.51860237121582,0.00025,17501
2026-03-17T09:40:00.244468,12,1106,0.1,458.79999999999905,0.9782186852652456,0.0,0.0,0.0,447,141,505,10,8.113622665405273,0.00025,17511
2026-03-17T09:40:00.906121,12,1116,0.0,458.699999999999,0.9782186852652456,0.0,0.0,0.0,446,103,505,5,5.362749099731445,0.00025,17521
2026-03-17T09:40:01.573103,12,1126,0.0,458.9999999999991,0.9782186852652456,0.0,0.0,0.0,449,103,505,11,6.638050079345703,0.00025,17531
2026-03-17T09:40:02.234748,12,1136,0.2,462.29999999999967,0.9782186852652456,0.0,0.0,0.0,482,141,505,8,3.0088424682617188,0.00025,17541
2026-03-17T09:40:02.901319,12,1146,1.0,493.59999999999985,0.9782186852652456,0.0,0.0,0.0,534,129,534,2,3.4699440002441406,0.00025,17551
2026-03-17T09:40:03.566869,12,1156,1.0,543.5999999999999,0.9782186852652456,0.0,0.0,0.0,584,135,584,5,4.24647331237793,0.00025,17561
2026-03-17T09:40:04.233132,12,1166,0.0,553.4999999999999,0.9782186852652456,0.0,0.0,0.0,593,149,594,4,3.996610641479492,0.00025,17571
2026-03-17T09:40:04.898167,12,1176,0.0,553.2999999999998,0.9782186852652456,0.0,0.0,0.0,591,157,594,7,3.4363269805908203,0.00025,17581
2026-03-17T09:40:05.564757,12,1186,0.0,554.5999999999999,0.9782186852652456,0.0,0.0,0.0,595,135,595,1,5.0258636474609375,0.00025,17591
2026-03-17T09:40:06.229984,12,1196,-0.1,551.7999999999993,0.9782186852652456,0.0,0.0,0.0,567,133,595,5,3.997325897216797,0.00025,17601
2026-03-17T09:40:06.898283,12,1206,-0.1,547.8999999999984,0.9782186852652456,0.0,0.0,0.0,528,136,595,6,6.094455718994141,0.00025,17611
2026-03-17T09:40:07.563309,12,1216,0.0,545.3999999999978,0.9782186852652456,0.0,0.0,0.0,503,145,595,8,6.967782974243164,0.00025,17621
2026-03-17T09:40:08.225765,12,1226,-0.1,545.2999999999978,0.9782186852652456,0.0,0.0,0.0,502,173,595,0,4.178285598754883,0.00025,17631
2026-03-17T09:40:08.894317,12,1236,0.0,545.3999999999978,0.9782186852652456,0.0,0.0,0.0,503,173,595,8,6.54292106628418,0.00025,17641
2026-03-17T09:40:09.559132,12,1246,0.0,545.2999999999978,0.9782186852652456,0.0,0.0,0.0,502,160,595,2,4.886627197265625,0.00025,17651
2026-03-17T09:40:10.223432,12,1256,0.1,545.3999999999978,0.9782186852652456,0.0,0.0,0.0,503,160,595,0,4.735469818115234,0.00025,17661
2026-03-17T09:40:10.891059,12,1266,0.0,545.7999999999979,0.9782186852652456,0.0,0.0,0.0,507,145,595,7,4.81724739074707,0.00025,17671
2026-03-17T09:40:11.570353,12,1276,0.0,545.8999999999979,0.9782186852652456,0.0,0.0,0.0,508,160,595,11,4.12440299987793,0.00025,17681
2026-03-17T09:40:12.238752,12,1286,0.0,545.3999999999978,0.9782186852652456,0.0,0.0,0.0,503,145,595,2,5.17582893371582,0.00025,17691
2026-03-17T09:40:12.904533,12,1296,0.1,546.5999999999981,0.9782186852652456,0.0,0.0,0.0,515,145,595,5,4.81414794921875,0.00025,17701
2026-03-17T09:40:13.565351,12,1306,-0.1,545.8999999999979,0.9782186852652456,0.0,0.0,0.0,508,147,595,2,2.7217864990234375,0.00025,17711
2026-03-17T09:40:14.235562,12,1316,-0.1,545.2999999999978,0.9782186852652456,0.0,0.0,0.0,502,128,595,8,6.864309310913086,0.00025,17721
2026-03-17T09:40:14.900857,12,1326,0.0,545.3999999999978,0.9782186852652456,0.0,0.0,0.0,503,145,595,7,5.956172943115234,0.00025,17731
2026-03-17T09:40:15.565376,12,1336,0.0,545.2999999999978,0.9782186852652456,0.0,0.0,0.0,502,147,595,2,5.324602127075195,0.00025,17741
2026-03-17T09:40:16.230722,12,1346,0.0,545.6999999999979,0.9782186852652456,0.0,0.0,0.0,506,149,595,4,4.083156585693359,0.00025,17751
2026-03-17T09:40:16.895010,12,1356,0.1,547.4999999999983,0.9782186852652456,0.0,0.0,0.0,524,157,595,2,3.4863948822021484,0.00025,17761
2026-03-17T09:40:17.561397,12,1366,0.0,550.599999999999,0.9782186852652456,0.0,0.0,0.0,555,176,595,0,3.928661346435547,0.00025,17771
2026-03-17T09:40:18.228859,12,1376,0.0,550.499999999999,0.9782186852652456,0.0,0.0,0.0,554,176,595,4,6.152868270874023,0.00025,17781
2026-03-17T09:40:18.894200,12,1386,0.0,551.4999999999992,0.9782186852652456,0.0,0.0,0.0,564,176,595,0,5.245208740234375,0.00025,17791
2026-03-17T09:40:19.559948,12,1396,0.0,552.4999999999994,0.9782186852652456,0.0,0.0,0.0,574,160,595,7,5.518436431884766,0.00025,17801
2026-03-17T09:40:20.224706,12,1406,0.0,552.2999999999994,0.9782186852652456,0.0,0.0,0.0,572,160,595,10,4.372119903564453,0.00025,17811
2026-03-17T09:40:20.888665,12,1416,-0.1,551.8999999999993,0.9782186852652456,0.0,0.0,0.0,568,149,595,5,4.447221755981445,0.00025,17821
2026-03-17T09:40:21.555759,12,1426,-0.1,548.5999999999985,0.9782186852652456,0.0,0.0,0.0,535,147,595,9,4.459142684936523,0.00025,17831
2026-03-17T09:40:22.218692,12,1436,0.0,547.5999999999983,0.9782186852652456,0.0,0.0,0.0,525,176,595,0,3.8979053497314453,0.00025,17841
2026-03-17T09:40:22.889041,12,1446,-0.1,547.0999999999982,0.9782186852652456,0.0,0.0,0.0,520,145,595,0,5.827665328979492,0.00025,17851
2026-03-17T09:40:23.554522,12,1456,-0.1,545.999999999998,0.9782186852652456,0.0,0.0,0.0,509,152,595,0,7.100820541381836,0.00025,17861
2026-03-17T09:40:24.218913,12,1466,0.0,545.2999999999978,0.9782186852652456,0.0,0.0,0.0,502,152,595,1,6.059885025024414,0.00025,17871
2026-03-17T09:40:24.881872,12,1476,0.0,545.6999999999979,0.9782186852652456,0.0,0.0,0.0,506,176,595,0,3.6678314208984375,0.00025,17881
2026-03-17T09:40:25.547331,12,1486,0.1,545.5999999999979,0.9782186852652456,0.0,0.0,0.0,505,176,595,3,3.3025741577148438,0.00025,17891
2026-03-17T09:40:26.213522,12,1496,0.1,547.9999999999984,0.9782186852652456,0.0,0.0,0.0,529,176,595,0,3.5696029663085938,0.00025,17901
2026-03-17T09:40:26.880068,12,1506,0.0,548.3999999999985,0.9782186852652456,0.0,0.0,0.0,533,147,595,10,4.860401153564453,0.00025,17911
2026-03-17T09:40:27.543721,12,1516,0.0,548.5999999999985,0.9782186852652456,0.0,0.0,0.0,535,176,595,1,3.6780834197998047,0.00025,17921
2026-03-17T09:40:28.208408,12,1526,0.0,548.1999999999985,0.9782186852652456,0.0,0.0,0.0,531,131,595,3,3.2978057861328125,0.00025,17931
2026-03-17T09:40:28.877252,12,1536,0.1,549.0999999999987,0.9782186852652456,0.0,0.0,0.0,540,168,595,2,6.156444549560547,0.00025,17941
2026-03-17T09:40:29.542285,12,1546,0.1,553.1999999999996,0.9782186852652456,0.0,0.0,0.0,581,176,595,8,6.103277206420898,0.00025,17951
2026-03-17T09:40:30.206992,12,1556,0.0,554.1999999999998,0.9782186852652456,0.0,0.0,0.0,591,171,595,4,5.011558532714844,0.00025,17961
2026-03-17T09:40:30.874543,12,1566,0.0,554.0999999999998,0.9782186852652456,0.0,0.0,0.0,590,157,595,11,5.036354064941406,0.00025,17971
2026-03-17T09:40:31.537009,12,1576,0.0,553.4999999999997,0.9782186852652456,0.0,0.0,0.0,584,176,595,9,3.53240966796875,0.00025,17981
2026-03-17T09:40:32.204290,12,1586,0.0,553.6999999999997,0.9782186852652456,0.0,0.0,0.0,586,136,595,4,4.881143569946289,0.00025,17991
2026-03-17T09:40:32.885626,12,1596,0.0,552.6999999999995,0.9782186852652456,0.0,0.0,0.0,576,149,595,8,4.340410232543945,0.00025,18001
2026-03-17T09:40:33.553241,12,1606,0.0,552.1999999999994,0.9782186852652456,0.0,0.0,0.0,571,145,595,0,5.330085754394531,0.00025,18011
2026-03-17T09:40:34.216974,12,1616,0.0,551.6999999999992,0.9782186852652456,0.0,0.0,0.0,566,173,595,5,5.03230094909668,0.00025,18021
2026-03-17T09:40:34.883635,12,1626,-0.1,548.2999999999985,0.9782186852652456,0.0,0.0,0.0,532,176,595,9,5.516529083251953,0.00025,18031
2026-03-17T09:40:35.550247,12,1636,0.0,547.9999999999984,0.9782186852652456,0.0,0.0,0.0,529,176,595,4,6.702661514282227,0.00025,18041
2026-03-17T09:40:36.214125,12,1646,0.0,548.0999999999984,0.9782186852652456,0.0,0.0,0.0,530,176,595,4,4.709720611572266,0.00025,18051
2026-03-17T09:40:36.878984,12,1656,0.0,548.3999999999985,0.9782186852652456,0.0,0.0,0.0,533,176,595,0,4.198789596557617,0.00025,18061
2026-03-17T09:40:37.546288,12,1666,0.0,547.9999999999984,0.9782186852652456,0.0,0.0,0.0,529,176,595,9,5.802631378173828,0.00025,18071
2026-03-17T09:40:38.208383,12,1676,0.0,546.8999999999982,0.9782186852652456,0.0,0.0,0.0,518,173,595,6,3.708362579345703,0.00025,18081
2026-03-17T09:40:38.877401,12,1686,0.0,546.6999999999981,0.9782186852652456,0.0,0.0,0.0,516,160,595,1,4.318714141845703,0.00025,18091
2026-03-17T09:40:39.542648,12,1696,0.0,547.7999999999984,0.9782186852652456,0.0,0.0,0.0,527,176,595,2,5.294561386108398,0.00025,18101
2026-03-17T09:40:40.207248,12,1706,0.1,547.1999999999982,0.9782186852652456,0.0,0.0,0.0,521,176,595,0,5.4721832275390625,0.00025,18111
2026-03-17T09:40:40.873406,12,1716,0.0,548.1999999999985,0.9782186852652456,0.0,0.0,0.0,531,176,595,6,5.396604537963867,0.00025,18121
2026-03-17T09:40:41.538575,12,1726,0.0,549.0999999999987,0.9782186852652456,0.0,0.0,0.0,540,176,595,1,6.086587905883789,0.00025,18131
2026-03-17T09:40:42.202139,12,1736,-0.1,549.4999999999987,0.9782186852652456,0.0,0.0,0.0,544,176,595,6,3.0651092529296875,0.00025,18141
2026-03-17T09:40:42.868586,12,1746,-0.1,548.7999999999986,0.9782186852652456,0.0,0.0,0.0,537,176,595,1,3.523588180541992,0.00025,18151
2026-03-17T09:40:43.532937,12,1756,0.0,550.0999999999989,0.9782186852652456,0.0,0.0,0.0,550,176,595,5,3.145933151245117,0.00025,18161
2026-03-17T09:40:44.198732,12,1766,0.0,550.599999999999,0.9782186852652456,0.0,0.0,0.0,555,173,595,9,3.5262107849121094,0.00025,18171
2026-03-17T09:40:44.864559,12,1776,-0.1,548.9999999999986,0.9782186852652456,0.0,0.0,0.0,539,176,595,4,3.9734840393066406,0.00025,18181
2026-03-17T09:40:45.531314,12,1786,0.1,550.599999999999,0.9782186852652456,0.0,0.0,0.0,555,168,595,11,4.026889801025391,0.00025,18191
2026-03-17T09:40:46.197167,12,1796,0.0,550.2999999999989,0.9782186852652456,0.0,0.0,0.0,552,152,595,2,4.120111465454102,0.00025,18201
2026-03-17T09:40:46.863685,12,1806,0.0,547.6999999999983,0.9782186852652456,0.0,0.0,0.0,526,176,595,1,6.254911422729492,0.00025,18211
2026-03-17T09:40:47.530189,12,1816,0.0,547.8999999999984,0.9782186852652456,0.0,0.0,0.0,528,176,595,4,7.6847076416015625,0.00025,18221
2026-03-17T09:40:48.192427,12,1826,0.1,550.499999999999,0.9782186852652456,0.0,0.0,0.0,554,165,595,10,3.5398006439208984,0.00025,18231
2026-03-17T09:40:48.856986,12,1836,-0.1,550.399999999999,0.9782186852652456,0.0,0.0,0.0,553,145,595,10,3.282785415649414,0.00025,18241
2026-03-17T09:40:49.523695,12,1846,-0.1,547.5999999999983,0.9782186852652456,0.0,0.0,0.0,525,173,595,7,3.9234161376953125,0.00025,18251
2026-03-17T09:40:50.189953,12,1856,0.0,546.5999999999981,0.9782186852652456,0.0,0.0,0.0,515,176,595,2,4.099845886230469,0.00025,18261
2026-03-17T09:40:50.853942,12,1866,0.0,547.6999999999983,0.9782186852652456,0.0,0.0,0.0,526,160,595,9,3.4933090209960938,0.00025,18271
2026-03-17T09:40:51.521114,12,1876,0.1,551.7999999999993,0.9782186852652456,0.0,0.0,0.0,567,176,595,6,5.027294158935547,0.00025,18281
2026-03-17T09:40:52.188490,12,1886,0.0,554.2999999999998,0.9782186852652456,0.0,0.0,0.0,592,149,595,4,6.558895111083984,0.00025,18291
2026-03-17T09:40:52.850797,12,1896,0.0,554.4999999999999,0.9782186852652456,0.0,0.0,0.0,594,147,595,3,3.913402557373047,0.00025,18301
2026-03-17T09:40:53.521029,12,1906,0.0,553.8999999999997,0.9782186852652456,0.0,0.0,0.0,588,138,595,10,7.482290267944336,0.00025,18311
2026-03-17T09:40:54.198432,12,1916,-0.1,550.0999999999989,0.9782186852652456,0.0,0.0,0.0,550,138,595,9,3.180265426635742,0.00025,18321
2026-03-17T09:40:54.865117,12,1926,-0.1,547.0999999999982,0.9782186852652456,0.0,0.0,0.0,520,176,595,8,3.0481815338134766,0.00025,18331
2026-03-17T09:40:55.529916,12,1936,0.0,546.8999999999982,0.9782186852652456,0.0,0.0,0.0,518,176,595,1,2.8150081634521484,0.00025,18341
2026-03-17T09:40:56.196371,12,1946,0.0,548.6999999999986,0.9782186852652456,0.0,0.0,0.0,536,160,595,1,4.080295562744141,0.00025,18351
2026-03-17T09:40:56.862313,12,1956,0.0,549.1999999999987,0.9782186852652456,0.0,0.0,0.0,541,147,595,4,4.715681076049805,0.00025,18361
2026-03-17T09:40:57.528425,12,1966,-0.1,548.4999999999985,0.9782186852652456,0.0,0.0,0.0,534,140,595,9,5.741357803344727,0.00025,18371
2026-03-17T09:40:58.191870,12,1976,0.0,548.2999999999985,0.9782186852652456,0.0,0.0,0.0,532,160,595,3,3.576993942260742,0.00025,18381
2026-03-17T09:40:58.857418,12,1986,0.0,548.9999999999986,0.9782186852652456,0.0,0.0,0.0,539,176,595,1,3.3118724822998047,0.00025,18391
2026-03-17T09:40:59.522925,12,1996,0.0,548.5999999999985,0.9782186852652456,0.0,0.0,0.0,535,152,595,2,3.102540969848633,0.00025,18401
2026-03-17T09:41:00.188200,12,2006,0.0,547.6999999999983,0.9782186852652456,0.0,0.0,0.0,526,145,595,7,3.467082977294922,0.00025,18411
2026-03-17T09:41:00.854101,12,2016,0.0,547.0999999999982,0.9782186852652456,0.0,0.0,0.0,520,135,595,7,3.554105758666992,0.00025,18421
2026-03-17T09:41:01.520225,12,2026,0.0,548.1999999999985,0.9782186852652456,0.0,0.0,0.0,531,135,595,4,4.301786422729492,0.00025,18431
2026-03-17T09:41:02.186841,12,2036,0.0,548.5999999999985,0.9782186852652456,0.0,0.0,0.0,535,173,595,3,4.750251770019531,0.00025,18441
2026-03-17T09:41:02.851665,12,2046,-0.1,547.0999999999982,0.9782186852652456,0.0,0.0,0.0,520,176,595,2,4.318952560424805,0.00025,18451
2026-03-17T09:41:03.519039,12,2056,-0.1,546.6999999999981,0.9782186852652456,0.0,0.0,0.0,516,173,595,5,6.297588348388672,0.00025,18461
2026-03-17T09:41:04.185457,12,2066,0.0,546.6999999999981,0.9782186852652456,0.0,0.0,0.0,516,149,595,3,6.761789321899414,0.00025,18471
2026-03-17T09:41:04.847343,12,2076,0.0,546.6999999999981,0.9782186852652456,0.0,0.0,0.0,516,157,595,3,3.0431747436523438,0.00025,18481
2026-03-17T09:41:05.516170,12,2086,0.0,546.9999999999982,0.9782186852652456,0.0,0.0,0.0,519,176,595,8,5.557060241699219,0.00025,18491
2026-03-17T09:41:06.176593,12,2096,0.1,546.7999999999981,0.9782186852652456,0.0,0.0,0.0,517,160,595,9,1.6186237335205078,0.00025,18501
2026-03-17T09:41:06.845045,12,2106,0.0,548.5999999999985,0.9782186852652456,0.0,0.0,0.0,535,176,595,2,3.515481948852539,0.00025,18511
2026-03-17T09:41:07.510014,12,2116,0.0,546.6999999999981,0.9782186852652456,0.0,0.0,0.0,516,176,595,6,3.7093162536621094,0.00025,18521
2026-03-17T09:41:08.177301,12,2126,0.1,548.4999999999985,0.9782186852652456,0.0,0.0,0.0,534,176,595,11,4.975080490112305,0.00025,18531
2026-03-17T09:41:08.843476,12,2136,0.0,548.6999999999986,0.9782186852652456,0.0,0.0,0.0,536,176,595,1,6.37507438659668,0.00025,18541
2026-03-17T09:41:09.506251,12,2146,0.0,549.5999999999988,0.9782186852652456,0.0,0.0,0.0,545,147,595,8,3.2634735107421875,0.00025,18551
2026-03-17T09:41:10.172051,12,2156,0.0,549.7999999999988,0.9782186852652456,0.0,0.0,0.0,547,147,595,4,3.8864612579345703,0.00025,18561
2026-03-17T09:41:10.838156,12,2166,-0.1,554.3999999999999,0.9782186852652456,0.0,0.0,0.0,593,176,595,6,3.7164688110351562,0.00025,18571
2026-03-17T09:41:11.504497,12,2176,0.0,554.4999999999999,0.9782186852652456,0.0,0.0,0.0,594,176,595,5,3.8721561431884766,0.00025,18581
2026-03-17T09:41:12.170062,12,2186,-0.1,552.3999999999994,0.9782186852652456,0.0,0.0,0.0,573,160,595,9,3.5407543182373047,0.00025,18591
2026-03-17T09:41:12.835429,12,2196,0.0,551.6999999999992,0.9782186852652456,0.0,0.0,0.0,566,176,595,3,3.2732486724853516,0.00025,18601
2026-03-17T09:41:13.500498,12,2206,0.0,551.1999999999991,0.9782186852652456,0.0,0.0,0.0,561,176,595,5,4.566192626953125,0.00025,18611
2026-03-17T09:41:14.168041,12,2216,0.0,551.3999999999992,0.9782186852652456,0.0,0.0,0.0,563,176,595,11,5.239725112915039,0.00025,18621
2026-03-17T09:41:14.833264,12,2226,0.0,550.8999999999991,0.9782186852652456,0.0,0.0,0.0,558,160,595,3,5.664825439453125,0.00025,18631
2026-03-17T09:41:15.497209,12,2236,0.0,552.1999999999994,0.9782186852652456,0.0,0.0,0.0,571,145,595,7,4.670619964599609,0.00025,18641
2026-03-17T09:41:16.163983,12,2246,0.0,553.3999999999996,0.9782186852652456,0.0,0.0,0.0,583,173,595,2,5.498647689819336,0.00025,18651
2026-03-17T09:41:16.828047,12,2256,-0.1,550.499999999999,0.9782186852652456,0.0,0.0,0.0,554,147,595,8,3.602743148803711,0.00025,18661
2026-03-17T09:41:17.493709,12,2266,0.0,549.8999999999988,0.9782186852652456,0.0,0.0,0.0,548,176,595,8,3.916501998901367,0.00025,18671
2026-03-17T09:41:18.161140,12,2276,0.1,549.9999999999989,0.9782186852652456,0.0,0.0,0.0,549,176,595,3,4.506111145019531,0.00025,18681
2026-03-17T09:41:18.827902,12,2286,0.1,552.2999999999994,0.9782186852652456,0.0,0.0,0.0,572,149,595,9,4.683256149291992,0.00025,18691
2026-03-17T09:41:19.496652,12,2296,0.0,553.7999999999997,0.9782186852652456,0.0,0.0,0.0,587,135,595,11,8.172750473022461,0.00025,18701
2026-03-17T09:41:20.158635,12,2306,0.0,553.1999999999996,0.9782186852652456,0.0,0.0,0.0,581,147,595,3,5.069732666015625,0.00025,18711
2026-03-17T09:41:20.825041,12,2316,0.0,553.2999999999996,0.9782186852652456,0.0,0.0,0.0,582,157,595,5,7.153749465942383,0.00025,18721
2026-03-17T09:41:21.490667,12,2326,0.0,553.8999999999997,0.9782186852652456,0.0,0.0,0.0,588,173,595,6,7.644891738891602,0.00025,18731
2026-03-17T09:41:22.154209,12,2336,0.0,554.4999999999999,0.9782186852652456,0.0,0.0,0.0,594,173,595,0,5.91278076171875,0.00025,18741
2026-03-17T09:41:22.818755,12,2346,0.0,554.1999999999998,0.9782186852652456,0.0,0.0,0.0,591,176,595,8,4.70280647277832,0.00025,18751
2026-03-17T09:41:23.482960,12,2356,0.1,552.9999999999995,0.9782186852652456,0.0,0.0,0.0,579,149,595,7,3.7567615509033203,0.00025,18761
2026-03-17T09:41:24.149907,12,2366,0.0,553.8999999999997,0.9782186852652456,0.0,0.0,0.0,588,145,595,1,4.269123077392578,0.00025,18771
2026-03-17T09:41:24.816715,12,2376,-0.1,554.0999999999998,0.9782186852652456,0.0,0.0,0.0,590,147,595,8,5.656719207763672,0.00025,18781
2026-03-17T09:41:25.483186,12,2386,-0.1,551.6999999999992,0.9782186852652456,0.0,0.0,0.0,566,145,595,3,4.602193832397461,0.00025,18791
2026-03-17T09:41:26.701707,13,3,0.0,0.0,0.976262247894715,0.0,0.0,0.0,40,160,40,6,7.570505142211914,0.00025,18801
2026-03-17T09:41:27.363755,13,13,-0.1,6.700000000000001,0.976262247894715,0.0,0.0,0.0,44,147,47,4,4.752635955810547,0.00025,18811
2026-03-17T09:41:28.026738,13,23,0.1,6.800000000000001,0.976262247894715,0.0,0.0,0.0,45,167,47,3,1.295328140258789,0.00025,18821
2026-03-17T09:41:28.692988,13,33,0.0,6.600000000000001,0.976262247894715,0.0,0.0,0.0,43,176,47,8,1.1513233184814453,0.00025,18831
2026-03-17T09:41:29.358859,13,43,0.1,6.700000000000001,0.976262247894715,0.0,0.0,0.0,44,176,47,1,1.0023117065429688,0.00025,18841
2026-03-17T09:41:30.024094,13,53,0.0,32.0,0.976262247894715,0.0,0.0,0.0,72,160,72,7,1.9664764404296875,0.00025,18851
2026-03-17T09:41:30.688730,13,63,0.0,36.9,0.976262247894715,0.0,0.0,0.0,76,176,77,6,1.2753009796142578,0.00025,18861
2026-03-17T09:41:31.356391,13,73,-0.2,34.99999999999997,0.976262247894715,0.0,0.0,0.0,57,176,77,8,3.8340091705322266,0.00025,18871
2026-03-17T09:41:32.019866,13,83,0.0,29.299999999999937,0.976262247894715,0.0,0.0,0.0,0,176,77,0,4.916667938232422,0.00025,18881
2026-03-17T09:41:32.688192,13,93,0.0,30.499999999999954,0.976262247894715,0.0,0.0,0.0,12,176,77,10,4.099845886230469,0.00025,18891
2026-03-17T09:41:33.355550,13,103,0.0,30.699999999999957,0.976262247894715,0.0,0.0,0.0,14,149,77,9,6.340503692626953,0.00025,18901
2026-03-17T09:41:34.019951,13,113,0.0,30.19999999999995,0.976262247894715,0.0,0.0,0.0,9,147,77,5,6.350517272949219,0.00025,18911
2026-03-17T09:41:34.685165,13,123,0.0,30.599999999999955,0.976262247894715,0.0,0.0,0.0,13,128,77,7,4.046916961669922,0.00025,18921
2026-03-17T09:41:35.349480,13,133,-0.1,30.699999999999957,0.976262247894715,0.0,0.0,0.0,14,147,77,4,3.9398670196533203,0.00025,18931
2026-03-17T09:41:36.019828,13,143,0.0,29.399999999999938,0.976262247894715,0.0,0.0,0.0,1,152,77,0,8.173704147338867,0.00025,18941
2026-03-17T09:41:36.679635,13,153,-0.1,29.899999999999945,0.976262247894715,0.0,0.0,0.0,6,138,77,2,2.285003662109375,0.00025,18951
2026-03-17T09:41:37.345960,13,163,0.0,29.399999999999938,0.976262247894715,0.0,0.0,0.0,1,157,77,2,4.498481750488281,0.00025,18961
2026-03-17T09:41:38.014658,13,173,0.0,29.799999999999944,0.976262247894715,0.0,0.0,0.0,5,176,77,3,4.131078720092773,0.00025,18971
2026-03-17T09:41:38.678751,13,183,0.0,29.899999999999945,0.976262247894715,0.0,0.0,0.0,6,176,77,4,6.776571273803711,0.00025,18981
2026-03-17T09:41:39.345819,13,193,0.1,32.49999999999998,0.976262247894715,0.0,0.0,0.0,32,160,77,4,7.264137268066406,0.00025,18991
2026-03-17T09:41:40.006224,13,203,0.0,34.80000000000001,0.976262247894715,0.0,0.0,0.0,55,176,77,5,3.3321380615234375,0.00025,19001
2026-03-17T09:41:40.678615,13,213,0.0,33.699999999999996,0.976262247894715,0.0,0.0,0.0,44,176,77,2,6.469488143920898,0.00025,19011
2026-03-17T09:41:41.337280,13,223,-0.1,32.79999999999998,0.976262247894715,0.0,0.0,0.0,35,148,77,10,2.490520477294922,0.00025,19021
2026-03-17T09:41:42.007689,13,233,0.0,33.09999999999999,0.976262247894715,0.0,0.0,0.0,38,140,77,8,5.897760391235352,0.00025,19031
2026-03-17T09:41:42.676749,13,243,0.0,32.899999999999984,0.976262247894715,0.0,0.0,0.0,36,176,77,2,8.38160514831543,0.00025,19041
2026-03-17T09:41:43.338895,13,253,0.0,33.39999999999999,0.976262247894715,0.0,0.0,0.0,41,173,77,6,8.844375610351562,0.00025,19051
2026-03-17T09:41:44.002703,13,263,0.0,32.49999999999998,0.976262247894715,0.0,0.0,0.0,32,149,77,10,7.018327713012695,0.00025,19061
2026-03-17T09:41:44.668466,13,273,0.0,29.299999999999937,0.976262247894715,0.0,0.0,0.0,0,176,77,1,6.650209426879883,0.00025,19071
2026-03-17T09:41:45.329906,13,283,0.1,31.299999999999965,0.976262247894715,0.0,0.0,0.0,20,176,77,5,2.635478973388672,0.00025,19081
2026-03-17T09:41:46.001937,13,293,0.1,33.699999999999996,0.976262247894715,0.0,0.0,0.0,44,145,77,9,6.3037872314453125,0.00025,19091
2026-03-17T09:41:46.668661,13,303,0.0,48.00000000000004,0.976262247894715,0.0,0.0,0.0,88,161,88,8,8.465290069580078,0.00025,19101
2026-03-17T09:41:47.329256,13,313,0.0,54.70000000000004,0.976262247894715,0.0,0.0,0.0,92,176,95,9,3.5359859466552734,0.00025,19111
2026-03-17T09:41:48.008505,13,323,0.0,53.700000000000024,0.976262247894715,0.0,0.0,0.0,82,160,95,8,2.8808116912841797,0.00025,19121
2026-03-17T09:41:48.681703,13,333,0.0,54.00000000000003,0.976262247894715,0.0,0.0,0.0,85,176,95,8,5.604267120361328,0.00025,19131
2026-03-17T09:41:49.346170,13,343,-0.1,50.79999999999998,0.976262247894715,0.0,0.0,0.0,53,176,95,4,4.129886627197266,0.00025,19141
2026-03-17T09:41:50.009652,13,353,0.0,46.99999999999993,0.976262247894715,0.0,0.0,0.0,15,176,95,2,3.6847591400146484,0.00025,19151
2026-03-17T09:41:50.677111,13,363,0.0,46.99999999999993,0.976262247894715,0.0,0.0,0.0,15,176,95,1,7.483482360839844,0.00025,19161
2026-03-17T09:41:51.343056,13,373,0.0,47.29999999999993,0.976262247894715,0.0,0.0,0.0,18,135,95,11,7.447004318237305,0.00025,19171
2026-03-17T09:41:52.008863,13,383,0.0,47.79999999999994,0.976262247894715,0.0,0.0,0.0,23,136,95,7,6.221771240234375,0.00025,19181
2026-03-17T09:41:52.671369,13,393,0.0,48.39999999999995,0.976262247894715,0.0,0.0,0.0,29,147,95,8,4.067420959472656,0.00025,19191
2026-03-17T09:41:53.341294,13,403,0.1,50.899999999999984,0.976262247894715,0.0,0.0,0.0,54,173,95,1,6.671905517578125,0.00025,19201
2026-03-17T09:41:54.001423,13,413,1.0,69.00000000000004,0.976262247894715,0.0,0.0,0.0,109,174,109,3,3.343343734741211,0.00025,19211
2026-03-17T09:41:54.665452,13,423,1.0,118.00000000000004,0.976262247894715,0.0,0.0,0.0,158,129,158,0,3.735780715942383,0.00025,19221
2026-03-17T09:41:55.333717,13,433,1.0,170.00000000000006,0.976262247894715,0.0,0.0,0.0,210,140,210,3,3.2083988189697266,0.00025,19231
2026-03-17T09:41:55.999822,13,443,1.0,224.00000000000006,0.976262247894715,0.0,0.0,0.0,264,176,264,6,6.6967010498046875,0.00025,19241
2026-03-17T09:41:56.667271,13,453,1.0,258.00000000000006,0.976262247894715,0.0,0.0,0.0,298,159,298,1,7.233142852783203,0.00025,19251
2026-03-17T09:41:57.333322,13,463,0.0,276.00000000000006,0.976262247894715,0.0,0.0,0.0,316,160,316,11,7.231712341308594,0.00025,19261
2026-03-17T09:41:57.994191,13,473,1.0,305.00000000000006,0.976262247894715,0.0,0.0,0.0,345,160,345,10,3.4127235412597656,0.00025,19271
2026-03-17T09:41:58.666391,13,483,1.0,336.00000000000006,0.976262247894715,0.0,0.0,0.0,376,176,376,2,7.517814636230469,0.00025,19281
2026-03-17T09:41:59.330016,13,493,0.0,335.49999999999994,0.976262247894715,0.0,0.0,0.0,371,160,376,11,5.390167236328125,0.00025,19291
2026-03-17T09:41:59.993870,13,503,0.0,335.3999999999999,0.976262247894715,0.0,0.0,0.0,370,160,376,11,4.859685897827148,0.00025,19301
2026-03-17T09:42:00.657702,13,513,0.0,335.8,0.976262247894715,0.0,0.0,0.0,374,176,376,6,5.129098892211914,0.00025,19311
2026-03-17T09:42:01.322536,13,523,0.0,335.90000000000003,0.976262247894715,0.0,0.0,0.0,375,176,376,10,3.072500228881836,0.00025,19321
2026-03-17T09:42:01.992238,13,533,0.0,340.00000000000006,0.976262247894715,0.0,0.0,0.0,380,147,380,2,6.691455841064453,0.00025,19331
2026-03-17T09:42:02.657145,13,543,0.0,346.90000000000003,0.976262247894715,0.0,0.0,0.0,386,147,387,10,5.434513092041016,0.00025,19341
2026-03-17T09:42:03.324821,13,553,0.0,346.1999999999999,0.976262247894715,0.0,0.0,0.0,379,176,387,5,8.960723876953125,0.00025,19351
2026-03-17T09:42:03.989507,13,563,0.1,346.2999999999999,0.976262247894715,0.0,0.0,0.0,380,149,387,8,6.507635116577148,0.00025,19361
2026-03-17T09:42:04.650464,13,573,0.0,345.69999999999976,0.976262247894715,0.0,0.0,0.0,374,160,387,8,3.44085693359375,0.00025,19371
2026-03-17T09:42:05.316144,13,583,0.1,346.09999999999985,0.976262247894715,0.0,0.0,0.0,378,160,387,11,3.5130977630615234,0.00025,19381
2026-03-17T09:42:05.982148,13,593,0.0,346.1999999999999,0.976262247894715,0.0,0.0,0.0,379,145,387,5,6.747245788574219,0.00025,19391
2026-03-17T09:42:06.647964,13,603,0.0,344.8999999999996,0.976262247894715,0.0,0.0,0.0,366,173,387,11,6.35075569152832,0.00025,19401
2026-03-17T09:42:07.314991,13,613,0.0,344.5999999999995,0.976262247894715,0.0,0.0,0.0,363,176,387,5,6.290435791015625,0.00025,19411
2026-03-17T09:42:07.975897,13,623,0.1,344.9999999999996,0.976262247894715,0.0,0.0,0.0,367,147,387,11,3.3423900604248047,0.00025,19421
2026-03-17T09:42:08.644352,13,633,0.0,344.79999999999956,0.976262247894715,0.0,0.0,0.0,365,176,387,8,7.035493850708008,0.00025,19431
2026-03-17T09:42:09.308943,13,643,0.0,344.1999999999994,0.976262247894715,0.0,0.0,0.0,359,147,387,6,4.954814910888672,0.00025,19441
2026-03-17T09:42:09.975646,13,653,-0.1,344.9999999999996,0.976262247894715,0.0,0.0,0.0,367,176,387,8,3.236532211303711,0.00025,19451
2026-03-17T09:42:10.638463,13,663,0.0,344.5999999999995,0.976262247894715,0.0,0.0,0.0,363,160,387,5,3.560304641723633,0.00025,19461
2026-03-17T09:42:11.306339,13,673,0.0,343.89999999999935,0.976262247894715,0.0,0.0,0.0,356,173,387,7,3.566265106201172,0.00025,19471
2026-03-17T09:42:11.973553,13,683,0.0,344.5999999999995,0.976262247894715,0.0,0.0,0.0,363,176,387,7,3.2274723052978516,0.00025,19481
2026-03-17T09:42:12.639315,13,693,0.0,343.49999999999926,0.976262247894715,0.0,0.0,0.0,352,142,387,5,8.335590362548828,0.00025,19491
2026-03-17T09:42:13.306600,13,703,0.0,342.8999999999991,0.976262247894715,0.0,0.0,0.0,346,173,387,11,6.582736968994141,0.00025,19501
2026-03-17T09:42:13.970749,13,713,-0.1,341.8999999999989,0.976262247894715,0.0,0.0,0.0,336,176,387,1,7.1544647216796875,0.00025,19511
2026-03-17T09:42:14.631800,13,723,0.0,341.69999999999885,0.976262247894715,0.0,0.0,0.0,334,176,387,0,2.860546112060547,0.00025,19521
2026-03-17T09:42:15.301275,13,733,0.0,341.9999999999989,0.976262247894715,0.0,0.0,0.0,337,172,387,4,5.804300308227539,0.00025,19531
2026-03-17T09:42:15.968209,13,743,0.0,342.299999999999,0.976262247894715,0.0,0.0,0.0,340,176,387,4,5.473613739013672,0.00025,19541
2026-03-17T09:42:16.637756,13,753,0.1,342.99999999999915,0.976262247894715,0.0,0.0,0.0,347,145,387,8,8.73708724975586,0.00025,19551
2026-03-17T09:42:17.296559,13,763,0.0,343.49999999999926,0.976262247894715,0.0,0.0,0.0,352,157,387,10,4.580974578857422,0.00025,19561
2026-03-17T09:42:17.962778,13,773,0.0,343.5999999999993,0.976262247894715,0.0,0.0,0.0,353,176,387,9,4.747629165649414,0.00025,19571
2026-03-17T09:42:18.629298,13,783,0.0,343.39999999999924,0.976262247894715,0.0,0.0,0.0,351,166,387,10,6.576061248779297,0.00025,19581
2026-03-17T09:42:19.292575,13,793,0.0,343.5999999999993,0.976262247894715,0.0,0.0,0.0,353,152,387,3,4.435062408447266,0.00025,19591
2026-03-17T09:42:19.978974,13,803,0.0,343.49999999999926,0.976262247894715,0.0,0.0,0.0,352,145,387,5,6.314516067504883,0.00025,19601
2026-03-17T09:42:20.645032,13,813,0.0,343.5999999999993,0.976262247894715,0.0,0.0,0.0,353,157,387,6,8.18181037902832,0.00025,19611
2026-03-17T09:42:21.303977,13,823,0.0,343.79999999999933,0.976262247894715,0.0,0.0,0.0,355,173,387,10,4.290103912353516,0.00025,19621
2026-03-17T09:42:21.975206,13,833,-0.1,345.29999999999967,0.976262247894715,0.0,0.0,0.0,370,176,387,2,5.630731582641602,0.00025,19631
2026-03-17T09:42:22.638098,13,843,0.0,342.99999999999915,0.976262247894715,0.0,0.0,0.0,347,136,387,6,3.404855728149414,0.00025,19641
2026-03-17T09:42:23.304276,13,853,-0.1,343.1999999999992,0.976262247894715,0.0,0.0,0.0,349,176,387,8,4.291534423828125,0.00025,19651
2026-03-17T09:42:23.970243,13,863,0.0,343.2999999999992,0.976262247894715,0.0,0.0,0.0,350,176,387,7,3.4906864166259766,0.00025,19661
2026-03-17T09:42:24.636164,13,873,0.0,343.79999999999933,0.976262247894715,0.0,0.0,0.0,355,160,387,1,6.397724151611328,0.00025,19671
2026-03-17T09:42:25.302648,13,883,0.0,344.8999999999996,0.976262247894715,0.0,0.0,0.0,366,157,387,11,5.887031555175781,0.00025,19681
2026-03-17T09:42:25.970703,13,893,0.0,344.9999999999996,0.976262247894715,0.0,0.0,0.0,367,176,387,6,7.595300674438477,0.00025,19691
2026-03-17T09:42:26.634672,13,903,0.0,344.39999999999947,0.976262247894715,0.0,0.0,0.0,361,157,387,4,5.307674407958984,0.00025,19701
2026-03-17T09:42:27.294288,13,913,0.0,343.6999999999993,0.976262247894715,0.0,0.0,0.0,354,176,387,5,3.3555030822753906,0.00025,19711
2026-03-17T09:42:27.961491,13,923,0.0,343.49999999999926,0.976262247894715,0.0,0.0,0.0,352,160,387,3,3.3757686614990234,0.00025,19721
2026-03-17T09:42:29.207211,14,3,0.0,0.0,0.9743097233989256,0.0,0.0,0.0,40,147,40,5,1.8589496612548828,0.00025,19731
2026-03-17T09:42:29.869533,14,13,-0.1,-1.3,0.9743097233989256,0.0,0.0,0.0,27,123,40,1,1.0609626770019531,0.00025,19741
2026-03-17T09:42:30.537808,14,23,0.0,-1.7000000000000004,0.9743097233989256,0.0,0.0,0.0,23,147,40,8,1.8925666809082031,0.00025,19751
2026-03-17T09:42:31.203454,14,33,0.0,-3.3000000000000016,0.9743097233989256,0.0,0.0,0.0,7,176,40,11,2.280712127685547,0.00025,19761
2026-03-17T09:42:31.868862,14,43,0.0,-2.500000000000001,0.9743097233989256,0.0,0.0,0.0,15,165,40,3,2.277374267578125,0.00025,19771
2026-03-17T09:42:32.536720,14,53,0.0,-1.7000000000000002,0.9743097233989256,0.0,0.0,0.0,23,176,40,3,3.9789676666259766,0.00025,19781
2026-03-17T09:42:33.201689,14,63,0.0,-1.2999999999999998,0.9743097233989256,0.0,0.0,0.0,27,149,40,5,4.077911376953125,0.00025,19791
2026-03-17T09:42:33.866244,14,73,0.0,-4.000000000000002,0.9743097233989256,0.0,0.0,0.0,0,147,40,10,4.005193710327148,0.00025,19801
2026-03-17T09:42:34.535024,14,83,0.0,-3.9000000000000017,0.9743097233989256,0.0,0.0,0.0,1,149,40,7,6.278276443481445,0.00025,19811
2026-03-17T09:42:35.201292,14,93,0.1,-2.4000000000000004,0.9743097233989256,0.0,0.0,0.0,16,135,40,4,7.213592529296875,0.00025,19821
2026-03-17T09:42:35.862668,14,103,1.0,3.000000000000001,0.9743097233989256,0.0,0.0,0.0,43,157,43,4,3.684520721435547,0.00025,19831
2026-03-17T09:42:36.528671,14,113,0.0,33.0,0.9743097233989256,0.0,0.0,0.0,73,176,73,0,4.250288009643555,0.00025,19841
2026-03-17T09:42:37.193573,14,123,0.0,40.0,0.9743097233989256,0.0,0.0,0.0,80,176,80,4,3.3316612243652344,0.00025,19851
2026-03-17T09:42:37.859946,14,133,0.0,40.699999999999996,0.9743097233989256,0.0,0.0,0.0,78,176,81,1,4.734039306640625,0.00025,19861
2026-03-17T09:42:38.528370,14,143,0.0,40.599999999999994,0.9743097233989256,0.0,0.0,0.0,77,176,81,3,5.409479141235352,0.00025,19871
2026-03-17T09:42:39.193958,14,153,0.0,39.49999999999998,0.9743097233989256,0.0,0.0,0.0,66,176,81,6,5.185365676879883,0.00025,19881
2026-03-17T09:42:39.859240,14,163,0.1,40.699999999999996,0.9743097233989256,0.0,0.0,0.0,78,173,81,7,6.357431411743164,0.00025,19891
2026-03-17T09:42:40.524708,14,173,1.0,77.0,0.9743097233989256,0.0,0.0,0.0,117,176,117,2,6.273746490478516,0.00025,19901
2026-03-17T09:42:41.187769,14,183,0.0,85.0,0.9743097233989256,0.0,0.0,0.0,125,173,125,7,4.134893417358398,0.00025,19911
2026-03-17T09:42:41.854475,14,193,0.0,92.9,0.9743097233989256,0.0,0.0,0.0,132,149,133,10,4.4803619384765625,0.00025,19921
2026-03-17T09:42:42.517676,14,203,0.0,92.20000000000005,0.9743097233989256,0.0,0.0,0.0,125,145,133,10,3.178834915161133,0.00025,19931
2026-03-17T09:42:43.184210,14,213,0.1,92.80000000000001,0.9743097233989256,0.0,0.0,0.0,131,173,133,0,4.234075546264648,0.00025,19941
2026-03-17T09:42:43.851380,14,223,0.0,95.0,0.9743097233989256,0.0,0.0,0.0,135,165,135,9,4.710912704467773,0.00025,19951
2026-03-17T09:42:44.518080,14,233,0.0,96.50000000000003,0.9743097233989256,0.0,0.0,0.0,132,147,137,9,5.07044792175293,0.00025,19961
2026-03-17T09:42:45.181781,14,243,0.0,96.20000000000005,0.9743097233989256,0.0,0.0,0.0,129,148,137,2,4.043817520141602,0.00025,19971
2026-03-17T09:42:45.848437,14,253,0.0,96.30000000000004,0.9743097233989256,0.0,0.0,0.0,130,173,137,7,5.722761154174805,0.00025,19981
2026-03-17T09:42:46.512416,14,263,-0.1,95.90000000000006,0.9743097233989256,0.0,0.0,0.0,126,160,137,8,4.299163818359375,0.00025,19991
2026-03-17T09:42:47.175709,14,273,0.0,94.90000000000012,0.9743097233989256,0.0,0.0,0.0,116,176,137,5,2.0525455474853516,0.00025,20000
2026-03-17T09:42:47.843558,14,283,0.0,94.60000000000014,0.9743097233989256,0.0,0.0,0.0,113,160,137,3,3.383159637451172,0.00025,20000
2026-03-17T09:42:48.508740,14,293,0.0,94.30000000000015,0.9743097233989256,0.0,0.0,0.0,110,176,137,11,4.034519195556641,0.00025,20000
2026-03-17T09:42:49.174524,14,303,0.0,93.5000000000002,0.9743097233989256,0.0,0.0,0.0,102,176,137,0,4.182100296020508,0.00025,20000
2026-03-17T09:42:50.389890,15,4,0.0,0.0,0.9723611039521278,0.0,0.0,0.0,40,135,40,3,4.899740219116211,0.00025,20000
2026-03-17T09:42:51.055535,15,14,1.0,14.0,0.9723611039521278,0.0,0.0,0.0,54,157,54,9,5.795478820800781,0.00025,20000
2026-03-17T09:42:51.717960,15,24,-0.1,16.999999999999986,0.9723611039521278,0.0,0.0,0.0,48,168,58,7,1.41143798828125,0.00025,20000
2026-03-17T09:42:52.384173,15,34,0.0,16.59999999999998,0.9723611039521278,0.0,0.0,0.0,44,146,58,11,1.6031265258789062,0.00025,20000
2026-03-17T09:42:53.047467,15,44,1.0,34.0,0.9723611039521278,0.0,0.0,0.0,74,119,74,5,1.092672348022461,0.00025,20000
2026-03-17T09:42:53.714661,15,54,0.0,65.9,0.9723611039521278,0.0,0.0,0.0,105,176,106,8,1.2874603271484375,0.00025,20000
2026-03-17T09:42:54.381017,15,64,-0.1,63.300000000000104,0.9723611039521278,0.0,0.0,0.0,79,173,106,11,1.3713836669921875,0.00025,20000
2026-03-17T09:42:55.046346,15,74,0.0,63.0000000000001,0.9723611039521278,0.0,0.0,0.0,76,176,106,3,2.5696754455566406,0.00025,20000
2026-03-17T09:42:55.713052,15,84,0.0,62.30000000000009,0.9723611039521278,0.0,0.0,0.0,69,149,106,6,3.1151771545410156,0.00025,20000
2026-03-17T09:42:56.378445,15,94,0.1,63.50000000000011,0.9723611039521278,0.0,0.0,0.0,81,140,106,6,4.084348678588867,0.00025,20000
2026-03-17T09:42:57.046320,15,104,-0.1,63.50000000000011,0.9723611039521278,0.0,0.0,0.0,81,145,106,10,5.955934524536133,0.00025,20000
2026-03-17T09:42:57.712338,15,114,-0.1,59.50000000000005,0.9723611039521278,0.0,0.0,0.0,41,145,106,0,6.108999252319336,0.00025,20000
2026-03-17T09:42:58.375185,15,124,0.0,59.200000000000045,0.9723611039521278,0.0,0.0,0.0,38,173,106,11,3.4177303314208984,0.00025,20000
2026-03-17T09:42:59.040598,15,134,0.0,59.100000000000044,0.9723611039521278,0.0,0.0,0.0,37,135,106,1,3.0210018157958984,0.00025,20000
2026-03-17T09:42:59.707373,15,144,0.1,59.200000000000045,0.9723611039521278,0.0,0.0,0.0,38,135,106,4,4.410505294799805,0.00025,20000
2026-03-17T09:43:00.374960,15,154,-0.1,59.60000000000005,0.9723611039521278,0.0,0.0,0.0,42,147,106,9,5.366325378417969,0.00025,20000
2026-03-17T09:43:01.038664,15,164,0.0,60.00000000000006,0.9723611039521278,0.0,0.0,0.0,46,176,106,0,4.284858703613281,0.00025,20000
2026-03-17T09:43:01.704910,15,174,0.1,60.40000000000006,0.9723611039521278,0.0,0.0,0.0,50,152,106,0,4.256248474121094,0.00025,20000
2026-03-17T09:43:02.370490,15,184,0.0,60.600000000000065,0.9723611039521278,0.0,0.0,0.0,52,135,106,2,6.136894226074219,0.00025,20000
2026-03-17T09:43:03.037907,15,194,0.0,60.500000000000064,0.9723611039521278,0.0,0.0,0.0,51,176,106,10,7.557392120361328,0.00025,20000
2026-03-17T09:43:03.699399,15,204,0.0,60.40000000000006,0.9723611039521278,0.0,0.0,0.0,50,176,106,4,3.4825801849365234,0.00025,20000
2026-03-17T09:43:04.364876,15,214,0.0,60.40000000000006,0.9723611039521278,0.0,0.0,0.0,50,149,106,10,3.2482147216796875,0.00025,20000
2026-03-17T09:43:05.031550,15,224,0.0,60.30000000000006,0.9723611039521278,0.0,0.0,0.0,49,147,106,6,3.266572952270508,0.00025,20000
2026-03-17T09:43:05.695999,15,234,0.1,60.30000000000006,0.9723611039521278,0.0,0.0,0.0,49,140,106,1,3.904104232788086,0.00025,20000
2026-03-17T09:43:06.363695,15,244,0.1,61.70000000000008,0.9723611039521278,0.0,0.0,0.0,63,173,106,2,4.661798477172852,0.00025,20000
2026-03-17T09:43:07.029956,15,254,0.0,61.10000000000007,0.9723611039521278,0.0,0.0,0.0,57,176,106,8,5.596399307250977,0.00025,20000
2026-03-17T09:43:07.695221,15,264,0.0,62.10000000000009,0.9723611039521278,0.0,0.0,0.0,67,176,106,1,6.509542465209961,0.00025,20000
2026-03-17T09:43:08.361152,15,274,0.0,62.700000000000095,0.9723611039521278,0.0,0.0,0.0,73,160,106,5,6.469488143920898,0.00025,20000
2026-03-17T09:43:09.023034,15,284,0.0,62.8000000000001,0.9723611039521278,0.0,0.0,0.0,74,176,106,9,3.322124481201172,0.00025,20000
2026-03-17T09:43:09.694283,15,294,-0.1,62.40000000000009,0.9723611039521278,0.0,0.0,0.0,70,176,106,11,7.026195526123047,0.00025,20000
2026-03-17T09:43:10.355752,15,304,0.0,62.30000000000009,0.9723611039521278,0.0,0.0,0.0,69,160,106,2,3.5295486450195312,0.00025,20000
2026-03-17T09:43:11.020826,15,314,0.0,63.80000000000011,0.9723611039521278,0.0,0.0,0.0,84,149,106,1,4.382610321044922,0.00025,20000
2026-03-17T09:43:11.703447,15,324,-0.1,63.50000000000011,0.9723611039521278,0.0,0.0,0.0,81,160,106,6,3.985166549682617,0.00025,20000
2026-03-17T09:43:12.372165,15,334,0.0,62.700000000000095,0.9723611039521278,0.0,0.0,0.0,73,136,106,4,6.8111419677734375,0.00025,20000
2026-03-17T09:43:13.040477,15,344,0.0,63.400000000000105,0.9723611039521278,0.0,0.0,0.0,80,176,106,11,8.58926773071289,0.00025,20000
2026-03-17T09:43:13.702589,15,354,-0.1,62.700000000000095,0.9723611039521278,0.0,0.0,0.0,73,152,106,2,6.090402603149414,0.00025,20000
2026-03-17T09:43:14.368581,15,364,0.0,62.20000000000009,0.9723611039521278,0.0,0.0,0.0,68,173,106,4,6.104946136474609,0.00025,20000
2026-03-17T09:43:15.034808,15,374,-0.1,61.900000000000084,0.9723611039521278,0.0,0.0,0.0,65,157,106,3,7.69352912902832,0.00025,20000
2026-03-17T09:43:15.696568,15,384,0.0,62.10000000000009,0.9723611039521278,0.0,0.0,0.0,67,152,106,0,4.139900207519531,0.00025,20000
2026-03-17T09:43:16.365017,15,394,0.0,62.40000000000009,0.9723611039521278,0.0,0.0,0.0,70,176,106,11,5.573272705078125,0.00025,20000
2026-03-17T09:43:17.027503,15,404,0.0,61.900000000000084,0.9723611039521278,0.0,0.0,0.0,65,160,106,10,3.531932830810547,0.00025,20000
2026-03-17T09:43:17.695356,15,414,0.0,60.00000000000006,0.9723611039521278,0.0,0.0,0.0,46,160,106,3,5.3539276123046875,0.00025,20000
2026-03-17T09:43:18.361794,15,424,0.0,59.30000000000005,0.9723611039521278,0.0,0.0,0.0,39,176,106,9,6.5460205078125,0.00025,20000
2026-03-17T09:43:19.025028,15,434,0.0,58.70000000000004,0.9723611039521278,0.0,0.0,0.0,33,176,106,1,5.218982696533203,0.00025,20000
2026-03-17T09:43:19.692220,15,444,0.0,58.20000000000003,0.9723611039521278,0.0,0.0,0.0,28,160,106,6,5.540370941162109,0.00025,20000
2026-03-17T09:43:20.359199,15,454,0.0,57.90000000000003,0.9723611039521278,0.0,0.0,0.0,25,149,106,2,5.743503570556641,0.00025,20000
2026-03-17T09:43:21.020377,15,464,0.1,58.80000000000004,0.9723611039521278,0.0,0.0,0.0,34,138,106,3,3.376483917236328,0.00025,20000
2026-03-17T09:43:21.687549,15,474,0.1,59.30000000000005,0.9723611039521278,0.0,0.0,0.0,39,147,106,3,4.209756851196289,0.00025,20000
2026-03-17T09:43:22.368154,15,484,0.1,62.30000000000009,0.9723611039521278,0.0,0.0,0.0,69,176,106,9,3.332376480102539,0.00025,20000
2026-03-17T09:43:23.037132,15,494,1.0,71.90000000000003,0.9723611039521278,0.0,0.0,0.0,112,142,112,8,5.364894866943359,0.00025,20000
2026-03-17T09:43:23.701441,15,504,1.0,122.90000000000003,0.9723611039521278,0.0,0.0,0.0,163,142,163,9,4.508495330810547,0.00025,20000
2026-03-17T09:43:24.367760,15,514,1.0,176.90000000000003,0.9723611039521278,0.0,0.0,0.0,217,142,217,8,6.266593933105469,0.00025,20000
2026-03-17T09:43:25.033166,15,524,0.0,202.90000000000003,0.9723611039521278,0.0,0.0,0.0,243,116,243,5,6.18290901184082,0.00025,20000
2026-03-17T09:43:25.699168,15,534,-0.1,199.70000000000022,0.9723611039521278,0.0,0.0,0.0,211,135,243,5,5.585193634033203,0.00025,20000
2026-03-17T09:43:26.367512,15,544,-0.1,196.5000000000004,0.9723611039521278,0.0,0.0,0.0,179,119,243,3,8.724212646484375,0.00025,20000
2026-03-17T09:43:27.026968,15,554,0.0,194.30000000000052,0.9723611039521278,0.0,0.0,0.0,157,176,243,11,3.0410289764404297,0.00025,20000
2026-03-17T09:43:27.693504,15,564,0.0,194.8000000000005,0.9723611039521278,0.0,0.0,0.0,162,120,243,1,4.302978515625,0.00025,20000
2026-03-17T09:43:28.357850,15,574,-0.1,196.20000000000041,0.9723611039521278,0.0,0.0,0.0,176,157,243,9,3.5448074340820312,0.00025,20000
2026-03-17T09:43:29.024955,15,584,0.0,198.50000000000028,0.9723611039521278,0.0,0.0,0.0,199,176,243,1,4.453182220458984,0.00025,20000
2026-03-17T09:43:29.690506,15,594,0.0,198.50000000000028,0.9723611039521278,0.0,0.0,0.0,199,173,243,8,4.778385162353516,0.00025,20000
2026-03-17T09:43:30.357426,15,604,-0.1,198.0000000000003,0.9723611039521278,0.0,0.0,0.0,194,173,243,5,5.112171173095703,0.00025,20000
2026-03-17T09:43:31.023748,15,614,-0.1,196.3000000000004,0.9723611039521278,0.0,0.0,0.0,177,176,243,10,7.196903228759766,0.00025,20000
2026-03-17T09:43:31.689739,15,624,-0.1,192.9000000000006,0.9723611039521278,0.0,0.0,0.0,143,160,243,2,6.763696670532227,0.00025,20000
2026-03-17T09:43:32.351312,15,634,0.0,192.8000000000006,0.9723611039521278,0.0,0.0,0.0,142,147,243,6,2.9959678649902344,0.00025,20000
2026-03-17T09:43:33.035711,15,644,0.0,193.0000000000006,0.9723611039521278,0.0,0.0,0.0,144,135,243,2,5.427122116088867,0.00025,20000
2026-03-17T09:43:33.702598,15,654,0.0,192.20000000000064,0.9723611039521278,0.0,0.0,0.0,136,173,243,9,5.800008773803711,0.00025,20000
2026-03-17T09:43:34.368500,15,664,0.1,192.30000000000064,0.9723611039521278,0.0,0.0,0.0,137,165,243,3,6.492376327514648,0.00025,20000
2026-03-17T09:43:35.033255,15,674,0.0,194.10000000000053,0.9723611039521278,0.0,0.0,0.0,155,176,243,0,4.99725341796875,0.00025,20000
2026-03-17T09:43:35.696382,15,684,0.0,194.5000000000005,0.9723611039521278,0.0,0.0,0.0,159,145,243,0,3.7584304809570312,0.00025,20000
2026-03-17T09:43:36.362613,15,694,0.1,195.00000000000048,0.9723611039521278,0.0,0.0,0.0,164,149,243,10,5.141496658325195,0.00025,20000
2026-03-17T09:43:37.029127,15,704,0.0,195.10000000000048,0.9723611039521278,0.0,0.0,0.0,165,160,243,8,4.954099655151367,0.00025,20000
2026-03-17T09:43:37.696505,15,714,0.0,193.1000000000006,0.9723611039521278,0.0,0.0,0.0,145,145,243,5,6.8035125732421875,0.00025,20000
2026-03-17T09:43:38.361475,15,724,0.0,193.40000000000057,0.9723611039521278,0.0,0.0,0.0,148,173,243,0,6.828784942626953,0.00025,20000
2026-03-17T09:43:39.025455,15,734,0.0,194.5000000000005,0.9723611039521278,0.0,0.0,0.0,159,160,243,11,4.584550857543945,0.00025,20000
2026-03-17T09:43:39.691389,15,744,0.0,195.30000000000047,0.9723611039521278,0.0,0.0,0.0,167,176,243,3,5.187749862670898,0.00025,20000
2026-03-17T09:43:40.356302,15,754,0.0,195.20000000000047,0.9723611039521278,0.0,0.0,0.0,166,176,243,11,3.4821033477783203,0.00025,20000
2026-03-17T09:43:41.024058,15,764,0.0,193.60000000000056,0.9723611039521278,0.0,0.0,0.0,150,157,243,4,6.274223327636719,0.00025,20000
2026-03-17T09:43:41.688391,15,774,-0.1,192.30000000000064,0.9723611039521278,0.0,0.0,0.0,137,168,243,8,4.947662353515625,0.00025,20000
2026-03-17T09:43:42.355494,15,784,0.0,193.40000000000057,0.9723611039521278,0.0,0.0,0.0,148,146,243,1,7.438421249389648,0.00025,20000
2026-03-17T09:43:43.017830,15,794,0.0,194.20000000000053,0.9723611039521278,0.0,0.0,0.0,156,138,243,1,4.816532135009766,0.00025,20000
2026-03-17T09:43:43.701821,15,804,0.0,195.00000000000048,0.9723611039521278,0.0,0.0,0.0,164,135,243,8,5.664587020874023,0.00025,20000
2026-03-17T09:43:44.364493,15,814,-0.1,193.70000000000056,0.9723611039521278,0.0,0.0,0.0,151,128,243,6,3.069639205932617,0.00025,20000
2026-03-17T09:43:45.032348,15,824,0.0,192.20000000000064,0.9723611039521278,0.0,0.0,0.0,136,149,243,1,4.901885986328125,0.00025,20000
2026-03-17T09:43:45.697611,15,834,0.0,192.50000000000063,0.9723611039521278,0.0,0.0,0.0,139,147,243,10,4.767417907714844,0.00025,20000
2026-03-17T09:43:46.367112,15,844,0.0,192.20000000000064,0.9723611039521278,0.0,0.0,0.0,136,140,243,6,8.208751678466797,0.00025,20000
2026-03-17T09:43:47.031836,15,854,0.1,192.50000000000063,0.9723611039521278,0.0,0.0,0.0,139,152,243,6,6.185770034790039,0.00025,20000
2026-03-17T09:43:47.697187,15,864,0.0,192.40000000000063,0.9723611039521278,0.0,0.0,0.0,138,160,243,7,6.698131561279297,0.00025,20000
2026-03-17T09:43:48.361226,15,874,0.0,192.30000000000064,0.9723611039521278,0.0,0.0,0.0,137,176,243,11,5.880117416381836,0.00025,20000
2026-03-17T09:43:49.026899,15,884,0.0,192.20000000000064,0.9723611039521278,0.0,0.0,0.0,136,176,243,5,5.044221878051758,0.00025,20000
2026-03-17T09:43:49.692932,15,894,0.0,192.40000000000063,0.9723611039521278,0.0,0.0,0.0,138,113,243,0,6.599903106689453,0.00025,20000
2026-03-17T09:43:50.355941,15,904,0.0,194.20000000000053,0.9723611039521278,0.0,0.0,0.0,156,128,243,5,4.590272903442383,0.00025,20000
2026-03-17T09:43:51.019738,15,914,0.1,197.10000000000036,0.9723611039521278,0.0,0.0,0.0,185,157,243,3,3.554105758666992,0.00025,20000
2026-03-17T09:43:51.689683,15,924,0.1,202.40000000000006,0.9723611039521278,0.0,0.0,0.0,238,176,243,2,5.833864212036133,0.00025,20000
2026-03-17T09:43:52.353669,15,934,1.0,209.90000000000003,0.9723611039521278,0.0,0.0,0.0,250,176,250,5,5.196094512939453,0.00025,20000
2026-03-17T09:43:53.020327,15,944,-0.1,210.5000000000001,0.9723611039521278,0.0,0.0,0.0,238,168,252,11,5.645990371704102,0.00025,20000
2026-03-17T09:43:53.685829,15,954,0.0,210.6000000000001,0.9723611039521278,0.0,0.0,0.0,239,176,252,10,5.870819091796875,0.00025,20000
2026-03-17T09:43:54.352131,15,964,0.0,210.5000000000001,0.9723611039521278,0.0,0.0,0.0,238,176,252,6,6.165027618408203,0.00025,20000
2026-03-17T09:43:55.013619,15,974,-0.1,209.40000000000018,0.9723611039521278,0.0,0.0,0.0,227,176,252,3,3.7729740142822266,0.00025,20000
2026-03-17T09:43:55.683343,15,984,0.0,206.60000000000034,0.9723611039521278,0.0,0.0,0.0,199,145,252,3,6.496429443359375,0.00025,20000
2026-03-17T09:43:56.347437,15,994,0.0,204.80000000000044,0.9723611039521278,0.0,0.0,0.0,181,119,252,1,4.205226898193359,0.00025,20000
2026-03-17T09:43:57.014261,15,1004,0.0,205.7000000000004,0.9723611039521278,0.0,0.0,0.0,190,147,252,8,6.428718566894531,0.00025,20000
2026-03-17T09:43:57.676530,15,1014,0.1,205.4000000000004,0.9723611039521278,0.0,0.0,0.0,187,145,252,0,3.321409225463867,0.00025,20000
2026-03-17T09:43:58.346779,15,1024,0.0,205.6000000000004,0.9723611039521278,0.0,0.0,0.0,189,173,252,0,6.958484649658203,0.00025,20000
2026-03-17T09:43:59.010661,15,1034,0.0,205.3000000000004,0.9723611039521278,0.0,0.0,0.0,186,176,252,6,7.114171981811523,0.00025,20000
2026-03-17T09:43:59.673462,15,1044,0.0,204.70000000000044,0.9723611039521278,0.0,0.0,0.0,180,160,252,1,4.693508148193359,0.00025,20000
2026-03-17T09:44:00.339643,15,1054,0.1,204.20000000000047,0.9723611039521278,0.0,0.0,0.0,175,176,252,2,3.910541534423828,0.00025,20000
2026-03-17T09:44:01.004199,15,1064,0.0,204.10000000000048,0.9723611039521278,0.0,0.0,0.0,174,176,252,1,3.8242340087890625,0.00025,20000
2026-03-17T09:44:01.672541,15,1074,0.0,205.5000000000004,0.9723611039521278,0.0,0.0,0.0,188,176,252,4,6.021738052368164,0.00025,20000
2026-03-17T09:44:02.337959,15,1084,0.0,207.80000000000027,0.9723611039521278,0.0,0.0,0.0,211,176,252,9,5.171537399291992,0.00025,20000
2026-03-17T09:44:03.003375,15,1094,0.1,208.50000000000023,0.9723611039521278,0.0,0.0,0.0,218,176,252,0,5.067110061645508,0.00025,20000
2026-03-17T09:44:03.668356,15,1104,-0.1,207.80000000000027,0.9723611039521278,0.0,0.0,0.0,211,120,252,11,5.638837814331055,0.00025,20000
2026-03-17T09:44:04.334051,15,1114,-0.1,204.50000000000045,0.9723611039521278,0.0,0.0,0.0,178,157,252,7,5.6438446044921875,0.00025,20000
2026-03-17T09:44:05.000192,15,1124,0.0,203.30000000000052,0.9723611039521278,0.0,0.0,0.0,166,147,252,3,7.316350936889648,0.00025,20000
2026-03-17T09:44:05.665262,15,1134,0.0,203.40000000000052,0.9723611039521278,0.0,0.0,0.0,167,157,252,3,5.991935729980469,0.00025,20000
2026-03-17T09:44:06.328102,15,1144,0.0,204.80000000000044,0.9723611039521278,0.0,0.0,0.0,181,176,252,2,3.745555877685547,0.00025,20000
2026-03-17T09:44:06.995976,15,1154,0.0,205.4000000000004,0.9723611039521278,0.0,0.0,0.0,187,176,252,0,5.391836166381836,0.00025,20000
2026-03-17T09:44:07.661505,15,1164,0.0,205.90000000000038,0.9723611039521278,0.0,0.0,0.0,192,165,252,9,6.072044372558594,0.00025,20000
2026-03-17T09:44:08.328278,15,1174,-0.1,204.50000000000045,0.9723611039521278,0.0,0.0,0.0,178,148,252,7,5.42902946472168,0.00025,20000
2026-03-17T09:44:08.990841,15,1184,0.0,204.80000000000044,0.9723611039521278,0.0,0.0,0.0,181,148,252,2,4.387378692626953,0.00025,20000
2026-03-17T09:44:09.659160,15,1194,0.0,204.40000000000046,0.9723611039521278,0.0,0.0,0.0,177,168,252,7,5.779027938842773,0.00025,20000
2026-03-17T09:44:10.323871,15,1204,0.0,203.30000000000052,0.9723611039521278,0.0,0.0,0.0,166,160,252,1,6.036043167114258,0.00025,20000
2026-03-17T09:44:10.990253,15,1214,0.2,208.40000000000023,0.9723611039521278,0.0,0.0,0.0,217,126,252,0,6.62684440612793,0.00025,20000
2026-03-17T09:44:11.654073,15,1224,-0.1,210.7000000000001,0.9723611039521278,0.0,0.0,0.0,240,176,252,10,5.051612854003906,0.00025,20000
2026-03-17T09:44:12.318442,15,1234,0.0,208.8000000000002,0.9723611039521278,0.0,0.0,0.0,221,160,252,11,3.5104751586914062,0.00025,20000
2026-03-17T09:44:12.984229,15,1244,0.1,206.00000000000037,0.9723611039521278,0.0,0.0,0.0,193,176,252,7,4.362583160400391,0.00025,20000
2026-03-17T09:44:13.650086,15,1254,-0.1,204.70000000000044,0.9723611039521278,0.0,0.0,0.0,180,168,252,7,3.3485889434814453,0.00025,20000
2026-03-17T09:44:14.317842,15,1264,0.0,205.00000000000043,0.9723611039521278,0.0,0.0,0.0,183,176,252,8,5.078792572021484,0.00025,20000
2026-03-17T09:44:14.984623,15,1274,0.0,204.50000000000045,0.9723611039521278,0.0,0.0,0.0,178,176,252,1,6.120204925537109,0.00025,20000
2026-03-17T09:44:15.648609,15,1284,0.0,205.90000000000038,0.9723611039521278,0.0,0.0,0.0,192,176,252,6,4.855632781982422,0.00025,20000
2026-03-17T09:44:16.315640,15,1294,0.0,204.10000000000048,0.9723611039521278,0.0,0.0,0.0,174,160,252,11,6.692647933959961,0.00025,20000
2026-03-17T09:44:16.981406,15,1304,0.0,203.8000000000005,0.9723611039521278,0.0,0.0,0.0,171,160,252,3,8.03065299987793,0.00025,20000
2026-03-17T09:44:17.641697,15,1314,0.0,203.30000000000052,0.9723611039521278,0.0,0.0,0.0,166,149,252,6,2.989053726196289,0.00025,20000
2026-03-17T09:44:18.309142,15,1324,0.0,204.20000000000047,0.9723611039521278,0.0,0.0,0.0,175,149,252,2,3.7107467651367188,0.00025,20000
2026-03-17T09:44:18.973431,15,1334,0.1,205.10000000000042,0.9723611039521278,0.0,0.0,0.0,184,157,252,6,3.2012462615966797,0.00025,20000
2026-03-17T09:44:19.641376,15,1344,0.1,208.60000000000022,0.9723611039521278,0.0,0.0,0.0,219,135,252,9,5.789518356323242,0.00025,20000
2026-03-17T09:44:20.306860,15,1354,0.0,210.40000000000012,0.9723611039521278,0.0,0.0,0.0,237,121,252,0,4.150390625,0.00025,20000
2026-03-17T09:44:20.972224,15,1364,-0.1,211.10000000000008,0.9723611039521278,0.0,0.0,0.0,244,140,252,7,5.025625228881836,0.00025,20000
2026-03-17T09:44:21.637090,15,1374,0.0,211.00000000000009,0.9723611039521278,0.0,0.0,0.0,243,145,252,10,4.282712936401367,0.00025,20000
2026-03-17T09:44:22.300608,15,1384,0.0,211.30000000000007,0.9723611039521278,0.0,0.0,0.0,246,173,252,6,3.2601356506347656,0.00025,20000
2026-03-17T09:44:22.967593,15,1394,-0.1,210.7000000000001,0.9723611039521278,0.0,0.0,0.0,240,176,252,1,3.7970542907714844,0.00025,20000
2026-03-17T09:44:23.632995,15,1404,0.0,211.20000000000007,0.9723611039521278,0.0,0.0,0.0,245,173,252,5,3.7479400634765625,0.00025,20000
2026-03-17T09:44:24.299004,15,1414,0.0,210.9000000000001,0.9723611039521278,0.0,0.0,0.0,242,165,252,6,4.574298858642578,0.00025,20000
2026-03-17T09:44:24.965297,15,1424,0.0,210.9000000000001,0.9723611039521278,0.0,0.0,0.0,242,160,252,9,3.300189971923828,0.00025,20000
2026-03-17T09:44:25.630020,15,1434,0.0,211.70000000000005,0.9723611039521278,0.0,0.0,0.0,250,160,252,2,4.34565544128418,0.00025,20000
2026-03-17T09:44:26.312732,15,1444,0.0,212.90000000000003,0.9723611039521278,0.0,0.0,0.0,253,160,253,10,4.943609237670898,0.00025,20000
2026-03-17T09:44:26.979317,15,1454,-0.1,211.20000000000013,0.9723611039521278,0.0,0.0,0.0,236,157,253,8,5.074262619018555,0.00025,20000
2026-03-17T09:44:27.645962,15,1464,-0.1,207.60000000000034,0.9723611039521278,0.0,0.0,0.0,200,149,253,3,5.829811096191406,0.00025,20000
2026-03-17T09:44:28.309227,15,1474,0.0,204.8000000000005,0.9723611039521278,0.0,0.0,0.0,172,157,253,6,4.086732864379883,0.00025,20000
2026-03-17T09:44:28.974608,15,1484,0.0,204.8000000000005,0.9723611039521278,0.0,0.0,0.0,172,160,253,6,4.295825958251953,0.00025,20000
2026-03-17T09:44:29.639240,15,1494,0.1,205.00000000000048,0.9723611039521278,0.0,0.0,0.0,174,147,253,3,3.1659603118896484,0.00025,20000
2026-03-17T09:44:30.306647,15,1504,0.0,205.10000000000048,0.9723611039521278,0.0,0.0,0.0,175,136,253,10,4.636049270629883,0.00025,20000
2026-03-17T09:44:30.969662,15,1514,0.0,205.20000000000047,0.9723611039521278,0.0,0.0,0.0,176,160,253,9,2.931356430053711,0.00025,20000
2026-03-17T09:44:31.638016,15,1524,0.0,205.60000000000045,0.9723611039521278,0.0,0.0,0.0,180,138,253,3,5.566835403442383,0.00025,20000
2026-03-17T09:44:32.302514,15,1534,0.1,206.4000000000004,0.9723611039521278,0.0,0.0,0.0,188,145,253,7,4.2476654052734375,0.00025,20000
2026-03-17T09:44:32.968291,15,1544,0.0,207.40000000000035,0.9723611039521278,0.0,0.0,0.0,198,140,253,8,4.265308380126953,0.00025,20000
2026-03-17T09:44:33.635112,15,1554,0.1,207.20000000000036,0.9723611039521278,0.0,0.0,0.0,196,173,253,6,6.108760833740234,0.00025,20000
2026-03-17T09:44:34.296956,15,1564,0.0,206.80000000000038,0.9723611039521278,0.0,0.0,0.0,192,176,253,9,2.5877952575683594,0.00025,20000
2026-03-17T09:44:34.963536,15,1574,-0.1,205.30000000000047,0.9723611039521278,0.0,0.0,0.0,177,149,253,3,3.551006317138672,0.00025,20000
2026-03-17T09:44:35.629192,15,1584,0.0,204.8000000000005,0.9723611039521278,0.0,0.0,0.0,172,136,253,10,3.907442092895508,0.00025,20000
2026-03-17T09:44:36.294492,15,1594,0.1,204.9000000000005,0.9723611039521278,0.0,0.0,0.0,173,176,253,5,3.3783912658691406,0.00025,20000
2026-03-17T09:44:36.964508,15,1604,0.1,204.9000000000005,0.9723611039521278,0.0,0.0,0.0,173,160,253,8,7.634639739990234,0.00025,20000
2026-03-17T09:44:37.626594,15,1614,0.1,204.9000000000005,0.9723611039521278,0.0,0.0,0.0,173,127,253,3,4.391908645629883,0.00025,20000
2026-03-17T09:44:38.295135,15,1624,0.0,204.9000000000005,0.9723611039521278,0.0,0.0,0.0,173,160,253,5,7.22050666809082,0.00025,20000
2026-03-17T09:44:38.959150,15,1634,0.0,204.9000000000005,0.9723611039521278,0.0,0.0,0.0,173,160,253,11,5.5561065673828125,0.00025,20000
2026-03-17T09:44:39.623762,15,1644,0.0,205.90000000000043,0.9723611039521278,0.0,0.0,0.0,183,145,253,2,4.053354263305664,0.00025,20000
2026-03-17T09:44:40.290306,15,1654,0.0,206.4000000000004,0.9723611039521278,0.0,0.0,0.0,188,147,253,0,5.496501922607422,0.00025,20000
2026-03-17T09:44:40.954533,15,1664,-0.1,205.90000000000043,0.9723611039521278,0.0,0.0,0.0,183,136,253,2,3.386259078979492,0.00025,20000
2026-03-17T09:44:41.620484,15,1674,0.0,204.8000000000005,0.9723611039521278,0.0,0.0,0.0,172,145,253,10,3.412485122680664,0.00025,20000
2026-03-17T09:44:42.285093,15,1684,0.0,204.8000000000005,0.9723611039521278,0.0,0.0,0.0,172,145,253,7,3.4072399139404297,0.00025,20000
2026-03-17T09:44:42.951354,15,1694,0.0,205.10000000000048,0.9723611039521278,0.0,0.0,0.0,175,135,253,4,4.249811172485352,0.00025,20000
2026-03-17T09:44:43.618186,15,1704,-0.1,205.00000000000048,0.9723611039521278,0.0,0.0,0.0,174,173,253,5,5.178689956665039,0.00025,20000
2026-03-17T09:44:44.284579,15,1714,0.1,205.00000000000048,0.9723611039521278,0.0,0.0,0.0,174,176,253,1,6.200313568115234,0.00025,20000
2026-03-17T09:44:44.948603,15,1724,0.0,206.80000000000038,0.9723611039521278,0.0,0.0,0.0,192,160,253,0,5.055904388427734,0.00025,20000
2026-03-17T09:44:45.615358,15,1734,0.0,206.80000000000038,0.9723611039521278,0.0,0.0,0.0,192,147,253,4,5.178213119506836,0.00025,20000
2026-03-17T09:44:46.278910,15,1744,0.1,206.7000000000004,0.9723611039521278,0.0,0.0,0.0,191,157,253,11,3.206491470336914,0.00025,20000
2026-03-17T09:44:46.945034,15,1754,0.1,207.40000000000035,0.9723611039521278,0.0,0.0,0.0,198,165,253,4,4.163026809692383,0.00025,20000
2026-03-17T09:44:47.609213,15,1764,0.0,207.30000000000035,0.9723611039521278,0.0,0.0,0.0,197,173,253,5,3.3631324768066406,0.00025,20000
2026-03-17T09:44:48.275943,15,1774,0.0,204.8000000000005,0.9723611039521278,0.0,0.0,0.0,172,176,253,10,3.699064254760742,0.00025,20000
2026-03-17T09:44:48.942812,15,1784,0.0,204.8000000000005,0.9723611039521278,0.0,0.0,0.0,172,149,253,3,4.280328750610352,0.00025,20000
2026-03-17T09:44:49.606667,15,1794,0.1,206.6000000000004,0.9723611039521278,0.0,0.0,0.0,190,176,253,0,4.1294097900390625,0.00025,20000
2026-03-17T09:44:50.273708,15,1804,-0.1,206.00000000000043,0.9723611039521278,0.0,0.0,0.0,184,173,253,4,5.644083023071289,0.00025,20000
2026-03-17T09:44:50.941300,15,1814,-0.1,205.50000000000045,0.9723611039521278,0.0,0.0,0.0,179,147,253,1,8.06879997253418,0.00025,20000
2026-03-17T09:44:51.601966,15,1824,0.0,204.8000000000005,0.9723611039521278,0.0,0.0,0.0,172,147,253,5,3.5135746002197266,0.00025,20000
2026-03-17T09:44:52.268067,15,1834,0.0,204.9000000000005,0.9723611039521278,0.0,0.0,0.0,173,176,253,10,3.4399032592773438,0.00025,20000
2026-03-17T09:44:52.934228,15,1844,0.0,204.9000000000005,0.9723611039521278,0.0,0.0,0.0,173,176,253,11,4.625797271728516,0.00025,20000
2026-03-17T09:44:53.601553,15,1854,0.1,205.60000000000045,0.9723611039521278,0.0,0.0,0.0,180,173,253,4,5.757570266723633,0.00025,20000
2026-03-17T09:44:54.267727,15,1864,0.0,208.1000000000003,0.9723611039521278,0.0,0.0,0.0,205,176,253,8,5.482912063598633,0.00025,20000
2026-03-17T09:44:54.930525,15,1874,0.0,207.20000000000036,0.9723611039521278,0.0,0.0,0.0,196,176,253,7,3.5538673400878906,0.00025,20000
2026-03-17T09:44:55.597386,15,1884,0.0,207.90000000000032,0.9723611039521278,0.0,0.0,0.0,203,176,253,6,3.5631656646728516,0.00025,20000
2026-03-17T09:44:56.264590,15,1894,0.0,208.80000000000027,0.9723611039521278,0.0,0.0,0.0,212,160,253,1,6.77943229675293,0.00025,20000
2026-03-17T09:44:56.927970,15,1904,0.0,212.40000000000006,0.9723611039521278,0.0,0.0,0.0,248,145,253,5,4.264116287231445,0.00025,20000
2026-03-17T09:44:57.592284,15,1914,0.0,214.70000000000005,0.9723611039521278,0.0,0.0,0.0,253,160,255,5,3.4062862396240234,0.00025,20000
2026-03-17T09:44:58.258320,15,1924,-0.1,213.7000000000001,0.9723611039521278,0.0,0.0,0.0,243,147,255,10,3.7376880645751953,0.00025,20000
2026-03-17T09:44:58.925027,15,1934,0.1,212.1000000000002,0.9723611039521278,0.0,0.0,0.0,227,136,255,6,4.3792724609375,0.00025,20000
2026-03-17T09:44:59.590090,15,1944,-0.1,212.50000000000017,0.9723611039521278,0.0,0.0,0.0,231,176,255,10,4.624128341674805,0.00025,20000
2026-03-17T09:45:00.257374,15,1954,-0.1,208.20000000000041,0.9723611039521278,0.0,0.0,0.0,188,176,255,4,5.029201507568359,0.00025,20000
2026-03-17T09:45:00.923606,15,1964,0.0,207.50000000000045,0.9723611039521278,0.0,0.0,0.0,181,176,255,2,5.547761917114258,0.00025,20000
2026-03-17T09:45:01.588838,15,1974,0.0,207.00000000000048,0.9723611039521278,0.0,0.0,0.0,176,176,255,7,5.877971649169922,0.00025,20000
2026-03-17T09:45:02.251587,15,1984,0.0,207.70000000000044,0.9723611039521278,0.0,0.0,0.0,183,140,255,6,3.247976303100586,0.00025,20000
2026-03-17T09:45:02.917147,15,1994,0.0,207.80000000000044,0.9723611039521278,0.0,0.0,0.0,184,173,255,11,4.1866302490234375,0.00025,20000
2026-03-17T09:45:03.585507,15,2004,0.1,208.4000000000004,0.9723611039521278,0.0,0.0,0.0,190,160,255,6,5.342245101928711,0.00025,20000
2026-03-17T09:45:04.249907,15,2014,0.0,208.4000000000004,0.9723611039521278,0.0,0.0,0.0,190,138,255,10,4.704475402832031,0.00025,20000
2026-03-17T09:45:04.918938,15,2024,0.0,207.30000000000047,0.9723611039521278,0.0,0.0,0.0,179,176,255,1,3.809213638305664,0.00025,20000
2026-03-17T09:45:05.580616,15,2034,0.0,207.30000000000047,0.9723611039521278,0.0,0.0,0.0,179,176,255,9,4.065513610839844,0.00025,20000
2026-03-17T09:45:06.248141,15,2044,0.1,207.60000000000045,0.9723611039521278,0.0,0.0,0.0,182,176,255,6,5.95855712890625,0.00025,20000
2026-03-17T09:45:06.913113,15,2054,0.0,206.9000000000005,0.9723611039521278,0.0,0.0,0.0,175,176,255,2,5.994319915771484,0.00025,20000
2026-03-17T09:45:07.574908,15,2064,0.0,207.00000000000048,0.9723611039521278,0.0,0.0,0.0,176,160,255,8,2.837657928466797,0.00025,20000
2026-03-17T09:45:08.243325,15,2074,0.1,208.4000000000004,0.9723611039521278,0.0,0.0,0.0,190,147,255,8,5.903005599975586,0.00025,20000
2026-03-17T09:45:08.906842,15,2084,0.2,213.20000000000013,0.9723611039521278,0.0,0.0,0.0,238,143,255,1,3.396749496459961,0.00025,20000
2026-03-17T09:45:09.573819,15,2094,1.0,238.80000000000004,0.9723611039521278,0.0,0.0,0.0,279,157,279,7,3.310680389404297,0.00025,20000
2026-03-17T09:45:10.238429,15,2104,-0.1,240.40000000000018,0.9723611039521278,0.0,0.0,0.0,259,173,283,7,3.8385391235351562,0.00025,20000
2026-03-17T09:45:10.903868,15,2114,-0.1,235.20000000000047,0.9723611039521278,0.0,0.0,0.0,207,171,283,10,3.0939579010009766,0.00025,20000
2026-03-17T09:45:11.570556,15,2124,0.0,235.70000000000044,0.9723611039521278,0.0,0.0,0.0,212,176,283,6,5.1097869873046875,0.00025,20000
2026-03-17T09:45:12.236809,15,2134,0.1,236.3000000000004,0.9723611039521278,0.0,0.0,0.0,218,176,283,9,5.592584609985352,0.00025,20000
2026-03-17T09:45:12.902463,15,2144,0.1,241.20000000000013,0.9723611039521278,0.0,0.0,0.0,267,78,283,5,5.28717041015625,0.00025,20000
2026-03-17T09:45:13.566704,15,2154,0.0,253.70000000000005,0.9723611039521278,0.0,0.0,0.0,293,160,294,11,3.0481815338134766,0.00025,20000
2026-03-17T09:45:14.230176,15,2164,0.0,255.80000000000004,0.9723611039521278,0.0,0.0,0.0,296,128,296,4,2.5877952575683594,0.00025,20000
2026-03-17T09:45:14.897466,15,2174,0.0,263.80000000000007,0.9723611039521278,0.0,0.0,0.0,304,157,304,0,3.543853759765625,0.00025,20000
2026-03-17T09:45:15.564667,15,2184,0.0,266.6,0.9723611039521278,0.0,0.0,0.0,305,135,307,6,4.390478134155273,0.00025,20000
2026-03-17T09:45:16.229635,15,2194,0.0,266.5,0.9723611039521278,0.0,0.0,0.0,304,176,307,11,5.045652389526367,0.00025,20000
2026-03-17T09:45:16.895880,15,2204,0.0,265.2999999999997,0.9723611039521278,0.0,0.0,0.0,292,176,307,4,4.580020904541016,0.00025,20000
2026-03-17T09:45:17.561454,15,2214,-0.1,265.5999999999998,0.9723611039521278,0.0,0.0,0.0,295,149,307,1,5.699396133422852,0.00025,20000
2026-03-17T09:45:18.228488,15,2224,0.0,265.1999999999997,0.9723611039521278,0.0,0.0,0.0,291,147,307,4,5.942344665527344,0.00025,20000
2026-03-17T09:45:18.889204,15,2234,0.0,265.1999999999997,0.9723611039521278,0.0,0.0,0.0,291,152,307,7,2.792835235595703,0.00025,20000
2026-03-17T09:45:19.575177,15,2244,0.0,265.0999999999997,0.9723611039521278,0.0,0.0,0.0,290,176,307,0,5.243778228759766,0.00025,20000
2026-03-17T09:45:20.237723,15,2254,0.0,265.39999999999975,0.9723611039521278,0.0,0.0,0.0,293,135,307,5,2.413511276245117,0.00025,20000
2026-03-17T09:45:20.905221,15,2264,0.0,265.2999999999997,0.9723611039521278,0.0,0.0,0.0,292,135,307,10,4.080772399902344,0.00025,20000
2026-03-17T09:45:21.571269,15,2274,0.0,264.3999999999995,0.9723611039521278,0.0,0.0,0.0,283,128,307,9,5.390167236328125,0.00025,20000
2026-03-17T09:45:22.236065,15,2284,0.0,263.3999999999993,0.9723611039521278,0.0,0.0,0.0,273,145,307,8,4.840373992919922,0.00025,20000
2026-03-17T09:45:22.902141,15,2294,0.0,263.7999999999994,0.9723611039521278,0.0,0.0,0.0,277,152,307,8,5.05375862121582,0.00025,20000
2026-03-17T09:45:23.569084,15,2304,0.0,264.2999999999995,0.9723611039521278,0.0,0.0,0.0,282,136,307,11,5.798101425170898,0.00025,20000
2026-03-17T09:45:24.234827,15,2314,-0.1,265.1999999999997,0.9723611039521278,0.0,0.0,0.0,291,176,307,11,6.102561950683594,0.00025,20000
2026-03-17T09:45:24.901560,15,2324,-0.1,263.4999999999993,0.9723611039521278,0.0,0.0,0.0,274,149,307,1,7.38835334777832,0.00025,20000
2026-03-17T09:45:25.563970,15,2334,0.0,262.199999999999,0.9723611039521278,0.0,0.0,0.0,261,157,307,2,4.67228889465332,0.00025,20000
2026-03-17T09:45:26.228594,15,2344,0.0,262.29999999999905,0.9723611039521278,0.0,0.0,0.0,262,160,307,8,4.253149032592773,0.00025,20000
2026-03-17T09:45:26.896677,15,2354,0.0,262.5999999999991,0.9723611039521278,0.0,0.0,0.0,265,135,307,3,5.929231643676758,0.00025,20000
2026-03-17T09:45:27.559700,15,2364,0.1,262.9999999999992,0.9723611039521278,0.0,0.0,0.0,269,145,307,0,4.34422492980957,0.00025,20000
2026-03-17T09:45:28.226073,15,2374,0.0,262.5999999999991,0.9723611039521278,0.0,0.0,0.0,265,173,307,5,4.169940948486328,0.00025,20000
2026-03-17T09:45:28.893229,15,2384,0.0,261.999999999999,0.9723611039521278,0.0,0.0,0.0,259,176,307,10,5.967378616333008,0.00025,20000
2026-03-17T09:45:30.096606,16,1,0.0,-0.2,0.9704163817442236,0.0,0.0,0.0,38,152,40,8,2.4871826171875,0.00025,20000
2026-03-17T09:45:30.741475,16,11,0.0,-0.4,0.9704163817442236,0.0,0.0,0.0,36,157,40,4,7.891416549682617,0.00025,20000
2026-03-17T09:45:31.403402,16,21,-0.1,0.2999999999999994,0.9704163817442236,0.0,0.0,0.0,25,173,42,2,4.674434661865234,0.00025,20000
2026-03-17T09:45:32.067991,16,31,0.0,-1.9000000000000008,0.9704163817442236,0.0,0.0,0.0,3,176,42,7,3.6945343017578125,0.00025,20000
2026-03-17T09:45:32.735342,16,41,0.0,-1.2000000000000002,0.9704163817442236,0.0,0.0,0.0,10,160,42,3,4.039287567138672,0.00025,20000
2026-03-17T09:45:33.400461,16,51,0.0,-1.6000000000000005,0.9704163817442236,0.0,0.0,0.0,6,147,42,9,4.273414611816406,0.00025,20000
2026-03-17T09:45:34.069232,16,61,0.0,0.8999999999999998,0.9704163817442236,0.0,0.0,0.0,31,145,42,8,5.795001983642578,0.00025,20000
2026-03-17T09:45:34.731594,16,71,0.0,7.0,0.9704163817442236,0.0,0.0,0.0,47,157,47,3,5.060911178588867,0.00025,20000
2026-03-17T09:45:35.398459,16,81,0.0,7.200000000000003,0.9704163817442236,0.0,0.0,0.0,40,160,48,1,5.973339080810547,0.00025,20000
2026-03-17T09:45:36.064956,16,91,0.0,7.9,0.9704163817442236,0.0,0.0,0.0,47,135,48,8,6.410121917724609,0.00025,20000
2026-03-17T09:45:36.729886,16,101,0.0,7.0000000000000036,0.9704163817442236,0.0,0.0,0.0,38,145,48,1,6.757974624633789,0.00025,20000
2026-03-17T09:45:37.397361,16,111,-0.1,5.30000000000001,0.9704163817442236,0.0,0.0,0.0,21,121,48,8,7.870912551879883,0.00025,20000
2026-03-17T09:45:38.058003,16,121,0.0,4.2000000000000135,0.9704163817442236,0.0,0.0,0.0,10,160,48,5,3.3304691314697266,0.00025,20000
2026-03-17T09:45:38.725892,16,131,0.0,3.2000000000000135,0.9704163817442236,0.0,0.0,0.0,0,149,48,0,5.179882049560547,0.00025,20000
2026-03-17T09:45:39.392388,16,141,0.0,3.3000000000000136,0.9704163817442236,0.0,0.0,0.0,1,160,48,4,6.149530410766602,0.00025,20000
2026-03-17T09:45:40.055952,16,151,-0.1,3.2000000000000135,0.9704163817442236,0.0,0.0,0.0,0,160,48,6,4.783391952514648,0.00025,20000
2026-03-17T09:45:40.722562,16,161,0.0,3.2000000000000135,0.9704163817442236,0.0,0.0,0.0,0,161,48,5,5.144596099853516,0.00025,20000
2026-03-17T09:45:41.388873,16,171,0.0,3.2000000000000135,0.9704163817442236,0.0,0.0,0.0,0,176,48,4,6.215095520019531,0.00025,20000
2026-03-17T09:45:42.053956,16,181,0.0,4.700000000000012,0.9704163817442236,0.0,0.0,0.0,15,176,48,0,5.283832550048828,0.00025,20000
2026-03-17T09:45:42.722171,16,191,0.0,3.2000000000000135,0.9704163817442236,0.0,0.0,0.0,0,168,48,4,7.593870162963867,0.00025,20000
2026-03-17T09:45:43.383280,16,201,0.0,3.700000000000014,0.9704163817442236,0.0,0.0,0.0,5,176,48,0,3.802776336669922,0.00025,20000
2026-03-17T09:45:44.051213,16,211,0.0,3.3000000000000136,0.9704163817442236,0.0,0.0,0.0,1,168,48,6,6.335735321044922,0.00025,20000
2026-03-17T09:45:44.716098,16,221,0.0,3.4000000000000137,0.9704163817442236,0.0,0.0,0.0,2,145,48,6,5.082368850708008,0.00025,20000
2026-03-17T09:45:45.380169,16,231,0.1,4.500000000000012,0.9704163817442236,0.0,0.0,0.0,13,147,48,1,4.698038101196289,0.00025,20000
2026-03-17T09:45:46.047568,16,241,0.0,6.800000000000004,0.9704163817442236,0.0,0.0,0.0,36,147,48,9,6.011962890625,0.00025,20000
2026-03-17T09:45:46.714777,16,251,0.0,6.700000000000005,0.9704163817442236,0.0,0.0,0.0,35,160,48,1,6.646871566772461,0.00025,20000
2026-03-17T09:45:47.380483,16,261,-0.1,6.900000000000004,0.9704163817442236,0.0,0.0,0.0,37,149,48,5,6.974935531616211,0.00025,20000
2026-03-17T09:45:48.041097,16,271,0.0,5.000000000000011,0.9704163817442236,0.0,0.0,0.0,18,138,48,11,3.2503604888916016,0.00025,20000
2026-03-17T09:45:48.706932,16,281,0.0,4.300000000000013,0.9704163817442236,0.0,0.0,0.0,11,176,48,0,3.2448768615722656,0.00025,20000
2026-03-17T09:45:49.374494,16,291,0.0,3.700000000000014,0.9704163817442236,0.0,0.0,0.0,5,157,48,7,4.670381546020508,0.00025,20000
2026-03-17T09:45:50.038356,16,301,-0.1,3.3000000000000136,0.9704163817442236,0.0,0.0,0.0,1,173,48,11,3.3240318298339844,0.00025,20000
2026-03-17T09:45:50.705032,16,311,0.0,3.2000000000000135,0.9704163817442236,0.0,0.0,0.0,0,173,48,7,4.254817962646484,0.00025,20000
2026-03-17T09:45:51.370954,16,321,0.0,3.2000000000000135,0.9704163817442236,0.0,0.0,0.0,0,130,48,3,3.6160945892333984,0.00025,20000
2026-03-17T09:45:52.036392,16,331,0.0,3.5000000000000138,0.9704163817442236,0.0,0.0,0.0,3,157,48,8,5.177974700927734,0.00025,20000
2026-03-17T09:45:52.703953,16,341,0.0,3.2000000000000135,0.9704163817442236,0.0,0.0,0.0,0,160,48,3,5.542993545532227,0.00025,20000
2026-03-17T09:45:53.367420,16,351,0.0,3.3000000000000136,0.9704163817442236,0.0,0.0,0.0,1,160,48,3,3.989696502685547,0.00025,20000
2026-03-17T09:45:54.032459,16,361,0.0,3.5000000000000138,0.9704163817442236,0.0,0.0,0.0,3,145,48,5,3.5889148712158203,0.00025,20000
2026-03-17T09:45:54.698002,16,371,0.0,3.4000000000000137,0.9704163817442236,0.0,0.0,0.0,2,147,48,2,4.227638244628906,0.00025,20000
2026-03-17T09:45:55.364225,16,381,0.0,3.2000000000000135,0.9704163817442236,0.0,0.0,0.0,0,128,48,11,4.754543304443359,0.00025,20000
2026-03-17T09:45:56.029739,16,391,0.0,3.2000000000000135,0.9704163817442236,0.0,0.0,0.0,0,157,48,6,3.8995742797851562,0.00025,20000
2026-03-17T09:45:56.696152,16,401,0.0,3.700000000000014,0.9704163817442236,0.0,0.0,0.0,5,140,48,10,4.578590393066406,0.00025,20000
2026-03-17T09:45:57.361849,16,411,0.0,3.700000000000014,0.9704163817442236,0.0,0.0,0.0,5,135,48,10,5.786418914794922,0.00025,20000
2026-03-17T09:45:58.029033,16,421,0.1,3.800000000000014,0.9704163817442236,0.0,0.0,0.0,6,147,48,1,6.089448928833008,0.00025,20000
2026-03-17T09:45:58.694826,16,431,0.0,3.700000000000014,0.9704163817442236,0.0,0.0,0.0,5,157,48,1,6.557703018188477,0.00025,20000
2026-03-17T09:45:59.358255,16,441,0.0,3.4000000000000137,0.9704163817442236,0.0,0.0,0.0,2,152,48,0,4.297018051147461,0.00025,20000
2026-03-17T09:46:00.024655,16,451,0.1,4.100000000000014,0.9704163817442236,0.0,0.0,0.0,9,123,48,9,5.979299545288086,0.00025,20000
2026-03-17T09:46:00.691057,16,461,0.1,7.600000000000001,0.9704163817442236,0.0,0.0,0.0,44,176,48,8,6.151437759399414,0.00025,20000
2026-03-17T09:46:01.355414,16,471,0.0,7.200000000000003,0.9704163817442236,0.0,0.0,0.0,40,176,48,4,4.727363586425781,0.00025,20000
2026-03-17T09:46:02.565830,17,3,0.0,2.0,0.9684755489807352,0.0,0.0,0.0,42,147,42,4,1.4691352844238281,0.00025,20000
2026-03-17T09:46:03.232837,17,13,0.0,9.500000000000002,0.9684755489807352,0.0,0.0,0.0,45,157,50,10,1.3015270233154297,0.00025,20000
2026-03-17T09:46:03.898348,17,23,-0.1,6.100000000000014,0.9684755489807352,0.0,0.0,0.0,11,128,50,9,1.8150806427001953,0.00025,20000
2026-03-17T09:46:04.562164,17,33,0.1,5.400000000000016,0.9684755489807352,0.0,0.0,0.0,4,145,50,0,0.9953975677490234,0.00025,20000
2026-03-17T09:46:05.229068,17,43,0.0,6.600000000000012,0.9684755489807352,0.0,0.0,0.0,16,157,50,2,2.667665481567383,0.00025,20000
2026-03-17T09:46:05.895397,17,53,-0.1,6.400000000000013,0.9684755489807352,0.0,0.0,0.0,14,123,50,6,2.9058456420898438,0.00025,20000
2026-03-17T09:46:06.562201,17,63,-0.1,6.000000000000014,0.9684755489807352,0.0,0.0,0.0,10,136,50,1,3.559589385986328,0.00025,20000
2026-03-17T09:46:07.228058,17,73,0.0,6.600000000000012,0.9684755489807352,0.0,0.0,0.0,16,145,50,0,3.855466842651367,0.00025,20000
2026-03-17T09:46:07.893863,17,83,-0.1,5.100000000000017,0.9684755489807352,0.0,0.0,0.0,1,173,50,5,4.662752151489258,0.00025,20000
2026-03-17T09:46:08.560688,17,93,0.0,5.700000000000015,0.9684755489807352,0.0,0.0,0.0,7,176,50,8,5.35130500793457,0.00025,20000
2026-03-17T09:46:09.226018,17,103,0.0,5.400000000000016,0.9684755489807352,0.0,0.0,0.0,4,176,50,2,5.329370498657227,0.00025,20000
2026-03-17T09:46:09.891331,17,113,0.0,5.100000000000017,0.9684755489807352,0.0,0.0,0.0,1,160,50,11,5.379438400268555,0.00025,20000
2026-03-17T09:46:10.558579,17,123,0.1,6.700000000000012,0.9684755489807352,0.0,0.0,0.0,17,145,50,5,6.748437881469727,0.00025,20000
2026-03-17T09:46:11.220101,17,133,-0.1,6.600000000000012,0.9684755489807352,0.0,0.0,0.0,16,128,50,5,3.470182418823242,0.00025,20000
2026-03-17T09:46:11.889257,17,143,-0.1,5.800000000000015,0.9684755489807352,0.0,0.0,0.0,8,145,50,5,6.192445755004883,0.00025,20000
2026-03-17T09:46:12.554289,17,153,0.0,5.900000000000015,0.9684755489807352,0.0,0.0,0.0,9,140,50,0,6.891727447509766,0.00025,20000
2026-03-17T09:46:13.219139,17,163,0.0,5.700000000000015,0.9684755489807352,0.0,0.0,0.0,7,153,50,7,4.700660705566406,0.00025,20000
2026-03-17T09:46:13.886222,17,173,0.0,5.800000000000015,0.9684755489807352,0.0,0.0,0.0,8,168,50,1,6.22105598449707,0.00025,20000
2026-03-17T09:46:14.549687,17,183,0.0,6.500000000000012,0.9684755489807352,0.0,0.0,0.0,15,176,50,1,4.890203475952148,0.00025,20000
2026-03-17T09:46:15.215914,17,193,0.0,5.200000000000017,0.9684755489807352,0.0,0.0,0.0,2,176,50,6,5.455970764160156,0.00025,20000
2026-03-17T09:46:15.880512,17,203,0.0,5.200000000000017,0.9684755489807352,0.0,0.0,0.0,2,176,50,2,5.871057510375977,0.00025,20000
2026-03-17T09:46:16.549394,17,213,0.0,5.300000000000017,0.9684755489807352,0.0,0.0,0.0,3,176,50,5,8.544921875,0.00025,20000
2026-03-17T09:46:17.211912,17,223,0.0,5.400000000000016,0.9684755489807352,0.0,0.0,0.0,4,147,50,9,4.14586067199707,0.00025,20000
2026-03-17T09:46:17.875857,17,233,0.1,6.100000000000014,0.9684755489807352,0.0,0.0,0.0,11,176,50,7,4.21905517578125,0.00025,20000
2026-03-17T09:46:18.545953,17,243,0.1,8.600000000000005,0.9684755489807352,0.0,0.0,0.0,36,165,50,7,7.0400238037109375,0.00025,20000
2026-03-17T09:46:19.209162,17,253,1.0,13.0,0.9684755489807352,0.0,0.0,0.0,53,168,53,1,3.912687301635742,0.00025,20000
2026-03-17T09:46:19.873785,17,263,0.0,41.0,0.9684755489807352,0.0,0.0,0.0,81,176,81,2,5.088567733764648,0.00025,20000
2026-03-17T09:46:20.539526,17,273,0.0,40.59999999999998,0.9684755489807352,0.0,0.0,0.0,68,176,82,10,4.4078826904296875,0.00025,20000
2026-03-17T09:46:21.208536,17,283,0.0,40.49999999999998,0.9684755489807352,0.0,0.0,0.0,67,160,82,1,7.310390472412109,0.00025,20000
2026-03-17T09:46:21.869736,17,293,0.0,41.19999999999999,0.9684755489807352,0.0,0.0,0.0,74,149,82,11,4.5108795166015625,0.00025,20000
2026-03-17T09:46:22.534393,17,303,1.0,65.0,0.9684755489807352,0.0,0.0,0.0,105,135,105,7,3.843545913696289,0.00025,20000
2026-03-17T09:46:23.199793,17,313,1.0,107.0,0.9684755489807352,0.0,0.0,0.0,147,176,147,1,3.339529037475586,0.00025,20000
2026-03-17T09:46:23.866004,17,323,1.0,153.0,0.9684755489807352,0.0,0.0,0.0,193,173,193,2,4.464626312255859,0.00025,20000
2026-03-17T09:46:24.535474,17,333,0.0,184.8,0.9684755489807352,0.0,0.0,0.0,223,176,225,7,6.64067268371582,0.00025,20000
2026-03-17T09:46:25.199123,17,343,0.0,185.0,0.9684755489807352,0.0,0.0,0.0,225,152,225,9,4.997014999389648,0.00025,20000
2026-03-17T09:46:25.863679,17,353,0.0,186.10000000000005,0.9684755489807352,0.0,0.0,0.0,218,168,227,8,4.843235015869141,0.00025,20000
2026-03-17T09:46:26.530839,17,363,1.0,195.0,0.9684755489807352,0.0,0.0,0.0,235,176,235,8,6.440639495849609,0.00025,20000
2026-03-17T09:46:27.825474,18,9,1.0,6.0,0.9665385978827737,0.0,0.0,0.0,46,176,46,4,2.8035640716552734,0.00025,20000
2026-03-17T09:46:28.490299,18,19,0.0,12.0,0.9665385978827737,0.0,0.0,0.0,52,176,52,4,1.5208721160888672,0.00025,20000
2026-03-17T09:46:29.156716,18,29,1.0,35.0,0.9665385978827737,0.0,0.0,0.0,75,176,75,11,1.9233226776123047,0.00025,20000
2026-03-17T09:46:29.821623,18,39,0.0,41.39999999999999,0.9665385978827737,0.0,0.0,0.0,76,157,82,6,1.7147064208984375,0.00025,20000
2026-03-17T09:46:30.488366,18,49,0.0,39.79999999999997,0.9665385978827737,0.0,0.0,0.0,60,168,82,0,3.0269622802734375,0.00025,20000
2026-03-17T09:46:31.156087,18,59,0.0,38.49999999999995,0.9665385978827737,0.0,0.0,0.0,47,176,82,6,4.537343978881836,0.00025,20000
2026-03-17T09:46:31.820987,18,69,0.0,38.099999999999945,0.9665385978827737,0.0,0.0,0.0,43,163,82,3,4.703283309936523,0.00025,20000
2026-03-17T09:46:32.487595,18,79,0.0,37.89999999999994,0.9665385978827737,0.0,0.0,0.0,41,148,82,8,4.852771759033203,0.00025,20000
2026-03-17T09:46:33.150888,18,89,0.1,37.59999999999994,0.9665385978827737,0.0,0.0,0.0,38,176,82,4,3.976583480834961,0.00025,20000
2026-03-17T09:46:33.820845,18,99,0.0,37.59999999999994,0.9665385978827737,0.0,0.0,0.0,38,163,82,6,7.624387741088867,0.00025,20000
2026-03-17T09:46:34.485224,18,109,0.0,37.99999999999994,0.9665385978827737,0.0,0.0,0.0,42,160,82,6,7.396459579467773,0.00025,20000
2026-03-17T09:46:35.146804,18,119,0.0,37.69999999999994,0.9665385978827737,0.0,0.0,0.0,39,147,82,2,3.4961700439453125,0.00025,20000
2026-03-17T09:46:35.816414,18,129,-0.1,36.89999999999993,0.9665385978827737,0.0,0.0,0.0,31,147,82,5,6.631612777709961,0.00025,20000
2026-03-17T09:46:36.479602,18,139,-0.1,34.29999999999989,0.9665385978827737,0.0,0.0,0.0,5,145,82,4,4.472494125366211,0.00025,20000
2026-03-17T09:46:37.146577,18,149,0.1,34.19999999999989,0.9665385978827737,0.0,0.0,0.0,4,128,82,3,4.812955856323242,0.00025,20000
2026-03-17T09:46:37.813035,18,159,0.0,35.49999999999991,0.9665385978827737,0.0,0.0,0.0,17,147,82,7,5.916118621826172,0.00025,20000
2026-03-17T09:46:38.494024,18,169,0.0,35.299999999999905,0.9665385978827737,0.0,0.0,0.0,15,157,82,4,6.398677825927734,0.00025,20000
2026-03-17T09:46:39.158890,18,179,0.1,35.79999999999991,0.9665385978827737,0.0,0.0,0.0,20,136,82,6,4.860162734985352,0.00025,20000
2026-03-17T09:46:39.823598,18,189,0.0,36.099999999999916,0.9665385978827737,0.0,0.0,0.0,23,138,82,7,3.785848617553711,0.00025,20000
2026-03-17T09:46:40.490655,18,199,0.1,36.49999999999992,0.9665385978827737,0.0,0.0,0.0,27,147,82,11,4.778861999511719,0.00025,20000
2026-03-17T09:46:41.153073,18,209,0.0,35.59999999999991,0.9665385978827737,0.0,0.0,0.0,18,140,82,6,3.5219192504882812,0.00025,20000
2026-03-17T09:46:41.820637,18,219,0.0,35.49999999999991,0.9665385978827737,0.0,0.0,0.0,17,173,82,1,4.426479339599609,0.00025,20000
2026-03-17T09:46:42.487824,18,229,0.0,35.59999999999991,0.9665385978827737,0.0,0.0,0.0,18,157,82,1,5.353689193725586,0.00025,20000
2026-03-17T09:46:43.151978,18,239,-0.1,35.399999999999906,0.9665385978827737,0.0,0.0,0.0,16,157,82,2,4.805326461791992,0.00025,20000
2026-03-17T09:46:43.818753,18,249,0.0,34.49999999999989,0.9665385978827737,0.0,0.0,0.0,7,176,82,11,6.513833999633789,0.00025,20000
2026-03-17T09:46:44.481374,18,259,0.0,34.7999999999999,0.9665385978827737,0.0,0.0,0.0,10,160,82,1,3.851175308227539,0.00025,20000
2026-03-17T09:46:45.146815,18,269,0.0,37.499999999999936,0.9665385978827737,0.0,0.0,0.0,37,176,82,9,4.109859466552734,0.00025,20000
2026-03-17T09:46:45.813005,18,279,0.0,39.599999999999966,0.9665385978827737,0.0,0.0,0.0,58,147,82,1,3.8738250732421875,0.00025,20000
2026-03-17T09:46:46.477515,18,289,0.1,40.39999999999998,0.9665385978827737,0.0,0.0,0.0,66,176,82,5,4.073858261108398,0.00025,20000
2026-03-17T09:46:47.145340,18,299,0.0,41.8,0.9665385978827737,0.0,0.0,0.0,80,176,82,3,3.5729408264160156,0.00025,20000
2026-03-17T09:46:47.809136,18,309,0.0,41.699999999999996,0.9665385978827737,0.0,0.0,0.0,79,176,82,6,4.049539566040039,0.00025,20000
2026-03-17T09:46:48.476294,18,319,0.0,41.29999999999999,0.9665385978827737,0.0,0.0,0.0,75,165,82,10,5.65648078918457,0.00025,20000
2026-03-17T09:46:49.139092,18,329,0.0,38.799999999999955,0.9665385978827737,0.0,0.0,0.0,50,176,82,7,3.3991336822509766,0.00025,20000
2026-03-17T09:46:49.808798,18,339,0.0,39.29999999999996,0.9665385978827737,0.0,0.0,0.0,55,147,82,6,6.894826889038086,0.00025,20000
2026-03-17T09:46:50.470180,18,349,0.0,39.19999999999996,0.9665385978827737,0.0,0.0,0.0,54,138,82,10,3.0641555786132812,0.00025,20000
2026-03-17T09:46:51.134609,18,359,-0.1,35.89999999999991,0.9665385978827737,0.0,0.0,0.0,21,157,82,4,2.157926559448242,0.00025,20000
2026-03-17T09:46:51.802935,18,369,0.1,34.8999999999999,0.9665385978827737,0.0,0.0,0.0,11,173,82,9,4.167079925537109,0.00025,20000
2026-03-17T09:46:52.467949,18,379,0.1,37.29999999999993,0.9665385978827737,0.0,0.0,0.0,35,176,82,2,3.729104995727539,0.00025,20000
2026-03-17T09:46:53.135072,18,389,0.0,35.89999999999991,0.9665385978827737,0.0,0.0,0.0,21,160,82,2,5.7277679443359375,0.00025,20000
2026-03-17T09:46:53.801167,18,399,0.0,33.999999999999886,0.9665385978827737,0.0,0.0,0.0,2,160,82,5,5.132198333740234,0.00025,20000
2026-03-17T09:46:54.466033,18,409,0.0,34.09999999999989,0.9665385978827737,0.0,0.0,0.0,3,145,82,1,5.900859832763672,0.00025,20000
2026-03-17T09:46:55.133512,18,419,0.0,35.0999999999999,0.9665385978827737,0.0,0.0,0.0,13,176,82,10,7.31658935546875,0.00025,20000
2026-03-17T09:46:55.795970,18,429,0.0,34.19999999999989,0.9665385978827737,0.0,0.0,0.0,4,176,82,6,4.402875900268555,0.00025,20000
2026-03-17T09:46:56.461770,18,439,-0.1,34.699999999999896,0.9665385978827737,0.0,0.0,0.0,9,176,82,3,4.313468933105469,0.00025,20000
2026-03-17T09:46:57.125947,18,449,0.0,33.999999999999886,0.9665385978827737,0.0,0.0,0.0,2,149,82,5,3.386259078979492,0.00025,20000
2026-03-17T09:46:57.793832,18,459,0.0,34.29999999999989,0.9665385978827737,0.0,0.0,0.0,5,128,82,10,3.9598941802978516,0.00025,20000
2026-03-17T09:46:58.458434,18,469,0.0,34.599999999999895,0.9665385978827737,0.0,0.0,0.0,8,138,82,2,3.8404464721679688,0.00025,20000
2026-03-17T09:46:59.125046,18,479,0.0,34.19999999999989,0.9665385978827737,0.0,0.0,0.0,4,138,82,9,5.4473876953125,0.00025,20000
2026-03-17T09:46:59.806617,18,489,0.1,34.8999999999999,0.9665385978827737,0.0,0.0,0.0,11,145,82,3,5.338907241821289,0.00025,20000
2026-03-17T09:47:00.474840,18,499,-0.1,34.7999999999999,0.9665385978827737,0.0,0.0,0.0,10,147,82,3,5.68842887878418,0.00025,20000
2026-03-17T09:47:01.140611,18,509,0.0,34.29999999999989,0.9665385978827737,0.0,0.0,0.0,5,176,82,0,7.872343063354492,0.00025,20000
2026-03-17T09:47:01.807450,18,519,0.1,34.599999999999895,0.9665385978827737,0.0,0.0,0.0,8,149,82,6,8.258819580078125,0.00025,20000
2026-03-17T09:47:02.467812,18,529,0.0,34.9999999999999,0.9665385978827737,0.0,0.0,0.0,12,135,82,6,3.57818603515625,0.00025,20000
2026-03-17T09:47:03.134287,18,539,0.0,34.599999999999895,0.9665385978827737,0.0,0.0,0.0,8,136,82,10,3.281116485595703,0.00025,20000
2026-03-17T09:47:03.797352,18,549,0.1,34.19999999999989,0.9665385978827737,0.0,0.0,0.0,4,145,82,0,1.8966197967529297,0.00025,20000
2026-03-17T09:47:04.466321,18,559,0.0,34.599999999999895,0.9665385978827737,0.0,0.0,0.0,8,176,82,8,4.790067672729492,0.00025,20000
2026-03-17T09:47:05.131536,18,569,0.0,34.29999999999989,0.9665385978827737,0.0,0.0,0.0,5,168,82,11,4.695653915405273,0.00025,20000
2026-03-17T09:47:05.797400,18,579,0.1,36.29999999999992,0.9665385978827737,0.0,0.0,0.0,25,176,82,4,5.622148513793945,0.00025,20000
2026-03-17T09:47:06.463367,18,589,0.1,40.59999999999998,0.9665385978827737,0.0,0.0,0.0,68,137,82,0,5.901813507080078,0.00025,20000
2026-03-17T09:47:07.130371,18,599,1.0,82.0,0.9665385978827737,0.0,0.0,0.0,122,138,122,8,7.834434509277344,0.00025,20000
2026-03-17T09:47:07.791992,18,609,1.0,131.0,0.9665385978827737,0.0,0.0,0.0,171,143,171,5,3.7589073181152344,0.00025,20000
2026-03-17T09:47:08.458470,18,619,0.0,155.0,0.9665385978827737,0.0,0.0,0.0,195,176,195,9,3.587961196899414,0.00025,20000
2026-03-17T09:47:09.123705,18,629,0.0,167.0,0.9665385978827737,0.0,0.0,0.0,207,160,207,0,3.941774368286133,0.00025,20000
2026-03-17T09:47:09.789669,18,639,0.0,176.0,0.9665385978827737,0.0,0.0,0.0,216,145,216,1,4.199981689453125,0.00025,20000
2026-03-17T09:47:10.456647,18,649,-0.1,181.10000000000005,0.9665385978827737,0.0,0.0,0.0,213,147,222,8,4.656553268432617,0.00025,20000
2026-03-17T09:47:11.122146,18,659,0.0,180.50000000000009,0.9665385978827737,0.0,0.0,0.0,207,176,222,5,3.453969955444336,0.00025,20000
2026-03-17T09:47:11.785528,18,669,0.0,180.90000000000006,0.9665385978827737,0.0,0.0,0.0,211,149,222,0,3.972291946411133,0.00025,20000
2026-03-17T09:47:12.451751,18,679,0.0,181.00000000000006,0.9665385978827737,0.0,0.0,0.0,212,176,222,6,4.993677139282227,0.00025,20000
2026-03-17T09:47:13.117859,18,689,0.0,180.60000000000008,0.9665385978827737,0.0,0.0,0.0,208,173,222,8,4.168510437011719,0.00025,20000
2026-03-17T09:47:13.781710,18,699,-0.1,179.60000000000014,0.9665385978827737,0.0,0.0,0.0,198,176,222,0,3.175020217895508,0.00025,20000
2026-03-17T09:47:14.452275,18,709,0.1,179.00000000000017,0.9665385978827737,0.0,0.0,0.0,192,176,222,4,8.472442626953125,0.00025,20000
2026-03-17T09:47:15.114925,18,719,0.0,179.00000000000017,0.9665385978827737,0.0,0.0,0.0,192,160,222,3,5.013465881347656,0.00025,20000
2026-03-17T09:47:15.781193,18,729,-0.1,177.90000000000023,0.9665385978827737,0.0,0.0,0.0,181,147,222,5,5.756378173828125,0.00025,20000
2026-03-17T09:47:16.444678,18,739,-0.1,175.40000000000038,0.9665385978827737,0.0,0.0,0.0,156,145,222,0,3.5982131958007812,0.00025,20000
2026-03-17T09:47:17.112951,18,749,0.0,172.90000000000052,0.9665385978827737,0.0,0.0,0.0,131,147,222,6,5.659341812133789,0.00025,20000
2026-03-17T09:47:17.778103,18,759,0.0,173.2000000000005,0.9665385978827737,0.0,0.0,0.0,134,173,222,3,5.919456481933594,0.00025,20000
2026-03-17T09:47:18.443030,18,769,0.0,173.0000000000005,0.9665385978827737,0.0,0.0,0.0,132,176,222,0,6.011962890625,0.00025,20000
2026-03-17T09:47:19.107392,18,779,0.0,173.3000000000005,0.9665385978827737,0.0,0.0,0.0,135,176,222,9,3.8051605224609375,0.00025,20000
2026-03-17T09:47:19.773090,18,789,0.0,173.80000000000047,0.9665385978827737,0.0,0.0,0.0,140,160,222,2,4.056692123413086,0.00025,20000
2026-03-17T09:47:20.435679,18,799,0.0,173.0000000000005,0.9665385978827737,0.0,0.0,0.0,132,145,222,11,2.1593570709228516,0.00025,20000
2026-03-17T09:47:21.102957,18,809,0.0,173.70000000000047,0.9665385978827737,0.0,0.0,0.0,139,152,222,8,3.515005111694336,0.00025,20000
2026-03-17T09:47:21.771380,18,819,0.1,174.40000000000043,0.9665385978827737,0.0,0.0,0.0,146,160,222,4,6.315946578979492,0.00025,20000
2026-03-17T09:47:22.434890,18,829,0.1,177.80000000000024,0.9665385978827737,0.0,0.0,0.0,180,160,222,2,3.635406494140625,0.00025,20000
2026-03-17T09:47:23.103212,18,839,0.1,180.70000000000007,0.9665385978827737,0.0,0.0,0.0,209,136,222,11,6.759881973266602,0.00025,20000
2026-03-17T09:47:23.765798,18,849,0.0,187.0,0.9665385978827737,0.0,0.0,0.0,227,176,227,2,3.988981246948242,0.00025,20000
2026-03-17T09:47:24.435596,18,859,0.0,186.8,0.9665385978827737,0.0,0.0,0.0,225,149,227,11,6.70933723449707,0.00025,20000
2026-03-17T09:47:25.097066,18,869,0.0,194.50000000000003,0.9665385978827737,0.0,0.0,0.0,230,147,235,0,3.6301612854003906,0.00025,20000
2026-03-17T09:47:25.766345,18,879,-0.1,192.10000000000016,0.9665385978827737,0.0,0.0,0.0,206,176,235,3,6.536006927490234,0.00025,20000
2026-03-17T09:47:26.432257,18,889,-0.1,189.9000000000003,0.9665385978827737,0.0,0.0,0.0,184,176,235,5,7.167577743530273,0.00025,20000
2026-03-17T09:47:27.095371,18,899,0.0,189.9000000000003,0.9665385978827737,0.0,0.0,0.0,184,176,235,2,5.125522613525391,0.00025,20000
2026-03-17T09:47:27.759794,18,909,-0.1,188.2000000000004,0.9665385978827737,0.0,0.0,0.0,167,160,235,10,4.169464111328125,0.00025,20000
2026-03-17T09:47:28.427489,18,919,0.0,187.40000000000043,0.9665385978827737,0.0,0.0,0.0,159,176,235,1,6.463050842285156,0.00025,20000
2026-03-17T09:47:29.093590,18,929,0.0,187.60000000000042,0.9665385978827737,0.0,0.0,0.0,161,173,235,5,6.365060806274414,0.00025,20000
2026-03-17T09:47:29.760569,18,939,0.1,187.8000000000004,0.9665385978827737,0.0,0.0,0.0,163,176,235,5,8.288145065307617,0.00025,20000
2026-03-17T09:47:30.423897,18,949,0.0,190.00000000000028,0.9665385978827737,0.0,0.0,0.0,185,149,235,3,5.513191223144531,0.00025,20000
2026-03-17T09:47:31.089614,18,959,-0.1,189.9000000000003,0.9665385978827737,0.0,0.0,0.0,184,147,235,6,6.294727325439453,0.00025,20000
2026-03-17T09:47:31.753410,18,969,0.0,187.20000000000044,0.9665385978827737,0.0,0.0,0.0,157,176,235,8,3.985166549682617,0.00025,20000
2026-03-17T09:47:32.418454,18,979,0.1,189.9000000000003,0.9665385978827737,0.0,0.0,0.0,184,148,235,3,4.485607147216797,0.00025,20000
2026-03-17T09:47:33.082765,18,989,0.2,193.80000000000007,0.9665385978827737,0.0,0.0,0.0,223,140,235,5,3.467559814453125,0.00025,20000
2026-03-17T09:47:33.750303,18,999,1.0,229.0,0.9665385978827737,0.0,0.0,0.0,269,142,269,3,4.929780960083008,0.00025,20000
2026-03-17T09:47:34.416806,18,1009,1.0,239.0,0.9665385978827737,0.0,0.0,0.0,279,127,279,3,6.354570388793945,0.00025,20000
2026-03-17T09:47:35.083287,18,1019,0.0,240.0,0.9665385978827737,0.0,0.0,0.0,280,176,280,5,6.415128707885742,0.00025,20000
2026-03-17T09:47:35.744744,18,1029,0.1,239.60000000000002,0.9665385978827737,0.0,0.0,0.0,276,176,280,4,3.2308101654052734,0.00025,20000
2026-03-17T09:47:36.412182,18,1039,-0.1,252.8,0.9665385978827737,0.0,0.0,0.0,291,176,293,2,4.3487548828125,0.00025,20000
2026-03-17T09:47:37.079913,18,1049,0.0,251.50000000000009,0.9665385978827737,0.0,0.0,0.0,278,152,293,5,6.747722625732422,0.00025,20000
2026-03-17T09:47:37.743362,18,1059,-0.1,250.60000000000014,0.9665385978827737,0.0,0.0,0.0,269,165,293,4,4.892587661743164,0.00025,20000
2026-03-17T09:47:38.409705,18,1069,0.0,249.7000000000002,0.9665385978827737,0.0,0.0,0.0,260,173,293,0,5.709409713745117,0.00025,20000
2026-03-17T09:47:39.074455,18,1079,0.0,248.80000000000024,0.9665385978827737,0.0,0.0,0.0,251,176,293,4,4.590749740600586,0.00025,20000
2026-03-17T09:47:39.740169,18,1089,0.1,249.6000000000002,0.9665385978827737,0.0,0.0,0.0,259,146,293,8,3.994464874267578,0.00025,20000
2026-03-17T09:47:40.407527,18,1099,-0.1,247.20000000000033,0.9665385978827737,0.0,0.0,0.0,235,152,293,8,6.978034973144531,0.00025,20000
2026-03-17T09:47:41.072761,18,1109,0.1,245.30000000000044,0.9665385978827737,0.0,0.0,0.0,216,154,293,5,6.958484649658203,0.00025,20000
2026-03-17T09:47:41.735536,18,1119,0.0,245.50000000000043,0.9665385978827737,0.0,0.0,0.0,218,128,293,11,3.594636917114258,0.00025,20000
2026-03-17T09:47:42.400120,18,1129,0.0,246.0000000000004,0.9665385978827737,0.0,0.0,0.0,223,176,293,3,2.9921531677246094,0.00025,20000
2026-03-17T09:47:43.067392,18,1139,0.1,246.30000000000038,0.9665385978827737,0.0,0.0,0.0,226,176,293,2,4.317045211791992,0.00025,20000
2026-03-17T09:47:43.734947,18,1149,0.0,245.00000000000045,0.9665385978827737,0.0,0.0,0.0,213,176,293,10,4.914283752441406,0.00025,20000
2026-03-17T09:47:44.397928,18,1159,0.0,246.60000000000036,0.9665385978827737,0.0,0.0,0.0,229,176,293,3,4.38380241394043,0.00025,20000
2026-03-17T09:47:45.063403,18,1169,0.0,246.90000000000035,0.9665385978827737,0.0,0.0,0.0,232,168,293,0,4.388093948364258,0.00025,20000
2026-03-17T09:47:45.731178,18,1179,-0.1,245.8000000000004,0.9665385978827737,0.0,0.0,0.0,221,146,293,9,5.662441253662109,0.00025,20000
2026-03-17T09:47:46.394030,18,1189,0.0,245.8000000000004,0.9665385978827737,0.0,0.0,0.0,221,165,293,11,3.5009384155273438,0.00025,20000
2026-03-17T09:47:47.061181,18,1199,0.0,245.8000000000004,0.9665385978827737,0.0,0.0,0.0,221,149,293,8,4.718542098999023,0.00025,20000
2026-03-17T09:47:47.728960,18,1209,0.0,245.10000000000045,0.9665385978827737,0.0,0.0,0.0,214,135,293,1,6.670475006103516,0.00025,20000
2026-03-17T09:47:48.389927,18,1219,0.0,245.50000000000043,0.9665385978827737,0.0,0.0,0.0,218,157,293,1,1.6989707946777344,0.00025,20000
2026-03-17T09:47:49.057109,18,1229,0.0,245.00000000000045,0.9665385978827737,0.0,0.0,0.0,213,176,293,5,3.8836002349853516,0.00025,20000
2026-03-17T09:47:49.723445,18,1239,0.0,246.2000000000004,0.9665385978827737,0.0,0.0,0.0,225,176,293,8,4.556894302368164,0.00025,20000
2026-03-17T09:47:50.389368,18,1249,0.0,245.30000000000044,0.9665385978827737,0.0,0.0,0.0,216,160,293,3,4.39000129699707,0.00025,20000
2026-03-17T09:47:51.056947,18,1259,0.1,246.60000000000036,0.9665385978827737,0.0,0.0,0.0,229,138,293,5,5.239248275756836,0.00025,20000
2026-03-17T09:47:51.720449,18,1269,-0.1,247.5000000000003,0.9665385978827737,0.0,0.0,0.0,238,157,293,6,5.290746688842773,0.00025,20000
2026-03-17T09:47:52.387524,18,1279,0.0,245.9000000000004,0.9665385978827737,0.0,0.0,0.0,222,176,293,1,5.64885139465332,0.00025,20000
2026-03-17T09:47:53.050711,18,1289,0.0,246.60000000000036,0.9665385978827737,0.0,0.0,0.0,229,176,293,2,3.5550594329833984,0.00025,20000
2026-03-17T09:47:53.715751,18,1299,0.0,246.1000000000004,0.9665385978827737,0.0,0.0,0.0,224,176,293,4,4.127025604248047,0.00025,20000
2026-03-17T09:47:54.382519,18,1309,0.0,245.60000000000042,0.9665385978827737,0.0,0.0,0.0,219,176,293,9,3.901243209838867,0.00025,20000
2026-03-17T09:47:55.048259,18,1319,0.1,247.5000000000003,0.9665385978827737,0.0,0.0,0.0,238,176,293,1,5.2776336669921875,0.00025,20000
2026-03-17T09:47:55.712156,18,1329,0.2,252.00000000000006,0.9665385978827737,0.0,0.0,0.0,283,148,293,8,3.4995079040527344,0.00025,20000
2026-03-17T09:47:56.379238,18,1339,1.0,282.9,0.9665385978827737,0.0,0.0,0.0,323,153,323,11,4.642724990844727,0.00025,20000
2026-03-17T09:47:57.044841,18,1349,0.0,311.9,0.9665385978827737,0.0,0.0,0.0,352,160,352,2,3.9763450622558594,0.00025,20000
2026-03-17T09:47:57.709794,18,1359,0.0,311.0999999999998,0.9665385978827737,0.0,0.0,0.0,344,147,352,9,5.158662796020508,0.00025,20000
2026-03-17T09:47:58.374889,18,1369,-0.1,309.8999999999995,0.9665385978827737,0.0,0.0,0.0,332,159,352,8,3.549814224243164,0.00025,20000
2026-03-17T09:47:59.040361,18,1379,-0.1,306.0999999999987,0.9665385978827737,0.0,0.0,0.0,294,176,352,9,3.4813880920410156,0.00025,20000
2026-03-17T09:47:59.705081,18,1389,0.0,303.7999999999982,0.9665385978827737,0.0,0.0,0.0,271,136,352,3,3.3636093139648438,0.00025,20000
2026-03-17T09:48:00.373605,18,1399,0.0,304.2999999999983,0.9665385978827737,0.0,0.0,0.0,276,176,352,11,5.895376205444336,0.00025,20000
2026-03-17T09:48:01.036765,18,1409,0.0,304.89999999999844,0.9665385978827737,0.0,0.0,0.0,282,176,352,2,4.247903823852539,0.00025,20000
2026-03-17T09:48:01.702784,18,1419,0.0,303.8999999999982,0.9665385978827737,0.0,0.0,0.0,272,146,352,11,4.126310348510742,0.00025,20000
2026-03-17T09:48:02.371028,18,1429,0.0,303.8999999999982,0.9665385978827737,0.0,0.0,0.0,272,127,352,8,5.600690841674805,0.00025,20000
2026-03-17T09:48:03.035690,18,1439,0.0,304.2999999999983,0.9665385978827737,0.0,0.0,0.0,276,176,352,11,6.192207336425781,0.00025,20000
2026-03-17T09:48:03.698424,18,1449,0.0,304.2999999999983,0.9665385978827737,0.0,0.0,0.0,276,176,352,6,3.8700103759765625,0.00025,20000
2026-03-17T09:48:04.369392,18,1459,0.0,303.99999999999824,0.9665385978827737,0.0,0.0,0.0,273,173,352,4,6.099224090576172,0.00025,20000
2026-03-17T09:48:05.031663,18,1469,0.0,304.2999999999983,0.9665385978827737,0.0,0.0,0.0,276,157,352,5,5.370616912841797,0.00025,20000
2026-03-17T09:48:05.698060,18,1479,0.0,304.39999999999833,0.9665385978827737,0.0,0.0,0.0,277,176,352,5,6.042242050170898,0.00025,20000
2026-03-17T09:48:06.361673,18,1489,0.0,303.8999999999982,0.9665385978827737,0.0,0.0,0.0,272,149,352,8,4.021644592285156,0.00025,20000
2026-03-17T09:48:07.027699,18,1499,0.0,303.7999999999982,0.9665385978827737,0.0,0.0,0.0,271,145,352,5,4.654407501220703,0.00025,20000
2026-03-17T09:48:07.694414,18,1509,0.0,304.2999999999983,0.9665385978827737,0.0,0.0,0.0,276,160,352,4,5.333423614501953,0.00025,20000
2026-03-17T09:48:08.360001,18,1519,0.0,305.9999999999987,0.9665385978827737,0.0,0.0,0.0,293,160,352,11,4.848957061767578,0.00025,20000
2026-03-17T09:48:09.023366,18,1529,0.0,303.79999999999825,0.9665385978827737,0.0,0.0,0.0,271,149,352,3,3.381490707397461,0.00025,20000
2026-03-17T09:48:09.691980,18,1539,0.0,303.8999999999983,0.9665385978827737,0.0,0.0,0.0,272,138,352,0,6.290674209594727,0.00025,20000
2026-03-17T09:48:10.358464,18,1549,0.0,303.8999999999983,0.9665385978827737,0.0,0.0,0.0,272,160,352,9,6.857156753540039,0.00025,20000
2026-03-17T09:48:11.022906,18,1559,0.2,307.5999999999989,0.9665385978827737,0.0,0.0,0.0,309,176,352,7,5.719184875488281,0.00025,20000
2026-03-17T09:48:11.686535,18,1569,1.0,317.7999999999994,0.9665385978827737,0.0,0.0,0.0,358,154,358,8,3.9834976196289062,0.00025,20000
2026-03-17T09:48:12.353319,18,1579,1.0,357.7999999999994,0.9665385978827737,0.0,0.0,0.0,398,176,398,3,4.303216934204102,0.00025,20000
2026-03-17T09:48:13.020156,18,1589,0.0,369.7999999999994,0.9665385978827737,0.0,0.0,0.0,410,160,410,7,6.384134292602539,0.00025,20000
2026-03-17T09:48:13.684065,18,1599,0.0,370.0999999999992,0.9665385978827737,0.0,0.0,0.0,404,149,411,4,5.341529846191406,0.00025,20000
2026-03-17T09:48:14.350077,18,1609,0.0,369.4999999999991,0.9665385978827737,0.0,0.0,0.0,398,136,411,0,5.6133270263671875,0.00025,20000
2026-03-17T09:48:15.015776,18,1619,0.0,369.4999999999991,0.9665385978827737,0.0,0.0,0.0,398,138,411,3,6.293535232543945,0.00025,20000
2026-03-17T09:48:15.681057,18,1629,0.0,369.8999999999992,0.9665385978827737,0.0,0.0,0.0,402,157,411,5,5.58924674987793,0.00025,20000
2026-03-17T09:48:16.343576,18,1639,0.0,370.19999999999925,0.9665385978827737,0.0,0.0,0.0,405,176,411,6,3.35693359375,0.00025,20000
2026-03-17T09:48:17.010167,18,1649,-0.1,368.49999999999886,0.9665385978827737,0.0,0.0,0.0,388,176,411,7,3.426074981689453,0.00025,20000
2026-03-17T09:48:17.677617,18,1659,0.0,365.19999999999817,0.9665385978827737,0.0,0.0,0.0,355,176,411,10,5.042076110839844,0.00025,20000
2026-03-17T09:48:18.342931,18,1669,0.0,365.2999999999982,0.9665385978827737,0.0,0.0,0.0,356,176,411,8,5.241632461547852,0.00025,20000
2026-03-17T09:48:19.009565,18,1679,0.1,364.8999999999981,0.9665385978827737,0.0,0.0,0.0,352,176,411,6,5.270957946777344,0.00025,20000
2026-03-17T09:48:19.674342,18,1689,0.0,364.7999999999981,0.9665385978827737,0.0,0.0,0.0,351,160,411,0,4.568815231323242,0.00025,20000
2026-03-17T09:48:20.341050,18,1699,0.0,364.7999999999981,0.9665385978827737,0.0,0.0,0.0,351,160,411,11,5.578756332397461,0.00025,20000
2026-03-17T09:48:21.005633,18,1709,0.0,364.69999999999806,0.9665385978827737,0.0,0.0,0.0,350,176,411,8,6.242990493774414,0.00025,20000
2026-03-17T09:48:21.668771,18,1719,0.1,365.59999999999826,0.9665385978827737,0.0,0.0,0.0,359,112,411,2,3.5185813903808594,0.00025,20000
2026-03-17T09:48:22.335559,18,1729,-0.1,364.19999999999794,0.9665385978827737,0.0,0.0,0.0,345,176,411,1,4.099845886230469,0.00025,20000
2026-03-17T09:48:23.001183,18,1739,0.0,365.09999999999815,0.9665385978827737,0.0,0.0,0.0,354,160,411,1,4.2552947998046875,0.00025,20000
2026-03-17T09:48:23.667515,18,1749,0.0,364.7999999999981,0.9665385978827737,0.0,0.0,0.0,351,145,411,7,4.810571670532227,0.00025,20000
2026-03-17T09:48:24.336593,18,1759,0.0,365.09999999999815,0.9665385978827737,0.0,0.0,0.0,354,147,411,4,8.273601531982422,0.00025,20000
2026-03-17T09:48:25.019633,18,1769,0.0,365.19999999999817,0.9665385978827737,0.0,0.0,0.0,355,118,411,9,8.388519287109375,0.00025,20000
2026-03-17T09:48:25.682031,18,1779,0.0,364.7999999999981,0.9665385978827737,0.0,0.0,0.0,351,173,411,2,6.609678268432617,0.00025,20000
2026-03-17T09:48:26.344475,18,1789,0.0,364.19999999999794,0.9665385978827737,0.0,0.0,0.0,345,176,411,4,3.798246383666992,0.00025,20000
2026-03-17T09:48:27.012493,18,1799,0.0,362.89999999999765,0.9665385978827737,0.0,0.0,0.0,332,176,411,1,5.770206451416016,0.00025,20000
2026-03-17T09:48:27.675827,18,1809,0.0,364.29999999999797,0.9665385978827737,0.0,0.0,0.0,346,147,411,4,3.102540969848633,0.00025,20000
2026-03-17T09:48:28.342012,18,1819,0.1,364.59999999999803,0.9665385978827737,0.0,0.0,0.0,349,149,411,2,3.8747787475585938,0.00025,20000
2026-03-17T09:48:29.008434,18,1829,0.0,364.69999999999806,0.9665385978827737,0.0,0.0,0.0,350,145,411,9,4.400968551635742,0.00025,20000
2026-03-17T09:48:29.674560,18,1839,-0.1,365.3999999999982,0.9665385978827737,0.0,0.0,0.0,357,149,411,9,5.21397590637207,0.00025,20000
2026-03-17T09:48:30.339336,18,1849,0.0,365.2999999999982,0.9665385978827737,0.0,0.0,0.0,356,147,411,4,4.869222640991211,0.00025,20000
2026-03-17T09:48:31.006263,18,1859,0.1,364.59999999999803,0.9665385978827737,0.0,0.0,0.0,349,145,411,10,5.74040412902832,0.00025,20000
2026-03-17T09:48:31.673499,18,1869,0.0,364.69999999999806,0.9665385978827737,0.0,0.0,0.0,350,140,411,2,8.401632308959961,0.00025,20000
2026-03-17T09:48:32.338307,18,1879,0.0,364.69999999999806,0.9665385978827737,0.0,0.0,0.0,350,157,411,6,6.846189498901367,0.00025,20000
2026-03-17T09:48:33.004341,18,1889,0.2,366.6999999999983,0.9665385978827737,0.0,0.0,0.0,370,176,411,9,7.212162017822266,0.00025,20000
2026-03-17T09:48:33.668702,18,1899,1.0,393.79999999999825,0.9665385978827737,0.0,0.0,0.0,434,135,434,7,5.05518913269043,0.00025,20000
2026-03-17T09:48:34.330795,18,1909,1.0,447.79999999999825,0.9665385978827737,0.0,0.0,0.0,488,110,488,0,3.251791000366211,0.00025,20000
2026-03-17T09:48:34.997318,18,1919,1.0,506.79999999999825,0.9665385978827737,0.0,0.0,0.0,547,142,547,10,4.175901412963867,0.00025,20000
2026-03-17T09:48:35.665306,18,1929,1.0,552.7999999999982,0.9665385978827737,0.0,0.0,0.0,593,161,593,6,6.033897399902344,0.00025,20000
2026-03-17T09:48:36.329759,18,1939,0.0,553.6999999999982,0.9665385978827737,0.0,0.0,0.0,593,176,594,6,4.221916198730469,0.00025,20000
2026-03-17T09:48:36.995500,18,1949,0.0,553.3999999999982,0.9665385978827737,0.0,0.0,0.0,590,176,594,8,5.794525146484375,0.00025,20000
2026-03-17T09:48:37.659731,18,1959,0.0,551.8999999999978,0.9665385978827737,0.0,0.0,0.0,575,160,594,4,4.3392181396484375,0.00025,20000
2026-03-17T09:48:38.326310,18,1969,0.0,551.0999999999976,0.9665385978827737,0.0,0.0,0.0,567,160,594,5,4.888296127319336,0.00025,20000
2026-03-17T09:48:38.989801,18,1979,0.0,550.2999999999975,0.9665385978827737,0.0,0.0,0.0,559,138,594,10,3.223896026611328,0.00025,20000
2026-03-17T09:48:39.656802,18,1989,0.0,550.2999999999975,0.9665385978827737,0.0,0.0,0.0,559,145,594,4,5.241870880126953,0.00025,20000
2026-03-17T09:48:40.323333,18,1999,0.0,550.7999999999976,0.9665385978827737,0.0,0.0,0.0,564,147,594,8,4.331350326538086,0.00025,20000
2026-03-17T09:48:40.987487,18,2009,0.0,550.7999999999976,0.9665385978827737,0.0,0.0,0.0,564,135,594,6,4.599809646606445,0.00025,20000
2026-03-17T09:48:41.655176,18,2019,0.0,550.9999999999976,0.9665385978827737,0.0,0.0,0.0,566,135,594,4,6.606340408325195,0.00025,20000
2026-03-17T09:48:42.319562,18,2029,0.0,551.3999999999977,0.9665385978827737,0.0,0.0,0.0,570,145,594,0,5.371332168579102,0.00025,20000
2026-03-17T09:48:42.982090,18,2039,0.0,551.7999999999978,0.9665385978827737,0.0,0.0,0.0,574,173,594,5,2.7272701263427734,0.00025,20000
2026-03-17T09:48:43.647985,18,2049,0.0,551.4999999999977,0.9665385978827737,0.0,0.0,0.0,571,138,594,1,3.2951831817626953,0.00025,20000
2026-03-17T09:48:44.314829,18,2059,0.0,553.4999999999982,0.9665385978827737,0.0,0.0,0.0,591,160,594,5,3.744840621948242,0.00025,20000
2026-03-17T09:48:44.980431,18,2069,0.0,552.499999999998,0.9665385978827737,0.0,0.0,0.0,581,145,594,1,4.606008529663086,0.00025,20000
2026-03-17T09:48:45.648400,18,2079,0.0,552.499999999998,0.9665385978827737,0.0,0.0,0.0,581,145,594,10,5.044698715209961,0.00025,20000
2026-03-17T09:48:46.311544,18,2089,-0.1,547.5999999999968,0.9665385978827737,0.0,0.0,0.0,532,147,594,5,3.782510757446289,0.00025,20000
2026-03-17T09:48:46.977366,18,2099,0.0,545.5999999999964,0.9665385978827737,0.0,0.0,0.0,512,176,594,3,4.774332046508789,0.00025,20000
2026-03-17T09:48:47.643277,18,2109,0.0,545.6999999999964,0.9665385978827737,0.0,0.0,0.0,513,176,594,8,5.189180374145508,0.00025,20000
2026-03-17T09:48:48.311502,18,2119,0.0,545.5999999999964,0.9665385978827737,0.0,0.0,0.0,512,135,594,0,7.409572601318359,0.00025,20000
2026-03-17T09:48:48.975907,18,2129,0.0,546.3999999999966,0.9665385978827737,0.0,0.0,0.0,520,121,594,3,6.038665771484375,0.00025,20000
2026-03-17T09:48:49.638518,18,2139,0.0,547.0999999999967,0.9665385978827737,0.0,0.0,0.0,527,149,594,8,3.3152103424072266,0.00025,20000
2026-03-17T09:48:50.304382,18,2149,0.1,549.0999999999972,0.9665385978827737,0.0,0.0,0.0,547,145,594,8,3.464937210083008,0.00025,20000
2026-03-17T09:48:50.969524,18,2159,0.1,552.899999999998,0.9665385978827737,0.0,0.0,0.0,585,135,594,0,3.495454788208008,0.00025,20000
2026-03-17T09:48:51.635473,18,2169,0.0,554.6999999999982,0.9665385978827737,0.0,0.0,0.0,594,160,595,9,3.96728515625,0.00025,20000
2026-03-17T09:48:52.302679,18,2179,0.0,554.4999999999982,0.9665385978827737,0.0,0.0,0.0,592,176,595,1,4.916906356811523,0.00025,20000
2026-03-17T09:48:52.967057,18,2189,0.0,553.899999999998,0.9665385978827737,0.0,0.0,0.0,586,130,595,0,3.4177303314208984,0.00025,20000
2026-03-17T09:48:53.634308,18,2199,0.0,552.9999999999978,0.9665385978827737,0.0,0.0,0.0,577,176,595,0,5.438804626464844,0.00025,20000
2026-03-17T09:48:54.300141,18,2209,-0.1,550.8999999999974,0.9665385978827737,0.0,0.0,0.0,556,147,595,7,6.560325622558594,0.00025,20000
2026-03-17T09:48:54.966801,18,2219,0.0,546.7999999999964,0.9665385978827737,0.0,0.0,0.0,515,176,595,1,7.19904899597168,0.00025,20000
2026-03-17T09:48:55.629707,18,2229,0.0,547.5999999999966,0.9665385978827737,0.0,0.0,0.0,523,176,595,1,3.345489501953125,0.00025,20000
2026-03-17T09:48:56.295023,18,2239,0.1,548.0999999999967,0.9665385978827737,0.0,0.0,0.0,528,160,595,0,3.9920806884765625,0.00025,20000
2026-03-17T09:48:56.962421,18,2249,0.0,549.299999999997,0.9665385978827737,0.0,0.0,0.0,540,149,595,11,5.671024322509766,0.00025,20000
2026-03-17T09:48:57.626345,18,2259,0.0,549.499999999997,0.9665385978827737,0.0,0.0,0.0,542,140,595,3,4.235506057739258,0.00025,20000
2026-03-17T09:48:58.293599,18,2269,0.0,549.399999999997,0.9665385978827737,0.0,0.0,0.0,541,173,595,11,3.8166046142578125,0.00025,20000
2026-03-17T09:48:58.958561,18,2279,0.0,547.7999999999967,0.9665385978827737,0.0,0.0,0.0,525,160,595,4,6.00433349609375,0.00025,20000
2026-03-17T09:48:59.625281,18,2289,0.0,547.5999999999966,0.9665385978827737,0.0,0.0,0.0,523,145,595,0,6.857395172119141,0.00025,20000
2026-03-17T09:49:00.291352,18,2299,0.0,546.7999999999964,0.9665385978827737,0.0,0.0,0.0,515,176,595,0,7.615089416503906,0.00025,20000
2026-03-17T09:49:00.952837,18,2309,0.0,547.2999999999965,0.9665385978827737,0.0,0.0,0.0,520,176,595,2,3.7276744842529297,0.00025,20000
2026-03-17T09:49:01.619262,18,2319,0.1,547.3999999999966,0.9665385978827737,0.0,0.0,0.0,521,135,595,1,3.336668014526367,0.00025,20000
2026-03-17T09:49:02.284773,18,2329,0.1,551.3999999999975,0.9665385978827737,0.0,0.0,0.0,561,147,595,9,3.0052661895751953,0.00025,20000
2026-03-17T09:49:02.951041,18,2339,0.0,554.6999999999982,0.9665385978827737,0.0,0.0,0.0,594,173,595,6,3.6323070526123047,0.00025,20000
2026-03-17T09:49:03.616089,18,2349,0.0,553.2999999999979,0.9665385978827737,0.0,0.0,0.0,580,176,595,4,3.0565261840820312,0.00025,20000
2026-03-17T09:49:04.280340,18,2359,-0.1,553.1999999999979,0.9665385978827737,0.0,0.0,0.0,579,176,595,11,3.3974647521972656,0.00025,20000
2026-03-17T09:49:04.948469,18,2369,0.1,554.3999999999982,0.9665385978827737,0.0,0.0,0.0,591,176,595,5,5.555629730224609,0.00025,20000
2026-03-17T09:49:05.614859,18,2379,-0.1,554.5999999999982,0.9665385978827737,0.0,0.0,0.0,593,140,595,9,6.666898727416992,0.00025,20000
2026-03-17T09:49:06.276777,18,2389,0.1,554.3999999999982,0.9665385978827737,0.0,0.0,0.0,591,128,595,9,3.124237060546875,0.00025,20000
2026-03-17T09:49:06.943664,18,2399,0.0,554.5999999999982,0.9665385978827737,0.0,0.0,0.0,593,157,595,0,3.586292266845703,0.00025,20000
2026-03-17T09:49:08.117649,19,1,0.0,-0.1,0.9646055206870082,0.0,0.0,0.0,39,176,40,11,1.8849372863769531,0.00025,20000
2026-03-17T09:49:08.755820,19,11,0.0,-0.9999999999999999,0.9646055206870082,0.0,0.0,0.0,30,176,40,8,2.439737319946289,0.00025,20000
2026-03-17T09:49:09.424198,19,21,0.0,-0.10000000000000003,0.9646055206870082,0.0,0.0,0.0,39,173,40,10,4.719257354736328,0.00025,20000
2026-03-17T09:49:10.089089,19,31,0.0,-0.30000000000000004,0.9646055206870082,0.0,0.0,0.0,37,176,40,7,4.708766937255859,0.00025,20000
2026-03-17T09:49:10.756341,19,41,1.0,7.0,0.9646055206870082,0.0,0.0,0.0,47,176,47,0,6.833314895629883,0.00025,20000
2026-03-17T09:49:11.418743,19,51,-0.1,11.600000000000001,0.9646055206870082,0.0,0.0,0.0,48,147,52,5,3.177165985107422,0.00025,20000
2026-03-17T09:49:12.086438,19,61,0.0,10.300000000000006,0.9646055206870082,0.0,0.0,0.0,35,176,52,1,5.241632461547852,0.00025,20000
2026-03-17T09:49:12.754196,19,71,0.0,11.000000000000004,0.9646055206870082,0.0,0.0,0.0,42,176,52,4,6.958484649658203,0.00025,20000
2026-03-17T09:49:13.416951,19,81,0.0,24.0,0.9646055206870082,0.0,0.0,0.0,64,176,64,5,3.4487247467041016,0.00025,20000
2026-03-17T09:49:14.083597,19,91,-0.1,22.199999999999974,0.9646055206870082,0.0,0.0,0.0,46,146,64,2,6.279706954956055,0.00025,20000
2026-03-17T09:49:14.749606,19,101,0.0,21.79999999999997,0.9646055206870082,0.0,0.0,0.0,42,135,64,6,6.209850311279297,0.00025,20000
2026-03-17T09:49:15.414072,19,111,0.0,26.0,0.9646055206870082,0.0,0.0,0.0,66,135,66,0,4.419803619384766,0.00025,20000
2026-03-17T09:49:16.079792,19,121,1.0,63.0,0.9646055206870082,0.0,0.0,0.0,103,140,103,1,4.504203796386719,0.00025,20000
2026-03-17T09:49:16.746421,19,131,1.0,102.0,0.9646055206870082,0.0,0.0,0.0,142,152,142,6,6.715536117553711,0.00025,20000
2026-03-17T09:49:17.411925,19,141,1.0,147.0,0.9646055206870082,0.0,0.0,0.0,187,149,187,8,6.69550895690918,0.00025,20000
2026-03-17T09:49:18.076323,19,151,1.0,174.0,0.9646055206870082,0.0,0.0,0.0,214,152,214,10,5.152702331542969,0.00025,20000
2026-03-17T09:49:18.761342,19,161,0.0,174.50000000000009,0.9646055206870082,0.0,0.0,0.0,201,164,216,8,8.040666580200195,0.00025,20000
2026-03-17T09:49:19.428500,19,171,-0.1,170.9000000000003,0.9646055206870082,0.0,0.0,0.0,165,160,216,7,7.865190505981445,0.00025,20000
2026-03-17T09:49:20.089728,19,181,0.0,168.8000000000004,0.9646055206870082,0.0,0.0,0.0,144,147,216,11,3.7584304809570312,0.00025,20000
2026-03-17T09:49:20.756200,19,191,0.0,167.70000000000047,0.9646055206870082,0.0,0.0,0.0,133,176,216,10,5.720376968383789,0.00025,20000
2026-03-17T09:49:21.421966,19,201,0.0,167.50000000000048,0.9646055206870082,0.0,0.0,0.0,131,128,216,4,6.418943405151367,0.00025,20000
2026-03-17T09:49:22.088498,19,211,-0.1,167.50000000000048,0.9646055206870082,0.0,0.0,0.0,131,136,216,7,5.402803421020508,0.00025,20000
2026-03-17T09:49:22.754066,19,221,0.0,167.4000000000005,0.9646055206870082,0.0,0.0,0.0,130,147,216,7,7.10749626159668,0.00025,20000
2026-03-17T09:49:23.419693,19,231,0.0,167.4000000000005,0.9646055206870082,0.0,0.0,0.0,130,140,216,10,6.16455078125,0.00025,20000
2026-03-17T09:49:24.646066,20,5,1.0,6.0,0.9626763096456342,0.0,0.0,0.0,46,147,46,7,2.000570297241211,0.00025,20000
2026-03-17T09:49:25.311463,20,15,1.0,35.0,0.9626763096456342,0.0,0.0,0.0,75,152,75,4,1.5621185302734375,0.00025,20000
2026-03-17T09:49:25.976165,20,25,0.0,49.9,0.9626763096456342,0.0,0.0,0.0,89,160,90,0,1.966238021850586,0.00025,20000
2026-03-17T09:49:26.644052,20,35,1.0,54.0,0.9626763096456342,0.0,0.0,0.0,94,135,94,9,2.3071765899658203,0.00025,20000
2026-03-17T09:49:27.308223,20,45,1.0,113.0,0.9626763096456342,0.0,0.0,0.0,153,143,153,8,3.1783580780029297,0.00025,20000
2026-03-17T09:49:27.974608,20,55,1.0,160.0,0.9626763096456342,0.0,0.0,0.0,200,168,200,11,3.622770309448242,0.00025,20000
2026-03-17T09:49:28.643438,20,65,0.0,173.40000000000003,0.9626763096456342,0.0,0.0,0.0,208,176,214,2,5.588531494140625,0.00025,20000
2026-03-17T09:49:29.306178,20,75,0.0,173.50000000000003,0.9626763096456342,0.0,0.0,0.0,209,176,214,7,3.261089324951172,0.00025,20000
2026-03-17T09:49:29.974537,20,85,0.0,173.9,0.9626763096456342,0.0,0.0,0.0,213,160,214,7,5.219459533691406,0.00025,20000
2026-03-17T09:49:30.636082,20,95,0.0,173.50000000000003,0.9626763096456342,0.0,0.0,0.0,209,149,214,2,2.978086471557617,0.00025,20000
2026-03-17T09:49:31.303732,20,105,0.0,172.1000000000001,0.9626763096456342,0.0,0.0,0.0,195,176,214,7,5.336761474609375,0.00025,20000
2026-03-17T09:49:31.969262,20,115,0.1,171.80000000000013,0.9626763096456342,0.0,0.0,0.0,192,157,214,11,4.951000213623047,0.00025,20000
2026-03-17T09:49:33.200739,21,6,0.0,-0.30000000000000004,0.9607509570263429,0.0,0.0,0.0,37,173,40,9,4.171133041381836,0.00025,20000
2026-03-17T09:49:33.867510,21,16,0.0,6.0,0.9607509570263429,0.0,0.0,0.0,46,176,46,5,6.694793701171875,0.00025,20000
2026-03-17T09:49:34.534617,21,26,0.0,7.0,0.9607509570263429,0.0,0.0,0.0,47,149,47,4,6.387233734130859,0.00025,20000
2026-03-17T09:49:35.196367,21,36,1.0,26.0,0.9607509570263429,0.0,0.0,0.0,66,147,66,10,3.2041072845458984,0.00025,20000
2026-03-17T09:49:35.858954,21,46,-0.1,30.59999999999998,0.9607509570263429,0.0,0.0,0.0,58,173,72,7,1.3973712921142578,0.00025,20000
2026-03-17T09:49:36.528361,21,56,0.0,30.199999999999974,0.9607509570263429,0.0,0.0,0.0,54,152,72,7,3.8385391235351562,0.00025,20000
2026-03-17T09:49:37.194649,21,66,-0.1,28.699999999999953,0.9607509570263429,0.0,0.0,0.0,39,176,72,10,4.914045333862305,0.00025,20000
2026-03-17T09:49:37.860296,21,76,-0.1,25.69999999999991,0.9607509570263429,0.0,0.0,0.0,9,148,72,9,5.004644393920898,0.00025,20000
2026-03-17T09:49:38.524868,21,86,0.0,24.8999999999999,0.9607509570263429,0.0,0.0,0.0,1,147,72,2,3.9968490600585938,0.00025,20000
2026-03-17T09:49:39.191053,21,96,0.0,24.9999999999999,0.9607509570263429,0.0,0.0,0.0,2,176,72,6,4.710912704467773,0.00025,20000
2026-03-17T09:49:39.857467,21,106,0.0,24.8999999999999,0.9607509570263429,0.0,0.0,0.0,1,160,72,3,6.162166595458984,0.00025,20000
2026-03-17T09:49:40.524692,21,116,-0.1,24.8999999999999,0.9607509570263429,0.0,0.0,0.0,1,176,72,9,8.448600769042969,0.00025,20000
2026-03-17T09:49:41.190230,21,126,0.0,24.799999999999898,0.9607509570263429,0.0,0.0,0.0,0,176,72,11,7.425069808959961,0.00025,20000
2026-03-17T09:49:41.854585,21,136,0.0,26.099999999999916,0.9607509570263429,0.0,0.0,0.0,13,176,72,6,6.289482116699219,0.00025,20000
2026-03-17T09:49:42.516947,21,146,0.0,26.499999999999922,0.9607509570263429,0.0,0.0,0.0,17,147,72,10,3.5867691040039062,0.00025,20000
2026-03-17T09:49:43.184915,21,156,-0.1,25.69999999999991,0.9607509570263429,0.0,0.0,0.0,9,135,72,11,4.536867141723633,0.00025,20000
2026-03-17T09:49:43.849484,21,166,0.0,25.399999999999906,0.9607509570263429,0.0,0.0,0.0,6,176,72,6,4.859209060668945,0.00025,20000
2026-03-17T09:49:44.516084,21,176,0.0,25.799999999999912,0.9607509570263429,0.0,0.0,0.0,10,138,72,6,4.757404327392578,0.00025,20000
2026-03-17T09:49:45.182626,21,186,0.0,25.59999999999991,0.9607509570263429,0.0,0.0,0.0,8,147,72,9,6.117105484008789,0.00025,20000
2026-03-17T09:49:45.848482,21,196,0.0,25.099999999999902,0.9607509570263429,0.0,0.0,0.0,3,148,72,10,6.219625473022461,0.00025,20000
2026-03-17T09:49:46.511538,21,206,0.0,24.799999999999898,0.9607509570263429,0.0,0.0,0.0,0,147,72,1,4.995107650756836,0.00025,20000
2026-03-17T09:49:47.180168,21,216,0.0,24.9999999999999,0.9607509570263429,0.0,0.0,0.0,2,176,72,1,7.982730865478516,0.00025,20000
2026-03-17T09:49:47.843105,21,226,0.0,25.499999999999908,0.9607509570263429,0.0,0.0,0.0,7,176,72,5,5.103588104248047,0.00025,20000
2026-03-17T09:49:48.510940,21,236,0.1,26.199999999999918,0.9607509570263429,0.0,0.0,0.0,14,160,72,9,7.047176361083984,0.00025,20000
2026-03-17T09:49:49.174283,21,246,0.1,29.699999999999967,0.9607509570263429,0.0,0.0,0.0,49,176,72,7,5.269527435302734,0.00025,20000
2026-03-17T09:49:49.840620,21,256,1.0,61.99999999999997,0.9607509570263429,0.0,0.0,0.0,102,157,102,8,4.801034927368164,0.00025,20000
2026-03-17T09:49:50.506216,21,266,1.0,89.99999999999997,0.9607509570263429,0.0,0.0,0.0,130,130,130,9,4.615306854248047,0.00025,20000
2026-03-17T09:49:51.170266,21,276,0.0,116.89999999999998,0.9607509570263429,0.0,0.0,0.0,156,176,157,3,3.9763450622558594,0.00025,20000
2026-03-17T09:49:51.839315,21,286,0.0,124.99999999999997,0.9607509570263429,0.0,0.0,0.0,165,176,165,7,7.8563690185546875,0.00025,20000
2026-03-17T09:49:52.501883,21,296,-0.1,123.40000000000006,0.9607509570263429,0.0,0.0,0.0,149,176,165,3,5.329370498657227,0.00025,20000
2026-03-17T09:49:53.167170,21,306,0.1,124.5,0.9607509570263429,0.0,0.0,0.0,160,176,165,8,4.02069091796875,0.00025,20000
2026-03-17T09:49:53.832603,21,316,0.0,124.20000000000002,0.9607509570263429,0.0,0.0,0.0,157,173,165,11,4.549741744995117,0.00025,20000
2026-03-17T09:49:54.501507,21,326,0.0,124.10000000000002,0.9607509570263429,0.0,0.0,0.0,156,160,165,10,6.774187088012695,0.00025,20000
2026-03-17T09:49:55.163803,21,336,0.0,124.10000000000002,0.9607509570263429,0.0,0.0,0.0,156,160,165,6,4.40216064453125,0.00025,20000
2026-03-17T09:49:55.829599,21,346,0.0,123.80000000000004,0.9607509570263429,0.0,0.0,0.0,153,147,165,8,4.670858383178711,0.00025,20000
2026-03-17T09:49:56.496166,21,356,0.0,123.10000000000008,0.9607509570263429,0.0,0.0,0.0,146,173,165,9,5.857706069946289,0.00025,20000
2026-03-17T09:49:57.163057,21,366,-0.1,121.40000000000016,0.9607509570263429,0.0,0.0,0.0,129,131,165,1,6.1435699462890625,0.00025,20000
2026-03-17T09:49:57.824734,21,376,0.0,119.40000000000028,0.9607509570263429,0.0,0.0,0.0,109,173,165,4,3.166675567626953,0.00025,20000
2026-03-17T09:49:58.489387,21,386,0.0,118.60000000000032,0.9607509570263429,0.0,0.0,0.0,101,147,165,10,2.8095245361328125,0.00025,20000
2026-03-17T09:49:59.702171,22,7,0.0,-0.2,0.9588294551122902,0.0,0.0,0.0,38,176,40,7,1.0776519775390625,0.00025,20000
2026-03-17T09:50:00.367887,22,17,0.0,2.8,0.9588294551122902,0.0,0.0,0.0,41,176,43,5,1.1196136474609375,0.00025,20000
2026-03-17T09:50:01.033802,22,27,-0.1,-0.6000000000000015,0.9588294551122902,0.0,0.0,0.0,7,145,43,9,1.2161731719970703,0.00025,20000
2026-03-17T09:50:01.699617,22,37,0.0,-1.3000000000000018,0.9588294551122902,0.0,0.0,0.0,0,157,43,0,1.0852813720703125,0.00025,20000
2026-03-17T09:50:02.366835,22,47,0.0,-1.2000000000000017,0.9588294551122902,0.0,0.0,0.0,1,147,43,8,3.4835338592529297,0.00025,20000
2026-03-17T09:50:03.032808,22,57,0.0,-1.2000000000000017,0.9588294551122902,0.0,0.0,0.0,1,128,43,5,2.9993057250976562,0.00025,20000
2026-03-17T09:50:03.700603,22,67,0.0,-0.9000000000000016,0.9588294551122902,0.0,0.0,0.0,4,140,43,7,5.043745040893555,0.00025,20000
2026-03-17T09:50:04.366586,22,77,0.0,-1.0000000000000016,0.9588294551122902,0.0,0.0,0.0,3,173,43,7,5.894184112548828,0.00025,20000
2026-03-17T09:50:05.028570,22,87,0.0,-1.2000000000000017,0.9588294551122902,0.0,0.0,0.0,1,160,43,6,2.6998519897460938,0.00025,20000
2026-03-17T09:50:05.698271,22,97,0.0,-0.7000000000000016,0.9588294551122902,0.0,0.0,0.0,6,160,43,11,5.486965179443359,0.00025,20000
2026-03-17T09:50:06.365971,22,107,0.0,-1.3000000000000018,0.9588294551122902,0.0,0.0,0.0,0,160,43,9,7.7304840087890625,0.00025,20000
2026-03-17T09:50:07.028267,22,117,0.0,-0.9000000000000016,0.9588294551122902,0.0,0.0,0.0,4,160,43,4,5.821466445922852,0.00025,20000
2026-03-17T09:50:07.695826,22,127,0.0,-0.1000000000000017,0.9588294551122902,0.0,0.0,0.0,12,138,43,4,6.597280502319336,0.00025,20000
2026-03-17T09:50:08.362259,22,137,0.0,-1.3000000000000018,0.9588294551122902,0.0,0.0,0.0,0,176,43,9,8.74638557434082,0.00025,20000
2026-03-17T09:50:09.023263,22,147,0.0,-1.2000000000000017,0.9588294551122902,0.0,0.0,0.0,1,176,43,1,3.698110580444336,0.00025,20000
2026-03-17T09:50:09.688030,22,157,0.0,-1.0000000000000016,0.9588294551122902,0.0,0.0,0.0,3,176,43,11,3.6640167236328125,0.00025,20000
2026-03-17T09:50:10.355237,22,167,0.0,-0.7000000000000016,0.9588294551122902,0.0,0.0,0.0,6,176,43,8,3.832101821899414,0.00025,20000
2026-03-17T09:50:11.021813,22,177,0.0,-0.8000000000000016,0.9588294551122902,0.0,0.0,0.0,5,168,43,0,5.22160530090332,0.00025,20000
2026-03-17T09:50:11.687715,22,187,0.2,2.2999999999999985,0.9588294551122902,0.0,0.0,0.0,36,160,43,2,5.628108978271484,0.00025,20000
2026-03-17T09:50:12.354605,22,197,1.0,46.9,0.9588294551122902,0.0,0.0,0.0,87,142,87,8,5.240678787231445,0.00025,20000
2026-03-17T09:50:13.018491,22,207,1.0,82.9,0.9588294551122902,0.0,0.0,0.0,123,128,123,10,5.314826965332031,0.00025,20000
2026-03-17T09:50:13.684133,22,217,-0.2,91.60000000000007,0.9588294551122902,0.0,0.0,0.0,120,157,133,3,6.412029266357422,0.00025,20000
2026-03-17T09:50:14.346317,22,227,0.0,90.40000000000012,0.9588294551122902,0.0,0.0,0.0,108,147,133,0,2.9439926147460938,0.00025,20000
2026-03-17T09:50:15.013654,22,237,-0.1,87.20000000000027,0.9588294551122902,0.0,0.0,0.0,76,142,133,4,4.042625427246094,0.00025,20000
2026-03-17T09:50:15.679489,22,247,0.0,85.10000000000038,0.9588294551122902,0.0,0.0,0.0,55,145,133,11,4.168987274169922,0.00025,20000
2026-03-17T09:50:16.345073,22,257,0.1,84.90000000000039,0.9588294551122902,0.0,0.0,0.0,53,121,133,3,3.3750534057617188,0.00025,20000
2026-03-17T09:50:17.012300,22,267,0.1,87.30000000000025,0.9588294551122902,0.0,0.0,0.0,77,140,133,10,4.549503326416016,0.00025,20000
2026-03-17T09:50:17.677148,22,277,0.0,88.50000000000018,0.9588294551122902,0.0,0.0,0.0,89,160,133,10,5.140066146850586,0.00025,20000
2026-03-17T09:50:18.343321,22,287,0.0,86.60000000000029,0.9588294551122902,0.0,0.0,0.0,70,176,133,6,5.584478378295898,0.00025,20000
2026-03-17T09:50:19.008597,22,297,0.1,86.30000000000031,0.9588294551122902,0.0,0.0,0.0,67,163,133,3,6.3686370849609375,0.00025,20000
2026-03-17T09:50:19.672875,22,307,0.0,86.20000000000032,0.9588294551122902,0.0,0.0,0.0,66,160,133,5,4.218816757202148,0.00025,20000
2026-03-17T09:50:20.337641,22,317,0.1,84.8000000000004,0.9588294551122902,0.0,0.0,0.0,52,147,133,4,3.482818603515625,0.00025,20000
2026-03-17T09:50:21.019995,22,327,0.0,87.10000000000026,0.9588294551122902,0.0,0.0,0.0,75,136,133,0,3.5660266876220703,0.00025,20000
2026-03-17T09:50:21.684762,22,337,0.0,87.80000000000022,0.9588294551122902,0.0,0.0,0.0,82,145,133,8,3.4072399139404297,0.00025,20000
2026-03-17T09:50:22.352590,22,347,0.0,86.20000000000032,0.9588294551122902,0.0,0.0,0.0,66,147,133,3,5.06901741027832,0.00025,20000
2026-03-17T09:50:23.018889,22,357,0.0,86.5000000000003,0.9588294551122902,0.0,0.0,0.0,69,176,133,6,5.803346633911133,0.00025,20000
2026-03-17T09:50:23.685408,22,367,0.0,86.4000000000003,0.9588294551122902,0.0,0.0,0.0,68,157,133,8,5.035877227783203,0.00025,20000
2026-03-17T09:50:24.349265,22,377,-0.1,85.60000000000035,0.9588294551122902,0.0,0.0,0.0,60,135,133,11,5.429506301879883,0.00025,20000
2026-03-17T09:50:25.015861,22,387,0.1,85.30000000000037,0.9588294551122902,0.0,0.0,0.0,57,135,133,1,5.811214447021484,0.00025,20000
2026-03-17T09:50:25.681200,22,397,0.1,89.7000000000002,0.9588294551122902,0.0,0.0,0.0,101,149,133,4,6.507158279418945,0.00025,20000
2026-03-17T09:50:26.345243,22,407,1.0,114.90000000000015,0.9588294551122902,0.0,0.0,0.0,155,143,155,5,3.762960433959961,0.00025,20000
2026-03-17T09:50:27.008536,22,417,1.0,166.90000000000015,0.9588294551122902,0.0,0.0,0.0,207,149,207,4,3.0891895294189453,0.00025,20000
2026-03-17T09:50:27.675146,22,427,1.0,212.90000000000015,0.9588294551122902,0.0,0.0,0.0,253,160,253,6,3.7682056427001953,0.00025,20000
2026-03-17T09:50:28.342962,22,437,1.0,249.90000000000015,0.9588294551122902,0.0,0.0,0.0,290,142,290,9,5.060911178588867,0.00025,20000
2026-03-17T09:50:29.008105,22,447,0.0,273.8000000000001,0.9588294551122902,0.0,0.0,0.0,313,176,314,2,4.840612411499023,0.00025,20000
2026-03-17T09:50:29.675044,22,457,0.0,273.7000000000001,0.9588294551122902,0.0,0.0,0.0,312,176,314,6,5.529880523681641,0.00025,20000
2026-03-17T09:50:30.341100,22,467,0.0,275.90000000000015,0.9588294551122902,0.0,0.0,0.0,316,176,316,7,6.979465484619141,0.00025,20000
2026-03-17T09:50:31.004151,22,477,0.0,280.6000000000001,0.9588294551122902,0.0,0.0,0.0,318,173,321,5,4.563808441162109,0.00025,20000
2026-03-17T09:50:31.684604,22,487,0.0,284.90000000000015,0.9588294551122902,0.0,0.0,0.0,325,176,325,8,2.5756359100341797,0.00025,20000
2026-03-17T09:50:32.349747,22,497,0.0,284.6000000000001,0.9588294551122902,0.0,0.0,0.0,322,176,325,7,2.9795169830322266,0.00025,20000
2026-03-17T09:50:33.016444,22,507,0.0,285.90000000000015,0.9588294551122902,0.0,0.0,0.0,326,149,326,0,3.873586654663086,0.00025,20000
2026-03-17T09:50:33.681747,22,517,0.0,289.90000000000015,0.9588294551122902,0.0,0.0,0.0,330,153,330,7,3.2644271850585938,0.00025,20000
2026-03-17T09:50:34.348291,22,527,-0.1,295.50000000000006,0.9588294551122902,0.0,0.0,0.0,332,176,336,9,3.91387939453125,0.00025,20000
2026-03-17T09:50:35.015825,22,537,-0.1,293.19999999999953,0.9588294551122902,0.0,0.0,0.0,309,149,336,5,4.629850387573242,0.00025,20000
2026-03-17T09:50:35.680736,22,547,0.0,288.7999999999993,0.9588294551122902,0.0,0.0,0.0,265,149,336,6,6.375312805175781,0.00025,20000
2026-03-17T09:50:36.347493,22,557,0.1,290.09999999999957,0.9588294551122902,0.0,0.0,0.0,278,168,336,2,6.682157516479492,0.00025,20000
2026-03-17T09:50:37.010253,22,567,0.0,290.5999999999997,0.9588294551122902,0.0,0.0,0.0,283,176,336,9,3.439664840698242,0.00025,20000
2026-03-17T09:50:37.676919,22,577,0.0,291.69999999999993,0.9588294551122902,0.0,0.0,0.0,294,176,336,10,3.683328628540039,0.00025,20000
2026-03-17T09:50:38.340094,22,587,0.1,292.5000000000001,0.9588294551122902,0.0,0.0,0.0,302,152,336,10,3.2529830932617188,0.00025,20000
2026-03-17T09:50:39.007016,22,597,0.0,292.0,0.9588294551122902,0.0,0.0,0.0,297,147,336,8,3.8595199584960938,0.00025,20000
2026-03-17T09:50:39.674318,22,607,0.0,291.69999999999993,0.9588294551122902,0.0,0.0,0.0,294,176,336,1,6.351947784423828,0.00025,20000
2026-03-17T09:50:40.339273,22,617,0.0,291.69999999999993,0.9588294551122902,0.0,0.0,0.0,294,176,336,6,5.259990692138672,0.00025,20000
2026-03-17T09:50:41.004823,22,627,0.0,292.70000000000016,0.9588294551122902,0.0,0.0,0.0,304,165,336,5,5.808353424072266,0.00025,20000
2026-03-17T09:50:41.671533,22,637,0.0,292.9000000000002,0.9588294551122902,0.0,0.0,0.0,306,157,336,2,3.0634403228759766,0.00025,20000
2026-03-17T09:50:42.334480,22,647,0.0,292.9000000000002,0.9588294551122902,0.0,0.0,0.0,306,176,336,2,3.256082534790039,0.00025,20000
2026-03-17T09:50:42.999322,22,657,0.0,291.9,0.9588294551122902,0.0,0.0,0.0,296,152,336,11,3.3113956451416016,0.00025,20000
2026-03-17T09:50:43.665473,22,667,-0.1,290.9999999999998,0.9588294551122902,0.0,0.0,0.0,287,147,336,11,3.5157203674316406,0.00025,20000
2026-03-17T09:50:44.330786,22,677,0.0,291.0999999999998,0.9588294551122902,0.0,0.0,0.0,288,176,336,3,3.6907196044921875,0.00025,20000
2026-03-17T09:50:44.996317,22,687,0.0,291.0999999999998,0.9588294551122902,0.0,0.0,0.0,288,176,336,9,4.04047966003418,0.00025,20000
2026-03-17T09:50:45.663394,22,697,0.0,291.29999999999984,0.9588294551122902,0.0,0.0,0.0,290,149,336,3,4.271507263183594,0.00025,20000
2026-03-17T09:50:46.329144,22,707,0.0,290.9999999999998,0.9588294551122902,0.0,0.0,0.0,287,140,336,2,3.3211708068847656,0.00025,20000
2026-03-17T09:50:46.995028,22,717,0.0,291.1999999999998,0.9588294551122902,0.0,0.0,0.0,289,176,336,6,6.092309951782227,0.00025,20000
2026-03-17T09:50:47.661556,22,727,0.0,291.4999999999999,0.9588294551122902,0.0,0.0,0.0,292,163,336,5,6.472349166870117,0.00025,20000
2026-03-17T09:50:48.323172,22,737,0.0,291.4999999999999,0.9588294551122902,0.0,0.0,0.0,292,173,336,8,3.2749176025390625,0.00025,20000
2026-03-17T09:50:48.991739,22,747,-0.1,289.59999999999945,0.9588294551122902,0.0,0.0,0.0,273,176,336,6,5.8879852294921875,0.00025,20000
2026-03-17T09:50:49.654639,22,757,0.0,289.49999999999943,0.9588294551122902,0.0,0.0,0.0,272,160,336,7,3.50189208984375,0.00025,20000
2026-03-17T09:50:50.320703,22,767,0.0,292.9000000000002,0.9588294551122902,0.0,0.0,0.0,306,128,336,9,3.1180381774902344,0.00025,20000
2026-03-17T09:50:50.986013,22,777,-0.1,291.5999999999999,0.9588294551122902,0.0,0.0,0.0,293,147,336,3,2.682209014892578,0.00025,20000
2026-03-17T09:50:51.653533,22,787,0.0,291.4999999999999,0.9588294551122902,0.0,0.0,0.0,292,176,336,8,4.504919052124023,0.00025,20000
2026-03-17T09:50:52.319419,22,797,0.0,290.7999999999997,0.9588294551122902,0.0,0.0,0.0,285,160,336,9,6.258726119995117,0.00025,20000
2026-03-17T09:50:52.984476,22,807,0.0,290.39999999999964,0.9588294551122902,0.0,0.0,0.0,281,160,336,9,4.580974578857422,0.00025,20000
2026-03-17T09:50:53.646966,22,817,0.0,291.0999999999998,0.9588294551122902,0.0,0.0,0.0,288,160,336,5,2.6369094848632812,0.00025,20000
2026-03-17T09:50:54.314618,22,827,-0.1,288.29999999999916,0.9588294551122902,0.0,0.0,0.0,260,156,336,9,3.3578872680664062,0.00025,20000
2026-03-17T09:50:54.979415,22,837,0.0,286.3999999999987,0.9588294551122902,0.0,0.0,0.0,241,176,336,4,3.411531448364258,0.00025,20000
2026-03-17T09:50:55.644138,22,847,0.0,286.5999999999988,0.9588294551122902,0.0,0.0,0.0,243,160,336,0,3.0908584594726562,0.00025,20000
2026-03-17T09:50:56.311410,22,857,0.0,286.3999999999987,0.9588294551122902,0.0,0.0,0.0,241,176,336,0,4.209041595458984,0.00025,20000
2026-03-17T09:50:56.977507,22,867,0.1,286.89999999999884,0.9588294551122902,0.0,0.0,0.0,246,176,336,1,4.076719284057617,0.00025,20000
2026-03-17T09:50:57.644628,22,877,-0.1,287.79999999999905,0.9588294551122902,0.0,0.0,0.0,255,176,336,5,5.786418914794922,0.00025,20000
2026-03-17T09:50:58.309440,22,887,0.0,286.49999999999875,0.9588294551122902,0.0,0.0,0.0,242,135,336,5,6.14166259765625,0.00025,20000
2026-03-17T09:50:58.974808,22,897,0.0,286.3999999999987,0.9588294551122902,0.0,0.0,0.0,241,173,336,3,6.110191345214844,0.00025,20000
2026-03-17T09:50:59.637699,22,907,0.0,286.49999999999875,0.9588294551122902,0.0,0.0,0.0,242,176,336,11,3.4313201904296875,0.00025,20000
2026-03-17T09:51:00.303855,22,917,0.0,286.49999999999875,0.9588294551122902,0.0,0.0,0.0,242,176,336,5,1.6207695007324219,0.00025,20000
2026-03-17T09:51:00.969723,22,927,0.0,286.7999999999988,0.9588294551122902,0.0,0.0,0.0,245,176,336,11,3.556966781616211,0.00025,20000
2026-03-17T09:51:01.635920,22,937,0.0,286.49999999999875,0.9588294551122902,0.0,0.0,0.0,242,160,336,2,4.0531158447265625,0.00025,20000
2026-03-17T09:51:02.301433,22,947,0.0,286.3999999999987,0.9588294551122902,0.0,0.0,0.0,241,176,336,4,4.472255706787109,0.00025,20000
2026-03-17T09:51:02.967221,22,957,0.0,287.39999999999895,0.9588294551122902,0.0,0.0,0.0,251,162,336,8,4.580974578857422,0.00025,20000
2026-03-17T09:51:03.632728,22,967,0.0,287.499999999999,0.9588294551122902,0.0,0.0,0.0,252,176,336,6,4.678249359130859,0.00025,20000
2026-03-17T09:51:04.301255,22,977,0.0,287.39999999999895,0.9588294551122902,0.0,0.0,0.0,251,176,336,6,6.879091262817383,0.00025,20000
2026-03-17T09:51:04.961054,22,987,0.0,287.89999999999907,0.9588294551122902,0.0,0.0,0.0,256,157,336,3,1.9249916076660156,0.00025,20000
2026-03-17T09:51:06.111228,23,0,0.0,0.0,0.9569117962020657,0.0,0.0,0.0,40,176,40,0,1.718759536743164,0.00025,20000
2026-03-17T09:51:06.792147,23,10,-0.1,2.8,0.9569117962020657,0.0,0.0,0.0,41,160,43,1,3.0221939086914062,0.00025,20000
2026-03-17T09:51:07.458738,23,20,0.0,0.9999999999999983,0.9569117962020657,0.0,0.0,0.0,23,147,43,0,3.351926803588867,0.00025,20000
2026-03-17T09:51:08.125418,23,30,0.0,-0.20000000000000154,0.9569117962020657,0.0,0.0,0.0,11,173,43,11,4.379034042358398,0.00025,20000
2026-03-17T09:51:08.790465,23,40,0.0,0.39999999999999847,0.9569117962020657,0.0,0.0,0.0,17,176,43,5,3.7894248962402344,0.00025,20000
2026-03-17T09:51:09.456315,23,50,0.0,0.7999999999999984,0.9569117962020657,0.0,0.0,0.0,21,173,43,9,4.726409912109375,0.00025,20000
2026-03-17T09:51:10.123400,23,60,-0.1,0.19999999999999848,0.9569117962020657,0.0,0.0,0.0,15,147,43,9,6.317853927612305,0.00025,20000
2026-03-17T09:51:10.789414,23,70,0.0,-1.3000000000000018,0.9569117962020657,0.0,0.0,0.0,0,135,43,11,6.5441131591796875,0.00025,20000
2026-03-17T09:51:11.457017,23,80,0.0,-1.3000000000000018,0.9569117962020657,0.0,0.0,0.0,0,168,43,2,8.268356323242188,0.00025,20000
2026-03-17T09:51:12.121157,23,90,0.0,0.5999999999999983,0.9569117962020657,0.0,0.0,0.0,19,160,43,1,6.622314453125,0.00025,20000
2026-03-17T09:51:12.781691,23,100,0.0,1.9999999999999991,0.9569117962020657,0.0,0.0,0.0,33,147,43,7,2.268075942993164,0.00025,20000
2026-03-17T09:51:13.451841,23,110,0.0,1.2999999999999985,0.9569117962020657,0.0,0.0,0.0,26,173,43,8,5.759239196777344,0.00025,20000
2026-03-17T09:51:14.116177,23,120,0.0,-0.8000000000000015,0.9569117962020657,0.0,0.0,0.0,5,163,43,0,5.763053894042969,0.00025,20000
2026-03-17T09:51:14.781930,23,130,0.1,0.39999999999999836,0.9569117962020657,0.0,0.0,0.0,17,160,43,10,4.797220230102539,0.00025,20000
2026-03-17T09:51:15.448143,23,140,0.0,6.0,0.9569117962020657,0.0,0.0,0.0,46,142,46,2,5.721807479858398,0.00025,20000
2026-03-17T09:51:16.116712,23,150,0.0,13.700000000000001,0.9569117962020657,0.0,0.0,0.0,51,147,54,5,8.090019226074219,0.00025,20000
2026-03-17T09:51:16.793349,23,160,0.0,12.000000000000007,0.9569117962020657,0.0,0.0,0.0,34,138,54,6,5.790472030639648,0.00025,20000
2026-03-17T09:51:17.444359,23,170,0.1,12.000000000000007,0.9569117962020657,0.0,0.0,0.0,34,157,54,10,4.348278045654297,0.00025,20000
2026-03-17T09:51:18.106852,23,180,1.0,23.0,0.9569117962020657,0.0,0.0,0.0,63,146,63,5,2.2199153900146484,0.00025,20000
2026-03-17T09:51:18.775554,23,190,0.0,26.9,0.9569117962020657,0.0,0.0,0.0,66,160,67,4,4.657506942749023,0.00025,20000
2026-03-17T09:51:19.439575,23,200,0.0,42.0,0.9569117962020657,0.0,0.0,0.0,82,160,82,0,4.49824333190918,0.00025,20000
2026-03-17T09:51:20.106430,23,210,0.0,44.699999999999996,0.9569117962020657,0.0,0.0,0.0,82,176,85,7,4.769086837768555,0.00025,20000
2026-03-17T09:51:20.771761,23,220,0.0,44.19999999999999,0.9569117962020657,0.0,0.0,0.0,77,149,85,11,4.2438507080078125,0.00025,20000
2026-03-17T09:51:21.440507,23,230,-0.1,43.59999999999998,0.9569117962020657,0.0,0.0,0.0,71,157,85,11,6.841897964477539,0.00025,20000
2026-03-17T09:51:22.104683,23,240,0.0,43.09999999999997,0.9569117962020657,0.0,0.0,0.0,66,157,85,1,5.906820297241211,0.00025,20000
2026-03-17T09:51:22.768454,23,250,-0.1,43.899999999999984,0.9569117962020657,0.0,0.0,0.0,74,165,85,11,5.570888519287109,0.00025,20000
2026-03-17T09:51:23.432528,23,260,0.0,42.99999999999997,0.9569117962020657,0.0,0.0,0.0,65,176,85,0,3.337383270263672,0.00025,20000
2026-03-17T09:51:24.097989,23,270,0.0,42.89999999999997,0.9569117962020657,0.0,0.0,0.0,64,176,85,10,2.8536319732666016,0.00025,20000
2026-03-17T09:51:24.765483,23,280,0.0,43.79999999999998,0.9569117962020657,0.0,0.0,0.0,73,147,85,6,5.246162414550781,0.00025,20000
2026-03-17T09:51:25.432548,23,290,0.0,43.999999999999986,0.9569117962020657,0.0,0.0,0.0,75,176,85,4,6.241559982299805,0.00025,20000
2026-03-17T09:51:26.097747,23,300,0.1,44.8,0.9569117962020657,0.0,0.0,0.0,83,160,85,5,5.26118278503418,0.00025,20000
2026-03-17T09:51:26.763662,23,310,0.0,57.8,0.9569117962020657,0.0,0.0,0.0,96,160,98,10,6.055593490600586,0.00025,20000
2026-03-17T09:51:27.441776,23,320,-0.1,56.999999999999986,0.9569117962020657,0.0,0.0,0.0,88,145,98,10,5.31768798828125,0.00025,20000
2026-03-17T09:51:28.094969,23,330,0.0,54.799999999999955,0.9569117962020657,0.0,0.0,0.0,66,176,98,4,7.044076919555664,0.00025,20000
2026-03-17T09:51:28.760857,23,340,0.0,54.59999999999995,0.9569117962020657,0.0,0.0,0.0,64,176,98,4,6.899356842041016,0.00025,20000
2026-03-17T09:51:29.424786,23,350,0.0,54.69999999999995,0.9569117962020657,0.0,0.0,0.0,65,136,98,5,5.405426025390625,0.00025,20000
2026-03-17T09:51:30.088598,23,360,-0.1,52.699999999999925,0.9569117962020657,0.0,0.0,0.0,45,145,98,9,3.411531448364258,0.00025,20000
2026-03-17T09:51:30.753534,23,370,0.1,52.29999999999992,0.9569117962020657,0.0,0.0,0.0,41,145,98,2,3.2472610473632812,0.00025,20000
2026-03-17T09:51:31.423883,23,380,0.0,52.59999999999992,0.9569117962020657,0.0,0.0,0.0,44,140,98,1,7.800817489624023,0.00025,20000
2026-03-17T09:51:32.086250,23,390,-0.1,52.39999999999992,0.9569117962020657,0.0,0.0,0.0,42,176,98,10,4.810333251953125,0.00025,20000
2026-03-17T09:51:32.750378,23,400,0.0,51.0999999999999,0.9569117962020657,0.0,0.0,0.0,29,160,98,9,3.3974647521972656,0.00025,20000
2026-03-17T09:51:33.418245,23,410,0.0,49.999999999999886,0.9569117962020657,0.0,0.0,0.0,18,147,98,2,6.014347076416016,0.00025,20000
2026-03-17T09:51:34.085887,23,420,0.0,50.09999999999989,0.9569117962020657,0.0,0.0,0.0,19,149,98,9,7.488727569580078,0.00025,20000
2026-03-17T09:51:34.749253,23,430,0.0,50.19999999999989,0.9569117962020657,0.0,0.0,0.0,20,160,98,3,4.544734954833984,0.00025,20000
2026-03-17T09:51:35.413269,23,440,0.0,51.0999999999999,0.9569117962020657,0.0,0.0,0.0,29,176,98,8,4.541635513305664,0.00025,20000
2026-03-17T09:51:36.050584,23,450,0.0,50.49999999999989,0.9569117962020657,0.0,0.0,0.0,23,176,98,7,8.022069931030273,0.00025,20000
2026-03-17T09:51:37.247648,24,9,0.0,4.0,0.9549979726096616,0.0,0.0,0.0,44,176,44,8,6.498098373413086,0.00025,20000
2026-03-17T09:51:37.910960,24,19,-0.1,2.0999999999999983,0.9549979726096616,0.0,0.0,0.0,25,176,44,9,4.409074783325195,0.00025,20000
2026-03-17T09:51:38.577282,24,29,0.0,0.5999999999999975,0.9549979726096616,0.0,0.0,0.0,10,148,44,5,6.768941879272461,0.00025,20000
2026-03-17T09:51:39.243297,24,39,0.0,0.1999999999999976,0.9549979726096616,0.0,0.0,0.0,6,176,44,1,6.918430328369141,0.00025,20000
2026-03-17T09:51:39.906418,24,49,0.0,0.5999999999999975,0.9549979726096616,0.0,0.0,0.0,10,157,44,2,4.697084426879883,0.00025,20000
2026-03-17T09:51:40.569290,24,59,0.0,0.3999999999999976,0.9549979726096616,0.0,0.0,0.0,8,173,44,2,3.3168792724609375,0.00025,20000
2026-03-17T09:51:41.237959,24,69,0.0,-0.3000000000000025,0.9549979726096616,0.0,0.0,0.0,1,160,44,7,3.6804676055908203,0.00025,20000
2026-03-17T09:51:41.905602,24,79,0.0,-0.10000000000000248,0.9549979726096616,0.0,0.0,0.0,3,147,44,7,7.395505905151367,0.00025,20000
2026-03-17T09:51:42.569655,24,89,0.0,-0.20000000000000248,0.9549979726096616,0.0,0.0,0.0,2,149,44,0,4.900693893432617,0.00025,20000
2026-03-17T09:51:43.234466,24,99,0.1,1.2999999999999976,0.9549979726096616,0.0,0.0,0.0,17,149,44,5,4.239797592163086,0.00025,20000
2026-03-17T09:51:43.901515,24,109,0.1,3.1999999999999993,0.9549979726096616,0.0,0.0,0.0,36,147,44,11,6.941556930541992,0.00025,20000
2026-03-17T09:51:44.569369,24,119,0.0,3.4999999999999996,0.9549979726096616,0.0,0.0,0.0,39,176,44,10,7.657766342163086,0.00025,20000
2026-03-17T09:51:45.229373,24,129,0.0,2.899999999999999,0.9549979726096616,0.0,0.0,0.0,33,176,44,2,3.6416053771972656,0.00025,20000
2026-03-17T09:51:45.896040,24,139,0.0,1.699999999999998,0.9549979726096616,0.0,0.0,0.0,21,149,44,4,3.654003143310547,0.00025,20000
2026-03-17T09:51:46.564058,24,149,0.0,0.3999999999999976,0.9549979726096616,0.0,0.0,0.0,8,157,44,1,5.349874496459961,0.00025,20000
2026-03-17T09:51:47.227662,24,159,-0.1,-0.10000000000000242,0.9549979726096616,0.0,0.0,0.0,3,176,44,7,3.7996768951416016,0.00025,20000
2026-03-17T09:51:47.893702,24,169,0.1,-0.10000000000000248,0.9549979726096616,0.0,0.0,0.0,3,160,44,8,5.177736282348633,0.00025,20000
2026-03-17T09:51:48.559401,24,179,0.0,-2.4702462297909733e-15,0.9549979726096616,0.0,0.0,0.0,4,160,44,1,5.046844482421875,0.00025,20000
2026-03-17T09:51:49.225153,24,189,0.0,0.19999999999999754,0.9549979726096616,0.0,0.0,0.0,6,128,44,5,5.264520645141602,0.00025,20000
2026-03-17T09:51:49.890697,24,199,0.0,-2.4702462297909733e-15,0.9549979726096616,0.0,0.0,0.0,4,147,44,0,5.598783493041992,0.00025,20000
2026-03-17T09:51:50.553633,24,209,0.0,-0.3000000000000025,0.9549979726096616,0.0,0.0,0.0,1,160,44,4,3.5729408264160156,0.00025,20000
2026-03-17T09:51:51.221766,24,219,0.0,-0.40000000000000246,0.9549979726096616,0.0,0.0,0.0,0,160,44,5,4.071950912475586,0.00025,20000
2026-03-17T09:51:51.889928,24,229,0.0,-0.3000000000000025,0.9549979726096616,0.0,0.0,0.0,1,176,44,10,6.732463836669922,0.00025,20000
2026-03-17T09:51:52.552080,24,239,0.1,0.3999999999999976,0.9549979726096616,0.0,0.0,0.0,8,122,44,1,4.049777984619141,0.00025,20000
2026-03-17T09:51:53.218006,24,249,0.0,1.3999999999999977,0.9549979726096616,0.0,0.0,0.0,18,147,44,0,4.221200942993164,0.00025,20000
2026-03-17T09:51:53.885413,24,259,-0.1,0.09999999999999759,0.9549979726096616,0.0,0.0,0.0,5,157,44,8,6.908178329467773,0.00025,20000
2026-03-17T09:51:54.551004,24,269,0.0,-0.40000000000000246,0.9549979726096616,0.0,0.0,0.0,0,173,44,7,5.64885139465332,0.00025,20000
2026-03-17T09:51:55.214373,24,279,0.1,0.9999999999999974,0.9549979726096616,0.0,0.0,0.0,14,176,44,2,5.527734756469727,0.00025,20000
2026-03-17T09:51:55.882202,24,289,0.0,0.7999999999999975,0.9549979726096616,0.0,0.0,0.0,12,147,44,8,7.942438125610352,0.00025,20000
2026-03-17T09:51:56.543219,24,299,-0.1,-0.40000000000000246,0.9549979726096616,0.0,0.0,0.0,0,157,44,10,3.850221633911133,0.00025,20000
2026-03-17T09:51:57.209728,24,309,0.1,1.0999999999999974,0.9549979726096616,0.0,0.0,0.0,15,146,44,0,3.317117691040039,0.00025,20000
2026-03-17T09:51:57.883288,24,319,1.0,27.0,0.9549979726096616,0.0,0.0,0.0,67,174,67,0,3.201723098754883,0.00025,20000
2026-03-17T09:51:58.540767,24,329,0.0,52.9,0.9549979726096616,0.0,0.0,0.0,92,160,93,6,3.301858901977539,0.00025,20000
2026-03-17T09:51:59.208716,24,339,0.0,56.0,0.9549979726096616,0.0,0.0,0.0,96,147,96,2,6.659030914306641,0.00025,20000
2026-03-17T09:51:59.873676,24,349,1.0,75.0,0.9549979726096616,0.0,0.0,0.0,115,157,115,1,4.732608795166016,0.00025,20000
2026-03-17T09:52:00.537843,24,359,-0.1,90.70000000000002,0.9549979726096616,0.0,0.0,0.0,128,135,131,9,4.29081916809082,0.00025,20000
2026-03-17T09:52:01.205173,24,369,1.0,92.0,0.9549979726096616,0.0,0.0,0.0,132,123,132,3,6.426572799682617,0.00025,20000
2026-03-17T09:52:01.868810,24,379,0.0,104.0,0.9549979726096616,0.0,0.0,0.0,144,135,144,0,3.6792755126953125,0.00025,20000
2026-03-17T09:52:02.534703,24,389,1.0,114.0,0.9549979726096616,0.0,0.0,0.0,154,173,154,6,4.8828125,0.00025,20000
2026-03-17T09:52:03.200043,24,399,-0.1,131.8,0.9549979726096616,0.0,0.0,0.0,170,176,172,2,4.318475723266602,0.00025,20000
2026-03-17T09:52:03.867335,24,409,-0.1,128.80000000000018,0.9549979726096616,0.0,0.0,0.0,140,176,172,1,4.924774169921875,0.00025,20000
2026-03-17T09:52:04.529373,24,419,0.0,128.90000000000018,0.9549979726096616,0.0,0.0,0.0,141,163,172,3,2.5949478149414062,0.00025,20000
2026-03-17T09:52:05.197822,24,429,0.0,129.20000000000016,0.9549979726096616,0.0,0.0,0.0,144,149,172,8,4.439592361450195,0.00025,20000
2026-03-17T09:52:05.865398,24,439,0.0,129.50000000000014,0.9549979726096616,0.0,0.0,0.0,147,127,172,6,5.327701568603516,0.00025,20000
2026-03-17T09:52:06.529984,24,449,0.0,130.3000000000001,0.9549979726096616,0.0,0.0,0.0,155,145,172,9,7.312297821044922,0.00025,20000
2026-03-17T09:52:07.195562,24,459,0.0,131.9,0.9549979726096616,0.0,0.0,0.0,171,147,172,5,5.375146865844727,0.00025,20000
2026-03-17T09:52:07.859444,24,469,0.0,148.9,0.9549979726096616,0.0,0.0,0.0,188,160,189,1,5.10096549987793,0.00025,20000
2026-03-17T09:52:08.521829,24,479,-0.1,146.30000000000015,0.9549979726096616,0.0,0.0,0.0,162,176,189,3,1.8885135650634766,0.00025,20000
2026-03-17T09:52:09.189979,24,489,-0.1,142.50000000000037,0.9549979726096616,0.0,0.0,0.0,124,136,189,3,4.342079162597656,0.00025,20000
2026-03-17T09:52:09.856273,24,499,0.0,141.10000000000045,0.9549979726096616,0.0,0.0,0.0,110,176,189,10,4.409074783325195,0.00025,20000
2026-03-17T09:52:10.522612,24,509,0.0,141.00000000000045,0.9549979726096616,0.0,0.0,0.0,109,176,189,4,5.363702774047852,0.00025,20000
2026-03-17T09:52:11.189567,24,519,0.1,143.00000000000034,0.9549979726096616,0.0,0.0,0.0,129,176,189,9,5.164861679077148,0.00025,20000
2026-03-17T09:52:11.853421,24,529,1.0,158.90000000000003,0.9549979726096616,0.0,0.0,0.0,199,141,199,5,5.275726318359375,0.00025,20000
2026-03-17T09:52:12.519767,24,539,0.0,200.90000000000003,0.9549979726096616,0.0,0.0,0.0,241,176,241,10,4.728794097900391,0.00025,20000
2026-03-17T09:52:13.185828,24,549,0.0,204.80000000000004,0.9549979726096616,0.0,0.0,0.0,244,176,245,2,6.08515739440918,0.00025,20000
2026-03-17T09:52:13.851592,24,559,0.0,204.80000000000004,0.9549979726096616,0.0,0.0,0.0,244,176,245,10,6.105184555053711,0.00025,20000
2026-03-17T09:52:14.513474,24,569,0.0,204.90000000000003,0.9549979726096616,0.0,0.0,0.0,245,176,245,6,3.4284591674804688,0.00025,20000
2026-03-17T09:52:15.181429,24,579,0.0,204.20000000000007,0.9549979726096616,0.0,0.0,0.0,238,140,245,9,4.487276077270508,0.00025,20000
2026-03-17T09:52:15.845893,24,589,0.0,210.90000000000003,0.9549979726096616,0.0,0.0,0.0,251,163,251,0,3.9107799530029297,0.00025,20000
2026-03-17T09:52:16.513439,24,599,1.0,214.90000000000003,0.9549979726096616,0.0,0.0,0.0,255,147,255,6,5.552768707275391,0.00025,20000
2026-03-17T09:52:17.181485,24,609,0.0,223.90000000000003,0.9549979726096616,0.0,0.0,0.0,264,176,264,10,7.378101348876953,0.00025,20000
2026-03-17T09:52:17.845700,24,619,-0.1,223.10000000000008,0.9549979726096616,0.0,0.0,0.0,256,176,264,3,7.503509521484375,0.00025,20000
2026-03-17T09:52:18.507243,24,629,0.0,222.20000000000013,0.9549979726096616,0.0,0.0,0.0,247,160,264,1,3.830432891845703,0.00025,20000
2026-03-17T09:52:19.176786,24,639,0.0,222.10000000000014,0.9549979726096616,0.0,0.0,0.0,246,147,264,7,7.14564323425293,0.00025,20000
2026-03-17T09:52:19.857447,24,649,0.0,223.50000000000006,0.9549979726096616,0.0,0.0,0.0,260,145,264,0,4.661321640014648,0.00025,20000
2026-03-17T09:52:20.523584,24,659,0.0,227.90000000000003,0.9549979726096616,0.0,0.0,0.0,268,135,268,9,6.808042526245117,0.00025,20000
2026-03-17T09:52:21.188226,24,669,0.0,235.30000000000007,0.9549979726096616,0.0,0.0,0.0,270,145,276,11,4.623889923095703,0.00025,20000
2026-03-17T09:52:21.853474,24,679,0.0,234.30000000000013,0.9549979726096616,0.0,0.0,0.0,260,176,276,4,4.713773727416992,0.00025,20000
2026-03-17T09:52:22.520914,24,689,0.1,235.30000000000007,0.9549979726096616,0.0,0.0,0.0,270,121,276,11,6.199121475219727,0.00025,20000
2026-03-17T09:52:23.184637,24,699,-0.1,235.20000000000007,0.9549979726096616,0.0,0.0,0.0,269,145,276,2,4.705667495727539,0.00025,20000
2026-03-17T09:52:23.850444,24,709,0.0,232.00000000000026,0.9549979726096616,0.0,0.0,0.0,237,135,276,11,4.007577896118164,0.00025,20000
2026-03-17T09:52:24.515577,24,719,0.0,231.70000000000027,0.9549979726096616,0.0,0.0,0.0,234,160,276,1,5.046606063842773,0.00025,20000
2026-03-17T09:52:25.181681,24,729,-0.1,231.60000000000028,0.9549979726096616,0.0,0.0,0.0,233,147,276,4,6.010293960571289,0.00025,20000
2026-03-17T09:52:25.844388,24,739,0.0,230.50000000000034,0.9549979726096616,0.0,0.0,0.0,222,176,276,9,3.0565261840820312,0.00025,20000
2026-03-17T09:52:26.511811,24,749,-0.1,231.1000000000003,0.9549979726096616,0.0,0.0,0.0,228,145,276,1,4.513740539550781,0.00025,20000
2026-03-17T09:52:27.178082,24,759,0.0,230.70000000000033,0.9549979726096616,0.0,0.0,0.0,224,127,276,9,5.264997482299805,0.00025,20000
2026-03-17T09:52:27.844836,24,769,0.1,233.2000000000002,0.9549979726096616,0.0,0.0,0.0,249,176,276,3,5.628347396850586,0.00025,20000
2026-03-17T09:52:28.509885,24,779,-0.1,233.2000000000002,0.9549979726096616,0.0,0.0,0.0,249,176,276,8,5.115985870361328,0.00025,20000
2026-03-17T09:52:29.174557,24,789,-0.2,229.6000000000004,0.9549979726096616,0.0,0.0,0.0,213,160,276,2,5.658149719238281,0.00025,20000
2026-03-17T09:52:29.841187,24,799,0.0,229.10000000000042,0.9549979726096616,0.0,0.0,0.0,208,147,276,9,6.079435348510742,0.00025,20000
2026-03-17T09:52:30.505039,24,809,0.0,229.10000000000042,0.9549979726096616,0.0,0.0,0.0,208,147,276,6,5.203723907470703,0.00025,20000
2026-03-17T09:52:31.170245,24,819,0.0,227.9000000000005,0.9549979726096616,0.0,0.0,0.0,196,173,276,10,3.5800933837890625,0.00025,20000
2026-03-17T09:52:31.835808,24,829,0.0,229.20000000000041,0.9549979726096616,0.0,0.0,0.0,209,176,276,11,4.242181777954102,0.00025,20000
2026-03-17T09:52:32.502450,24,839,0.0,229.10000000000042,0.9549979726096616,0.0,0.0,0.0,208,176,276,9,4.694223403930664,0.00025,20000
2026-03-17T09:52:33.167232,24,849,0.0,231.1000000000003,0.9549979726096616,0.0,0.0,0.0,228,176,276,2,4.944086074829102,0.00025,20000
2026-03-17T09:52:33.831521,24,859,0.0,229.90000000000038,0.9549979726096616,0.0,0.0,0.0,216,173,276,10,3.448963165283203,0.00025,20000
2026-03-17T09:52:34.498599,24,869,0.0,229.20000000000041,0.9549979726096616,0.0,0.0,0.0,209,148,276,0,5.405187606811523,0.00025,20000
2026-03-17T09:52:35.165367,24,879,0.1,230.70000000000033,0.9549979726096616,0.0,0.0,0.0,224,176,276,1,6.290197372436523,0.00025,20000
2026-03-17T09:52:35.831780,24,889,-0.1,232.10000000000025,0.9549979726096616,0.0,0.0,0.0,238,176,276,4,7.014751434326172,0.00025,20000
2026-03-17T09:52:36.495396,24,899,-0.1,229.7000000000004,0.9549979726096616,0.0,0.0,0.0,214,149,276,2,5.082607269287109,0.00025,20000
2026-03-17T09:52:37.160510,24,909,0.0,227.9000000000005,0.9549979726096616,0.0,0.0,0.0,196,128,276,11,5.212545394897461,0.00025,20000
2026-03-17T09:52:37.824798,24,919,0.0,228.30000000000047,0.9549979726096616,0.0,0.0,0.0,200,147,276,5,3.4341812133789062,0.00025,20000
2026-03-17T09:52:38.490505,24,929,0.0,227.9000000000005,0.9549979726096616,0.0,0.0,0.0,196,145,276,5,3.6132335662841797,0.00025,20000
2026-03-17T09:52:39.157711,24,939,0.1,228.90000000000043,0.9549979726096616,0.0,0.0,0.0,206,121,276,0,5.420923233032227,0.00025,20000
2026-03-17T09:52:39.824690,24,949,0.0,230.60000000000034,0.9549979726096616,0.0,0.0,0.0,223,145,276,8,5.425691604614258,0.00025,20000
2026-03-17T09:52:40.489263,24,959,0.0,227.9000000000005,0.9549979726096616,0.0,0.0,0.0,196,157,276,7,5.755424499511719,0.00025,20000
2026-03-17T09:52:41.172828,24,969,0.0,228.30000000000047,0.9549979726096616,0.0,0.0,0.0,200,176,276,9,5.920171737670898,0.00025,20000
2026-03-17T09:52:41.838456,24,979,0.1,231.1000000000003,0.9549979726096616,0.0,0.0,0.0,228,160,276,0,6.432056427001953,0.00025,20000
2026-03-17T09:52:42.503129,24,989,0.2,235.60000000000005,0.9549979726096616,0.0,0.0,0.0,273,143,276,7,5.601167678833008,0.00025,20000
2026-03-17T09:52:43.165246,24,999,0.0,266.8,0.9549979726096616,0.0,0.0,0.0,306,139,307,10,3.22723388671875,0.00025,20000
2026-03-17T09:52:43.832838,24,1009,-0.1,266.2999999999999,0.9549979726096616,0.0,0.0,0.0,301,121,307,10,4.822015762329102,0.00025,20000
2026-03-17T09:52:44.498948,24,1019,-0.1,263.49999999999926,0.9549979726096616,0.0,0.0,0.0,273,147,307,9,3.948211669921875,0.00025,20000
2026-03-17T09:52:45.164807,24,1029,0.0,260.0999999999985,0.9549979726096616,0.0,0.0,0.0,239,176,307,4,4.767179489135742,0.00025,20000
2026-03-17T09:52:45.828832,24,1039,0.1,260.6999999999986,0.9549979726096616,0.0,0.0,0.0,245,157,307,5,4.500865936279297,0.00025,20000
2026-03-17T09:52:46.496610,24,1049,0.1,261.29999999999876,0.9549979726096616,0.0,0.0,0.0,251,147,307,0,6.470918655395508,0.00025,20000
2026-03-17T09:52:47.161798,24,1059,0.0,260.79999999999865,0.9549979726096616,0.0,0.0,0.0,246,176,307,3,6.326913833618164,0.00025,20000
2026-03-17T09:52:47.826337,24,1069,0.0,258.0999999999982,0.9549979726096616,0.0,0.0,0.0,219,160,307,4,4.288673400878906,0.00025,20000
2026-03-17T09:52:48.491098,24,1079,0.1,261.39999999999884,0.9549979726096616,0.0,0.0,0.0,252,176,307,4,3.6427974700927734,0.00025,20000
2026-03-17T09:52:49.155992,24,1089,0.1,266.3999999999993,0.9549979726096616,0.0,0.0,0.0,302,176,307,3,3.4210681915283203,0.00025,20000
2026-03-17T09:52:49.822946,24,1099,0.0,272.8999999999994,0.9549979726096616,0.0,0.0,0.0,313,149,313,11,5.118846893310547,0.00025,20000
2026-03-17T09:52:50.488759,24,1109,0.0,287.8999999999994,0.9549979726096616,0.0,0.0,0.0,328,147,328,8,5.387544631958008,0.00025,20000
2026-03-17T09:52:51.156749,24,1119,0.0,302.8999999999994,0.9549979726096616,0.0,0.0,0.0,343,157,343,9,5.940914154052734,0.00025,20000
2026-03-17T09:52:51.819896,24,1129,-0.1,303.5999999999991,0.9549979726096616,0.0,0.0,0.0,332,176,345,6,5.766868591308594,0.00025,20000
2026-03-17T09:52:52.486637,24,1139,0.0,303.29999999999905,0.9549979726096616,0.0,0.0,0.0,329,145,345,9,6.162405014038086,0.00025,20000
2026-03-17T09:52:53.153184,24,1149,-0.1,302.999999999999,0.9549979726096616,0.0,0.0,0.0,326,155,345,3,7.185459136962891,0.00025,20000
2026-03-17T09:52:53.815793,24,1159,0.0,302.999999999999,0.9549979726096616,0.0,0.0,0.0,326,176,345,5,3.523111343383789,0.00025,20000
2026-03-17T09:52:54.479815,24,1169,0.0,301.6999999999987,0.9549979726096616,0.0,0.0,0.0,313,147,345,6,3.2815933227539062,0.00025,20000
2026-03-17T09:52:55.147421,24,1179,0.0,301.6999999999987,0.9549979726096616,0.0,0.0,0.0,313,176,345,4,4.438877105712891,0.00025,20000
2026-03-17T09:52:55.813015,24,1189,0.0,301.6999999999987,0.9549979726096616,0.0,0.0,0.0,313,176,345,5,4.334211349487305,0.00025,20000
2026-03-17T09:52:56.478867,24,1199,0.0,300.4999999999984,0.9549979726096616,0.0,0.0,0.0,301,173,345,4,3.5581588745117188,0.00025,20000
2026-03-17T09:52:57.144241,24,1209,0.0,301.09999999999854,0.9549979726096616,0.0,0.0,0.0,307,173,345,3,4.39763069152832,0.00025,20000
2026-03-17T09:52:57.811763,24,1219,0.0,301.7999999999987,0.9549979726096616,0.0,0.0,0.0,314,149,345,8,6.683826446533203,0.00025,20000
2026-03-17T09:52:58.472721,24,1229,0.0,301.6999999999987,0.9549979726096616,0.0,0.0,0.0,313,147,345,3,3.292083740234375,0.00025,20000
2026-03-17T09:52:59.139300,24,1239,0.0,301.8999999999987,0.9549979726096616,0.0,0.0,0.0,315,135,345,0,3.3118724822998047,0.00025,20000
2026-03-17T09:52:59.807101,24,1249,0.0,302.5999999999989,0.9549979726096616,0.0,0.0,0.0,322,152,345,5,4.433631896972656,0.00025,20000
2026-03-17T09:53:00.470256,24,1259,0.0,302.5999999999989,0.9549979726096616,0.0,0.0,0.0,322,176,345,8,3.7107467651367188,0.00025,20000
2026-03-17T09:53:01.135894,24,1269,0.0,302.0999999999988,0.9549979726096616,0.0,0.0,0.0,317,147,345,3,3.80706787109375,0.00025,20000
2026-03-17T09:53:01.803270,24,1279,-0.1,301.3999999999986,0.9549979726096616,0.0,0.0,0.0,310,176,345,4,4.953861236572266,0.00025,20000
2026-03-17T09:53:02.483794,24,1289,0.0,301.2999999999986,0.9549979726096616,0.0,0.0,0.0,309,160,345,7,3.5026073455810547,0.00025,20000
2026-03-17T09:53:03.151877,24,1299,0.0,301.19999999999857,0.9549979726096616,0.0,0.0,0.0,308,149,345,1,6.584405899047852,0.00025,20000
2026-03-17T09:53:03.818373,24,1309,0.0,301.2999999999986,0.9549979726096616,0.0,0.0,0.0,309,140,345,0,6.47282600402832,0.00025,20000
2026-03-17T09:53:04.485204,24,1319,0.0,300.69999999999845,0.9549979726096616,0.0,0.0,0.0,303,116,345,2,7.841825485229492,0.00025,20000
2026-03-17T09:53:05.146820,24,1329,0.0,301.09999999999854,0.9549979726096616,0.0,0.0,0.0,307,157,345,10,4.432201385498047,0.00025,20000
2026-03-17T09:53:05.811361,24,1339,-0.1,298.49999999999795,0.9549979726096616,0.0,0.0,0.0,281,168,345,5,3.1042098999023438,0.00025,20000
2026-03-17T09:53:06.477341,24,1349,0.0,297.2999999999977,0.9549979726096616,0.0,0.0,0.0,269,157,345,9,3.5572052001953125,0.00025,20000
2026-03-17T09:53:07.144007,24,1359,0.0,298.39999999999793,0.9549979726096616,0.0,0.0,0.0,280,176,345,5,5.483865737915039,0.00025,20000
2026-03-17T09:53:07.811054,24,1369,0.0,299.5999999999982,0.9549979726096616,0.0,0.0,0.0,292,149,345,0,4.853010177612305,0.00025,20000
2026-03-17T09:53:08.474636,24,1379,0.0,299.6999999999982,0.9549979726096616,0.0,0.0,0.0,293,176,345,5,5.1174163818359375,0.00025,20000
2026-03-17T09:53:09.140658,24,1389,0.0,298.699999999998,0.9549979726096616,0.0,0.0,0.0,283,160,345,0,5.721569061279297,0.00025,20000
2026-03-17T09:53:09.805843,24,1399,-0.1,298.799999999998,0.9549979726096616,0.0,0.0,0.0,284,147,345,11,3.3991336822509766,0.00025,20000
2026-03-17T09:53:10.469862,24,1409,0.0,298.39999999999793,0.9549979726096616,0.0,0.0,0.0,280,160,345,8,3.2949447631835938,0.00025,20000
2026-03-17T09:53:11.137189,24,1419,0.1,297.3999999999977,0.9549979726096616,0.0,0.0,0.0,270,145,345,3,3.511190414428711,0.00025,20000
2026-03-17T09:53:11.803421,24,1429,0.1,297.99999999999784,0.9549979726096616,0.0,0.0,0.0,276,173,345,8,5.498409271240234,0.00025,20000
2026-03-17T09:53:12.468057,24,1439,-0.1,297.4999999999977,0.9549979726096616,0.0,0.0,0.0,271,128,345,0,3.927946090698242,0.00025,20000
2026-03-17T09:53:13.136130,24,1449,0.0,297.3999999999977,0.9549979726096616,0.0,0.0,0.0,270,157,345,9,6.580591201782227,0.00025,20000
2026-03-17T09:53:13.802024,24,1459,0.0,297.3999999999977,0.9549979726096616,0.0,0.0,0.0,270,149,345,4,5.162715911865234,0.00025,20000
2026-03-17T09:53:14.466217,24,1469,0.0,297.6999999999978,0.9549979726096616,0.0,0.0,0.0,273,176,345,10,5.765438079833984,0.00025,20000
2026-03-17T09:53:15.132002,24,1479,0.0,297.4999999999977,0.9549979726096616,0.0,0.0,0.0,271,176,345,2,6.589651107788086,0.00025,20000
2026-03-17T09:53:15.796595,24,1489,0.0,296.9999999999976,0.9549979726096616,0.0,0.0,0.0,266,176,345,4,4.863262176513672,0.00025,20000
2026-03-17T09:53:16.460072,24,1499,0.0,297.2999999999977,0.9549979726096616,0.0,0.0,0.0,269,176,345,9,3.542184829711914,0.00025,20000
2026-03-17T09:53:17.125871,24,1509,0.0,297.3999999999977,0.9549979726096616,0.0,0.0,0.0,270,173,345,1,3.7174224853515625,0.00025,20000
2026-03-17T09:53:17.793506,24,1519,0.0,298.09999999999786,0.9549979726096616,0.0,0.0,0.0,277,152,345,9,4.653692245483398,0.00025,20000
2026-03-17T09:53:18.458024,24,1529,0.0,298.09999999999786,0.9549979726096616,0.0,0.0,0.0,277,128,345,4,4.52113151550293,0.00025,20000
2026-03-17T09:53:19.645190,25,1,0.0,0.0,0.9530879766644422,0.0,0.0,0.0,40,176,40,9,1.4483928680419922,0.00025,20000
2026-03-17T09:53:20.288764,25,11,0.0,5.0,0.9530879766644422,0.0,0.0,0.0,45,176,45,6,5.299091339111328,0.00025,20000
2026-03-17T09:53:20.956977,25,21,0.0,4.800000000000001,0.9530879766644422,0.0,0.0,0.0,43,160,45,4,6.9980621337890625,0.00025,20000
2026-03-17T09:53:21.626079,25,31,0.0,7.0,0.9530879766644422,0.0,0.0,0.0,47,176,47,4,11.781930923461914,0.00025,20000
2026-03-17T09:53:22.284248,25,41,1.0,34.0,0.9530879766644422,0.0,0.0,0.0,74,176,74,7,3.1092166900634766,0.00025,20000
2026-03-17T09:53:22.951096,25,51,1.0,67.0,0.9530879766644422,0.0,0.0,0.0,107,174,107,8,5.247354507446289,0.00025,20000
2026-03-17T09:53:23.616041,25,61,0.0,68.40000000000003,0.9530879766644422,0.0,0.0,0.0,103,173,109,3,4.175662994384766,0.00025,20000
2026-03-17T09:53:24.280032,25,71,0.0,68.60000000000002,0.9530879766644422,0.0,0.0,0.0,105,176,109,1,3.7946701049804688,0.00025,20000
2026-03-17T09:53:24.950246,25,81,-0.1,68.00000000000006,0.9530879766644422,0.0,0.0,0.0,99,160,109,0,5.575895309448242,0.00025,20000
2026-03-17T09:53:25.613300,25,91,0.1,67.40000000000009,0.9530879766644422,0.0,0.0,0.0,93,176,109,0,5.636692047119141,0.00025,20000
2026-03-17T09:53:26.278856,25,101,0.0,68.30000000000004,0.9530879766644422,0.0,0.0,0.0,102,176,109,0,5.906105041503906,0.00025,20000
2026-03-17T09:53:26.946621,25,111,0.0,67.10000000000011,0.9530879766644422,0.0,0.0,0.0,90,149,109,2,7.711172103881836,0.00025,20000
2026-03-17T09:53:27.608374,25,121,0.0,66.60000000000014,0.9530879766644422,0.0,0.0,0.0,85,145,109,9,3.516674041748047,0.00025,20000
2026-03-17T09:53:28.275119,25,131,1.0,77.0,0.9530879766644422,0.0,0.0,0.0,117,173,117,9,3.648519515991211,0.00025,20000
2026-03-17T09:53:28.941842,25,141,0.0,85.0,0.9530879766644422,0.0,0.0,0.0,125,149,125,9,5.917549133300781,0.00025,20000
2026-03-17T09:53:29.606500,25,151,0.0,95.0,0.9530879766644422,0.0,0.0,0.0,135,176,135,6,4.60052490234375,0.00025,20000
2026-03-17T09:53:30.287865,25,161,0.0,94.70000000000002,0.9530879766644422,0.0,0.0,0.0,132,176,135,5,7.843971252441406,0.00025,20000
2026-03-17T09:53:30.937254,25,171,0.0,93.00000000000011,0.9530879766644422,0.0,0.0,0.0,115,176,135,6,4.3582916259765625,0.00025,20000
2026-03-17T09:53:31.601218,25,181,-0.1,91.80000000000018,0.9530879766644422,0.0,0.0,0.0,103,160,135,1,3.1332969665527344,0.00025,20000
2026-03-17T09:53:32.270054,25,191,0.0,90.90000000000023,0.9530879766644422,0.0,0.0,0.0,94,149,135,1,6.165027618408203,0.00025,20000
2026-03-17T09:53:32.943881,25,201,0.1,92.10000000000016,0.9530879766644422,0.0,0.0,0.0,106,160,135,4,15.273809432983398,0.00025,20000
2026-03-17T09:53:33.596256,25,211,0.0,93.60000000000008,0.9530879766644422,0.0,0.0,0.0,121,176,135,8,2.2280216217041016,0.00025,20000
2026-03-17T09:53:34.264773,25,221,0.0,93.40000000000009,0.9530879766644422,0.0,0.0,0.0,119,176,135,2,4.016637802124023,0.00025,20000
2026-03-17T09:53:34.930988,25,231,0.1,93.90000000000006,0.9530879766644422,0.0,0.0,0.0,124,176,135,0,5.190372467041016,0.00025,20000
2026-03-17T09:53:35.597972,25,241,-0.1,93.3000000000001,0.9530879766644422,0.0,0.0,0.0,118,160,135,0,5.92494010925293,0.00025,20000
2026-03-17T09:53:36.264747,25,251,0.0,91.5000000000002,0.9530879766644422,0.0,0.0,0.0,100,136,135,4,6.609916687011719,0.00025,20000
2026-03-17T09:53:36.929492,25,261,0.0,90.70000000000024,0.9530879766644422,0.0,0.0,0.0,92,160,135,6,6.441593170166016,0.00025,20000
2026-03-17T09:53:37.594098,25,271,0.0,90.60000000000025,0.9530879766644422,0.0,0.0,0.0,91,145,135,2,5.734443664550781,0.00025,20000
2026-03-17T09:53:38.259892,25,281,0.0,88.20000000000039,0.9530879766644422,0.0,0.0,0.0,67,160,135,11,6.480216979980469,0.00025,20000
2026-03-17T09:53:38.924562,25,291,0.0,87.00000000000045,0.9530879766644422,0.0,0.0,0.0,55,145,135,2,4.75001335144043,0.00025,20000
2026-03-17T09:53:39.588381,25,301,0.1,87.20000000000044,0.9530879766644422,0.0,0.0,0.0,57,157,135,0,3.814697265625,0.00025,20000
2026-03-17T09:53:40.255862,25,311,0.0,87.00000000000045,0.9530879766644422,0.0,0.0,0.0,55,165,135,1,4.744291305541992,0.00025,20000
2026-03-17T09:53:40.919795,25,321,0.0,87.50000000000043,0.9530879766644422,0.0,0.0,0.0,60,176,135,11,4.607200622558594,0.00025,20000
2026-03-17T09:53:41.586877,25,331,0.1,88.70000000000036,0.9530879766644422,0.0,0.0,0.0,72,163,135,7,3.2644271850585938,0.00025,20000
2026-03-17T09:53:42.252556,25,341,0.0,90.70000000000024,0.9530879766644422,0.0,0.0,0.0,92,176,135,11,6.135463714599609,0.00025,20000
2026-03-17T09:53:42.919424,25,351,-0.1,90.60000000000025,0.9530879766644422,0.0,0.0,0.0,91,128,135,7,6.802558898925781,0.00025,20000
2026-03-17T09:53:43.585253,25,361,-0.1,90.50000000000026,0.9530879766644422,0.0,0.0,0.0,90,160,135,5,6.493806838989258,0.00025,20000
2026-03-17T09:53:44.250876,25,371,0.0,87.00000000000038,0.9530879766644422,0.0,0.0,0.0,55,176,135,2,6.499767303466797,0.00025,20000
2026-03-17T09:53:44.912774,25,381,0.0,87.10000000000038,0.9530879766644422,0.0,0.0,0.0,56,176,135,1,3.3626556396484375,0.00025,20000
2026-03-17T09:53:45.579817,25,391,0.0,87.50000000000036,0.9530879766644422,0.0,0.0,0.0,60,157,135,9,3.820657730102539,0.00025,20000
2026-03-17T09:53:46.245119,25,401,0.0,87.20000000000037,0.9530879766644422,0.0,0.0,0.0,57,140,135,4,4.870414733886719,0.00025,20000
2026-03-17T09:53:46.911695,25,411,0.0,87.20000000000037,0.9530879766644422,0.0,0.0,0.0,57,176,135,9,5.166530609130859,0.00025,20000
2026-03-17T09:53:47.577395,25,421,0.0,89.70000000000023,0.9530879766644422,0.0,0.0,0.0,82,176,135,8,6.020545959472656,0.00025,20000
2026-03-17T09:53:48.245087,25,431,0.1,90.80000000000017,0.9530879766644422,0.0,0.0,0.0,93,176,135,10,7.117271423339844,0.00025,20000
2026-03-17T09:53:48.910379,25,441,0.0,91.00000000000016,0.9530879766644422,0.0,0.0,0.0,95,176,135,0,6.227016448974609,0.00025,20000
2026-03-17T09:53:49.574230,25,451,0.0,91.30000000000014,0.9530879766644422,0.0,0.0,0.0,98,176,135,9,6.302833557128906,0.00025,20000
2026-03-17T09:53:50.239577,25,461,0.0,92.0000000000001,0.9530879766644422,0.0,0.0,0.0,105,149,135,10,5.768060684204102,0.00025,20000
2026-03-17T09:53:50.903668,25,471,0.0,91.60000000000012,0.9530879766644422,0.0,0.0,0.0,101,138,135,1,3.670930862426758,0.00025,20000
2026-03-17T09:53:51.569296,25,481,0.0,92.20000000000009,0.9530879766644422,0.0,0.0,0.0,107,147,135,8,3.585338592529297,0.00025,20000
2026-03-17T09:53:52.234474,25,491,-0.1,92.50000000000007,0.9530879766644422,0.0,0.0,0.0,110,147,135,3,3.995180130004883,0.00025,20000
2026-03-17T09:53:52.902970,25,501,-0.1,90.3000000000002,0.9530879766644422,0.0,0.0,0.0,88,128,135,6,5.049943923950195,0.00025,20000
2026-03-17T09:53:53.564983,25,511,0.1,89.50000000000024,0.9530879766644422,0.0,0.0,0.0,80,136,135,3,3.297567367553711,0.00025,20000
2026-03-17T09:53:54.235007,25,521,0.0,90.40000000000019,0.9530879766644422,0.0,0.0,0.0,89,176,135,9,6.039857864379883,0.00025,20000
2026-03-17T09:53:54.898237,25,531,0.0,90.00000000000021,0.9530879766644422,0.0,0.0,0.0,85,176,135,1,5.037546157836914,0.00025,20000
2026-03-17T09:53:55.563114,25,541,0.0,90.70000000000017,0.9530879766644422,0.0,0.0,0.0,92,176,135,1,5.69605827331543,0.00025,20000
2026-03-17T09:53:56.226940,25,551,0.0,90.70000000000017,0.9530879766644422,0.0,0.0,0.0,92,160,135,3,2.8867721557617188,0.00025,20000
2026-03-17T09:53:56.893486,25,561,0.0,88.4000000000003,0.9530879766644422,0.0,0.0,0.0,69,176,135,3,3.9174556732177734,0.00025,20000
2026-03-17T09:53:57.559479,25,571,0.1,90.3000000000002,0.9530879766644422,0.0,0.0,0.0,88,145,135,4,4.317760467529297,0.00025,20000
2026-03-17T09:53:58.227209,25,581,0.1,94.80000000000003,0.9530879766644422,0.0,0.0,0.0,133,125,135,1,5.602598190307617,0.00025,20000
2026-03-17T09:53:58.893148,25,591,0.0,123.60000000000005,0.9530879766644422,0.0,0.0,0.0,160,149,164,8,6.12950325012207,0.00025,20000
2026-03-17T09:53:59.556828,25,601,0.0,122.10000000000014,0.9530879766644422,0.0,0.0,0.0,145,176,164,10,5.533695220947266,0.00025,20000
2026-03-17T09:54:00.223027,25,611,0.0,119.80000000000027,0.9530879766644422,0.0,0.0,0.0,122,149,164,11,5.654573440551758,0.00025,20000
2026-03-17T09:54:00.889894,25,621,0.0,119.70000000000027,0.9530879766644422,0.0,0.0,0.0,121,145,164,6,6.575822830200195,0.00025,20000
2026-03-17T09:54:01.554919,25,631,0.1,120.70000000000022,0.9530879766644422,0.0,0.0,0.0,131,140,164,10,6.039857864379883,0.00025,20000
2026-03-17T09:54:02.235725,25,641,0.0,121.60000000000016,0.9530879766644422,0.0,0.0,0.0,140,145,164,3,5.178213119506836,0.00025,20000
2026-03-17T09:54:02.900923,25,651,0.0,122.30000000000013,0.9530879766644422,0.0,0.0,0.0,147,157,164,5,4.227399826049805,0.00025,20000
2026-03-17T09:54:03.567672,25,661,-0.1,120.50000000000023,0.9530879766644422,0.0,0.0,0.0,129,176,164,4,5.700349807739258,0.00025,20000
2026-03-17T09:54:04.233213,25,671,-0.1,116.2000000000004,0.9530879766644422,0.0,0.0,0.0,86,176,164,1,4.938840866088867,0.00025,20000
2026-03-17T09:54:04.900722,25,681,0.0,115.50000000000043,0.9530879766644422,0.0,0.0,0.0,79,176,164,1,7.129669189453125,0.00025,20000
2026-03-17T09:54:05.564619,25,691,0.1,116.70000000000036,0.9530879766644422,0.0,0.0,0.0,91,176,164,6,5.927801132202148,0.00025,20000
2026-03-17T09:54:06.231073,25,701,0.0,116.10000000000039,0.9530879766644422,0.0,0.0,0.0,85,176,164,9,5.909204483032227,0.00025,20000
2026-03-17T09:54:06.896325,25,711,0.0,116.40000000000038,0.9530879766644422,0.0,0.0,0.0,88,160,164,4,6.752729415893555,0.00025,20000
2026-03-17T09:54:07.558578,25,721,0.0,116.0000000000004,0.9530879766644422,0.0,0.0,0.0,84,176,164,8,3.3097267150878906,0.00025,20000
2026-03-17T09:54:08.224121,25,731,0.0,115.50000000000043,0.9530879766644422,0.0,0.0,0.0,79,165,164,6,4.004716873168945,0.00025,20000
2026-03-17T09:54:08.890071,25,741,0.0,115.50000000000043,0.9530879766644422,0.0,0.0,0.0,79,176,164,10,4.690408706665039,0.00025,20000
2026-03-17T09:54:09.556094,25,751,0.0,116.60000000000036,0.9530879766644422,0.0,0.0,0.0,90,168,164,6,3.857135772705078,0.00025,20000
2026-03-17T09:54:10.221151,25,761,0.0,115.9000000000004,0.9530879766644422,0.0,0.0,0.0,83,173,164,8,4.712581634521484,0.00025,20000
2026-03-17T09:54:10.891880,25,771,0.0,115.80000000000041,0.9530879766644422,0.0,0.0,0.0,82,160,164,0,7.822275161743164,0.00025,20000
2026-03-17T09:54:11.555137,25,781,0.0,116.10000000000039,0.9530879766644422,0.0,0.0,0.0,85,176,164,4,6.421566009521484,0.00025,20000
2026-03-17T09:54:12.217715,25,791,0.0,115.40000000000043,0.9530879766644422,0.0,0.0,0.0,78,136,164,2,3.6830902099609375,0.00025,20000
2026-03-17T09:54:12.885425,25,801,-0.1,115.40000000000043,0.9530879766644422,0.0,0.0,0.0,78,147,164,9,5.665063858032227,0.00025,20000
2026-03-17T09:54:13.553526,25,811,0.0,115.40000000000043,0.9530879766644422,0.0,0.0,0.0,78,176,164,9,7.6465606689453125,0.00025,20000
2026-03-17T09:54:14.216758,25,821,0.0,116.80000000000035,0.9530879766644422,0.0,0.0,0.0,92,149,164,10,4.876852035522461,0.00025,20000
2026-03-17T09:54:14.881287,25,831,0.1,116.70000000000036,0.9530879766644422,0.0,0.0,0.0,91,147,164,1,4.587650299072266,0.00025,20000
2026-03-17T09:54:15.547122,25,841,0.0,117.30000000000032,0.9530879766644422,0.0,0.0,0.0,97,176,164,5,4.216670989990234,0.00025,20000
2026-03-17T09:54:16.211053,25,851,0.0,117.8000000000003,0.9530879766644422,0.0,0.0,0.0,102,176,164,5,4.335641860961914,0.00025,20000
2026-03-17T09:54:16.878062,25,861,0.0,115.40000000000042,0.9530879766644422,0.0,0.0,0.0,78,142,164,4,4.301309585571289,0.00025,20000
2026-03-17T09:54:17.544992,25,871,0.0,116.40000000000036,0.9530879766644422,0.0,0.0,0.0,88,176,164,6,6.792545318603516,0.00025,20000
2026-03-17T09:54:18.212729,25,881,-0.1,115.50000000000041,0.9530879766644422,0.0,0.0,0.0,79,173,164,2,7.215261459350586,0.00025,20000
2026-03-17T09:54:18.875120,25,891,0.0,115.7000000000004,0.9530879766644422,0.0,0.0,0.0,81,176,164,7,5.588531494140625,0.00025,20000
2026-03-17T09:54:19.539492,25,901,0.0,116.30000000000037,0.9530879766644422,0.0,0.0,0.0,87,176,164,9,4.062414169311523,0.00025,20000
2026-03-17T09:54:20.206083,25,911,0.1,116.10000000000038,0.9530879766644422,0.0,0.0,0.0,85,145,164,0,5.010366439819336,0.00025,20000
2026-03-17T09:54:20.871650,25,921,0.1,119.70000000000024,0.9530879766644422,0.0,0.0,0.0,121,136,164,7,5.909919738769531,0.00025,20000
2026-03-17T09:54:21.538386,25,931,1.0,133.00000000000017,0.9530879766644422,0.0,0.0,0.0,173,138,173,10,5.04755973815918,0.00025,20000
2026-03-17T09:54:22.201926,25,941,1.0,180.00000000000017,0.9530879766644422,0.0,0.0,0.0,220,125,220,8,5.425930023193359,0.00025,20000
2026-03-17T09:54:22.869138,25,951,1.0,220.00000000000017,0.9530879766644422,0.0,0.0,0.0,260,144,260,8,6.463050842285156,0.00025,20000
2026-03-17T09:54:23.534095,25,961,1.0,263.00000000000017,0.9530879766644422,0.0,0.0,0.0,303,173,303,3,5.676507949829102,0.00025,20000
2026-03-17T09:54:24.197217,25,971,1.0,306.00000000000017,0.9530879766644422,0.0,0.0,0.0,346,176,346,0,3.453969955444336,0.00025,20000
2026-03-17T09:54:24.863642,25,981,1.0,341.00000000000017,0.9530879766644422,0.0,0.0,0.0,381,176,381,11,3.473997116088867,0.00025,20000
2026-03-17T09:54:25.528291,25,991,1.0,376.00000000000017,0.9530879766644422,0.0,0.0,0.0,416,128,416,0,3.317117691040039,0.00025,20000
2026-03-17T09:54:26.194454,25,1001,0.0,399.00000000000017,0.9530879766644422,0.0,0.0,0.0,439,144,439,1,3.856658935546875,0.00025,20000
2026-03-17T09:54:26.858709,25,1011,0.0,399.8000000000001,0.9530879766644422,0.0,0.0,0.0,438,120,440,5,1.6999244689941406,0.00025,20000
2026-03-17T09:54:27.522469,25,1021,0.0,399.8000000000001,0.9530879766644422,0.0,0.0,0.0,438,136,440,1,1.2776851654052734,0.00025,20000
2026-03-17T09:54:28.189502,25,1031,-0.1,398.6999999999999,0.9530879766644422,0.0,0.0,0.0,427,115,440,9,1.9676685333251953,0.00025,20000
2026-03-17T09:54:28.855697,25,1041,0.0,397.9999999999997,0.9530879766644422,0.0,0.0,0.0,420,160,440,3,2.492666244506836,0.00025,20000
2026-03-17T09:54:29.520805,25,1051,0.0,398.49999999999983,0.9530879766644422,0.0,0.0,0.0,425,176,440,7,2.0143985748291016,0.00025,20000
2026-03-17T09:54:30.187460,25,1061,-0.1,396.2999999999994,0.9530879766644422,0.0,0.0,0.0,403,176,440,4,2.9571056365966797,0.00025,20000
2026-03-17T09:54:30.852353,25,1071,0.0,393.6999999999988,0.9530879766644422,0.0,0.0,0.0,377,160,440,8,2.8710365295410156,0.00025,20000
2026-03-17T09:54:31.520018,25,1081,0.0,393.2999999999987,0.9530879766644422,0.0,0.0,0.0,373,147,440,8,4.270792007446289,0.00025,20000
2026-03-17T09:54:32.185394,25,1091,0.0,393.1999999999987,0.9530879766644422,0.0,0.0,0.0,372,176,440,10,3.604888916015625,0.00025,20000
2026-03-17T09:54:32.851311,25,1101,-0.1,393.7999999999988,0.9530879766644422,0.0,0.0,0.0,378,176,440,2,4.992961883544922,0.00025,20000
2026-03-17T09:54:33.517309,25,1111,0.0,392.3999999999985,0.9530879766644422,0.0,0.0,0.0,364,147,440,6,4.817485809326172,0.00025,20000
2026-03-17T09:54:34.184461,25,1121,0.0,391.69999999999834,0.9530879766644422,0.0,0.0,0.0,357,173,440,10,7.536649703979492,0.00025,20000
2026-03-17T09:54:34.848032,25,1131,0.0,391.0999999999982,0.9530879766644422,0.0,0.0,0.0,351,176,440,8,5.924701690673828,0.00025,20000
2026-03-17T09:54:35.510870,25,1141,0.0,390.49999999999807,0.9530879766644422,0.0,0.0,0.0,345,153,440,5,3.4284591674804688,0.00025,20000
2026-03-17T09:54:36.180161,25,1151,0.0,391.3999999999983,0.9530879766644422,0.0,0.0,0.0,354,176,440,5,5.695581436157227,0.00025,20000
2026-03-17T09:54:36.842515,25,1161,-0.1,390.89999999999816,0.9530879766644422,0.0,0.0,0.0,349,160,440,3,3.6292076110839844,0.00025,20000
2026-03-17T09:54:37.509780,25,1171,0.0,390.39999999999804,0.9530879766644422,0.0,0.0,0.0,344,169,440,11,5.771160125732422,0.00025,20000
2026-03-17T09:54:38.177033,25,1181,0.0,390.89999999999816,0.9530879766644422,0.0,0.0,0.0,349,176,440,2,4.666328430175781,0.00025,20000
2026-03-17T09:54:38.841708,25,1191,0.1,390.49999999999807,0.9530879766644422,0.0,0.0,0.0,345,176,440,5,6.465435028076172,0.00025,20000
2026-03-17T09:54:39.508064,25,1201,0.0,390.49999999999807,0.9530879766644422,0.0,0.0,0.0,345,176,440,2,6.914615631103516,0.00025,20000
2026-03-17T09:54:40.174604,25,1211,0.0,390.49999999999807,0.9530879766644422,0.0,0.0,0.0,345,160,440,6,6.982564926147461,0.00025,20000
2026-03-17T09:54:40.835442,25,1221,0.1,390.89999999999816,0.9530879766644422,0.0,0.0,0.0,349,144,440,5,3.0341148376464844,0.00025,20000
2026-03-17T09:54:41.502273,25,1231,0.0,390.9999999999982,0.9530879766644422,0.0,0.0,0.0,350,176,440,9,3.737211227416992,0.00025,20000
2026-03-17T09:54:42.168281,25,1241,0.0,391.79999999999836,0.9530879766644422,0.0,0.0,0.0,358,176,440,6,3.8194656372070312,0.00025,20000
2026-03-17T09:54:42.831147,25,1251,0.0,392.2999999999985,0.9530879766644422,0.0,0.0,0.0,363,147,440,0,1.863241195678711,0.00025,20000
2026-03-17T09:54:43.498677,25,1261,0.0,392.99999999999864,0.9530879766644422,0.0,0.0,0.0,370,157,440,4,3.176450729370117,0.00025,20000
2026-03-17T09:54:44.167669,25,1271,0.0,394.1999999999989,0.9530879766644422,0.0,0.0,0.0,382,176,440,0,5.56492805480957,0.00025,20000
2026-03-17T09:54:44.833159,25,1281,-0.1,394.29999999999893,0.9530879766644422,0.0,0.0,0.0,383,149,440,9,5.611658096313477,0.00025,20000
2026-03-17T09:54:45.497362,25,1291,0.0,394.0999999999989,0.9530879766644422,0.0,0.0,0.0,381,147,440,0,5.040884017944336,0.00025,20000
2026-03-17T09:54:46.164663,25,1301,0.0,394.39999999999895,0.9530879766644422,0.0,0.0,0.0,384,176,440,7,6.960153579711914,0.00025,20000
2026-03-17T09:54:46.830686,25,1311,-0.1,394.29999999999893,0.9530879766644422,0.0,0.0,0.0,383,160,440,8,7.247447967529297,0.00025,20000
2026-03-17T09:54:47.491901,25,1321,-0.1,392.59999999999854,0.9530879766644422,0.0,0.0,0.0,366,149,440,6,3.8089752197265625,0.00025,20000
2026-03-17T09:54:48.159577,25,1331,0.0,392.19999999999845,0.9530879766644422,0.0,0.0,0.0,362,155,440,6,6.27446174621582,0.00025,20000
2026-03-17T09:54:48.824224,25,1341,0.0,392.4999999999985,0.9530879766644422,0.0,0.0,0.0,365,176,440,11,3.9665699005126953,0.00025,20000
2026-03-17T09:54:49.490869,25,1351,0.0,391.9999999999984,0.9530879766644422,0.0,0.0,0.0,360,160,440,11,4.8065185546875,0.00025,20000
2026-03-17T09:54:50.156974,25,1361,0.0,392.09999999999843,0.9530879766644422,0.0,0.0,0.0,361,176,440,11,6.315946578979492,0.00025,20000
2026-03-17T09:54:50.822628,25,1371,0.1,393.69999999999874,0.9530879766644422,0.0,0.0,0.0,377,176,440,10,6.367683410644531,0.00025,20000
2026-03-17T09:54:51.489509,25,1381,0.0,392.9999999999986,0.9530879766644422,0.0,0.0,0.0,370,157,440,8,7.006168365478516,0.00025,20000
2026-03-17T09:54:52.151912,25,1391,0.0,393.1999999999986,0.9530879766644422,0.0,0.0,0.0,372,145,440,1,4.527091979980469,0.00025,20000
2026-03-17T09:54:52.818832,25,1401,0.0,392.89999999999856,0.9530879766644422,0.0,0.0,0.0,369,176,440,4,6.481409072875977,0.00025,20000
2026-03-17T09:54:53.482880,25,1411,0.0,393.29999999999865,0.9530879766644422,0.0,0.0,0.0,373,160,440,1,3.6983489990234375,0.00025,20000
2026-03-17T09:54:54.146041,25,1421,0.0,393.9999999999988,0.9530879766644422,0.0,0.0,0.0,380,147,440,0,3.022909164428711,0.00025,20000
2026-03-17T09:54:54.815354,25,1431,0.1,395.6999999999992,0.9530879766644422,0.0,0.0,0.0,397,176,440,9,5.081653594970703,0.00025,20000
2026-03-17T09:54:55.480138,25,1441,0.0,396.89999999999947,0.9530879766644422,0.0,0.0,0.0,409,136,440,0,4.8313140869140625,0.00025,20000
2026-03-17T09:54:56.144070,25,1451,0.0,397.3999999999996,0.9530879766644422,0.0,0.0,0.0,414,176,440,11,3.8852691650390625,0.00025,20000
2026-03-17T09:54:56.811783,25,1461,0.0,399.3999999999999,0.9530879766644422,0.0,0.0,0.0,434,176,440,4,5.474567413330078,0.00025,20000
2026-03-17T09:54:57.478760,25,1471,0.1,399.1999999999999,0.9530879766644422,0.0,0.0,0.0,432,176,440,3,6.580829620361328,0.00025,20000
2026-03-17T09:54:58.144750,25,1481,0.1,399.2999999999999,0.9530879766644422,0.0,0.0,0.0,433,176,440,11,6.752967834472656,0.00025,20000
2026-03-17T09:54:58.806243,25,1491,0.0,398.59999999999974,0.9530879766644422,0.0,0.0,0.0,426,140,440,10,3.3054351806640625,0.00025,20000
2026-03-17T09:54:59.473618,25,1501,-0.1,397.9999999999996,0.9530879766644422,0.0,0.0,0.0,420,145,440,9,5.167484283447266,0.00025,20000
2026-03-17T09:55:00.139328,25,1511,0.0,397.5999999999995,0.9530879766644422,0.0,0.0,0.0,416,147,440,11,5.302190780639648,0.00025,20000
2026-03-17T09:55:00.804968,25,1521,0.0,396.9999999999994,0.9530879766644422,0.0,0.0,0.0,410,147,440,3,4.252910614013672,0.00025,20000
2026-03-17T09:55:01.470050,25,1531,0.0,397.1999999999994,0.9530879766644422,0.0,0.0,0.0,412,157,440,4,5.871057510375977,0.00025,20000
2026-03-17T09:55:02.135345,25,1541,1.0,415.0,0.9530879766644422,0.0,0.0,0.0,455,144,455,8,4.4803619384765625,0.00025,20000
2026-03-17T09:55:02.802172,25,1551,0.0,420.29999999999984,0.9530879766644422,0.0,0.0,0.0,454,120,461,8,6.742000579833984,0.00025,20000
2026-03-17T09:55:03.469436,25,1561,0.0,419.89999999999975,0.9530879766644422,0.0,0.0,0.0,450,113,461,5,6.065845489501953,0.00025,20000
2026-03-17T09:55:04.132545,25,1571,0.0,419.49999999999966,0.9530879766644422,0.0,0.0,0.0,446,141,461,11,4.456520080566406,0.00025,20000
2026-03-17T09:55:04.797765,25,1581,0.1,420.0999999999998,0.9530879766644422,0.0,0.0,0.0,452,128,461,6,4.82940673828125,0.00025,20000
2026-03-17T09:55:05.462332,25,1591,0.0,439.0,0.9530879766644422,0.0,0.0,0.0,479,115,479,2,4.290342330932617,0.00025,20000
2026-03-17T09:55:06.145573,25,1601,1.0,465.0,0.9530879766644422,0.0,0.0,0.0,505,176,505,8,5.003929138183594,0.00025,20000
2026-03-17T09:55:06.810326,25,1611,0.0,472.0,0.9530879766644422,0.0,0.0,0.0,512,176,512,8,4.747152328491211,0.00025,20000
2026-03-17T09:55:07.477208,25,1621,0.1,471.39999999999986,0.9530879766644422,0.0,0.0,0.0,506,176,512,3,5.984783172607422,0.00025,20000
2026-03-17T09:55:08.144498,25,1631,0.0,490.0,0.9530879766644422,0.0,0.0,0.0,530,140,530,9,7.269144058227539,0.00025,20000
2026-03-17T09:55:08.810204,25,1641,0.0,497.0,0.9530879766644422,0.0,0.0,0.0,537,176,537,1,6.80994987487793,0.00025,20000
2026-03-17T09:55:09.473918,25,1651,0.0,505.0,0.9530879766644422,0.0,0.0,0.0,545,176,545,2,5.662679672241211,0.00025,20000
2026-03-17T09:55:10.138289,25,1661,0.0,504.9,0.9530879766644422,0.0,0.0,0.0,544,160,545,4,4.628419876098633,0.00025,20000
2026-03-17T09:55:10.805794,25,1671,0.0,517.0,0.9530879766644422,0.0,0.0,0.0,557,176,557,2,5.995750427246094,0.00025,20000
2026-03-17T09:55:11.471100,25,1681,-0.1,517.9,0.9530879766644422,0.0,0.0,0.0,557,160,558,8,4.921674728393555,0.00025,20000
2026-03-17T09:55:12.135519,25,1691,-0.1,516.8999999999997,0.9530879766644422,0.0,0.0,0.0,547,160,558,7,3.446817398071289,0.00025,20000
2026-03-17T09:55:12.800219,25,1701,0.0,515.9999999999995,0.9530879766644422,0.0,0.0,0.0,538,138,558,10,5.115270614624023,0.00025,20000
2026-03-17T09:55:13.466592,25,1711,0.0,515.8999999999995,0.9530879766644422,0.0,0.0,0.0,537,145,558,6,3.962993621826172,0.00025,20000
2026-03-17T09:55:14.133759,25,1721,0.0,514.9999999999993,0.9530879766644422,0.0,0.0,0.0,528,152,558,7,4.620790481567383,0.00025,20000
2026-03-17T09:55:14.800429,25,1731,0.0,514.7999999999993,0.9530879766644422,0.0,0.0,0.0,526,176,558,4,7.874488830566406,0.00025,20000
2026-03-17T09:55:15.463843,25,1741,0.1,516.0999999999996,0.9530879766644422,0.0,0.0,0.0,539,131,558,0,5.66864013671875,0.00025,20000
2026-03-17T09:55:16.130152,25,1751,1.0,523.0,0.9530879766644422,0.0,0.0,0.0,563,176,563,10,6.5402984619140625,0.00025,20000
2026-03-17T09:55:16.810255,25,1761,1.0,552.0,0.9530879766644422,0.0,0.0,0.0,592,176,592,3,4.968166351318359,0.00025,20000
2026-03-17T09:55:17.477355,25,1771,-0.1,553.4999999999999,0.9530879766644422,0.0,0.0,0.0,589,160,594,2,5.984783172607422,0.00025,20000
2026-03-17T09:55:18.142826,25,1781,0.0,550.6999999999992,0.9530879766644422,0.0,0.0,0.0,561,149,594,8,4.7702789306640625,0.00025,20000
2026-03-17T09:55:18.806680,25,1791,-0.1,547.2999999999985,0.9530879766644422,0.0,0.0,0.0,527,136,594,10,4.385232925415039,0.00025,20000
2026-03-17T09:55:19.474177,25,1801,0.0,546.0999999999982,0.9530879766644422,0.0,0.0,0.0,515,176,594,6,5.508661270141602,0.00025,20000
2026-03-17T09:55:20.137389,25,1811,0.0,546.2999999999982,0.9530879766644422,0.0,0.0,0.0,517,140,594,1,3.7224292755126953,0.00025,20000
2026-03-17T09:55:20.802991,25,1821,0.0,547.6999999999986,0.9530879766644422,0.0,0.0,0.0,531,176,594,1,3.266572952270508,0.00025,20000
2026-03-17T09:55:21.469390,25,1831,0.0,548.1999999999987,0.9530879766644422,0.0,0.0,0.0,536,176,594,2,4.57763671875,0.00025,20000
2026-03-17T09:55:22.135044,25,1841,0.1,549.1999999999989,0.9530879766644422,0.0,0.0,0.0,546,173,594,11,4.632472991943359,0.00025,20000
2026-03-17T09:55:22.801538,25,1851,0.0,549.0999999999989,0.9530879766644422,0.0,0.0,0.0,545,160,594,11,5.210638046264648,0.00025,20000
2026-03-17T09:55:23.468641,25,1861,0.0,548.3999999999987,0.9530879766644422,0.0,0.0,0.0,538,138,594,11,6.328821182250977,0.00025,20000
2026-03-17T09:55:24.133566,25,1871,0.1,548.3999999999987,0.9530879766644422,0.0,0.0,0.0,538,128,594,3,5.500555038452148,0.00025,20000
2026-03-17T09:55:24.799078,25,1881,0.1,549.499999999999,0.9530879766644422,0.0,0.0,0.0,549,135,594,6,4.624843597412109,0.00025,20000
2026-03-17T09:55:25.464183,25,1891,0.0,549.399999999999,0.9530879766644422,0.0,0.0,0.0,548,176,594,6,6.290912628173828,0.00025,20000
2026-03-17T09:55:26.129939,25,1901,0.0,550.1999999999991,0.9530879766644422,0.0,0.0,0.0,556,176,594,9,6.117343902587891,0.00025,20000
2026-03-17T09:55:26.793941,25,1911,0.0,550.6999999999992,0.9530879766644422,0.0,0.0,0.0,561,147,594,11,3.840923309326172,0.00025,20000
2026-03-17T09:55:27.459020,25,1921,0.0,551.7999999999995,0.9530879766644422,0.0,0.0,0.0,572,149,594,1,4.833459854125977,0.00025,20000
2026-03-17T09:55:28.124760,25,1931,0.0,552.8999999999997,0.9530879766644422,0.0,0.0,0.0,583,147,594,0,4.287242889404297,0.00025,20000
2026-03-17T09:55:28.790131,25,1941,0.1,553.3999999999999,0.9530879766644422,0.0,0.0,0.0,588,147,594,11,4.330635070800781,0.00025,20000
2026-03-17T09:55:29.459106,25,1951,-0.1,553.6999999999999,0.9530879766644422,0.0,0.0,0.0,591,148,594,2,6.833791732788086,0.00025,20000
2026-03-17T09:55:30.123831,25,1961,0.0,552.9999999999998,0.9530879766644422,0.0,0.0,0.0,584,160,594,1,6.270885467529297,0.00025,20000
2026-03-17T09:55:30.787688,25,1971,0.0,553.5999999999999,0.9530879766644422,0.0,0.0,0.0,590,176,594,11,5.803108215332031,0.00025,20000
2026-03-17T09:55:31.452900,25,1981,0.0,553.0999999999998,0.9530879766644422,0.0,0.0,0.0,585,157,594,0,4.060268402099609,0.00025,20000
2026-03-17T09:55:32.118099,25,1991,0.0,553.4999999999999,0.9530879766644422,0.0,0.0,0.0,589,176,594,6,4.500627517700195,0.00025,20000
2026-03-17T09:55:32.783684,25,2001,1.0,556.0,0.9530879766644422,0.0,0.0,0.0,596,119,596,7,3.5331249237060547,0.00025,20000
2026-03-17T09:55:33.450961,25,2011,0.0,563.9,0.9530879766644422,0.0,0.0,0.0,603,128,604,1,6.392002105712891,0.00025,20000
2026-03-17T09:55:34.113037,25,2021,0.0,564.3999999999999,0.9530879766644422,0.0,0.0,0.0,599,128,605,1,2.553701400756836,0.00025,20000
2026-03-17T09:55:34.781717,25,2031,0.0,566.0,0.9530879766644422,0.0,0.0,0.0,606,125,606,5,5.128383636474609,0.00025,20000
2026-03-17T09:55:35.449054,25,2041,0.0,568.0,0.9530879766644422,0.0,0.0,0.0,608,128,608,6,6.782293319702148,0.00025,20000
2026-03-17T09:55:36.112063,25,2051,0.0,567.8,0.9530879766644422,0.0,0.0,0.0,606,128,608,7,4.9610137939453125,0.00025,20000
2026-03-17T09:55:36.775889,25,2061,1.0,580.0,0.9530879766644422,0.0,0.0,0.0,620,128,620,10,3.5147666931152344,0.00025,20000
2026-03-17T09:55:37.448739,25,2071,0.0,579.3999999999999,0.9530879766644422,0.0,0.0,0.0,614,128,620,7,10.73145866394043,0.00025,20000
2026-03-17T09:55:38.109263,25,2081,0.0,584.9,0.9530879766644422,0.0,0.0,0.0,624,112,625,5,4.66156005859375,0.00025,20000
2026-03-17T09:55:38.774099,25,2091,0.1,584.0999999999998,0.9530879766644422,0.0,0.0,0.0,616,116,625,7,4.060506820678711,0.00025,20000
2026-03-17T09:55:39.439600,25,2101,0.0,583.5999999999997,0.9530879766644422,0.0,0.0,0.0,611,128,625,9,4.305124282836914,0.00025,20000
2026-03-17T09:55:40.105611,25,2111,0.0,583.0999999999996,0.9530879766644422,0.0,0.0,0.0,606,128,625,0,3.900289535522461,0.00025,20000
2026-03-17T09:55:40.771414,25,2121,0.0,583.7999999999997,0.9530879766644422,0.0,0.0,0.0,613,63,625,9,5.196571350097656,0.00025,20000
2026-03-17T09:55:41.438373,25,2131,0.0,584.9,0.9530879766644422,0.0,0.0,0.0,624,128,625,11,5.994081497192383,0.00025,20000
2026-03-17T09:55:42.104369,25,2141,0.0,585.6999999999999,0.9530879766644422,0.0,0.0,0.0,623,71,626,10,5.860805511474609,0.00025,20000
2026-03-17T09:55:42.770555,25,2151,0.0,585.1999999999998,0.9530879766644422,0.0,0.0,0.0,618,101,626,2,6.875276565551758,0.00025,20000
2026-03-17T09:55:43.435891,25,2161,0.0,589.9,0.9530879766644422,0.0,0.0,0.0,629,99,630,7,7.170915603637695,0.00025,20000
2026-03-17T09:55:44.099111,25,2171,0.0,589.5999999999999,0.9530879766644422,0.0,0.0,0.0,626,125,630,4,4.499673843383789,0.00025,20000
2026-03-17T09:55:44.765724,25,2181,0.0,595.0,0.9530879766644422,0.0,0.0,0.0,635,128,635,8,5.283117294311523,0.00025,20000
2026-03-17T09:55:45.428674,25,2191,0.0,593.7999999999997,0.9530879766644422,0.0,0.0,0.0,623,101,635,3,3.9129257202148438,0.00025,20000
2026-03-17T09:55:46.097392,25,2201,-0.1,593.5999999999997,0.9530879766644422,0.0,0.0,0.0,621,90,635,11,5.584955215454102,0.00025,20000
2026-03-17T09:55:46.761498,25,2211,0.0,593.3999999999996,0.9530879766644422,0.0,0.0,0.0,619,112,635,8,5.30695915222168,0.00025,20000
2026-03-17T09:55:47.428282,25,2221,0.0,592.6999999999995,0.9530879766644422,0.0,0.0,0.0,612,90,635,4,6.467342376708984,0.00025,20000
2026-03-17T09:55:48.090669,25,2231,0.0,592.4999999999994,0.9530879766644422,0.0,0.0,0.0,610,109,635,0,3.9825439453125,0.00025,20000
2026-03-17T09:55:48.757611,25,2241,0.0,591.8999999999993,0.9530879766644422,0.0,0.0,0.0,604,109,635,11,5.246639251708984,0.00025,20000
2026-03-17T09:55:49.987058,26,6,0.0,6.0,0.9511818007111134,0.0,0.0,0.0,46,176,46,3,3.1785964965820312,0.00025,20000
2026-03-17T09:55:50.654625,26,16,0.0,12.0,0.9511818007111134,0.0,0.0,0.0,52,140,52,8,5.42759895324707,0.00025,20000
2026-03-17T09:55:51.322392,26,26,0.0,16.0,0.9511818007111134,0.0,0.0,0.0,56,147,56,1,7.320165634155273,0.00025,20000
2026-03-17T09:55:51.987445,26,36,0.0,17.0,0.9511818007111134,0.0,0.0,0.0,57,168,57,8,6.544351577758789,0.00025,20000
2026-03-17T09:55:52.651302,26,46,0.0,16.599999999999994,0.9511818007111134,0.0,0.0,0.0,53,176,57,1,4.637002944946289,0.00025,20000
2026-03-17T09:55:53.317504,26,56,0.0,17.0,0.9511818007111134,0.0,0.0,0.0,57,176,57,11,5.25975227355957,0.00025,20000
2026-03-17T09:55:53.981835,26,66,0.0,21.0,0.9511818007111134,0.0,0.0,0.0,61,176,61,11,5.049705505371094,0.00025,20000
2026-03-17T09:55:54.645956,26,76,1.0,29.0,0.9511818007111134,0.0,0.0,0.0,69,152,69,8,2.8946399688720703,0.00025,20000
2026-03-17T09:55:55.313968,26,86,0.0,33.0,0.9511818007111134,0.0,0.0,0.0,73,148,73,9,4.752874374389648,0.00025,20000
2026-03-17T09:55:55.980124,26,96,0.0,36.0,0.9511818007111134,0.0,0.0,0.0,76,176,76,5,6.699562072753906,0.00025,20000
2026-03-17T09:55:56.643331,26,106,1.0,37.0,0.9511818007111134,0.0,0.0,0.0,77,147,77,2,3.5746097564697266,0.00025,20000
2026-03-17T09:55:57.309747,26,116,0.0,36.699999999999996,0.9511818007111134,0.0,0.0,0.0,74,147,77,11,4.265069961547852,0.00025,20000
2026-03-17T09:55:57.975506,26,126,0.0,48.0,0.9511818007111134,0.0,0.0,0.0,88,176,88,0,4.779577255249023,0.00025,20000
2026-03-17T09:55:58.641678,26,136,-0.1,46.999999999999986,0.9511818007111134,0.0,0.0,0.0,78,168,88,4,5.136013031005859,0.00025,20000
2026-03-17T09:55:59.308840,26,146,0.0,47.39999999999999,0.9511818007111134,0.0,0.0,0.0,82,128,88,5,6.375551223754883,0.00025,20000
2026-03-17T09:55:59.975434,26,156,0.0,47.39999999999999,0.9511818007111134,0.0,0.0,0.0,82,138,88,0,7.003545761108398,0.00025,20000
2026-03-17T09:56:00.635463,26,166,0.0,47.9,0.9511818007111134,0.0,0.0,0.0,87,176,88,8,3.446340560913086,0.00025,20000
2026-03-17T09:56:01.301462,26,176,0.0,64.0,0.9511818007111134,0.0,0.0,0.0,104,152,104,4,3.570556640625,0.00025,20000
2026-03-17T09:56:01.971342,26,186,0.0,66.50000000000003,0.9511818007111134,0.0,0.0,0.0,102,176,107,7,5.3119659423828125,0.00025,20000
2026-03-17T09:56:02.636991,26,196,1.0,86.0,0.9511818007111134,0.0,0.0,0.0,126,176,126,0,6.421089172363281,0.00025,20000
2026-03-17T09:56:03.300297,26,206,0.0,90.30000000000004,0.9511818007111134,0.0,0.0,0.0,124,111,131,10,4.608392715454102,0.00025,20000
2026-03-17T09:56:03.969188,26,216,0.0,90.10000000000005,0.9511818007111134,0.0,0.0,0.0,122,138,131,11,7.721185684204102,0.00025,20000
2026-03-17T09:56:04.632296,26,226,-0.1,86.8000000000002,0.9511818007111134,0.0,0.0,0.0,89,142,131,5,5.611181259155273,0.00025,20000
2026-03-17T09:56:05.300384,26,236,0.0,84.20000000000033,0.9511818007111134,0.0,0.0,0.0,63,176,131,1,7.147312164306641,0.00025,20000
2026-03-17T09:56:05.961581,26,246,-0.1,83.50000000000037,0.9511818007111134,0.0,0.0,0.0,56,145,131,9,5.0048828125,0.00025,20000
2026-03-17T09:56:06.628432,26,256,0.0,83.10000000000039,0.9511818007111134,0.0,0.0,0.0,52,138,131,5,5.05375862121582,0.00025,20000
2026-03-17T09:56:07.292260,26,266,0.1,84.50000000000031,0.9511818007111134,0.0,0.0,0.0,66,136,131,11,3.2460689544677734,0.00025,20000
2026-03-17T09:56:07.959443,26,276,0.1,88.20000000000012,0.9511818007111134,0.0,0.0,0.0,103,145,131,5,4.105091094970703,0.00025,20000
2026-03-17T09:56:08.627389,26,286,0.0,89.70000000000003,0.9511818007111134,0.0,0.0,0.0,118,147,131,4,6.822109222412109,0.00025,20000
2026-03-17T09:56:09.291935,26,296,0.0,94.99999999999996,0.9511818007111134,0.0,0.0,0.0,135,173,135,0,5.081415176391602,0.00025,20000
2026-03-17T09:56:09.957269,26,306,0.0,95.49999999999999,0.9511818007111134,0.0,0.0,0.0,131,148,136,1,5.470752716064453,0.00025,20000
2026-03-17T09:56:10.618350,26,316,0.0,95.79999999999997,0.9511818007111134,0.0,0.0,0.0,134,157,136,2,2.410888671875,0.00025,20000
2026-03-17T09:56:11.305670,26,326,0.0,94.80000000000003,0.9511818007111134,0.0,0.0,0.0,124,176,136,10,7.830381393432617,0.00025,20000
2026-03-17T09:56:11.970521,26,336,0.0,94.10000000000007,0.9511818007111134,0.0,0.0,0.0,117,149,136,2,5.480766296386719,0.00025,20000
2026-03-17T09:56:12.633187,26,346,0.0,94.60000000000004,0.9511818007111134,0.0,0.0,0.0,122,138,136,4,3.386974334716797,0.00025,20000
2026-03-17T09:56:13.299308,26,356,0.0,94.90000000000002,0.9511818007111134,0.0,0.0,0.0,125,135,136,7,3.752470016479492,0.00025,20000
2026-03-17T09:56:13.965072,26,366,-0.1,92.90000000000013,0.9511818007111134,0.0,0.0,0.0,105,173,136,6,5.145549774169922,0.00025,20000
2026-03-17T09:56:14.630863,26,376,0.0,92.60000000000015,0.9511818007111134,0.0,0.0,0.0,102,176,136,8,5.188703536987305,0.00025,20000
2026-03-17T09:56:15.296891,26,386,0.0,91.8000000000002,0.9511818007111134,0.0,0.0,0.0,94,176,136,2,4.313945770263672,0.00025,20000
2026-03-17T09:56:15.962992,26,396,-0.2,90.40000000000026,0.9511818007111134,0.0,0.0,0.0,80,140,136,7,6.018400192260742,0.00025,20000
2026-03-17T09:56:16.628339,26,406,0.0,89.10000000000034,0.9511818007111134,0.0,0.0,0.0,67,157,136,9,5.216360092163086,0.00025,20000
2026-03-17T09:56:17.296322,26,416,0.0,89.20000000000033,0.9511818007111134,0.0,0.0,0.0,68,136,136,3,7.224559783935547,0.00025,20000
2026-03-17T09:56:17.959841,26,426,0.0,89.20000000000033,0.9511818007111134,0.0,0.0,0.0,68,160,136,3,5.155801773071289,0.00025,20000
2026-03-17T09:56:18.627467,26,436,0.0,90.20000000000027,0.9511818007111134,0.0,0.0,0.0,78,149,136,3,6.518125534057617,0.00025,20000
2026-03-17T09:56:19.289999,26,446,0.0,89.10000000000034,0.9511818007111134,0.0,0.0,0.0,67,136,136,6,4.802465438842773,0.00025,20000
2026-03-17T09:56:19.958435,26,456,0.0,89.10000000000034,0.9511818007111134,0.0,0.0,0.0,67,149,136,7,6.260871887207031,0.00025,20000
2026-03-17T09:56:20.621399,26,466,0.0,89.20000000000033,0.9511818007111134,0.0,0.0,0.0,68,176,136,6,5.1898956298828125,0.00025,20000
2026-03-17T09:56:21.287612,26,476,0.0,88.90000000000035,0.9511818007111134,0.0,0.0,0.0,65,176,136,6,5.115270614624023,0.00025,20000
2026-03-17T09:56:21.953451,26,486,0.0,90.50000000000026,0.9511818007111134,0.0,0.0,0.0,81,160,136,1,5.393505096435547,0.00025,20000
2026-03-17T09:56:22.614378,26,496,0.0,92.10000000000016,0.9511818007111134,0.0,0.0,0.0,97,176,136,5,2.3882389068603516,0.00025,20000
2026-03-17T09:56:23.286918,26,506,0.1,92.00000000000017,0.9511818007111134,0.0,0.0,0.0,96,145,136,1,7.692098617553711,0.00025,20000
2026-03-17T09:56:23.947581,26,516,0.2,95.80000000000004,0.9511818007111134,0.0,0.0,0.0,134,148,136,4,3.970623016357422,0.00025,20000
2026-03-17T09:56:24.614237,26,526,1.0,146.90000000000003,0.9511818007111134,0.0,0.0,0.0,187,137,187,10,3.8406848907470703,0.00025,20000
2026-03-17T09:56:25.281548,26,536,-0.1,163.30000000000007,0.9511818007111134,0.0,0.0,0.0,198,147,204,7,5.605459213256836,0.00025,20000
2026-03-17T09:56:25.945632,26,546,0.0,162.8000000000001,0.9511818007111134,0.0,0.0,0.0,193,176,204,2,5.077123641967773,0.00025,20000
2026-03-17T09:56:26.611893,26,556,-0.1,161.40000000000018,0.9511818007111134,0.0,0.0,0.0,179,173,204,11,5.254030227661133,0.00025,20000
2026-03-17T09:56:27.277647,26,566,0.1,162.7000000000001,0.9511818007111134,0.0,0.0,0.0,192,176,204,11,4.55784797668457,0.00025,20000
2026-03-17T09:56:27.945157,26,576,0.0,174.90000000000003,0.9511818007111134,0.0,0.0,0.0,215,176,215,3,6.897687911987305,0.00025,20000
2026-03-17T09:56:28.607232,26,586,-0.1,176.10000000000008,0.9511818007111134,0.0,0.0,0.0,209,173,217,4,4.555940628051758,0.00025,20000
2026-03-17T09:56:29.273111,26,596,0.0,175.6000000000001,0.9511818007111134,0.0,0.0,0.0,204,120,217,3,5.617618560791016,0.00025,20000
2026-03-17T09:56:29.938463,26,606,0.0,176.20000000000007,0.9511818007111134,0.0,0.0,0.0,210,140,217,3,4.043817520141602,0.00025,20000
2026-03-17T09:56:30.606162,26,616,0.0,202.80000000000004,0.9511818007111134,0.0,0.0,0.0,242,143,243,6,5.759239196777344,0.00025,20000
2026-03-17T09:56:31.268773,26,626,0.0,207.90000000000003,0.9511818007111134,0.0,0.0,0.0,248,147,248,9,4.530191421508789,0.00025,20000
2026-03-17T09:56:31.936404,26,636,-0.1,211.00000000000009,0.9511818007111134,0.0,0.0,0.0,243,176,252,0,5.012273788452148,0.00025,20000
2026-03-17T09:56:32.620386,26,646,-0.1,207.50000000000028,0.9511818007111134,0.0,0.0,0.0,208,176,252,0,7.911205291748047,0.00025,20000
2026-03-17T09:56:33.286712,26,656,0.0,206.60000000000034,0.9511818007111134,0.0,0.0,0.0,199,176,252,10,7.693767547607422,0.00025,20000
2026-03-17T09:56:33.951810,26,666,0.0,205.90000000000038,0.9511818007111134,0.0,0.0,0.0,192,149,252,0,7.102251052856445,0.00025,20000
2026-03-17T09:56:34.613234,26,676,0.0,206.00000000000037,0.9511818007111134,0.0,0.0,0.0,193,147,252,9,3.8318634033203125,0.00025,20000
2026-03-17T09:56:35.280040,26,686,0.0,206.70000000000033,0.9511818007111134,0.0,0.0,0.0,200,173,252,9,4.789590835571289,0.00025,20000
2026-03-17T09:56:35.946208,26,696,0.0,207.1000000000003,0.9511818007111134,0.0,0.0,0.0,204,146,252,1,5.221843719482422,0.00025,20000
2026-03-17T09:56:36.611965,26,706,-0.1,206.60000000000034,0.9511818007111134,0.0,0.0,0.0,199,149,252,8,5.874156951904297,0.00025,20000
2026-03-17T09:56:37.278074,26,716,0.0,206.00000000000037,0.9511818007111134,0.0,0.0,0.0,193,135,252,4,5.639076232910156,0.00025,20000
2026-03-17T09:56:37.941165,26,726,-0.1,205.4000000000004,0.9511818007111134,0.0,0.0,0.0,187,157,252,8,3.5331249237060547,0.00025,20000
2026-03-17T09:56:38.610151,26,736,0.0,203.40000000000052,0.9511818007111134,0.0,0.0,0.0,167,176,252,2,6.457328796386719,0.00025,20000
2026-03-17T09:56:39.273673,26,746,0.1,205.5000000000004,0.9511818007111134,0.0,0.0,0.0,188,173,252,3,4.820108413696289,0.00025,20000
2026-03-17T09:56:39.941049,26,756,0.0,208.00000000000026,0.9511818007111134,0.0,0.0,0.0,213,157,252,3,6.385564804077148,0.00025,20000
2026-03-17T09:56:40.602795,26,766,0.0,207.90000000000026,0.9511818007111134,0.0,0.0,0.0,212,145,252,5,3.7729740142822266,0.00025,20000
2026-03-17T09:56:41.271289,26,776,-0.2,204.00000000000048,0.9511818007111134,0.0,0.0,0.0,173,152,252,11,3.7298202514648438,0.00025,20000
2026-03-17T09:56:41.934326,26,786,0.0,203.5000000000005,0.9511818007111134,0.0,0.0,0.0,168,130,252,3,4.183053970336914,0.00025,20000
2026-03-17T09:56:42.601433,26,796,0.0,203.40000000000052,0.9511818007111134,0.0,0.0,0.0,167,176,252,9,5.905389785766602,0.00025,20000
2026-03-17T09:56:43.265674,26,806,-0.1,204.40000000000046,0.9511818007111134,0.0,0.0,0.0,177,138,252,5,2.940654754638672,0.00025,20000
2026-03-17T09:56:43.934524,26,816,0.1,204.00000000000048,0.9511818007111134,0.0,0.0,0.0,173,140,252,8,8.110284805297852,0.00025,20000
2026-03-17T09:56:44.601134,26,826,0.0,204.30000000000047,0.9511818007111134,0.0,0.0,0.0,176,147,252,6,5.780458450317383,0.00025,20000
2026-03-17T09:56:45.262173,26,836,0.1,204.60000000000045,0.9511818007111134,0.0,0.0,0.0,179,145,252,9,3.3330917358398438,0.00025,20000
2026-03-17T09:56:45.926555,26,846,0.1,205.7000000000004,0.9511818007111134,0.0,0.0,0.0,190,173,252,1,3.520488739013672,0.00025,20000
2026-03-17T09:56:46.595807,26,856,0.1,210.30000000000013,0.9511818007111134,0.0,0.0,0.0,236,176,252,8,5.652427673339844,0.00025,20000
2026-03-17T09:56:47.258602,26,866,0.0,210.5000000000001,0.9511818007111134,0.0,0.0,0.0,238,176,252,6,3.6208629608154297,0.00025,20000
2026-03-17T09:56:47.928528,26,876,-0.1,210.10000000000014,0.9511818007111134,0.0,0.0,0.0,234,168,252,3,6.922006607055664,0.00025,20000
2026-03-17T09:56:48.591240,26,886,0.0,209.80000000000015,0.9511818007111134,0.0,0.0,0.0,231,157,252,9,4.07719612121582,0.00025,20000
2026-03-17T09:56:49.257885,26,896,0.0,212.90000000000003,0.9511818007111134,0.0,0.0,0.0,253,176,253,1,5.033731460571289,0.00025,20000
2026-03-17T09:56:49.921694,26,906,1.0,248.90000000000003,0.9511818007111134,0.0,0.0,0.0,289,148,289,1,4.271984100341797,0.00025,20000
2026-03-17T09:56:50.589634,26,916,1.0,292.90000000000003,0.9511818007111134,0.0,0.0,0.0,333,147,333,7,6.271839141845703,0.00025,20000
2026-03-17T09:56:51.253203,26,926,1.0,344.90000000000003,0.9511818007111134,0.0,0.0,0.0,385,161,385,1,4.694461822509766,0.00025,20000
2026-03-17T09:56:51.918126,26,936,1.0,388.90000000000003,0.9511818007111134,0.0,0.0,0.0,429,176,429,6,3.2532215118408203,0.00025,20000
2026-03-17T09:56:52.583032,26,946,0.0,394.2999999999999,0.9511818007111134,0.0,0.0,0.0,429,171,435,5,3.201007843017578,0.00025,20000
2026-03-17T09:56:53.248922,26,956,-0.1,391.79999999999933,0.9511818007111134,0.0,0.0,0.0,404,157,435,3,3.8902759552001953,0.00025,20000
2026-03-17T09:56:53.915817,26,966,-0.1,388.89999999999867,0.9511818007111134,0.0,0.0,0.0,375,147,435,2,5.657672882080078,0.00025,20000
2026-03-17T09:56:54.581599,26,976,0.0,384.7999999999983,0.9511818007111134,0.0,0.0,0.0,334,142,435,9,4.005670547485352,0.00025,20000
2026-03-17T09:56:55.248131,26,986,0.2,386.1999999999985,0.9511818007111134,0.0,0.0,0.0,348,176,435,10,5.1212310791015625,0.00025,20000
2026-03-17T09:56:55.913345,26,996,0.1,391.499999999999,0.9511818007111134,0.0,0.0,0.0,401,126,435,1,6.116628646850586,0.00025,20000
2026-03-17T09:56:56.575775,26,1006,0.1,394.79999999999933,0.9511818007111134,0.0,0.0,0.0,434,176,435,3,3.114461898803711,0.00025,20000
2026-03-17T09:56:57.240915,26,1016,0.0,397.89999999999935,0.9511818007111134,0.0,0.0,0.0,438,144,438,6,2.1674633026123047,0.00025,20000
2026-03-17T09:56:57.907512,26,1026,0.0,396.399999999999,0.9511818007111134,0.0,0.0,0.0,423,153,438,10,4.204750061035156,0.00025,20000
2026-03-17T09:56:58.574946,26,1036,0.0,395.69999999999885,0.9511818007111134,0.0,0.0,0.0,416,176,438,1,4.339456558227539,0.00025,20000
2026-03-17T09:56:59.238698,26,1046,0.1,396.6999999999991,0.9511818007111134,0.0,0.0,0.0,426,176,438,9,4.172086715698242,0.00025,20000
2026-03-17T09:56:59.905292,26,1056,1.0,437.89999999999924,0.9511818007111134,0.0,0.0,0.0,478,111,478,8,4.1942596435546875,0.00025,20000
2026-03-17T09:57:00.570004,26,1066,1.0,485.89999999999924,0.9511818007111134,0.0,0.0,0.0,526,148,526,3,4.156589508056641,0.00025,20000
2026-03-17T09:57:01.238019,26,1076,1.0,531.8999999999992,0.9511818007111134,0.0,0.0,0.0,572,176,572,10,6.194829940795898,0.00025,20000
2026-03-17T09:57:01.904054,26,1086,0.0,555.6999999999991,0.9511818007111134,0.0,0.0,0.0,594,176,596,9,6.188869476318359,0.00025,20000
2026-03-17T09:57:02.567431,26,1096,0.0,555.299999999999,0.9511818007111134,0.0,0.0,0.0,590,176,596,3,4.9953460693359375,0.00025,20000
2026-03-17T09:57:03.232455,26,1106,-0.1,553.6999999999987,0.9511818007111134,0.0,0.0,0.0,574,149,596,8,3.9420127868652344,0.00025,20000
2026-03-17T09:57:03.896909,26,1116,-0.1,550.499999999998,0.9511818007111134,0.0,0.0,0.0,542,128,596,5,3.233194351196289,0.00025,20000
2026-03-17T09:57:04.563357,26,1126,-0.1,545.9999999999969,0.9511818007111134,0.0,0.0,0.0,497,148,596,11,3.506183624267578,0.00025,20000
2026-03-17T09:57:05.231340,26,1136,0.0,545.0999999999967,0.9511818007111134,0.0,0.0,0.0,488,138,596,9,4.863739013671875,0.00025,20000
2026-03-17T09:57:05.895597,26,1146,-0.1,545.2999999999968,0.9511818007111134,0.0,0.0,0.0,490,147,596,9,4.641056060791016,0.00025,20000
2026-03-17T09:57:06.561192,26,1156,0.0,544.8999999999967,0.9511818007111134,0.0,0.0,0.0,486,176,596,11,4.431486129760742,0.00025,20000
2026-03-17T09:57:07.227883,26,1166,0.0,545.1999999999967,0.9511818007111134,0.0,0.0,0.0,489,176,596,11,6.691217422485352,0.00025,20000
2026-03-17T09:57:07.889596,26,1176,0.0,544.9999999999967,0.9511818007111134,0.0,0.0,0.0,487,176,596,4,3.108978271484375,0.00025,20000
2026-03-17T09:57:08.556835,26,1186,0.0,545.6999999999969,0.9511818007111134,0.0,0.0,0.0,494,176,596,1,3.6017894744873047,0.00025,20000
2026-03-17T09:57:09.222927,26,1196,0.0,546.9999999999972,0.9511818007111134,0.0,0.0,0.0,507,173,596,8,4.135608673095703,0.00025,20000
2026-03-17T09:57:09.888706,26,1206,0.0,546.199999999997,0.9511818007111134,0.0,0.0,0.0,499,148,596,5,4.830598831176758,0.00025,20000
2026-03-17T09:57:10.554601,26,1216,0.1,544.9999999999967,0.9511818007111134,0.0,0.0,0.0,487,111,596,9,5.048990249633789,0.00025,20000
2026-03-17T09:57:11.223224,26,1226,0.0,546.399999999997,0.9511818007111134,0.0,0.0,0.0,501,176,596,0,6.41322135925293,0.00025,20000
2026-03-17T09:57:11.886257,26,1236,0.0,545.9999999999969,0.9511818007111134,0.0,0.0,0.0,497,176,596,9,4.510164260864258,0.00025,20000
2026-03-17T09:57:12.552927,26,1246,0.0,546.6999999999971,0.9511818007111134,0.0,0.0,0.0,504,176,596,5,6.183624267578125,0.00025,20000
2026-03-17T09:57:13.219178,26,1256,0.1,544.9999999999967,0.9511818007111134,0.0,0.0,0.0,487,147,596,5,6.398439407348633,0.00025,20000
2026-03-17T09:57:13.884804,26,1266,0.0,545.7999999999969,0.9511818007111134,0.0,0.0,0.0,495,149,596,4,7.186412811279297,0.00025,20000
2026-03-17T09:57:14.548918,26,1276,0.0,545.9999999999969,0.9511818007111134,0.0,0.0,0.0,497,157,596,11,5.26118278503418,0.00025,20000
2026-03-17T09:57:15.211878,26,1286,0.1,546.9999999999972,0.9511818007111134,0.0,0.0,0.0,507,173,596,8,3.5953521728515625,0.00025,20000
2026-03-17T09:57:15.879047,26,1296,0.0,546.5999999999971,0.9511818007111134,0.0,0.0,0.0,503,168,596,10,4.290342330932617,0.00025,20000
2026-03-17T09:57:16.545657,26,1306,0.1,546.9999999999972,0.9511818007111134,0.0,0.0,0.0,507,173,596,6,5.155324935913086,0.00025,20000
2026-03-17T09:57:17.210031,26,1316,0.0,546.299999999997,0.9511818007111134,0.0,0.0,0.0,500,147,596,7,4.897832870483398,0.00025,20000
2026-03-17T09:57:17.878064,26,1326,0.1,546.7999999999971,0.9511818007111134,0.0,0.0,0.0,505,147,596,8,6.809234619140625,0.00025,20000
2026-03-17T09:57:18.543886,26,1336,-0.1,546.5999999999971,0.9511818007111134,0.0,0.0,0.0,503,147,596,3,6.19196891784668,0.00025,20000
2026-03-17T09:57:19.206597,26,1346,-0.1,544.8999999999967,0.9511818007111134,0.0,0.0,0.0,486,160,596,10,5.194664001464844,0.00025,20000
2026-03-17T09:57:19.872334,26,1356,0.0,544.8999999999967,0.9511818007111134,0.0,0.0,0.0,486,176,596,8,4.90260124206543,0.00025,20000
2026-03-17T09:57:20.535603,26,1366,0.0,544.8999999999967,0.9511818007111134,0.0,0.0,0.0,486,160,596,0,3.2396316528320312,0.00025,20000
2026-03-17T09:57:21.200940,26,1376,0.0,545.5999999999968,0.9511818007111134,0.0,0.0,0.0,493,135,596,3,2.7599334716796875,0.00025,20000
2026-03-17T09:57:21.869933,26,1386,0.0,546.199999999997,0.9511818007111134,0.0,0.0,0.0,499,140,596,3,4.631996154785156,0.00025,20000
2026-03-17T09:57:22.537870,26,1396,0.0,547.0999999999972,0.9511818007111134,0.0,0.0,0.0,508,136,596,3,7.041215896606445,0.00025,20000
2026-03-17T09:57:23.200363,26,1406,0.0,548.2999999999975,0.9511818007111134,0.0,0.0,0.0,520,145,596,6,5.912542343139648,0.00025,20000
2026-03-17T09:57:23.866755,26,1416,0.1,551.7999999999982,0.9511818007111134,0.0,0.0,0.0,555,129,596,0,5.9528350830078125,0.00025,20000
2026-03-17T09:57:24.532602,26,1426,0.0,555.5999999999991,0.9511818007111134,0.0,0.0,0.0,593,149,596,8,6.697416305541992,0.00025,20000
2026-03-17T09:57:25.196135,26,1436,0.0,553.8999999999987,0.9511818007111134,0.0,0.0,0.0,576,165,596,10,3.7581920623779297,0.00025,20000
2026-03-17T09:57:25.863637,26,1446,0.0,553.3999999999986,0.9511818007111134,0.0,0.0,0.0,571,160,596,3,6.508350372314453,0.00025,20000
2026-03-17T09:57:26.527492,26,1456,-0.1,551.2999999999981,0.9511818007111134,0.0,0.0,0.0,550,145,596,4,5.288600921630859,0.00025,20000
2026-03-17T09:57:27.191867,26,1466,0.0,549.5999999999977,0.9511818007111134,0.0,0.0,0.0,533,176,596,4,3.6957263946533203,0.00025,20000
2026-03-17T09:57:27.862016,26,1476,0.0,549.2999999999977,0.9511818007111134,0.0,0.0,0.0,530,176,596,3,6.646156311035156,0.00025,20000
2026-03-17T09:57:28.524459,26,1486,-0.1,548.1999999999974,0.9511818007111134,0.0,0.0,0.0,519,176,596,9,4.9648284912109375,0.00025,20000
2026-03-17T09:57:29.190958,26,1496,0.0,548.3999999999975,0.9511818007111134,0.0,0.0,0.0,521,176,596,6,5.135297775268555,0.00025,20000
2026-03-17T09:57:29.856002,26,1506,0.0,548.4999999999975,0.9511818007111134,0.0,0.0,0.0,522,176,596,6,5.716562271118164,0.00025,20000
2026-03-17T09:57:30.520249,26,1516,0.0,547.4999999999973,0.9511818007111134,0.0,0.0,0.0,512,176,596,6,3.897428512573242,0.00025,20000
2026-03-17T09:57:31.187377,26,1526,0.0,548.6999999999975,0.9511818007111134,0.0,0.0,0.0,524,128,596,2,4.73332405090332,0.00025,20000
2026-03-17T09:57:31.851558,26,1536,0.0,548.7999999999976,0.9511818007111134,0.0,0.0,0.0,525,140,596,5,3.5066604614257812,0.00025,20000
2026-03-17T09:57:32.517412,26,1546,0.0,547.8999999999974,0.9511818007111134,0.0,0.0,0.0,516,145,596,4,4.117727279663086,0.00025,20000
2026-03-17T09:57:33.184810,26,1556,0.1,547.7999999999973,0.9511818007111134,0.0,0.0,0.0,515,173,596,6,5.779266357421875,0.00025,20000
2026-03-17T09:57:33.850135,26,1566,0.0,547.7999999999973,0.9511818007111134,0.0,0.0,0.0,515,176,596,7,5.593061447143555,0.00025,20000
2026-03-17T09:57:34.516497,26,1576,-0.1,547.4999999999973,0.9511818007111134,0.0,0.0,0.0,512,176,596,1,6.141901016235352,0.00025,20000
2026-03-17T09:57:35.182045,26,1586,0.0,547.5999999999973,0.9511818007111134,0.0,0.0,0.0,513,131,596,11,6.651401519775391,0.00025,20000
2026-03-17T09:57:35.847734,26,1596,0.0,547.8999999999974,0.9511818007111134,0.0,0.0,0.0,516,176,596,0,6.486415863037109,0.00025,20000
2026-03-17T09:57:36.511925,26,1606,0.0,547.5999999999973,0.9511818007111134,0.0,0.0,0.0,513,176,596,11,5.513906478881836,0.00025,20000
2026-03-17T09:57:37.176447,26,1616,0.0,547.4999999999973,0.9511818007111134,0.0,0.0,0.0,512,160,596,6,4.6443939208984375,0.00025,20000
2026-03-17T09:57:37.840677,26,1626,0.0,547.9999999999974,0.9511818007111134,0.0,0.0,0.0,517,149,596,6,3.3712387084960938,0.00025,20000
2026-03-17T09:57:38.510250,26,1636,0.0,548.2999999999975,0.9511818007111134,0.0,0.0,0.0,520,138,596,3,5.805253982543945,0.00025,20000
2026-03-17T09:57:39.173913,26,1646,0.0,547.2999999999972,0.9511818007111134,0.0,0.0,0.0,510,145,596,7,5.659580230712891,0.00025,20000
2026-03-17T09:57:39.839179,26,1656,0.0,547.2999999999972,0.9511818007111134,0.0,0.0,0.0,510,149,596,9,4.919528961181641,0.00025,20000
2026-03-17T09:57:40.506574,26,1666,0.1,549.6999999999978,0.9511818007111134,0.0,0.0,0.0,534,160,596,3,6.973028182983398,0.00025,20000
2026-03-17T09:57:41.173204,26,1676,0.0,551.6999999999982,0.9511818007111134,0.0,0.0,0.0,554,136,596,11,7.617712020874023,0.00025,20000
2026-03-17T09:57:41.837916,26,1686,0.1,551.4999999999982,0.9511818007111134,0.0,0.0,0.0,552,145,596,4,6.947994232177734,0.00025,20000
2026-03-17T09:57:42.501117,26,1696,-0.1,551.5999999999982,0.9511818007111134,0.0,0.0,0.0,553,157,596,0,4.120349884033203,0.00025,20000
2026-03-17T09:57:43.166184,26,1706,-0.1,549.7999999999978,0.9511818007111134,0.0,0.0,0.0,535,173,596,3,3.8144588470458984,0.00025,20000
2026-03-17T09:57:43.832011,26,1716,0.0,548.9999999999976,0.9511818007111134,0.0,0.0,0.0,527,157,596,11,3.7136077880859375,0.00025,20000
2026-03-17T09:57:44.499479,26,1726,0.1,549.7999999999978,0.9511818007111134,0.0,0.0,0.0,535,157,596,8,6.612539291381836,0.00025,20000
2026-03-17T09:57:45.164525,26,1736,-0.1,549.7999999999978,0.9511818007111134,0.0,0.0,0.0,535,176,596,6,5.191326141357422,0.00025,20000
2026-03-17T09:57:45.832056,26,1746,0.0,548.9999999999976,0.9511818007111134,0.0,0.0,0.0,527,163,596,3,7.369518280029297,0.00025,20000
2026-03-17T09:57:46.497447,26,1756,0.0,549.1999999999977,0.9511818007111134,0.0,0.0,0.0,529,173,596,4,6.815671920776367,0.00025,20000
2026-03-17T09:57:47.160956,26,1766,0.1,549.4999999999977,0.9511818007111134,0.0,0.0,0.0,532,173,596,8,5.767583847045898,0.00025,20000
2026-03-17T09:57:47.828244,26,1776,-0.1,548.4999999999975,0.9511818007111134,0.0,0.0,0.0,522,136,596,7,6.501197814941406,0.00025,20000
2026-03-17T09:57:48.490377,26,1786,0.0,548.8999999999976,0.9511818007111134,0.0,0.0,0.0,526,147,596,0,4.304647445678711,0.00025,20000
2026-03-17T09:57:49.156862,26,1796,0.0,548.8999999999976,0.9511818007111134,0.0,0.0,0.0,526,138,596,4,5.099773406982422,0.00025,20000
2026-03-17T09:57:49.821863,26,1806,0.0,549.4999999999977,0.9511818007111134,0.0,0.0,0.0,532,135,596,11,3.8788318634033203,0.00025,20000
2026-03-17T09:57:50.489366,26,1816,0.0,550.2999999999979,0.9511818007111134,0.0,0.0,0.0,540,145,596,8,6.130695343017578,0.00025,20000
2026-03-17T09:57:51.156351,26,1826,0.1,551.1999999999981,0.9511818007111134,0.0,0.0,0.0,549,173,596,11,6.609678268432617,0.00025,20000
2026-03-17T09:57:51.820114,26,1836,0.1,551.5999999999982,0.9511818007111134,0.0,0.0,0.0,553,157,596,7,5.331993103027344,0.00025,20000
2026-03-17T09:57:52.485099,26,1846,0.0,550.599999999998,0.9511818007111134,0.0,0.0,0.0,543,140,596,9,3.9865970611572266,0.00025,20000
2026-03-17T09:57:53.151904,26,1856,-0.1,548.4999999999975,0.9511818007111134,0.0,0.0,0.0,522,152,596,7,6.082057952880859,0.00025,20000
2026-03-17T09:57:53.819434,26,1866,0.0,547.2999999999972,0.9511818007111134,0.0,0.0,0.0,510,131,596,10,7.041454315185547,0.00025,20000
2026-03-17T09:57:55.088879,27,1,1.0,1.0,0.9492794371096911,0.0,0.0,0.0,41,150,41,9,1.682281494140625,0.00025,20000
2026-03-17T09:57:55.728824,27,11,0.0,6.0,0.9492794371096911,0.0,0.0,0.0,46,160,46,2,3.9594173431396484,0.00025,20000
2026-03-17T09:57:56.394055,27,21,0.0,5.3000000000000025,0.9492794371096911,0.0,0.0,0.0,39,145,46,10,4.612922668457031,0.00025,20000
2026-03-17T09:57:57.061275,27,31,-0.1,2.4000000000000057,0.9492794371096911,0.0,0.0,0.0,10,157,46,7,5.437612533569336,0.00025,20000
2026-03-17T09:57:57.727584,27,41,0.0,1.9000000000000052,0.9492794371096911,0.0,0.0,0.0,5,176,46,2,4.610300064086914,0.00025,20000
2026-03-17T09:57:58.393884,27,51,0.0,1.700000000000005,0.9492794371096911,0.0,0.0,0.0,3,160,46,4,7.396697998046875,0.00025,20000
2026-03-17T09:57:59.058446,27,61,0.0,1.4000000000000048,0.9492794371096911,0.0,0.0,0.0,0,138,46,4,5.6171417236328125,0.00025,20000
2026-03-17T09:57:59.726818,27,71,0.0,1.4000000000000048,0.9492794371096911,0.0,0.0,0.0,0,140,46,4,8.586883544921875,0.00025,20000
2026-03-17T09:58:00.387716,27,81,0.0,2.0000000000000053,0.9492794371096911,0.0,0.0,0.0,6,157,46,9,4.227399826049805,0.00025,20000
2026-03-17T09:58:01.053482,27,91,0.0,1.4000000000000048,0.9492794371096911,0.0,0.0,0.0,0,157,46,10,3.851652145385742,0.00025,20000
2026-03-17T09:58:01.718112,27,101,0.0,2.5000000000000058,0.9492794371096911,0.0,0.0,0.0,11,165,46,9,4.327297210693359,0.00025,20000
2026-03-17T09:58:02.386659,27,111,0.0,3.5000000000000067,0.9492794371096911,0.0,0.0,0.0,21,173,46,1,5.827188491821289,0.00025,20000
2026-03-17T09:58:03.050690,27,121,0.0,3.5000000000000067,0.9492794371096911,0.0,0.0,0.0,21,176,46,10,5.097866058349609,0.00025,20000
2026-03-17T09:58:03.718239,27,131,0.0,3.3000000000000065,0.9492794371096911,0.0,0.0,0.0,19,149,46,0,4.381656646728516,0.00025,20000
2026-03-17T09:58:04.383685,27,141,0.0,3.3000000000000065,0.9492794371096911,0.0,0.0,0.0,19,157,46,1,5.890130996704102,0.00025,20000
2026-03-17T09:58:05.047648,27,151,-0.1,2.4000000000000057,0.9492794371096911,0.0,0.0,0.0,10,146,46,2,4.482746124267578,0.00025,20000
2026-03-17T09:58:05.715224,27,161,0.1,3.2000000000000064,0.9492794371096911,0.0,0.0,0.0,18,173,46,4,7.707118988037109,0.00025,20000
2026-03-17T09:58:06.377951,27,171,0.0,3.3000000000000065,0.9492794371096911,0.0,0.0,0.0,19,176,46,1,4.9381256103515625,0.00025,20000
2026-03-17T09:58:07.042927,27,181,0.0,3.800000000000007,0.9492794371096911,0.0,0.0,0.0,24,176,46,7,3.8099288940429688,0.00025,20000
2026-03-17T09:58:07.710570,27,191,0.0,3.800000000000007,0.9492794371096911,0.0,0.0,0.0,24,173,46,3,5.438566207885742,0.00025,20000
2026-03-17T09:58:08.375896,27,201,-0.1,2.800000000000006,0.9492794371096911,0.0,0.0,0.0,14,176,46,8,4.972219467163086,0.00025,20000
2026-03-17T09:58:09.040885,27,211,0.0,1.9000000000000052,0.9492794371096911,0.0,0.0,0.0,5,176,46,7,4.872798919677734,0.00025,20000
2026-03-17T09:58:09.707207,27,221,0.1,2.700000000000006,0.9492794371096911,0.0,0.0,0.0,13,165,46,10,5.361318588256836,0.00025,20000
2026-03-17T09:58:10.371688,27,231,0.0,2.800000000000006,0.9492794371096911,0.0,0.0,0.0,14,128,46,9,5.515813827514648,0.00025,20000
2026-03-17T09:58:11.036051,27,241,0.0,2.4000000000000057,0.9492794371096911,0.0,0.0,0.0,10,176,46,9,3.841876983642578,0.00025,20000
2026-03-17T09:58:11.700705,27,251,0.0,2.900000000000006,0.9492794371096911,0.0,0.0,0.0,15,160,46,0,3.2029151916503906,0.00025,20000
2026-03-17T09:58:12.368096,27,261,0.0,2.600000000000006,0.9492794371096911,0.0,0.0,0.0,12,160,46,5,4.474878311157227,0.00025,20000
2026-03-17T09:58:13.035422,27,271,-0.1,1.5000000000000049,0.9492794371096911,0.0,0.0,0.0,1,149,46,3,5.973339080810547,0.00025,20000
2026-03-17T09:58:13.700165,27,281,0.0,1.4000000000000048,0.9492794371096911,0.0,0.0,0.0,0,147,46,7,5.240917205810547,0.00025,20000
2026-03-17T09:58:14.366189,27,291,0.1,1.700000000000005,0.9492794371096911,0.0,0.0,0.0,3,145,46,6,5.546092987060547,0.00025,20000
2026-03-17T09:58:15.030606,27,301,0.0,1.700000000000005,0.9492794371096911,0.0,0.0,0.0,3,147,46,7,5.008220672607422,0.00025,20000
2026-03-17T09:58:15.696400,27,311,0.0,1.4000000000000048,0.9492794371096911,0.0,0.0,0.0,0,160,46,1,4.24647331237793,0.00025,20000
2026-03-17T09:58:16.368800,27,321,0.0,1.4000000000000048,0.9492794371096911,0.0,0.0,0.0,0,160,46,9,6.062030792236328,0.00025,20000
2026-03-17T09:58:17.026141,27,331,0.0,2.5000000000000058,0.9492794371096911,0.0,0.0,0.0,11,176,46,0,3.3233165740966797,0.00025,20000
2026-03-17T09:58:17.691734,27,341,0.1,3.900000000000007,0.9492794371096911,0.0,0.0,0.0,25,163,46,3,3.5092830657958984,0.00025,20000
2026-03-17T09:58:18.358402,27,351,-0.1,4.000000000000007,0.9492794371096911,0.0,0.0,0.0,26,176,46,1,5.288600921630859,0.00025,20000
2026-03-17T09:58:19.024395,27,361,0.1,4.200000000000006,0.9492794371096911,0.0,0.0,0.0,28,176,46,6,4.868507385253906,0.00025,20000
2026-03-17T09:58:19.688067,27,371,-0.1,2.700000000000006,0.9492794371096911,0.0,0.0,0.0,13,160,46,2,3.9436817169189453,0.00025,20000
2026-03-17T09:58:20.355214,27,381,0.0,1.4000000000000048,0.9492794371096911,0.0,0.0,0.0,0,145,46,11,6.022930145263672,0.00025,20000
2026-03-17T09:58:21.021368,27,391,0.0,1.600000000000005,0.9492794371096911,0.0,0.0,0.0,2,152,46,1,6.405353546142578,0.00025,20000
2026-03-17T09:58:21.689085,27,401,0.0,2.0000000000000053,0.9492794371096911,0.0,0.0,0.0,6,173,46,11,7.605075836181641,0.00025,20000
2026-03-17T09:58:22.351905,27,411,0.0,1.600000000000005,0.9492794371096911,0.0,0.0,0.0,2,160,46,11,5.323171615600586,0.00025,20000
2026-03-17T09:58:23.015911,27,421,0.0,2.3000000000000056,0.9492794371096911,0.0,0.0,0.0,9,145,46,9,4.349470138549805,0.00025,20000
2026-03-17T09:58:23.683490,27,431,0.0,1.4000000000000048,0.9492794371096911,0.0,0.0,0.0,0,152,46,9,5.086183547973633,0.00025,20000
2026-03-17T09:58:24.348231,27,441,0.0,1.700000000000005,0.9492794371096911,0.0,0.0,0.0,3,168,46,6,3.8025379180908203,0.00025,20000
2026-03-17T09:58:25.015640,27,451,0.0,1.700000000000005,0.9492794371096911,0.0,0.0,0.0,3,160,46,0,4.540443420410156,0.00025,20000
2026-03-17T09:58:25.680816,27,461,0.1,4.100000000000007,0.9492794371096911,0.0,0.0,0.0,27,176,46,2,4.743099212646484,0.00025,20000
2026-03-17T09:58:26.345935,27,471,0.0,13.0,0.9492794371096911,0.0,0.0,0.0,53,176,53,0,6.489276885986328,0.00025,20000
2026-03-17T09:58:27.013434,27,481,-0.1,13.100000000000003,0.9492794371096911,0.0,0.0,0.0,45,147,54,8,7.152557373046875,0.00025,20000
2026-03-17T09:58:27.674376,27,491,-0.1,10.400000000000013,0.9492794371096911,0.0,0.0,0.0,18,138,54,6,3.6134719848632812,0.00025,20000
2026-03-17T09:58:28.342017,27,501,0.0,8.900000000000018,0.9492794371096911,0.0,0.0,0.0,3,176,54,6,5.630970001220703,0.00025,20000
2026-03-17T09:58:29.009413,27,511,0.0,8.900000000000018,0.9492794371096911,0.0,0.0,0.0,3,147,54,1,5.730390548706055,0.00025,20000
2026-03-17T09:58:29.672922,27,521,0.0,9.400000000000016,0.9492794371096911,0.0,0.0,0.0,8,160,54,9,5.3310394287109375,0.00025,20000
2026-03-17T09:58:30.337374,27,531,0.0,8.900000000000018,0.9492794371096911,0.0,0.0,0.0,3,160,54,5,4.467487335205078,0.00025,20000
2026-03-17T09:58:31.005745,27,541,0.0,9.000000000000018,0.9492794371096911,0.0,0.0,0.0,4,149,54,5,6.533384323120117,0.00025,20000
2026-03-17T09:58:31.670497,27,551,0.0,9.200000000000017,0.9492794371096911,0.0,0.0,0.0,6,145,54,7,6.79326057434082,0.00025,20000
2026-03-17T09:58:32.336562,27,561,0.0,9.300000000000017,0.9492794371096911,0.0,0.0,0.0,7,157,54,1,5.211114883422852,0.00025,20000
2026-03-17T09:58:33.003396,27,571,0.0,8.60000000000002,0.9492794371096911,0.0,0.0,0.0,0,173,54,7,7.456541061401367,0.00025,20000
2026-03-17T09:58:33.666682,27,581,0.1,8.900000000000018,0.9492794371096911,0.0,0.0,0.0,3,176,54,11,4.6100616455078125,0.00025,20000
2026-03-17T09:58:34.330475,27,591,0.0,8.60000000000002,0.9492794371096911,0.0,0.0,0.0,0,176,54,8,3.6630630493164062,0.00025,20000
2026-03-17T09:58:34.998544,27,601,0.0,8.800000000000018,0.9492794371096911,0.0,0.0,0.0,2,160,54,10,5.593538284301758,0.00025,20000
2026-03-17T09:58:35.663405,27,611,0.0,9.000000000000018,0.9492794371096911,0.0,0.0,0.0,4,149,54,7,4.641056060791016,0.00025,20000
2026-03-17T09:58:36.329723,27,621,0.0,8.800000000000018,0.9492794371096911,0.0,0.0,0.0,2,157,54,8,5.831480026245117,0.00025,20000
2026-03-17T09:58:36.994587,27,631,0.0,9.100000000000017,0.9492794371096911,0.0,0.0,0.0,5,152,54,9,5.017280578613281,0.00025,20000
2026-03-17T09:58:37.660298,27,641,0.0,9.300000000000017,0.9492794371096911,0.0,0.0,0.0,7,147,54,10,6.430149078369141,0.00025,20000
2026-03-17T09:58:38.327769,27,651,0.0,8.700000000000019,0.9492794371096911,0.0,0.0,0.0,1,147,54,1,7.283687591552734,0.00025,20000
2026-03-17T09:58:38.994883,27,661,0.0,9.100000000000017,0.9492794371096911,0.0,0.0,0.0,5,145,54,6,8.3160400390625,0.00025,20000
2026-03-17T09:58:39.654522,27,671,0.0,9.600000000000016,0.9492794371096911,0.0,0.0,0.0,10,152,54,9,4.480123519897461,0.00025,20000
2026-03-17T09:58:40.320025,27,681,0.1,12.600000000000005,0.9492794371096911,0.0,0.0,0.0,40,176,54,8,3.235340118408203,0.00025,20000
2026-03-17T09:58:40.985730,27,691,0.0,12.200000000000006,0.9492794371096911,0.0,0.0,0.0,36,146,54,0,3.8003921508789062,0.00025,20000
2026-03-17T09:58:41.652491,27,701,0.0,11.30000000000001,0.9492794371096911,0.0,0.0,0.0,27,176,54,3,5.4683685302734375,0.00025,20000
2026-03-17T09:58:42.318309,27,711,-0.1,11.20000000000001,0.9492794371096911,0.0,0.0,0.0,26,149,54,8,4.000425338745117,0.00025,20000
2026-03-17T09:58:42.983342,27,721,0.0,10.300000000000013,0.9492794371096911,0.0,0.0,0.0,17,145,54,6,5.03849983215332,0.00025,20000
2026-03-17T09:58:43.650070,27,731,0.0,10.200000000000014,0.9492794371096911,0.0,0.0,0.0,16,160,54,5,6.296396255493164,0.00025,20000
2026-03-17T09:58:44.312446,27,741,0.0,9.400000000000016,0.9492794371096911,0.0,0.0,0.0,8,149,54,11,3.061532974243164,0.00025,20000
2026-03-17T09:58:44.978733,27,751,0.0,8.60000000000002,0.9492794371096911,0.0,0.0,0.0,0,176,54,8,3.4494400024414062,0.00025,20000
2026-03-17T09:58:45.645954,27,761,0.1,10.900000000000011,0.9492794371096911,0.0,0.0,0.0,23,176,54,1,3.940105438232422,0.00025,20000
2026-03-17T09:58:46.309928,27,771,0.0,20.0,0.9492794371096911,0.0,0.0,0.0,60,174,60,4,3.4110546112060547,0.00025,20000
2026-03-17T09:58:46.975866,27,781,1.0,59.0,0.9492794371096911,0.0,0.0,0.0,99,148,99,3,3.3566951751708984,0.00025,20000
2026-03-17T09:58:47.642106,27,791,1.0,93.0,0.9492794371096911,0.0,0.0,0.0,133,176,133,3,4.482269287109375,0.00025,20000
2026-03-17T09:58:48.307926,27,801,1.0,126.0,0.9492794371096911,0.0,0.0,0.0,166,149,166,2,5.118846893310547,0.00025,20000
2026-03-17T09:58:48.973476,27,811,0.0,128.70000000000002,0.9492794371096911,0.0,0.0,0.0,166,149,169,0,4.346609115600586,0.00025,20000
2026-03-17T09:58:49.641198,27,821,0.0,128.40000000000003,0.9492794371096911,0.0,0.0,0.0,163,140,169,7,7.695674896240234,0.00025,20000
2026-03-17T09:58:50.302896,27,831,0.0,127.80000000000007,0.9492794371096911,0.0,0.0,0.0,157,173,169,1,2.991199493408203,0.00025,20000
2026-03-17T09:58:50.969589,27,841,0.0,127.80000000000007,0.9492794371096911,0.0,0.0,0.0,157,173,169,4,4.161834716796875,0.00025,20000
2026-03-17T09:58:51.633111,27,851,0.0,126.60000000000014,0.9492794371096911,0.0,0.0,0.0,145,138,169,2,2.744913101196289,0.00025,20000
2026-03-17T09:58:52.300682,27,861,0.0,125.20000000000022,0.9492794371096911,0.0,0.0,0.0,131,149,169,2,3.4856796264648438,0.00025,20000
2026-03-17T09:58:52.966446,27,871,0.0,125.4000000000002,0.9492794371096911,0.0,0.0,0.0,133,149,169,0,4.272937774658203,0.00025,20000
2026-03-17T09:58:53.632002,27,881,-0.1,125.00000000000023,0.9492794371096911,0.0,0.0,0.0,129,147,169,2,3.5800933837890625,0.00025,20000
2026-03-17T09:58:54.299050,27,891,0.0,123.40000000000032,0.9492794371096911,0.0,0.0,0.0,113,176,169,8,6.202220916748047,0.00025,20000
2026-03-17T09:58:54.964107,27,901,0.0,122.90000000000035,0.9492794371096911,0.0,0.0,0.0,108,152,169,9,5.584955215454102,0.00025,20000
2026-03-17T09:58:55.626851,27,911,0.0,120.90000000000046,0.9492794371096911,0.0,0.0,0.0,88,173,169,2,3.515958786010742,0.00025,20000
2026-03-17T09:58:56.293984,27,921,0.0,120.80000000000047,0.9492794371096911,0.0,0.0,0.0,87,148,169,10,3.4058094024658203,0.00025,20000
2026-03-17T09:58:56.959852,27,931,0.0,120.90000000000046,0.9492794371096911,0.0,0.0,0.0,88,173,169,2,3.2956600189208984,0.00025,20000
2026-03-17T09:58:57.624517,27,941,0.1,120.80000000000047,0.9492794371096911,0.0,0.0,0.0,87,168,169,0,4.143476486206055,0.00025,20000
2026-03-17T09:58:58.290175,27,951,0.0,121.80000000000041,0.9492794371096911,0.0,0.0,0.0,97,152,169,2,4.194021224975586,0.00025,20000
2026-03-17T09:58:58.956939,27,961,0.0,122.10000000000039,0.9492794371096911,0.0,0.0,0.0,100,168,169,8,4.26173210144043,0.00025,20000
2026-03-17T09:58:59.623153,27,971,0.0,121.50000000000043,0.9492794371096911,0.0,0.0,0.0,94,160,169,10,6.2103271484375,0.00025,20000
2026-03-17T09:59:00.289278,27,981,0.0,121.60000000000042,0.9492794371096911,0.0,0.0,0.0,95,176,169,9,6.201028823852539,0.00025,20000
2026-03-17T09:59:00.950945,27,991,-0.1,121.70000000000041,0.9492794371096911,0.0,0.0,0.0,96,145,169,5,1.7697811126708984,0.00025,20000
2026-03-17T09:59:01.619166,27,1001,0.0,121.30000000000044,0.9492794371096911,0.0,0.0,0.0,92,157,169,0,4.647493362426758,0.00025,20000
2026-03-17T09:59:02.284282,27,1011,0.1,122.10000000000039,0.9492794371096911,0.0,0.0,0.0,100,145,169,1,4.213094711303711,0.00025,20000
2026-03-17T09:59:02.948042,27,1021,0.0,121.70000000000041,0.9492794371096911,0.0,0.0,0.0,96,173,169,5,3.1845569610595703,0.00025,20000
2026-03-17T09:59:03.614394,27,1031,0.1,124.50000000000031,0.9492794371096911,0.0,0.0,0.0,124,176,169,11,3.4067630767822266,0.00025,20000
2026-03-17T09:59:04.280546,27,1041,1.0,130.0000000000001,0.9492794371096911,0.0,0.0,0.0,170,160,170,4,4.5795440673828125,0.00025,20000
2026-03-17T09:59:04.945905,27,1051,1.0,184.0000000000001,0.9492794371096911,0.0,0.0,0.0,224,170,224,6,3.7064552307128906,0.00025,20000
2026-03-17T09:59:05.613016,27,1061,1.0,224.0000000000001,0.9492794371096911,0.0,0.0,0.0,264,160,264,11,5.314826965332031,0.00025,20000
2026-03-17T09:59:06.278160,27,1071,1.0,266.0000000000001,0.9492794371096911,0.0,0.0,0.0,306,135,306,2,5.777120590209961,0.00025,20000
2026-03-17T09:59:06.943358,27,1081,0.0,264.89999999999986,0.9492794371096911,0.0,0.0,0.0,295,176,306,10,4.146337509155273,0.00025,20000
2026-03-17T09:59:07.607797,27,1091,0.0,263.99999999999966,0.9492794371096911,0.0,0.0,0.0,286,176,306,6,3.9479732513427734,0.00025,20000
2026-03-17T09:59:08.272542,27,1101,-0.1,263.3999999999995,0.9492794371096911,0.0,0.0,0.0,280,176,306,7,3.432750701904297,0.00025,20000
2026-03-17T09:59:08.937943,27,1111,0.1,262.99999999999943,0.9492794371096911,0.0,0.0,0.0,276,147,306,5,2.686023712158203,0.00025,20000
2026-03-17T09:59:09.604666,27,1121,0.1,263.09999999999945,0.9492794371096911,0.0,0.0,0.0,277,135,306,7,3.5371780395507812,0.00025,20000
2026-03-17T09:59:10.270257,27,1131,0.0,262.3999999999993,0.9492794371096911,0.0,0.0,0.0,270,157,306,1,3.586292266845703,0.00025,20000
2026-03-17T09:59:10.941352,27,1141,0.0,262.19999999999925,0.9492794371096911,0.0,0.0,0.0,268,176,306,2,7.579565048217773,0.00025,20000
2026-03-17T09:59:11.602855,27,1151,0.0,261.8999999999992,0.9492794371096911,0.0,0.0,0.0,265,163,306,0,5.2204132080078125,0.00025,20000
2026-03-17T09:59:12.270178,27,1161,0.0,261.69999999999914,0.9492794371096911,0.0,0.0,0.0,263,176,306,7,6.571054458618164,0.00025,20000
2026-03-17T09:59:12.934008,27,1171,0.0,262.0999999999992,0.9492794371096911,0.0,0.0,0.0,267,145,306,7,5.38945198059082,0.00025,20000
2026-03-17T09:59:13.600550,27,1181,0.0,262.69999999999936,0.9492794371096911,0.0,0.0,0.0,273,176,306,1,5.64885139465332,0.00025,20000
2026-03-17T09:59:14.266841,27,1191,0.1,264.5999999999998,0.9492794371096911,0.0,0.0,0.0,292,149,306,8,6.1244964599609375,0.00025,20000
2026-03-17T09:59:14.931291,27,1201,0.0,282.00000000000006,0.9492794371096911,0.0,0.0,0.0,322,147,322,3,5.647420883178711,0.00025,20000
2026-03-17T09:59:15.596217,27,1211,0.0,287.00000000000006,0.9492794371096911,0.0,0.0,0.0,327,176,327,9,3.9031505584716797,0.00025,20000
2026-03-17T09:59:16.265826,27,1221,0.0,286.1999999999999,0.9492794371096911,0.0,0.0,0.0,319,145,327,7,8.122444152832031,0.00025,20000
2026-03-17T09:59:16.927509,27,1231,0.0,286.09999999999985,0.9492794371096911,0.0,0.0,0.0,318,173,327,1,6.0577392578125,0.00025,20000
2026-03-17T09:59:17.590831,27,1241,0.0,284.5999999999995,0.9492794371096911,0.0,0.0,0.0,303,176,327,6,3.361225128173828,0.00025,20000
2026-03-17T09:59:18.259936,27,1251,0.0,285.0999999999996,0.9492794371096911,0.0,0.0,0.0,308,176,327,5,6.958484649658203,0.00025,20000
2026-03-17T09:59:18.924095,27,1261,-0.1,282.49999999999903,0.9492794371096911,0.0,0.0,0.0,282,176,327,8,4.902839660644531,0.00025,20000
2026-03-17T09:59:19.589560,27,1271,0.0,281.0999999999987,0.9492794371096911,0.0,0.0,0.0,268,176,327,4,5.918264389038086,0.00025,20000
2026-03-17T09:59:20.254194,27,1281,0.0,281.69999999999885,0.9492794371096911,0.0,0.0,0.0,274,176,327,4,4.242420196533203,0.00025,20000
2026-03-17T09:59:20.917638,27,1291,0.1,284.69999999999953,0.9492794371096911,0.0,0.0,0.0,304,176,327,2,3.0939579010009766,0.00025,20000
2026-03-17T09:59:21.586864,27,1301,0.0,284.79999999999956,0.9492794371096911,0.0,0.0,0.0,305,160,327,10,4.675149917602539,0.00025,20000
2026-03-17T09:59:22.254614,27,1311,0.0,284.29999999999944,0.9492794371096911,0.0,0.0,0.0,300,176,327,7,6.18433952331543,0.00025,20000
2026-03-17T09:59:22.920797,27,1321,-0.1,282.8999999999991,0.9492794371096911,0.0,0.0,0.0,286,176,327,9,7.764577865600586,0.00025,20000
2026-03-17T09:59:23.584337,27,1331,0.0,281.29999999999876,0.9492794371096911,0.0,0.0,0.0,270,163,327,3,6.897687911987305,0.00025,20000
2026-03-17T09:59:24.247285,27,1341,0.0,281.19999999999874,0.9492794371096911,0.0,0.0,0.0,269,149,327,1,3.896474838256836,0.00025,20000
2026-03-17T09:59:24.913898,27,1351,0.0,281.0999999999987,0.9492794371096911,0.0,0.0,0.0,268,160,327,11,5.0601959228515625,0.00025,20000
2026-03-17T09:59:25.579394,27,1361,0.0,278.8999999999983,0.9492794371096911,0.0,0.0,0.0,246,136,327,8,3.985881805419922,0.00025,20000
2026-03-17T09:59:26.245714,27,1371,0.1,279.1999999999983,0.9492794371096911,0.0,0.0,0.0,249,160,327,5,4.8160552978515625,0.00025,20000
2026-03-17T09:59:26.912269,27,1381,0.1,280.1999999999985,0.9492794371096911,0.0,0.0,0.0,259,155,327,2,5.116462707519531,0.00025,20000
2026-03-17T09:59:27.579589,27,1391,0.0,280.89999999999867,0.9492794371096911,0.0,0.0,0.0,266,176,327,4,7.311105728149414,0.00025,20000
2026-03-17T09:59:28.244106,27,1401,0.0,281.29999999999876,0.9492794371096911,0.0,0.0,0.0,270,148,327,4,6.633758544921875,0.00025,20000
2026-03-17T09:59:28.909483,27,1411,0.1,281.0999999999987,0.9492794371096911,0.0,0.0,0.0,268,173,327,10,6.326913833618164,0.00025,20000
2026-03-17T09:59:29.572846,27,1421,0.0,281.4999999999988,0.9492794371096911,0.0,0.0,0.0,272,111,327,7,4.8999786376953125,0.00025,20000
2026-03-17T09:59:30.236617,27,1431,0.0,282.59999999999906,0.9492794371096911,0.0,0.0,0.0,283,176,327,4,3.826141357421875,0.00025,20000
2026-03-17T09:59:30.903324,27,1441,0.0,282.299999999999,0.9492794371096911,0.0,0.0,0.0,280,160,327,11,5.494594573974609,0.00025,20000
2026-03-17T09:59:31.569056,27,1451,0.1,282.399999999999,0.9492794371096911,0.0,0.0,0.0,281,149,327,3,4.068136215209961,0.00025,20000
2026-03-17T09:59:32.236196,27,1461,0.0,281.7999999999989,0.9492794371096911,0.0,0.0,0.0,275,147,327,11,4.265785217285156,0.00025,20000
2026-03-17T09:59:32.902446,27,1471,0.0,279.7999999999984,0.9492794371096911,0.0,0.0,0.0,255,176,327,4,5.80596923828125,0.00025,20000
2026-03-17T09:59:33.566714,27,1481,0.0,280.79999999999865,0.9492794371096911,0.0,0.0,0.0,265,157,327,0,5.717039108276367,0.00025,20000
2026-03-17T09:59:34.234214,27,1491,-0.1,279.1999999999983,0.9492794371096911,0.0,0.0,0.0,249,173,327,3,7.019758224487305,0.00025,20000
2026-03-17T09:59:34.898304,27,1501,-0.1,278.8999999999982,0.9492794371096911,0.0,0.0,0.0,246,131,327,6,6.072282791137695,0.00025,20000
2026-03-17T09:59:35.562164,27,1511,0.0,279.5999999999984,0.9492794371096911,0.0,0.0,0.0,253,173,327,1,4.279613494873047,0.00025,20000
2026-03-17T09:59:36.229002,27,1521,0.1,283.699999999999,0.9492794371096911,0.0,0.0,0.0,294,148,327,10,5.069732666015625,0.00025,20000
2026-03-17T09:59:36.892167,27,1531,1.0,298.99999999999955,0.9492794371096911,0.0,0.0,0.0,339,143,339,11,3.226041793823242,0.00025,20000
2026-03-17T09:59:37.562675,27,1541,1.0,367.99999999999955,0.9492794371096911,0.0,0.0,0.0,408,174,408,10,6.991147994995117,0.00025,20000
2026-03-17T09:59:38.225888,27,1551,1.0,427.99999999999955,0.9492794371096911,0.0,0.0,0.0,468,144,468,9,4.677295684814453,0.00025,20000
2026-03-17T09:59:38.893590,27,1561,1.0,483.99999999999955,0.9492794371096911,0.0,0.0,0.0,524,175,524,1,6.734371185302734,0.00025,20000
2026-03-17T09:59:39.559732,27,1571,1.0,540.9999999999995,0.9492794371096911,0.0,0.0,0.0,581,176,581,9,6.662845611572266,0.00025,20000
2026-03-17T09:59:40.223216,27,1581,0.0,555.7999999999995,0.9492794371096911,0.0,0.0,0.0,594,99,596,6,5.242586135864258,0.00025,20000
2026-03-17T09:59:40.889083,27,1591,1.0,568.9999999999995,0.9492794371096911,0.0,0.0,0.0,609,88,609,11,6.033420562744141,0.00025,20000
2026-03-17T09:59:41.556132,27,1601,0.0,600.9999999999995,0.9492794371096911,0.0,0.0,0.0,641,87,641,5,7.680654525756836,0.00025,20000
2026-03-17T09:59:42.217650,27,1611,0.0,619.9999999999995,0.9492794371096911,0.0,0.0,0.0,660,172,660,10,4.995822906494141,0.00025,20000
2026-03-17T09:59:43.469021,28,8,0.0,5.0,0.9473808782354717,0.0,0.0,0.0,45,176,45,4,5.203723907470703,0.00025,20000
2026-03-17T09:59:44.138144,28,18,0.0,13.0,0.9473808782354717,0.0,0.0,0.0,53,140,53,2,8.844614028930664,0.00025,20000
2026-03-17T09:59:44.796208,28,28,-0.1,15.500000000000002,0.9473808782354717,0.0,0.0,0.0,51,168,56,8,1.8548965454101562,0.00025,20000
2026-03-17T09:59:45.464282,28,38,1.0,19.0,0.9473808782354717,0.0,0.0,0.0,59,165,59,1,6.580591201782227,0.00025,20000
2026-03-17T09:59:46.131302,28,48,1.0,52.0,0.9473808782354717,0.0,0.0,0.0,92,143,92,2,4.80961799621582,0.00025,20000
2026-03-17T09:59:46.795012,28,58,0.0,55.699999999999996,0.9473808782354717,0.0,0.0,0.0,93,113,96,0,5.419015884399414,0.00025,20000
2026-03-17T09:59:47.462563,28,68,0.0,55.39999999999999,0.9473808782354717,0.0,0.0,0.0,90,140,96,8,5.077600479125977,0.00025,20000
2026-03-17T09:59:48.129087,28,78,0.0,55.9,0.9473808782354717,0.0,0.0,0.0,95,173,96,6,7.720232009887695,0.00025,20000
2026-03-17T09:59:48.791822,28,88,0.0,79.0,0.9473808782354717,0.0,0.0,0.0,119,176,119,2,5.431413650512695,0.00025,20000
2026-03-17T09:59:49.455201,28,98,0.0,78.30000000000004,0.9473808782354717,0.0,0.0,0.0,112,147,119,7,4.169464111328125,0.00025,20000
2026-03-17T09:59:50.125607,28,108,-0.1,78.60000000000002,0.9473808782354717,0.0,0.0,0.0,115,145,119,5,6.466150283813477,0.00025,20000
2026-03-17T09:59:50.789725,28,118,-0.1,77.3000000000001,0.9473808782354717,0.0,0.0,0.0,102,149,119,10,5.433559417724609,0.00025,20000
2026-03-17T09:59:51.455047,28,128,0.0,77.10000000000011,0.9473808782354717,0.0,0.0,0.0,100,176,119,2,5.049943923950195,0.00025,20000
2026-03-17T09:59:52.120278,28,138,0.0,77.3000000000001,0.9473808782354717,0.0,0.0,0.0,102,160,119,7,6.241798400878906,0.00025,20000
2026-03-17T09:59:52.785794,28,148,0.0,77.90000000000006,0.9473808782354717,0.0,0.0,0.0,108,149,119,5,5.811452865600586,0.00025,20000
2026-03-17T09:59:53.453182,28,158,0.0,78.40000000000003,0.9473808782354717,0.0,0.0,0.0,113,176,119,6,4.653453826904297,0.00025,20000
2026-03-17T09:59:54.114162,28,168,-0.1,78.50000000000003,0.9473808782354717,0.0,0.0,0.0,114,160,119,0,5.0220489501953125,0.00025,20000
2026-03-17T09:59:54.778904,28,178,0.0,78.80000000000001,0.9473808782354717,0.0,0.0,0.0,117,160,119,8,3.6630630493164062,0.00025,20000
2026-03-17T09:59:55.447593,28,188,0.0,78.70000000000002,0.9473808782354717,0.0,0.0,0.0,116,135,119,9,3.6466121673583984,0.00025,20000
2026-03-17T09:59:56.113913,28,198,1.0,90.0,0.9473808782354717,0.0,0.0,0.0,130,147,130,10,3.551959991455078,0.00025,20000
2026-03-17T09:59:56.779514,28,208,0.1,91.0,0.9473808782354717,0.0,0.0,0.0,131,168,131,6,5.781888961791992,0.00025,20000
2026-03-17T09:59:57.444302,28,218,0.0,89.10000000000011,0.9473808782354717,0.0,0.0,0.0,112,176,131,2,5.012035369873047,0.00025,20000
2026-03-17T09:59:58.110668,28,228,-0.1,85.0000000000003,0.9473808782354717,0.0,0.0,0.0,71,176,131,7,4.527091979980469,0.00025,20000
2026-03-17T09:59:58.776934,28,238,0.0,84.10000000000035,0.9473808782354717,0.0,0.0,0.0,62,152,131,9,7.82012939453125,0.00025,20000
2026-03-17T09:59:59.443845,28,248,0.0,84.80000000000031,0.9473808782354717,0.0,0.0,0.0,69,152,131,4,5.540370941162109,0.00025,20000
2026-03-17T10:00:00.108691,28,258,0.0,87.50000000000016,0.9473808782354717,0.0,0.0,0.0,96,176,131,11,5.687952041625977,0.00025,20000
2026-03-17T10:00:00.773063,28,268,0.0,87.80000000000014,0.9473808782354717,0.0,0.0,0.0,99,157,131,1,7.092475891113281,0.00025,20000
2026-03-17T10:00:01.436327,28,278,0.1,88.4000000000001,0.9473808782354717,0.0,0.0,0.0,105,157,131,0,3.0007362365722656,0.00025,20000
2026-03-17T10:00:02.103672,28,288,0.0,89.30000000000005,0.9473808782354717,0.0,0.0,0.0,114,135,131,8,4.60362434387207,0.00025,20000
2026-03-17T10:00:02.770190,28,298,0.0,89.60000000000004,0.9473808782354717,0.0,0.0,0.0,117,173,131,9,4.259824752807617,0.00025,20000
2026-03-17T10:00:03.434190,28,308,1.0,91.99999999999996,0.9473808782354717,0.0,0.0,0.0,132,147,132,5,5.033969879150391,0.00025,20000
2026-03-17T10:00:04.103728,28,318,1.0,107.99999999999996,0.9473808782354717,0.0,0.0,0.0,148,147,148,4,5.155086517333984,0.00025,20000
2026-03-17T10:00:04.767942,28,328,-0.1,115.89999999999996,0.9473808782354717,0.0,0.0,0.0,155,176,156,8,4.943609237670898,0.00025,20000
2026-03-17T10:00:05.433970,28,338,0.0,115.99999999999996,0.9473808782354717,0.0,0.0,0.0,156,176,156,9,7.034063339233398,0.00025,20000
2026-03-17T10:00:06.101404,28,348,0.0,134.99999999999994,0.9473808782354717,0.0,0.0,0.0,175,176,175,4,7.857322692871094,0.00025,20000
2026-03-17T10:00:06.767851,28,358,0.0,135.69999999999996,0.9473808782354717,0.0,0.0,0.0,173,145,176,4,7.453441619873047,0.00025,20000
2026-03-17T10:00:07.425305,28,368,0.0,135.0,0.9473808782354717,0.0,0.0,0.0,166,157,176,8,5.158424377441406,0.00025,20000
2026-03-17T10:00:08.095781,28,378,0.0,134.70000000000002,0.9473808782354717,0.0,0.0,0.0,163,138,176,2,6.662130355834961,0.00025,20000
2026-03-17T10:00:08.759925,28,388,0.0,134.8,0.9473808782354717,0.0,0.0,0.0,164,128,176,9,5.025148391723633,0.00025,20000
2026-03-17T10:00:09.426030,28,398,-0.1,138.69999999999996,0.9473808782354717,0.0,0.0,0.0,176,145,179,3,8.263349533081055,0.00025,20000
2026-03-17T10:00:10.090694,28,408,0.0,138.0,0.9473808782354717,0.0,0.0,0.0,169,145,179,10,5.5179595947265625,0.00025,20000
2026-03-17T10:00:10.759202,28,418,0.0,137.70000000000002,0.9473808782354717,0.0,0.0,0.0,166,149,179,0,8.611679077148438,0.00025,20000
2026-03-17T10:00:11.424316,28,428,0.0,137.30000000000004,0.9473808782354717,0.0,0.0,0.0,162,147,179,9,6.168365478515625,0.00025,20000
2026-03-17T10:00:12.085234,28,438,-0.1,137.50000000000003,0.9473808782354717,0.0,0.0,0.0,164,152,179,6,5.863666534423828,0.00025,20000
2026-03-17T10:00:12.756100,28,448,0.0,137.8,0.9473808782354717,0.0,0.0,0.0,167,128,179,6,5.841732025146484,0.00025,20000
2026-03-17T10:00:13.418876,28,458,0.0,137.60000000000002,0.9473808782354717,0.0,0.0,0.0,165,147,179,6,4.136800765991211,0.00025,20000
2026-03-17T10:00:14.083578,28,468,-0.1,136.80000000000007,0.9473808782354717,0.0,0.0,0.0,157,157,179,10,3.34930419921875,0.00025,20000
2026-03-17T10:00:14.749639,28,478,-0.1,136.50000000000009,0.9473808782354717,0.0,0.0,0.0,154,173,179,3,3.5750865936279297,0.00025,20000
2026-03-17T10:00:15.431950,28,488,-0.2,131.90000000000035,0.9473808782354717,0.0,0.0,0.0,108,176,179,6,4.935503005981445,0.00025,20000
2026-03-17T10:00:16.098409,28,498,0.0,131.1000000000004,0.9473808782354717,0.0,0.0,0.0,100,176,179,0,6.859540939331055,0.00025,20000
2026-03-17T10:00:16.761698,28,508,0.1,132.10000000000034,0.9473808782354717,0.0,0.0,0.0,110,160,179,3,4.521846771240234,0.00025,20000
2026-03-17T10:00:17.430165,28,518,-0.1,133.30000000000027,0.9473808782354717,0.0,0.0,0.0,122,138,179,4,7.705450057983398,0.00025,20000
2026-03-17T10:00:18.098703,28,528,0.0,133.30000000000027,0.9473808782354717,0.0,0.0,0.0,122,145,179,1,7.000207901000977,0.00025,20000
2026-03-17T10:00:18.759365,28,538,-0.1,134.20000000000022,0.9473808782354717,0.0,0.0,0.0,131,176,179,6,5.991458892822266,0.00025,20000
2026-03-17T10:00:19.423003,28,548,0.0,133.20000000000027,0.9473808782354717,0.0,0.0,0.0,121,176,179,4,4.263162612915039,0.00025,20000
2026-03-17T10:00:20.094108,28,558,0.1,133.70000000000024,0.9473808782354717,0.0,0.0,0.0,126,176,179,1,8.179664611816406,0.00025,20000
2026-03-17T10:00:20.756069,28,568,0.1,134.4000000000002,0.9473808782354717,0.0,0.0,0.0,133,176,179,5,4.207611083984375,0.00025,20000
2026-03-17T10:00:21.422207,28,578,0.0,133.80000000000024,0.9473808782354717,0.0,0.0,0.0,127,176,179,5,5.13458251953125,0.00025,20000
2026-03-17T10:00:22.085454,28,588,0.0,133.80000000000024,0.9473808782354717,0.0,0.0,0.0,127,176,179,7,6.058692932128906,0.00025,20000
2026-03-17T10:00:22.754822,28,598,0.1,137.00000000000006,0.9473808782354717,0.0,0.0,0.0,159,176,179,9,5.666255950927734,0.00025,20000
2026-03-17T10:00:23.416789,28,608,1.0,169.99999999999994,0.9473808782354717,0.0,0.0,0.0,210,176,210,3,3.8814544677734375,0.00025,20000
2026-03-17T10:00:24.088794,28,618,1.0,221.99999999999994,0.9473808782354717,0.0,0.0,0.0,262,176,262,9,8.513927459716797,0.00025,20000
2026-03-17T10:00:24.750292,28,628,-0.1,238.89999999999995,0.9473808782354717,0.0,0.0,0.0,278,176,279,6,4.578351974487305,0.00025,20000
2026-03-17T10:00:25.442563,28,638,0.0,251.99999999999994,0.9473808782354717,0.0,0.0,0.0,292,176,292,10,3.4804344177246094,0.00025,20000
2026-03-17T10:00:26.081362,28,648,0.0,251.59999999999997,0.9473808782354717,0.0,0.0,0.0,288,176,292,6,3.790140151977539,0.00025,20000
2026-03-17T10:00:26.747051,28,658,0.0,257.8999999999999,0.9473808782354717,0.0,0.0,0.0,297,176,298,11,7.216453552246094,0.00025,20000
2026-03-17T10:00:27.412086,28,668,1.0,283.99999999999994,0.9473808782354717,0.0,0.0,0.0,324,176,324,1,4.66609001159668,0.00025,20000
2026-03-17T10:00:28.076420,28,678,1.0,333.99999999999994,0.9473808782354717,0.0,0.0,0.0,374,147,374,7,6.869077682495117,0.00025,20000
2026-03-17T10:00:28.746701,28,688,0.0,364.99999999999994,0.9473808782354717,0.0,0.0,0.0,405,160,405,3,8.092403411865234,0.00025,20000
2026-03-17T10:00:29.411370,28,698,0.0,364.09999999999974,0.9473808782354717,0.0,0.0,0.0,396,176,405,4,7.780551910400391,0.00025,20000
2026-03-17T10:00:30.078073,28,708,1.0,380.99999999999994,0.9473808782354717,0.0,0.0,0.0,421,148,421,1,6.244421005249023,0.00025,20000
2026-03-17T10:00:30.738143,28,718,1.0,432.99999999999994,0.9473808782354717,0.0,0.0,0.0,473,141,473,3,3.129243850708008,0.00025,20000
2026-03-17T10:00:31.404095,28,728,0.0,457.7999999999999,0.9473808782354717,0.0,0.0,0.0,496,147,498,6,3.4351348876953125,0.00025,20000
2026-03-17T10:00:32.070722,28,738,0.0,459.99999999999994,0.9473808782354717,0.0,0.0,0.0,500,176,500,2,4.5013427734375,0.00025,20000
2026-03-17T10:00:32.732429,28,748,0.0,467.99999999999994,0.9473808782354717,0.0,0.0,0.0,508,173,508,6,3.4170150756835938,0.00025,20000
2026-03-17T10:00:33.398463,28,758,0.0,467.4999999999996,0.9473808782354717,0.0,0.0,0.0,494,114,509,3,3.902435302734375,0.00025,20000
2026-03-17T10:00:34.063609,28,768,-0.1,465.59999999999917,0.9473808782354717,0.0,0.0,0.0,475,144,509,8,3.4389495849609375,0.00025,20000
2026-03-17T10:00:34.729188,28,778,-0.1,462.6999999999985,0.9473808782354717,0.0,0.0,0.0,446,115,509,5,3.228425979614258,0.00025,20000
2026-03-17T10:00:35.395550,28,788,0.0,460.9999999999981,0.9473808782354717,0.0,0.0,0.0,429,174,509,5,3.3369064331054688,0.00025,20000
2026-03-17T10:00:36.068094,28,798,0.0,461.99999999999835,0.9473808782354717,0.0,0.0,0.0,439,144,509,8,7.642269134521484,0.00025,20000
2026-03-17T10:00:36.729234,28,808,0.0,460.499999999998,0.9473808782354717,0.0,0.0,0.0,424,176,509,2,7.808923721313477,0.00025,20000
2026-03-17T10:00:37.394911,28,818,0.0,460.69999999999806,0.9473808782354717,0.0,0.0,0.0,426,176,509,1,6.159543991088867,0.00025,20000
2026-03-17T10:00:38.060388,28,828,0.0,461.49999999999824,0.9473808782354717,0.0,0.0,0.0,434,176,509,8,3.8318634033203125,0.00025,20000
2026-03-17T10:00:38.725441,28,838,0.0,461.2999999999982,0.9473808782354717,0.0,0.0,0.0,432,157,509,8,6.602048873901367,0.00025,20000
2026-03-17T10:00:39.394946,28,848,0.0,461.2999999999982,0.9473808782354717,0.0,0.0,0.0,432,176,509,2,6.473779678344727,0.00025,20000
2026-03-17T10:00:40.054709,28,858,0.0,460.59999999999803,0.9473808782354717,0.0,0.0,0.0,425,176,509,3,5.22303581237793,0.00025,20000
2026-03-17T10:00:40.721616,28,868,-0.1,460.0999999999979,0.9473808782354717,0.0,0.0,0.0,420,160,509,8,4.356861114501953,0.00025,20000
2026-03-17T10:00:41.386966,28,878,0.1,458.6999999999976,0.9473808782354717,0.0,0.0,0.0,406,147,509,5,3.4635066986083984,0.00025,20000
2026-03-17T10:00:42.051947,28,888,0.0,459.8999999999979,0.9473808782354717,0.0,0.0,0.0,418,147,509,4,2.816438674926758,0.00025,20000
2026-03-17T10:00:42.717632,28,898,0.1,460.7999999999981,0.9473808782354717,0.0,0.0,0.0,427,140,509,11,3.310680389404297,0.00025,20000
2026-03-17T10:00:43.384078,28,908,0.0,461.49999999999824,0.9473808782354717,0.0,0.0,0.0,434,176,509,4,5.509614944458008,0.00025,20000
2026-03-17T10:00:44.050888,28,918,0.0,461.59999999999826,0.9473808782354717,0.0,0.0,0.0,435,138,509,10,5.464792251586914,0.00025,20000
2026-03-17T10:00:44.716678,28,928,0.1,462.5999999999985,0.9473808782354717,0.0,0.0,0.0,445,99,509,6,6.6204071044921875,0.00025,20000
2026-03-17T10:00:45.379389,28,938,0.1,463.8999999999988,0.9473808782354717,0.0,0.0,0.0,458,115,509,2,3.0145645141601562,0.00025,20000
2026-03-17T10:00:46.045649,28,948,0.0,464.2999999999989,0.9473808782354717,0.0,0.0,0.0,462,144,509,2,3.4987926483154297,0.00025,20000
2026-03-17T10:00:46.717535,28,958,0.0,461.89999999999833,0.9473808782354717,0.0,0.0,0.0,438,144,509,0,6.237506866455078,0.00025,20000
2026-03-17T10:00:47.377773,28,968,0.0,461.7999999999983,0.9473808782354717,0.0,0.0,0.0,437,136,509,0,3.5049915313720703,0.00025,20000
2026-03-17T10:00:48.042935,28,978,-0.1,460.399999999998,0.9473808782354717,0.0,0.0,0.0,423,176,509,11,6.009101867675781,0.00025,20000
2026-03-17T10:00:48.709408,28,988,0.1,460.69999999999806,0.9473808782354717,0.0,0.0,0.0,426,176,509,0,7.067203521728516,0.00025,20000
2026-03-17T10:00:49.374920,28,998,0.1,461.2999999999982,0.9473808782354717,0.0,0.0,0.0,432,127,509,5,6.24394416809082,0.00025,20000
2026-03-17T10:00:50.038587,28,1008,0.0,462.9999999999986,0.9473808782354717,0.0,0.0,0.0,449,117,509,8,4.75764274597168,0.00025,20000
2026-03-17T10:00:50.708958,28,1018,0.1,464.2999999999989,0.9473808782354717,0.0,0.0,0.0,462,128,509,8,7.466554641723633,0.00025,20000
2026-03-17T10:00:51.368518,28,1028,0.0,464.59999999999894,0.9473808782354717,0.0,0.0,0.0,465,144,509,9,3.240346908569336,0.00025,20000
2026-03-17T10:00:52.036143,28,1038,0.0,465.3999999999991,0.9473808782354717,0.0,0.0,0.0,473,113,509,6,3.5567283630371094,0.00025,20000
2026-03-17T10:00:52.701518,28,1048,0.0,465.89999999999924,0.9473808782354717,0.0,0.0,0.0,478,141,509,3,4.203319549560547,0.00025,20000
2026-03-17T10:00:53.366151,28,1058,0.0,465.3999999999991,0.9473808782354717,0.0,0.0,0.0,473,135,509,8,3.387928009033203,0.00025,20000
2026-03-17T10:00:54.033087,28,1068,0.0,464.4999999999989,0.9473808782354717,0.0,0.0,0.0,464,128,509,9,5.2928924560546875,0.00025,20000
2026-03-17T10:00:54.699785,28,1078,0.1,466.39999999999935,0.9473808782354717,0.0,0.0,0.0,483,168,509,11,6.330251693725586,0.00025,20000
2026-03-17T10:00:55.366341,28,1088,0.0,466.79999999999944,0.9473808782354717,0.0,0.0,0.0,487,176,509,9,7.156133651733398,0.00025,20000
2026-03-17T10:00:56.031091,28,1098,1.0,471.99999999999994,0.9473808782354717,0.0,0.0,0.0,512,176,512,2,6.202459335327148,0.00025,20000
2026-03-17T10:00:56.692619,28,1108,0.0,471.19999999999976,0.9473808782354717,0.0,0.0,0.0,504,176,512,3,3.2944679260253906,0.00025,20000
2026-03-17T10:00:57.374652,28,1118,0.0,470.4999999999996,0.9473808782354717,0.0,0.0,0.0,497,176,512,7,3.2465457916259766,0.00025,20000
2026-03-17T10:00:58.042769,28,1128,0.0,470.9999999999997,0.9473808782354717,0.0,0.0,0.0,502,160,512,6,3.039836883544922,0.00025,20000
2026-03-17T10:00:58.708805,28,1138,0.0,470.9999999999997,0.9473808782354717,0.0,0.0,0.0,502,147,512,4,3.1900405883789062,0.00025,20000
2026-03-17T10:00:59.373675,28,1148,0.0,470.0999999999995,0.9473808782354717,0.0,0.0,0.0,493,138,512,6,3.260374069213867,0.00025,20000
2026-03-17T10:01:00.038781,28,1158,0.0,468.5999999999992,0.9473808782354717,0.0,0.0,0.0,478,145,512,10,5.21087646484375,0.00025,20000
2026-03-17T10:01:00.706948,28,1168,0.1,470.29999999999956,0.9473808782354717,0.0,0.0,0.0,495,173,512,7,7.445812225341797,0.00025,20000
2026-03-17T10:01:01.371672,28,1178,1.0,526.8999999999996,0.9473808782354717,0.0,0.0,0.0,567,176,567,5,7.387399673461914,0.00025,20000
2026-03-17T10:01:02.034791,28,1188,0.0,553.1999999999995,0.9473808782354717,0.0,0.0,0.0,587,160,594,10,3.353595733642578,0.00025,20000
2026-03-17T10:01:02.699800,28,1198,0.0,551.299999999999,0.9473808782354717,0.0,0.0,0.0,568,149,594,8,3.1452178955078125,0.00025,20000
2026-03-17T10:01:03.365619,28,1208,0.0,551.299999999999,0.9473808782354717,0.0,0.0,0.0,568,147,594,1,3.1681060791015625,0.00025,20000
2026-03-17T10:01:04.031762,28,1218,0.0,552.8999999999994,0.9473808782354717,0.0,0.0,0.0,584,148,594,9,2.8581619262695312,0.00025,20000
2026-03-17T10:01:04.698317,28,1228,-0.1,553.3999999999995,0.9473808782354717,0.0,0.0,0.0,589,160,594,10,4.48298454284668,0.00025,20000
2026-03-17T10:01:05.364408,28,1238,0.0,550.5999999999989,0.9473808782354717,0.0,0.0,0.0,561,176,594,10,6.409645080566406,0.00025,20000
2026-03-17T10:01:06.028946,28,1248,-0.1,546.799999999998,0.9473808782354717,0.0,0.0,0.0,523,176,594,7,4.084587097167969,0.00025,20000
2026-03-17T10:01:06.697503,28,1258,0.1,547.2999999999981,0.9473808782354717,0.0,0.0,0.0,528,176,594,2,7.753849029541016,0.00025,20000
2026-03-17T10:01:07.363797,28,1268,-0.1,547.4999999999982,0.9473808782354717,0.0,0.0,0.0,530,176,594,4,7.00688362121582,0.00025,20000
2026-03-17T10:01:08.023471,28,1278,0.0,546.599999999998,0.9473808782354717,0.0,0.0,0.0,521,176,594,6,3.458261489868164,0.00025,20000
2026-03-17T10:01:08.689164,28,1288,0.1,546.799999999998,0.9473808782354717,0.0,0.0,0.0,523,176,594,7,3.7450790405273438,0.00025,20000
2026-03-17T10:01:09.355850,28,1298,0.0,546.3999999999979,0.9473808782354717,0.0,0.0,0.0,519,157,594,2,3.0066967010498047,0.00025,20000
2026-03-17T10:01:10.022075,28,1308,0.0,546.0999999999979,0.9473808782354717,0.0,0.0,0.0,516,168,594,2,4.477024078369141,0.00025,20000
2026-03-17T10:01:10.689457,28,1318,0.0,546.0999999999979,0.9473808782354717,0.0,0.0,0.0,516,176,594,10,5.386114120483398,0.00025,20000
2026-03-17T10:01:11.354959,28,1328,0.0,545.5999999999977,0.9473808782354717,0.0,0.0,0.0,511,176,594,6,7.215976715087891,0.00025,20000
2026-03-17T10:01:12.020987,28,1338,0.0,547.0999999999981,0.9473808782354717,0.0,0.0,0.0,526,160,594,9,5.93113899230957,0.00025,20000
2026-03-17T10:01:12.688058,28,1348,0.0,548.6999999999985,0.9473808782354717,0.0,0.0,0.0,542,160,594,3,6.126165390014648,0.00025,20000
2026-03-17T10:01:13.352542,28,1358,0.1,550.3999999999988,0.9473808782354717,0.0,0.0,0.0,559,147,594,11,5.7926177978515625,0.00025,20000
2026-03-17T10:01:14.018951,28,1368,0.0,553.8999999999996,0.9473808782354717,0.0,0.0,0.0,594,133,594,2,4.75764274597168,0.00025,20000
2026-03-17T10:01:14.683437,28,1378,-0.1,550.2999999999988,0.9473808782354717,0.0,0.0,0.0,558,149,594,5,5.631446838378906,0.00025,20000
2026-03-17T10:01:15.347631,28,1388,0.0,547.5999999999982,0.9473808782354717,0.0,0.0,0.0,531,131,594,3,3.3898353576660156,0.00025,20000
2026-03-17T10:01:16.013473,28,1398,0.0,548.2999999999984,0.9473808782354717,0.0,0.0,0.0,538,157,594,3,3.3724308013916016,0.00025,20000
2026-03-17T10:01:16.680322,28,1408,0.0,548.3999999999984,0.9473808782354717,0.0,0.0,0.0,539,176,594,11,3.8111209869384766,0.00025,20000
2026-03-17T10:01:17.343786,28,1418,0.0,546.899999999998,0.9473808782354717,0.0,0.0,0.0,524,176,594,4,1.9526481628417969,0.00025,20000
2026-03-17T10:01:18.011241,28,1428,0.0,546.699999999998,0.9473808782354717,0.0,0.0,0.0,522,135,594,3,6.723880767822266,0.00025,20000
2026-03-17T10:01:18.694418,28,1438,0.1,547.0999999999981,0.9473808782354717,0.0,0.0,0.0,526,140,594,0,6.569623947143555,0.00025,20000
2026-03-17T10:01:19.362254,28,1448,0.0,547.2999999999981,0.9473808782354717,0.0,0.0,0.0,528,176,594,4,8.072137832641602,0.00025,20000
2026-03-17T10:01:20.021238,28,1458,-0.1,546.699999999998,0.9473808782354717,0.0,0.0,0.0,522,176,594,1,4.369497299194336,0.00025,20000
2026-03-17T10:01:20.692767,28,1468,0.1,548.4999999999984,0.9473808782354717,0.0,0.0,0.0,540,160,594,11,6.606578826904297,0.00025,20000
2026-03-17T10:01:21.352036,28,1478,0.0,550.999999999999,0.9473808782354717,0.0,0.0,0.0,565,176,594,6,3.3545494079589844,0.00025,20000
2026-03-17T10:01:22.019167,28,1488,0.1,551.199999999999,0.9473808782354717,0.0,0.0,0.0,567,157,594,8,3.179311752319336,0.00025,20000
2026-03-17T10:01:22.692271,28,1498,-0.1,550.999999999999,0.9473808782354717,0.0,0.0,0.0,565,160,594,5,7.334470748901367,0.00025,20000
2026-03-17T10:01:23.352670,28,1508,0.0,550.2999999999988,0.9473808782354717,0.0,0.0,0.0,558,176,594,7,4.365444183349609,0.00025,20000
2026-03-17T10:01:24.012990,28,1518,-0.1,549.9999999999987,0.9473808782354717,0.0,0.0,0.0,555,176,594,10,3.889322280883789,0.00025,20000
2026-03-17T10:01:24.685727,28,1528,0.0,550.1999999999988,0.9473808782354717,0.0,0.0,0.0,557,149,594,8,7.5969696044921875,0.00025,20000
2026-03-17T10:01:25.351281,28,1538,0.0,549.0999999999985,0.9473808782354717,0.0,0.0,0.0,546,140,594,10,5.795717239379883,0.00025,20000
2026-03-17T10:01:26.018401,28,1548,0.0,548.8999999999985,0.9473808782354717,0.0,0.0,0.0,544,140,594,4,8.492469787597656,0.00025,20000
2026-03-17T10:01:26.678784,28,1558,0.0,549.1999999999986,0.9473808782354717,0.0,0.0,0.0,547,147,594,8,3.534555435180664,0.00025,20000
2026-03-17T10:01:27.342924,28,1568,0.0,549.1999999999986,0.9473808782354717,0.0,0.0,0.0,547,136,594,2,4.577875137329102,0.00025,20000
2026-03-17T10:01:28.010653,28,1578,0.1,549.9999999999987,0.9473808782354717,0.0,0.0,0.0,555,127,594,0,3.4873485565185547,0.00025,20000
2026-03-17T10:01:28.677398,28,1588,0.1,551.099999999999,0.9473808782354717,0.0,0.0,0.0,566,145,594,11,4.708290100097656,0.00025,20000
2026-03-17T10:01:29.341993,28,1598,0.0,551.9999999999992,0.9473808782354717,0.0,0.0,0.0,575,136,594,5,5.063056945800781,0.00025,20000
2026-03-17T10:01:30.010087,28,1608,0.0,549.7999999999987,0.9473808782354717,0.0,0.0,0.0,553,176,594,1,7.536411285400391,0.00025,20000
2026-03-17T10:01:30.676409,28,1618,0.1,550.2999999999988,0.9473808782354717,0.0,0.0,0.0,558,176,594,4,7.3146820068359375,0.00025,20000
2026-03-17T10:01:31.340714,28,1628,0.0,554.7999999999996,0.9473808782354717,0.0,0.0,0.0,594,142,595,11,6.717443466186523,0.00025,20000
2026-03-17T10:01:32.005534,28,1638,0.0,553.9999999999994,0.9473808782354717,0.0,0.0,0.0,586,145,595,5,5.612373352050781,0.00025,20000
2026-03-17T10:01:32.669697,28,1648,0.0,553.0999999999992,0.9473808782354717,0.0,0.0,0.0,577,149,595,6,3.608226776123047,0.00025,20000
2026-03-17T10:01:33.334739,28,1658,0.0,552.8999999999992,0.9473808782354717,0.0,0.0,0.0,575,157,595,5,3.6306381225585938,0.00025,20000
2026-03-17T10:01:34.000521,28,1668,0.0,553.5999999999993,0.9473808782354717,0.0,0.0,0.0,582,152,595,1,3.5445690155029297,0.00025,20000
2026-03-17T10:01:34.665503,28,1678,0.0,554.2999999999995,0.9473808782354717,0.0,0.0,0.0,589,160,595,0,6.869316101074219,0.00025,20000
2026-03-17T10:01:35.332717,28,1688,-0.1,552.4999999999991,0.9473808782354717,0.0,0.0,0.0,571,147,595,9,7.913827896118164,0.00025,20000
2026-03-17T10:01:35.999724,28,1698,-0.1,548.6999999999982,0.9473808782354717,0.0,0.0,0.0,533,176,595,8,5.662679672241211,0.00025,20000
2026-03-17T10:01:36.666017,28,1708,0.0,546.8999999999978,0.9473808782354717,0.0,0.0,0.0,515,176,595,3,7.684946060180664,0.00025,20000
2026-03-17T10:01:37.331813,28,1718,0.0,546.8999999999978,0.9473808782354717,0.0,0.0,0.0,515,149,595,1,7.154226303100586,0.00025,20000
2026-03-17T10:01:37.993479,28,1728,0.0,547.499999999998,0.9473808782354717,0.0,0.0,0.0,521,176,595,6,3.615140914916992,0.00025,20000
2026-03-17T10:01:38.659002,28,1738,0.0,548.3999999999982,0.9473808782354717,0.0,0.0,0.0,530,176,595,0,3.225564956665039,0.00025,20000
2026-03-17T10:01:39.327492,28,1748,0.0,550.1999999999986,0.9473808782354717,0.0,0.0,0.0,548,176,595,11,5.133152008056641,0.00025,20000
2026-03-17T10:01:40.007625,28,1758,0.0,549.6999999999985,0.9473808782354717,0.0,0.0,0.0,543,173,595,4,4.625797271728516,0.00025,20000
2026-03-17T10:01:40.675597,28,1768,0.0,550.0999999999985,0.9473808782354717,0.0,0.0,0.0,547,168,595,7,4.546880722045898,0.00025,20000
2026-03-17T10:01:41.339065,28,1778,0.0,549.9999999999985,0.9473808782354717,0.0,0.0,0.0,546,157,595,7,6.875038146972656,0.00025,20000
2026-03-17T10:01:42.005483,28,1788,0.0,549.5999999999984,0.9473808782354717,0.0,0.0,0.0,542,160,595,3,8.365392684936523,0.00025,20000
2026-03-17T10:01:42.669865,28,1798,0.0,549.8999999999985,0.9473808782354717,0.0,0.0,0.0,545,176,595,5,5.911588668823242,0.00025,20000
2026-03-17T10:01:43.334615,28,1808,0.0,548.7999999999982,0.9473808782354717,0.0,0.0,0.0,534,149,595,10,3.7839412689208984,0.00025,20000
2026-03-17T10:01:43.998167,28,1818,0.0,548.4999999999982,0.9473808782354717,0.0,0.0,0.0,531,147,595,2,5.753993988037109,0.00025,20000
2026-03-17T10:01:44.663564,28,1828,-0.1,547.799999999998,0.9473808782354717,0.0,0.0,0.0,524,168,595,2,4.807233810424805,0.00025,20000
2026-03-17T10:01:45.331129,28,1838,0.0,547.2999999999979,0.9473808782354717,0.0,0.0,0.0,519,176,595,2,4.5375823974609375,0.00025,20000
2026-03-17T10:01:45.998690,28,1848,0.0,546.8999999999978,0.9473808782354717,0.0,0.0,0.0,515,176,595,4,6.486415863037109,0.00025,20000
2026-03-17T10:01:46.662543,28,1858,0.1,550.5999999999987,0.9473808782354717,0.0,0.0,0.0,552,176,595,10,7.242918014526367,0.00025,20000
2026-03-17T10:01:47.330171,28,1868,0.0,551.899999999999,0.9473808782354717,0.0,0.0,0.0,565,176,595,2,5.964040756225586,0.00025,20000
2026-03-17T10:01:47.991582,28,1878,0.0,551.6999999999989,0.9473808782354717,0.0,0.0,0.0,563,135,595,0,3.2372474670410156,0.00025,20000
2026-03-17T10:01:48.662398,28,1888,0.0,551.5999999999989,0.9473808782354717,0.0,0.0,0.0,562,173,595,6,7.016181945800781,0.00025,20000
2026-03-17T10:01:49.329046,28,1898,0.0,551.3999999999988,0.9473808782354717,0.0,0.0,0.0,560,176,595,7,7.296323776245117,0.00025,20000
2026-03-17T10:01:49.995248,28,1908,-0.1,549.2999999999984,0.9473808782354717,0.0,0.0,0.0,539,176,595,3,7.481813430786133,0.00025,20000
2026-03-17T10:01:50.671624,28,1918,0.0,546.8999999999978,0.9473808782354717,0.0,0.0,0.0,515,149,595,5,3.2265186309814453,0.00025,20000
2026-03-17T10:01:51.337822,28,1928,0.0,546.9999999999978,0.9473808782354717,0.0,0.0,0.0,516,160,595,8,5.103588104248047,0.00025,20000
2026-03-17T10:01:52.005116,28,1938,0.0,547.1999999999979,0.9473808782354717,0.0,0.0,0.0,518,176,595,3,6.448268890380859,0.00025,20000
2026-03-17T10:01:52.666503,28,1948,-0.1,547.2999999999979,0.9473808782354717,0.0,0.0,0.0,519,147,595,8,3.7903785705566406,0.00025,20000
2026-03-17T10:01:53.338241,28,1958,0.0,547.2999999999979,0.9473808782354717,0.0,0.0,0.0,519,147,595,5,6.137847900390625,0.00025,20000
2026-03-17T10:01:54.004444,28,1968,0.0,546.8999999999978,0.9473808782354717,0.0,0.0,0.0,515,176,595,1,7.724761962890625,0.00025,20000
2026-03-17T10:01:54.665417,28,1978,0.0,546.8999999999978,0.9473808782354717,0.0,0.0,0.0,515,173,595,7,5.261421203613281,0.00025,20000
2026-03-17T10:01:55.331247,28,1988,0.1,548.9999999999983,0.9473808782354717,0.0,0.0,0.0,536,160,595,1,3.5300254821777344,0.00025,20000
2026-03-17T10:01:55.998459,28,1998,0.2,553.3999999999993,0.9473808782354717,0.0,0.0,0.0,580,135,595,6,6.496191024780273,0.00025,20000
2026-03-17T10:01:56.662816,28,2008,-0.1,554.1999999999995,0.9473808782354717,0.0,0.0,0.0,588,173,595,8,4.624843597412109,0.00025,20000
2026-03-17T10:01:57.327706,28,2018,0.0,553.1999999999992,0.9473808782354717,0.0,0.0,0.0,578,160,595,1,3.8747787475585938,0.00025,20000
2026-03-17T10:01:57.995045,28,2028,0.0,552.3999999999991,0.9473808782354717,0.0,0.0,0.0,570,145,595,7,7.044553756713867,0.00025,20000
2026-03-17T10:01:58.661029,28,2038,-0.1,551.6999999999989,0.9473808782354717,0.0,0.0,0.0,563,176,595,9,6.370306015014648,0.00025,20000
2026-03-17T10:01:59.327932,28,2048,-0.1,548.6999999999982,0.9473808782354717,0.0,0.0,0.0,533,148,595,6,7.240772247314453,0.00025,20000
2026-03-17T10:01:59.994608,28,2058,0.0,546.8999999999978,0.9473808782354717,0.0,0.0,0.0,515,160,595,6,6.856203079223633,0.00025,20000
2026-03-17T10:02:00.659812,28,2068,0.0,546.9999999999978,0.9473808782354717,0.0,0.0,0.0,516,145,595,3,8.116483688354492,0.00025,20000
2026-03-17T10:02:01.336768,28,2078,0.0,547.0999999999979,0.9473808782354717,0.0,0.0,0.0,517,176,595,6,6.572484970092773,0.00025,20000
2026-03-17T10:02:02.007785,28,2088,0.0,546.9999999999978,0.9473808782354717,0.0,0.0,0.0,516,176,595,8,6.337881088256836,0.00025,20000
2026-03-17T10:02:02.668246,28,2098,0.0,547.0999999999979,0.9473808782354717,0.0,0.0,0.0,517,176,595,2,6.145715713500977,0.00025,20000
2026-03-17T10:02:03.334675,28,2108,0.0,546.8999999999978,0.9473808782354717,0.0,0.0,0.0,515,176,595,8,5.139589309692383,0.00025,20000
2026-03-17T10:02:04.003996,28,2118,0.0,546.9999999999978,0.9473808782354717,0.0,0.0,0.0,516,160,595,10,8.254289627075195,0.00025,20000
2026-03-17T10:02:04.669713,28,2128,0.0,547.1999999999979,0.9473808782354717,0.0,0.0,0.0,518,145,595,11,7.8945159912109375,0.00025,20000
2026-03-17T10:02:05.328430,28,2138,0.0,546.9999999999978,0.9473808782354717,0.0,0.0,0.0,516,173,595,9,3.4966468811035156,0.00025,20000
2026-03-17T10:02:05.996202,28,2148,0.0,547.1999999999979,0.9473808782354717,0.0,0.0,0.0,518,136,595,10,3.8394927978515625,0.00025,20000
2026-03-17T10:02:06.662627,28,2158,0.0,547.799999999998,0.9473808782354717,0.0,0.0,0.0,524,149,595,11,3.659486770629883,0.00025,20000
2026-03-17T10:02:07.325092,28,2168,0.0,547.9999999999981,0.9473808782354717,0.0,0.0,0.0,526,157,595,9,4.899263381958008,0.00025,20000
2026-03-17T10:02:07.992917,28,2178,0.0,547.2999999999979,0.9473808782354717,0.0,0.0,0.0,519,173,595,6,4.750251770019531,0.00025,20000
2026-03-17T10:02:08.659891,28,2188,0.0,547.0999999999979,0.9473808782354717,0.0,0.0,0.0,517,176,595,2,7.656335830688477,0.00025,20000
2026-03-17T10:02:09.324645,28,2198,0.0,547.9999999999981,0.9473808782354717,0.0,0.0,0.0,526,147,595,2,7.183074951171875,0.00025,20000
2026-03-17T10:02:09.991705,28,2208,0.0,548.7999999999982,0.9473808782354717,0.0,0.0,0.0,534,135,595,4,5.6552886962890625,0.00025,20000
2026-03-17T10:02:10.658462,28,2218,0.0,548.6999999999982,0.9473808782354717,0.0,0.0,0.0,533,176,595,3,5.995988845825195,0.00025,20000
2026-03-17T10:02:11.320485,28,2228,0.0,546.8999999999978,0.9473808782354717,0.0,0.0,0.0,515,160,595,6,3.681659698486328,0.00025,20000
2026-03-17T10:02:12.002622,28,2238,0.0,547.1999999999979,0.9473808782354717,0.0,0.0,0.0,518,128,595,7,5.687475204467773,0.00025,20000
2026-03-17T10:02:12.670364,28,2248,0.0,547.899999999998,0.9473808782354717,0.0,0.0,0.0,525,157,595,8,5.127668380737305,0.00025,20000
2026-03-17T10:02:13.330314,28,2258,0.0,547.1999999999979,0.9473808782354717,0.0,0.0,0.0,518,176,595,0,2.777099609375,0.00025,20000
2026-03-17T10:02:14.001125,28,2268,0.0,546.9999999999978,0.9473808782354717,0.0,0.0,0.0,516,160,595,8,6.084680557250977,0.00025,20000
2026-03-17T10:02:14.660418,28,2278,0.0,547.0999999999979,0.9473808782354717,0.0,0.0,0.0,517,149,595,7,2.4614334106445312,0.00025,20000
2026-03-17T10:02:15.332438,28,2288,0.0,547.599999999998,0.9473808782354717,0.0,0.0,0.0,522,147,595,11,6.920814514160156,0.00025,20000
2026-03-17T10:02:15.996189,28,2298,0.1,548.4999999999982,0.9473808782354717,0.0,0.0,0.0,531,157,595,7,5.991935729980469,0.00025,20000
2026-03-17T10:02:16.659075,28,2308,-0.1,548.8999999999983,0.9473808782354717,0.0,0.0,0.0,535,176,595,10,4.625082015991211,0.00025,20000
2026-03-17T10:02:17.326067,28,2318,0.0,546.9999999999978,0.9473808782354717,0.0,0.0,0.0,516,160,595,5,3.4351348876953125,0.00025,20000
2026-03-17T10:02:17.993913,28,2328,0.1,548.5999999999982,0.9473808782354717,0.0,0.0,0.0,532,176,595,2,3.8881301879882812,0.00025,20000
2026-03-17T10:02:18.658402,28,2338,0.0,548.2999999999981,0.9473808782354717,0.0,0.0,0.0,529,176,595,2,4.91023063659668,0.00025,20000
2026-03-17T10:02:19.325386,28,2348,0.0,549.7999999999985,0.9473808782354717,0.0,0.0,0.0,544,176,595,2,5.455970764160156,0.00025,20000
2026-03-17T10:02:19.989929,28,2358,0.0,549.0999999999983,0.9473808782354717,0.0,0.0,0.0,537,176,595,3,6.870269775390625,0.00025,20000
2026-03-17T10:02:20.654471,28,2368,0.0,549.8999999999985,0.9473808782354717,0.0,0.0,0.0,545,147,595,4,5.659341812133789,0.00025,20000
2026-03-17T10:02:21.320479,28,2378,0.0,548.7999999999982,0.9473808782354717,0.0,0.0,0.0,534,147,595,8,4.914045333862305,0.00025,20000
2026-03-17T10:02:21.984522,28,2388,-0.1,547.2999999999979,0.9473808782354717,0.0,0.0,0.0,519,149,595,0,4.829645156860352,0.00025,20000
2026-03-17T10:02:23.215412,29,5,0.0,1.0,0.9454861164790007,0.0,0.0,0.0,41,174,41,7,4.310131072998047,0.00025,20000
2026-03-17T10:02:23.880623,29,15,-0.1,2.4999999999999996,0.9454861164790007,0.0,0.0,0.0,38,176,43,2,3.5707950592041016,0.00025,20000
2026-03-17T10:02:24.547503,29,25,-0.1,-0.10000000000000153,0.9454861164790007,0.0,0.0,0.0,12,176,43,0,5.759239196777344,0.00025,20000
2026-03-17T10:02:25.213127,29,35,0.1,0.2999999999999985,0.9454861164790007,0.0,0.0,0.0,16,149,43,10,4.540681838989258,0.00025,20000
2026-03-17T10:02:25.877768,29,45,0.0,2.3999999999999995,0.9454861164790007,0.0,0.0,0.0,37,160,43,8,4.725456237792969,0.00025,20000
2026-03-17T10:02:26.543398,29,55,0.1,2.4999999999999996,0.9454861164790007,0.0,0.0,0.0,38,145,43,5,4.268884658813477,0.00025,20000
2026-03-17T10:02:27.206602,29,65,0.0,2.9,0.9454861164790007,0.0,0.0,0.0,42,176,43,4,2.9561519622802734,0.00025,20000
2026-03-17T10:02:27.874662,29,75,0.0,11.0,0.9454861164790007,0.0,0.0,0.0,51,149,51,1,5.432367324829102,0.00025,20000
2026-03-17T10:02:28.540054,29,85,0.0,16.699999999999996,0.9454861164790007,0.0,0.0,0.0,54,138,57,0,5.008935928344727,0.00025,20000
2026-03-17T10:02:29.206543,29,95,-0.1,14.299999999999994,0.9454861164790007,0.0,0.0,0.0,30,157,57,10,4.9266815185546875,0.00025,20000
2026-03-17T10:02:29.873044,29,105,0.0,13.799999999999995,0.9454861164790007,0.0,0.0,0.0,25,147,57,8,5.710363388061523,0.00025,20000
2026-03-17T10:02:30.535118,29,115,0.0,12.999999999999998,0.9454861164790007,0.0,0.0,0.0,17,152,57,11,3.481626510620117,0.00025,20000
2026-03-17T10:02:31.205688,29,125,0.0,12.100000000000001,0.9454861164790007,0.0,0.0,0.0,8,176,57,4,7.344484329223633,0.00025,20000
2026-03-17T10:02:31.866258,29,135,0.0,11.700000000000003,0.9454861164790007,0.0,0.0,0.0,4,123,57,4,3.651142120361328,0.00025,20000
2026-03-17T10:02:32.531293,29,145,0.0,12.7,0.9454861164790007,0.0,0.0,0.0,14,173,57,11,2.6772022247314453,0.00025,20000
2026-03-17T10:02:33.198312,29,155,0.0,13.599999999999996,0.9454861164790007,0.0,0.0,0.0,23,173,57,6,3.1130313873291016,0.00025,20000
2026-03-17T10:02:33.869672,29,165,0.0,13.699999999999996,0.9454861164790007,0.0,0.0,0.0,24,176,57,4,9.305953979492188,0.00025,20000
2026-03-17T10:02:34.531343,29,175,0.0,14.099999999999994,0.9454861164790007,0.0,0.0,0.0,28,145,57,1,5.157470703125,0.00025,20000
2026-03-17T10:02:35.195229,29,185,0.0,14.499999999999993,0.9454861164790007,0.0,0.0,0.0,32,160,57,7,3.868579864501953,0.00025,20000
2026-03-17T10:02:35.864277,29,195,0.1,15.19999999999999,0.9454861164790007,0.0,0.0,0.0,39,145,57,7,6.379842758178711,0.00025,20000
2026-03-17T10:02:36.525895,29,205,0.0,16.29999999999999,0.9454861164790007,0.0,0.0,0.0,50,157,57,8,4.500865936279297,0.00025,20000
2026-03-17T10:02:37.193171,29,215,0.0,16.19999999999999,0.9454861164790007,0.0,0.0,0.0,49,140,57,0,4.925966262817383,0.00025,20000
2026-03-17T10:02:37.859019,29,225,0.0,15.799999999999988,0.9454861164790007,0.0,0.0,0.0,45,168,57,11,6.331205368041992,0.00025,20000
2026-03-17T10:02:38.524762,29,235,-0.1,14.899999999999991,0.9454861164790007,0.0,0.0,0.0,36,176,57,9,5.956411361694336,0.00025,20000
2026-03-17T10:02:39.189866,29,245,0.0,15.599999999999989,0.9454861164790007,0.0,0.0,0.0,43,176,57,10,5.07807731628418,0.00025,20000
2026-03-17T10:02:39.855505,29,255,0.0,13.499999999999996,0.9454861164790007,0.0,0.0,0.0,22,160,57,10,5.110502243041992,0.00025,20000
2026-03-17T10:02:40.520606,29,265,0.0,11.300000000000004,0.9454861164790007,0.0,0.0,0.0,0,176,57,2,4.511117935180664,0.00025,20000
2026-03-17T10:02:41.187634,29,275,0.1,14.099999999999994,0.9454861164790007,0.0,0.0,0.0,28,146,57,9,4.004955291748047,0.00025,20000
2026-03-17T10:02:41.852304,29,285,1.0,33.0,0.9454861164790007,0.0,0.0,0.0,73,176,73,3,5.592107772827148,0.00025,20000
2026-03-17T10:02:42.515184,29,295,0.0,35.8,0.9454861164790007,0.0,0.0,0.0,74,160,76,9,3.08990478515625,0.00025,20000
2026-03-17T10:02:43.181653,29,305,-0.1,33.09999999999996,0.9454861164790007,0.0,0.0,0.0,47,160,76,8,3.3020973205566406,0.00025,20000
2026-03-17T10:02:43.846973,29,315,0.0,28.399999999999935,0.9454861164790007,0.0,0.0,0.0,0,143,76,10,3.3178329467773438,0.00025,20000
2026-03-17T10:02:44.512759,29,325,0.1,28.499999999999936,0.9454861164790007,0.0,0.0,0.0,1,173,76,10,3.9131641387939453,0.00025,20000
2026-03-17T10:02:45.178588,29,335,0.1,28.89999999999994,0.9454861164790007,0.0,0.0,0.0,5,160,76,5,4.070043563842773,0.00025,20000
2026-03-17T10:02:45.845083,29,345,-0.1,29.49999999999995,0.9454861164790007,0.0,0.0,0.0,11,160,76,11,4.174709320068359,0.00025,20000
2026-03-17T10:02:46.510510,29,355,0.0,28.499999999999936,0.9454861164790007,0.0,0.0,0.0,1,147,76,7,4.870891571044922,0.00025,20000
2026-03-17T10:02:47.176419,29,365,0.1,32.49999999999998,0.9454861164790007,0.0,0.0,0.0,41,145,76,0,4.501581192016602,0.00025,20000
2026-03-17T10:02:47.843470,29,375,1.0,51.00000000000003,0.9454861164790007,0.0,0.0,0.0,91,143,91,9,6.106376647949219,0.00025,20000
2026-03-17T10:02:48.505391,29,385,1.0,98.00000000000003,0.9454861164790007,0.0,0.0,0.0,138,157,138,9,3.019094467163086,0.00025,20000
2026-03-17T10:02:49.172323,29,395,1.0,167.00000000000003,0.9454861164790007,0.0,0.0,0.0,207,170,207,10,3.8373470306396484,0.00025,20000
2026-03-17T10:02:49.837701,29,405,0.0,203.00000000000003,0.9454861164790007,0.0,0.0,0.0,243,174,243,4,3.1752586364746094,0.00025,20000
2026-03-17T10:02:50.502819,29,415,1.0,206.00000000000003,0.9454861164790007,0.0,0.0,0.0,246,173,246,4,3.5386085510253906,0.00025,20000
2026-03-17T10:02:51.169005,29,425,0.0,209.00000000000009,0.9454861164790007,0.0,0.0,0.0,240,176,250,3,3.8046836853027344,0.00025,20000
2026-03-17T10:02:51.836494,29,435,0.0,208.20000000000013,0.9454861164790007,0.0,0.0,0.0,232,176,250,11,5.517005920410156,0.00025,20000
2026-03-17T10:02:53.068494,30,5,0.0,0.8,0.9435951442460427,0.0,0.0,0.0,39,162,41,4,6.717205047607422,0.00025,20000
2026-03-17T10:02:53.729779,30,15,0.0,-0.19999999999999987,0.9435951442460427,0.0,0.0,0.0,29,160,41,10,2.8753280639648438,0.00025,20000
2026-03-17T10:02:54.394195,30,25,0.0,-2.700000000000001,0.9435951442460427,0.0,0.0,0.0,4,176,41,10,2.3927688598632812,0.00025,20000
2026-03-17T10:02:55.061081,30,35,0.0,-3.1000000000000014,0.9435951442460427,0.0,0.0,0.0,0,145,41,11,3.6940574645996094,0.00025,20000
2026-03-17T10:02:55.727595,30,45,0.0,-2.700000000000001,0.9435951442460427,0.0,0.0,0.0,4,157,41,2,3.4160614013671875,0.00025,20000
2026-03-17T10:02:56.392840,30,55,0.0,-1.8000000000000003,0.9435951442460427,0.0,0.0,0.0,13,152,41,6,4.070520401000977,0.00025,20000
2026-03-17T10:02:57.060634,30,65,1.0,9.0,0.9435951442460427,0.0,0.0,0.0,49,161,49,0,5.333423614501953,0.00025,20000
2026-03-17T10:02:57.724277,30,75,-0.1,31.799999999999997,0.9435951442460427,0.0,0.0,0.0,70,160,72,10,4.500865936279297,0.00025,20000
2026-03-17T10:02:58.390633,30,85,0.0,30.799999999999983,0.9435951442460427,0.0,0.0,0.0,60,176,72,11,3.580331802368164,0.00025,20000
2026-03-17T10:02:59.058132,30,95,0.0,30.59999999999998,0.9435951442460427,0.0,0.0,0.0,58,176,72,5,6.196260452270508,0.00025,20000
2026-03-17T10:02:59.718254,30,105,0.1,30.49999999999998,0.9435951442460427,0.0,0.0,0.0,57,160,72,1,2.02178955078125,0.00025,20000
2026-03-17T10:03:00.386760,30,115,0.0,31.499999999999993,0.9435951442460427,0.0,0.0,0.0,67,128,72,1,3.433704376220703,0.00025,20000
2026-03-17T10:03:01.051271,30,125,0.0,31.39999999999999,0.9435951442460427,0.0,0.0,0.0,66,138,72,4,3.4720897674560547,0.00025,20000
2026-03-17T10:03:01.717853,30,135,1.0,49.0,0.9435951442460427,0.0,0.0,0.0,89,147,89,11,4.322290420532227,0.00025,20000
2026-03-17T10:03:02.384707,30,145,0.0,57.599999999999994,0.9435951442460427,0.0,0.0,0.0,94,160,98,5,4.836559295654297,0.00025,20000
2026-03-17T10:03:03.050288,30,155,0.0,55.29999999999996,0.9435951442460427,0.0,0.0,0.0,71,176,98,3,4.586458206176758,0.00025,20000
2026-03-17T10:03:03.714945,30,165,0.0,55.29999999999996,0.9435951442460427,0.0,0.0,0.0,71,173,98,5,5.386114120483398,0.00025,20000
2026-03-17T10:03:04.380950,30,175,0.0,55.09999999999996,0.9435951442460427,0.0,0.0,0.0,69,152,98,11,5.927085876464844,0.00025,20000
2026-03-17T10:03:05.045177,30,185,0.0,55.499999999999964,0.9435951442460427,0.0,0.0,0.0,73,173,98,9,3.543376922607422,0.00025,20000
2026-03-17T10:03:05.710448,30,195,0.0,55.19999999999996,0.9435951442460427,0.0,0.0,0.0,70,168,98,2,3.2567977905273438,0.00025,20000
2026-03-17T10:03:06.377801,30,205,0.0,53.29999999999993,0.9435951442460427,0.0,0.0,0.0,51,176,98,8,4.615545272827148,0.00025,20000
2026-03-17T10:03:07.041786,30,215,0.0,51.999999999999915,0.9435951442460427,0.0,0.0,0.0,38,160,98,5,3.502368927001953,0.00025,20000
2026-03-17T10:03:07.707880,30,225,0.0,50.29999999999989,0.9435951442460427,0.0,0.0,0.0,21,176,98,6,4.36711311340332,0.00025,20000
2026-03-17T10:03:08.374614,30,235,0.0,50.7999999999999,0.9435951442460427,0.0,0.0,0.0,26,148,98,1,4.580497741699219,0.00025,20000
2026-03-17T10:03:09.038293,30,245,0.0,53.89999999999994,0.9435951442460427,0.0,0.0,0.0,57,161,98,9,3.6513805389404297,0.00025,20000
2026-03-17T10:03:09.705799,30,255,0.0,53.399999999999935,0.9435951442460427,0.0,0.0,0.0,52,176,98,1,5.566835403442383,0.00025,20000
2026-03-17T10:03:10.368288,30,265,0.0,52.699999999999925,0.9435951442460427,0.0,0.0,0.0,45,176,98,6,3.3104419708251953,0.00025,20000
2026-03-17T10:03:11.034171,30,275,0.0,52.89999999999993,0.9435951442460427,0.0,0.0,0.0,47,147,98,6,3.190755844116211,0.00025,20000
2026-03-17T10:03:11.702569,30,285,0.0,53.29999999999993,0.9435951442460427,0.0,0.0,0.0,51,135,98,3,6.06846809387207,0.00025,20000
2026-03-17T10:03:12.366870,30,295,0.0,53.499999999999936,0.9435951442460427,0.0,0.0,0.0,53,173,98,0,3.691434860229492,0.00025,20000
2026-03-17T10:03:13.031337,30,305,0.1,54.799999999999955,0.9435951442460427,0.0,0.0,0.0,66,168,98,11,3.464221954345703,0.00025,20000
2026-03-17T10:03:13.699032,30,315,0.0,54.29999999999995,0.9435951442460427,0.0,0.0,0.0,61,160,98,5,3.9653778076171875,0.00025,20000
2026-03-17T10:03:14.364088,30,325,0.1,54.099999999999945,0.9435951442460427,0.0,0.0,0.0,59,172,98,9,4.612207412719727,0.00025,20000
2026-03-17T10:03:15.030468,30,335,0.0,54.799999999999955,0.9435951442460427,0.0,0.0,0.0,66,176,98,9,5.31768798828125,0.00025,20000
2026-03-17T10:03:15.698770,30,345,0.0,54.49999999999995,0.9435951442460427,0.0,0.0,0.0,63,168,98,6,7.520914077758789,0.00025,20000
2026-03-17T10:03:16.364026,30,355,-0.2,51.69999999999991,0.9435951442460427,0.0,0.0,0.0,35,176,98,0,7.393121719360352,0.00025,20000
2026-03-17T10:03:17.023932,30,365,0.0,50.39999999999989,0.9435951442460427,0.0,0.0,0.0,22,171,98,0,3.3228397369384766,0.00025,20000
2026-03-17T10:03:17.693714,30,375,0.0,50.8999999999999,0.9435951442460427,0.0,0.0,0.0,27,160,98,3,6.860017776489258,0.00025,20000
2026-03-17T10:03:18.358525,30,385,0.0,50.599999999999895,0.9435951442460427,0.0,0.0,0.0,24,149,98,9,6.39796257019043,0.00025,20000
2026-03-17T10:03:19.023485,30,395,0.0,50.599999999999895,0.9435951442460427,0.0,0.0,0.0,24,149,98,4,4.500150680541992,0.00025,20000
2026-03-17T10:03:19.688168,30,405,0.0,50.699999999999896,0.9435951442460427,0.0,0.0,0.0,25,138,98,3,5.331277847290039,0.00025,20000
2026-03-17T10:03:20.355077,30,415,0.0,50.29999999999989,0.9435951442460427,0.0,0.0,0.0,21,145,98,5,4.842042922973633,0.00025,20000
2026-03-17T10:03:21.020709,30,425,0.1,50.39999999999989,0.9435951442460427,0.0,0.0,0.0,22,135,98,8,5.79071044921875,0.00025,20000
2026-03-17T10:03:21.686767,30,435,0.0,49.999999999999886,0.9435951442460427,0.0,0.0,0.0,18,176,98,3,5.600452423095703,0.00025,20000
2026-03-17T10:03:22.350226,30,445,0.0,50.09999999999989,0.9435951442460427,0.0,0.0,0.0,19,173,98,8,5.12385368347168,0.00025,20000
2026-03-17T10:03:23.014943,30,455,0.1,50.29999999999989,0.9435951442460427,0.0,0.0,0.0,21,176,98,9,3.4384727478027344,0.00025,20000
2026-03-17T10:03:23.680736,30,465,0.0,52.099999999999916,0.9435951442460427,0.0,0.0,0.0,39,149,98,6,3.226757049560547,0.00025,20000
2026-03-17T10:03:24.348116,30,475,0.0,51.59999999999991,0.9435951442460427,0.0,0.0,0.0,34,149,98,6,5.413293838500977,0.00025,20000
2026-03-17T10:03:25.029646,30,485,0.0,51.399999999999906,0.9435951442460427,0.0,0.0,0.0,32,147,98,5,4.41741943359375,0.00025,20000
2026-03-17T10:03:25.696726,30,495,0.0,50.599999999999895,0.9435951442460427,0.0,0.0,0.0,24,176,98,4,4.834413528442383,0.00025,20000
2026-03-17T10:03:26.361318,30,505,-0.1,50.09999999999989,0.9435951442460427,0.0,0.0,0.0,19,176,98,3,5.693674087524414,0.00025,20000
2026-03-17T10:03:27.027729,30,515,0.0,49.999999999999886,0.9435951442460427,0.0,0.0,0.0,18,138,98,1,4.782438278198242,0.00025,20000
2026-03-17T10:03:27.694525,30,525,0.1,50.49999999999989,0.9435951442460427,0.0,0.0,0.0,23,147,98,2,7.819175720214844,0.00025,20000
2026-03-17T10:03:28.355854,30,535,0.0,50.7999999999999,0.9435951442460427,0.0,0.0,0.0,26,176,98,3,3.287076950073242,0.00025,20000
2026-03-17T10:03:29.023429,30,545,0.0,50.8999999999999,0.9435951442460427,0.0,0.0,0.0,27,147,98,9,6.384134292602539,0.00025,20000
2026-03-17T10:03:29.687561,30,555,0.1,51.59999999999991,0.9435951442460427,0.0,0.0,0.0,34,157,98,4,3.724813461303711,0.00025,20000
2026-03-17T10:03:30.353865,30,565,0.0,50.7999999999999,0.9435951442460427,0.0,0.0,0.0,26,168,98,7,4.839420318603516,0.00025,20000
2026-03-17T10:03:31.019892,30,575,0.0,50.39999999999989,0.9435951442460427,0.0,0.0,0.0,22,176,98,8,5.82122802734375,0.00025,20000
2026-03-17T10:03:31.686371,30,585,0.1,50.599999999999895,0.9435951442460427,0.0,0.0,0.0,24,147,98,6,4.634380340576172,0.00025,20000
2026-03-17T10:03:32.350912,30,595,0.0,53.499999999999936,0.9435951442460427,0.0,0.0,0.0,53,176,98,11,4.721403121948242,0.00025,20000
2026-03-17T10:03:33.014203,30,605,0.0,52.39999999999992,0.9435951442460427,0.0,0.0,0.0,42,176,98,1,3.770589828491211,0.00025,20000
2026-03-17T10:03:33.680656,30,615,0.0,52.699999999999925,0.9435951442460427,0.0,0.0,0.0,45,176,98,5,3.652811050415039,0.00025,20000
2026-03-17T10:03:34.347448,30,625,0.0,54.69999999999995,0.9435951442460427,0.0,0.0,0.0,65,145,98,7,5.049467086791992,0.00025,20000
2026-03-17T10:03:35.009852,30,635,1.0,70.0,0.9435951442460427,0.0,0.0,0.0,110,143,110,6,2.1762847900390625,0.00025,20000
2026-03-17T10:03:35.678687,30,645,1.0,105.0,0.9435951442460427,0.0,0.0,0.0,145,176,145,7,5.598306655883789,0.00025,20000
2026-03-17T10:03:36.343726,30,655,0.0,122.0,0.9435951442460427,0.0,0.0,0.0,162,147,162,2,4.475831985473633,0.00025,20000
2026-03-17T10:03:37.010481,30,665,0.0,123.0,0.9435951442460427,0.0,0.0,0.0,163,147,163,4,5.09333610534668,0.00025,20000
2026-03-17T10:03:37.676457,30,675,0.0,126.9,0.9435951442460427,0.0,0.0,0.0,166,128,167,2,5.23829460144043,0.00025,20000
2026-03-17T10:03:38.342712,30,685,-0.1,124.20000000000014,0.9435951442460427,0.0,0.0,0.0,139,176,167,7,6.468057632446289,0.00025,20000
2026-03-17T10:03:39.004970,30,695,-0.1,119.30000000000028,0.9435951442460427,0.0,0.0,0.0,90,176,167,5,4.1942596435546875,0.00025,20000
2026-03-17T10:03:39.672925,30,705,0.1,119.60000000000026,0.9435951442460427,0.0,0.0,0.0,93,149,167,9,5.515575408935547,0.00025,20000
2026-03-17T10:03:40.339145,30,715,0.0,122.00000000000013,0.9435951442460427,0.0,0.0,0.0,117,127,167,2,5.974531173706055,0.00025,20000
2026-03-17T10:03:41.003974,30,725,-0.1,122.4000000000001,0.9435951442460427,0.0,0.0,0.0,121,176,167,11,4.811525344848633,0.00025,20000
2026-03-17T10:03:41.669417,30,735,-0.1,123.50000000000004,0.9435951442460427,0.0,0.0,0.0,132,160,167,4,6.058692932128906,0.00025,20000
2026-03-17T10:03:42.334129,30,745,0.0,121.80000000000014,0.9435951442460427,0.0,0.0,0.0,115,176,167,2,4.759550094604492,0.00025,20000
2026-03-17T10:03:43.000797,30,755,0.0,121.30000000000017,0.9435951442460427,0.0,0.0,0.0,110,176,167,5,5.999565124511719,0.00025,20000
2026-03-17T10:03:44.283189,31,8,0.0,10.0,0.9417079539575507,0.0,0.0,0.0,50,176,50,4,5.470991134643555,0.00025,20000
2026-03-17T10:03:44.947099,31,18,0.0,11.600000000000001,0.9417079539575507,0.0,0.0,0.0,48,168,52,11,5.487680435180664,0.00025,20000
2026-03-17T10:03:45.614127,31,28,0.0,11.200000000000003,0.9417079539575507,0.0,0.0,0.0,44,157,52,2,6.781101226806641,0.00025,20000
2026-03-17T10:03:46.277842,31,38,0.0,10.500000000000005,0.9417079539575507,0.0,0.0,0.0,37,123,52,11,5.326032638549805,0.00025,20000
2026-03-17T10:03:46.944662,31,48,-0.1,7.500000000000015,0.9417079539575507,0.0,0.0,0.0,7,143,52,8,6.444215774536133,0.00025,20000
2026-03-17T10:03:47.611298,31,58,0.0,6.800000000000016,0.9417079539575507,0.0,0.0,0.0,0,157,52,8,6.304740905761719,0.00025,20000
2026-03-17T10:03:48.276387,31,68,0.0,7.300000000000014,0.9417079539575507,0.0,0.0,0.0,5,136,52,5,6.529808044433594,0.00025,20000
2026-03-17T10:03:48.938684,31,78,0.1,8.50000000000001,0.9417079539575507,0.0,0.0,0.0,17,138,52,2,4.233121871948242,0.00025,20000
2026-03-17T10:03:49.606125,31,88,0.0,8.70000000000001,0.9417079539575507,0.0,0.0,0.0,19,157,52,7,4.9457550048828125,0.00025,20000
2026-03-17T10:03:50.273115,31,98,0.0,6.900000000000016,0.9417079539575507,0.0,0.0,0.0,1,128,52,1,6.148099899291992,0.00025,20000
2026-03-17T10:03:50.933419,31,108,0.0,7.100000000000016,0.9417079539575507,0.0,0.0,0.0,3,176,52,1,2.504587173461914,0.00025,20000
2026-03-17T10:03:51.602216,31,118,0.1,10.500000000000004,0.9417079539575507,0.0,0.0,0.0,37,154,52,10,4.571199417114258,0.00025,20000
2026-03-17T10:03:52.267251,31,128,0.0,11.3,0.9417079539575507,0.0,0.0,0.0,45,168,52,3,4.852533340454102,0.00025,20000
2026-03-17T10:03:52.932450,31,138,0.0,10.600000000000003,0.9417079539575507,0.0,0.0,0.0,38,176,52,3,3.397226333618164,0.00025,20000
2026-03-17T10:03:53.600115,31,148,0.0,10.300000000000004,0.9417079539575507,0.0,0.0,0.0,35,147,52,6,5.418300628662109,0.00025,20000
2026-03-17T10:03:54.268418,31,158,-0.1,10.200000000000005,0.9417079539575507,0.0,0.0,0.0,34,145,52,5,7.596731185913086,0.00025,20000
2026-03-17T10:03:54.935585,31,168,0.0,9.800000000000006,0.9417079539575507,0.0,0.0,0.0,30,173,52,4,9.613513946533203,0.00025,20000
2026-03-17T10:03:55.594168,31,178,0.1,11.100000000000001,0.9417079539575507,0.0,0.0,0.0,43,157,52,2,4.245758056640625,0.00025,20000
2026-03-17T10:03:56.262361,31,188,0.0,11.6,0.9417079539575507,0.0,0.0,0.0,48,147,52,9,5.388021469116211,0.00025,20000
2026-03-17T10:03:56.928487,31,198,0.0,13.999999999999998,0.9417079539575507,0.0,0.0,0.0,54,176,54,1,5.890846252441406,0.00025,20000
2026-03-17T10:03:57.592126,31,208,0.0,14.200000000000001,0.9417079539575507,0.0,0.0,0.0,47,165,55,5,5.267858505249023,0.00025,20000
2026-03-17T10:03:58.257418,31,218,0.0,13.900000000000002,0.9417079539575507,0.0,0.0,0.0,44,149,55,3,4.309177398681641,0.00025,20000
2026-03-17T10:03:58.921642,31,228,0.0,14.3,0.9417079539575507,0.0,0.0,0.0,48,160,55,6,4.37164306640625,0.00025,20000
2026-03-17T10:03:59.590610,31,238,0.0,14.6,0.9417079539575507,0.0,0.0,0.0,51,147,55,5,5.774736404418945,0.00025,20000
2026-03-17T10:04:00.254392,31,248,0.0,15.999999999999988,0.9417079539575507,0.0,0.0,0.0,47,147,57,2,5.63812255859375,0.00025,20000
2026-03-17T10:04:00.922067,31,258,0.0,12.000000000000002,0.9417079539575507,0.0,0.0,0.0,7,147,57,8,5.823373794555664,0.00025,20000
2026-03-17T10:04:01.589633,31,268,0.0,11.300000000000004,0.9417079539575507,0.0,0.0,0.0,0,176,57,0,8.075714111328125,0.00025,20000
2026-03-17T10:04:02.251421,31,278,0.0,11.500000000000004,0.9417079539575507,0.0,0.0,0.0,2,176,57,6,6.387948989868164,0.00025,20000
2026-03-17T10:04:02.918199,31,288,0.0,11.400000000000004,0.9417079539575507,0.0,0.0,0.0,1,168,57,10,6.43157958984375,0.00025,20000
2026-03-17T10:04:03.582056,31,298,0.0,11.300000000000004,0.9417079539575507,0.0,0.0,0.0,0,165,57,11,4.440069198608398,0.00025,20000
2026-03-17T10:04:04.243786,31,308,0.0,11.500000000000004,0.9417079539575507,0.0,0.0,0.0,2,176,57,8,2.142190933227539,0.00025,20000
2026-03-17T10:04:04.915224,31,318,0.0,11.300000000000004,0.9417079539575507,0.0,0.0,0.0,0,176,57,7,6.136655807495117,0.00025,20000
2026-03-17T10:04:05.596875,31,328,0.0,11.900000000000002,0.9417079539575507,0.0,0.0,0.0,6,147,57,2,6.112813949584961,0.00025,20000
2026-03-17T10:04:06.261966,31,338,0.0,11.300000000000004,0.9417079539575507,0.0,0.0,0.0,0,149,57,1,6.633281707763672,0.00025,20000
2026-03-17T10:04:06.930263,31,348,0.1,13.599999999999996,0.9417079539575507,0.0,0.0,0.0,23,128,57,3,6.921291351318359,0.00025,20000
2026-03-17T10:04:07.591288,31,358,0.0,14.899999999999991,0.9417079539575507,0.0,0.0,0.0,36,157,57,1,4.38380241394043,0.00025,20000
2026-03-17T10:04:08.256801,31,368,1.0,21.0,0.9417079539575507,0.0,0.0,0.0,61,148,61,0,4.391908645629883,0.00025,20000
2026-03-17T10:04:08.924416,31,378,0.0,51.0,0.9417079539575507,0.0,0.0,0.0,91,135,91,5,6.127357482910156,0.00025,20000
2026-03-17T10:04:09.588740,31,388,0.0,71.0,0.9417079539575507,0.0,0.0,0.0,111,128,111,11,5.004167556762695,0.00025,20000
2026-03-17T10:04:10.257569,31,398,0.0,82.0,0.9417079539575507,0.0,0.0,0.0,122,119,122,7,7.480382919311523,0.00025,20000
2026-03-17T10:04:10.923231,31,408,1.0,95.0,0.9417079539575507,0.0,0.0,0.0,135,147,135,7,6.420612335205078,0.00025,20000
2026-03-17T10:04:11.586746,31,418,0.0,109.0,0.9417079539575507,0.0,0.0,0.0,149,128,149,1,5.316019058227539,0.00025,20000
2026-03-17T10:04:12.252082,31,428,1.0,114.0,0.9417079539575507,0.0,0.0,0.0,154,157,154,2,5.477190017700195,0.00025,20000
2026-03-17T10:04:12.918540,31,438,0.0,125.0,0.9417079539575507,0.0,0.0,0.0,165,148,165,1,7.044315338134766,0.00025,20000
2026-03-17T10:04:13.580402,31,448,0.0,138.0,0.9417079539575507,0.0,0.0,0.0,178,148,178,0,3.263235092163086,0.00025,20000
2026-03-17T10:04:14.246040,31,458,0.0,138.60000000000002,0.9417079539575507,0.0,0.0,0.0,175,176,179,0,3.652811050415039,0.00025,20000
2026-03-17T10:04:14.912002,31,468,0.0,138.60000000000002,0.9417079539575507,0.0,0.0,0.0,175,160,179,4,3.265857696533203,0.00025,20000
2026-03-17T10:04:15.577906,31,478,1.0,150.0,0.9417079539575507,0.0,0.0,0.0,190,176,190,11,3.0617713928222656,0.00025,20000
2026-03-17T10:04:16.876289,32,8,-0.1,-2.500000000000001,0.9398245380496356,0.0,0.0,0.0,15,176,40,11,4.771709442138672,0.00025,20000
2026-03-17T10:04:17.543673,32,18,0.0,-2.700000000000001,0.9398245380496356,0.0,0.0,0.0,13,173,40,1,6.1187744140625,0.00025,20000
2026-03-17T10:04:18.209718,32,28,0.0,-2.3000000000000007,0.9398245380496356,0.0,0.0,0.0,17,173,40,6,5.966424942016602,0.00025,20000
2026-03-17T10:04:18.876154,32,38,0.0,-2.500000000000001,0.9398245380496356,0.0,0.0,0.0,15,176,40,5,7.606267929077148,0.00025,20000
2026-03-17T10:04:19.536761,32,48,0.0,-3.1000000000000014,0.9398245380496356,0.0,0.0,0.0,9,176,40,7,3.561735153198242,0.00025,20000
2026-03-17T10:04:20.203738,32,58,0.0,-4.000000000000002,0.9398245380496356,0.0,0.0,0.0,0,160,40,6,4.228830337524414,0.00025,20000
2026-03-17T10:04:20.867723,32,68,0.0,-2.7000000000000006,0.9398245380496356,0.0,0.0,0.0,13,147,40,4,3.3638477325439453,0.00025,20000
2026-03-17T10:04:21.537754,32,78,0.0,-3.000000000000001,0.9398245380496356,0.0,0.0,0.0,10,157,40,1,5.65648078918457,0.00025,20000
2026-03-17T10:04:22.202359,32,88,0.1,-0.19999999999999965,0.9398245380496356,0.0,0.0,0.0,38,135,40,10,4.646778106689453,0.00025,20000
2026-03-17T10:04:22.867594,32,98,0.0,33.0,0.9398245380496356,0.0,0.0,0.0,73,176,73,2,5.167722702026367,0.00025,20000
2026-03-17T10:04:23.533895,32,108,0.0,66.0,0.9398245380496356,0.0,0.0,0.0,106,149,106,10,5.3768157958984375,0.00025,20000
2026-03-17T10:04:24.197127,32,118,0.0,79.0,0.9398245380496356,0.0,0.0,0.0,119,140,119,5,3.887176513671875,0.00025,20000
2026-03-17T10:04:24.865026,32,128,0.0,81.80000000000001,0.9398245380496356,0.0,0.0,0.0,120,176,122,1,7.353067398071289,0.00025,20000
2026-03-17T10:04:25.529786,32,138,1.0,88.0,0.9398245380496356,0.0,0.0,0.0,128,147,128,11,4.698038101196289,0.00025,20000
2026-03-17T10:04:26.194906,32,148,0.0,100.0,0.9398245380496356,0.0,0.0,0.0,140,173,140,1,4.18853759765625,0.00025,20000
2026-03-17T10:04:26.859830,32,158,0.0,118.9,0.9398245380496356,0.0,0.0,0.0,158,176,159,10,4.580497741699219,0.00025,20000
2026-03-17T10:04:27.525407,32,168,0.0,118.60000000000002,0.9398245380496356,0.0,0.0,0.0,155,176,159,8,4.971981048583984,0.00025,20000
2026-03-17T10:04:28.191331,32,178,-0.1,115.4000000000002,0.9398245380496356,0.0,0.0,0.0,123,165,159,2,5.923032760620117,0.00025,20000
2026-03-17T10:04:28.859124,32,188,-0.1,111.50000000000043,0.9398245380496356,0.0,0.0,0.0,84,147,159,11,6.745338439941406,0.00025,20000
2026-03-17T10:04:29.523317,32,198,0.1,111.20000000000043,0.9398245380496356,0.0,0.0,0.0,81,138,159,4,6.474018096923828,0.00025,20000
2026-03-17T10:04:30.189078,32,208,0.1,114.10000000000029,0.9398245380496356,0.0,0.0,0.0,110,147,159,10,5.553960800170898,0.00025,20000
2026-03-17T10:04:30.853326,32,218,0.0,115.50000000000021,0.9398245380496356,0.0,0.0,0.0,124,145,159,4,5.029201507568359,0.00025,20000
2026-03-17T10:04:31.516994,32,228,0.0,115.7000000000002,0.9398245380496356,0.0,0.0,0.0,126,145,159,10,4.07719612121582,0.00025,20000
2026-03-17T10:04:32.184393,32,238,0.0,115.40000000000022,0.9398245380496356,0.0,0.0,0.0,123,147,159,2,4.017353057861328,0.00025,20000
2026-03-17T10:04:32.849901,32,248,0.0,115.00000000000024,0.9398245380496356,0.0,0.0,0.0,119,138,159,2,3.4515857696533203,0.00025,20000
2026-03-17T10:04:33.516139,32,258,0.0,113.60000000000032,0.9398245380496356,0.0,0.0,0.0,105,176,159,4,6.352663040161133,0.00025,20000
2026-03-17T10:04:34.181487,32,268,0.0,114.90000000000025,0.9398245380496356,0.0,0.0,0.0,118,160,159,0,4.782438278198242,0.00025,20000
2026-03-17T10:04:34.851898,32,278,0.0,114.50000000000027,0.9398245380496356,0.0,0.0,0.0,114,176,159,6,7.689237594604492,0.00025,20000
2026-03-17T10:04:35.508991,32,288,0.0,113.80000000000031,0.9398245380496356,0.0,0.0,0.0,107,176,159,11,2.5374889373779297,0.00025,20000
2026-03-17T10:04:36.175743,32,298,0.0,115.30000000000022,0.9398245380496356,0.0,0.0,0.0,122,176,159,6,3.4558773040771484,0.00025,20000
2026-03-17T10:04:36.842333,32,308,0.0,115.90000000000019,0.9398245380496356,0.0,0.0,0.0,128,160,159,11,3.6818981170654297,0.00025,20000
2026-03-17T10:04:37.507130,32,318,0.0,116.10000000000018,0.9398245380496356,0.0,0.0,0.0,130,135,159,1,3.5216808319091797,0.00025,20000
2026-03-17T10:04:38.174349,32,328,0.0,117.10000000000012,0.9398245380496356,0.0,0.0,0.0,140,152,159,6,5.432367324829102,0.00025,20000
2026-03-17T10:04:38.840317,32,338,0.0,118.90000000000002,0.9398245380496356,0.0,0.0,0.0,158,176,159,8,4.015445709228516,0.00025,20000
2026-03-17T10:04:39.506601,32,348,0.0,123.00000000000001,0.9398245380496356,0.0,0.0,0.0,163,176,163,1,4.018545150756836,0.00025,20000
2026-03-17T10:04:40.173943,32,358,0.0,123.00000000000001,0.9398245380496356,0.0,0.0,0.0,163,173,163,6,8.01706314086914,0.00025,20000
2026-03-17T10:04:40.839521,32,368,1.0,133.0,0.9398245380496356,0.0,0.0,0.0,173,163,173,8,7.131338119506836,0.00025,20000
2026-03-17T10:04:41.500318,32,378,-0.1,133.50000000000003,0.9398245380496356,0.0,0.0,0.0,169,160,174,0,3.2949447631835938,0.00025,20000
2026-03-17T10:04:42.167417,32,388,0.0,132.4000000000001,0.9398245380496356,0.0,0.0,0.0,158,176,174,11,4.317522048950195,0.00025,20000
2026-03-17T10:04:42.831876,32,398,0.0,131.80000000000013,0.9398245380496356,0.0,0.0,0.0,152,176,174,8,3.4193992614746094,0.00025,20000
2026-03-17T10:04:43.497120,32,408,0.0,130.6000000000002,0.9398245380496356,0.0,0.0,0.0,140,176,174,2,3.2682418823242188,0.00025,20000
2026-03-17T10:04:44.163078,32,418,0.0,130.7000000000002,0.9398245380496356,0.0,0.0,0.0,141,176,174,1,4.180192947387695,0.00025,20000
2026-03-17T10:04:44.829919,32,428,0.0,129.90000000000023,0.9398245380496356,0.0,0.0,0.0,133,173,174,7,4.361391067504883,0.00025,20000
2026-03-17T10:04:45.494448,32,438,-0.1,130.10000000000022,0.9398245380496356,0.0,0.0,0.0,135,176,174,7,4.250526428222656,0.00025,20000
2026-03-17T10:04:46.162653,32,448,-0.1,130.00000000000023,0.9398245380496356,0.0,0.0,0.0,134,127,174,1,6.271600723266602,0.00025,20000
2026-03-17T10:04:46.827410,32,458,0.0,130.20000000000022,0.9398245380496356,0.0,0.0,0.0,136,176,174,11,5.891084671020508,0.00025,20000
2026-03-17T10:04:47.489857,32,468,0.0,130.4000000000002,0.9398245380496356,0.0,0.0,0.0,138,146,174,4,2.74658203125,0.00025,20000
2026-03-17T10:04:48.156122,32,478,0.1,131.00000000000017,0.9398245380496356,0.0,0.0,0.0,144,176,174,9,3.4787654876708984,0.00025,20000
2026-03-17T10:04:48.821867,32,488,1.0,143.0,0.9398245380496356,0.0,0.0,0.0,183,147,183,4,3.2701492309570312,0.00025,20000
2026-03-17T10:04:49.487163,32,498,1.0,189.0,0.9398245380496356,0.0,0.0,0.0,229,176,229,1,3.451108932495117,0.00025,20000
2026-03-17T10:04:50.153760,32,508,0.0,228.9,0.9398245380496356,0.0,0.0,0.0,268,176,269,3,3.395557403564453,0.00025,20000
2026-03-17T10:04:50.819441,32,518,1.0,242.0,0.9398245380496356,0.0,0.0,0.0,282,160,282,9,5.155086517333984,0.00025,20000
2026-03-17T10:04:51.485957,32,528,-0.1,276.9,0.9398245380496356,0.0,0.0,0.0,316,176,317,2,6.204843521118164,0.00025,20000
2026-03-17T10:04:52.151269,32,538,-0.1,275.39999999999964,0.9398245380496356,0.0,0.0,0.0,301,160,317,6,5.292654037475586,0.00025,20000
2026-03-17T10:04:52.814551,32,548,0.0,274.8999999999995,0.9398245380496356,0.0,0.0,0.0,296,147,317,10,3.0982494354248047,0.00025,20000
2026-03-17T10:04:53.479292,32,558,0.1,274.99999999999955,0.9398245380496356,0.0,0.0,0.0,297,176,317,1,3.1616687774658203,0.00025,20000
2026-03-17T10:04:54.146078,32,568,-0.1,275.5999999999997,0.9398245380496356,0.0,0.0,0.0,303,163,317,9,3.9339065551757812,0.00025,20000
2026-03-17T10:04:54.812039,32,578,0.0,275.9999999999998,0.9398245380496356,0.0,0.0,0.0,307,176,317,1,3.436565399169922,0.00025,20000
2026-03-17T10:04:55.478094,32,588,0.0,276.39999999999986,0.9398245380496356,0.0,0.0,0.0,311,147,317,6,4.274129867553711,0.00025,20000
2026-03-17T10:04:56.144632,32,598,1.0,278.0,0.9398245380496356,0.0,0.0,0.0,318,173,318,4,4.066944122314453,0.00025,20000
2026-03-17T10:04:56.810477,32,608,0.0,282.7999999999997,0.9398245380496356,0.0,0.0,0.0,312,176,324,0,4.822015762329102,0.00025,20000
2026-03-17T10:04:57.475220,32,618,0.0,281.7999999999995,0.9398245380496356,0.0,0.0,0.0,302,168,324,9,4.390239715576172,0.00025,20000
2026-03-17T10:04:58.142987,32,628,0.1,281.8999999999995,0.9398245380496356,0.0,0.0,0.0,303,176,324,9,6.266593933105469,0.00025,20000
2026-03-17T10:04:58.812483,32,638,0.0,283.9,0.9398245380496356,0.0,0.0,0.0,323,176,324,5,3.2160282135009766,0.00025,20000
2026-03-17T10:04:59.471097,32,648,0.0,283.4999999999999,0.9398245380496356,0.0,0.0,0.0,319,176,324,8,3.4973621368408203,0.00025,20000
2026-03-17T10:05:00.139918,32,658,-0.1,282.09999999999957,0.9398245380496356,0.0,0.0,0.0,305,149,324,9,7.26771354675293,0.00025,20000
2026-03-17T10:05:00.802790,32,668,0.0,281.19999999999936,0.9398245380496356,0.0,0.0,0.0,296,147,324,10,4.550933837890625,0.00025,20000
2026-03-17T10:05:01.469196,32,678,0.0,281.59999999999945,0.9398245380496356,0.0,0.0,0.0,300,176,324,10,5.003213882446289,0.00025,20000
2026-03-17T10:05:02.134368,32,688,-0.1,277.29999999999905,0.9398245380496356,0.0,0.0,0.0,257,176,324,5,4.863500595092773,0.00025,20000
2026-03-17T10:05:02.800904,32,698,0.0,275.9999999999989,0.9398245380496356,0.0,0.0,0.0,244,81,324,4,6.417751312255859,0.00025,20000
2026-03-17T10:05:03.463162,32,708,0.1,276.99999999999915,0.9398245380496356,0.0,0.0,0.0,254,83,324,8,3.263711929321289,0.00025,20000
2026-03-17T10:05:04.133460,32,718,0.0,277.49999999999926,0.9398245380496356,0.0,0.0,0.0,259,88,324,6,6.061315536499023,0.00025,20000
2026-03-17T10:05:04.795465,32,728,0.1,276.09999999999894,0.9398245380496356,0.0,0.0,0.0,245,88,324,0,3.448963165283203,0.00025,20000
2026-03-17T10:05:05.460401,32,738,0.1,276.99999999999915,0.9398245380496356,0.0,0.0,0.0,254,63,324,2,2.9630661010742188,0.00025,20000
2026-03-17T10:05:06.125976,32,748,0.0,278.1999999999994,0.9398245380496356,0.0,0.0,0.0,266,83,324,5,3.744840621948242,0.00025,20000
2026-03-17T10:05:06.793447,32,758,0.0,278.39999999999947,0.9398245380496356,0.0,0.0,0.0,268,112,324,10,5.100011825561523,0.00025,20000
2026-03-17T10:05:07.459202,32,768,0.0,277.1999999999992,0.9398245380496356,0.0,0.0,0.0,256,112,324,11,5.233526229858398,0.00025,20000
2026-03-17T10:05:08.125425,32,778,0.0,275.9999999999989,0.9398245380496356,0.0,0.0,0.0,244,96,324,7,4.530906677246094,0.00025,20000
2026-03-17T10:05:08.790160,32,788,0.0,276.399999999999,0.9398245380496356,0.0,0.0,0.0,248,112,324,8,5.431175231933594,0.00025,20000
2026-03-17T10:05:09.472815,32,798,0.0,275.9999999999989,0.9398245380496356,0.0,0.0,0.0,244,112,324,1,5.9528350830078125,0.00025,20000
2026-03-17T10:05:10.135703,32,808,0.0,276.399999999999,0.9398245380496356,0.0,0.0,0.0,248,112,324,1,3.4515857696533203,0.00025,20000
2026-03-17T10:05:10.805569,32,818,0.0,275.9999999999989,0.9398245380496356,0.0,0.0,0.0,244,112,324,7,7.553577423095703,0.00025,20000
2026-03-17T10:05:11.466896,32,828,0.0,275.9999999999989,0.9398245380496356,0.0,0.0,0.0,244,109,324,2,3.9839744567871094,0.00025,20000
2026-03-17T10:05:12.134961,32,838,0.0,276.09999999999894,0.9398245380496356,0.0,0.0,0.0,245,83,324,8,5.196332931518555,0.00025,20000
2026-03-17T10:05:12.798120,32,848,0.0,276.19999999999897,0.9398245380496356,0.0,0.0,0.0,246,112,324,10,3.431558609008789,0.00025,20000
2026-03-17T10:05:13.466108,32,858,0.0,276.09999999999894,0.9398245380496356,0.0,0.0,0.0,245,83,324,1,5.420446395874023,0.00025,20000
2026-03-17T10:05:14.132604,32,868,0.1,276.6999999999991,0.9398245380496356,0.0,0.0,0.0,251,93,324,9,6.151914596557617,0.00025,20000
2026-03-17T10:05:14.798204,32,878,0.0,280.09999999999974,0.9398245380496356,0.0,0.0,0.0,285,121,324,7,7.029533386230469,0.00025,20000
2026-03-17T10:05:15.464346,32,888,-0.1,280.19999999999976,0.9398245380496356,0.0,0.0,0.0,286,152,324,2,7.220983505249023,0.00025,20000
2026-03-17T10:05:16.127264,32,898,0.0,280.09999999999974,0.9398245380496356,0.0,0.0,0.0,285,176,324,4,4.796028137207031,0.00025,20000
2026-03-17T10:05:16.791868,32,908,-0.1,280.99999999999994,0.9398245380496356,0.0,0.0,0.0,294,176,324,1,3.874063491821289,0.00025,20000
2026-03-17T10:05:17.457294,32,918,0.0,281.09999999999997,0.9398245380496356,0.0,0.0,0.0,295,160,324,0,4.457950592041016,0.00025,20000
2026-03-17T10:05:18.124869,32,928,0.0,280.49999999999983,0.9398245380496356,0.0,0.0,0.0,289,176,324,6,5.37109375,0.00025,20000
2026-03-17T10:05:18.790233,32,938,-0.1,281.2,0.9398245380496356,0.0,0.0,0.0,296,176,324,11,4.657983779907227,0.00025,20000
2026-03-17T10:05:19.456236,32,948,0.0,281.09999999999997,0.9398245380496356,0.0,0.0,0.0,295,176,324,2,5.560636520385742,0.00025,20000
2026-03-17T10:05:20.122808,32,958,0.1,281.3,0.9398245380496356,0.0,0.0,0.0,297,157,324,3,6.839275360107422,0.00025,20000
2026-03-17T10:05:20.788946,32,968,0.0,281.2,0.9398245380496356,0.0,0.0,0.0,296,116,324,7,6.485939025878906,0.00025,20000
2026-03-17T10:05:21.450556,32,978,0.0,282.1000000000002,0.9398245380496356,0.0,0.0,0.0,305,138,324,3,3.426074981689453,0.00025,20000
2026-03-17T10:05:22.117843,32,988,0.0,281.7000000000001,0.9398245380496356,0.0,0.0,0.0,301,176,324,4,4.991054534912109,0.00025,20000
2026-03-17T10:05:22.782854,32,998,-0.1,281.6000000000001,0.9398245380496356,0.0,0.0,0.0,300,176,324,2,4.370689392089844,0.00025,20000
2026-03-17T10:05:23.449282,32,1008,0.0,281.6000000000001,0.9398245380496356,0.0,0.0,0.0,300,176,324,11,4.874229431152344,0.00025,20000
2026-03-17T10:05:24.113514,32,1018,0.1,281.90000000000015,0.9398245380496356,0.0,0.0,0.0,303,176,324,11,5.060911178588867,0.00025,20000
2026-03-17T10:05:24.781233,32,1028,0.0,281.50000000000006,0.9398245380496356,0.0,0.0,0.0,299,176,324,7,5.3195953369140625,0.00025,20000
2026-03-17T10:05:25.445312,32,1038,0.1,282.80000000000035,0.9398245380496356,0.0,0.0,0.0,312,123,324,2,4.221439361572266,0.00025,20000
2026-03-17T10:05:26.113405,32,1048,0.0,282.40000000000026,0.9398245380496356,0.0,0.0,0.0,308,135,324,3,7.475376129150391,0.00025,20000
2026-03-17T10:05:26.776706,32,1058,0.0,282.1000000000002,0.9398245380496356,0.0,0.0,0.0,305,121,324,5,5.4645538330078125,0.00025,20000
2026-03-17T10:05:27.439871,32,1068,0.0,281.6000000000001,0.9398245380496356,0.0,0.0,0.0,300,160,324,7,3.294229507446289,0.00025,20000
2026-03-17T10:05:28.107959,32,1078,-0.1,282.40000000000026,0.9398245380496356,0.0,0.0,0.0,308,145,324,7,4.108428955078125,0.00025,20000
2026-03-17T10:05:28.771452,32,1088,0.0,282.70000000000033,0.9398245380496356,0.0,0.0,0.0,311,147,324,1,3.996133804321289,0.00025,20000
2026-03-17T10:05:29.437769,32,1098,0.1,284.0000000000006,0.9398245380496356,0.0,0.0,0.0,324,173,324,11,4.633188247680664,0.00025,20000
2026-03-17T10:05:30.104289,32,1108,0.0,286.8000000000006,0.9398245380496356,0.0,0.0,0.0,325,176,327,5,4.733085632324219,0.00025,20000
2026-03-17T10:05:30.787288,32,1118,0.0,286.4000000000005,0.9398245380496356,0.0,0.0,0.0,321,144,327,11,4.628896713256836,0.00025,20000
2026-03-17T10:05:31.453781,32,1128,0.0,285.5000000000003,0.9398245380496356,0.0,0.0,0.0,312,176,327,0,6.245851516723633,0.00025,20000
2026-03-17T10:05:32.120824,32,1138,-0.1,282.4999999999999,0.9398245380496356,0.0,0.0,0.0,282,176,327,9,6.718873977661133,0.00025,20000
2026-03-17T10:05:32.781274,32,1148,0.0,281.49999999999966,0.9398245380496356,0.0,0.0,0.0,272,160,327,4,3.687620162963867,0.00025,20000
2026-03-17T10:05:33.447076,32,1158,0.0,281.39999999999964,0.9398245380496356,0.0,0.0,0.0,271,176,327,7,3.623485565185547,0.00025,20000
2026-03-17T10:05:34.113890,32,1168,0.0,282.1999999999998,0.9398245380496356,0.0,0.0,0.0,279,152,327,6,4.70280647277832,0.00025,20000
2026-03-17T10:05:34.780685,32,1178,0.0,281.7999999999997,0.9398245380496356,0.0,0.0,0.0,275,173,327,8,4.779338836669922,0.00025,20000
2026-03-17T10:05:35.446896,32,1188,0.0,281.9999999999998,0.9398245380496356,0.0,0.0,0.0,277,168,327,2,7.014274597167969,0.00025,20000
2026-03-17T10:05:36.110621,32,1198,0.0,280.99999999999955,0.9398245380496356,0.0,0.0,0.0,267,152,327,8,5.188226699829102,0.00025,20000
2026-03-17T10:05:36.777845,32,1208,0.0,281.1999999999996,0.9398245380496356,0.0,0.0,0.0,269,160,327,11,6.296634674072266,0.00025,20000
2026-03-17T10:05:37.442359,32,1218,0.0,281.39999999999964,0.9398245380496356,0.0,0.0,0.0,271,176,327,3,5.759239196777344,0.00025,20000
2026-03-17T10:05:38.104512,32,1228,0.0,281.5999999999997,0.9398245380496356,0.0,0.0,0.0,273,173,327,11,2.220630645751953,0.00025,20000
2026-03-17T10:05:38.774700,32,1238,0.1,284.2000000000003,0.9398245380496356,0.0,0.0,0.0,299,148,327,11,6.194829940795898,0.00025,20000
2026-03-17T10:05:39.438428,32,1248,0.0,286.60000000000076,0.9398245380496356,0.0,0.0,0.0,323,176,327,1,4.557371139526367,0.00025,20000
2026-03-17T10:05:40.103004,32,1258,0.0,285.9000000000006,0.9398245380496356,0.0,0.0,0.0,316,176,327,9,4.614591598510742,0.00025,20000
2026-03-17T10:05:40.769632,32,1268,-0.1,285.30000000000047,0.9398245380496356,0.0,0.0,0.0,310,176,327,3,3.990650177001953,0.00025,20000
2026-03-17T10:05:41.436489,32,1278,0.0,285.1000000000004,0.9398245380496356,0.0,0.0,0.0,308,147,327,2,4.893302917480469,0.00025,20000
2026-03-17T10:05:42.101001,32,1288,0.0,285.1000000000004,0.9398245380496356,0.0,0.0,0.0,308,147,327,2,5.230188369750977,0.00025,20000
2026-03-17T10:05:42.768058,32,1298,0.1,286.8000000000008,0.9398245380496356,0.0,0.0,0.0,325,147,327,8,5.06281852722168,0.00025,20000
2026-03-17T10:05:43.433922,32,1308,0.0,287.90000000000083,0.9398245380496356,0.0,0.0,0.0,327,147,328,8,7.409811019897461,0.00025,20000
2026-03-17T10:05:44.095925,32,1318,0.1,287.7000000000008,0.9398245380496356,0.0,0.0,0.0,325,163,328,11,3.390789031982422,0.00025,20000
2026-03-17T10:05:44.762113,32,1328,0.0,291.00000000000085,0.9398245380496356,0.0,0.0,0.0,331,147,331,4,3.5600662231445312,0.00025,20000
2026-03-17T10:05:45.427761,32,1338,0.0,293.90000000000083,0.9398245380496356,0.0,0.0,0.0,333,160,334,0,4.094839096069336,0.00025,20000
2026-03-17T10:05:46.093541,32,1348,0.0,293.20000000000067,0.9398245380496356,0.0,0.0,0.0,326,176,334,5,4.760503768920898,0.00025,20000
2026-03-17T10:05:46.760783,32,1358,0.0,292.60000000000053,0.9398245380496356,0.0,0.0,0.0,320,169,334,6,5.10859489440918,0.00025,20000
2026-03-17T10:05:47.427642,32,1368,0.0,292.30000000000047,0.9398245380496356,0.0,0.0,0.0,317,176,334,4,6.414651870727539,0.00025,20000
2026-03-17T10:05:48.092820,32,1378,0.0,293.0000000000006,0.9398245380496356,0.0,0.0,0.0,324,147,334,6,7.168292999267578,0.00025,20000
2026-03-17T10:05:48.759455,32,1388,0.0,292.20000000000044,0.9398245380496356,0.0,0.0,0.0,316,145,334,2,7.678031921386719,0.00025,20000
2026-03-17T10:05:49.421102,32,1398,0.0,292.30000000000047,0.9398245380496356,0.0,0.0,0.0,317,169,334,11,4.092693328857422,0.00025,20000
2026-03-17T10:05:50.086242,32,1408,0.0,292.30000000000047,0.9398245380496356,0.0,0.0,0.0,317,169,334,8,4.243373870849609,0.00025,20000
2026-03-17T10:05:50.752914,32,1418,1.0,295.00000000000085,0.9398245380496356,0.0,0.0,0.0,335,170,335,6,4.652261734008789,0.00025,20000
2026-03-17T10:05:51.418147,32,1428,0.0,318.7000000000008,0.9398245380496356,0.0,0.0,0.0,356,176,359,1,3.948211669921875,0.00025,20000
2026-03-17T10:05:52.081261,32,1438,0.0,318.60000000000076,0.9398245380496356,0.0,0.0,0.0,355,176,359,11,2.9327869415283203,0.00025,20000
2026-03-17T10:05:52.750851,32,1448,0.0,318.10000000000065,0.9398245380496356,0.0,0.0,0.0,350,176,359,4,4.799127578735352,0.00025,20000
2026-03-17T10:05:53.414343,32,1458,0.0,318.10000000000065,0.9398245380496356,0.0,0.0,0.0,350,148,359,11,4.45103645324707,0.00025,20000
2026-03-17T10:05:54.082990,32,1468,0.0,318.3000000000007,0.9398245380496356,0.0,0.0,0.0,352,173,359,7,7.462024688720703,0.00025,20000
2026-03-17T10:05:54.749189,32,1478,0.0,318.0000000000006,0.9398245380496356,0.0,0.0,0.0,349,176,359,5,6.718873977661133,0.00025,20000
2026-03-17T10:05:55.411615,32,1488,0.0,317.9000000000006,0.9398245380496356,0.0,0.0,0.0,348,152,359,0,4.356622695922852,0.00025,20000
2026-03-17T10:05:56.077477,32,1498,0.1,318.7000000000008,0.9398245380496356,0.0,0.0,0.0,356,176,359,2,5.304574966430664,0.00025,20000
2026-03-17T10:05:56.743059,32,1508,0.0,317.9000000000006,0.9398245380496356,0.0,0.0,0.0,348,160,359,10,4.892110824584961,0.00025,20000
2026-03-17T10:05:57.409230,32,1518,0.0,317.5000000000005,0.9398245380496356,0.0,0.0,0.0,344,165,359,10,4.596471786499023,0.00025,20000
2026-03-17T10:05:58.075366,32,1528,0.1,318.0000000000006,0.9398245380496356,0.0,0.0,0.0,349,157,359,9,4.930257797241211,0.00025,20000
2026-03-17T10:05:58.738499,32,1538,0.0,331.90000000000083,0.9398245380496356,0.0,0.0,0.0,371,176,372,6,3.9680004119873047,0.00025,20000
2026-03-17T10:05:59.406817,32,1548,-0.1,335.90000000000083,0.9398245380496356,0.0,0.0,0.0,375,176,376,9,5.656242370605469,0.00025,20000
2026-03-17T10:06:00.070001,32,1558,0.0,335.50000000000074,0.9398245380496356,0.0,0.0,0.0,371,169,376,6,4.505395889282227,0.00025,20000
2026-03-17T10:06:00.737242,32,1568,-0.1,337.60000000000076,0.9398245380496356,0.0,0.0,0.0,374,166,378,7,5.135774612426758,0.00025,20000
2026-03-17T10:06:01.401586,32,1578,-0.1,336.0000000000004,0.9398245380496356,0.0,0.0,0.0,358,170,378,0,4.080057144165039,0.00025,20000
2026-03-17T10:06:02.066424,32,1588,0.0,335.9000000000004,0.9398245380496356,0.0,0.0,0.0,357,160,378,3,3.3910274505615234,0.00025,20000
2026-03-17T10:06:02.736003,32,1598,0.0,335.5000000000003,0.9398245380496356,0.0,0.0,0.0,353,176,378,3,7.253170013427734,0.00025,20000
2026-03-17T10:06:03.400891,32,1608,0.0,335.2000000000002,0.9398245380496356,0.0,0.0,0.0,350,176,378,7,6.563901901245117,0.00025,20000
2026-03-17T10:06:04.061868,32,1618,0.0,335.30000000000024,0.9398245380496356,0.0,0.0,0.0,351,176,378,3,3.381967544555664,0.00025,20000
2026-03-17T10:06:04.730463,32,1628,0.0,335.6000000000003,0.9398245380496356,0.0,0.0,0.0,354,152,378,3,5.518913269042969,0.00025,20000
2026-03-17T10:06:05.395569,32,1638,0.1,335.2000000000002,0.9398245380496356,0.0,0.0,0.0,350,149,378,9,4.790067672729492,0.00025,20000
2026-03-17T10:06:06.060581,32,1648,0.0,335.2000000000002,0.9398245380496356,0.0,0.0,0.0,350,128,378,1,4.802227020263672,0.00025,20000
2026-03-17T10:06:06.728984,32,1658,0.0,335.6000000000003,0.9398245380496356,0.0,0.0,0.0,354,136,378,2,6.299734115600586,0.00025,20000
2026-03-17T10:06:07.393242,32,1668,0.0,335.2000000000002,0.9398245380496356,0.0,0.0,0.0,350,147,378,2,5.944013595581055,0.00025,20000
2026-03-17T10:06:08.056531,32,1678,0.0,335.2000000000002,0.9398245380496356,0.0,0.0,0.0,350,148,378,8,4.20379638671875,0.00025,20000
2026-03-17T10:06:08.725326,32,1688,0.0,335.2000000000002,0.9398245380496356,0.0,0.0,0.0,350,118,378,5,5.996465682983398,0.00025,20000
2026-03-17T10:06:09.872729,33,4,0.0,-0.2,0.9379448889735363,0.0,0.0,0.0,38,160,40,8,5.040168762207031,0.00025,20000
2026-03-17T10:06:10.536601,33,14,0.0,-1.5000000000000002,0.9379448889735363,0.0,0.0,0.0,25,176,40,7,4.527091979980469,0.00025,20000
2026-03-17T10:06:11.205047,33,24,0.0,-1.5000000000000002,0.9379448889735363,0.0,0.0,0.0,25,140,40,1,6.990909576416016,0.00025,20000
2026-03-17T10:06:11.868933,33,34,0.0,-1.3,0.9379448889735363,0.0,0.0,0.0,27,149,40,5,6.092309951782227,0.00025,20000
2026-03-17T10:06:12.534125,33,44,0.0,-1.4000000000000001,0.9379448889735363,0.0,0.0,0.0,26,145,40,0,5.903482437133789,0.00025,20000
2026-03-17T10:06:13.202402,33,54,0.0,-0.7999999999999999,0.9379448889735363,0.0,0.0,0.0,32,173,40,9,6.577014923095703,0.00025,20000
2026-03-17T10:06:13.864661,33,64,0.0,16.0,0.9379448889735363,0.0,0.0,0.0,56,160,56,10,4.547834396362305,0.00025,20000
2026-03-17T10:06:14.529292,33,74,-0.1,16.099999999999987,0.9379448889735363,0.0,0.0,0.0,48,176,57,7,4.617452621459961,0.00025,20000
2026-03-17T10:06:15.196798,33,84,0.0,16.599999999999994,0.9379448889735363,0.0,0.0,0.0,53,176,57,9,5.663156509399414,0.00025,20000
2026-03-17T10:06:15.863137,33,94,0.0,46.0,0.9379448889735363,0.0,0.0,0.0,86,148,86,5,6.222009658813477,0.00025,20000
2026-03-17T10:06:16.529261,33,104,0.0,58.9,0.9379448889735363,0.0,0.0,0.0,98,176,99,6,6.412744522094727,0.00025,20000
2026-03-17T10:06:17.192248,33,114,0.0,59.0,0.9379448889735363,0.0,0.0,0.0,99,138,99,7,5.349159240722656,0.00025,20000
2026-03-17T10:06:17.859551,33,124,0.0,66.60000000000002,0.9379448889735363,0.0,0.0,0.0,103,176,107,6,5.8498382568359375,0.00025,20000
2026-03-17T10:06:18.524247,33,134,-0.1,65.40000000000009,0.9379448889735363,0.0,0.0,0.0,91,176,107,7,5.344390869140625,0.00025,20000
2026-03-17T10:06:19.186722,33,144,0.0,66.70000000000002,0.9379448889735363,0.0,0.0,0.0,104,176,107,9,3.516674041748047,0.00025,20000
2026-03-17T10:06:19.854759,33,154,0.0,66.80000000000001,0.9379448889735363,0.0,0.0,0.0,105,149,107,2,3.754138946533203,0.00025,20000
2026-03-17T10:06:20.519755,33,164,-0.1,65.10000000000011,0.9379448889735363,0.0,0.0,0.0,88,157,107,1,4.415750503540039,0.00025,20000
2026-03-17T10:06:21.190142,33,174,0.0,64.60000000000014,0.9379448889735363,0.0,0.0,0.0,83,120,107,1,7.666826248168945,0.00025,20000
2026-03-17T10:06:21.853371,33,184,0.0,65.3000000000001,0.9379448889735363,0.0,0.0,0.0,90,152,107,10,6.242036819458008,0.00025,20000
2026-03-17T10:06:22.518074,33,194,-0.1,64.40000000000015,0.9379448889735363,0.0,0.0,0.0,81,176,107,2,4.889965057373047,0.00025,20000
2026-03-17T10:06:23.185477,33,204,0.0,62.40000000000015,0.9379448889735363,0.0,0.0,0.0,61,176,107,10,6.598234176635742,0.00025,20000
2026-03-17T10:06:23.847468,33,214,0.1,61.80000000000014,0.9379448889735363,0.0,0.0,0.0,55,160,107,2,4.173994064331055,0.00025,20000
2026-03-17T10:06:24.512546,33,224,0.1,62.300000000000146,0.9379448889735363,0.0,0.0,0.0,60,176,107,7,3.9298534393310547,0.00025,20000
2026-03-17T10:06:25.179512,33,234,0.0,64.90000000000012,0.9379448889735363,0.0,0.0,0.0,86,176,107,11,4.557132720947266,0.00025,20000
2026-03-17T10:06:25.847774,33,244,-0.1,65.00000000000011,0.9379448889735363,0.0,0.0,0.0,87,160,107,4,7.185459136962891,0.00025,20000
2026-03-17T10:06:26.511674,33,254,0.0,64.20000000000016,0.9379448889735363,0.0,0.0,0.0,79,176,107,7,6.554365158081055,0.00025,20000
2026-03-17T10:06:27.177731,33,264,0.1,66.20000000000005,0.9379448889735363,0.0,0.0,0.0,99,176,107,5,5.853414535522461,0.00025,20000
2026-03-17T10:06:27.842083,33,274,-0.1,64.80000000000013,0.9379448889735363,0.0,0.0,0.0,85,176,107,1,5.356311798095703,0.00025,20000
2026-03-17T10:06:28.505807,33,284,-0.1,61.70000000000014,0.9379448889735363,0.0,0.0,0.0,54,147,107,7,3.678560256958008,0.00025,20000
2026-03-17T10:06:29.174486,33,294,0.0,59.2000000000001,0.9379448889735363,0.0,0.0,0.0,29,160,107,7,6.148338317871094,0.00025,20000
2026-03-17T10:06:29.836421,33,304,0.0,59.2000000000001,0.9379448889735363,0.0,0.0,0.0,29,147,107,0,3.7698745727539062,0.00025,20000
2026-03-17T10:06:30.501298,33,314,0.0,59.1000000000001,0.9379448889735363,0.0,0.0,0.0,28,140,107,7,3.148317337036133,0.00025,20000
2026-03-17T10:06:31.169367,33,324,0.0,59.400000000000105,0.9379448889735363,0.0,0.0,0.0,31,173,107,8,4.908084869384766,0.00025,20000
2026-03-17T10:06:31.837692,33,334,0.0,59.1000000000001,0.9379448889735363,0.0,0.0,0.0,28,176,107,7,6.527423858642578,0.00025,20000
2026-03-17T10:06:32.498065,33,344,0.0,59.300000000000104,0.9379448889735363,0.0,0.0,0.0,30,157,107,11,3.8793087005615234,0.00025,20000
2026-03-17T10:06:33.166342,33,354,0.0,59.0000000000001,0.9379448889735363,0.0,0.0,0.0,27,168,107,1,4.281759262084961,0.00025,20000
2026-03-17T10:06:33.832901,33,364,0.1,61.400000000000134,0.9379448889735363,0.0,0.0,0.0,51,160,107,5,6.019115447998047,0.00025,20000
2026-03-17T10:06:34.494939,33,374,0.0,63.600000000000165,0.9379448889735363,0.0,0.0,0.0,73,176,107,7,3.6323070526123047,0.00025,20000
2026-03-17T10:06:35.166003,33,384,0.1,65.60000000000008,0.9379448889735363,0.0,0.0,0.0,93,176,107,11,7.012367248535156,0.00025,20000
2026-03-17T10:06:35.829207,33,394,0.0,65.70000000000007,0.9379448889735363,0.0,0.0,0.0,94,176,107,10,4.880428314208984,0.00025,20000
2026-03-17T10:06:36.493234,33,404,0.0,64.60000000000014,0.9379448889735363,0.0,0.0,0.0,83,160,107,11,4.553794860839844,0.00025,20000
2026-03-17T10:06:37.160527,33,414,-0.1,63.90000000000017,0.9379448889735363,0.0,0.0,0.0,76,176,107,9,5.906105041503906,0.00025,20000
2026-03-17T10:06:37.827382,33,424,-0.1,62.300000000000146,0.9379448889735363,0.0,0.0,0.0,60,145,107,5,5.343198776245117,0.00025,20000
2026-03-17T10:06:38.489514,33,434,0.0,60.90000000000013,0.9379448889735363,0.0,0.0,0.0,46,127,107,0,4.33039665222168,0.00025,20000
2026-03-17T10:06:39.159517,33,444,0.0,59.2000000000001,0.9379448889735363,0.0,0.0,0.0,29,147,107,7,7.436275482177734,0.00025,20000
2026-03-17T10:06:39.823298,33,454,0.0,60.100000000000115,0.9379448889735363,0.0,0.0,0.0,38,173,107,4,6.824254989624023,0.00025,20000
2026-03-17T10:06:40.487285,33,464,0.0,59.70000000000011,0.9379448889735363,0.0,0.0,0.0,34,157,107,3,5.008459091186523,0.00025,20000
2026-03-17T10:06:41.150776,33,474,0.0,59.70000000000011,0.9379448889735363,0.0,0.0,0.0,34,157,107,5,3.2355785369873047,0.00025,20000
2026-03-17T10:06:41.834339,33,484,0.0,59.0000000000001,0.9379448889735363,0.0,0.0,0.0,27,176,107,6,3.9780139923095703,0.00025,20000
2026-03-17T10:06:42.499933,33,494,0.0,59.0000000000001,0.9379448889735363,0.0,0.0,0.0,27,176,107,2,4.793643951416016,0.00025,20000
2026-03-17T10:06:43.166303,33,504,0.0,59.50000000000011,0.9379448889735363,0.0,0.0,0.0,32,176,107,8,4.588127136230469,0.00025,20000
2026-03-17T10:06:43.838401,33,514,0.0,60.60000000000012,0.9379448889735363,0.0,0.0,0.0,43,176,107,10,3.0066967010498047,0.00025,20000
2026-03-17T10:06:44.495912,33,524,0.0,59.300000000000104,0.9379448889735363,0.0,0.0,0.0,30,149,107,8,3.5140514373779297,0.00025,20000
2026-03-17T10:06:45.160643,33,534,0.0,59.1000000000001,0.9379448889735363,0.0,0.0,0.0,28,147,107,5,4.064321517944336,0.00025,20000
2026-03-17T10:06:45.828272,33,544,0.1,59.400000000000105,0.9379448889735363,0.0,0.0,0.0,31,176,107,11,5.776405334472656,0.00025,20000
2026-03-17T10:06:46.492311,33,554,0.0,59.1000000000001,0.9379448889735363,0.0,0.0,0.0,28,176,107,7,3.386974334716797,0.00025,20000
2026-03-17T10:06:47.157324,33,564,0.1,60.30000000000012,0.9379448889735363,0.0,0.0,0.0,40,147,107,1,3.1731128692626953,0.00025,20000
2026-03-17T10:06:47.823911,33,574,-0.1,59.0000000000001,0.9379448889735363,0.0,0.0,0.0,27,147,107,11,3.8690567016601562,0.00025,20000
2026-03-17T10:06:48.490256,33,584,0.0,59.0000000000001,0.9379448889735363,0.0,0.0,0.0,27,176,107,3,4.909992218017578,0.00025,20000
2026-03-17T10:06:49.157663,33,594,0.0,59.300000000000104,0.9379448889735363,0.0,0.0,0.0,30,176,107,7,6.223917007446289,0.00025,20000
2026-03-17T10:06:49.821496,33,604,0.0,59.0000000000001,0.9379448889735363,0.0,0.0,0.0,27,168,107,3,4.99725341796875,0.00025,20000
2026-03-17T10:06:50.486247,33,614,0.0,59.0000000000001,0.9379448889735363,0.0,0.0,0.0,27,148,107,8,4.323720932006836,0.00025,20000
2026-03-17T10:06:51.153954,33,624,0.0,59.80000000000011,0.9379448889735363,0.0,0.0,0.0,35,173,107,3,6.473302841186523,0.00025,20000
2026-03-17T10:06:51.816525,33,634,0.0,59.0000000000001,0.9379448889735363,0.0,0.0,0.0,27,135,107,7,3.480195999145508,0.00025,20000
2026-03-17T10:06:52.483896,33,644,0.0,59.2000000000001,0.9379448889735363,0.0,0.0,0.0,29,157,107,4,4.7016143798828125,0.00025,20000
2026-03-17T10:06:53.147007,33,654,0.0,59.70000000000011,0.9379448889735363,0.0,0.0,0.0,34,176,107,4,3.489971160888672,0.00025,20000
2026-03-17T10:06:53.814298,33,664,0.0,59.80000000000011,0.9379448889735363,0.0,0.0,0.0,35,176,107,8,4.155874252319336,0.00025,20000
2026-03-17T10:06:54.479816,33,674,0.0,59.0000000000001,0.9379448889735363,0.0,0.0,0.0,27,146,107,11,3.8242340087890625,0.00025,20000
2026-03-17T10:06:55.146371,33,684,0.1,59.80000000000011,0.9379448889735363,0.0,0.0,0.0,35,176,107,7,3.3576488494873047,0.00025,20000
2026-03-17T10:06:55.810995,33,694,0.0,62.900000000000155,0.9379448889735363,0.0,0.0,0.0,66,123,107,1,5.01251220703125,0.00025,20000
2026-03-17T10:06:56.477659,33,704,0.1,66.00000000000006,0.9379448889735363,0.0,0.0,0.0,97,173,107,4,5.623579025268555,0.00025,20000
2026-03-17T10:06:57.139618,33,714,-0.1,66.00000000000006,0.9379448889735363,0.0,0.0,0.0,97,157,107,11,3.1740665435791016,0.00025,20000
2026-03-17T10:06:57.807594,33,724,1.0,68.0,0.9379448889735363,0.0,0.0,0.0,108,149,108,10,4.682302474975586,0.00025,20000
2026-03-17T10:06:58.457890,33,734,1.0,104.0,0.9379448889735363,0.0,0.0,0.0,144,142,144,5,5.663156509399414,0.00025,20000
2026-03-17T10:06:59.719638,34,9,-0.1,-0.9999999999999999,0.9360689991955893,0.0,0.0,0.0,30,176,40,5,3.658771514892578,0.00025,20000
2026-03-17T10:07:00.385944,34,19,0.0,-1.9000000000000006,0.9360689991955893,0.0,0.0,0.0,21,176,40,0,3.9834976196289062,0.00025,20000
2026-03-17T10:07:01.050339,34,29,-0.1,-3.1000000000000014,0.9360689991955893,0.0,0.0,0.0,9,138,40,2,2.7832984924316406,0.00025,20000
2026-03-17T10:07:01.717769,34,39,0.0,-3.8000000000000016,0.9360689991955893,0.0,0.0,0.0,2,147,40,9,3.9975643157958984,0.00025,20000
2026-03-17T10:07:02.385267,34,49,0.1,-3.7000000000000015,0.9360689991955893,0.0,0.0,0.0,3,135,40,11,4.730224609375,0.00025,20000
2026-03-17T10:07:03.045412,34,59,0.0,-3.8000000000000016,0.9360689991955893,0.0,0.0,0.0,2,147,40,11,1.7466545104980469,0.00025,20000
2026-03-17T10:07:03.712699,34,69,0.0,-4.000000000000002,0.9360689991955893,0.0,0.0,0.0,0,157,40,2,3.2722949981689453,0.00025,20000
2026-03-17T10:07:04.379461,34,79,0.1,-2.900000000000001,0.9360689991955893,0.0,0.0,0.0,11,165,40,5,4.351377487182617,0.00025,20000
2026-03-17T10:07:05.044532,34,89,-0.1,-3.5000000000000013,0.9360689991955893,0.0,0.0,0.0,5,149,40,7,4.130363464355469,0.00025,20000
2026-03-17T10:07:05.710127,34,99,0.0,-4.000000000000002,0.9360689991955893,0.0,0.0,0.0,0,176,40,9,4.084110260009766,0.00025,20000
2026-03-17T10:07:06.377658,34,109,0.0,-3.100000000000001,0.9360689991955893,0.0,0.0,0.0,9,176,40,9,5.244016647338867,0.00025,20000
2026-03-17T10:07:07.041869,34,119,0.0,-3.4000000000000012,0.9360689991955893,0.0,0.0,0.0,6,176,40,1,5.148410797119141,0.00025,20000
2026-03-17T10:07:07.708559,34,129,-0.1,-2.6000000000000005,0.9360689991955893,0.0,0.0,0.0,14,176,40,4,6.473541259765625,0.00025,20000
2026-03-17T10:07:08.374166,34,139,0.0,-2.6000000000000005,0.9360689991955893,0.0,0.0,0.0,14,147,40,4,5.369424819946289,0.00025,20000
2026-03-17T10:07:09.038180,34,149,0.0,-2.5000000000000004,0.9360689991955893,0.0,0.0,0.0,15,176,40,8,4.134654998779297,0.00025,20000
2026-03-17T10:07:09.703093,34,159,0.0,-3.5000000000000013,0.9360689991955893,0.0,0.0,0.0,5,160,40,6,3.1991004943847656,0.00025,20000
2026-03-17T10:07:10.367782,34,169,0.0,-4.000000000000002,0.9360689991955893,0.0,0.0,0.0,0,176,40,11,3.063678741455078,0.00025,20000
2026-03-17T10:07:11.034171,34,179,0.0,-3.4000000000000012,0.9360689991955893,0.0,0.0,0.0,6,160,40,1,3.4661293029785156,0.00025,20000
2026-03-17T10:07:11.702067,34,189,0.1,-2.6000000000000005,0.9360689991955893,0.0,0.0,0.0,14,147,40,8,5.690813064575195,0.00025,20000
2026-03-17T10:07:12.370632,34,199,0.0,-3.000000000000001,0.9360689991955893,0.0,0.0,0.0,10,152,40,0,7.490634918212891,0.00025,20000
2026-03-17T10:07:13.032948,34,209,0.0,-3.5000000000000013,0.9360689991955893,0.0,0.0,0.0,5,168,40,6,5.836963653564453,0.00025,20000
2026-03-17T10:07:13.699002,34,219,0.0,-3.6000000000000014,0.9360689991955893,0.0,0.0,0.0,4,168,40,1,6.089210510253906,0.00025,20000
2026-03-17T10:07:14.365677,34,229,0.0,-2.7000000000000006,0.9360689991955893,0.0,0.0,0.0,13,176,40,3,6.71839714050293,0.00025,20000
2026-03-17T10:07:15.028894,34,239,0.1,-2.6000000000000005,0.9360689991955893,0.0,0.0,0.0,14,176,40,2,4.740715026855469,0.00025,20000
2026-03-17T10:07:15.694236,34,249,0.0,-4.000000000000002,0.9360689991955893,0.0,0.0,0.0,0,176,40,11,3.459930419921875,0.00025,20000
2026-03-17T10:07:16.361488,34,259,0.0,-2.7000000000000006,0.9360689991955893,0.0,0.0,0.0,13,176,40,1,5.931854248046875,0.00025,20000
2026-03-17T10:07:17.026804,34,269,0.1,-0.8999999999999992,0.9360689991955893,0.0,0.0,0.0,31,176,40,10,4.525899887084961,0.00025,20000
2026-03-17T10:07:17.691062,34,279,0.0,23.9,0.9360689991955893,0.0,0.0,0.0,63,176,64,11,5.066633224487305,0.00025,20000
2026-03-17T10:07:18.356916,34,289,0.0,30.9,0.9360689991955893,0.0,0.0,0.0,70,176,71,1,4.859685897827148,0.00025,20000
2026-03-17T10:07:19.023375,34,299,0.0,30.499999999999993,0.9360689991955893,0.0,0.0,0.0,66,165,71,10,6.349325180053711,0.00025,20000
2026-03-17T10:07:19.690336,34,309,0.0,29.69999999999998,0.9360689991955893,0.0,0.0,0.0,58,176,71,1,6.478309631347656,0.00025,20000
2026-03-17T10:07:20.354232,34,319,0.0,30.799999999999997,0.9360689991955893,0.0,0.0,0.0,69,160,71,7,5.651712417602539,0.00025,20000
2026-03-17T10:07:21.017067,34,329,0.0,43.9,0.9360689991955893,0.0,0.0,0.0,83,160,84,8,3.735065460205078,0.00025,20000
2026-03-17T10:07:21.684120,34,339,0.0,43.19999999999999,0.9360689991955893,0.0,0.0,0.0,76,149,84,5,4.137516021728516,0.00025,20000
2026-03-17T10:07:22.349998,34,349,0.0,42.299999999999976,0.9360689991955893,0.0,0.0,0.0,67,176,84,3,4.1370391845703125,0.00025,20000
2026-03-17T10:07:23.016069,34,359,0.1,41.599999999999966,0.9360689991955893,0.0,0.0,0.0,60,149,84,10,5.375862121582031,0.00025,20000
2026-03-17T10:07:23.682614,34,369,0.0,41.19999999999996,0.9360689991955893,0.0,0.0,0.0,56,135,84,0,5.671501159667969,0.00025,20000
2026-03-17T10:07:24.347848,34,379,-0.1,40.49999999999995,0.9360689991955893,0.0,0.0,0.0,49,149,84,9,5.90062141418457,0.00025,20000
2026-03-17T10:07:25.013443,34,389,0.0,40.69999999999995,0.9360689991955893,0.0,0.0,0.0,51,176,84,2,6.116628646850586,0.00025,20000
2026-03-17T10:07:25.678897,34,399,-0.1,40.099999999999945,0.9360689991955893,0.0,0.0,0.0,45,135,84,7,5.681514739990234,0.00025,20000
2026-03-17T10:07:26.346532,34,409,0.0,40.099999999999945,0.9360689991955893,0.0,0.0,0.0,45,173,84,9,7.6732635498046875,0.00025,20000
2026-03-17T10:07:27.008502,34,419,0.1,43.09999999999999,0.9360689991955893,0.0,0.0,0.0,75,173,84,11,4.502773284912109,0.00025,20000
2026-03-17T10:07:27.673560,34,429,0.0,43.8,0.9360689991955893,0.0,0.0,0.0,82,176,84,9,4.608154296875,0.00025,20000
2026-03-17T10:07:28.339670,34,439,0.0,46.9,0.9360689991955893,0.0,0.0,0.0,86,176,87,10,4.306554794311523,0.00025,20000
2026-03-17T10:07:29.006361,34,449,0.0,46.699999999999996,0.9360689991955893,0.0,0.0,0.0,84,176,87,4,3.954648971557617,0.00025,20000
2026-03-17T10:07:29.673101,34,459,-0.1,44.499999999999964,0.9360689991955893,0.0,0.0,0.0,62,176,87,9,5.04755973815918,0.00025,20000
2026-03-17T10:07:30.337793,34,469,0.1,42.399999999999935,0.9360689991955893,0.0,0.0,0.0,41,149,87,1,5.863189697265625,0.00025,20000
2026-03-17T10:07:31.028451,34,479,0.0,43.799999999999955,0.9360689991955893,0.0,0.0,0.0,55,157,87,4,5.181312561035156,0.00025,20000
2026-03-17T10:07:31.670618,34,489,0.0,44.99999999999997,0.9360689991955893,0.0,0.0,0.0,67,168,87,0,7.221221923828125,0.00025,20000
2026-03-17T10:07:32.332528,34,499,0.0,45.09999999999997,0.9360689991955893,0.0,0.0,0.0,68,176,87,1,3.5986900329589844,0.00025,20000
2026-03-17T10:07:32.999703,34,509,-0.1,42.59999999999994,0.9360689991955893,0.0,0.0,0.0,43,160,87,10,6.425619125366211,0.00025,20000
2026-03-17T10:07:33.663722,34,519,0.1,39.09999999999989,0.9360689991955893,0.0,0.0,0.0,8,149,87,0,3.962993621826172,0.00025,20000
2026-03-17T10:07:34.330666,34,529,-0.1,39.19999999999989,0.9360689991955893,0.0,0.0,0.0,9,157,87,5,5.0334930419921875,0.00025,20000
2026-03-17T10:07:34.995408,34,539,0.0,38.999999999999886,0.9360689991955893,0.0,0.0,0.0,7,168,87,4,5.132913589477539,0.00025,20000
2026-03-17T10:07:35.662044,34,549,0.0,41.19999999999992,0.9360689991955893,0.0,0.0,0.0,29,176,87,8,5.601406097412109,0.00025,20000
2026-03-17T10:07:36.327642,34,559,0.0,41.59999999999992,0.9360689991955893,0.0,0.0,0.0,33,147,87,8,6.073474884033203,0.00025,20000
2026-03-17T10:07:36.989486,34,569,0.0,41.099999999999916,0.9360689991955893,0.0,0.0,0.0,28,173,87,10,2.8467178344726562,0.00025,20000
2026-03-17T10:07:37.659632,34,579,0.0,38.999999999999886,0.9360689991955893,0.0,0.0,0.0,7,146,87,4,7.273674011230469,0.00025,20000
2026-03-17T10:07:38.324686,34,589,0.0,38.999999999999886,0.9360689991955893,0.0,0.0,0.0,7,135,87,8,5.5942535400390625,0.00025,20000
2026-03-17T10:07:38.988234,34,599,0.1,40.1999999999999,0.9360689991955893,0.0,0.0,0.0,19,173,87,5,3.386974334716797,0.00025,20000
2026-03-17T10:07:39.654564,34,609,0.0,40.299999999999905,0.9360689991955893,0.0,0.0,0.0,20,173,87,11,5.0487518310546875,0.00025,20000
2026-03-17T10:07:40.321754,34,619,0.0,40.1999999999999,0.9360689991955893,0.0,0.0,0.0,19,147,87,8,5.493640899658203,0.00025,20000
2026-03-17T10:07:40.985407,34,629,0.1,39.9999999999999,0.9360689991955893,0.0,0.0,0.0,17,160,87,3,4.684686660766602,0.00025,20000
2026-03-17T10:07:41.668679,34,639,0.0,40.69999999999991,0.9360689991955893,0.0,0.0,0.0,24,176,87,4,6.5860748291015625,0.00025,20000
2026-03-17T10:07:42.334463,34,649,0.0,41.39999999999992,0.9360689991955893,0.0,0.0,0.0,31,176,87,4,5.192279815673828,0.00025,20000
2026-03-17T10:07:43.000935,34,659,0.0,43.49999999999995,0.9360689991955893,0.0,0.0,0.0,52,138,87,5,6.364107131958008,0.00025,20000
2026-03-17T10:07:43.668592,34,669,0.1,46.09999999999999,0.9360689991955893,0.0,0.0,0.0,78,157,87,9,8.819103240966797,0.00025,20000
2026-03-17T10:07:44.329778,34,679,0.0,46.9,0.9360689991955893,0.0,0.0,0.0,86,160,87,1,4.735469818115234,0.00025,20000
2026-03-17T10:07:44.995247,34,689,0.0,49.0,0.9360689991955893,0.0,0.0,0.0,89,128,89,10,4.485607147216797,0.00025,20000
2026-03-17T10:07:45.661711,34,699,0.0,53.699999999999996,0.9360689991955893,0.0,0.0,0.0,91,147,94,10,4.990100860595703,0.00025,20000
2026-03-17T10:07:46.328138,34,709,0.0,51.499999999999964,0.9360689991955893,0.0,0.0,0.0,69,176,94,2,5.684137344360352,0.00025,20000
2026-03-17T10:07:46.991628,34,719,-0.1,49.89999999999994,0.9360689991955893,0.0,0.0,0.0,53,176,94,9,4.546642303466797,0.00025,20000
2026-03-17T10:07:47.660151,34,729,-0.1,50.49999999999995,0.9360689991955893,0.0,0.0,0.0,59,176,94,2,7.048606872558594,0.00025,20000
2026-03-17T10:07:48.324238,34,739,0.0,51.599999999999966,0.9360689991955893,0.0,0.0,0.0,70,176,94,3,5.7010650634765625,0.00025,20000
2026-03-17T10:07:48.992945,34,749,0.0,51.19999999999996,0.9360689991955893,0.0,0.0,0.0,66,149,94,0,8.364439010620117,0.00025,20000
2026-03-17T10:07:49.656974,34,759,0.0,52.199999999999974,0.9360689991955893,0.0,0.0,0.0,76,160,94,7,7.137060165405273,0.00025,20000
2026-03-17T10:07:50.321878,34,769,0.0,74.0,0.9360689991955893,0.0,0.0,0.0,114,176,114,0,5.759239196777344,0.00025,20000
2026-03-17T10:07:50.986327,34,779,-0.1,79.30000000000004,0.9360689991955893,0.0,0.0,0.0,113,147,120,10,4.28009033203125,0.00025,20000
2026-03-17T10:07:51.654673,34,789,-0.1,76.2000000000002,0.9360689991955893,0.0,0.0,0.0,82,135,120,0,8.299827575683594,0.00025,20000
2026-03-17T10:07:52.336727,34,799,0.1,72.00000000000027,0.9360689991955893,0.0,0.0,0.0,40,129,120,5,6.597280502319336,0.00025,20000
2026-03-17T10:07:52.999443,34,809,0.0,72.40000000000025,0.9360689991955893,0.0,0.0,0.0,44,157,120,6,5.038738250732422,0.00025,20000
2026-03-17T10:07:53.666929,34,819,0.0,72.60000000000024,0.9360689991955893,0.0,0.0,0.0,46,148,120,4,6.466865539550781,0.00025,20000
2026-03-17T10:07:54.329079,34,829,0.0,73.50000000000018,0.9360689991955893,0.0,0.0,0.0,55,145,120,2,4.246234893798828,0.00025,20000
2026-03-17T10:07:54.997265,34,839,-0.1,73.2000000000002,0.9360689991955893,0.0,0.0,0.0,52,149,120,8,4.794597625732422,0.00025,20000
2026-03-17T10:07:55.661875,34,849,0.0,71.80000000000028,0.9360689991955893,0.0,0.0,0.0,38,160,120,11,4.518032073974609,0.00025,20000
2026-03-17T10:07:56.325301,34,859,-0.1,71.90000000000028,0.9360689991955893,0.0,0.0,0.0,39,160,120,4,3.6466121673583984,0.00025,20000
2026-03-17T10:07:56.992330,34,869,0.0,72.50000000000024,0.9360689991955893,0.0,0.0,0.0,45,160,120,7,4.008293151855469,0.00025,20000
2026-03-17T10:07:57.659765,34,879,0.1,74.30000000000015,0.9360689991955893,0.0,0.0,0.0,63,176,120,5,6.111621856689453,0.00025,20000
2026-03-17T10:07:58.324110,34,889,0.0,74.80000000000013,0.9360689991955893,0.0,0.0,0.0,68,176,120,10,6.299495697021484,0.00025,20000
2026-03-17T10:07:58.990531,34,899,0.0,71.80000000000021,0.9360689991955893,0.0,0.0,0.0,38,176,120,5,6.458044052124023,0.00025,20000
2026-03-17T10:07:59.652917,34,909,0.1,72.90000000000015,0.9360689991955893,0.0,0.0,0.0,49,147,120,8,3.576517105102539,0.00025,20000
2026-03-17T10:08:00.319227,34,919,0.0,74.90000000000003,0.9360689991955893,0.0,0.0,0.0,69,149,120,11,4.304170608520508,0.00025,20000
2026-03-17T10:08:00.986076,34,929,0.0,74.30000000000007,0.9360689991955893,0.0,0.0,0.0,63,145,120,9,6.142616271972656,0.00025,20000
2026-03-17T10:08:01.651418,34,939,-0.1,73.00000000000014,0.9360689991955893,0.0,0.0,0.0,50,128,120,3,5.13768196105957,0.00025,20000
2026-03-17T10:08:02.314980,34,949,0.1,72.30000000000018,0.9360689991955893,0.0,0.0,0.0,43,173,120,10,3.0498504638671875,0.00025,20000
2026-03-17T10:08:02.981635,34,959,0.0,72.50000000000017,0.9360689991955893,0.0,0.0,0.0,45,152,120,4,5.043983459472656,0.00025,20000
2026-03-17T10:08:03.648505,34,969,0.0,72.0000000000002,0.9360689991955893,0.0,0.0,0.0,40,176,120,8,5.537509918212891,0.00025,20000
2026-03-17T10:08:04.315288,34,979,0.0,72.30000000000018,0.9360689991955893,0.0,0.0,0.0,43,176,120,9,6.006002426147461,0.00025,20000
2026-03-17T10:08:04.981066,34,989,0.0,72.30000000000018,0.9360689991955893,0.0,0.0,0.0,43,149,120,3,6.748676300048828,0.00025,20000
2026-03-17T10:08:05.646712,34,999,0.0,72.1000000000002,0.9360689991955893,0.0,0.0,0.0,41,176,120,7,7.052898406982422,0.00025,20000
2026-03-17T10:08:06.311566,34,1009,0.0,72.20000000000019,0.9360689991955893,0.0,0.0,0.0,42,176,120,6,6.668329238891602,0.00025,20000
2026-03-17T10:08:06.973811,34,1019,0.0,72.20000000000019,0.9360689991955893,0.0,0.0,0.0,42,157,120,3,3.6394596099853516,0.00025,20000
2026-03-17T10:08:07.640981,34,1029,0.1,73.7000000000001,0.9360689991955893,0.0,0.0,0.0,57,135,120,1,5.135774612426758,0.00025,20000
2026-03-17T10:08:08.307353,34,1039,0.2,78.09999999999994,0.9360689991955893,0.0,0.0,0.0,101,149,120,6,5.205392837524414,0.00025,20000
2026-03-17T10:08:08.971439,34,1049,1.0,116.89999999999989,0.9360689991955893,0.0,0.0,0.0,157,137,157,4,4.166364669799805,0.00025,20000
2026-03-17T10:08:09.638481,34,1059,0.0,158.8999999999999,0.9360689991955893,0.0,0.0,0.0,199,145,199,1,4.786014556884766,0.00025,20000
2026-03-17T10:08:10.305495,34,1069,0.0,161.7999999999999,0.9360689991955893,0.0,0.0,0.0,201,173,202,10,6.524324417114258,0.00025,20000
2026-03-17T10:08:10.971614,34,1079,0.0,161.6999999999999,0.9360689991955893,0.0,0.0,0.0,200,168,202,0,8.14676284790039,0.00025,20000
2026-03-17T10:08:11.636842,34,1089,0.0,159.8,0.9360689991955893,0.0,0.0,0.0,181,176,202,9,7.006168365478516,0.00025,20000
2026-03-17T10:08:12.298551,34,1099,-0.1,158.0000000000001,0.9360689991955893,0.0,0.0,0.0,163,149,202,3,3.1130313873291016,0.00025,20000
2026-03-17T10:08:12.966513,34,1109,0.0,157.10000000000016,0.9360689991955893,0.0,0.0,0.0,154,135,202,5,6.014108657836914,0.00025,20000
2026-03-17T10:08:13.631772,34,1119,0.0,156.80000000000018,0.9360689991955893,0.0,0.0,0.0,151,176,202,7,5.472421646118164,0.00025,20000
2026-03-17T10:08:14.295831,34,1129,0.1,156.80000000000018,0.9360689991955893,0.0,0.0,0.0,151,176,202,1,4.84466552734375,0.00025,20000
2026-03-17T10:08:14.960949,34,1139,0.0,155.40000000000026,0.9360689991955893,0.0,0.0,0.0,137,128,202,9,3.818511962890625,0.00025,20000
2026-03-17T10:08:15.628054,34,1149,0.0,154.7000000000003,0.9360689991955893,0.0,0.0,0.0,130,157,202,9,4.546880722045898,0.00025,20000
2026-03-17T10:08:16.292692,34,1159,0.0,157.40000000000015,0.9360689991955893,0.0,0.0,0.0,157,145,202,5,4.45246696472168,0.00025,20000
2026-03-17T10:08:16.961856,34,1169,0.1,157.70000000000013,0.9360689991955893,0.0,0.0,0.0,160,173,202,8,8.15582275390625,0.00025,20000
2026-03-17T10:08:17.623048,34,1179,0.0,156.5000000000002,0.9360689991955893,0.0,0.0,0.0,148,176,202,8,3.156900405883789,0.00025,20000
2026-03-17T10:08:18.286868,34,1189,0.0,153.70000000000036,0.9360689991955893,0.0,0.0,0.0,120,176,202,5,2.3355484008789062,0.00025,20000
2026-03-17T10:08:18.953981,34,1199,-0.1,153.2000000000004,0.9360689991955893,0.0,0.0,0.0,115,176,202,11,2.907991409301758,0.00025,20000
2026-03-17T10:08:19.619815,34,1209,0.0,153.2000000000004,0.9360689991955893,0.0,0.0,0.0,115,176,202,4,3.9606094360351562,0.00025,20000
2026-03-17T10:08:20.287880,34,1219,0.1,152.8000000000004,0.9360689991955893,0.0,0.0,0.0,111,160,202,6,5.9299468994140625,0.00025,20000
2026-03-17T10:08:20.951910,34,1229,0.0,155.50000000000026,0.9360689991955893,0.0,0.0,0.0,138,176,202,7,4.216909408569336,0.00025,20000
2026-03-17T10:08:21.619229,34,1239,0.0,155.20000000000027,0.9360689991955893,0.0,0.0,0.0,135,157,202,7,5.702972412109375,0.00025,20000
2026-03-17T10:08:22.283487,34,1249,0.1,155.60000000000025,0.9360689991955893,0.0,0.0,0.0,139,168,202,2,4.593610763549805,0.00025,20000
2026-03-17T10:08:22.949255,34,1259,0.0,155.10000000000028,0.9360689991955893,0.0,0.0,0.0,134,176,202,10,5.358219146728516,0.00025,20000
2026-03-17T10:08:23.612362,34,1269,-0.1,152.10000000000045,0.9360689991955893,0.0,0.0,0.0,104,145,202,5,2.5768280029296875,0.00025,20000
2026-03-17T10:08:24.277357,34,1279,0.0,152.8000000000004,0.9360689991955893,0.0,0.0,0.0,111,176,202,11,2.837657928466797,0.00025,20000
2026-03-17T10:08:24.944513,34,1289,0.0,152.10000000000045,0.9360689991955893,0.0,0.0,0.0,104,168,202,0,3.3152103424072266,0.00025,20000
2026-03-17T10:08:25.610946,34,1299,0.1,153.80000000000035,0.9360689991955893,0.0,0.0,0.0,121,176,202,6,4.817962646484375,0.00025,20000
2026-03-17T10:08:26.277312,34,1309,0.1,157.90000000000012,0.9360689991955893,0.0,0.0,0.0,162,160,202,1,5.109548568725586,0.00025,20000
2026-03-17T10:08:26.942293,34,1319,-0.1,159.50000000000003,0.9360689991955893,0.0,0.0,0.0,178,145,202,9,4.531383514404297,0.00025,20000
2026-03-17T10:08:27.609034,34,1329,0.0,157.60000000000014,0.9360689991955893,0.0,0.0,0.0,159,157,202,11,6.734609603881836,0.00025,20000
2026-03-17T10:08:28.273435,34,1339,0.0,156.90000000000018,0.9360689991955893,0.0,0.0,0.0,152,173,202,3,4.16111946105957,0.00025,20000
2026-03-17T10:08:28.936594,34,1349,0.0,157.70000000000013,0.9360689991955893,0.0,0.0,0.0,160,176,202,6,2.867460250854492,0.00025,20000
2026-03-17T10:08:29.602566,34,1359,0.0,156.80000000000018,0.9360689991955893,0.0,0.0,0.0,151,176,202,9,3.365039825439453,0.00025,20000
2026-03-17T10:08:30.269397,34,1369,0.0,155.30000000000027,0.9360689991955893,0.0,0.0,0.0,136,160,202,3,3.541707992553711,0.00025,20000
2026-03-17T10:08:30.935277,34,1379,0.0,154.5000000000003,0.9360689991955893,0.0,0.0,0.0,128,176,202,5,4.993677139282227,0.00025,20000
2026-03-17T10:08:31.602699,34,1389,0.0,152.20000000000044,0.9360689991955893,0.0,0.0,0.0,105,147,202,7,6.533384323120117,0.00025,20000
2026-03-17T10:08:32.266616,34,1399,0.0,153.2000000000004,0.9360689991955893,0.0,0.0,0.0,115,160,202,9,5.581855773925781,0.00025,20000
2026-03-17T10:08:32.934838,34,1409,0.0,155.40000000000026,0.9360689991955893,0.0,0.0,0.0,137,147,202,11,7.422447204589844,0.00025,20000
2026-03-17T10:08:33.597183,34,1419,0.0,155.80000000000024,0.9360689991955893,0.0,0.0,0.0,141,138,202,4,4.663228988647461,0.00025,20000
2026-03-17T10:08:34.265413,34,1429,0.1,156.10000000000022,0.9360689991955893,0.0,0.0,0.0,144,128,202,2,6.170511245727539,0.00025,20000
2026-03-17T10:08:34.928708,34,1439,0.0,156.10000000000022,0.9360689991955893,0.0,0.0,0.0,144,145,202,10,5.205631256103516,0.00025,20000
2026-03-17T10:08:35.592333,34,1449,0.0,155.40000000000026,0.9360689991955893,0.0,0.0,0.0,137,152,202,3,2.497434616088867,0.00025,20000
2026-03-17T10:08:36.259945,34,1459,0.0,154.8000000000003,0.9360689991955893,0.0,0.0,0.0,131,160,202,6,4.956960678100586,0.00025,20000
2026-03-17T10:08:36.926830,34,1469,0.1,155.00000000000028,0.9360689991955893,0.0,0.0,0.0,133,136,202,11,5.979299545288086,0.00025,20000
2026-03-17T10:08:37.592596,34,1479,0.1,156.80000000000018,0.9360689991955893,0.0,0.0,0.0,151,147,202,4,7.1620941162109375,0.00025,20000
2026-03-17T10:08:38.257961,34,1489,0.0,160.0,0.9360689991955893,0.0,0.0,0.0,183,176,202,10,5.919694900512695,0.00025,20000
2026-03-17T10:08:38.923269,34,1499,0.0,159.00000000000006,0.9360689991955893,0.0,0.0,0.0,173,160,202,11,5.860805511474609,0.00025,20000
2026-03-17T10:08:39.586554,34,1509,0.0,159.50000000000003,0.9360689991955893,0.0,0.0,0.0,178,176,202,0,3.690004348754883,0.00025,20000
2026-03-17T10:08:40.253378,34,1519,0.0,158.60000000000008,0.9360689991955893,0.0,0.0,0.0,169,176,202,8,4.278659820556641,0.00025,20000
2026-03-17T10:08:40.916814,34,1529,-0.1,157.40000000000015,0.9360689991955893,0.0,0.0,0.0,157,176,202,0,3.371715545654297,0.00025,20000
2026-03-17T10:08:41.585094,34,1539,0.0,155.40000000000026,0.9360689991955893,0.0,0.0,0.0,137,176,202,5,5.235910415649414,0.00025,20000
2026-03-17T10:08:42.249366,34,1549,0.0,153.40000000000038,0.9360689991955893,0.0,0.0,0.0,117,173,202,6,4.452943801879883,0.00025,20000
2026-03-17T10:08:42.915302,34,1559,0.0,153.40000000000038,0.9360689991955893,0.0,0.0,0.0,117,176,202,11,3.920316696166992,0.00025,20000
2026-03-17T10:08:43.580339,34,1569,0.0,152.20000000000044,0.9360689991955893,0.0,0.0,0.0,105,147,202,3,3.9641857147216797,0.00025,20000
2026-03-17T10:08:44.246913,34,1579,0.0,152.40000000000043,0.9360689991955893,0.0,0.0,0.0,107,176,202,5,5.536556243896484,0.00025,20000
2026-03-17T10:08:44.914520,34,1589,0.0,152.60000000000042,0.9360689991955893,0.0,0.0,0.0,109,135,202,9,7.107734680175781,0.00025,20000
2026-03-17T10:08:45.576238,34,1599,0.0,152.10000000000045,0.9360689991955893,0.0,0.0,0.0,104,176,202,5,3.5593509674072266,0.00025,20000
2026-03-17T10:08:46.242117,34,1609,0.1,153.90000000000035,0.9360689991955893,0.0,0.0,0.0,122,176,202,7,3.41796875,0.00025,20000
2026-03-17T10:08:46.906057,34,1619,0.2,158.1000000000001,0.9360689991955893,0.0,0.0,0.0,164,148,202,9,2.8269290924072266,0.00025,20000
2026-03-17T10:08:47.572975,34,1629,1.0,173.8999999999999,0.9360689991955893,0.0,0.0,0.0,214,143,214,3,3.8030147552490234,0.00025,20000
2026-03-17T10:08:48.239777,34,1639,1.0,219.8999999999999,0.9360689991955893,0.0,0.0,0.0,260,161,260,7,3.9429664611816406,0.00025,20000
2026-03-17T10:08:48.905758,34,1649,0.0,265.79999999999984,0.9360689991955893,0.0,0.0,0.0,305,137,306,2,4.502534866333008,0.00025,20000
2026-03-17T10:08:49.572804,34,1659,-0.1,265.1999999999997,0.9360689991955893,0.0,0.0,0.0,299,148,306,6,6.711721420288086,0.00025,20000
2026-03-17T10:08:50.237739,34,1669,0.0,264.09999999999945,0.9360689991955893,0.0,0.0,0.0,288,173,306,2,6.53839111328125,0.00025,20000
2026-03-17T10:08:50.899976,34,1679,0.0,264.2999999999995,0.9360689991955893,0.0,0.0,0.0,290,176,306,11,3.1120777130126953,0.00025,20000
2026-03-17T10:08:51.565947,34,1689,0.0,264.09999999999945,0.9360689991955893,0.0,0.0,0.0,288,176,306,8,2.8328895568847656,0.00025,20000
2026-03-17T10:08:52.232071,34,1699,0.0,263.19999999999925,0.9360689991955893,0.0,0.0,0.0,279,128,306,6,3.1752586364746094,0.00025,20000
2026-03-17T10:08:52.898056,34,1709,0.0,262.5999999999991,0.9360689991955893,0.0,0.0,0.0,273,128,306,9,4.473209381103516,0.00025,20000
2026-03-17T10:08:53.563302,34,1719,0.0,264.09999999999945,0.9360689991955893,0.0,0.0,0.0,288,145,306,2,3.980398178100586,0.00025,20000
2026-03-17T10:08:54.228880,34,1729,0.0,264.09999999999945,0.9360689991955893,0.0,0.0,0.0,288,135,306,3,4.182338714599609,0.00025,20000
2026-03-17T10:08:54.896591,34,1739,-0.1,262.4999999999991,0.9360689991955893,0.0,0.0,0.0,272,135,306,7,6.165266036987305,0.00025,20000
2026-03-17T10:08:55.563848,34,1749,0.0,258.89999999999833,0.9360689991955893,0.0,0.0,0.0,236,173,306,9,6.237030029296875,0.00025,20000
2026-03-17T10:08:56.244883,34,1759,0.0,258.59999999999826,0.9360689991955893,0.0,0.0,0.0,233,176,306,3,7.140636444091797,0.00025,20000
2026-03-17T10:08:56.910710,34,1769,0.0,258.2999999999982,0.9360689991955893,0.0,0.0,0.0,230,160,306,2,7.1239471435546875,0.00025,20000
2026-03-17T10:08:57.573962,34,1779,0.0,256.0999999999977,0.9360689991955893,0.0,0.0,0.0,208,147,306,4,3.953695297241211,0.00025,20000
2026-03-17T10:08:58.238317,34,1789,0.0,256.39999999999776,0.9360689991955893,0.0,0.0,0.0,211,176,306,0,3.092527389526367,0.00025,20000
2026-03-17T10:08:58.904399,34,1799,0.0,257.19999999999794,0.9360689991955893,0.0,0.0,0.0,219,176,306,1,4.108667373657227,0.00025,20000
2026-03-17T10:08:59.571150,34,1809,0.1,257.59999999999803,0.9360689991955893,0.0,0.0,0.0,223,127,306,2,5.2318572998046875,0.00025,20000
2026-03-17T10:09:00.236611,34,1819,0.0,256.29999999999774,0.9360689991955893,0.0,0.0,0.0,210,147,306,4,5.312442779541016,0.00025,20000
2026-03-17T10:09:00.903399,34,1829,0.0,256.79999999999785,0.9360689991955893,0.0,0.0,0.0,215,176,306,8,6.721019744873047,0.00025,20000
2026-03-17T10:09:01.568797,34,1839,0.0,257.59999999999803,0.9360689991955893,0.0,0.0,0.0,223,168,306,1,6.421327590942383,0.00025,20000
2026-03-17T10:09:02.234851,34,1849,0.0,258.2999999999982,0.9360689991955893,0.0,0.0,0.0,230,160,306,7,6.302833557128906,0.00025,20000
2026-03-17T10:09:02.897183,34,1859,-0.1,257.69999999999806,0.9360689991955893,0.0,0.0,0.0,224,127,306,2,3.265380859375,0.00025,20000
2026-03-17T10:09:03.561669,34,1869,0.0,256.0999999999977,0.9360689991955893,0.0,0.0,0.0,208,128,306,3,2.899169921875,0.00025,20000
2026-03-17T10:09:04.228148,34,1879,0.0,256.4999999999978,0.9360689991955893,0.0,0.0,0.0,212,145,306,10,3.4706592559814453,0.00025,20000
2026-03-17T10:09:04.895231,34,1889,0.0,256.69999999999783,0.9360689991955893,0.0,0.0,0.0,214,147,306,1,3.5970211029052734,0.00025,20000
2026-03-17T10:09:05.559560,34,1899,0.0,256.69999999999783,0.9360689991955893,0.0,0.0,0.0,214,127,306,10,3.442525863647461,0.00025,20000
2026-03-17T10:09:06.246320,34,1909,0.0,256.29999999999774,0.9360689991955893,0.0,0.0,0.0,210,160,306,11,4.012346267700195,0.00025,20000
2026-03-17T10:09:06.909337,34,1919,0.0,256.0999999999977,0.9360689991955893,0.0,0.0,0.0,208,147,306,8,5.949974060058594,0.00025,20000
2026-03-17T10:09:07.576783,34,1929,0.0,256.4999999999978,0.9360689991955893,0.0,0.0,0.0,212,160,306,2,7.416963577270508,0.00025,20000
2026-03-17T10:09:08.241620,34,1939,0.0,256.69999999999783,0.9360689991955893,0.0,0.0,0.0,214,147,306,3,6.187677383422852,0.00025,20000
2026-03-17T10:09:08.902993,34,1949,0.0,256.4999999999978,0.9360689991955893,0.0,0.0,0.0,212,176,306,8,2.6917457580566406,0.00025,20000
2026-03-17T10:09:09.569939,34,1959,-0.1,256.39999999999776,0.9360689991955893,0.0,0.0,0.0,211,147,306,6,3.4334659576416016,0.00025,20000
2026-03-17T10:09:10.235560,34,1969,0.1,257.29999999999797,0.9360689991955893,0.0,0.0,0.0,220,176,306,8,4.249095916748047,0.00025,20000
2026-03-17T10:09:10.902859,34,1979,0.0,257.7999999999981,0.9360689991955893,0.0,0.0,0.0,225,140,306,9,6.012916564941406,0.00025,20000
2026-03-17T10:09:11.566507,34,1989,0.0,258.7999999999983,0.9360689991955893,0.0,0.0,0.0,235,149,306,4,3.254413604736328,0.00025,20000
2026-03-17T10:09:12.234422,34,1999,0.0,259.1999999999984,0.9360689991955893,0.0,0.0,0.0,239,160,306,4,5.667924880981445,0.00025,20000
2026-03-17T10:09:12.898636,34,2009,0.0,259.6999999999985,0.9360689991955893,0.0,0.0,0.0,244,147,306,6,4.515171051025391,0.00025,20000
2026-03-17T10:09:13.567151,34,2019,-0.1,257.8999999999981,0.9360689991955893,0.0,0.0,0.0,226,147,306,1,7.270097732543945,0.00025,20000
2026-03-17T10:09:14.232476,34,2029,0.1,257.69999999999806,0.9360689991955893,0.0,0.0,0.0,224,168,306,4,7.434844970703125,0.00025,20000
2026-03-17T10:09:14.896959,34,2039,0.0,257.69999999999806,0.9360689991955893,0.0,0.0,0.0,224,176,306,5,5.713224411010742,0.00025,20000
2026-03-17T10:09:15.560181,34,2049,0.0,256.0999999999977,0.9360689991955893,0.0,0.0,0.0,208,176,306,11,3.3431053161621094,0.00025,20000
2026-03-17T10:09:16.226639,34,2059,0.0,257.0999999999979,0.9360689991955893,0.0,0.0,0.0,218,157,306,10,4.718780517578125,0.00025,20000
2026-03-17T10:09:16.889727,34,2069,0.0,257.7999999999981,0.9360689991955893,0.0,0.0,0.0,225,173,306,5,3.0765533447265625,0.00025,20000
2026-03-17T10:09:17.558633,34,2079,-0.1,256.69999999999783,0.9360689991955893,0.0,0.0,0.0,214,138,306,9,5.469322204589844,0.00025,20000
2026-03-17T10:09:18.224381,34,2089,0.0,256.9999999999979,0.9360689991955893,0.0,0.0,0.0,217,147,306,5,6.102085113525391,0.00025,20000
2026-03-17T10:09:18.891283,34,2099,0.0,256.4999999999978,0.9360689991955893,0.0,0.0,0.0,212,168,306,7,7.9479217529296875,0.00025,20000
2026-03-17T10:09:19.556826,34,2109,0.0,258.49999999999824,0.9360689991955893,0.0,0.0,0.0,232,176,306,8,5.9909820556640625,0.00025,20000
2026-03-17T10:09:20.220594,34,2119,0.0,256.4999999999978,0.9360689991955893,0.0,0.0,0.0,212,160,306,3,5.910396575927734,0.00025,20000
2026-03-17T10:09:20.891060,34,2129,0.0,256.5999999999978,0.9360689991955893,0.0,0.0,0.0,213,160,306,9,9.431123733520508,0.00025,20000
2026-03-17T10:09:21.551630,34,2139,0.0,256.29999999999774,0.9360689991955893,0.0,0.0,0.0,210,160,306,7,4.890680313110352,0.00025,20000
2026-03-17T10:09:22.217160,34,2149,0.0,256.79999999999785,0.9360689991955893,0.0,0.0,0.0,215,176,306,1,5.188226699829102,0.00025,20000
2026-03-17T10:09:22.882440,34,2159,0.0,257.9999999999981,0.9360689991955893,0.0,0.0,0.0,227,176,306,7,5.005121231079102,0.00025,20000
2026-03-17T10:09:23.548965,34,2169,0.0,257.69999999999806,0.9360689991955893,0.0,0.0,0.0,224,160,306,10,4.977941513061523,0.00025,20000
2026-03-17T10:09:24.216565,34,2179,0.0,257.69999999999806,0.9360689991955893,0.0,0.0,0.0,224,160,306,7,7.453680038452148,0.00025,20000
2026-03-17T10:09:24.882564,34,2189,0.0,258.59999999999826,0.9360689991955893,0.0,0.0,0.0,233,147,306,3,7.8716278076171875,0.00025,20000
2026-03-17T10:09:26.071071,35,1,0.0,-0.1,0.9341968611971981,0.0,0.0,0.0,39,176,40,6,1.9047260284423828,0.00025,20000
2026-03-17T10:09:26.731520,35,11,0.0,0.0,0.9341968611971981,0.0,0.0,0.0,40,148,40,9,7.508754730224609,0.00025,20000
2026-03-17T10:09:27.391406,35,21,1.0,33.0,0.9341968611971981,0.0,0.0,0.0,73,173,73,2,3.8950443267822266,0.00025,20000
2026-03-17T10:09:28.057800,35,31,0.0,38.8,0.9341968611971981,0.0,0.0,0.0,77,173,79,10,4.984855651855469,0.00025,20000
2026-03-17T10:09:28.729294,35,41,0.0,38.49999999999999,0.9341968611971981,0.0,0.0,0.0,74,176,79,2,8.44430923461914,0.00025,20000
2026-03-17T10:09:29.391641,35,51,0.0,38.8,0.9341968611971981,0.0,0.0,0.0,77,163,79,5,4.286289215087891,0.00025,20000
2026-03-17T10:09:30.055153,35,61,0.0,38.9,0.9341968611971981,0.0,0.0,0.0,78,128,79,11,6.995201110839844,0.00025,20000
2026-03-17T10:09:30.724765,35,71,0.0,44.0,0.9341968611971981,0.0,0.0,0.0,84,147,84,4,4.638671875,0.00025,20000
2026-03-17T10:09:31.388753,35,81,0.0,53.0,0.9341968611971981,0.0,0.0,0.0,93,157,93,3,4.887104034423828,0.00025,20000
2026-03-17T10:09:32.048641,35,91,0.0,52.49999999999999,0.9341968611971981,0.0,0.0,0.0,88,176,93,10,3.963947296142578,0.00025,20000
2026-03-17T10:09:32.721972,35,101,0.0,52.49999999999999,0.9341968611971981,0.0,0.0,0.0,88,176,93,2,8.417129516601562,0.00025,20000
2026-03-17T10:09:33.382724,35,111,0.0,51.59999999999998,0.9341968611971981,0.0,0.0,0.0,79,160,93,4,3.652811050415039,0.00025,20000
2026-03-17T10:09:34.053372,35,121,0.1,52.599999999999994,0.9341968611971981,0.0,0.0,0.0,89,176,93,8,7.044553756713867,0.00025,20000
2026-03-17T10:09:34.717934,35,131,1.0,61.0,0.9341968611971981,0.0,0.0,0.0,101,145,101,4,6.199121475219727,0.00025,20000
2026-03-17T10:09:35.380759,35,141,1.0,99.0,0.9341968611971981,0.0,0.0,0.0,139,140,139,8,3.6194324493408203,0.00025,20000
2026-03-17T10:09:36.049045,35,151,1.0,110.0,0.9341968611971981,0.0,0.0,0.0,150,140,150,8,4.372358322143555,0.00025,20000
2026-03-17T10:09:36.711121,35,161,-0.1,112.90000000000006,0.9341968611971981,0.0,0.0,0.0,143,148,154,5,6.478071212768555,0.00025,20000
2026-03-17T10:09:37.372510,35,171,0.0,111.70000000000013,0.9341968611971981,0.0,0.0,0.0,131,148,154,6,3.3125877380371094,0.00025,20000
2026-03-17T10:09:38.038295,35,181,0.0,110.4000000000002,0.9341968611971981,0.0,0.0,0.0,118,176,154,8,3.551959991455078,0.00025,20000
2026-03-17T10:09:38.706823,35,191,-0.1,109.10000000000028,0.9341968611971981,0.0,0.0,0.0,105,147,154,3,6.148099899291992,0.00025,20000
2026-03-17T10:09:39.377490,35,201,-0.1,106.10000000000045,0.9341968611971981,0.0,0.0,0.0,75,143,154,6,4.516363143920898,0.00025,20000
2026-03-17T10:09:40.037296,35,211,0.0,106.00000000000045,0.9341968611971981,0.0,0.0,0.0,74,147,154,4,3.676176071166992,0.00025,20000
2026-03-17T10:09:40.705547,35,221,0.0,106.10000000000045,0.9341968611971981,0.0,0.0,0.0,75,173,154,2,5.206823348999023,0.00025,20000
2026-03-17T10:09:41.370741,35,231,0.0,105.90000000000046,0.9341968611971981,0.0,0.0,0.0,73,173,154,0,4.30607795715332,0.00025,20000
2026-03-17T10:09:42.036368,35,241,0.0,105.80000000000047,0.9341968611971981,0.0,0.0,0.0,72,176,154,7,7.935523986816406,0.00025,20000
2026-03-17T10:09:42.704076,35,251,0.0,106.20000000000044,0.9341968611971981,0.0,0.0,0.0,76,149,154,4,6.416559219360352,0.00025,20000
2026-03-17T10:09:43.369080,35,261,0.0,106.10000000000045,0.9341968611971981,0.0,0.0,0.0,75,176,154,9,6.666898727416992,0.00025,20000
2026-03-17T10:09:44.035254,35,271,0.1,108.50000000000031,0.9341968611971981,0.0,0.0,0.0,99,160,154,4,7.65538215637207,0.00025,20000
2026-03-17T10:09:44.702483,35,281,0.0,111.70000000000014,0.9341968611971981,0.0,0.0,0.0,131,147,154,9,6.8912506103515625,0.00025,20000
2026-03-17T10:09:45.365412,35,291,1.0,143.00000000000006,0.9341968611971981,0.0,0.0,0.0,183,160,183,10,4.580020904541016,0.00025,20000
2026-03-17T10:09:46.029038,35,301,1.0,177.00000000000006,0.9341968611971981,0.0,0.0,0.0,217,149,217,7,2.9497146606445312,0.00025,20000
2026-03-17T10:09:46.695819,35,311,0.0,193.80000000000007,0.9341968611971981,0.0,0.0,0.0,232,160,234,0,4.598379135131836,0.00025,20000
2026-03-17T10:09:47.376902,35,321,0.0,193.90000000000006,0.9341968611971981,0.0,0.0,0.0,233,138,234,8,6.899118423461914,0.00025,20000
2026-03-17T10:09:48.045151,35,331,0.0,193.3000000000001,0.9341968611971981,0.0,0.0,0.0,227,149,234,5,8.174657821655273,0.00025,20000
2026-03-17T10:09:48.710471,35,341,-0.1,192.80000000000013,0.9341968611971981,0.0,0.0,0.0,222,147,234,9,7.517099380493164,0.00025,20000
2026-03-17T10:09:49.375996,35,351,-0.1,189.9000000000003,0.9341968611971981,0.0,0.0,0.0,193,168,234,6,6.01959228515625,0.00025,20000
2026-03-17T10:09:50.034891,35,361,0.0,185.10000000000056,0.9341968611971981,0.0,0.0,0.0,145,176,234,8,3.270864486694336,0.00025,20000
2026-03-17T10:09:50.709105,35,371,0.0,187.40000000000043,0.9341968611971981,0.0,0.0,0.0,168,131,234,2,6.6013336181640625,0.00025,20000
2026-03-17T10:09:51.376102,35,381,0.1,188.50000000000037,0.9341968611971981,0.0,0.0,0.0,179,168,234,2,8.68844985961914,0.00025,20000
2026-03-17T10:09:52.037542,35,391,0.0,188.40000000000038,0.9341968611971981,0.0,0.0,0.0,178,176,234,0,5.40471076965332,0.00025,20000
2026-03-17T10:09:52.705584,35,401,0.0,188.80000000000035,0.9341968611971981,0.0,0.0,0.0,182,176,234,7,7.396221160888672,0.00025,20000
2026-03-17T10:09:53.369342,35,411,0.0,189.30000000000032,0.9341968611971981,0.0,0.0,0.0,187,176,234,8,6.150960922241211,0.00025,20000
2026-03-17T10:09:54.033329,35,421,0.0,189.30000000000032,0.9341968611971981,0.0,0.0,0.0,187,176,234,6,5.566596984863281,0.00025,20000
2026-03-17T10:09:54.702119,35,431,-0.1,188.40000000000038,0.9341968611971981,0.0,0.0,0.0,178,168,234,8,7.5435638427734375,0.00025,20000
2026-03-17T10:09:55.367302,35,441,-0.1,185.80000000000052,0.9341968611971981,0.0,0.0,0.0,152,112,234,4,4.715204238891602,0.00025,20000
2026-03-17T10:09:56.032730,35,451,0.0,185.20000000000056,0.9341968611971981,0.0,0.0,0.0,146,147,234,3,7.088422775268555,0.00025,20000
2026-03-17T10:09:56.694004,35,461,0.0,185.20000000000056,0.9341968611971981,0.0,0.0,0.0,146,173,234,10,3.735065460205078,0.00025,20000
2026-03-17T10:09:57.362922,35,471,0.0,185.60000000000053,0.9341968611971981,0.0,0.0,0.0,150,145,234,8,6.141424179077148,0.00025,20000
2026-03-17T10:09:58.027484,35,481,0.0,185.50000000000054,0.9341968611971981,0.0,0.0,0.0,149,173,234,0,4.659175872802734,0.00025,20000
2026-03-17T10:09:58.691179,35,491,0.0,185.60000000000053,0.9341968611971981,0.0,0.0,0.0,150,176,234,10,6.430387496948242,0.00025,20000
2026-03-17T10:09:59.358114,35,501,0.1,185.70000000000053,0.9341968611971981,0.0,0.0,0.0,151,176,234,9,8.157968521118164,0.00025,20000
2026-03-17T10:10:00.023848,35,511,-0.1,185.90000000000052,0.9341968611971981,0.0,0.0,0.0,153,128,234,3,7.966279983520508,0.00025,20000
2026-03-17T10:10:00.691293,35,521,0.0,185.30000000000055,0.9341968611971981,0.0,0.0,0.0,147,157,234,11,7.411479949951172,0.00025,20000
2026-03-17T10:10:01.351426,35,531,0.1,187.9000000000004,0.9341968611971981,0.0,0.0,0.0,173,165,234,4,4.314184188842773,0.00025,20000
2026-03-17T10:10:02.018550,35,541,0.0,191.90000000000018,0.9341968611971981,0.0,0.0,0.0,213,176,234,7,3.553152084350586,0.00025,20000
2026-03-17T10:10:02.685645,35,551,0.0,195.00000000000006,0.9341968611971981,0.0,0.0,0.0,235,165,235,6,3.4475326538085938,0.00025,20000
2026-03-17T10:10:03.347751,35,561,-0.1,196.4000000000001,0.9341968611971981,0.0,0.0,0.0,231,173,237,6,4.529237747192383,0.00025,20000
2026-03-17T10:10:04.016472,35,571,0.0,196.80000000000007,0.9341968611971981,0.0,0.0,0.0,235,176,237,7,5.420207977294922,0.00025,20000
2026-03-17T10:10:04.682060,35,581,0.0,208.00000000000006,0.9341968611971981,0.0,0.0,0.0,248,176,248,1,4.859685897827148,0.00025,20000
2026-03-17T10:10:05.347349,35,591,-0.1,205.7000000000002,0.9341968611971981,0.0,0.0,0.0,225,176,248,6,8.18943977355957,0.00025,20000
2026-03-17T10:10:06.015631,35,601,0.0,205.80000000000018,0.9341968611971981,0.0,0.0,0.0,226,173,248,11,7.339239120483398,0.00025,20000
2026-03-17T10:10:06.675131,35,611,-0.1,205.00000000000023,0.9341968611971981,0.0,0.0,0.0,218,147,248,6,4.622936248779297,0.00025,20000
2026-03-17T10:10:07.342157,35,621,0.0,202.50000000000037,0.9341968611971981,0.0,0.0,0.0,193,127,248,8,5.318880081176758,0.00025,20000
2026-03-17T10:10:08.014532,35,631,0.0,201.60000000000042,0.9341968611971981,0.0,0.0,0.0,184,147,248,0,7.335662841796875,0.00025,20000
2026-03-17T10:10:08.676844,35,641,0.0,200.0000000000005,0.9341968611971981,0.0,0.0,0.0,168,159,248,3,6.868124008178711,0.00025,20000
2026-03-17T10:10:09.339145,35,651,0.1,200.50000000000048,0.9341968611971981,0.0,0.0,0.0,173,173,248,8,6.009817123413086,0.00025,20000
2026-03-17T10:10:10.006000,35,661,0.0,200.0000000000005,0.9341968611971981,0.0,0.0,0.0,168,149,248,0,5.684137344360352,0.00025,20000
2026-03-17T10:10:10.671019,35,671,0.0,200.1000000000005,0.9341968611971981,0.0,0.0,0.0,169,127,248,11,6.7195892333984375,0.00025,20000
2026-03-17T10:10:11.339828,35,681,0.1,200.3000000000005,0.9341968611971981,0.0,0.0,0.0,171,127,248,4,7.080316543579102,0.00025,20000
2026-03-17T10:10:12.005347,35,691,0.1,203.20000000000033,0.9341968611971981,0.0,0.0,0.0,200,135,248,2,7.747888565063477,0.00025,20000
2026-03-17T10:10:12.663792,35,701,0.0,206.50000000000014,0.9341968611971981,0.0,0.0,0.0,233,176,248,2,3.429889678955078,0.00025,20000
2026-03-17T10:10:13.336919,35,711,0.0,205.90000000000018,0.9341968611971981,0.0,0.0,0.0,227,176,248,6,7.504701614379883,0.00025,20000
2026-03-17T10:10:14.001489,35,721,0.0,204.90000000000023,0.9341968611971981,0.0,0.0,0.0,217,147,248,3,4.543066024780273,0.00025,20000
2026-03-17T10:10:14.663370,35,731,0.0,204.40000000000026,0.9341968611971981,0.0,0.0,0.0,212,176,248,2,4.732608795166016,0.00025,20000
2026-03-17T10:10:15.331898,35,741,0.0,201.50000000000043,0.9341968611971981,0.0,0.0,0.0,183,176,248,11,5.672931671142578,0.00025,20000
2026-03-17T10:10:15.996446,35,751,0.0,200.0000000000005,0.9341968611971981,0.0,0.0,0.0,168,176,248,0,6.959676742553711,0.00025,20000
2026-03-17T10:10:16.662862,35,761,0.1,200.3000000000005,0.9341968611971981,0.0,0.0,0.0,171,160,248,3,6.581783294677734,0.00025,20000
2026-03-17T10:10:17.329013,35,771,0.0,200.50000000000048,0.9341968611971981,0.0,0.0,0.0,173,176,248,10,6.335020065307617,0.00025,20000
2026-03-17T10:10:17.995242,35,781,0.0,200.1000000000005,0.9341968611971981,0.0,0.0,0.0,169,147,248,7,8.316755294799805,0.00025,20000
2026-03-17T10:10:18.661376,35,791,0.0,201.50000000000043,0.9341968611971981,0.0,0.0,0.0,183,147,248,4,6.939411163330078,0.00025,20000
2026-03-17T10:10:19.329422,35,801,0.1,203.40000000000032,0.9341968611971981,0.0,0.0,0.0,202,136,248,7,7.490873336791992,0.00025,20000
2026-03-17T10:10:19.989885,35,811,0.0,204.90000000000023,0.9341968611971981,0.0,0.0,0.0,217,127,248,8,4.453182220458984,0.00025,20000
2026-03-17T10:10:20.657290,35,821,-0.1,203.5000000000003,0.9341968611971981,0.0,0.0,0.0,203,147,248,1,4.58073616027832,0.00025,20000
2026-03-17T10:10:21.321018,35,831,0.0,202.60000000000036,0.9341968611971981,0.0,0.0,0.0,194,157,248,11,7.332086563110352,0.00025,20000
2026-03-17T10:10:21.985593,35,841,0.1,203.20000000000033,0.9341968611971981,0.0,0.0,0.0,200,157,248,8,2.3813247680664062,0.00025,20000
2026-03-17T10:10:22.652917,35,851,0.1,205.3000000000002,0.9341968611971981,0.0,0.0,0.0,221,176,248,1,6.797075271606445,0.00025,20000
2026-03-17T10:10:23.321073,35,861,0.0,207.2000000000001,0.9341968611971981,0.0,0.0,0.0,240,176,248,3,6.913423538208008,0.00025,20000
2026-03-17T10:10:23.979327,35,871,-0.1,205.10000000000022,0.9341968611971981,0.0,0.0,0.0,219,149,248,1,3.6597251892089844,0.00025,20000
2026-03-17T10:10:24.646554,35,881,-0.2,200.2000000000005,0.9341968611971981,0.0,0.0,0.0,170,147,248,10,3.7374496459960938,0.00025,20000
2026-03-17T10:10:25.318240,35,891,0.1,200.80000000000047,0.9341968611971981,0.0,0.0,0.0,176,147,248,10,7.739782333374023,0.00025,20000
2026-03-17T10:10:25.979315,35,901,0.0,200.70000000000047,0.9341968611971981,0.0,0.0,0.0,175,138,248,2,3.452301025390625,0.00025,20000
2026-03-17T10:10:26.643735,35,911,0.1,200.60000000000048,0.9341968611971981,0.0,0.0,0.0,174,157,248,10,3.932476043701172,0.00025,20000
2026-03-17T10:10:27.311106,35,921,0.0,200.2000000000005,0.9341968611971981,0.0,0.0,0.0,170,176,248,6,7.544040679931641,0.00025,20000
2026-03-17T10:10:27.977446,35,931,0.0,200.0000000000005,0.9341968611971981,0.0,0.0,0.0,168,160,248,2,6.609916687011719,0.00025,20000
2026-03-17T10:10:28.643480,35,941,0.1,202.2000000000004,0.9341968611971981,0.0,0.0,0.0,190,135,248,10,6.155967712402344,0.00025,20000
2026-03-17T10:10:29.305745,35,951,0.2,206.40000000000015,0.9341968611971981,0.0,0.0,0.0,232,160,248,9,4.345893859863281,0.00025,20000
2026-03-17T10:10:29.976328,35,961,0.0,207.1000000000001,0.9341968611971981,0.0,0.0,0.0,239,176,248,10,7.024526596069336,0.00025,20000
2026-03-17T10:10:30.640403,35,971,0.0,206.80000000000013,0.9341968611971981,0.0,0.0,0.0,236,135,248,8,5.193233489990234,0.00025,20000
2026-03-17T10:10:31.302788,35,981,0.0,206.80000000000013,0.9341968611971981,0.0,0.0,0.0,236,173,248,9,6.772279739379883,0.00025,20000
2026-03-17T10:10:31.968629,35,991,0.0,207.2000000000001,0.9341968611971981,0.0,0.0,0.0,240,176,248,10,4.927873611450195,0.00025,20000
2026-03-17T10:10:32.635356,35,1001,0.0,207.3000000000001,0.9341968611971981,0.0,0.0,0.0,241,147,248,2,7.182836532592773,0.00025,20000
2026-03-17T10:10:33.301345,35,1011,0.0,207.60000000000008,0.9341968611971981,0.0,0.0,0.0,244,149,248,9,7.7972412109375,0.00025,20000
2026-03-17T10:10:33.962159,35,1021,-0.1,207.0000000000001,0.9341968611971981,0.0,0.0,0.0,238,135,248,0,4.1027069091796875,0.00025,20000
2026-03-17T10:10:34.634813,35,1031,0.0,207.1000000000001,0.9341968611971981,0.0,0.0,0.0,239,135,248,0,7.509469985961914,0.00025,20000
2026-03-17T10:10:35.294076,35,1041,0.0,207.1000000000001,0.9341968611971981,0.0,0.0,0.0,239,168,248,5,5.047798156738281,0.00025,20000
2026-03-17T10:10:35.967540,35,1051,0.0,206.60000000000014,0.9341968611971981,0.0,0.0,0.0,234,173,248,1,6.940364837646484,0.00025,20000
2026-03-17T10:10:36.632407,35,1061,-0.1,205.90000000000018,0.9341968611971981,0.0,0.0,0.0,227,149,248,7,7.5550079345703125,0.00025,20000
2026-03-17T10:10:37.295634,35,1071,0.0,206.10000000000016,0.9341968611971981,0.0,0.0,0.0,229,176,248,1,5.130529403686523,0.00025,20000
2026-03-17T10:10:37.961216,35,1081,-0.1,204.60000000000025,0.9341968611971981,0.0,0.0,0.0,214,176,248,4,6.647348403930664,0.00025,20000
2026-03-17T10:10:38.624154,35,1091,-0.1,200.0000000000005,0.9341968611971981,0.0,0.0,0.0,168,176,248,4,5.684375762939453,0.00025,20000
2026-03-17T10:10:39.290613,35,1101,0.0,201.30000000000044,0.9341968611971981,0.0,0.0,0.0,181,173,248,1,6.235361099243164,0.00025,20000
2026-03-17T10:10:39.951605,35,1111,0.0,203.30000000000032,0.9341968611971981,0.0,0.0,0.0,201,165,248,7,2.0990371704101562,0.00025,20000
2026-03-17T10:10:40.636302,35,1121,0.0,204.80000000000024,0.9341968611971981,0.0,0.0,0.0,216,160,248,11,2.7742385864257812,0.00025,20000
2026-03-17T10:10:41.300583,35,1131,0.0,204.40000000000026,0.9341968611971981,0.0,0.0,0.0,212,145,248,11,3.3330917358398438,0.00025,20000
2026-03-17T10:10:41.967430,35,1141,0.0,203.30000000000032,0.9341968611971981,0.0,0.0,0.0,201,140,248,10,2.892732620239258,0.00025,20000
2026-03-17T10:10:42.634916,35,1151,-0.1,200.3000000000005,0.9341968611971981,0.0,0.0,0.0,171,176,248,5,4.038572311401367,0.00025,20000
2026-03-17T10:10:43.299700,35,1161,0.0,200.0000000000005,0.9341968611971981,0.0,0.0,0.0,168,128,248,11,4.4078826904296875,0.00025,20000
2026-03-17T10:10:43.962941,35,1171,0.0,200.50000000000048,0.9341968611971981,0.0,0.0,0.0,173,157,248,1,4.185914993286133,0.00025,20000
2026-03-17T10:10:44.630829,35,1181,0.0,200.2000000000005,0.9341968611971981,0.0,0.0,0.0,170,176,248,4,6.336212158203125,0.00025,20000
2026-03-17T10:10:45.299411,35,1191,0.0,201.70000000000041,0.9341968611971981,0.0,0.0,0.0,185,176,248,8,6.0520172119140625,0.00025,20000
2026-03-17T10:10:45.961924,35,1201,0.1,203.8000000000003,0.9341968611971981,0.0,0.0,0.0,206,176,248,11,4.95600700378418,0.00025,20000
2026-03-17T10:10:46.625093,35,1211,0.0,204.30000000000027,0.9341968611971981,0.0,0.0,0.0,211,176,248,6,3.482341766357422,0.00025,20000
2026-03-17T10:10:47.293598,35,1221,0.0,205.3000000000002,0.9341968611971981,0.0,0.0,0.0,221,147,248,11,3.9474964141845703,0.00025,20000
2026-03-17T10:10:47.958727,35,1231,0.0,206.70000000000013,0.9341968611971981,0.0,0.0,0.0,235,147,248,11,2.7599334716796875,0.00025,20000
2026-03-17T10:10:48.623852,35,1241,-0.1,206.70000000000013,0.9341968611971981,0.0,0.0,0.0,235,147,248,5,3.8847923278808594,0.00025,20000
2026-03-17T10:10:49.289281,35,1251,0.0,203.5000000000003,0.9341968611971981,0.0,0.0,0.0,203,168,248,1,1.734018325805664,0.00025,20000
2026-03-17T10:10:49.955986,35,1261,0.1,203.9000000000003,0.9341968611971981,0.0,0.0,0.0,207,160,248,0,5.620002746582031,0.00025,20000
2026-03-17T10:10:50.617775,35,1271,0.0,204.60000000000025,0.9341968611971981,0.0,0.0,0.0,214,176,248,10,3.512859344482422,0.00025,20000
2026-03-17T10:10:51.284232,35,1281,0.0,205.7000000000002,0.9341968611971981,0.0,0.0,0.0,225,149,248,8,3.5581588745117188,0.00025,20000
2026-03-17T10:10:51.950543,35,1291,0.0,206.70000000000013,0.9341968611971981,0.0,0.0,0.0,235,138,248,2,3.3659934997558594,0.00025,20000
2026-03-17T10:10:52.615678,35,1301,0.1,206.90000000000012,0.9341968611971981,0.0,0.0,0.0,237,147,248,5,3.391265869140625,0.00025,20000
2026-03-17T10:10:53.282547,35,1311,0.0,206.10000000000016,0.9341968611971981,0.0,0.0,0.0,229,135,248,7,3.2501220703125,0.00025,20000
2026-03-17T10:10:53.947221,35,1321,0.0,206.90000000000012,0.9341968611971981,0.0,0.0,0.0,237,145,248,11,3.5161972045898438,0.00025,20000
2026-03-17T10:10:54.612743,35,1331,-0.1,203.6000000000003,0.9341968611971981,0.0,0.0,0.0,204,147,248,2,4.548072814941406,0.00025,20000
2026-03-17T10:10:55.280285,35,1341,0.0,200.0000000000005,0.9341968611971981,0.0,0.0,0.0,168,176,248,3,7.80797004699707,0.00025,20000
2026-03-17T10:10:55.945784,35,1351,0.0,200.2000000000005,0.9341968611971981,0.0,0.0,0.0,170,145,248,7,6.274223327636719,0.00025,20000
2026-03-17T10:10:56.612452,35,1361,-0.1,200.50000000000048,0.9341968611971981,0.0,0.0,0.0,173,173,248,1,6.8302154541015625,0.00025,20000
2026-03-17T10:10:57.278313,35,1371,0.0,201.60000000000042,0.9341968611971981,0.0,0.0,0.0,184,147,248,0,7.173776626586914,0.00025,20000
2026-03-17T10:10:57.940805,35,1381,-0.1,201.40000000000043,0.9341968611971981,0.0,0.0,0.0,182,173,248,4,3.2694339752197266,0.00025,20000
2026-03-17T10:10:58.604973,35,1391,0.0,201.70000000000041,0.9341968611971981,0.0,0.0,0.0,185,160,248,1,3.499269485473633,0.00025,20000
2026-03-17T10:10:59.271587,35,1401,0.1,201.60000000000042,0.9341968611971981,0.0,0.0,0.0,184,136,248,10,3.9687156677246094,0.00025,20000
2026-03-17T10:10:59.937847,35,1411,0.0,202.80000000000035,0.9341968611971981,0.0,0.0,0.0,196,176,248,8,4.40216064453125,0.00025,20000
2026-03-17T10:11:00.605654,35,1421,0.0,202.0000000000004,0.9341968611971981,0.0,0.0,0.0,188,148,248,11,3.549814224243164,0.00025,20000
2026-03-17T10:11:01.269302,35,1431,0.0,202.50000000000037,0.9341968611971981,0.0,0.0,0.0,193,176,248,2,4.974603652954102,0.00025,20000
2026-03-17T10:11:01.937631,35,1441,0.0,200.50000000000048,0.9341968611971981,0.0,0.0,0.0,173,176,248,3,7.395029067993164,0.00025,20000
2026-03-17T10:11:02.604904,35,1451,0.0,200.4000000000005,0.9341968611971981,0.0,0.0,0.0,172,147,248,7,7.57145881652832,0.00025,20000
2026-03-17T10:11:03.264227,35,1461,0.0,200.3000000000005,0.9341968611971981,0.0,0.0,0.0,171,136,248,0,4.051446914672852,0.00025,20000
2026-03-17T10:11:03.933599,35,1471,0.0,200.4000000000005,0.9341968611971981,0.0,0.0,0.0,172,176,248,2,5.869388580322266,0.00025,20000
2026-03-17T10:11:04.595685,35,1481,0.1,200.3000000000005,0.9341968611971981,0.0,0.0,0.0,171,173,248,6,3.1800270080566406,0.00025,20000
2026-03-17T10:11:05.261872,35,1491,0.0,200.0000000000005,0.9341968611971981,0.0,0.0,0.0,168,173,248,0,3.950834274291992,0.00025,20000
2026-03-17T10:11:05.927368,35,1501,0.0,200.90000000000046,0.9341968611971981,0.0,0.0,0.0,177,160,248,8,3.6020278930664062,0.00025,20000
2026-03-17T10:11:06.592833,35,1511,0.0,201.9000000000004,0.9341968611971981,0.0,0.0,0.0,187,160,248,9,3.02886962890625,0.00025,20000
2026-03-17T10:11:07.260260,35,1521,0.0,202.80000000000035,0.9341968611971981,0.0,0.0,0.0,196,136,248,6,6.752967834472656,0.00025,20000
2026-03-17T10:11:07.927195,35,1531,0.0,202.70000000000036,0.9341968611971981,0.0,0.0,0.0,195,176,248,9,7.025241851806641,0.00025,20000
2026-03-17T10:11:08.588022,35,1541,-0.1,201.20000000000044,0.9341968611971981,0.0,0.0,0.0,180,138,248,4,3.101348876953125,0.00025,20000
2026-03-17T10:11:09.254122,35,1551,0.0,200.1000000000005,0.9341968611971981,0.0,0.0,0.0,169,160,248,8,3.361940383911133,0.00025,20000
2026-03-17T10:11:09.921961,35,1561,0.1,202.60000000000036,0.9341968611971981,0.0,0.0,0.0,194,149,248,3,3.5610198974609375,0.00025,20000
2026-03-17T10:11:10.585597,35,1571,0.1,207.3000000000001,0.9341968611971981,0.0,0.0,0.0,241,147,248,5,3.342866897583008,0.00025,20000
2026-03-17T10:11:11.252512,35,1581,0.0,206.60000000000014,0.9341968611971981,0.0,0.0,0.0,234,176,248,8,6.065130233764648,0.00025,20000
2026-03-17T10:11:11.921697,35,1591,0.0,205.7000000000002,0.9341968611971981,0.0,0.0,0.0,225,176,248,9,5.56182861328125,0.00025,20000
2026-03-17T10:11:12.586132,35,1601,0.0,207.70000000000007,0.9341968611971981,0.0,0.0,0.0,245,176,248,7,4.155158996582031,0.00025,20000
2026-03-17T10:11:13.251400,35,1611,0.0,215.00000000000006,0.9341968611971981,0.0,0.0,0.0,255,145,255,6,7.763385772705078,0.00025,20000
2026-03-17T10:11:13.917869,35,1621,0.0,214.4000000000001,0.9341968611971981,0.0,0.0,0.0,249,176,255,1,7.592201232910156,0.00025,20000
2026-03-17T10:11:14.579084,35,1631,1.0,218.00000000000006,0.9341968611971981,0.0,0.0,0.0,258,157,258,1,4.695653915405273,0.00025,20000
2026-03-17T10:11:15.245540,35,1641,0.0,221.60000000000008,0.9341968611971981,0.0,0.0,0.0,258,160,262,7,4.455804824829102,0.00025,20000
2026-03-17T10:11:15.913296,35,1651,0.0,221.90000000000006,0.9341968611971981,0.0,0.0,0.0,261,145,262,3,5.120754241943359,0.00025,20000
2026-03-17T10:11:16.584372,35,1661,0.0,223.80000000000007,0.9341968611971981,0.0,0.0,0.0,262,145,264,6,8.361101150512695,0.00025,20000
2026-03-17T10:11:17.243324,35,1671,0.0,226.00000000000006,0.9341968611971981,0.0,0.0,0.0,266,147,266,7,6.226539611816406,0.00025,20000
2026-03-17T10:11:17.910989,35,1681,0.0,228.0000000000001,0.9341968611971981,0.0,0.0,0.0,259,176,269,0,4.771947860717773,0.00025,20000
2026-03-17T10:11:18.576026,35,1691,0.0,228.60000000000008,0.9341968611971981,0.0,0.0,0.0,265,176,269,11,6.1779022216796875,0.00025,20000
2026-03-17T10:11:19.242905,35,1701,0.1,227.60000000000014,0.9341968611971981,0.0,0.0,0.0,255,176,269,7,7.913827896118164,0.00025,20000
2026-03-17T10:11:19.901982,35,1711,0.0,228.80000000000007,0.9341968611971981,0.0,0.0,0.0,267,160,269,0,3.7500858306884766,0.00025,20000
2026-03-17T10:11:20.569731,35,1721,-0.1,228.80000000000007,0.9341968611971981,0.0,0.0,0.0,267,160,269,5,4.808902740478516,0.00025,20000
2026-03-17T10:11:21.242056,35,1731,0.0,227.40000000000015,0.9341968611971981,0.0,0.0,0.0,253,176,269,11,8.683443069458008,0.00025,20000
2026-03-17T10:11:21.901272,35,1741,-0.1,226.5000000000002,0.9341968611971981,0.0,0.0,0.0,244,138,269,10,4.5032501220703125,0.00025,20000
2026-03-17T10:11:22.575173,35,1751,0.0,225.30000000000027,0.9341968611971981,0.0,0.0,0.0,232,135,269,0,10.00666618347168,0.00025,20000
2026-03-17T10:11:23.250154,35,1761,0.0,225.00000000000028,0.9341968611971981,0.0,0.0,0.0,229,176,269,0,5.005121231079102,0.00025,20000
2026-03-17T10:11:23.915684,35,1771,-0.1,223.70000000000036,0.9341968611971981,0.0,0.0,0.0,216,146,269,3,7.27081298828125,0.00025,20000
2026-03-17T10:11:24.584780,35,1781,0.0,221.1000000000005,0.9341968611971981,0.0,0.0,0.0,190,160,269,5,5.490303039550781,0.00025,20000
2026-03-17T10:11:25.250367,35,1791,0.0,221.0000000000005,0.9341968611971981,0.0,0.0,0.0,189,176,269,4,6.289482116699219,0.00025,20000
2026-03-17T10:11:25.908444,35,1801,0.0,221.0000000000005,0.9341968611971981,0.0,0.0,0.0,189,176,269,8,3.5202503204345703,0.00025,20000
2026-03-17T10:11:26.581741,35,1811,0.0,221.0000000000005,0.9341968611971981,0.0,0.0,0.0,189,176,269,7,7.3070526123046875,0.00025,20000
2026-03-17T10:11:27.241847,35,1821,0.0,221.50000000000048,0.9341968611971981,0.0,0.0,0.0,194,152,269,1,4.420042037963867,0.00025,20000
2026-03-17T10:11:27.909836,35,1831,-0.1,221.50000000000048,0.9341968611971981,0.0,0.0,0.0,194,135,269,9,3.353118896484375,0.00025,20000
2026-03-17T10:11:28.574559,35,1841,0.0,221.3000000000005,0.9341968611971981,0.0,0.0,0.0,192,147,269,10,3.5898685455322266,0.00025,20000
2026-03-17T10:11:29.240812,35,1851,0.0,221.0000000000005,0.9341968611971981,0.0,0.0,0.0,189,149,269,3,7.633447647094727,0.00025,20000
2026-03-17T10:11:29.903169,35,1861,0.0,221.0000000000005,0.9341968611971981,0.0,0.0,0.0,189,176,269,4,4.810094833374023,0.00025,20000
2026-03-17T10:11:30.572673,35,1871,0.1,222.40000000000043,0.9341968611971981,0.0,0.0,0.0,203,176,269,10,4.856348037719727,0.00025,20000
2026-03-17T10:11:31.239088,35,1881,0.1,226.00000000000023,0.9341968611971981,0.0,0.0,0.0,239,176,269,11,6.21342658996582,0.00025,20000
2026-03-17T10:11:31.899888,35,1891,1.0,230.00000000000006,0.9341968611971981,0.0,0.0,0.0,270,149,270,8,3.943204879760742,0.00025,20000
2026-03-17T10:11:32.567234,35,1901,1.0,241.00000000000006,0.9341968611971981,0.0,0.0,0.0,281,145,281,9,4.475831985473633,0.00025,20000
2026-03-17T10:11:33.238076,35,1911,1.0,267.00000000000006,0.9341968611971981,0.0,0.0,0.0,307,173,307,1,8.057594299316406,0.00025,20000
2026-03-17T10:11:33.898069,35,1921,1.0,290.00000000000006,0.9341968611971981,0.0,0.0,0.0,330,160,330,0,6.676912307739258,0.00025,20000
2026-03-17T10:11:34.566872,35,1931,0.0,301.8,0.9341968611971981,0.0,0.0,0.0,340,147,342,5,3.880023956298828,0.00025,20000
2026-03-17T10:11:35.231234,35,1941,0.0,300.69999999999976,0.9341968611971981,0.0,0.0,0.0,329,176,342,2,5.3348541259765625,0.00025,20000
2026-03-17T10:11:35.894628,35,1951,0.0,300.29999999999967,0.9341968611971981,0.0,0.0,0.0,325,176,342,2,5.542278289794922,0.00025,20000
2026-03-17T10:11:36.564062,35,1961,0.0,299.29999999999944,0.9341968611971981,0.0,0.0,0.0,315,176,342,10,7.326841354370117,0.00025,20000
2026-03-17T10:11:37.223714,35,1971,-0.1,298.89999999999935,0.9341968611971981,0.0,0.0,0.0,311,160,342,11,3.508329391479492,0.00025,20000
2026-03-17T10:11:37.889112,35,1981,0.1,297.6999999999991,0.9341968611971981,0.0,0.0,0.0,299,147,342,11,3.428220748901367,0.00025,20000
2026-03-17T10:11:38.556643,35,1991,-0.1,297.6999999999991,0.9341968611971981,0.0,0.0,0.0,299,176,342,2,3.473520278930664,0.00025,20000
2026-03-17T10:11:39.223229,35,2001,0.0,293.99999999999835,0.9341968611971981,0.0,0.0,0.0,262,168,342,9,4.93931770324707,0.00025,20000
2026-03-17T10:11:39.888645,35,2011,0.1,294.79999999999853,0.9341968611971981,0.0,0.0,0.0,270,145,342,1,5.436897277832031,0.00025,20000
2026-03-17T10:11:40.558943,35,2021,0.0,295.0999999999986,0.9341968611971981,0.0,0.0,0.0,273,157,342,10,8.64410400390625,0.00025,20000
2026-03-17T10:11:41.222155,35,2031,0.0,294.5999999999985,0.9341968611971981,0.0,0.0,0.0,268,176,342,5,6.265163421630859,0.00025,20000
2026-03-17T10:11:41.888919,35,2041,0.0,294.39999999999844,0.9341968611971981,0.0,0.0,0.0,266,149,342,1,4.563093185424805,0.00025,20000
2026-03-17T10:11:42.555778,35,2051,0.0,295.39999999999867,0.9341968611971981,0.0,0.0,0.0,276,160,342,1,6.565570831298828,0.00025,20000
2026-03-17T10:11:43.216981,35,2061,0.1,297.2999999999991,0.9341968611971981,0.0,0.0,0.0,295,147,342,7,5.224704742431641,0.00025,20000
2026-03-17T10:11:43.886441,35,2071,0.0,298.39999999999935,0.9341968611971981,0.0,0.0,0.0,306,160,342,3,7.359027862548828,0.00025,20000
2026-03-17T10:11:44.565116,35,2081,0.0,297.09999999999906,0.9341968611971981,0.0,0.0,0.0,293,160,342,6,3.909587860107422,0.00025,20000
2026-03-17T10:11:45.228824,35,2091,0.0,296.799999999999,0.9341968611971981,0.0,0.0,0.0,290,135,342,7,6.166934967041016,0.00025,20000
2026-03-17T10:11:45.895943,35,2101,0.0,296.3999999999989,0.9341968611971981,0.0,0.0,0.0,286,173,342,10,4.009008407592773,0.00025,20000
2026-03-17T10:11:46.562770,35,2111,-0.1,294.2999999999984,0.9341968611971981,0.0,0.0,0.0,265,147,342,4,4.096508026123047,0.00025,20000
2026-03-17T10:11:47.227597,35,2121,0.0,294.0999999999984,0.9341968611971981,0.0,0.0,0.0,263,147,342,5,7.542848587036133,0.00025,20000
2026-03-17T10:11:47.894835,35,2131,0.0,294.39999999999844,0.9341968611971981,0.0,0.0,0.0,266,173,342,0,6.555795669555664,0.00025,20000
2026-03-17T10:11:48.560245,35,2141,-0.1,294.5999999999985,0.9341968611971981,0.0,0.0,0.0,268,160,342,11,6.042242050170898,0.00025,20000
2026-03-17T10:11:49.223236,35,2151,0.0,294.5999999999985,0.9341968611971981,0.0,0.0,0.0,268,147,342,2,4.4612884521484375,0.00025,20000
2026-03-17T10:11:49.889505,35,2161,0.0,295.0999999999986,0.9341968611971981,0.0,0.0,0.0,273,176,342,4,4.26173210144043,0.00025,20000
2026-03-17T10:11:50.561201,35,2171,0.0,295.4999999999987,0.9341968611971981,0.0,0.0,0.0,277,176,342,3,8.547306060791016,0.00025,20000
2026-03-17T10:11:51.219805,35,2181,0.1,296.19999999999885,0.9341968611971981,0.0,0.0,0.0,284,176,342,5,3.099203109741211,0.00025,20000
2026-03-17T10:11:51.885466,35,2191,0.1,300.49999999999955,0.9341968611971981,0.0,0.0,0.0,327,160,342,0,5.897998809814453,0.00025,20000
2026-03-17T10:11:52.552219,35,2201,1.0,342.9999999999996,0.9341968611971981,0.0,0.0,0.0,383,141,383,0,7.760286331176758,0.00025,20000
2026-03-17T10:11:53.219205,35,2211,0.0,394.8999999999996,0.9341968611971981,0.0,0.0,0.0,434,176,435,2,5.8498382568359375,0.00025,20000
2026-03-17T10:11:53.885559,35,2221,0.0,393.39999999999924,0.9341968611971981,0.0,0.0,0.0,419,176,435,3,7.217645645141602,0.00025,20000
2026-03-17T10:11:54.545758,35,2231,0.0,392.399999999999,0.9341968611971981,0.0,0.0,0.0,409,148,435,1,4.995107650756836,0.00025,20000
2026-03-17T10:11:55.227111,35,2241,0.0,391.9999999999989,0.9341968611971981,0.0,0.0,0.0,405,176,435,4,3.8602352142333984,0.00025,20000
2026-03-17T10:11:55.898429,35,2251,-0.1,391.3999999999988,0.9341968611971981,0.0,0.0,0.0,399,176,435,5,5.934715270996094,0.00025,20000
2026-03-17T10:11:56.559730,35,2261,0.1,390.4999999999986,0.9341968611971981,0.0,0.0,0.0,390,176,435,9,4.50444221496582,0.00025,20000
2026-03-17T10:11:57.226720,35,2271,0.0,391.69999999999885,0.9341968611971981,0.0,0.0,0.0,402,176,435,7,7.588386535644531,0.00025,20000
2026-03-17T10:11:57.893719,35,2281,0.1,392.99999999999915,0.9341968611971981,0.0,0.0,0.0,415,135,435,3,7.884979248046875,0.00025,20000
2026-03-17T10:11:58.558896,35,2291,0.0,396.9999999999996,0.9341968611971981,0.0,0.0,0.0,437,135,437,11,4.934072494506836,0.00025,20000
2026-03-17T10:11:59.225401,35,2301,-0.1,398.0999999999994,0.9341968611971981,0.0,0.0,0.0,430,174,439,3,4.886627197265625,0.00025,20000
2026-03-17T10:11:59.892351,35,2311,0.0,397.09999999999917,0.9341968611971981,0.0,0.0,0.0,420,146,439,1,7.498502731323242,0.00025,20000
2026-03-17T10:12:00.557950,35,2321,0.0,396.7999999999991,0.9341968611971981,0.0,0.0,0.0,417,173,439,1,7.558345794677734,0.00025,20000
2026-03-17T10:12:01.221863,35,2331,0.0,396.399999999999,0.9341968611971981,0.0,0.0,0.0,413,176,439,4,4.712104797363281,0.00025,20000
2026-03-17T10:12:01.885561,35,2341,0.0,395.59999999999883,0.9341968611971981,0.0,0.0,0.0,405,176,439,3,4.974365234375,0.00025,20000
2026-03-17T10:12:02.551253,35,2351,0.1,395.9999999999989,0.9341968611971981,0.0,0.0,0.0,409,130,439,3,3.7839412689208984,0.00025,20000
2026-03-17T10:12:03.216284,35,2361,0.0,398.49999999999943,0.9341968611971981,0.0,0.0,0.0,434,135,439,3,3.679513931274414,0.00025,20000
2026-03-17T10:12:03.883815,35,2371,0.0,397.7999999999993,0.9341968611971981,0.0,0.0,0.0,427,160,439,9,5.192041397094727,0.00025,20000
2026-03-17T10:12:04.551291,35,2381,0.0,398.3999999999994,0.9341968611971981,0.0,0.0,0.0,433,176,439,1,8.223772048950195,0.00025,20000
2026-03-17T10:12:05.215822,35,2391,-0.1,397.8999999999993,0.9341968611971981,0.0,0.0,0.0,428,149,439,1,3.8187503814697266,0.00025,20000
2026-03-17T10:12:06.543078,36,8,-0.1,-2.900000000000001,0.9323284674748037,0.0,0.0,0.0,11,176,40,5,4.058122634887695,0.00025,20000
2026-03-17T10:12:07.209852,36,18,0.0,-3.9000000000000017,0.9323284674748037,0.0,0.0,0.0,1,176,40,9,5.739450454711914,0.00025,20000
2026-03-17T10:12:07.874823,36,28,0.0,-3.200000000000001,0.9323284674748037,0.0,0.0,0.0,8,163,40,8,6.359100341796875,0.00025,20000
2026-03-17T10:12:08.541360,36,38,0.1,-3.8000000000000016,0.9323284674748037,0.0,0.0,0.0,2,176,40,1,6.079196929931641,0.00025,20000
2026-03-17T10:12:09.203680,36,48,0.0,-1.4999999999999996,0.9323284674748037,0.0,0.0,0.0,25,160,40,2,3.8192272186279297,0.00025,20000
2026-03-17T10:12:09.872594,36,58,0.0,-1.5999999999999996,0.9323284674748037,0.0,0.0,0.0,24,176,40,9,6.182670593261719,0.00025,20000
2026-03-17T10:12:10.537992,36,68,0.0,-0.2999999999999994,0.9323284674748037,0.0,0.0,0.0,37,149,40,7,5.808115005493164,0.00025,20000
2026-03-17T10:12:11.201968,36,78,0.0,-0.7999999999999993,0.9323284674748037,0.0,0.0,0.0,32,176,40,10,5.532979965209961,0.00025,20000
2026-03-17T10:12:11.868514,36,88,0.0,-1.9,0.9323284674748037,0.0,0.0,0.0,21,163,40,1,4.982471466064453,0.00025,20000
2026-03-17T10:12:12.534295,36,98,0.0,-1.7999999999999998,0.9323284674748037,0.0,0.0,0.0,22,147,40,11,5.059957504272461,0.00025,20000
2026-03-17T10:12:13.198177,36,108,-0.1,-1.1999999999999993,0.9323284674748037,0.0,0.0,0.0,28,176,40,10,5.857944488525391,0.00025,20000
2026-03-17T10:12:13.866105,36,118,0.0,-2.2,0.9323284674748037,0.0,0.0,0.0,18,160,40,6,5.978107452392578,0.00025,20000
2026-03-17T10:12:14.529072,36,128,0.0,-4.000000000000002,0.9323284674748037,0.0,0.0,0.0,0,176,40,0,5.357265472412109,0.00025,20000
2026-03-17T10:12:15.190358,36,138,0.0,-4.000000000000002,0.9323284674748037,0.0,0.0,0.0,0,113,40,2,1.356363296508789,0.00025,20000
2026-03-17T10:12:15.858192,36,148,0.0,-4.000000000000002,0.9323284674748037,0.0,0.0,0.0,0,160,40,11,3.281116485595703,0.00025,20000
2026-03-17T10:12:16.526326,36,158,0.0,-3.4000000000000012,0.9323284674748037,0.0,0.0,0.0,6,147,40,0,3.669261932373047,0.00025,20000
2026-03-17T10:12:17.191688,36,168,0.0,-2.8000000000000007,0.9323284674748037,0.0,0.0,0.0,12,147,40,0,4.821062088012695,0.00025,20000
2026-03-17T10:12:17.858415,36,178,0.0,-3.200000000000001,0.9323284674748037,0.0,0.0,0.0,8,147,40,7,5.788087844848633,0.00025,20000
2026-03-17T10:12:18.523823,36,188,0.0,-4.000000000000002,0.9323284674748037,0.0,0.0,0.0,0,128,40,9,5.136966705322266,0.00025,20000
2026-03-17T10:12:19.189282,36,198,0.0,-2.5000000000000004,0.9323284674748037,0.0,0.0,0.0,15,160,40,8,6.77490234375,0.00025,20000
2026-03-17T10:12:19.856174,36,208,0.0,-1.3999999999999995,0.9323284674748037,0.0,0.0,0.0,26,176,40,4,6.200313568115234,0.00025,20000
2026-03-17T10:12:20.517987,36,218,-0.1,-0.8999999999999992,0.9323284674748037,0.0,0.0,0.0,31,176,40,5,3.5314559936523438,0.00025,20000
2026-03-17T10:12:21.184608,36,228,0.0,-0.19999999999999937,0.9323284674748037,0.0,0.0,0.0,38,176,40,1,4.335880279541016,0.00025,20000
2026-03-17T10:12:21.851278,36,238,0.0,-0.2999999999999994,0.9323284674748037,0.0,0.0,0.0,37,160,40,10,4.761934280395508,0.00025,20000
2026-03-17T10:12:22.514988,36,248,0.0,-1.3999999999999995,0.9323284674748037,0.0,0.0,0.0,26,176,40,11,3.977537155151367,0.00025,20000
2026-03-17T10:12:23.183453,36,258,0.0,-1.2999999999999994,0.9323284674748037,0.0,0.0,0.0,27,148,40,4,6.005764007568359,0.00025,20000
2026-03-17T10:12:23.847016,36,268,0.0,-1.5999999999999996,0.9323284674748037,0.0,0.0,0.0,24,146,40,8,4.014253616333008,0.00025,20000
2026-03-17T10:12:24.517841,36,278,0.0,-0.8999999999999992,0.9323284674748037,0.0,0.0,0.0,31,173,40,2,8.575201034545898,0.00025,20000
2026-03-17T10:12:25.180713,36,288,0.0,-0.39999999999999936,0.9323284674748037,0.0,0.0,0.0,36,168,40,7,7.164239883422852,0.00025,20000
2026-03-17T10:12:25.846623,36,298,0.0,29.0,0.9323284674748037,0.0,0.0,0.0,69,176,69,4,6.771087646484375,0.00025,20000
2026-03-17T10:12:26.509733,36,308,0.0,33.0,0.9323284674748037,0.0,0.0,0.0,73,160,73,8,4.801750183105469,0.00025,20000
2026-03-17T10:12:27.174204,36,318,0.0,42.0,0.9323284674748037,0.0,0.0,0.0,82,176,82,9,4.42814826965332,0.00025,20000
2026-03-17T10:12:27.856955,36,328,0.0,43.0,0.9323284674748037,0.0,0.0,0.0,83,176,83,2,4.701852798461914,0.00025,20000
2026-03-17T10:12:28.522923,36,338,0.0,45.0,0.9323284674748037,0.0,0.0,0.0,85,157,85,11,4.921674728393555,0.00025,20000
2026-03-17T10:12:29.189593,36,348,1.0,73.0,0.9323284674748037,0.0,0.0,0.0,113,168,113,6,5.858182907104492,0.00025,20000
2026-03-17T10:12:29.854707,36,358,-0.1,98.9,0.9323284674748037,0.0,0.0,0.0,138,176,139,6,4.73332405090332,0.00025,20000
2026-03-17T10:12:30.520390,36,368,0.0,99.9,0.9323284674748037,0.0,0.0,0.0,139,176,140,7,5.155086517333984,0.00025,20000
2026-03-17T10:12:31.185897,36,378,0.0,99.60000000000002,0.9323284674748037,0.0,0.0,0.0,136,160,140,0,5.065202713012695,0.00025,20000
2026-03-17T10:12:31.851379,36,388,-0.1,98.60000000000008,0.9323284674748037,0.0,0.0,0.0,126,147,140,0,5.470991134643555,0.00025,20000
2026-03-17T10:12:32.514471,36,398,-0.1,95.60000000000025,0.9323284674748037,0.0,0.0,0.0,96,173,140,3,3.0951499938964844,0.00025,20000
2026-03-17T10:12:33.180693,36,408,0.0,93.20000000000039,0.9323284674748037,0.0,0.0,0.0,72,168,140,8,3.8406848907470703,0.00025,20000
2026-03-17T10:12:33.847207,36,418,0.0,92.70000000000041,0.9323284674748037,0.0,0.0,0.0,67,176,140,8,4.879236221313477,0.00025,20000
2026-03-17T10:12:34.513733,36,428,0.0,92.70000000000041,0.9323284674748037,0.0,0.0,0.0,67,173,140,5,5.299091339111328,0.00025,20000
2026-03-17T10:12:35.177827,36,438,0.0,92.40000000000043,0.9323284674748037,0.0,0.0,0.0,64,160,140,10,4.540205001831055,0.00025,20000
2026-03-17T10:12:35.845952,36,448,0.0,92.00000000000045,0.9323284674748037,0.0,0.0,0.0,60,176,140,11,5.927085876464844,0.00025,20000
2026-03-17T10:12:36.512599,36,458,0.1,92.50000000000043,0.9323284674748037,0.0,0.0,0.0,65,157,140,0,7.131338119506836,0.00025,20000
2026-03-17T10:12:37.173604,36,468,-0.1,92.60000000000042,0.9323284674748037,0.0,0.0,0.0,66,173,140,0,4.110097885131836,0.00025,20000
2026-03-17T10:12:37.843498,36,478,0.0,92.30000000000044,0.9323284674748037,0.0,0.0,0.0,63,176,140,0,7.220029830932617,0.00025,20000
2026-03-17T10:12:38.504536,36,488,0.1,92.80000000000041,0.9323284674748037,0.0,0.0,0.0,68,176,140,6,3.781557083129883,0.00025,20000
2026-03-17T10:12:39.751319,37,8,0.0,14.0,0.930463810539854,0.0,0.0,0.0,54,176,54,1,3.1213760375976562,0.00025,20000
2026-03-17T10:12:40.420312,37,18,1.0,43.0,0.930463810539854,0.0,0.0,0.0,83,131,83,7,4.383087158203125,0.00025,20000
2026-03-17T10:12:41.085593,37,28,0.0,49.699999999999996,0.930463810539854,0.0,0.0,0.0,87,173,90,1,3.064393997192383,0.00025,20000
2026-03-17T10:12:41.750368,37,38,0.0,49.39999999999999,0.930463810539854,0.0,0.0,0.0,84,176,90,6,3.231048583984375,0.00025,20000
2026-03-17T10:12:42.416319,37,48,0.0,49.29999999999999,0.930463810539854,0.0,0.0,0.0,83,135,90,8,3.767251968383789,0.00025,20000
2026-03-17T10:12:43.082511,37,58,-0.1,46.29999999999995,0.930463810539854,0.0,0.0,0.0,53,148,90,9,3.3736228942871094,0.00025,20000
2026-03-17T10:12:43.751140,37,68,0.0,44.699999999999925,0.930463810539854,0.0,0.0,0.0,37,147,90,3,6.016969680786133,0.00025,20000
2026-03-17T10:12:44.415510,37,78,-0.1,44.099999999999916,0.930463810539854,0.0,0.0,0.0,31,176,90,7,6.532192230224609,0.00025,20000
2026-03-17T10:12:45.078137,37,88,0.0,45.499999999999936,0.930463810539854,0.0,0.0,0.0,45,173,90,6,3.317594528198242,0.00025,20000
2026-03-17T10:12:45.746617,37,98,-0.1,43.399999999999906,0.930463810539854,0.0,0.0,0.0,24,147,90,0,5.231380462646484,0.00025,20000
2026-03-17T10:12:46.408905,37,108,0.0,42.39999999999989,0.930463810539854,0.0,0.0,0.0,14,176,90,11,3.251791000366211,0.00025,20000
2026-03-17T10:12:47.074932,37,118,0.0,42.599999999999895,0.930463810539854,0.0,0.0,0.0,16,160,90,9,3.7527084350585938,0.00025,20000
2026-03-17T10:12:47.740956,37,128,0.2,47.09999999999996,0.930463810539854,0.0,0.0,0.0,61,140,90,7,2.9807090759277344,0.00025,20000
2026-03-17T10:12:48.408036,37,138,1.0,117.89999999999998,0.930463810539854,0.0,0.0,0.0,158,126,158,2,7.737159729003906,0.00025,20000
2026-03-17T10:12:49.073201,37,148,1.0,187.89999999999998,0.930463810539854,0.0,0.0,0.0,228,149,228,0,6.6890716552734375,0.00025,20000
2026-03-17T10:12:49.734363,37,158,1.0,241.89999999999998,0.930463810539854,0.0,0.0,0.0,282,148,282,3,2.0971298217773438,0.00025,20000
2026-03-17T10:12:50.420930,37,168,0.0,291.9,0.930463810539854,0.0,0.0,0.0,332,176,332,8,4.297018051147461,0.00025,20000
2026-03-17T10:12:51.083398,37,178,0.0,315.9,0.930463810539854,0.0,0.0,0.0,356,176,356,0,2.9821395874023438,0.00025,20000
2026-03-17T10:12:51.748104,37,188,0.0,316.69999999999993,0.930463810539854,0.0,0.0,0.0,355,160,357,1,2.4123191833496094,0.00025,20000
2026-03-17T10:12:52.416278,37,198,1.0,318.9,0.930463810539854,0.0,0.0,0.0,359,147,359,6,5.371332168579102,0.00025,20000
2026-03-17T10:12:53.082962,37,208,-0.1,318.49999999999966,0.930463810539854,0.0,0.0,0.0,346,147,360,5,4.9591064453125,0.00025,20000
2026-03-17T10:12:53.748552,37,218,0.0,316.8999999999993,0.930463810539854,0.0,0.0,0.0,330,147,360,11,6.1664581298828125,0.00025,20000
2026-03-17T10:12:54.413481,37,228,0.0,316.9999999999993,0.930463810539854,0.0,0.0,0.0,331,176,360,5,4.97889518737793,0.00025,20000
2026-03-17T10:12:55.081842,37,238,0.0,317.19999999999936,0.930463810539854,0.0,0.0,0.0,333,146,360,5,7.095575332641602,0.00025,20000
2026-03-17T10:12:55.746605,37,248,-0.1,314.49999999999875,0.930463810539854,0.0,0.0,0.0,306,176,360,2,6.387472152709961,0.00025,20000
2026-03-17T10:12:56.409215,37,258,-0.1,309.8999999999981,0.930463810539854,0.0,0.0,0.0,260,160,360,5,3.332853317260742,0.00025,20000
2026-03-17T10:12:57.074776,37,268,0.0,309.39999999999804,0.930463810539854,0.0,0.0,0.0,255,147,360,3,3.7856101989746094,0.00025,20000
2026-03-17T10:12:57.740140,37,278,0.0,309.39999999999804,0.930463810539854,0.0,0.0,0.0,255,173,360,1,3.7679672241210938,0.00025,20000
2026-03-17T10:12:58.407002,37,288,0.1,310.1999999999982,0.930463810539854,0.0,0.0,0.0,263,157,360,9,4.971027374267578,0.00025,20000
2026-03-17T10:12:59.072153,37,298,0.0,310.29999999999825,0.930463810539854,0.0,0.0,0.0,264,147,360,3,3.1800270080566406,0.00025,20000
2026-03-17T10:12:59.737298,37,308,0.0,310.29999999999825,0.930463810539854,0.0,0.0,0.0,264,169,360,11,3.8299560546875,0.00025,20000
2026-03-17T10:13:00.405581,37,318,0.0,310.3999999999983,0.930463810539854,0.0,0.0,0.0,265,176,360,1,6.071329116821289,0.00025,20000
2026-03-17T10:13:01.071547,37,328,0.0,310.8999999999984,0.930463810539854,0.0,0.0,0.0,270,157,360,4,6.393194198608398,0.00025,20000
2026-03-17T10:13:01.732365,37,338,0.0,312.49999999999875,0.930463810539854,0.0,0.0,0.0,286,128,360,6,3.561735153198242,0.00025,20000
2026-03-17T10:13:02.404015,37,348,0.0,313.1999999999989,0.930463810539854,0.0,0.0,0.0,293,173,360,8,5.425453186035156,0.00025,20000
2026-03-17T10:13:03.065663,37,358,-0.1,311.4999999999985,0.930463810539854,0.0,0.0,0.0,276,168,360,3,3.0243396759033203,0.00025,20000
2026-03-17T10:13:03.730017,37,368,0.0,311.19999999999845,0.930463810539854,0.0,0.0,0.0,273,113,360,4,3.0829906463623047,0.00025,20000
2026-03-17T10:13:04.396291,37,378,0.0,314.4999999999989,0.930463810539854,0.0,0.0,0.0,306,133,360,7,3.5152435302734375,0.00025,20000
2026-03-17T10:13:05.063456,37,388,0.0,314.4999999999989,0.930463810539854,0.0,0.0,0.0,306,136,360,2,4.297971725463867,0.00025,20000
2026-03-17T10:13:05.728215,37,398,0.0,314.4999999999989,0.930463810539854,0.0,0.0,0.0,306,160,360,10,6.664037704467773,0.00025,20000
2026-03-17T10:13:06.395000,37,408,0.0,314.69999999999897,0.930463810539854,0.0,0.0,0.0,308,160,360,10,5.948066711425781,0.00025,20000
2026-03-17T10:13:07.062682,37,418,-0.1,311.99999999999835,0.930463810539854,0.0,0.0,0.0,281,138,360,11,7.952690124511719,0.00025,20000
2026-03-17T10:13:07.725583,37,428,0.0,311.19999999999817,0.930463810539854,0.0,0.0,0.0,273,149,360,0,5.231142044067383,0.00025,20000
2026-03-17T10:13:08.388542,37,438,0.0,312.49999999999847,0.930463810539854,0.0,0.0,0.0,286,157,360,4,4.232883453369141,0.00025,20000
2026-03-17T10:13:09.055814,37,448,0.0,312.6999999999985,0.930463810539854,0.0,0.0,0.0,288,145,360,5,3.9298534393310547,0.00025,20000
2026-03-17T10:13:09.720231,37,458,-0.1,311.59999999999826,0.930463810539854,0.0,0.0,0.0,277,157,360,0,3.5295486450195312,0.00025,20000
2026-03-17T10:13:10.387719,37,468,0.0,311.2999999999982,0.930463810539854,0.0,0.0,0.0,274,176,360,6,4.451513290405273,0.00025,20000
2026-03-17T10:13:11.053694,37,478,0.0,311.2999999999982,0.930463810539854,0.0,0.0,0.0,274,157,360,8,5.326986312866211,0.00025,20000
2026-03-17T10:13:11.718982,37,488,0.1,312.39999999999844,0.930463810539854,0.0,0.0,0.0,285,160,360,7,5.835771560668945,0.00025,20000
2026-03-17T10:13:12.386673,37,498,0.0,313.39999999999867,0.930463810539854,0.0,0.0,0.0,295,147,360,1,7.803916931152344,0.00025,20000
2026-03-17T10:13:13.047385,37,508,0.0,312.89999999999856,0.930463810539854,0.0,0.0,0.0,290,176,360,8,3.522157669067383,0.00025,20000
2026-03-17T10:13:13.713160,37,518,0.0,313.4999999999987,0.930463810539854,0.0,0.0,0.0,296,176,360,3,4.81104850769043,0.00025,20000
2026-03-17T10:13:14.380801,37,528,0.0,313.9999999999988,0.930463810539854,0.0,0.0,0.0,301,176,360,5,3.927946090698242,0.00025,20000
2026-03-17T10:13:15.046633,37,538,0.0,314.4999999999989,0.930463810539854,0.0,0.0,0.0,306,152,360,10,3.747224807739258,0.00025,20000
2026-03-17T10:13:15.710493,37,548,0.0,314.3999999999989,0.930463810539854,0.0,0.0,0.0,305,168,360,8,4.408836364746094,0.00025,20000
2026-03-17T10:13:16.377931,37,558,0.0,313.39999999999867,0.930463810539854,0.0,0.0,0.0,295,176,360,10,3.8251876831054688,0.00025,20000
2026-03-17T10:13:17.046315,37,568,0.0,312.5999999999985,0.930463810539854,0.0,0.0,0.0,287,176,360,8,5.698919296264648,0.00025,20000
2026-03-17T10:13:17.711266,37,578,0.0,310.8999999999981,0.930463810539854,0.0,0.0,0.0,270,176,360,10,5.023479461669922,0.00025,20000
2026-03-17T10:13:18.377160,37,588,0.0,312.5999999999985,0.930463810539854,0.0,0.0,0.0,287,176,360,8,6.533622741699219,0.00025,20000
2026-03-17T10:13:19.040026,37,598,0.0,311.7999999999983,0.930463810539854,0.0,0.0,0.0,279,176,360,1,5.171298980712891,0.00025,20000
2026-03-17T10:13:19.709729,37,608,0.0,311.49999999999824,0.930463810539854,0.0,0.0,0.0,276,131,360,10,7.766008377075195,0.00025,20000
2026-03-17T10:13:20.376466,37,618,0.1,311.09999999999815,0.930463810539854,0.0,0.0,0.0,272,148,360,11,8.879423141479492,0.00025,20000
2026-03-17T10:13:21.035721,37,628,0.0,310.8999999999981,0.930463810539854,0.0,0.0,0.0,270,173,360,4,3.2720565795898438,0.00025,20000
2026-03-17T10:13:21.702360,37,638,0.0,312.5999999999985,0.930463810539854,0.0,0.0,0.0,287,176,360,5,4.539251327514648,0.00025,20000
2026-03-17T10:13:22.371176,37,648,0.0,312.0999999999984,0.930463810539854,0.0,0.0,0.0,282,176,360,2,5.048274993896484,0.00025,20000
2026-03-17T10:13:23.035187,37,658,0.1,312.0999999999984,0.930463810539854,0.0,0.0,0.0,282,176,360,11,4.985809326171875,0.00025,20000
2026-03-17T10:13:23.709740,37,668,-0.1,311.49999999999824,0.930463810539854,0.0,0.0,0.0,276,121,360,1,7.498741149902344,0.00025,20000
2026-03-17T10:13:24.366702,37,678,0.0,311.49999999999824,0.930463810539854,0.0,0.0,0.0,276,176,360,9,6.836414337158203,0.00025,20000
2026-03-17T10:13:25.033631,37,688,0.1,312.2999999999984,0.930463810539854,0.0,0.0,0.0,284,176,360,6,7.811546325683594,0.00025,20000
2026-03-17T10:13:25.700130,37,698,0.0,311.6999999999983,0.930463810539854,0.0,0.0,0.0,278,176,360,7,7.976055145263672,0.00025,20000
2026-03-17T10:13:26.360367,37,708,0.0,311.6999999999983,0.930463810539854,0.0,0.0,0.0,278,176,360,2,3.6716461181640625,0.00025,20000
2026-03-17T10:13:27.024835,37,718,0.0,312.2999999999984,0.930463810539854,0.0,0.0,0.0,284,152,360,1,4.12750244140625,0.00025,20000
2026-03-17T10:13:27.693273,37,728,-0.1,311.59999999999826,0.930463810539854,0.0,0.0,0.0,277,148,360,7,4.33039665222168,0.00025,20000
2026-03-17T10:13:28.358342,37,738,0.0,311.6999999999983,0.930463810539854,0.0,0.0,0.0,278,176,360,7,6.290912628173828,0.00025,20000
2026-03-17T10:13:29.026641,37,748,0.0,313.1999999999986,0.930463810539854,0.0,0.0,0.0,293,176,360,1,7.717132568359375,0.00025,20000
2026-03-17T10:13:29.691210,37,758,0.0,313.69999999999874,0.930463810539854,0.0,0.0,0.0,298,148,360,2,6.170749664306641,0.00025,20000
2026-03-17T10:13:30.358599,37,768,-0.1,314.09999999999883,0.930463810539854,0.0,0.0,0.0,302,176,360,1,5.414724349975586,0.00025,20000
2026-03-17T10:13:31.021327,37,778,0.0,313.4999999999987,0.930463810539854,0.0,0.0,0.0,296,176,360,11,5.408287048339844,0.00025,20000
2026-03-17T10:13:31.687329,37,788,0.0,312.9999999999986,0.930463810539854,0.0,0.0,0.0,291,149,360,3,7.331132888793945,0.00025,20000
2026-03-17T10:13:32.351797,37,798,0.0,312.79999999999853,0.930463810539854,0.0,0.0,0.0,289,147,360,10,4.821300506591797,0.00025,20000
2026-03-17T10:13:33.015391,37,808,0.0,312.6999999999985,0.930463810539854,0.0,0.0,0.0,288,176,360,3,3.6547183990478516,0.00025,20000
2026-03-17T10:13:33.683562,37,818,0.0,311.19999999999817,0.930463810539854,0.0,0.0,0.0,273,149,360,11,4.528999328613281,0.00025,20000
2026-03-17T10:13:34.878079,38,1,0.0,-0.1,0.9286028829187744,0.0,0.0,0.0,39,176,40,5,2.6950836181640625,0.00025,20000
2026-03-17T10:13:35.542114,38,11,0.0,-0.7999999999999999,0.9286028829187744,0.0,0.0,0.0,32,176,40,9,3.760814666748047,0.00025,20000
2026-03-17T10:13:36.214347,38,21,0.0,7.0,0.9286028829187744,0.0,0.0,0.0,47,176,47,9,5.678892135620117,0.00025,20000
2026-03-17T10:13:36.881644,38,31,0.0,6.600000000000001,0.9286028829187744,0.0,0.0,0.0,43,176,47,6,6.99615478515625,0.00025,20000
2026-03-17T10:13:37.548741,38,41,0.0,9.9,0.9286028829187744,0.0,0.0,0.0,49,146,50,9,5.419492721557617,0.00025,20000
2026-03-17T10:13:38.213389,38,51,-0.1,9.500000000000002,0.9286028829187744,0.0,0.0,0.0,45,173,50,11,8.570194244384766,0.00025,20000
2026-03-17T10:13:38.875342,38,61,1.0,23.0,0.9286028829187744,0.0,0.0,0.0,63,146,63,7,4.663228988647461,0.00025,20000
2026-03-17T10:13:39.546309,38,71,1.0,69.0,0.9286028829187744,0.0,0.0,0.0,109,176,109,10,9.035825729370117,0.00025,20000
2026-03-17T10:13:40.206457,38,81,0.0,82.80000000000001,0.9286028829187744,0.0,0.0,0.0,121,160,123,10,5.382537841796875,0.00025,20000
2026-03-17T10:13:40.872776,38,91,0.0,81.50000000000009,0.9286028829187744,0.0,0.0,0.0,108,145,123,2,6.363153457641602,0.00025,20000
2026-03-17T10:13:41.538320,38,101,-0.1,77.90000000000026,0.9286028829187744,0.0,0.0,0.0,72,176,123,9,7.748842239379883,0.00025,20000
2026-03-17T10:13:42.204780,38,111,0.0,76.60000000000034,0.9286028829187744,0.0,0.0,0.0,59,147,123,1,5.18488883972168,0.00025,20000
2026-03-17T10:13:42.872129,38,121,0.0,77.70000000000027,0.9286028829187744,0.0,0.0,0.0,70,138,123,10,7.18998908996582,0.00025,20000
2026-03-17T10:13:43.537888,38,131,-0.1,75.20000000000041,0.9286028829187744,0.0,0.0,0.0,45,135,123,7,7.474184036254883,0.00025,20000
2026-03-17T10:13:44.198668,38,141,0.0,74.80000000000044,0.9286028829187744,0.0,0.0,0.0,41,173,123,5,6.755828857421875,0.00025,20000
2026-03-17T10:13:44.863682,38,151,0.0,74.70000000000044,0.9286028829187744,0.0,0.0,0.0,40,168,123,6,3.1578540802001953,0.00025,20000
2026-03-17T10:13:45.534878,38,161,0.0,75.10000000000042,0.9286028829187744,0.0,0.0,0.0,44,173,123,1,4.39906120300293,0.00025,20000
2026-03-17T10:13:46.195372,38,171,0.0,74.70000000000044,0.9286028829187744,0.0,0.0,0.0,40,176,123,1,3.4172534942626953,0.00025,20000
2026-03-17T10:13:46.863036,38,181,0.1,78.10000000000025,0.9286028829187744,0.0,0.0,0.0,74,176,123,7,7.217168807983398,0.00025,20000
2026-03-17T10:13:47.530068,38,191,1.0,85.00000000000013,0.9286028829187744,0.0,0.0,0.0,125,135,125,7,6.3114166259765625,0.00025,20000
2026-03-17T10:13:48.195908,38,201,1.0,146.0000000000001,0.9286028829187744,0.0,0.0,0.0,186,170,186,10,7.150411605834961,0.00025,20000
2026-03-17T10:13:48.858949,38,211,1.0,198.0000000000001,0.9286028829187744,0.0,0.0,0.0,238,170,238,0,6.28209114074707,0.00025,20000
2026-03-17T10:13:49.523870,38,221,0.1,211.60000000000014,0.9286028829187744,0.0,0.0,0.0,248,176,252,3,3.9145946502685547,0.00025,20000
2026-03-17T10:13:50.189176,38,231,0.0,219.90000000000012,0.9286028829187744,0.0,0.0,0.0,259,176,260,9,5.226850509643555,0.00025,20000
2026-03-17T10:13:51.417939,39,7,-0.1,-0.5,0.9267456771529368,0.0,0.0,0.0,35,176,40,3,4.6329498291015625,0.00025,20000
2026-03-17T10:13:52.082166,39,17,0.0,-0.4,0.9267456771529368,0.0,0.0,0.0,36,157,40,1,3.868579864501953,0.00025,20000
2026-03-17T10:13:52.750566,39,27,0.0,31.0,0.9267456771529368,0.0,0.0,0.0,71,165,71,5,6.307125091552734,0.00025,20000
2026-03-17T10:13:53.414406,39,37,0.0,31.39999999999999,0.9267456771529368,0.0,0.0,0.0,66,140,72,10,5.082845687866211,0.00025,20000
2026-03-17T10:13:54.079207,39,47,0.0,30.999999999999986,0.9267456771529368,0.0,0.0,0.0,62,173,72,1,4.005908966064453,0.00025,20000
2026-03-17T10:13:54.749968,39,57,0.1,31.799999999999997,0.9267456771529368,0.0,0.0,0.0,70,160,72,0,9.600639343261719,0.00025,20000
2026-03-17T10:13:55.411233,39,67,1.0,58.0,0.9267456771529368,0.0,0.0,0.0,98,138,98,0,5.797624588012695,0.00025,20000
2026-03-17T10:13:56.076881,39,77,0.0,70.80000000000001,0.9267456771529368,0.0,0.0,0.0,109,149,111,11,5.483150482177734,0.00025,20000
2026-03-17T10:13:56.740381,39,87,1.0,91.0,0.9267456771529368,0.0,0.0,0.0,131,138,131,5,3.3926963806152344,0.00025,20000
2026-03-17T10:13:57.411315,39,97,0.0,101.0,0.9267456771529368,0.0,0.0,0.0,141,176,141,3,8.654356002807617,0.00025,20000
2026-03-17T10:13:58.072573,39,107,0.0,100.60000000000002,0.9267456771529368,0.0,0.0,0.0,137,176,141,7,4.527091979980469,0.00025,20000
2026-03-17T10:13:58.737733,39,117,0.0,101.9,0.9267456771529368,0.0,0.0,0.0,141,147,142,6,4.18543815612793,0.00025,20000
2026-03-17T10:13:59.405248,39,127,-0.1,100.00000000000011,0.9267456771529368,0.0,0.0,0.0,122,145,142,2,4.712820053100586,0.00025,20000
2026-03-17T10:14:00.068242,39,137,0.0,98.80000000000018,0.9267456771529368,0.0,0.0,0.0,110,145,142,2,4.051685333251953,0.00025,20000
2026-03-17T10:14:00.736246,39,147,0.0,98.00000000000023,0.9267456771529368,0.0,0.0,0.0,102,176,142,6,5.653142929077148,0.00025,20000
2026-03-17T10:14:01.402558,39,157,0.0,97.40000000000026,0.9267456771529368,0.0,0.0,0.0,96,176,142,4,6.125688552856445,0.00025,20000
2026-03-17T10:14:02.066902,39,167,0.0,96.10000000000034,0.9267456771529368,0.0,0.0,0.0,83,176,142,9,5.171060562133789,0.00025,20000
2026-03-17T10:14:02.733136,39,177,0.0,97.60000000000025,0.9267456771529368,0.0,0.0,0.0,98,160,142,11,5.417346954345703,0.00025,20000
2026-03-17T10:14:03.400077,39,187,0.0,97.60000000000025,0.9267456771529368,0.0,0.0,0.0,98,135,142,0,7.220983505249023,0.00025,20000
2026-03-17T10:14:04.060642,39,197,0.1,98.20000000000022,0.9267456771529368,0.0,0.0,0.0,104,173,142,9,2.459287643432617,0.00025,20000
2026-03-17T10:14:05.396208,40,7,0.0,-1.5000000000000002,0.9248921857986309,0.0,0.0,0.0,25,176,40,8,5.490303039550781,0.00025,20000
2026-03-17T10:14:06.060450,40,17,0.0,-3.600000000000002,0.9248921857986309,0.0,0.0,0.0,4,149,40,8,4.346370697021484,0.00025,20000
2026-03-17T10:14:06.725784,40,27,0.0,-3.100000000000001,0.9248921857986309,0.0,0.0,0.0,9,176,40,8,5.10096549987793,0.00025,20000
2026-03-17T10:14:07.393563,40,37,0.0,-3.5000000000000013,0.9248921857986309,0.0,0.0,0.0,5,147,40,9,6.713628768920898,0.00025,20000
2026-03-17T10:14:08.058604,40,47,0.1,-3.6000000000000014,0.9248921857986309,0.0,0.0,0.0,4,145,40,7,6.205081939697266,0.00025,20000
2026-03-17T10:14:08.721315,40,57,0.0,-3.200000000000001,0.9248921857986309,0.0,0.0,0.0,8,145,40,4,3.5605430603027344,0.00025,20000
2026-03-17T10:14:09.386630,40,67,0.0,-1.6999999999999997,0.9248921857986309,0.0,0.0,0.0,23,135,40,7,3.687620162963867,0.00025,20000
2026-03-17T10:14:10.051108,40,77,0.0,-1.2999999999999994,0.9248921857986309,0.0,0.0,0.0,27,152,40,1,3.6079883575439453,0.00025,20000
2026-03-17T10:14:10.718336,40,87,0.0,-1.6999999999999997,0.9248921857986309,0.0,0.0,0.0,23,152,40,1,4.236698150634766,0.00025,20000
2026-03-17T10:14:11.385516,40,97,0.0,-3.000000000000001,0.9248921857986309,0.0,0.0,0.0,10,148,40,6,4.530191421508789,0.00025,20000
2026-03-17T10:14:12.050323,40,107,0.0,-4.000000000000002,0.9248921857986309,0.0,0.0,0.0,0,160,40,0,5.066394805908203,0.00025,20000
2026-03-17T10:14:12.718703,40,117,0.0,-3.9000000000000017,0.9248921857986309,0.0,0.0,0.0,1,176,40,1,6.665706634521484,0.00025,20000
2026-03-17T10:14:13.381979,40,127,0.0,-4.000000000000002,0.9248921857986309,0.0,0.0,0.0,0,176,40,4,5.867242813110352,0.00025,20000
2026-03-17T10:14:14.048243,40,137,0.1,-1.5999999999999996,0.9248921857986309,0.0,0.0,0.0,24,136,40,0,5.598545074462891,0.00025,20000
2026-03-17T10:14:14.713255,40,147,0.0,20.0,0.9248921857986309,0.0,0.0,0.0,60,145,60,2,5.764484405517578,0.00025,20000
2026-03-17T10:14:15.375271,40,157,0.0,22.799999999999983,0.9248921857986309,0.0,0.0,0.0,52,152,64,11,2.939462661743164,0.00025,20000
2026-03-17T10:14:16.043955,40,167,-0.1,18.899999999999945,0.9248921857986309,0.0,0.0,0.0,13,135,64,6,4.521608352661133,0.00025,20000
2026-03-17T10:14:16.709480,40,177,0.1,18.099999999999945,0.9248921857986309,0.0,0.0,0.0,5,127,64,2,4.640102386474609,0.00025,20000
2026-03-17T10:14:17.374164,40,187,-0.1,18.999999999999957,0.9248921857986309,0.0,0.0,0.0,14,145,64,6,4.911661148071289,0.00025,20000
2026-03-17T10:14:18.039449,40,197,0.0,18.39999999999995,0.9248921857986309,0.0,0.0,0.0,8,135,64,4,4.6253204345703125,0.00025,20000
2026-03-17T10:14:18.707488,40,207,0.0,17.599999999999937,0.9248921857986309,0.0,0.0,0.0,0,160,64,5,4.704475402832031,0.00025,20000
2026-03-17T10:14:19.370060,40,217,0.0,17.599999999999937,0.9248921857986309,0.0,0.0,0.0,0,160,64,0,4.322052001953125,0.00025,20000
2026-03-17T10:14:20.036667,40,227,0.1,19.399999999999963,0.9248921857986309,0.0,0.0,0.0,18,149,64,1,5.179882049560547,0.00025,20000
2026-03-17T10:14:20.701518,40,237,0.0,23.100000000000012,0.9248921857986309,0.0,0.0,0.0,55,149,64,0,3.51715087890625,0.00025,20000
2026-03-17T10:14:21.366596,40,247,0.0,23.900000000000023,0.9248921857986309,0.0,0.0,0.0,63,135,64,6,4.061460494995117,0.00025,20000
2026-03-17T10:14:22.032479,40,257,-0.1,30.900000000000023,0.9248921857986309,0.0,0.0,0.0,70,173,71,11,4.08935546875,0.00025,20000
2026-03-17T10:14:22.699324,40,267,0.0,30.100000000000012,0.9248921857986309,0.0,0.0,0.0,62,147,71,2,5.150794982910156,0.00025,20000
2026-03-17T10:14:23.363188,40,277,0.0,27.299999999999972,0.9248921857986309,0.0,0.0,0.0,34,168,71,4,3.8356781005859375,0.00025,20000
2026-03-17T10:14:24.034163,40,287,0.0,26.599999999999962,0.9248921857986309,0.0,0.0,0.0,27,138,71,3,7.626771926879883,0.00025,20000
2026-03-17T10:14:24.695494,40,297,-0.1,25.69999999999995,0.9248921857986309,0.0,0.0,0.0,18,157,71,3,5.356788635253906,0.00025,20000
2026-03-17T10:14:25.359684,40,307,0.0,24.39999999999993,0.9248921857986309,0.0,0.0,0.0,5,147,71,1,3.5538673400878906,0.00025,20000
2026-03-17T10:14:26.025611,40,317,0.0,24.29999999999993,0.9248921857986309,0.0,0.0,0.0,4,173,71,4,4.496574401855469,0.00025,20000
2026-03-17T10:14:26.691445,40,327,0.0,24.39999999999993,0.9248921857986309,0.0,0.0,0.0,5,176,71,3,5.202531814575195,0.00025,20000
2026-03-17T10:14:27.356446,40,337,-0.1,23.999999999999925,0.9248921857986309,0.0,0.0,0.0,1,165,71,1,4.09245491027832,0.00025,20000
2026-03-17T10:14:28.025684,40,347,0.0,24.799999999999937,0.9248921857986309,0.0,0.0,0.0,9,135,71,1,8.040904998779297,0.00025,20000
2026-03-17T10:14:28.690967,40,357,0.0,25.399999999999945,0.9248921857986309,0.0,0.0,0.0,15,173,71,5,7.516145706176758,0.00025,20000
2026-03-17T10:14:29.355128,40,367,0.0,23.899999999999924,0.9248921857986309,0.0,0.0,0.0,0,173,71,1,5.160331726074219,0.00025,20000
2026-03-17T10:14:30.022374,40,377,0.0,25.299999999999944,0.9248921857986309,0.0,0.0,0.0,14,147,71,6,7.347583770751953,0.00025,20000
2026-03-17T10:14:30.686280,40,387,-0.1,24.799999999999937,0.9248921857986309,0.0,0.0,0.0,9,131,71,10,5.503177642822266,0.00025,20000
2026-03-17T10:14:31.350303,40,397,0.0,23.899999999999924,0.9248921857986309,0.0,0.0,0.0,0,173,71,6,5.100250244140625,0.00025,20000
2026-03-17T10:14:32.020659,40,407,0.0,24.099999999999927,0.9248921857986309,0.0,0.0,0.0,2,149,71,1,7.729291915893555,0.00025,20000
2026-03-17T10:14:32.683175,40,417,0.1,26.199999999999957,0.9248921857986309,0.0,0.0,0.0,23,119,71,7,6.458520889282227,0.00025,20000
2026-03-17T10:14:33.351934,40,427,-0.1,27.999999999999982,0.9248921857986309,0.0,0.0,0.0,41,147,71,6,9.651422500610352,0.00025,20000
2026-03-17T10:14:34.013935,40,437,0.0,26.599999999999962,0.9248921857986309,0.0,0.0,0.0,27,160,71,11,4.2400360107421875,0.00025,20000
2026-03-17T10:14:34.679745,40,447,0.1,26.999999999999968,0.9248921857986309,0.0,0.0,0.0,31,147,71,11,4.843950271606445,0.00025,20000
2026-03-17T10:14:35.342668,40,457,0.0,28.49999999999999,0.9248921857986309,0.0,0.0,0.0,46,149,71,8,3.475666046142578,0.00025,20000
2026-03-17T10:14:36.010890,40,467,0.0,29.800000000000008,0.9248921857986309,0.0,0.0,0.0,59,145,71,9,5.9413909912109375,0.00025,20000
2026-03-17T10:14:36.675185,40,477,0.0,30.300000000000015,0.9248921857986309,0.0,0.0,0.0,64,157,71,11,4.2858123779296875,0.00025,20000
2026-03-17T10:14:37.340235,40,487,0.0,35.00000000000003,0.9248921857986309,0.0,0.0,0.0,75,176,75,7,4.914999008178711,0.00025,20000
2026-03-17T10:14:38.006245,40,497,0.0,50.90000000000003,0.9248921857986309,0.0,0.0,0.0,90,160,91,1,4.3811798095703125,0.00025,20000
2026-03-17T10:14:38.672873,40,507,0.0,55.00000000000003,0.9248921857986309,0.0,0.0,0.0,95,145,95,6,4.610538482666016,0.00025,20000
2026-03-17T10:14:39.337879,40,517,1.0,71.00000000000003,0.9248921857986309,0.0,0.0,0.0,111,157,111,9,4.55927848815918,0.00025,20000
2026-03-17T10:14:40.004911,40,527,1.0,124.00000000000003,0.9248921857986309,0.0,0.0,0.0,164,176,164,9,6.3571929931640625,0.00025,20000
2026-03-17T10:14:40.668976,40,537,1.0,181.00000000000003,0.9248921857986309,0.0,0.0,0.0,221,170,221,5,3.872394561767578,0.00025,20000
2026-03-17T10:14:41.334489,40,547,0.0,191.30000000000007,0.9248921857986309,0.0,0.0,0.0,225,173,232,1,5.530595779418945,0.00025,20000
2026-03-17T10:14:42.002053,40,557,0.0,190.40000000000012,0.9248921857986309,0.0,0.0,0.0,216,176,232,1,7.4672698974609375,0.00025,20000
2026-03-17T10:14:42.664087,40,567,0.1,191.20000000000007,0.9248921857986309,0.0,0.0,0.0,224,148,232,1,3.4580230712890625,0.00025,20000
2026-03-17T10:14:43.330449,40,577,1.0,208.00000000000003,0.9248921857986309,0.0,0.0,0.0,248,148,248,2,4.1961669921875,0.00025,20000
2026-03-17T10:14:43.995659,40,587,1.0,234.00000000000003,0.9248921857986309,0.0,0.0,0.0,274,176,274,3,4.464387893676758,0.00025,20000
2026-03-17T10:14:44.660800,40,597,1.0,291.0,0.9248921857986309,0.0,0.0,0.0,331,176,331,10,4.352807998657227,0.00025,20000
2026-03-17T10:14:45.328102,40,607,1.0,343.0,0.9248921857986309,0.0,0.0,0.0,383,176,383,4,5.160093307495117,0.00025,20000
2026-03-17T10:14:45.993339,40,617,-0.1,353.79999999999995,0.9248921857986309,0.0,0.0,0.0,392,160,394,11,4.74095344543457,0.00025,20000
2026-03-17T10:14:46.659423,40,627,0.0,353.0999999999998,0.9248921857986309,0.0,0.0,0.0,385,176,394,10,5.967855453491211,0.00025,20000
2026-03-17T10:14:47.321213,40,637,0.0,352.5999999999997,0.9248921857986309,0.0,0.0,0.0,380,176,394,9,2.6857852935791016,0.00025,20000
2026-03-17T10:14:48.004325,40,647,1.0,372.0,0.9248921857986309,0.0,0.0,0.0,412,176,412,9,2.9985904693603516,0.00025,20000
2026-03-17T10:14:48.670796,40,657,1.0,386.0,0.9248921857986309,0.0,0.0,0.0,426,134,426,0,3.3185482025146484,0.00025,20000
2026-03-17T10:14:49.338750,40,667,0.0,387.69999999999993,0.9248921857986309,0.0,0.0,0.0,425,128,428,5,5.653858184814453,0.00025,20000
2026-03-17T10:14:50.003026,40,677,-0.1,382.59999999999957,0.9248921857986309,0.0,0.0,0.0,374,143,428,9,4.603147506713867,0.00025,20000
2026-03-17T10:14:50.669315,40,687,0.0,378.09999999999917,0.9248921857986309,0.0,0.0,0.0,329,159,428,6,4.839658737182617,0.00025,20000
2026-03-17T10:14:51.333106,40,697,0.0,378.09999999999917,0.9248921857986309,0.0,0.0,0.0,329,145,428,8,4.089832305908203,0.00025,20000
2026-03-17T10:14:52.000868,40,707,0.0,378.5999999999993,0.9248921857986309,0.0,0.0,0.0,334,144,428,1,5.971431732177734,0.00025,20000
2026-03-17T10:14:52.666176,40,717,0.1,383.6999999999998,0.9248921857986309,0.0,0.0,0.0,385,147,428,8,5.824089050292969,0.00025,20000
2026-03-17T10:14:53.329667,40,727,0.0,385.80000000000007,0.9248921857986309,0.0,0.0,0.0,406,172,428,10,4.262447357177734,0.00025,20000
2026-03-17T10:14:53.995398,40,737,0.1,386.3000000000001,0.9248921857986309,0.0,0.0,0.0,411,161,428,11,3.841400146484375,0.00025,20000
2026-03-17T10:14:54.661183,40,747,0.0,394.0000000000003,0.9248921857986309,0.0,0.0,0.0,434,147,434,11,4.730224609375,0.00025,20000
2026-03-17T10:14:55.323360,40,757,0.0,409.0000000000003,0.9248921857986309,0.0,0.0,0.0,449,141,449,6,1.512289047241211,0.00025,20000
2026-03-17T10:14:55.992537,40,767,0.0,408.7000000000002,0.9248921857986309,0.0,0.0,0.0,446,144,449,1,3.71551513671875,0.00025,20000
2026-03-17T10:14:56.659131,40,777,0.0,408.50000000000017,0.9248921857986309,0.0,0.0,0.0,444,108,449,0,4.2819976806640625,0.00025,20000
2026-03-17T10:14:57.325975,40,787,0.1,408.3000000000001,0.9248921857986309,0.0,0.0,0.0,442,141,449,11,5.427837371826172,0.00025,20000
2026-03-17T10:14:57.990379,40,797,0.1,408.7000000000002,0.9248921857986309,0.0,0.0,0.0,446,144,449,0,5.380153656005859,0.00025,20000
2026-03-17T10:14:58.654498,40,807,1.0,445.0000000000003,0.9248921857986309,0.0,0.0,0.0,485,156,485,3,3.5698413848876953,0.00025,20000
2026-03-17T10:14:59.319012,40,817,0.0,450.0000000000003,0.9248921857986309,0.0,0.0,0.0,490,160,490,8,3.2129287719726562,0.00025,20000
2026-03-17T10:14:59.985785,40,827,-0.1,450.50000000000017,0.9248921857986309,0.0,0.0,0.0,486,138,491,10,3.448486328125,0.00025,20000
2026-03-17T10:15:00.649054,40,837,0.0,449.49999999999994,0.9248921857986309,0.0,0.0,0.0,476,144,491,3,2.105712890625,0.00025,20000
2026-03-17T10:15:01.314341,40,847,0.0,449.2999999999999,0.9248921857986309,0.0,0.0,0.0,474,144,491,7,2.0782947540283203,0.00025,20000
2026-03-17T10:15:01.982721,40,857,1.0,452.0000000000003,0.9248921857986309,0.0,0.0,0.0,492,176,492,1,4.980564117431641,0.00025,20000
2026-03-17T10:15:02.649103,40,867,0.0,457.7000000000002,0.9248921857986309,0.0,0.0,0.0,495,173,498,11,5.333900451660156,0.00025,20000
2026-03-17T10:15:03.314645,40,877,0.0,456.8,0.9248921857986309,0.0,0.0,0.0,486,176,498,4,6.112813949584961,0.00025,20000
2026-03-17T10:15:03.980486,40,887,0.0,456.09999999999985,0.9248921857986309,0.0,0.0,0.0,479,176,498,11,5.398988723754883,0.00025,20000
2026-03-17T10:15:04.647666,40,897,0.0,455.99999999999983,0.9248921857986309,0.0,0.0,0.0,478,176,498,6,7.088184356689453,0.00025,20000
2026-03-17T10:15:05.307619,40,907,0.0,456.2999999999999,0.9248921857986309,0.0,0.0,0.0,481,176,498,4,1.9445419311523438,0.00025,20000
2026-03-17T10:15:05.976022,40,917,-0.1,456.1999999999999,0.9248921857986309,0.0,0.0,0.0,480,168,498,11,3.4301280975341797,0.00025,20000
2026-03-17T10:15:06.642493,40,927,0.0,456.09999999999985,0.9248921857986309,0.0,0.0,0.0,479,148,498,5,4.637241363525391,0.00025,20000
2026-03-17T10:15:07.305390,40,937,0.0,455.99999999999983,0.9248921857986309,0.0,0.0,0.0,478,157,498,8,2.7713775634765625,0.00025,20000
2026-03-17T10:15:07.974166,40,947,0.0,457.2000000000001,0.9248921857986309,0.0,0.0,0.0,490,176,498,8,5.263805389404297,0.00025,20000
2026-03-17T10:15:08.636682,40,957,0.0,456.09999999999985,0.9248921857986309,0.0,0.0,0.0,479,176,498,9,3.6725997924804688,0.00025,20000
2026-03-17T10:15:09.304628,40,967,0.0,455.99999999999983,0.9248921857986309,0.0,0.0,0.0,478,176,498,11,5.858421325683594,0.00025,20000
2026-03-17T10:15:09.967922,40,977,0.0,456.49999999999994,0.9248921857986309,0.0,0.0,0.0,483,176,498,11,3.347158432006836,0.00025,20000
2026-03-17T10:15:10.637326,40,987,0.0,456.09999999999985,0.9248921857986309,0.0,0.0,0.0,479,160,498,11,7.692575454711914,0.00025,20000
2026-03-17T10:15:11.300135,40,997,0.1,457.6000000000002,0.9248921857986309,0.0,0.0,0.0,494,135,498,0,4.036903381347656,0.00025,20000
2026-03-17T10:15:11.967882,40,1007,-0.1,456.90000000000003,0.9248921857986309,0.0,0.0,0.0,487,157,498,0,4.317760467529297,0.00025,20000
2026-03-17T10:15:12.633620,40,1017,0.0,456.49999999999994,0.9248921857986309,0.0,0.0,0.0,483,152,498,3,6.908655166625977,0.00025,20000
2026-03-17T10:15:13.297427,40,1027,-0.1,456.90000000000003,0.9248921857986309,0.0,0.0,0.0,487,135,498,8,4.023313522338867,0.00025,20000
2026-03-17T10:15:13.962055,40,1037,1.0,459.0000000000003,0.9248921857986309,0.0,0.0,0.0,499,157,499,11,4.435300827026367,0.00025,20000
2026-03-17T10:15:14.627037,40,1047,0.0,466.90000000000026,0.9248921857986309,0.0,0.0,0.0,506,176,507,7,3.612518310546875,0.00025,20000
2026-03-17T10:15:15.297417,40,1057,0.0,486.0000000000003,0.9248921857986309,0.0,0.0,0.0,526,149,526,3,6.428718566894531,0.00025,20000
2026-03-17T10:15:15.962476,40,1067,1.0,514.0000000000002,0.9248921857986309,0.0,0.0,0.0,554,145,554,6,7.498025894165039,0.00025,20000
2026-03-17T10:15:16.623688,40,1077,-0.1,522.0,0.9248921857986309,0.0,0.0,0.0,553,157,563,9,3.4875869750976562,0.00025,20000
2026-03-17T10:15:17.291720,40,1087,-0.1,521.5999999999999,0.9248921857986309,0.0,0.0,0.0,549,138,563,5,5.105733871459961,0.00025,20000
2026-03-17T10:15:17.955896,40,1097,0.0,520.8999999999997,0.9248921857986309,0.0,0.0,0.0,542,176,563,8,3.856182098388672,0.00025,20000
2026-03-17T10:15:18.620337,40,1107,0.0,520.4999999999997,0.9248921857986309,0.0,0.0,0.0,538,149,563,4,3.2804012298583984,0.00025,20000
2026-03-17T10:15:19.289344,40,1117,0.0,520.2999999999996,0.9248921857986309,0.0,0.0,0.0,536,157,563,6,6.266593933105469,0.00025,20000
2026-03-17T10:15:19.952566,40,1127,0.0,520.0999999999996,0.9248921857986309,0.0,0.0,0.0,534,173,563,0,4.170417785644531,0.00025,20000
2026-03-17T10:15:20.619821,40,1137,0.0,519.8999999999995,0.9248921857986309,0.0,0.0,0.0,532,118,563,0,4.671573638916016,0.00025,20000
2026-03-17T10:15:21.287824,40,1147,0.1,521.0999999999998,0.9248921857986309,0.0,0.0,0.0,544,157,563,0,8.290290832519531,0.00025,20000
2026-03-17T10:15:21.949956,40,1157,0.1,521.3999999999999,0.9248921857986309,0.0,0.0,0.0,547,165,563,3,4.581928253173828,0.00025,20000
2026-03-17T10:15:22.615919,40,1167,0.0,521.1999999999998,0.9248921857986309,0.0,0.0,0.0,545,160,563,7,5.338191986083984,0.00025,20000
2026-03-17T10:15:23.280160,40,1177,1.0,526.0000000000002,0.9248921857986309,0.0,0.0,0.0,566,145,566,0,4.073143005371094,0.00025,20000
2026-03-17T10:15:23.945921,40,1187,0.0,547.9000000000002,0.9248921857986309,0.0,0.0,0.0,587,135,588,10,3.7412643432617188,0.00025,20000
2026-03-17T10:15:24.611618,40,1197,1.0,554.0000000000002,0.9248921857986309,0.0,0.0,0.0,594,147,594,10,3.999948501586914,0.00025,20000
2026-03-17T10:15:25.278749,40,1207,0.0,553.3000000000001,0.9248921857986309,0.0,0.0,0.0,587,176,594,11,5.578517913818359,0.00025,20000
2026-03-17T10:15:25.943245,40,1217,-0.2,550.6999999999995,0.9248921857986309,0.0,0.0,0.0,561,147,594,8,5.338430404663086,0.00025,20000
2026-03-17T10:15:26.610472,40,1227,0.0,545.9999999999984,0.9248921857986309,0.0,0.0,0.0,514,149,594,3,6.619453430175781,0.00025,20000
2026-03-17T10:15:27.276940,40,1237,0.0,546.3999999999985,0.9248921857986309,0.0,0.0,0.0,518,147,594,11,7.006406784057617,0.00025,20000
2026-03-17T10:15:27.939286,40,1247,0.0,546.2999999999985,0.9248921857986309,0.0,0.0,0.0,517,168,594,0,3.847837448120117,0.00025,20000
2026-03-17T10:15:28.605825,40,1257,0.0,546.6999999999986,0.9248921857986309,0.0,0.0,0.0,521,149,594,5,4.59599494934082,0.00025,20000
2026-03-17T10:15:29.269766,40,1267,0.0,546.7999999999986,0.9248921857986309,0.0,0.0,0.0,522,128,594,3,4.02379035949707,0.00025,20000
2026-03-17T10:15:29.937541,40,1277,0.0,547.0999999999987,0.9248921857986309,0.0,0.0,0.0,525,176,594,1,4.155874252319336,0.00025,20000
2026-03-17T10:15:30.619598,40,1287,0.0,547.4999999999987,0.9248921857986309,0.0,0.0,0.0,529,176,594,10,4.116296768188477,0.00025,20000
2026-03-17T10:15:31.286857,40,1297,0.0,547.8999999999988,0.9248921857986309,0.0,0.0,0.0,533,176,594,11,6.639242172241211,0.00025,20000
2026-03-17T10:15:31.952987,40,1307,0.0,547.9999999999989,0.9248921857986309,0.0,0.0,0.0,534,176,594,3,6.783246994018555,0.00025,20000
2026-03-17T10:15:32.617461,40,1317,-0.1,547.3999999999987,0.9248921857986309,0.0,0.0,0.0,528,160,594,9,6.077051162719727,0.00025,20000
2026-03-17T10:15:33.279061,40,1327,0.0,547.9999999999989,0.9248921857986309,0.0,0.0,0.0,534,176,594,3,3.498077392578125,0.00025,20000
2026-03-17T10:15:33.947632,40,1337,0.0,548.1999999999989,0.9248921857986309,0.0,0.0,0.0,536,136,594,3,6.171464920043945,0.00025,20000
2026-03-17T10:15:34.610587,40,1347,0.1,550.2999999999994,0.9248921857986309,0.0,0.0,0.0,557,176,594,0,3.7190914154052734,0.00025,20000
2026-03-17T10:15:35.278559,40,1357,0.0,552.6999999999999,0.9248921857986309,0.0,0.0,0.0,581,176,594,6,4.9457550048828125,0.00025,20000
2026-03-17T10:15:35.944367,40,1367,0.0,553.0,0.9248921857986309,0.0,0.0,0.0,584,176,594,5,5.602598190307617,0.00025,20000
2026-03-17T10:15:36.607538,40,1377,0.0,552.2999999999998,0.9248921857986309,0.0,0.0,0.0,577,160,594,7,3.8912296295166016,0.00025,20000
2026-03-17T10:15:37.275630,40,1387,0.0,553.6000000000001,0.9248921857986309,0.0,0.0,0.0,590,145,594,10,6.062507629394531,0.00025,20000
2026-03-17T10:15:37.940392,40,1397,0.0,554.0000000000002,0.9248921857986309,0.0,0.0,0.0,594,149,594,2,5.34510612487793,0.00025,20000
2026-03-17T10:15:38.603798,40,1407,0.0,551.8999999999997,0.9248921857986309,0.0,0.0,0.0,573,160,594,3,3.481149673461914,0.00025,20000
2026-03-17T10:15:39.269513,40,1417,0.1,551.5999999999997,0.9248921857986309,0.0,0.0,0.0,570,176,594,1,3.9587020874023438,0.00025,20000
2026-03-17T10:15:39.936817,40,1427,0.1,553.5000000000001,0.9248921857986309,0.0,0.0,0.0,589,176,594,8,4.562616348266602,0.00025,20000
2026-03-17T10:15:40.602103,40,1437,-0.1,553.8000000000002,0.9248921857986309,0.0,0.0,0.0,592,147,594,6,5.011796951293945,0.00025,20000
2026-03-17T10:15:41.267708,40,1447,0.0,553.2,0.9248921857986309,0.0,0.0,0.0,586,160,594,9,5.215167999267578,0.00025,20000
2026-03-17T10:15:41.932041,40,1457,0.0,553.5000000000001,0.9248921857986309,0.0,0.0,0.0,589,160,594,9,4.616737365722656,0.00025,20000
2026-03-17T10:15:42.598180,40,1467,-0.1,552.9,0.9248921857986309,0.0,0.0,0.0,583,176,594,7,4.61268424987793,0.00025,20000
2026-03-17T10:15:43.265416,40,1477,-0.1,549.6999999999992,0.9248921857986309,0.0,0.0,0.0,551,163,594,7,5.205392837524414,0.00025,20000
2026-03-17T10:15:43.929654,40,1487,0.1,549.7999999999993,0.9248921857986309,0.0,0.0,0.0,552,176,594,7,5.300283432006836,0.00025,20000
2026-03-17T10:15:44.598649,40,1497,0.0,549.9999999999993,0.9248921857986309,0.0,0.0,0.0,554,157,594,10,6.611347198486328,0.00025,20000
2026-03-17T10:15:45.260431,40,1507,0.0,549.2999999999992,0.9248921857986309,0.0,0.0,0.0,547,173,594,11,3.5941600799560547,0.00025,20000
2026-03-17T10:15:45.925041,40,1517,0.0,548.799999999999,0.9248921857986309,0.0,0.0,0.0,542,160,594,1,3.7691593170166016,0.00025,20000
2026-03-17T10:15:46.591487,40,1527,0.0,549.3999999999992,0.9248921857986309,0.0,0.0,0.0,548,176,594,3,4.359245300292969,0.00025,20000
2026-03-17T10:15:47.258429,40,1537,-0.1,548.2999999999989,0.9248921857986309,0.0,0.0,0.0,537,147,594,4,4.91023063659668,0.00025,20000
2026-03-17T10:15:47.923001,40,1547,-0.1,546.7999999999986,0.9248921857986309,0.0,0.0,0.0,522,149,594,11,5.5484771728515625,0.00025,20000
2026-03-17T10:15:48.592747,40,1557,0.0,546.0999999999984,0.9248921857986309,0.0,0.0,0.0,515,160,594,0,7.998466491699219,0.00025,20000
2026-03-17T10:15:49.254553,40,1567,0.1,546.4999999999985,0.9248921857986309,0.0,0.0,0.0,519,138,594,1,3.840208053588867,0.00025,20000
2026-03-17T10:15:49.917418,40,1577,0.1,550.4999999999994,0.9248921857986309,0.0,0.0,0.0,559,160,594,8,3.1478404998779297,0.00025,20000
2026-03-17T10:15:50.585493,40,1587,0.0,551.5999999999997,0.9248921857986309,0.0,0.0,0.0,570,176,594,5,4.1942596435546875,0.00025,20000
2026-03-17T10:15:51.249934,40,1597,0.0,551.9999999999998,0.9248921857986309,0.0,0.0,0.0,574,160,594,9,3.558635711669922,0.00025,20000
2026-03-17T10:15:51.915743,40,1607,0.0,553.6000000000001,0.9248921857986309,0.0,0.0,0.0,590,147,594,1,3.5486221313476562,0.00025,20000
2026-03-17T10:15:52.582677,40,1617,0.0,554.0000000000002,0.9248921857986309,0.0,0.0,0.0,594,160,594,10,5.375862121582031,0.00025,20000
2026-03-17T10:15:53.249536,40,1627,0.0,553.9000000000002,0.9248921857986309,0.0,0.0,0.0,593,145,594,5,6.665706634521484,0.00025,20000
2026-03-17T10:15:53.915079,40,1637,0.1,554.0000000000002,0.9248921857986309,0.0,0.0,0.0,594,128,594,11,5.359649658203125,0.00025,20000
2026-03-17T10:15:54.579076,40,1647,1.0,560.0000000000002,0.9248921857986309,0.0,0.0,0.0,600,83,600,9,5.283832550048828,0.00025,20000
2026-03-17T10:15:55.247111,40,1657,1.0,576.0000000000002,0.9248921857986309,0.0,0.0,0.0,616,87,616,11,7.802009582519531,0.00025,20000
2026-03-17T10:15:55.911245,40,1667,0.0,578.8000000000002,0.9248921857986309,0.0,0.0,0.0,617,99,619,1,5.72967529296875,0.00025,20000
2026-03-17T10:15:56.574139,40,1677,0.0,578.2,0.9248921857986309,0.0,0.0,0.0,611,71,619,7,4.120349884033203,0.00025,20000
2026-03-17T10:15:57.242650,40,1687,0.0,577.8,0.9248921857986309,0.0,0.0,0.0,607,99,619,3,5.78618049621582,0.00025,20000
2026-03-17T10:15:57.904863,40,1697,0.0,578.6000000000001,0.9248921857986309,0.0,0.0,0.0,615,104,619,7,3.080129623413086,0.00025,20000
2026-03-17T10:15:58.571355,40,1707,0.0,578.4000000000001,0.9248921857986309,0.0,0.0,0.0,613,87,619,0,4.4155120849609375,0.00025,20000
2026-03-17T10:15:59.241165,40,1717,0.0,578.1,0.9248921857986309,0.0,0.0,0.0,610,97,619,8,7.684469223022461,0.00025,20000
2026-03-17T10:15:59.903863,40,1727,-0.1,577.1999999999998,0.9248921857986309,0.0,0.0,0.0,601,97,619,8,4.707574844360352,0.00025,20000
2026-03-17T10:16:00.569481,40,1737,0.0,575.4999999999994,0.9248921857986309,0.0,0.0,0.0,584,147,619,1,4.2667388916015625,0.00025,20000
2026-03-17T10:16:01.236660,40,1747,0.0,576.0999999999996,0.9248921857986309,0.0,0.0,0.0,590,176,619,10,6.984949111938477,0.00025,20000
2026-03-17T10:16:01.899370,40,1757,-0.1,574.5999999999992,0.9248921857986309,0.0,0.0,0.0,575,176,619,7,3.8084983825683594,0.00025,20000
2026-03-17T10:16:02.565426,40,1767,0.1,571.0999999999984,0.9248921857986309,0.0,0.0,0.0,540,160,619,3,4.066944122314453,0.00025,20000
2026-03-17T10:16:03.230687,40,1777,0.0,571.2999999999985,0.9248921857986309,0.0,0.0,0.0,542,164,619,2,4.044294357299805,0.00025,20000
2026-03-17T10:16:03.897447,40,1787,0.0,571.1999999999985,0.9248921857986309,0.0,0.0,0.0,541,176,619,9,4.31060791015625,0.00025,20000
2026-03-17T10:16:04.564343,40,1797,0.0,571.7999999999986,0.9248921857986309,0.0,0.0,0.0,547,176,619,2,6.4411163330078125,0.00025,20000
2026-03-17T10:16:05.229772,40,1807,0.0,570.9999999999984,0.9248921857986309,0.0,0.0,0.0,539,157,619,7,4.91786003112793,0.00025,20000
2026-03-17T10:16:05.893433,40,1817,0.0,571.2999999999985,0.9248921857986309,0.0,0.0,0.0,542,176,619,8,4.057407379150391,0.00025,20000
2026-03-17T10:16:06.559515,40,1827,0.0,571.3999999999985,0.9248921857986309,0.0,0.0,0.0,543,160,619,3,5.279302597045898,0.00025,20000
2026-03-17T10:16:07.224439,40,1837,0.1,571.2999999999985,0.9248921857986309,0.0,0.0,0.0,542,145,619,2,4.749774932861328,0.00025,20000
2026-03-17T10:16:07.892561,40,1847,0.1,571.9999999999986,0.9248921857986309,0.0,0.0,0.0,549,147,619,4,7.0323944091796875,0.00025,20000
2026-03-17T10:16:08.554736,40,1857,0.1,573.799999999999,0.9248921857986309,0.0,0.0,0.0,567,140,619,6,3.763437271118164,0.00025,20000
2026-03-17T10:16:09.221525,40,1867,0.1,576.3999999999996,0.9248921857986309,0.0,0.0,0.0,593,173,619,2,5.095005035400391,0.00025,20000
2026-03-17T10:16:09.886585,40,1877,0.0,576.7999999999997,0.9248921857986309,0.0,0.0,0.0,597,128,619,8,4.050254821777344,0.00025,20000
2026-03-17T10:16:10.553516,40,1887,0.0,575.5999999999995,0.9248921857986309,0.0,0.0,0.0,585,127,619,3,5.997896194458008,0.00025,20000
2026-03-17T10:16:11.218577,40,1897,-0.1,573.1999999999989,0.9248921857986309,0.0,0.0,0.0,561,136,619,7,6.061077117919922,0.00025,20000
2026-03-17T10:16:11.884850,40,1907,0.0,572.1999999999987,0.9248921857986309,0.0,0.0,0.0,551,145,619,6,5.571603775024414,0.00025,20000
2026-03-17T10:16:12.552152,40,1917,-0.1,572.3999999999987,0.9248921857986309,0.0,0.0,0.0,553,160,619,4,7.224321365356445,0.00025,20000
2026-03-17T10:16:13.232586,40,1927,0.0,572.4999999999987,0.9248921857986309,0.0,0.0,0.0,554,176,619,0,7.203817367553711,0.00025,20000
2026-03-17T10:16:13.896742,40,1937,0.0,572.2999999999987,0.9248921857986309,0.0,0.0,0.0,552,160,619,5,5.129337310791016,0.00025,20000
2026-03-17T10:16:14.560517,40,1947,0.0,571.7999999999986,0.9248921857986309,0.0,0.0,0.0,547,176,619,6,3.881692886352539,0.00025,20000
2026-03-17T10:16:15.224684,40,1957,0.0,571.0999999999984,0.9248921857986309,0.0,0.0,0.0,540,176,619,0,1.7516613006591797,0.00025,20000
2026-03-17T10:16:15.894541,40,1967,0.0,571.7999999999986,0.9248921857986309,0.0,0.0,0.0,547,176,619,4,5.42759895324707,0.00025,20000
2026-03-17T10:16:16.557679,40,1977,0.0,572.1999999999987,0.9248921857986309,0.0,0.0,0.0,551,160,619,4,4.562616348266602,0.00025,20000
2026-03-17T10:16:17.226179,40,1987,0.0,572.4999999999987,0.9248921857986309,0.0,0.0,0.0,554,160,619,9,5.264043807983398,0.00025,20000
2026-03-17T10:16:17.892396,40,1997,0.0,574.5999999999992,0.9248921857986309,0.0,0.0,0.0,575,145,619,5,5.683183670043945,0.00025,20000
2026-03-17T10:16:18.553030,40,2007,0.0,574.2999999999992,0.9248921857986309,0.0,0.0,0.0,572,145,619,1,2.702474594116211,0.00025,20000
2026-03-17T10:16:19.221816,40,2017,0.1,574.5999999999992,0.9248921857986309,0.0,0.0,0.0,575,173,619,5,5.000114440917969,0.00025,20000
2026-03-17T10:16:19.886770,40,2027,0.0,574.8999999999993,0.9248921857986309,0.0,0.0,0.0,578,173,619,10,3.763914108276367,0.00025,20000
2026-03-17T10:16:20.552376,40,2037,-0.1,572.8999999999988,0.9248921857986309,0.0,0.0,0.0,558,135,619,7,4.825115203857422,0.00025,20000
2026-03-17T10:16:21.220754,40,2047,0.0,571.5999999999985,0.9248921857986309,0.0,0.0,0.0,545,173,619,11,7.395029067993164,0.00025,20000
2026-03-17T10:16:21.884095,40,2057,0.0,571.6999999999986,0.9248921857986309,0.0,0.0,0.0,546,160,619,3,5.977869033813477,0.00025,20000
2026-03-17T10:16:22.550061,40,2067,0.0,570.9999999999984,0.9248921857986309,0.0,0.0,0.0,539,176,619,6,4.688739776611328,0.00025,20000
2026-03-17T10:16:23.216429,40,2077,0.0,571.0999999999984,0.9248921857986309,0.0,0.0,0.0,540,176,619,5,6.717443466186523,0.00025,20000
2026-03-17T10:16:23.885324,40,2087,0.0,571.1999999999985,0.9248921857986309,0.0,0.0,0.0,541,149,619,3,10.078668594360352,0.00025,20000
2026-03-17T10:16:24.545851,40,2097,0.0,571.2999999999985,0.9248921857986309,0.0,0.0,0.0,542,176,619,9,4.072427749633789,0.00025,20000
2026-03-17T10:16:25.211477,40,2107,0.0,573.1999999999989,0.9248921857986309,0.0,0.0,0.0,561,176,619,9,4.372835159301758,0.00025,20000
2026-03-17T10:16:25.879250,40,2117,0.0,572.6999999999988,0.9248921857986309,0.0,0.0,0.0,556,176,619,11,5.751371383666992,0.00025,20000
2026-03-17T10:16:26.544329,40,2127,-0.1,571.4999999999985,0.9248921857986309,0.0,0.0,0.0,544,176,619,5,6.192922592163086,0.00025,20000
2026-03-17T10:16:27.208351,40,2137,0.0,571.1999999999985,0.9248921857986309,0.0,0.0,0.0,541,176,619,11,4.582405090332031,0.00025,20000
2026-03-17T10:16:27.875446,40,2147,0.0,571.0999999999984,0.9248921857986309,0.0,0.0,0.0,540,176,619,2,4.957675933837891,0.00025,20000
2026-03-17T10:16:28.540826,40,2157,0.0,571.2999999999985,0.9248921857986309,0.0,0.0,0.0,542,140,619,0,6.158590316772461,0.00025,20000
2026-03-17T10:16:29.207154,40,2167,0.0,571.2999999999985,0.9248921857986309,0.0,0.0,0.0,542,168,619,1,7.183313369750977,0.00025,20000
2026-03-17T10:16:29.870386,40,2177,0.1,574.2999999999992,0.9248921857986309,0.0,0.0,0.0,572,176,619,9,4.814386367797852,0.00025,20000
2026-03-17T10:16:30.535430,40,2187,0.1,575.8999999999995,0.9248921857986309,0.0,0.0,0.0,588,160,619,8,4.682302474975586,0.00025,20000
2026-03-17T10:16:31.204022,40,2197,0.0,575.8999999999995,0.9248921857986309,0.0,0.0,0.0,588,176,619,6,7.323026657104492,0.00025,20000
2026-03-17T10:16:31.868487,40,2207,0.0,576.1999999999996,0.9248921857986309,0.0,0.0,0.0,591,176,619,8,5.739927291870117,0.00025,20000
2026-03-17T10:16:32.533347,40,2217,-0.1,574.5999999999992,0.9248921857986309,0.0,0.0,0.0,575,176,619,9,4.695653915405273,0.00025,20000
2026-03-17T10:16:33.196787,40,2227,0.0,572.1999999999987,0.9248921857986309,0.0,0.0,0.0,551,176,619,2,4.365682601928711,0.00025,20000
2026-03-17T10:16:33.863173,40,2237,0.0,571.0999999999984,0.9248921857986309,0.0,0.0,0.0,540,157,619,9,4.088163375854492,0.00025,20000
2026-03-17T10:16:34.547419,40,2247,0.0,571.1999999999985,0.9248921857986309,0.0,0.0,0.0,541,136,619,1,5.284309387207031,0.00025,20000
2026-03-17T10:16:35.210729,40,2257,0.0,573.399999999999,0.9248921857986309,0.0,0.0,0.0,563,176,619,8,5.594015121459961,0.00025,20000
2026-03-17T10:16:35.877981,40,2267,0.0,572.7999999999988,0.9248921857986309,0.0,0.0,0.0,557,173,619,5,7.058143615722656,0.00025,20000
2026-03-17T10:16:36.541270,40,2277,0.0,570.9999999999984,0.9248921857986309,0.0,0.0,0.0,539,165,619,8,4.112720489501953,0.00025,20000
2026-03-17T10:16:37.207232,40,2287,0.1,572.7999999999988,0.9248921857986309,0.0,0.0,0.0,557,173,619,11,4.156351089477539,0.00025,20000
2026-03-17T10:16:37.873932,40,2297,-0.1,573.1999999999989,0.9248921857986309,0.0,0.0,0.0,561,176,619,11,5.325794219970703,0.00025,20000
2026-03-17T10:16:38.540771,40,2307,0.0,572.2999999999987,0.9248921857986309,0.0,0.0,0.0,552,149,619,1,5.884408950805664,0.00025,20000
2026-03-17T10:16:39.205788,40,2317,-0.1,571.4999999999985,0.9248921857986309,0.0,0.0,0.0,544,160,619,6,5.469322204589844,0.00025,20000
2026-03-17T10:16:39.871527,40,2327,0.0,570.9999999999984,0.9248921857986309,0.0,0.0,0.0,539,147,619,4,6.231069564819336,0.00025,20000
2026-03-17T10:16:40.536843,40,2337,0.0,571.0999999999984,0.9248921857986309,0.0,0.0,0.0,540,168,619,2,5.364656448364258,0.00025,20000
2026-03-17T10:16:41.203640,40,2347,0.0,570.9999999999984,0.9248921857986309,0.0,0.0,0.0,539,176,619,10,7.781505584716797,0.00025,20000
2026-03-17T10:16:41.865152,40,2357,0.0,571.0999999999984,0.9248921857986309,0.0,0.0,0.0,540,147,619,1,3.9947032928466797,0.00025,20000
2026-03-17T10:16:42.531806,40,2367,0.0,571.2999999999985,0.9248921857986309,0.0,0.0,0.0,542,136,619,1,4.66609001159668,0.00025,20000
2026-03-17T10:16:43.196218,40,2377,0.0,571.0999999999984,0.9248921857986309,0.0,0.0,0.0,540,135,619,5,3.2444000244140625,0.00025,20000
2026-03-17T10:16:43.861473,40,2387,0.0,572.2999999999987,0.9248921857986309,0.0,0.0,0.0,552,152,619,9,2.078533172607422,0.00025,20000
2026-03-17T10:16:44.528694,40,2397,0.1,575.9999999999995,0.9248921857986309,0.0,0.0,0.0,589,176,619,3,5.240678787231445,0.00025,20000
2026-03-17T10:16:45.164080,40,2407,0.0,576.1999999999996,0.9248921857986309,0.0,0.0,0.0,591,176,619,1,8.302927017211914,0.00025,20000
2026-03-17T10:16:46.343273,41,9,0.0,17.0,0.9230424014270336,0.0,0.0,0.0,57,138,57,5,5.838632583618164,0.00025,20000
2026-03-17T10:16:47.009143,41,19,0.0,26.0,0.9230424014270336,0.0,0.0,0.0,66,147,66,9,6.819963455200195,0.00025,20000
2026-03-17T10:16:47.671366,41,29,1.0,80.0,0.9230424014270336,0.0,0.0,0.0,120,139,120,9,2.9201507568359375,0.00025,20000
2026-03-17T10:16:48.336296,41,39,1.0,132.0,0.9230424014270336,0.0,0.0,0.0,172,149,172,4,2.8791427612304688,0.00025,20000
2026-03-17T10:16:49.003639,41,49,1.0,192.0,0.9230424014270336,0.0,0.0,0.0,232,142,232,8,4.619121551513672,0.00025,20000
2026-03-17T10:16:49.673062,41,59,1.0,243.0,0.9230424014270336,0.0,0.0,0.0,283,149,283,6,4.5909881591796875,0.00025,20000
2026-03-17T10:16:50.335750,41,69,1.0,298.0,0.9230424014270336,0.0,0.0,0.0,338,156,338,9,4.328727722167969,0.00025,20000
2026-03-17T10:16:51.000588,41,79,1.0,373.0,0.9230424014270336,0.0,0.0,0.0,413,132,413,7,4.23741340637207,0.00025,20000
2026-03-17T10:16:51.667551,41,89,0.0,393.29999999999984,0.9230424014270336,0.0,0.0,0.0,427,176,434,9,5.832433700561523,0.00025,20000
2026-03-17T10:16:52.334879,41,99,0.0,391.7999999999995,0.9230424014270336,0.0,0.0,0.0,412,147,434,0,6.914615631103516,0.00025,20000
2026-03-17T10:16:52.995641,41,109,0.0,391.3999999999994,0.9230424014270336,0.0,0.0,0.0,408,147,434,3,3.332853317260742,0.00025,20000
2026-03-17T10:16:53.662220,41,119,-0.1,388.3999999999987,0.9230424014270336,0.0,0.0,0.0,378,173,434,3,3.3202171325683594,0.00025,20000
2026-03-17T10:16:54.326742,41,129,0.0,387.19999999999845,0.9230424014270336,0.0,0.0,0.0,366,176,434,4,3.3326148986816406,0.00025,20000
2026-03-17T10:16:54.993107,41,139,0.1,388.7999999999988,0.9230424014270336,0.0,0.0,0.0,382,157,434,3,4.252195358276367,0.00025,20000
2026-03-17T10:16:55.659399,41,149,0.1,391.3999999999994,0.9230424014270336,0.0,0.0,0.0,408,160,434,6,4.361152648925781,0.00025,20000
2026-03-17T10:16:56.324570,41,159,0.0,393.0999999999998,0.9230424014270336,0.0,0.0,0.0,425,160,434,9,3.5529136657714844,0.00025,20000
2026-03-17T10:16:56.991636,41,169,0.1,393.9,0.9230424014270336,0.0,0.0,0.0,433,147,434,10,6.252288818359375,0.00025,20000
2026-03-17T10:16:57.657523,41,179,1.0,418.0,0.9230424014270336,0.0,0.0,0.0,458,115,458,4,5.970478057861328,0.00025,20000
2026-03-17T10:16:58.324259,41,189,0.0,432.9,0.9230424014270336,0.0,0.0,0.0,472,125,473,11,6.621837615966797,0.00025,20000
2026-03-17T10:16:58.986510,41,199,0.0,442.0,0.9230424014270336,0.0,0.0,0.0,482,153,482,0,3.0362606048583984,0.00025,20000
2026-03-17T10:16:59.652736,41,209,1.0,453.0,0.9230424014270336,0.0,0.0,0.0,493,157,493,11,3.42559814453125,0.00025,20000
2026-03-17T10:17:00.317139,41,219,0.0,456.0,0.9230424014270336,0.0,0.0,0.0,496,176,496,9,3.5178661346435547,0.00025,20000
2026-03-17T10:17:00.983487,41,229,0.0,469.0,0.9230424014270336,0.0,0.0,0.0,509,176,509,3,4.273891448974609,0.00025,20000
2026-03-17T10:17:01.649806,41,239,0.0,467.89999999999975,0.9230424014270336,0.0,0.0,0.0,498,149,509,0,4.695892333984375,0.00025,20000
2026-03-17T10:17:02.315939,41,249,0.0,468.39999999999986,0.9230424014270336,0.0,0.0,0.0,503,176,509,4,4.3354034423828125,0.00025,20000
2026-03-17T10:17:02.982571,41,259,0.1,467.9999999999998,0.9230424014270336,0.0,0.0,0.0,499,176,509,10,7.117748260498047,0.00025,20000
2026-03-17T10:17:03.647426,41,269,1.0,480.0,0.9230424014270336,0.0,0.0,0.0,520,160,520,7,6.407499313354492,0.00025,20000
2026-03-17T10:17:04.314277,41,279,0.0,500.9,0.9230424014270336,0.0,0.0,0.0,540,176,541,5,7.418632507324219,0.00025,20000
2026-03-17T10:17:04.976364,41,289,-0.1,499.49999999999966,0.9230424014270336,0.0,0.0,0.0,526,176,541,5,3.419637680053711,0.00025,20000
2026-03-17T10:17:05.643777,41,299,-0.1,496.39999999999895,0.9230424014270336,0.0,0.0,0.0,495,173,541,3,5.100011825561523,0.00025,20000
2026-03-17T10:17:06.307679,41,309,0.0,496.599999999999,0.9230424014270336,0.0,0.0,0.0,497,173,541,6,4.362583160400391,0.00025,20000
2026-03-17T10:17:06.974424,41,319,-0.1,496.599999999999,0.9230424014270336,0.0,0.0,0.0,497,149,541,4,5.176782608032227,0.00025,20000
2026-03-17T10:17:07.639642,41,329,0.0,494.2999999999985,0.9230424014270336,0.0,0.0,0.0,474,144,541,2,4.856109619140625,0.00025,20000
2026-03-17T10:17:08.306526,41,339,-0.1,493.1999999999982,0.9230424014270336,0.0,0.0,0.0,463,144,541,4,6.414890289306641,0.00025,20000
2026-03-17T10:17:08.973185,41,349,0.0,492.9999999999982,0.9230424014270336,0.0,0.0,0.0,461,128,541,10,7.634878158569336,0.00025,20000
2026-03-17T10:17:09.635797,41,359,0.0,493.29999999999825,0.9230424014270336,0.0,0.0,0.0,464,144,541,11,4.433393478393555,0.00025,20000
2026-03-17T10:17:10.301619,41,369,0.1,493.8999999999984,0.9230424014270336,0.0,0.0,0.0,470,144,541,3,4.312276840209961,0.00025,20000
2026-03-17T10:17:10.968716,41,379,0.1,496.59999999999894,0.9230424014270336,0.0,0.0,0.0,497,160,541,0,5.527257919311523,0.00025,20000
2026-03-17T10:17:11.631229,41,389,0.0,499.9999999999997,0.9230424014270336,0.0,0.0,0.0,531,176,541,0,3.470897674560547,0.00025,20000
2026-03-17T10:17:12.298461,41,399,-0.1,499.4999999999996,0.9230424014270336,0.0,0.0,0.0,526,176,541,6,4.582881927490234,0.00025,20000
2026-03-17T10:17:12.966428,41,409,0.0,498.6999999999994,0.9230424014270336,0.0,0.0,0.0,518,176,541,0,6.614446640014648,0.00025,20000
2026-03-17T10:17:13.628950,41,419,0.0,497.1999999999991,0.9230424014270336,0.0,0.0,0.0,503,176,541,3,3.695964813232422,0.00025,20000
2026-03-17T10:17:14.297813,41,429,0.0,496.59999999999894,0.9230424014270336,0.0,0.0,0.0,497,157,541,10,6.772041320800781,0.00025,20000
2026-03-17T10:17:14.963307,41,439,0.0,496.799999999999,0.9230424014270336,0.0,0.0,0.0,499,173,541,2,7.337808609008789,0.00025,20000
2026-03-17T10:17:15.625570,41,449,0.0,497.1999999999991,0.9230424014270336,0.0,0.0,0.0,503,176,541,2,4.212379455566406,0.00025,20000
2026-03-17T10:17:16.293646,41,459,0.0,496.69999999999897,0.9230424014270336,0.0,0.0,0.0,498,176,541,4,5.8879852294921875,0.00025,20000
2026-03-17T10:17:16.958062,41,469,0.0,497.89999999999924,0.9230424014270336,0.0,0.0,0.0,510,149,541,9,4.786252975463867,0.00025,20000
2026-03-17T10:17:17.679206,41,479,0.0,498.5999999999994,0.9230424014270336,0.0,0.0,0.0,517,138,541,2,2.6273727416992188,0.00025,20000
2026-03-17T10:17:18.306753,41,489,0.0,498.5999999999994,0.9230424014270336,0.0,0.0,0.0,517,128,541,4,5.881547927856445,0.00025,20000
2026-03-17T10:17:18.971528,41,499,0.0,500.8999999999999,0.9230424014270336,0.0,0.0,0.0,540,173,541,9,4.78053092956543,0.00025,20000
2026-03-17T10:17:19.637804,41,509,0.0,519.0,0.9230424014270336,0.0,0.0,0.0,559,176,559,11,5.362510681152344,0.00025,20000
2026-03-17T10:17:20.304189,41,519,1.0,538.0,0.9230424014270336,0.0,0.0,0.0,578,176,578,1,7.4024200439453125,0.00025,20000
2026-03-17T10:17:20.971400,41,529,-0.1,553.3999999999999,0.9230424014270336,0.0,0.0,0.0,588,176,594,6,7.713556289672852,0.00025,20000
2026-03-17T10:17:21.633367,41,539,0.0,558.9,0.9230424014270336,0.0,0.0,0.0,598,128,599,6,4.935741424560547,0.00025,20000
2026-03-17T10:17:22.298786,41,549,0.0,562.0,0.9230424014270336,0.0,0.0,0.0,602,87,602,6,4.701137542724609,0.00025,20000
2026-03-17T10:17:22.965605,41,559,0.0,569.0,0.9230424014270336,0.0,0.0,0.0,609,88,609,3,4.754304885864258,0.00025,20000
2026-03-17T10:17:23.629122,41,569,0.0,575.0,0.9230424014270336,0.0,0.0,0.0,615,99,615,3,4.610538482666016,0.00025,20000
2026-03-17T10:17:24.296517,41,579,-0.1,573.1999999999996,0.9230424014270336,0.0,0.0,0.0,597,128,615,0,5.072355270385742,0.00025,20000
2026-03-17T10:17:24.961330,41,589,0.0,571.9999999999993,0.9230424014270336,0.0,0.0,0.0,585,154,615,2,4.148960113525391,0.00025,20000
2026-03-17T10:17:25.629269,41,599,0.0,572.0999999999993,0.9230424014270336,0.0,0.0,0.0,586,176,615,8,7.155418395996094,0.00025,20000
2026-03-17T10:17:26.293443,41,609,-0.1,569.8999999999988,0.9230424014270336,0.0,0.0,0.0,564,173,615,3,6.031990051269531,0.00025,20000
2026-03-17T10:17:26.959670,41,619,0.0,567.5999999999983,0.9230424014270336,0.0,0.0,0.0,541,165,615,11,7.205009460449219,0.00025,20000
2026-03-17T10:17:27.623389,41,629,0.0,566.9999999999982,0.9230424014270336,0.0,0.0,0.0,535,176,615,7,5.362987518310547,0.00025,20000
2026-03-17T10:17:28.301259,41,639,0.0,567.1999999999982,0.9230424014270336,0.0,0.0,0.0,537,172,615,2,6.796836853027344,0.00025,20000
2026-03-17T10:17:28.956571,41,649,0.1,567.2999999999982,0.9230424014270336,0.0,0.0,0.0,538,149,615,0,6.193399429321289,0.00025,20000
2026-03-17T10:17:29.621170,41,659,0.0,567.7999999999984,0.9230424014270336,0.0,0.0,0.0,543,145,615,9,5.5866241455078125,0.00025,20000
2026-03-17T10:17:30.285400,41,669,0.0,567.5999999999983,0.9230424014270336,0.0,0.0,0.0,541,140,615,9,4.214048385620117,0.00025,20000
2026-03-17T10:17:30.953051,41,679,0.0,568.7999999999986,0.9230424014270336,0.0,0.0,0.0,553,176,615,1,6.790876388549805,0.00025,20000
2026-03-17T10:17:31.620439,41,689,0.0,570.2999999999989,0.9230424014270336,0.0,0.0,0.0,568,176,615,5,7.586002349853516,0.00025,20000
2026-03-17T10:17:32.286193,41,699,-0.1,569.6999999999988,0.9230424014270336,0.0,0.0,0.0,562,145,615,1,7.1048736572265625,0.00025,20000
2026-03-17T10:17:32.948928,41,709,0.0,568.4999999999985,0.9230424014270336,0.0,0.0,0.0,550,145,615,11,5.648374557495117,0.00025,20000
2026-03-17T10:17:33.610805,41,719,0.1,570.599999999999,0.9230424014270336,0.0,0.0,0.0,571,173,615,0,2.6702880859375,0.00025,20000
2026-03-17T10:17:34.280612,41,729,0.0,572.5999999999995,0.9230424014270336,0.0,0.0,0.0,591,173,615,11,5.880832672119141,0.00025,20000
2026-03-17T10:17:34.942748,41,739,0.0,572.4999999999994,0.9230424014270336,0.0,0.0,0.0,590,173,615,10,3.9703845977783203,0.00025,20000
2026-03-17T10:17:35.610567,41,749,-0.1,570.499999999999,0.9230424014270336,0.0,0.0,0.0,570,152,615,4,5.869388580322266,0.00025,20000
2026-03-17T10:17:36.274861,41,759,-0.1,568.5999999999985,0.9230424014270336,0.0,0.0,0.0,551,148,615,6,4.018306732177734,0.00025,20000
2026-03-17T10:17:36.942329,41,769,0.0,566.9999999999982,0.9230424014270336,0.0,0.0,0.0,535,110,615,0,6.766557693481445,0.00025,20000
2026-03-17T10:17:37.606992,41,779,0.0,566.9999999999982,0.9230424014270336,0.0,0.0,0.0,535,160,615,3,5.2433013916015625,0.00025,20000
2026-03-17T10:17:38.272389,41,789,0.1,567.1999999999982,0.9230424014270336,0.0,0.0,0.0,537,164,615,6,4.854440689086914,0.00025,20000
2026-03-17T10:17:38.936089,41,799,0.0,567.4999999999983,0.9230424014270336,0.0,0.0,0.0,540,148,615,1,3.4101009368896484,0.00025,20000
2026-03-17T10:17:39.602997,41,809,0.0,567.0999999999982,0.9230424014270336,0.0,0.0,0.0,536,176,615,3,5.185842514038086,0.00025,20000
2026-03-17T10:17:40.265735,41,819,0.0,566.9999999999982,0.9230424014270336,0.0,0.0,0.0,535,176,615,7,2.0966529846191406,0.00025,20000
2026-03-17T10:17:40.932819,41,829,0.0,567.3999999999983,0.9230424014270336,0.0,0.0,0.0,539,127,615,3,3.4580230712890625,0.00025,20000
2026-03-17T10:17:41.599089,41,839,0.0,567.6999999999983,0.9230424014270336,0.0,0.0,0.0,542,176,615,2,4.1255950927734375,0.00025,20000
2026-03-17T10:17:42.268537,41,849,0.1,567.6999999999983,0.9230424014270336,0.0,0.0,0.0,542,176,615,0,6.28352165222168,0.00025,20000
2026-03-17T10:17:42.932659,41,859,-0.1,568.1999999999985,0.9230424014270336,0.0,0.0,0.0,547,149,615,7,6.784677505493164,0.00025,20000
2026-03-17T10:17:43.599813,41,869,0.1,567.0999999999982,0.9230424014270336,0.0,0.0,0.0,536,176,615,6,7.680416107177734,0.00025,20000
2026-03-17T10:17:44.261475,41,879,0.1,567.9999999999984,0.9230424014270336,0.0,0.0,0.0,545,176,615,3,3.599405288696289,0.00025,20000
2026-03-17T10:17:44.927101,41,889,0.0,568.8999999999986,0.9230424014270336,0.0,0.0,0.0,554,176,615,3,3.911733627319336,0.00025,20000
2026-03-17T10:17:45.592277,41,899,0.0,568.4999999999985,0.9230424014270336,0.0,0.0,0.0,550,149,615,1,2.948284149169922,0.00025,20000
2026-03-17T10:17:46.261553,41,909,-0.1,568.6999999999986,0.9230424014270336,0.0,0.0,0.0,552,160,615,2,8.087158203125,0.00025,20000
2026-03-17T10:17:46.925782,41,919,0.1,567.0999999999982,0.9230424014270336,0.0,0.0,0.0,536,147,615,4,5.203723907470703,0.00025,20000
2026-03-17T10:17:47.590473,41,929,0.0,567.4999999999983,0.9230424014270336,0.0,0.0,0.0,540,145,615,10,5.2280426025390625,0.00025,20000
2026-03-17T10:17:48.258012,41,939,0.1,567.6999999999983,0.9230424014270336,0.0,0.0,0.0,542,173,615,11,7.396936416625977,0.00025,20000
2026-03-17T10:17:48.923080,41,949,0.0,567.6999999999983,0.9230424014270336,0.0,0.0,0.0,542,168,615,8,6.976842880249023,0.00025,20000
2026-03-17T10:17:49.607708,41,959,0.0,566.9999999999982,0.9230424014270336,0.0,0.0,0.0,535,146,615,11,7.980108261108398,0.00025,20000
2026-03-17T10:17:50.271954,41,969,0.0,566.9999999999982,0.9230424014270336,0.0,0.0,0.0,535,157,615,2,7.144689559936523,0.00025,20000
2026-03-17T10:17:50.935186,41,979,0.0,567.1999999999982,0.9230424014270336,0.0,0.0,0.0,537,176,615,11,4.8980712890625,0.00025,20000
2026-03-17T10:17:51.601239,41,989,0.1,568.5999999999985,0.9230424014270336,0.0,0.0,0.0,551,160,615,9,5.649805068969727,0.00025,20000
2026-03-17T10:17:52.268743,41,999,0.0,572.8999999999995,0.9230424014270336,0.0,0.0,0.0,594,176,615,4,6.761312484741211,0.00025,20000
2026-03-17T10:17:52.931892,41,1009,0.0,571.9999999999993,0.9230424014270336,0.0,0.0,0.0,585,176,615,10,6.269693374633789,0.00025,20000
2026-03-17T10:17:53.597133,41,1019,0.0,571.6999999999992,0.9230424014270336,0.0,0.0,0.0,582,176,615,6,5.19251823425293,0.00025,20000
2026-03-17T10:17:54.264591,41,1029,0.0,572.8999999999995,0.9230424014270336,0.0,0.0,0.0,594,168,615,4,5.736112594604492,0.00025,20000
2026-03-17T10:17:54.929807,41,1039,-0.1,570.9999999999991,0.9230424014270336,0.0,0.0,0.0,575,148,615,0,5.659341812133789,0.00025,20000
2026-03-17T10:17:55.595388,41,1049,0.0,567.6999999999983,0.9230424014270336,0.0,0.0,0.0,542,176,615,0,6.959676742553711,0.00025,20000
2026-03-17T10:17:56.259797,41,1059,0.0,567.0999999999982,0.9230424014270336,0.0,0.0,0.0,536,160,615,3,5.807161331176758,0.00025,20000
2026-03-17T10:17:56.922837,41,1069,0.1,569.1999999999987,0.9230424014270336,0.0,0.0,0.0,557,176,615,5,2.990245819091797,0.00025,20000
2026-03-17T10:17:57.589546,41,1079,0.1,571.4999999999992,0.9230424014270336,0.0,0.0,0.0,580,160,615,5,4.882335662841797,0.00025,20000
2026-03-17T10:17:58.256743,41,1089,0.0,572.8999999999995,0.9230424014270336,0.0,0.0,0.0,594,176,615,9,5.204916000366211,0.00025,20000
2026-03-17T10:17:58.922108,41,1099,0.0,572.8999999999995,0.9230424014270336,0.0,0.0,0.0,594,149,615,9,4.610300064086914,0.00025,20000
2026-03-17T10:17:59.588203,41,1109,-0.1,571.5999999999992,0.9230424014270336,0.0,0.0,0.0,581,176,615,9,6.314277648925781,0.00025,20000
2026-03-17T10:18:00.252765,41,1119,0.0,569.7999999999988,0.9230424014270336,0.0,0.0,0.0,563,145,615,9,5.542278289794922,0.00025,20000
2026-03-17T10:18:00.919381,41,1129,0.0,570.0999999999989,0.9230424014270336,0.0,0.0,0.0,566,157,615,1,6.534099578857422,0.00025,20000
2026-03-17T10:18:01.584816,41,1139,0.0,570.2999999999989,0.9230424014270336,0.0,0.0,0.0,568,145,615,0,6.323575973510742,0.00025,20000
2026-03-17T10:18:02.249551,41,1149,0.0,570.8999999999991,0.9230424014270336,0.0,0.0,0.0,574,173,615,10,6.020784378051758,0.00025,20000
2026-03-17T10:18:02.914095,41,1159,0.0,571.7999999999993,0.9230424014270336,0.0,0.0,0.0,583,165,615,10,4.736900329589844,0.00025,20000
2026-03-17T10:18:03.580856,41,1169,-0.1,569.2999999999987,0.9230424014270336,0.0,0.0,0.0,558,176,615,5,5.520343780517578,0.00025,20000
2026-03-17T10:18:04.245989,41,1179,0.0,567.1999999999982,0.9230424014270336,0.0,0.0,0.0,537,176,615,4,4.633188247680664,0.00025,20000
2026-03-17T10:18:04.912445,41,1189,0.0,568.0999999999984,0.9230424014270336,0.0,0.0,0.0,546,149,615,6,6.529331207275391,0.00025,20000
2026-03-17T10:18:05.578194,41,1199,-0.1,567.8999999999984,0.9230424014270336,0.0,0.0,0.0,544,160,615,10,5.558013916015625,0.00025,20000
2026-03-17T10:18:06.241836,41,1209,0.1,567.6999999999983,0.9230424014270336,0.0,0.0,0.0,542,149,615,4,4.618644714355469,0.00025,20000
2026-03-17T10:18:06.912557,41,1219,0.0,569.2999999999987,0.9230424014270336,0.0,0.0,0.0,558,145,615,5,9.711980819702148,0.00025,20000
2026-03-17T10:18:07.573583,41,1229,0.0,568.9999999999986,0.9230424014270336,0.0,0.0,0.0,555,160,615,8,4.93168830871582,0.00025,20000
2026-03-17T10:18:08.237579,41,1239,0.0,568.8999999999986,0.9230424014270336,0.0,0.0,0.0,554,136,615,1,3.6847591400146484,0.00025,20000
2026-03-17T10:18:08.902931,41,1249,-0.1,569.2999999999987,0.9230424014270336,0.0,0.0,0.0,558,149,615,10,3.397226333618164,0.00025,20000
2026-03-17T10:18:09.570747,41,1259,-0.1,567.6999999999983,0.9230424014270336,0.0,0.0,0.0,542,160,615,4,5.28264045715332,0.00025,20000
2026-03-17T10:18:10.236264,41,1269,0.0,566.9999999999982,0.9230424014270336,0.0,0.0,0.0,535,149,615,9,5.214691162109375,0.00025,20000
2026-03-17T10:18:10.903127,41,1279,0.0,569.8999999999988,0.9230424014270336,0.0,0.0,0.0,564,135,615,1,7.306337356567383,0.00025,20000
2026-03-17T10:18:11.568842,41,1289,0.0,572.7999999999995,0.9230424014270336,0.0,0.0,0.0,593,143,615,3,7.004737854003906,0.00025,20000
2026-03-17T10:18:12.229924,41,1299,0.0,572.4999999999994,0.9230424014270336,0.0,0.0,0.0,590,176,615,11,2.3963451385498047,0.00025,20000
2026-03-17T10:18:12.896267,41,1309,0.0,572.7999999999995,0.9230424014270336,0.0,0.0,0.0,593,163,615,4,3.660917282104492,0.00025,20000
2026-03-17T10:18:13.562100,41,1319,0.0,571.9999999999993,0.9230424014270336,0.0,0.0,0.0,585,173,615,1,3.2520294189453125,0.00025,20000
2026-03-17T10:18:14.226966,41,1329,-0.2,568.5999999999985,0.9230424014270336,0.0,0.0,0.0,551,160,615,7,3.6029815673828125,0.00025,20000
2026-03-17T10:18:14.893885,41,1339,0.0,567.1999999999982,0.9230424014270336,0.0,0.0,0.0,537,145,615,4,4.730463027954102,0.00025,20000
2026-03-17T10:18:15.560972,41,1349,0.1,570.9999999999991,0.9230424014270336,0.0,0.0,0.0,575,149,615,11,5.4264068603515625,0.00025,20000
2026-03-17T10:18:16.227515,41,1359,0.0,571.8999999999993,0.9230424014270336,0.0,0.0,0.0,584,152,615,0,6.575107574462891,0.00025,20000
2026-03-17T10:18:16.892815,41,1369,0.0,568.4999999999985,0.9230424014270336,0.0,0.0,0.0,550,128,615,6,6.573915481567383,0.00025,20000
2026-03-17T10:18:17.559698,41,1379,0.0,568.2999999999985,0.9230424014270336,0.0,0.0,0.0,548,176,615,9,7.586956024169922,0.00025,20000
2026-03-17T10:18:18.222289,41,1389,0.0,568.5999999999985,0.9230424014270336,0.0,0.0,0.0,551,160,615,0,4.0874481201171875,0.00025,20000
2026-03-17T10:18:18.889530,41,1399,0.0,569.3999999999987,0.9230424014270336,0.0,0.0,0.0,559,176,615,8,5.85484504699707,0.00025,20000
2026-03-17T10:18:19.552792,41,1409,0.0,569.6999999999988,0.9230424014270336,0.0,0.0,0.0,562,176,615,6,3.6945343017578125,0.00025,20000
2026-03-17T10:18:20.219215,41,1419,0.0,569.4999999999987,0.9230424014270336,0.0,0.0,0.0,560,176,615,5,5.170106887817383,0.00025,20000
2026-03-17T10:18:20.883173,41,1429,0.0,569.4999999999987,0.9230424014270336,0.0,0.0,0.0,560,176,615,3,3.907918930053711,0.00025,20000
2026-03-17T10:18:21.551520,41,1439,0.0,570.0999999999989,0.9230424014270336,0.0,0.0,0.0,566,176,615,7,6.194353103637695,0.00025,20000
2026-03-17T10:18:22.217302,41,1449,0.0,568.2999999999985,0.9230424014270336,0.0,0.0,0.0,548,176,615,3,6.177663803100586,0.00025,20000
2026-03-17T10:18:22.883219,41,1459,0.0,568.4999999999985,0.9230424014270336,0.0,0.0,0.0,550,149,615,3,6.31260871887207,0.00025,20000
2026-03-17T10:18:23.549609,41,1469,-0.1,568.3999999999985,0.9230424014270336,0.0,0.0,0.0,549,138,615,2,7.69805908203125,0.00025,20000
2026-03-17T10:18:24.210624,41,1479,0.0,567.5999999999983,0.9230424014270336,0.0,0.0,0.0,541,160,615,5,3.445148468017578,0.00025,20000
2026-03-17T10:18:24.877750,41,1489,0.0,567.8999999999984,0.9230424014270336,0.0,0.0,0.0,544,147,615,2,4.153013229370117,0.00025,20000
2026-03-17T10:18:25.543713,41,1499,0.0,566.9999999999982,0.9230424014270336,0.0,0.0,0.0,535,147,615,5,3.902912139892578,0.00025,20000
2026-03-17T10:18:26.208823,41,1509,0.1,567.0999999999982,0.9230424014270336,0.0,0.0,0.0,536,135,615,4,4.79435920715332,0.00025,20000
2026-03-17T10:18:26.873462,41,1519,0.1,568.4999999999985,0.9230424014270336,0.0,0.0,0.0,550,176,615,1,3.6804676055908203,0.00025,20000
2026-03-17T10:18:27.542767,41,1529,0.0,571.7999999999993,0.9230424014270336,0.0,0.0,0.0,583,176,615,7,7.354259490966797,0.00025,20000
2026-03-17T10:18:28.207891,41,1539,0.0,572.4999999999994,0.9230424014270336,0.0,0.0,0.0,590,176,615,0,5.815982818603516,0.00025,20000
2026-03-17T10:18:28.872568,41,1549,0.0,572.4999999999994,0.9230424014270336,0.0,0.0,0.0,590,157,615,8,7.028818130493164,0.00025,20000
2026-03-17T10:18:29.539082,41,1559,0.0,571.8999999999993,0.9230424014270336,0.0,0.0,0.0,584,147,615,11,7.043600082397461,0.00025,20000
2026-03-17T10:18:30.203135,41,1569,0.0,571.5999999999992,0.9230424014270336,0.0,0.0,0.0,581,145,615,10,5.063533782958984,0.00025,20000
2026-03-17T10:18:30.867335,41,1579,0.0,572.1999999999994,0.9230424014270336,0.0,0.0,0.0,587,140,615,7,4.6634674072265625,0.00025,20000
2026-03-17T10:18:31.533582,41,1589,0.0,571.4999999999992,0.9230424014270336,0.0,0.0,0.0,580,157,615,0,4.6062469482421875,0.00025,20000
2026-03-17T10:18:32.201022,41,1599,0.0,571.0999999999991,0.9230424014270336,0.0,0.0,0.0,576,176,615,3,6.401777267456055,0.00025,20000
2026-03-17T10:18:32.864517,41,1609,-0.1,571.2999999999992,0.9230424014270336,0.0,0.0,0.0,578,145,615,6,4.616498947143555,0.00025,20000
2026-03-17T10:18:33.531181,41,1619,0.1,571.0999999999991,0.9230424014270336,0.0,0.0,0.0,576,147,615,11,6.215572357177734,0.00025,20000
2026-03-17T10:18:34.197628,41,1629,-0.1,570.599999999999,0.9230424014270336,0.0,0.0,0.0,571,176,615,1,7.21287727355957,0.00025,20000
2026-03-17T10:18:34.864441,41,1639,-0.2,569.4999999999987,0.9230424014270336,0.0,0.0,0.0,560,160,615,11,7.844686508178711,0.00025,20000
2026-03-17T10:18:35.525589,41,1649,0.0,566.9999999999982,0.9230424014270336,0.0,0.0,0.0,535,145,615,6,3.6602020263671875,0.00025,20000
2026-03-17T10:18:36.191046,41,1659,0.0,567.1999999999982,0.9230424014270336,0.0,0.0,0.0,537,147,615,8,3.403186798095703,0.00025,20000
2026-03-17T10:18:36.862344,41,1669,0.1,567.9999999999984,0.9230424014270336,0.0,0.0,0.0,545,136,615,9,9.22536849975586,0.00025,20000
2026-03-17T10:18:37.523434,41,1679,0.1,572.0999999999993,0.9230424014270336,0.0,0.0,0.0,586,176,615,3,4.300594329833984,0.00025,20000
2026-03-17T10:18:38.188307,41,1689,0.0,572.8999999999995,0.9230424014270336,0.0,0.0,0.0,594,138,615,4,4.111528396606445,0.00025,20000
2026-03-17T10:18:38.855260,41,1699,-0.1,572.3999999999994,0.9230424014270336,0.0,0.0,0.0,589,176,615,0,5.207300186157227,0.00025,20000
2026-03-17T10:18:39.520448,41,1709,-0.1,569.7999999999988,0.9230424014270336,0.0,0.0,0.0,563,176,615,3,5.28717041015625,0.00025,20000
2026-03-17T10:18:40.188646,41,1719,0.0,566.9999999999982,0.9230424014270336,0.0,0.0,0.0,535,149,615,6,7.073402404785156,0.00025,20000
2026-03-17T10:18:40.854377,41,1729,0.0,567.4999999999983,0.9230424014270336,0.0,0.0,0.0,540,135,615,3,6.93964958190918,0.00025,20000
2026-03-17T10:18:41.515253,41,1739,-0.1,567.2999999999982,0.9230424014270336,0.0,0.0,0.0,538,147,615,9,3.2186508178710938,0.00025,20000
2026-03-17T10:18:42.180581,41,1749,0.1,567.0999999999982,0.9230424014270336,0.0,0.0,0.0,536,176,615,0,3.1261444091796875,0.00025,20000
2026-03-17T10:18:42.852848,41,1759,0.0,567.2999999999982,0.9230424014270336,0.0,0.0,0.0,538,176,615,2,6.658315658569336,0.00025,20000
2026-03-17T10:18:43.514083,41,1769,0.0,567.2999999999982,0.9230424014270336,0.0,0.0,0.0,538,176,615,0,4.790782928466797,0.00025,20000
2026-03-17T10:18:44.179924,41,1779,0.1,567.0999999999982,0.9230424014270336,0.0,0.0,0.0,536,176,615,2,6.249904632568359,0.00025,20000
2026-03-17T10:18:44.845390,41,1789,0.0,567.3999999999983,0.9230424014270336,0.0,0.0,0.0,539,135,615,0,5.646228790283203,0.00025,20000
2026-03-17T10:18:45.509726,41,1799,0.0,570.1999999999989,0.9230424014270336,0.0,0.0,0.0,567,135,615,9,3.329753875732422,0.00025,20000
2026-03-17T10:18:46.173904,41,1809,0.0,571.6999999999992,0.9230424014270336,0.0,0.0,0.0,582,176,615,9,3.228902816772461,0.00025,20000
2026-03-17T10:18:46.839548,41,1819,0.0,572.4999999999994,0.9230424014270336,0.0,0.0,0.0,590,176,615,9,3.209352493286133,0.00025,20000
2026-03-17T10:18:47.504416,41,1829,0.0,572.7999999999995,0.9230424014270336,0.0,0.0,0.0,593,147,615,5,2.8951168060302734,0.00025,20000
2026-03-17T10:18:48.170761,41,1839,-0.2,568.6999999999986,0.9230424014270336,0.0,0.0,0.0,552,176,615,7,3.379344940185547,0.00025,20000
2026-03-17T10:18:48.837247,41,1849,0.0,566.9999999999982,0.9230424014270336,0.0,0.0,0.0,535,161,615,6,4.418134689331055,0.00025,20000
2026-03-17T10:18:49.502941,41,1859,0.0,567.1999999999982,0.9230424014270336,0.0,0.0,0.0,537,176,615,4,5.1364898681640625,0.00025,20000
2026-03-17T10:18:50.169058,41,1869,0.0,567.6999999999983,0.9230424014270336,0.0,0.0,0.0,542,147,615,0,5.819082260131836,0.00025,20000
2026-03-17T10:18:50.835936,41,1879,0.0,566.9999999999982,0.9230424014270336,0.0,0.0,0.0,535,160,615,6,6.985902786254883,0.00025,20000
2026-03-17T10:18:51.501122,41,1889,0.0,567.5999999999983,0.9230424014270336,0.0,0.0,0.0,541,160,615,11,6.549835205078125,0.00025,20000
2026-03-17T10:18:52.163726,41,1899,0.0,567.9999999999984,0.9230424014270336,0.0,0.0,0.0,545,147,615,3,3.0641555786132812,0.00025,20000
2026-03-17T10:18:52.828724,41,1909,0.0,569.4999999999987,0.9230424014270336,0.0,0.0,0.0,560,138,615,9,3.2455921173095703,0.00025,20000
2026-03-17T10:18:53.494646,41,1919,0.0,570.799999999999,0.9230424014270336,0.0,0.0,0.0,573,147,615,5,3.18145751953125,0.00025,20000
2026-03-17T10:18:54.160983,41,1929,0.0,569.2999999999987,0.9230424014270336,0.0,0.0,0.0,558,149,615,2,4.294633865356445,0.00025,20000
2026-03-17T10:18:54.827435,41,1939,0.0,569.0999999999987,0.9230424014270336,0.0,0.0,0.0,556,157,615,5,4.142284393310547,0.00025,20000
2026-03-17T10:18:55.493637,41,1949,-0.1,568.5999999999985,0.9230424014270336,0.0,0.0,0.0,551,145,615,4,5.929470062255859,0.00025,20000
2026-03-17T10:18:56.159205,41,1959,-0.1,567.0999999999982,0.9230424014270336,0.0,0.0,0.0,536,123,615,0,5.768537521362305,0.00025,20000
2026-03-17T10:18:56.826728,41,1969,0.1,567.2999999999982,0.9230424014270336,0.0,0.0,0.0,538,136,615,10,6.540536880493164,0.00025,20000
2026-03-17T10:18:57.487480,41,1979,-0.1,566.9999999999982,0.9230424014270336,0.0,0.0,0.0,535,176,615,2,3.0434131622314453,0.00025,20000
2026-03-17T10:18:58.154327,41,1989,-0.1,567.4999999999983,0.9230424014270336,0.0,0.0,0.0,540,176,615,2,3.069162368774414,0.00025,20000
2026-03-17T10:18:58.820778,41,1999,0.0,568.5999999999985,0.9230424014270336,0.0,0.0,0.0,551,176,615,5,3.3197402954101562,0.00025,20000
2026-03-17T10:18:59.485362,41,2009,0.0,567.8999999999984,0.9230424014270336,0.0,0.0,0.0,544,160,615,9,3.4492015838623047,0.00025,20000
2026-03-17T10:19:00.151497,41,2019,0.0,567.1999999999982,0.9230424014270336,0.0,0.0,0.0,537,176,615,7,4.347324371337891,0.00025,20000
2026-03-17T10:19:00.817880,41,2029,0.0,568.1999999999985,0.9230424014270336,0.0,0.0,0.0,547,176,615,2,4.577398300170898,0.00025,20000
2026-03-17T10:19:01.484118,41,2039,0.0,569.7999999999988,0.9230424014270336,0.0,0.0,0.0,563,176,615,3,6.43467903137207,0.00025,20000
2026-03-17T10:19:02.150171,41,2049,0.0,570.2999999999989,0.9230424014270336,0.0,0.0,0.0,568,176,615,7,6.2694549560546875,0.00025,20000
2026-03-17T10:19:02.811880,41,2059,0.1,571.7999999999993,0.9230424014270336,0.0,0.0,0.0,583,168,615,1,2.465486526489258,0.00025,20000
2026-03-17T10:19:03.483475,41,2069,0.0,572.8999999999995,0.9230424014270336,0.0,0.0,0.0,594,157,615,5,7.696628570556641,0.00025,20000
2026-03-17T10:19:04.159836,41,2079,0.0,572.8999999999995,0.9230424014270336,0.0,0.0,0.0,594,152,615,4,2.8290748596191406,0.00025,20000
2026-03-17T10:19:04.826505,41,2089,-0.1,571.6999999999992,0.9230424014270336,0.0,0.0,0.0,582,168,615,2,3.8492679595947266,0.00025,20000
2026-03-17T10:19:05.493013,41,2099,0.0,570.799999999999,0.9230424014270336,0.0,0.0,0.0,573,149,615,0,3.592252731323242,0.00025,20000
2026-03-17T10:19:06.158528,41,2109,0.0,571.1999999999991,0.9230424014270336,0.0,0.0,0.0,577,135,615,6,4.0798187255859375,0.00025,20000
2026-03-17T10:19:06.824871,41,2119,0.0,570.8999999999991,0.9230424014270336,0.0,0.0,0.0,574,157,615,6,4.889011383056641,0.00025,20000
2026-03-17T10:19:07.490984,41,2129,0.0,570.1999999999989,0.9230424014270336,0.0,0.0,0.0,567,147,615,3,4.569768905639648,0.00025,20000
2026-03-17T10:19:08.157652,41,2139,-0.1,569.2999999999987,0.9230424014270336,0.0,0.0,0.0,558,157,615,8,7.018566131591797,0.00025,20000
2026-03-17T10:19:08.821169,41,2149,0.0,569.0999999999987,0.9230424014270336,0.0,0.0,0.0,556,157,615,1,5.019426345825195,0.00025,20000
2026-03-17T10:19:09.484984,41,2159,0.0,570.699999999999,0.9230424014270336,0.0,0.0,0.0,572,176,615,1,3.7407875061035156,0.00025,20000
2026-03-17T10:19:10.151980,41,2169,0.0,569.7999999999988,0.9230424014270336,0.0,0.0,0.0,563,176,615,5,3.9348602294921875,0.00025,20000
2026-03-17T10:19:10.816454,41,2179,-0.1,568.5999999999985,0.9230424014270336,0.0,0.0,0.0,551,148,615,2,2.933502197265625,0.00025,20000
2026-03-17T10:19:11.484419,41,2189,0.0,567.0999999999982,0.9230424014270336,0.0,0.0,0.0,536,176,615,2,4.960536956787109,0.00025,20000
2026-03-17T10:19:12.150896,41,2199,0.0,568.1999999999985,0.9230424014270336,0.0,0.0,0.0,547,176,615,6,5.032539367675781,0.00025,20000
2026-03-17T10:19:12.815781,41,2209,-0.1,567.3999999999983,0.9230424014270336,0.0,0.0,0.0,539,176,615,2,5.698919296264648,0.00025,20000
2026-03-17T10:19:13.481590,41,2219,0.1,567.8999999999984,0.9230424014270336,0.0,0.0,0.0,544,160,615,8,6.0520172119140625,0.00025,20000
2026-03-17T10:19:14.149106,41,2229,0.0,568.1999999999985,0.9230424014270336,0.0,0.0,0.0,547,176,615,1,7.454395294189453,0.00025,20000
2026-03-17T10:19:14.811789,41,2239,0.0,566.9999999999982,0.9230424014270336,0.0,0.0,0.0,535,163,615,10,6.048679351806641,0.00025,20000
2026-03-17T10:19:15.475695,41,2249,0.0,566.9999999999982,0.9230424014270336,0.0,0.0,0.0,535,176,615,9,4.213094711303711,0.00025,20000
2026-03-17T10:19:16.141698,41,2259,0.0,567.2999999999982,0.9230424014270336,0.0,0.0,0.0,538,176,615,2,4.336118698120117,0.00025,20000
2026-03-17T10:19:16.807183,41,2269,0.1,567.2999999999982,0.9230424014270336,0.0,0.0,0.0,538,176,615,7,3.957033157348633,0.00025,20000
2026-03-17T10:19:17.473558,41,2279,0.0,568.1999999999985,0.9230424014270336,0.0,0.0,0.0,547,160,615,2,4.852771759033203,0.00025,20000
2026-03-17T10:19:18.140333,41,2289,0.0,567.1999999999982,0.9230424014270336,0.0,0.0,0.0,537,176,615,9,5.929470062255859,0.00025,20000
2026-03-17T10:19:18.804642,41,2299,0.0,567.3999999999983,0.9230424014270336,0.0,0.0,0.0,539,176,615,11,4.218816757202148,0.00025,20000
2026-03-17T10:19:19.471990,41,2309,0.0,568.0999999999984,0.9230424014270336,0.0,0.0,0.0,546,147,615,8,7.144689559936523,0.00025,20000
2026-03-17T10:19:20.137927,41,2319,0.0,568.4999999999985,0.9230424014270336,0.0,0.0,0.0,550,173,615,9,7.197141647338867,0.00025,20000
2026-03-17T10:19:20.798799,41,2329,0.0,568.7999999999986,0.9230424014270336,0.0,0.0,0.0,553,176,615,7,2.3496150970458984,0.00025,20000
2026-03-17T10:19:21.466256,41,2339,-0.1,568.0999999999984,0.9230424014270336,0.0,0.0,0.0,546,176,615,11,4.526853561401367,0.00025,20000
2026-03-17T10:19:22.132133,41,2349,0.0,569.4999999999987,0.9230424014270336,0.0,0.0,0.0,560,176,615,0,4.625082015991211,0.00025,20000
2026-03-17T10:19:22.795346,41,2359,0.0,567.7999999999984,0.9230424014270336,0.0,0.0,0.0,543,176,615,10,2.747058868408203,0.00025,20000
2026-03-17T10:19:23.462809,41,2369,0.0,566.9999999999982,0.9230424014270336,0.0,0.0,0.0,535,176,615,5,5.16819953918457,0.00025,20000
2026-03-17T10:19:24.130303,41,2379,0.0,568.0999999999984,0.9230424014270336,0.0,0.0,0.0,546,176,615,5,6.201267242431641,0.00025,20000
2026-03-17T10:19:24.796371,41,2389,0.0,567.0999999999982,0.9230424014270336,0.0,0.0,0.0,536,176,615,3,3.1769275665283203,0.00025,20000
2026-03-17T10:19:25.980752,42,6,-0.1,-0.5,0.9211963166241796,0.0,0.0,0.0,35,140,40,1,6.562232971191406,0.00025,20000
2026-03-17T10:19:26.646056,42,16,0.0,-1.2,0.9211963166241796,0.0,0.0,0.0,28,160,40,6,7.104635238647461,0.00025,20000
2026-03-17T10:19:27.312107,42,26,0.0,-1.2,0.9211963166241796,0.0,0.0,0.0,28,136,40,9,6.303071975708008,0.00025,20000
2026-03-17T10:19:27.971913,42,36,0.0,-1.6000000000000003,0.9211963166241796,0.0,0.0,0.0,24,176,40,8,3.7424564361572266,0.00025,20000
2026-03-17T10:19:28.637204,42,46,0.0,-2.800000000000001,0.9211963166241796,0.0,0.0,0.0,12,147,40,3,3.6242008209228516,0.00025,20000
2026-03-17T10:19:29.310088,42,56,0.0,-2.9000000000000012,0.9211963166241796,0.0,0.0,0.0,11,149,40,5,7.058620452880859,0.00025,20000
2026-03-17T10:19:29.971582,42,66,0.0,-3.1000000000000014,0.9211963166241796,0.0,0.0,0.0,9,147,40,9,3.523111343383789,0.00025,20000
2026-03-17T10:19:30.637149,42,76,0.0,-2.700000000000001,0.9211963166241796,0.0,0.0,0.0,13,160,40,11,4.365682601928711,0.00025,20000
2026-03-17T10:19:31.302620,42,86,0.1,-3.3000000000000016,0.9211963166241796,0.0,0.0,0.0,7,149,40,5,4.756450653076172,0.00025,20000
2026-03-17T10:19:31.968879,42,96,0.0,-3.3000000000000016,0.9211963166241796,0.0,0.0,0.0,7,176,40,6,4.325389862060547,0.00025,20000
2026-03-17T10:19:32.637174,42,106,-0.1,-4.000000000000002,0.9211963166241796,0.0,0.0,0.0,0,146,40,10,7.253170013427734,0.00025,20000
2026-03-17T10:19:33.296950,42,116,0.0,-3.4000000000000012,0.9211963166241796,0.0,0.0,0.0,6,135,40,10,4.363059997558594,0.00025,20000
2026-03-17T10:19:33.969075,42,126,0.0,-2.8000000000000007,0.9211963166241796,0.0,0.0,0.0,12,135,40,3,7.352352142333984,0.00025,20000
2026-03-17T10:19:34.632340,42,136,-0.1,-2.5000000000000004,0.9211963166241796,0.0,0.0,0.0,15,149,40,10,5.106210708618164,0.00025,20000
2026-03-17T10:19:35.293348,42,146,0.0,-3.9000000000000017,0.9211963166241796,0.0,0.0,0.0,1,140,40,1,5.408763885498047,0.00025,20000
2026-03-17T10:19:35.963020,42,156,0.1,-3.6000000000000014,0.9211963166241796,0.0,0.0,0.0,4,147,40,11,4.768610000610352,0.00025,20000
2026-03-17T10:19:36.643287,42,166,0.0,-3.9000000000000017,0.9211963166241796,0.0,0.0,0.0,1,153,40,8,5.244255065917969,0.00025,20000
2026-03-17T10:19:37.309639,42,176,0.1,-3.6000000000000014,0.9211963166241796,0.0,0.0,0.0,4,128,40,1,6.66499137878418,0.00025,20000
2026-03-17T10:19:37.976473,42,186,0.0,-2.6000000000000005,0.9211963166241796,0.0,0.0,0.0,14,128,40,11,7.659673690795898,0.00025,20000
2026-03-17T10:19:38.637833,42,196,0.0,-1.3999999999999995,0.9211963166241796,0.0,0.0,0.0,26,176,40,2,4.920244216918945,0.00025,20000
2026-03-17T10:19:39.303388,42,206,-0.1,-2.2,0.9211963166241796,0.0,0.0,0.0,18,147,40,8,3.796100616455078,0.00025,20000
2026-03-17T10:19:39.970691,42,216,0.0,-3.9000000000000017,0.9211963166241796,0.0,0.0,0.0,1,176,40,6,4.387140274047852,0.00025,20000
2026-03-17T10:19:40.637229,42,226,0.2,-1.6,0.9211963166241796,0.0,0.0,0.0,24,176,40,11,5.352258682250977,0.00025,20000
2026-03-17T10:19:41.307564,42,236,0.0,21.0,0.9211963166241796,0.0,0.0,0.0,61,149,61,9,7.66301155090332,0.00025,20000
2026-03-17T10:19:41.967453,42,246,0.0,38.9,0.9211963166241796,0.0,0.0,0.0,78,135,79,9,6.023645401000977,0.00025,20000
2026-03-17T10:19:42.635022,42,256,-0.1,37.899999999999984,0.9211963166241796,0.0,0.0,0.0,68,152,79,9,7.169485092163086,0.00025,20000
2026-03-17T10:19:43.299209,42,266,0.1,38.599999999999994,0.9211963166241796,0.0,0.0,0.0,75,149,79,10,7.885217666625977,0.00025,20000
2026-03-17T10:19:43.967019,42,276,0.0,56.0,0.9211963166241796,0.0,0.0,0.0,96,157,96,9,7.997751235961914,0.00025,20000
2026-03-17T10:19:44.630748,42,286,-0.1,56.19999999999999,0.9211963166241796,0.0,0.0,0.0,89,157,97,8,5.7811737060546875,0.00025,20000
2026-03-17T10:19:45.294052,42,296,-0.1,50.89999999999991,0.9211963166241796,0.0,0.0,0.0,36,176,97,7,3.6072731018066406,0.00025,20000
2026-03-17T10:19:45.959110,42,306,0.0,50.89999999999991,0.9211963166241796,0.0,0.0,0.0,36,149,97,6,4.301309585571289,0.00025,20000
2026-03-17T10:19:46.624117,42,316,0.0,52.499999999999936,0.9211963166241796,0.0,0.0,0.0,52,147,97,2,4.886150360107422,0.00025,20000
2026-03-17T10:19:47.293347,42,326,0.0,52.09999999999993,0.9211963166241796,0.0,0.0,0.0,48,160,97,6,3.1495094299316406,0.00025,20000
2026-03-17T10:19:47.957792,42,336,0.0,52.59999999999994,0.9211963166241796,0.0,0.0,0.0,53,136,97,1,7.100343704223633,0.00025,20000
2026-03-17T10:19:48.624645,42,346,0.0,53.39999999999995,0.9211963166241796,0.0,0.0,0.0,61,145,97,6,6.702661514282227,0.00025,20000
2026-03-17T10:19:49.290648,42,356,0.0,53.59999999999995,0.9211963166241796,0.0,0.0,0.0,63,176,97,10,4.993677139282227,0.00025,20000
2026-03-17T10:19:49.952455,42,366,0.0,52.69999999999994,0.9211963166241796,0.0,0.0,0.0,54,176,97,9,2.5527477264404297,0.00025,20000
2026-03-17T10:19:50.617931,42,376,0.1,54.69999999999997,0.9211963166241796,0.0,0.0,0.0,74,160,97,9,4.173755645751953,0.00025,20000
2026-03-17T10:19:51.284768,42,386,1.0,88.0,0.9211963166241796,0.0,0.0,0.0,128,156,128,1,5.177736282348633,0.00025,20000
2026-03-17T10:19:51.950939,42,396,1.0,141.0,0.9211963166241796,0.0,0.0,0.0,181,137,181,11,2.9366016387939453,0.00025,20000
2026-03-17T10:19:52.617086,42,406,1.0,196.0,0.9211963166241796,0.0,0.0,0.0,236,176,236,3,4.554510116577148,0.00025,20000
2026-03-17T10:19:53.282861,42,416,1.0,221.0,0.9211963166241796,0.0,0.0,0.0,261,160,261,4,3.636598587036133,0.00025,20000
2026-03-17T10:19:53.947519,42,426,1.0,277.0,0.9211963166241796,0.0,0.0,0.0,317,176,317,3,4.702091217041016,0.00025,20000
2026-03-17T10:19:54.614394,42,436,1.0,342.0,0.9211963166241796,0.0,0.0,0.0,382,160,382,4,7.541656494140625,0.00025,20000
2026-03-17T10:19:55.281466,42,446,0.0,370.9,0.9211963166241796,0.0,0.0,0.0,410,145,411,6,6.488800048828125,0.00025,20000
2026-03-17T10:19:55.948198,42,456,0.0,370.1999999999998,0.9211963166241796,0.0,0.0,0.0,403,147,411,5,7.903575897216797,0.00025,20000
2026-03-17T10:19:56.605717,42,466,0.1,369.7999999999997,0.9211963166241796,0.0,0.0,0.0,399,157,411,7,2.267599105834961,0.00025,20000
2026-03-17T10:19:57.271594,42,476,0.0,369.49999999999966,0.9211963166241796,0.0,0.0,0.0,396,169,411,5,3.709077835083008,0.00025,20000
2026-03-17T10:19:57.940701,42,486,0.0,369.49999999999966,0.9211963166241796,0.0,0.0,0.0,396,169,411,2,4.808664321899414,0.00025,20000
2026-03-17T10:19:58.604698,42,496,-0.1,368.99999999999955,0.9211963166241796,0.0,0.0,0.0,391,160,411,4,3.4332275390625,0.00025,20000
2026-03-17T10:19:59.273236,42,506,0.1,368.3999999999994,0.9211963166241796,0.0,0.0,0.0,385,157,411,3,3.7484169006347656,0.00025,20000
2026-03-17T10:19:59.938758,42,516,0.1,368.6999999999995,0.9211963166241796,0.0,0.0,0.0,388,121,411,4,5.71441650390625,0.00025,20000
2026-03-17T10:20:00.604293,42,526,0.0,369.09999999999957,0.9211963166241796,0.0,0.0,0.0,392,160,411,4,6.897449493408203,0.00025,20000
2026-03-17T10:20:01.268323,42,536,0.0,368.99999999999955,0.9211963166241796,0.0,0.0,0.0,391,160,411,8,4.627704620361328,0.00025,20000
2026-03-17T10:20:01.937177,42,546,0.0,368.49999999999943,0.9211963166241796,0.0,0.0,0.0,386,160,411,1,7.232427597045898,0.00025,20000
2026-03-17T10:20:02.598265,42,556,0.0,368.7999999999995,0.9211963166241796,0.0,0.0,0.0,389,176,411,7,4.578113555908203,0.00025,20000
2026-03-17T10:20:03.266642,42,566,0.0,370.0999999999998,0.9211963166241796,0.0,0.0,0.0,402,176,411,1,4.98652458190918,0.00025,20000
2026-03-17T10:20:03.932495,42,576,0.0,371.0,0.9211963166241796,0.0,0.0,0.0,411,147,411,10,4.943370819091797,0.00025,20000
2026-03-17T10:20:04.597529,42,586,-0.1,369.1999999999996,0.9211963166241796,0.0,0.0,0.0,393,149,411,5,4.538297653198242,0.00025,20000
2026-03-17T10:20:05.261812,42,596,0.0,366.39999999999895,0.9211963166241796,0.0,0.0,0.0,365,176,411,7,5.272865295410156,0.00025,20000
2026-03-17T10:20:05.930079,42,606,0.0,365.7999999999988,0.9211963166241796,0.0,0.0,0.0,359,170,411,5,6.541967391967773,0.00025,20000
2026-03-17T10:20:06.592180,42,616,0.0,363.0999999999984,0.9211963166241796,0.0,0.0,0.0,332,176,411,0,6.012916564941406,0.00025,20000
2026-03-17T10:20:07.257428,42,626,0.0,363.0999999999984,0.9211963166241796,0.0,0.0,0.0,332,157,411,7,4.929780960083008,0.00025,20000
2026-03-17T10:20:07.928348,42,636,0.0,363.0999999999984,0.9211963166241796,0.0,0.0,0.0,332,176,411,1,7.260322570800781,0.00025,20000
2026-03-17T10:20:08.605204,42,646,0.0,363.1999999999984,0.9211963166241796,0.0,0.0,0.0,333,176,411,6,3.283262252807617,0.00025,20000
2026-03-17T10:20:09.271372,42,656,0.0,363.0999999999984,0.9211963166241796,0.0,0.0,0.0,332,176,411,7,3.370046615600586,0.00025,20000
2026-03-17T10:20:09.938963,42,666,0.0,362.99999999999835,0.9211963166241796,0.0,0.0,0.0,331,157,411,7,6.316661834716797,0.00025,20000
2026-03-17T10:20:10.603737,42,676,0.1,364.6999999999987,0.9211963166241796,0.0,0.0,0.0,348,176,411,0,2.254486083984375,0.00025,20000
2026-03-17T10:20:11.270154,42,686,0.0,366.79999999999916,0.9211963166241796,0.0,0.0,0.0,369,160,411,4,8.34512710571289,0.00025,20000
2026-03-17T10:20:11.935171,42,696,0.0,367.2999999999993,0.9211963166241796,0.0,0.0,0.0,374,176,411,6,7.442474365234375,0.00025,20000
2026-03-17T10:20:12.602684,42,706,0.0,368.09999999999945,0.9211963166241796,0.0,0.0,0.0,382,147,411,2,6.538629531860352,0.00025,20000
2026-03-17T10:20:13.263786,42,716,1.0,372.00000000000006,0.9211963166241796,0.0,0.0,0.0,412,176,412,7,4.867315292358398,0.00025,20000
2026-03-17T10:20:13.929668,42,726,1.0,408.00000000000006,0.9211963166241796,0.0,0.0,0.0,448,118,448,11,3.9358139038085938,0.00025,20000
2026-03-17T10:20:14.596573,42,736,1.0,450.00000000000006,0.9211963166241796,0.0,0.0,0.0,490,163,490,6,3.576040267944336,0.00025,20000
2026-03-17T10:20:15.261094,42,746,1.0,490.00000000000006,0.9211963166241796,0.0,0.0,0.0,530,174,530,6,6.220817565917969,0.00025,20000
2026-03-17T10:20:15.930891,42,756,1.0,543.0,0.9211963166241796,0.0,0.0,0.0,583,176,583,5,7.648706436157227,0.00025,20000
2026-03-17T10:20:16.592962,42,766,0.0,557.8,0.9211963166241796,0.0,0.0,0.0,596,128,598,5,3.7386417388916016,0.00025,20000
2026-03-17T10:20:17.260130,42,776,0.0,555.1999999999994,0.9211963166241796,0.0,0.0,0.0,570,171,598,4,6.287574768066406,0.00025,20000
2026-03-17T10:20:17.926589,42,786,0.0,554.5999999999992,0.9211963166241796,0.0,0.0,0.0,564,157,598,10,5.94639778137207,0.00025,20000
2026-03-17T10:20:18.587825,42,796,-0.1,551.4999999999985,0.9211963166241796,0.0,0.0,0.0,533,176,598,6,4.552364349365234,0.00025,20000
2026-03-17T10:20:19.275826,42,806,0.0,549.9999999999982,0.9211963166241796,0.0,0.0,0.0,518,160,598,9,7.212162017822266,0.00025,20000
2026-03-17T10:20:19.936538,42,816,0.0,549.6999999999981,0.9211963166241796,0.0,0.0,0.0,515,176,598,6,4.845619201660156,0.00025,20000
2026-03-17T10:20:20.603886,42,826,0.0,549.6999999999981,0.9211963166241796,0.0,0.0,0.0,515,148,598,3,5.324602127075195,0.00025,20000
2026-03-17T10:20:21.271166,42,836,0.0,549.099999999998,0.9211963166241796,0.0,0.0,0.0,509,173,598,9,5.160093307495117,0.00025,20000
2026-03-17T10:20:21.933150,42,846,0.1,549.9999999999982,0.9211963166241796,0.0,0.0,0.0,518,173,598,3,4.451990127563477,0.00025,20000
2026-03-17T10:20:22.601345,42,856,0.1,550.8999999999984,0.9211963166241796,0.0,0.0,0.0,527,123,598,4,8.216381072998047,0.00025,20000
2026-03-17T10:20:23.268277,42,866,0.2,555.9999999999995,0.9211963166241796,0.0,0.0,0.0,578,149,598,6,7.243871688842773,0.00025,20000
2026-03-17T10:20:23.933010,42,876,-0.1,556.8999999999997,0.9211963166241796,0.0,0.0,0.0,587,135,598,4,6.671667098999023,0.00025,20000
2026-03-17T10:20:24.595198,42,886,-0.1,555.6999999999995,0.9211963166241796,0.0,0.0,0.0,575,173,598,9,4.936695098876953,0.00025,20000
2026-03-17T10:20:25.265864,42,896,0.0,553.8999999999991,0.9211963166241796,0.0,0.0,0.0,557,176,598,3,7.682323455810547,0.00025,20000
2026-03-17T10:20:25.926748,42,906,0.0,554.9999999999993,0.9211963166241796,0.0,0.0,0.0,568,176,598,1,4.456996917724609,0.00025,20000
2026-03-17T10:20:26.592432,42,916,0.0,555.4999999999994,0.9211963166241796,0.0,0.0,0.0,573,176,598,11,5.856513977050781,0.00025,20000
2026-03-17T10:20:27.257875,42,926,-0.1,554.9999999999993,0.9211963166241796,0.0,0.0,0.0,568,147,598,9,5.16057014465332,0.00025,20000
2026-03-17T10:20:27.924761,42,936,0.0,554.4999999999992,0.9211963166241796,0.0,0.0,0.0,563,176,598,9,5.90205192565918,0.00025,20000
2026-03-17T10:20:28.589726,42,946,0.0,553.399999999999,0.9211963166241796,0.0,0.0,0.0,552,163,598,1,7.439374923706055,0.00025,20000
2026-03-17T10:20:29.256765,42,956,0.0,553.799999999999,0.9211963166241796,0.0,0.0,0.0,556,176,598,2,7.991790771484375,0.00025,20000
2026-03-17T10:20:29.924403,42,966,0.0,552.8999999999988,0.9211963166241796,0.0,0.0,0.0,547,160,598,4,6.88481330871582,0.00025,20000
2026-03-17T10:20:30.584906,42,976,0.0,550.0999999999982,0.9211963166241796,0.0,0.0,0.0,519,176,598,1,3.3380985260009766,0.00025,20000
2026-03-17T10:20:31.251473,42,986,0.1,551.7999999999986,0.9211963166241796,0.0,0.0,0.0,536,160,598,10,5.943059921264648,0.00025,20000
2026-03-17T10:20:31.917908,42,996,0.1,553.8999999999991,0.9211963166241796,0.0,0.0,0.0,557,147,598,10,4.821062088012695,0.00025,20000
2026-03-17T10:20:32.583057,42,1006,0.1,556.3999999999996,0.9211963166241796,0.0,0.0,0.0,582,145,598,4,3.3593177795410156,0.00025,20000
2026-03-17T10:20:33.246846,42,1016,0.0,557.4999999999999,0.9211963166241796,0.0,0.0,0.0,593,152,598,2,5.457401275634766,0.00025,20000
2026-03-17T10:20:33.912390,42,1026,-0.2,554.1999999999991,0.9211963166241796,0.0,0.0,0.0,560,168,598,11,4.761219024658203,0.00025,20000
2026-03-17T10:20:34.581328,42,1036,-0.1,551.1999999999985,0.9211963166241796,0.0,0.0,0.0,530,160,598,8,5.233049392700195,0.00025,20000
2026-03-17T10:20:35.242135,42,1046,0.1,549.9999999999982,0.9211963166241796,0.0,0.0,0.0,518,147,598,2,3.4863948822021484,0.00025,20000
2026-03-17T10:20:35.909252,42,1056,0.0,550.4999999999983,0.9211963166241796,0.0,0.0,0.0,523,147,598,1,4.911899566650391,0.00025,20000
2026-03-17T10:20:36.576578,42,1066,0.0,550.1999999999982,0.9211963166241796,0.0,0.0,0.0,520,147,598,10,4.843950271606445,0.00025,20000
2026-03-17T10:20:37.241318,42,1076,0.0,549.8999999999982,0.9211963166241796,0.0,0.0,0.0,517,173,598,8,2.8977394104003906,0.00025,20000
2026-03-17T10:20:37.913167,42,1086,0.0,549.8999999999982,0.9211963166241796,0.0,0.0,0.0,517,176,598,0,7.517576217651367,0.00025,20000
2026-03-17T10:20:38.573964,42,1096,0.0,551.1999999999985,0.9211963166241796,0.0,0.0,0.0,530,176,598,1,4.913330078125,0.00025,20000
2026-03-17T10:20:39.239570,42,1106,0.0,551.8999999999986,0.9211963166241796,0.0,0.0,0.0,537,160,598,2,6.972551345825195,0.00025,20000
2026-03-17T10:20:39.905336,42,1116,-0.1,550.2999999999982,0.9211963166241796,0.0,0.0,0.0,521,127,598,9,7.511615753173828,0.00025,20000
2026-03-17T10:20:40.588247,42,1126,0.0,549.6999999999981,0.9211963166241796,0.0,0.0,0.0,515,176,598,0,5.817651748657227,0.00025,20000
2026-03-17T10:20:41.250873,42,1136,0.0,549.6999999999981,0.9211963166241796,0.0,0.0,0.0,515,176,598,11,3.523588180541992,0.00025,20000
2026-03-17T10:20:41.915746,42,1146,0.0,549.8999999999982,0.9211963166241796,0.0,0.0,0.0,517,160,598,5,3.118753433227539,0.00025,20000
2026-03-17T10:20:42.583548,42,1156,-0.1,550.2999999999982,0.9211963166241796,0.0,0.0,0.0,521,176,598,6,4.412174224853516,0.00025,20000
2026-03-17T10:20:43.247856,42,1166,0.0,549.9999999999982,0.9211963166241796,0.0,0.0,0.0,518,145,598,4,4.207849502563477,0.00025,20000
2026-03-17T10:20:43.913487,42,1176,0.1,549.9999999999982,0.9211963166241796,0.0,0.0,0.0,518,135,598,8,4.1656494140625,0.00025,20000
2026-03-17T10:20:44.580833,42,1186,0.0,550.0999999999982,0.9211963166241796,0.0,0.0,0.0,519,176,598,4,6.188392639160156,0.00025,20000
2026-03-17T10:20:45.245953,42,1196,0.1,551.6999999999986,0.9211963166241796,0.0,0.0,0.0,535,145,598,2,6.518840789794922,0.00025,20000
2026-03-17T10:20:45.913464,42,1206,0.0,552.3999999999987,0.9211963166241796,0.0,0.0,0.0,542,147,598,9,7.367849349975586,0.00025,20000
2026-03-17T10:20:46.579912,42,1216,0.0,552.0999999999987,0.9211963166241796,0.0,0.0,0.0,539,176,598,4,7.216691970825195,0.00025,20000
2026-03-17T10:20:47.239479,42,1226,0.0,551.8999999999986,0.9211963166241796,0.0,0.0,0.0,537,176,598,10,3.3974647521972656,0.00025,20000
2026-03-17T10:20:47.906859,42,1236,0.0,552.1999999999987,0.9211963166241796,0.0,0.0,0.0,540,176,598,4,3.256082534790039,0.00025,20000
2026-03-17T10:20:48.572387,42,1246,0.1,553.0999999999989,0.9211963166241796,0.0,0.0,0.0,549,176,598,4,3.3037662506103516,0.00025,20000
2026-03-17T10:20:49.236951,42,1256,0.0,552.9999999999989,0.9211963166241796,0.0,0.0,0.0,548,149,598,3,3.5011768341064453,0.00025,20000
2026-03-17T10:20:49.903240,42,1266,0.0,551.5999999999985,0.9211963166241796,0.0,0.0,0.0,534,149,598,8,3.843069076538086,0.00025,20000
2026-03-17T10:20:50.569946,42,1276,0.0,551.4999999999985,0.9211963166241796,0.0,0.0,0.0,533,157,598,6,6.565570831298828,0.00025,20000
2026-03-17T10:20:51.237475,42,1286,0.0,550.6999999999983,0.9211963166241796,0.0,0.0,0.0,525,176,598,3,7.990837097167969,0.00025,20000
2026-03-17T10:20:51.901916,42,1296,0.0,549.8999999999982,0.9211963166241796,0.0,0.0,0.0,517,176,598,11,5.845308303833008,0.00025,20000
2026-03-17T10:20:52.564066,42,1306,0.0,549.8999999999982,0.9211963166241796,0.0,0.0,0.0,517,131,598,4,3.146648406982422,0.00025,20000
2026-03-17T10:20:53.235117,42,1316,0.0,550.2999999999982,0.9211963166241796,0.0,0.0,0.0,521,173,598,9,6.868839263916016,0.00025,20000
2026-03-17T10:20:53.896789,42,1326,0.0,550.1999999999982,0.9211963166241796,0.0,0.0,0.0,520,176,598,10,4.357814788818359,0.00025,20000
2026-03-17T10:20:54.560567,42,1336,-0.1,550.4999999999983,0.9211963166241796,0.0,0.0,0.0,523,147,598,10,2.7768611907958984,0.00025,20000
2026-03-17T10:20:55.229711,42,1346,0.0,549.9999999999982,0.9211963166241796,0.0,0.0,0.0,518,147,598,1,5.916357040405273,0.00025,20000
2026-03-17T10:20:55.894966,42,1356,0.0,550.0999999999982,0.9211963166241796,0.0,0.0,0.0,519,160,598,8,3.319263458251953,0.00025,20000
2026-03-17T10:20:56.559893,42,1366,0.0,550.3999999999983,0.9211963166241796,0.0,0.0,0.0,522,147,598,1,5.900144577026367,0.00025,20000
2026-03-17T10:20:57.227765,42,1376,0.0,552.5999999999988,0.9211963166241796,0.0,0.0,0.0,544,147,598,3,7.790088653564453,0.00025,20000
2026-03-17T10:20:57.890384,42,1386,0.0,553.1999999999989,0.9211963166241796,0.0,0.0,0.0,550,147,598,1,4.429817199707031,0.00025,20000
2026-03-17T10:20:58.553948,42,1396,0.0,553.799999999999,0.9211963166241796,0.0,0.0,0.0,556,145,598,0,3.4017562866210938,0.00025,20000
2026-03-17T10:20:59.221461,42,1406,-0.1,552.9999999999989,0.9211963166241796,0.0,0.0,0.0,548,147,598,10,3.2587051391601562,0.00025,20000
2026-03-17T10:20:59.885858,42,1416,0.0,551.0999999999984,0.9211963166241796,0.0,0.0,0.0,529,160,598,7,4.099607467651367,0.00025,20000
2026-03-17T10:21:00.551757,42,1426,0.0,553.499999999999,0.9211963166241796,0.0,0.0,0.0,553,145,598,2,5.048274993896484,0.00025,20000
2026-03-17T10:21:01.219185,42,1436,0.0,553.1999999999989,0.9211963166241796,0.0,0.0,0.0,550,128,598,1,4.110813140869141,0.00025,20000
2026-03-17T10:21:01.884404,42,1446,0.0,552.3999999999987,0.9211963166241796,0.0,0.0,0.0,542,123,598,0,6.504058837890625,0.00025,20000
2026-03-17T10:21:02.550679,42,1456,0.0,552.6999999999988,0.9211963166241796,0.0,0.0,0.0,545,149,598,11,6.866216659545898,0.00025,20000
2026-03-17T10:21:03.216718,42,1466,0.0,553.0999999999989,0.9211963166241796,0.0,0.0,0.0,549,140,598,1,7.073640823364258,0.00025,20000
2026-03-17T10:21:03.884806,42,1476,0.1,553.799999999999,0.9211963166241796,0.0,0.0,0.0,556,152,598,4,7.977962493896484,0.00025,20000
2026-03-17T10:21:05.111558,43,8,0.0,-0.5,0.9193539239909312,0.0,0.0,0.0,35,176,40,1,5.213022232055664,0.00025,20000
2026-03-17T10:21:05.775779,43,18,0.0,12.0,0.9193539239909312,0.0,0.0,0.0,52,176,52,4,4.102230072021484,0.00025,20000
2026-03-17T10:21:06.443712,43,28,0.0,11.500000000000002,0.9193539239909312,0.0,0.0,0.0,47,176,52,5,6.854057312011719,0.00025,20000
2026-03-17T10:21:07.109048,43,38,1.0,19.0,0.9193539239909312,0.0,0.0,0.0,59,160,59,0,7.661581039428711,0.00025,20000
2026-03-17T10:21:07.770709,43,48,0.0,33.0,0.9193539239909312,0.0,0.0,0.0,73,147,73,4,3.4563541412353516,0.00025,20000
2026-03-17T10:21:08.437019,43,58,-0.1,39.599999999999994,0.9193539239909312,0.0,0.0,0.0,76,176,80,7,3.1256675720214844,0.00025,20000
2026-03-17T10:21:09.102011,43,68,0.0,48.0,0.9193539239909312,0.0,0.0,0.0,88,176,88,9,3.0546188354492188,0.00025,20000
2026-03-17T10:21:09.768994,43,78,0.0,49.49999999999999,0.9193539239909312,0.0,0.0,0.0,85,173,90,5,4.625558853149414,0.00025,20000
2026-03-17T10:21:10.434356,43,88,0.0,49.29999999999999,0.9193539239909312,0.0,0.0,0.0,83,160,90,2,3.932952880859375,0.00025,20000
2026-03-17T10:21:11.102265,43,98,0.0,48.69999999999998,0.9193539239909312,0.0,0.0,0.0,77,149,90,4,4.950284957885742,0.00025,20000
2026-03-17T10:21:11.767289,43,108,0.0,48.79999999999998,0.9193539239909312,0.0,0.0,0.0,78,128,90,11,5.167961120605469,0.00025,20000
2026-03-17T10:21:12.433263,43,118,-0.1,47.69999999999997,0.9193539239909312,0.0,0.0,0.0,67,136,90,8,7.072925567626953,0.00025,20000
2026-03-17T10:21:13.100365,43,128,-0.1,46.199999999999946,0.9193539239909312,0.0,0.0,0.0,52,128,90,7,7.324695587158203,0.00025,20000
2026-03-17T10:21:13.765882,43,138,0.0,42.49999999999989,0.9193539239909312,0.0,0.0,0.0,15,176,90,3,8.267402648925781,0.00025,20000
2026-03-17T10:21:14.427413,43,148,0.0,42.09999999999989,0.9193539239909312,0.0,0.0,0.0,11,160,90,8,3.595590591430664,0.00025,20000
2026-03-17T10:21:15.093576,43,158,0.0,41.999999999999886,0.9193539239909312,0.0,0.0,0.0,10,147,90,5,4.509925842285156,0.00025,20000
2026-03-17T10:21:15.762247,43,168,0.0,41.999999999999886,0.9193539239909312,0.0,0.0,0.0,10,160,90,6,6.660223007202148,0.00025,20000
2026-03-17T10:21:16.427784,43,178,0.1,42.7999999999999,0.9193539239909312,0.0,0.0,0.0,18,176,90,7,6.7901611328125,0.00025,20000
2026-03-17T10:21:17.090260,43,188,0.0,43.299999999999905,0.9193539239909312,0.0,0.0,0.0,23,157,90,2,5.512475967407227,0.00025,20000
2026-03-17T10:21:17.757663,43,198,0.0,43.59999999999991,0.9193539239909312,0.0,0.0,0.0,26,176,90,5,6.0749053955078125,0.00025,20000
2026-03-17T10:21:18.423228,43,208,0.1,42.09999999999989,0.9193539239909312,0.0,0.0,0.0,11,176,90,8,5.553007125854492,0.00025,20000
2026-03-17T10:21:19.084699,43,218,0.0,42.09999999999989,0.9193539239909312,0.0,0.0,0.0,11,176,90,3,3.2439231872558594,0.00025,20000
2026-03-17T10:21:19.754128,43,228,0.0,42.09999999999989,0.9193539239909312,0.0,0.0,0.0,11,176,90,10,5.346775054931641,0.00025,20000
2026-03-17T10:21:20.418091,43,238,0.1,44.29999999999992,0.9193539239909312,0.0,0.0,0.0,33,176,90,1,3.9336681365966797,0.00025,20000
2026-03-17T10:21:21.083646,43,248,0.1,48.59999999999998,0.9193539239909312,0.0,0.0,0.0,76,176,90,6,3.564596176147461,0.00025,20000
2026-03-17T10:21:21.750337,43,258,0.0,49.09999999999999,0.9193539239909312,0.0,0.0,0.0,81,176,90,0,5.68389892578125,0.00025,20000
2026-03-17T10:21:22.416526,43,268,-0.1,48.39999999999998,0.9193539239909312,0.0,0.0,0.0,74,176,90,4,5.124092102050781,0.00025,20000
2026-03-17T10:21:23.080066,43,278,0.0,48.39999999999998,0.9193539239909312,0.0,0.0,0.0,74,149,90,8,4.202842712402344,0.00025,20000
2026-03-17T10:21:23.747857,43,288,0.0,47.09999999999996,0.9193539239909312,0.0,0.0,0.0,61,160,90,8,6.7996978759765625,0.00025,20000
2026-03-17T10:21:24.412696,43,298,0.0,45.59999999999994,0.9193539239909312,0.0,0.0,0.0,46,127,90,8,5.652189254760742,0.00025,20000
2026-03-17T10:21:25.076798,43,308,0.0,45.69999999999994,0.9193539239909312,0.0,0.0,0.0,47,147,90,2,5.299091339111328,0.00025,20000
2026-03-17T10:21:25.743889,43,318,0.0,45.09999999999993,0.9193539239909312,0.0,0.0,0.0,41,135,90,2,5.723237991333008,0.00025,20000
2026-03-17T10:21:26.425015,43,328,0.1,44.699999999999925,0.9193539239909312,0.0,0.0,0.0,37,157,90,3,3.9920806884765625,0.00025,20000
2026-03-17T10:21:27.089210,43,338,0.0,44.59999999999992,0.9193539239909312,0.0,0.0,0.0,36,176,90,6,4.08625602722168,0.00025,20000
2026-03-17T10:21:27.756613,43,348,0.0,44.799999999999926,0.9193539239909312,0.0,0.0,0.0,38,121,90,1,5.145788192749023,0.00025,20000
2026-03-17T10:21:28.423502,43,358,-0.1,45.29999999999993,0.9193539239909312,0.0,0.0,0.0,43,157,90,3,5.292415618896484,0.00025,20000
2026-03-17T10:21:29.088788,43,368,-0.1,44.19999999999992,0.9193539239909312,0.0,0.0,0.0,32,176,90,6,6.362199783325195,0.00025,20000
2026-03-17T10:21:29.754671,43,378,0.0,43.399999999999906,0.9193539239909312,0.0,0.0,0.0,24,176,90,7,7.092714309692383,0.00025,20000
2026-03-17T10:21:30.419502,43,388,0.0,43.1999999999999,0.9193539239909312,0.0,0.0,0.0,22,147,90,11,5.8536529541015625,0.00025,20000
2026-03-17T10:21:31.083433,43,398,0.0,43.299999999999905,0.9193539239909312,0.0,0.0,0.0,23,147,90,3,3.7071704864501953,0.00025,20000
2026-03-17T10:21:31.751942,43,408,0.0,43.79999999999991,0.9193539239909312,0.0,0.0,0.0,28,168,90,2,7.356882095336914,0.00025,20000
2026-03-17T10:21:32.413462,43,418,0.0,44.39999999999992,0.9193539239909312,0.0,0.0,0.0,34,160,90,1,4.069805145263672,0.00025,20000
2026-03-17T10:21:33.081233,43,428,0.0,44.59999999999992,0.9193539239909312,0.0,0.0,0.0,36,176,90,11,4.871129989624023,0.00025,20000
2026-03-17T10:21:33.745757,43,438,-0.1,43.49999999999991,0.9193539239909312,0.0,0.0,0.0,25,176,90,9,5.351781845092773,0.00025,20000
2026-03-17T10:21:34.412357,43,448,0.0,43.1999999999999,0.9193539239909312,0.0,0.0,0.0,22,147,90,7,5.003213882446289,0.00025,20000
2026-03-17T10:21:35.078669,43,458,-0.1,42.39999999999989,0.9193539239909312,0.0,0.0,0.0,14,145,90,1,6.639003753662109,0.00025,20000
2026-03-17T10:21:35.744898,43,468,0.0,42.19999999999989,0.9193539239909312,0.0,0.0,0.0,12,145,90,0,7.915496826171875,0.00025,20000
2026-03-17T10:21:36.408576,43,478,0.0,42.49999999999989,0.9193539239909312,0.0,0.0,0.0,15,147,90,1,5.670785903930664,0.00025,20000
2026-03-17T10:21:37.072836,43,488,0.0,43.0999999999999,0.9193539239909312,0.0,0.0,0.0,21,145,90,3,4.203081130981445,0.00025,20000
2026-03-17T10:21:37.735269,43,498,0.0,42.8999999999999,0.9193539239909312,0.0,0.0,0.0,19,157,90,11,1.6560554504394531,0.00025,20000
2026-03-17T10:21:38.407082,43,508,0.0,41.999999999999886,0.9193539239909312,0.0,0.0,0.0,10,176,90,6,7.7457427978515625,0.00025,20000
2026-03-17T10:21:39.072389,43,518,0.0,41.999999999999886,0.9193539239909312,0.0,0.0,0.0,10,176,90,3,5.2776336669921875,0.00025,20000
2026-03-17T10:21:39.737217,43,528,0.1,44.59999999999992,0.9193539239909312,0.0,0.0,0.0,36,147,90,4,5.601406097412109,0.00025,20000
2026-03-17T10:21:40.402351,43,538,0.0,48.39999999999998,0.9193539239909312,0.0,0.0,0.0,74,176,90,7,5.102872848510742,0.00025,20000
2026-03-17T10:21:41.067893,43,548,0.0,47.99999999999997,0.9193539239909312,0.0,0.0,0.0,70,168,90,7,5.639076232910156,0.00025,20000
2026-03-17T10:21:41.730844,43,558,0.0,46.49999999999995,0.9193539239909312,0.0,0.0,0.0,55,165,90,3,3.3087730407714844,0.00025,20000
2026-03-17T10:21:42.399669,43,568,0.0,42.7999999999999,0.9193539239909312,0.0,0.0,0.0,18,176,90,11,6.252050399780273,0.00025,20000
2026-03-17T10:21:43.064334,43,578,0.0,42.09999999999989,0.9193539239909312,0.0,0.0,0.0,11,163,90,0,4.340887069702148,0.00025,20000
2026-03-17T10:21:43.736494,43,588,0.0,42.09999999999989,0.9193539239909312,0.0,0.0,0.0,11,176,90,5,12.583494186401367,0.00025,20000
2026-03-17T10:21:44.395939,43,598,0.0,42.8999999999999,0.9193539239909312,0.0,0.0,0.0,19,176,90,8,4.486083984375,0.00025,20000
2026-03-17T10:21:45.062246,43,608,0.0,43.399999999999906,0.9193539239909312,0.0,0.0,0.0,24,176,90,1,5.05518913269043,0.00025,20000
2026-03-17T10:21:45.727173,43,618,0.0,42.599999999999895,0.9193539239909312,0.0,0.0,0.0,16,173,90,3,4.781484603881836,0.00025,20000
2026-03-17T10:21:46.393654,43,628,0.1,43.999999999999915,0.9193539239909312,0.0,0.0,0.0,30,173,90,7,6.770610809326172,0.00025,20000
2026-03-17T10:21:47.056789,43,638,0.1,48.69999999999998,0.9193539239909312,0.0,0.0,0.0,77,176,90,3,5.122900009155273,0.00025,20000
2026-03-17T10:21:47.722642,43,648,-0.1,50.9,0.9193539239909312,0.0,0.0,0.0,90,160,91,1,3.7393569946289062,0.00025,20000
2026-03-17T10:21:48.389631,43,658,0.0,53.0,0.9193539239909312,0.0,0.0,0.0,93,160,93,1,6.249904632568359,0.00025,20000
2026-03-17T10:21:49.054114,43,668,0.0,64.0,0.9193539239909312,0.0,0.0,0.0,104,176,104,10,4.425764083862305,0.00025,20000
2026-03-17T10:21:49.721650,43,678,0.0,64.9,0.9193539239909312,0.0,0.0,0.0,104,160,105,4,7.1086883544921875,0.00025,20000
2026-03-17T10:21:50.388155,43,688,0.0,65.80000000000001,0.9193539239909312,0.0,0.0,0.0,104,160,106,2,7.308721542358398,0.00025,20000
2026-03-17T10:21:51.051967,43,698,0.0,65.30000000000004,0.9193539239909312,0.0,0.0,0.0,99,149,106,10,5.716562271118164,0.00025,20000
2026-03-17T10:21:51.717745,43,708,0.1,65.40000000000003,0.9193539239909312,0.0,0.0,0.0,100,140,106,11,6.027460098266602,0.00025,20000
2026-03-17T10:21:52.384363,43,718,0.0,65.50000000000003,0.9193539239909312,0.0,0.0,0.0,101,145,106,11,6.9580078125,0.00025,20000
2026-03-17T10:21:53.046263,43,728,0.0,65.20000000000005,0.9193539239909312,0.0,0.0,0.0,98,123,106,6,4.238367080688477,0.00025,20000
2026-03-17T10:21:53.711468,43,738,-0.1,63.50000000000011,0.9193539239909312,0.0,0.0,0.0,81,173,106,8,3.5889148712158203,0.00025,20000
2026-03-17T10:21:54.377639,43,748,0.0,61.200000000000074,0.9193539239909312,0.0,0.0,0.0,58,176,106,4,4.013776779174805,0.00025,20000
2026-03-17T10:21:55.041877,43,758,0.0,60.00000000000006,0.9193539239909312,0.0,0.0,0.0,46,176,106,3,3.1042098999023438,0.00025,20000
2026-03-17T10:21:55.710781,43,768,-0.1,60.20000000000006,0.9193539239909312,0.0,0.0,0.0,48,163,106,4,4.809856414794922,0.00025,20000
2026-03-17T10:21:56.375647,43,778,0.1,61.40000000000008,0.9193539239909312,0.0,0.0,0.0,60,176,106,10,5.881309509277344,0.00025,20000
2026-03-17T10:21:57.039895,43,788,0.0,60.500000000000064,0.9193539239909312,0.0,0.0,0.0,51,128,106,5,4.085063934326172,0.00025,20000
2026-03-17T10:21:57.725801,43,798,0.0,60.00000000000006,0.9193539239909312,0.0,0.0,0.0,46,150,106,11,7.082223892211914,0.00025,20000
2026-03-17T10:21:58.386470,43,808,0.0,61.40000000000008,0.9193539239909312,0.0,0.0,0.0,60,173,106,11,4.0416717529296875,0.00025,20000
2026-03-17T10:21:59.054243,43,818,-0.1,59.800000000000054,0.9193539239909312,0.0,0.0,0.0,44,176,106,4,5.589008331298828,0.00025,20000
2026-03-17T10:21:59.719059,43,828,0.0,58.400000000000034,0.9193539239909312,0.0,0.0,0.0,30,136,106,8,4.223823547363281,0.00025,20000
2026-03-17T10:22:00.382920,43,838,0.0,58.60000000000004,0.9193539239909312,0.0,0.0,0.0,32,176,106,3,3.422260284423828,0.00025,20000
2026-03-17T10:22:01.051011,43,848,0.0,58.20000000000003,0.9193539239909312,0.0,0.0,0.0,28,138,106,5,6.249189376831055,0.00025,20000
2026-03-17T10:22:01.714126,43,858,0.2,58.90000000000004,0.9193539239909312,0.0,0.0,0.0,35,157,106,11,3.6444664001464844,0.00025,20000
2026-03-17T10:22:02.382642,43,868,0.1,62.600000000000094,0.9193539239909312,0.0,0.0,0.0,72,145,106,1,6.839275360107422,0.00025,20000
2026-03-17T10:22:03.046646,43,878,1.0,83.00000000000006,0.9193539239909312,0.0,0.0,0.0,123,149,123,5,3.8852691650390625,0.00025,20000
2026-03-17T10:22:03.713932,43,888,0.0,94.60000000000008,0.9193539239909312,0.0,0.0,0.0,131,160,135,4,6.595849990844727,0.00025,20000
2026-03-17T10:22:04.375511,43,898,0.0,94.2000000000001,0.9193539239909312,0.0,0.0,0.0,127,149,135,9,2.954244613647461,0.00025,20000
2026-03-17T10:22:05.046123,43,908,-0.1,92.5000000000002,0.9193539239909312,0.0,0.0,0.0,110,147,135,3,7.515430450439453,0.00025,20000
2026-03-17T10:22:05.708003,43,918,0.0,91.50000000000026,0.9193539239909312,0.0,0.0,0.0,100,135,135,1,3.5212039947509766,0.00025,20000
2026-03-17T10:22:06.373946,43,928,0.0,92.4000000000002,0.9193539239909312,0.0,0.0,0.0,109,113,135,3,4.119157791137695,0.00025,20000
2026-03-17T10:22:07.039684,43,938,0.0,94.50000000000009,0.9193539239909312,0.0,0.0,0.0,130,136,135,11,4.74095344543457,0.00025,20000
2026-03-17T10:22:07.706863,43,948,0.0,99.90000000000006,0.9193539239909312,0.0,0.0,0.0,139,176,140,9,5.700349807739258,0.00025,20000
2026-03-17T10:22:08.374096,43,958,-0.1,98.90000000000012,0.9193539239909312,0.0,0.0,0.0,129,160,140,1,6.2389373779296875,0.00025,20000
2026-03-17T10:22:09.037823,43,968,-0.1,97.90000000000018,0.9193539239909312,0.0,0.0,0.0,119,176,140,6,4.852056503295898,0.00025,20000
2026-03-17T10:22:09.705208,43,978,0.0,99.40000000000009,0.9193539239909312,0.0,0.0,0.0,134,176,140,10,7.171154022216797,0.00025,20000
2026-03-17T10:22:10.970491,44,3,1.0,1.0,0.9175152161429493,0.0,0.0,0.0,41,160,41,8,6.090402603149414,0.00025,20000
2026-03-17T10:22:11.637071,44,13,0.0,0.8,0.9175152161429493,0.0,0.0,0.0,39,138,41,4,6.980419158935547,0.00025,20000
2026-03-17T10:22:12.304407,44,23,-0.1,0.20000000000000015,0.9175152161429493,0.0,0.0,0.0,33,147,41,0,7.214546203613281,0.00025,20000
2026-03-17T10:22:12.969729,44,33,1.0,5.0,0.9175152161429493,0.0,0.0,0.0,45,173,45,3,8.152008056640625,0.00025,20000
2026-03-17T10:22:13.630584,44,43,0.0,6.9,0.9175152161429493,0.0,0.0,0.0,46,136,47,1,5.598783493041992,0.00025,20000
2026-03-17T10:22:14.297793,44,53,0.0,12.0,0.9175152161429493,0.0,0.0,0.0,52,138,52,0,4.844903945922852,0.00025,20000
2026-03-17T10:22:14.964457,44,63,0.0,12.0,0.9175152161429493,0.0,0.0,0.0,52,138,52,10,5.615472793579102,0.00025,20000
2026-03-17T10:22:15.629392,44,73,0.0,11.9,0.9175152161429493,0.0,0.0,0.0,51,140,52,11,5.99217414855957,0.00025,20000
2026-03-17T10:22:16.296837,44,83,0.0,11.9,0.9175152161429493,0.0,0.0,0.0,51,176,52,2,5.147457122802734,0.00025,20000
2026-03-17T10:22:16.960978,44,93,0.0,11.500000000000002,0.9175152161429493,0.0,0.0,0.0,47,176,52,9,6.5784454345703125,0.00025,20000
2026-03-17T10:22:17.628647,44,103,0.0,11.500000000000002,0.9175152161429493,0.0,0.0,0.0,47,149,52,2,6.486415863037109,0.00025,20000
2026-03-17T10:22:18.295152,44,113,0.0,11.400000000000002,0.9175152161429493,0.0,0.0,0.0,46,157,52,11,7.901430130004883,0.00025,20000
2026-03-17T10:22:18.956133,44,123,0.0,14.0,0.9175152161429493,0.0,0.0,0.0,54,176,54,7,3.4945011138916016,0.00025,20000
2026-03-17T10:22:19.624598,44,133,1.0,24.0,0.9175152161429493,0.0,0.0,0.0,64,176,64,7,5.312681198120117,0.00025,20000
2026-03-17T10:22:20.293311,44,143,-0.1,23.69999999999998,0.9175152161429493,0.0,0.0,0.0,52,176,65,7,7.958412170410156,0.00025,20000
2026-03-17T10:22:20.955487,44,153,-0.1,23.199999999999974,0.9175152161429493,0.0,0.0,0.0,47,176,65,9,6.217002868652344,0.00025,20000
2026-03-17T10:22:21.635161,44,163,0.1,24.39999999999999,0.9175152161429493,0.0,0.0,0.0,59,176,65,8,4.462718963623047,0.00025,20000
2026-03-17T10:22:22.303731,44,173,0.0,22.99999999999997,0.9175152161429493,0.0,0.0,0.0,45,152,65,8,7.275819778442383,0.00025,20000
2026-03-17T10:22:22.969128,44,183,0.0,21.59999999999995,0.9175152161429493,0.0,0.0,0.0,31,176,65,1,7.458686828613281,0.00025,20000
2026-03-17T10:22:23.635645,44,193,0.1,22.79999999999997,0.9175152161429493,0.0,0.0,0.0,43,160,65,7,8.45193862915039,0.00025,20000
2026-03-17T10:22:24.296502,44,203,0.0,22.99999999999997,0.9175152161429493,0.0,0.0,0.0,45,176,65,10,6.893396377563477,0.00025,20000
2026-03-17T10:22:24.960329,44,213,0.0,21.699999999999953,0.9175152161429493,0.0,0.0,0.0,32,160,65,0,4.325389862060547,0.00025,20000
2026-03-17T10:22:25.626315,44,223,0.1,21.699999999999953,0.9175152161429493,0.0,0.0,0.0,32,145,65,10,3.6950111389160156,0.00025,20000
2026-03-17T10:22:26.291227,44,233,-0.1,21.699999999999953,0.9175152161429493,0.0,0.0,0.0,32,173,65,5,4.625558853149414,0.00025,20000
2026-03-17T10:22:26.962577,44,243,-0.1,19.099999999999916,0.9175152161429493,0.0,0.0,0.0,6,176,65,1,8.70966911315918,0.00025,20000
2026-03-17T10:22:27.626393,44,253,0.0,18.999999999999915,0.9175152161429493,0.0,0.0,0.0,5,176,65,11,5.9490203857421875,0.00025,20000
2026-03-17T10:22:28.287606,44,263,0.0,18.999999999999915,0.9175152161429493,0.0,0.0,0.0,5,146,65,8,3.917694091796875,0.00025,20000
2026-03-17T10:22:28.955853,44,273,0.0,18.899999999999913,0.9175152161429493,0.0,0.0,0.0,4,138,65,10,6.366729736328125,0.00025,20000
2026-03-17T10:22:29.625969,44,283,0.0,19.29999999999992,0.9175152161429493,0.0,0.0,0.0,8,157,65,6,7.103919982910156,0.00025,20000
2026-03-17T10:22:30.283430,44,293,0.1,19.99999999999993,0.9175152161429493,0.0,0.0,0.0,15,173,65,5,2.8526782989501953,0.00025,20000
2026-03-17T10:22:30.951636,44,303,0.0,19.899999999999928,0.9175152161429493,0.0,0.0,0.0,14,160,65,1,3.2281875610351562,0.00025,20000
2026-03-17T10:22:31.616731,44,313,-0.1,19.39999999999992,0.9175152161429493,0.0,0.0,0.0,9,160,65,10,3.849506378173828,0.00025,20000
2026-03-17T10:22:32.286577,44,323,0.0,18.799999999999912,0.9175152161429493,0.0,0.0,0.0,3,145,65,0,4.105329513549805,0.00025,20000
2026-03-17T10:22:32.951326,44,333,0.0,19.099999999999916,0.9175152161429493,0.0,0.0,0.0,6,149,65,3,7.270097732543945,0.00025,20000
2026-03-17T10:22:33.617928,44,343,0.0,18.59999999999991,0.9175152161429493,0.0,0.0,0.0,1,160,65,5,7.192373275756836,0.00025,20000
2026-03-17T10:22:34.283263,44,353,0.0,19.099999999999916,0.9175152161429493,0.0,0.0,0.0,6,147,65,9,7.235527038574219,0.00025,20000
2026-03-17T10:22:34.948376,44,363,0.0,18.499999999999908,0.9175152161429493,0.0,0.0,0.0,0,167,65,0,7.757663726806641,0.00025,20000
2026-03-17T10:22:35.616616,44,373,0.0,19.199999999999918,0.9175152161429493,0.0,0.0,0.0,7,176,65,9,8.535385131835938,0.00025,20000
2026-03-17T10:22:36.274636,44,383,0.0,20.999999999999943,0.9175152161429493,0.0,0.0,0.0,25,176,65,9,4.4078826904296875,0.00025,20000
2026-03-17T10:22:36.944601,44,393,0.1,23.999999999999982,0.9175152161429493,0.0,0.0,0.0,55,176,65,7,7.156610488891602,0.00025,20000
2026-03-17T10:22:37.609726,44,403,1.0,66.0,0.9175152161429493,0.0,0.0,0.0,106,147,106,8,4.5108795166015625,0.00025,20000
2026-03-17T10:22:38.274992,44,413,1.0,119.0,0.9175152161429493,0.0,0.0,0.0,159,147,159,4,7.2040557861328125,0.00025,20000
2026-03-17T10:22:38.939187,44,423,1.0,174.0,0.9175152161429493,0.0,0.0,0.0,214,176,214,0,5.250215530395508,0.00025,20000
2026-03-17T10:22:39.606875,44,433,1.0,217.0,0.9175152161429493,0.0,0.0,0.0,257,176,257,3,3.9429664611816406,0.00025,20000
2026-03-17T10:22:40.274421,44,443,0.0,229.8,0.9175152161429493,0.0,0.0,0.0,268,160,270,5,6.962299346923828,0.00025,20000
2026-03-17T10:22:40.939057,44,453,-0.1,233.9,0.9175152161429493,0.0,0.0,0.0,273,157,274,2,7.006406784057617,0.00025,20000
2026-03-17T10:22:41.599573,44,463,0.1,233.9,0.9175152161429493,0.0,0.0,0.0,273,145,274,8,3.278493881225586,0.00025,20000
2026-03-17T10:22:42.264564,44,473,-0.1,234.8,0.9175152161429493,0.0,0.0,0.0,273,173,275,10,3.085613250732422,0.00025,20000
2026-03-17T10:22:42.928707,44,483,0.0,238.0,0.9175152161429493,0.0,0.0,0.0,278,176,278,5,3.4263134002685547,0.00025,20000
2026-03-17T10:22:43.598569,44,493,0.0,237.9,0.9175152161429493,0.0,0.0,0.0,277,176,278,4,4.103660583496094,0.00025,20000
2026-03-17T10:22:44.264162,44,503,0.0,237.70000000000002,0.9175152161429493,0.0,0.0,0.0,275,160,278,7,6.150960922241211,0.00025,20000
2026-03-17T10:22:44.925705,44,513,0.0,236.50000000000009,0.9175152161429493,0.0,0.0,0.0,263,149,278,6,3.3941268920898438,0.00025,20000
2026-03-17T10:22:45.591923,44,523,0.0,237.10000000000005,0.9175152161429493,0.0,0.0,0.0,269,149,278,11,3.303050994873047,0.00025,20000
2026-03-17T10:22:46.257556,44,533,0.0,235.20000000000016,0.9175152161429493,0.0,0.0,0.0,250,176,278,0,3.390073776245117,0.00025,20000
2026-03-17T10:22:46.923983,44,543,0.0,236.2000000000001,0.9175152161429493,0.0,0.0,0.0,260,176,278,9,3.350973129272461,0.00025,20000
2026-03-17T10:22:47.589806,44,553,0.0,237.20000000000005,0.9175152161429493,0.0,0.0,0.0,270,176,278,3,3.753185272216797,0.00025,20000
2026-03-17T10:22:48.255805,44,563,0.0,236.1000000000001,0.9175152161429493,0.0,0.0,0.0,259,145,278,0,3.3719539642333984,0.00025,20000
2026-03-17T10:22:48.921324,44,573,0.0,234.4000000000002,0.9175152161429493,0.0,0.0,0.0,242,176,278,2,3.747224807739258,0.00025,20000
2026-03-17T10:22:49.595743,44,583,-0.1,233.80000000000024,0.9175152161429493,0.0,0.0,0.0,236,160,278,6,6.013631820678711,0.00025,20000
2026-03-17T10:22:50.249886,44,593,-0.1,233.30000000000027,0.9175152161429493,0.0,0.0,0.0,231,176,278,8,3.232717514038086,0.00025,20000
2026-03-17T10:22:50.915983,44,603,0.0,230.10000000000045,0.9175152161429493,0.0,0.0,0.0,199,176,278,6,3.4949779510498047,0.00025,20000
2026-03-17T10:22:51.581984,44,613,-0.1,229.1000000000005,0.9175152161429493,0.0,0.0,0.0,189,173,278,3,3.335714340209961,0.00025,20000
2026-03-17T10:22:52.248801,44,623,0.0,229.3000000000005,0.9175152161429493,0.0,0.0,0.0,191,135,278,6,3.112316131591797,0.00025,20000
2026-03-17T10:22:52.914297,44,633,0.0,229.2000000000005,0.9175152161429493,0.0,0.0,0.0,190,149,278,9,4.344940185546875,0.00025,20000
2026-03-17T10:22:53.578647,44,643,0.1,232.20000000000033,0.9175152161429493,0.0,0.0,0.0,220,152,278,8,3.161907196044922,0.00025,20000
2026-03-17T10:22:54.246366,44,653,0.1,235.40000000000015,0.9175152161429493,0.0,0.0,0.0,252,154,278,5,4.558563232421875,0.00025,20000
2026-03-17T10:22:54.912236,44,663,0.0,235.80000000000013,0.9175152161429493,0.0,0.0,0.0,256,176,278,10,5.057096481323242,0.00025,20000
2026-03-17T10:22:55.578435,44,673,0.1,237.00000000000006,0.9175152161429493,0.0,0.0,0.0,268,149,278,10,5.799531936645508,0.00025,20000
2026-03-17T10:22:56.244386,44,683,0.0,240.0,0.9175152161429493,0.0,0.0,0.0,280,147,280,2,6.560564041137695,0.00025,20000
2026-03-17T10:22:56.913770,44,693,0.1,239.90000000000006,0.9175152161429493,0.0,0.0,0.0,270,148,281,11,4.486083984375,0.00025,20000
2026-03-17T10:22:57.572696,44,703,0.1,240.30000000000004,0.9175152161429493,0.0,0.0,0.0,274,176,281,8,3.208637237548828,0.00025,20000
2026-03-17T10:22:58.239646,44,713,1.0,245.0,0.9175152161429493,0.0,0.0,0.0,285,173,285,2,4.1027069091796875,0.00025,20000
2026-03-17T10:22:58.904677,44,723,0.0,249.0,0.9175152161429493,0.0,0.0,0.0,289,168,289,5,4.622459411621094,0.00025,20000
2026-03-17T10:22:59.570866,44,733,0.0,248.30000000000004,0.9175152161429493,0.0,0.0,0.0,282,176,289,3,4.746437072753906,0.00025,20000
2026-03-17T10:23:00.236542,44,743,0.1,248.70000000000002,0.9175152161429493,0.0,0.0,0.0,286,173,289,3,4.143714904785156,0.00025,20000
2026-03-17T10:23:00.903534,44,753,0.0,248.20000000000005,0.9175152161429493,0.0,0.0,0.0,281,176,289,6,7.346153259277344,0.00025,20000
2026-03-17T10:23:01.568105,44,763,0.0,247.90000000000006,0.9175152161429493,0.0,0.0,0.0,278,135,289,7,6.684780120849609,0.00025,20000
2026-03-17T10:23:02.236652,44,773,1.0,252.0,0.9175152161429493,0.0,0.0,0.0,292,157,292,11,8.005857467651367,0.00025,20000
2026-03-17T10:23:02.899424,44,783,0.0,255.9,0.9175152161429493,0.0,0.0,0.0,295,152,296,3,5.466461181640625,0.00025,20000
2026-03-17T10:23:03.559789,44,793,0.0,254.2000000000001,0.9175152161429493,0.0,0.0,0.0,278,176,296,10,2.3069381713867188,0.00025,20000
2026-03-17T10:23:04.229172,44,803,0.0,254.1000000000001,0.9175152161429493,0.0,0.0,0.0,277,176,296,4,3.561258316040039,0.00025,20000
2026-03-17T10:23:04.894189,44,813,0.0,254.1000000000001,0.9175152161429493,0.0,0.0,0.0,277,160,296,2,3.683805465698242,0.00025,20000
2026-03-17T10:23:05.559860,44,823,0.0,252.5000000000002,0.9175152161429493,0.0,0.0,0.0,261,146,296,10,3.7071704864501953,0.00025,20000
2026-03-17T10:23:06.225242,44,833,0.1,252.4000000000002,0.9175152161429493,0.0,0.0,0.0,260,176,296,9,3.8979053497314453,0.00025,20000
2026-03-17T10:23:06.893090,44,843,0.0,253.20000000000016,0.9175152161429493,0.0,0.0,0.0,268,147,296,11,5.400896072387695,0.00025,20000
2026-03-17T10:23:07.556438,44,853,0.0,254.1000000000001,0.9175152161429493,0.0,0.0,0.0,277,160,296,8,4.698038101196289,0.00025,20000
2026-03-17T10:23:08.225258,44,863,0.0,253.80000000000013,0.9175152161429493,0.0,0.0,0.0,274,145,296,1,6.675243377685547,0.00025,20000
2026-03-17T10:23:08.887261,44,873,0.0,252.90000000000018,0.9175152161429493,0.0,0.0,0.0,265,173,296,3,3.2241344451904297,0.00025,20000
2026-03-17T10:23:10.051466,45,3,0.0,2.0,0.9156801857106633,0.0,0.0,0.0,42,150,42,7,3.0770301818847656,0.00025,20000
2026-03-17T10:23:10.718976,45,13,0.0,10.0,0.9156801857106633,0.0,0.0,0.0,50,147,50,5,5.213022232055664,0.00025,20000
2026-03-17T10:23:11.384241,45,23,-0.1,14.700000000000001,0.9156801857106633,0.0,0.0,0.0,52,135,55,5,5.207538604736328,0.00025,20000
2026-03-17T10:23:12.048262,45,33,0.0,13.900000000000004,0.9156801857106633,0.0,0.0,0.0,44,128,55,0,4.584312438964844,0.00025,20000
2026-03-17T10:23:12.715059,45,43,0.0,13.700000000000005,0.9156801857106633,0.0,0.0,0.0,42,173,55,9,5.209684371948242,0.00025,20000
2026-03-17T10:23:13.380466,45,53,0.0,12.800000000000008,0.9156801857106633,0.0,0.0,0.0,33,173,55,8,5.252599716186523,0.00025,20000
2026-03-17T10:23:14.045864,45,63,0.0,12.600000000000009,0.9156801857106633,0.0,0.0,0.0,31,168,55,11,4.043340682983398,0.00025,20000
2026-03-17T10:23:14.710804,45,73,0.0,12.10000000000001,0.9156801857106633,0.0,0.0,0.0,26,149,55,7,4.304409027099609,0.00025,20000
2026-03-17T10:23:15.378630,45,83,0.0,12.20000000000001,0.9156801857106633,0.0,0.0,0.0,27,147,55,9,5.966901779174805,0.00025,20000
2026-03-17T10:23:16.042075,45,93,0.0,11.300000000000013,0.9156801857106633,0.0,0.0,0.0,18,173,55,7,4.742860794067383,0.00025,20000
2026-03-17T10:23:16.708236,45,103,-0.1,9.800000000000018,0.9156801857106633,0.0,0.0,0.0,3,165,55,5,5.02324104309082,0.00025,20000
2026-03-17T10:23:17.375479,45,113,0.0,9.700000000000019,0.9156801857106633,0.0,0.0,0.0,2,176,55,5,7.1258544921875,0.00025,20000
2026-03-17T10:23:18.037731,45,123,0.0,10.300000000000017,0.9156801857106633,0.0,0.0,0.0,8,176,55,3,3.700733184814453,0.00025,20000
2026-03-17T10:23:18.703158,45,133,0.0,10.600000000000016,0.9156801857106633,0.0,0.0,0.0,11,160,55,6,4.577398300170898,0.00025,20000
2026-03-17T10:23:19.370758,45,143,0.0,9.50000000000002,0.9156801857106633,0.0,0.0,0.0,0,138,55,10,6.55364990234375,0.00025,20000
2026-03-17T10:23:20.034064,45,153,0.0,10.100000000000017,0.9156801857106633,0.0,0.0,0.0,6,157,55,6,3.6568641662597656,0.00025,20000
2026-03-17T10:23:20.718809,45,163,0.0,10.100000000000017,0.9156801857106633,0.0,0.0,0.0,6,165,55,8,4.791021347045898,0.00025,20000
2026-03-17T10:23:21.383614,45,173,0.0,10.200000000000017,0.9156801857106633,0.0,0.0,0.0,7,157,55,4,5.499362945556641,0.00025,20000
2026-03-17T10:23:22.048761,45,183,0.0,10.200000000000017,0.9156801857106633,0.0,0.0,0.0,7,173,55,4,5.175590515136719,0.00025,20000
2026-03-17T10:23:22.712682,45,193,0.0,9.700000000000019,0.9156801857106633,0.0,0.0,0.0,2,176,55,8,3.326416015625,0.00025,20000
2026-03-17T10:23:23.381890,45,203,0.0,9.50000000000002,0.9156801857106633,0.0,0.0,0.0,0,176,55,9,6.520271301269531,0.00025,20000
2026-03-17T10:23:24.044560,45,213,0.2,12.700000000000008,0.9156801857106633,0.0,0.0,0.0,32,176,55,7,3.9627552032470703,0.00025,20000
2026-03-17T10:23:24.713050,45,223,0.0,31.0,0.9156801857106633,0.0,0.0,0.0,71,161,71,3,7.269859313964844,0.00025,20000
2026-03-17T10:23:25.376717,45,233,0.0,51.0,0.9156801857106633,0.0,0.0,0.0,91,165,91,3,4.647493362426758,0.00025,20000
2026-03-17T10:23:26.042542,45,243,0.0,53.39999999999999,0.9156801857106633,0.0,0.0,0.0,88,145,94,0,4.627704620361328,0.00025,20000
2026-03-17T10:23:26.705325,45,253,0.0,53.699999999999996,0.9156801857106633,0.0,0.0,0.0,91,152,94,3,3.4885406494140625,0.00025,20000
2026-03-17T10:23:27.374259,45,263,0.1,53.39999999999999,0.9156801857106633,0.0,0.0,0.0,88,152,94,6,4.361629486083984,0.00025,20000
2026-03-17T10:23:28.040080,45,273,1.0,90.0,0.9156801857106633,0.0,0.0,0.0,130,165,130,10,5.878686904907227,0.00025,20000
2026-03-17T10:23:28.706292,45,283,1.0,126.0,0.9156801857106633,0.0,0.0,0.0,166,149,166,0,7.245063781738281,0.00025,20000
2026-03-17T10:23:29.369397,45,293,1.0,167.0,0.9156801857106633,0.0,0.0,0.0,207,176,207,9,4.192352294921875,0.00025,20000
2026-03-17T10:23:30.035564,45,303,-0.1,198.9,0.9156801857106633,0.0,0.0,0.0,238,160,239,6,4.337787628173828,0.00025,20000
2026-03-17T10:23:30.699040,45,313,0.0,198.20000000000005,0.9156801857106633,0.0,0.0,0.0,231,138,239,4,3.9229393005371094,0.00025,20000
2026-03-17T10:23:31.365640,45,323,-0.1,205.00000000000006,0.9156801857106633,0.0,0.0,0.0,236,150,246,5,4.444360733032227,0.00025,20000
2026-03-17T10:23:32.031306,45,333,0.0,202.90000000000018,0.9156801857106633,0.0,0.0,0.0,215,147,246,0,4.509925842285156,0.00025,20000
2026-03-17T10:23:32.698668,45,343,0.0,201.50000000000026,0.9156801857106633,0.0,0.0,0.0,201,128,246,8,5.121469497680664,0.00025,20000
2026-03-17T10:23:33.996790,46,3,0.0,0.0,0.913848825339242,0.0,0.0,0.0,40,160,40,1,6.709575653076172,0.00025,20000
2026-03-17T10:23:34.660138,46,13,0.0,2.4999999999999996,0.913848825339242,0.0,0.0,0.0,38,147,43,10,4.621744155883789,0.00025,20000
2026-03-17T10:23:35.326981,46,23,0.0,-1.5265566588595902e-15,0.913848825339242,0.0,0.0,0.0,13,145,43,1,4.080295562744141,0.00025,20000
2026-03-17T10:23:35.993234,46,33,0.0,-1.1000000000000016,0.913848825339242,0.0,0.0,0.0,2,147,43,11,5.964517593383789,0.00025,20000
2026-03-17T10:23:36.659006,46,43,0.0,-1.1000000000000016,0.913848825339242,0.0,0.0,0.0,2,173,43,10,5.16200065612793,0.00025,20000
2026-03-17T10:23:37.322680,46,53,0.0,-1.0000000000000016,0.913848825339242,0.0,0.0,0.0,3,176,43,6,4.6443939208984375,0.00025,20000
2026-03-17T10:23:37.991477,46,63,0.0,-1.1000000000000016,0.913848825339242,0.0,0.0,0.0,2,176,43,1,7.05718994140625,0.00025,20000
2026-03-17T10:23:38.655204,46,73,0.1,-0.1000000000000017,0.913848825339242,0.0,0.0,0.0,12,152,43,6,5.375146865844727,0.00025,20000
2026-03-17T10:23:39.319956,46,83,0.0,-0.9000000000000016,0.913848825339242,0.0,0.0,0.0,4,157,43,0,5.362033843994141,0.00025,20000
2026-03-17T10:23:39.984482,46,93,0.1,-0.3000000000000017,0.913848825339242,0.0,0.0,0.0,10,176,43,3,4.079580307006836,0.00025,20000
2026-03-17T10:23:40.650717,46,103,0.0,1.5999999999999988,0.913848825339242,0.0,0.0,0.0,29,176,43,7,5.0525665283203125,0.00025,20000
2026-03-17T10:23:41.318516,46,113,0.0,1.3999999999999986,0.913848825339242,0.0,0.0,0.0,27,173,43,6,5.250453948974609,0.00025,20000
2026-03-17T10:23:41.981872,46,123,0.0,1.5999999999999988,0.913848825339242,0.0,0.0,0.0,29,147,43,8,3.5414695739746094,0.00025,20000
2026-03-17T10:23:42.647912,46,133,1.0,7.0,0.913848825339242,0.0,0.0,0.0,47,145,47,2,4.668951034545898,0.00025,20000
2026-03-17T10:23:43.315217,46,143,0.0,22.699999999999996,0.913848825339242,0.0,0.0,0.0,60,123,63,6,5.518436431884766,0.00025,20000
2026-03-17T10:23:43.979470,46,153,0.0,21.69999999999998,0.913848825339242,0.0,0.0,0.0,50,128,63,11,4.942655563354492,0.00025,20000
2026-03-17T10:23:44.660778,46,163,0.0,21.49999999999998,0.913848825339242,0.0,0.0,0.0,48,157,63,8,4.634380340576172,0.00025,20000
2026-03-17T10:23:45.328555,46,173,0.0,20.699999999999967,0.913848825339242,0.0,0.0,0.0,40,135,63,0,5.345821380615234,0.00025,20000
2026-03-17T10:23:45.991962,46,183,0.0,20.89999999999997,0.913848825339242,0.0,0.0,0.0,42,128,63,2,4.378795623779297,0.00025,20000
2026-03-17T10:23:46.656894,46,193,0.0,23.0,0.913848825339242,0.0,0.0,0.0,63,176,63,4,4.054546356201172,0.00025,20000
2026-03-17T10:23:47.325752,46,203,0.0,25.999999999999986,0.913848825339242,0.0,0.0,0.0,57,149,67,7,6.689548492431641,0.00025,20000
2026-03-17T10:23:47.986792,46,213,0.1,24.99999999999997,0.913848825339242,0.0,0.0,0.0,47,145,67,8,2.8908252716064453,0.00025,20000
2026-03-17T10:23:48.654488,46,223,0.0,25.59999999999998,0.913848825339242,0.0,0.0,0.0,53,173,67,4,4.345178604125977,0.00025,20000
2026-03-17T10:23:49.321775,46,233,0.0,25.199999999999974,0.913848825339242,0.0,0.0,0.0,49,176,67,4,5.820274353027344,0.00025,20000
2026-03-17T10:23:49.984020,46,243,0.0,24.89999999999997,0.913848825339242,0.0,0.0,0.0,46,160,67,2,3.9632320404052734,0.00025,20000
2026-03-17T10:23:50.651001,46,253,0.0,24.79999999999997,0.913848825339242,0.0,0.0,0.0,45,160,67,11,5.713224411010742,0.00025,20000
2026-03-17T10:23:51.316942,46,263,-0.1,23.49999999999995,0.913848825339242,0.0,0.0,0.0,32,176,67,3,5.233526229858398,0.00025,20000
2026-03-17T10:23:51.987226,46,273,0.0,20.299999999999915,0.913848825339242,0.0,0.0,0.0,0,148,67,10,8.629560470581055,0.00025,20000
2026-03-17T10:23:52.647297,46,283,0.0,20.299999999999915,0.913848825339242,0.0,0.0,0.0,0,152,67,1,4.7245025634765625,0.00025,20000
2026-03-17T10:23:53.314850,46,293,0.0,21.599999999999934,0.913848825339242,0.0,0.0,0.0,13,160,67,0,5.806684494018555,0.00025,20000
2026-03-17T10:23:53.977139,46,303,0.1,23.699999999999964,0.913848825339242,0.0,0.0,0.0,34,160,67,11,3.6344528198242188,0.00025,20000
2026-03-17T10:23:54.644364,46,313,0.1,26.90000000000001,0.913848825339242,0.0,0.0,0.0,66,145,67,8,4.700183868408203,0.00025,20000
2026-03-17T10:23:55.307663,46,323,0.0,34.70000000000001,0.913848825339242,0.0,0.0,0.0,72,147,75,0,3.36456298828125,0.00025,20000
2026-03-17T10:23:55.973021,46,333,-0.1,33.19999999999999,0.913848825339242,0.0,0.0,0.0,57,147,75,6,3.2215118408203125,0.00025,20000
2026-03-17T10:23:56.642367,46,343,0.1,34.300000000000004,0.913848825339242,0.0,0.0,0.0,68,157,75,8,6.200075149536133,0.00025,20000
2026-03-17T10:23:57.309000,46,353,0.0,35.60000000000001,0.913848825339242,0.0,0.0,0.0,72,176,76,6,6.962060928344727,0.00025,20000
2026-03-17T10:23:57.974023,46,363,0.0,35.90000000000001,0.913848825339242,0.0,0.0,0.0,75,147,76,7,7.104158401489258,0.00025,20000
2026-03-17T10:23:58.639014,46,373,0.0,40.000000000000014,0.913848825339242,0.0,0.0,0.0,80,136,80,4,5.67317008972168,0.00025,20000
2026-03-17T10:23:59.303334,46,383,0.0,43.400000000000006,0.913848825339242,0.0,0.0,0.0,78,145,84,3,4.707813262939453,0.00025,20000
2026-03-17T10:23:59.969685,46,393,0.0,41.79999999999998,0.913848825339242,0.0,0.0,0.0,62,135,84,11,6.087541580200195,0.00025,20000
2026-03-17T10:24:00.635314,46,403,-0.1,39.49999999999995,0.913848825339242,0.0,0.0,0.0,39,147,84,6,5.983829498291016,0.00025,20000
2026-03-17T10:24:01.300081,46,413,0.0,35.9999999999999,0.913848825339242,0.0,0.0,0.0,4,168,84,4,4.6844482421875,0.00025,20000
2026-03-17T10:24:01.966332,46,423,0.0,35.9999999999999,0.913848825339242,0.0,0.0,0.0,4,157,84,7,6.348848342895508,0.00025,20000
2026-03-17T10:24:02.632404,46,433,0.0,36.59999999999991,0.913848825339242,0.0,0.0,0.0,10,160,84,8,6.874799728393555,0.00025,20000
2026-03-17T10:24:03.299581,46,443,0.0,35.9999999999999,0.913848825339242,0.0,0.0,0.0,4,135,84,5,6.98399543762207,0.00025,20000
2026-03-17T10:24:03.961139,46,453,0.1,36.69999999999991,0.913848825339242,0.0,0.0,0.0,11,140,84,7,4.3277740478515625,0.00025,20000
2026-03-17T10:24:04.627443,46,463,0.1,41.49999999999998,0.913848825339242,0.0,0.0,0.0,59,176,84,5,4.579067230224609,0.00025,20000
2026-03-17T10:24:05.293508,46,473,1.0,62.000000000000014,0.913848825339242,0.0,0.0,0.0,102,176,102,3,4.640817642211914,0.00025,20000
2026-03-17T10:24:05.976482,46,483,1.0,104.00000000000001,0.913848825339242,0.0,0.0,0.0,144,142,144,1,5.287408828735352,0.00025,20000
2026-03-17T10:24:06.640826,46,493,-0.1,118.50000000000004,0.913848825339242,0.0,0.0,0.0,154,157,159,2,4.913568496704102,0.00025,20000
2026-03-17T10:24:07.308161,46,503,-0.1,114.60000000000022,0.913848825339242,0.0,0.0,0.0,115,173,159,6,4.755496978759766,0.00025,20000
2026-03-17T10:24:07.973934,46,513,-0.1,110.60000000000039,0.913848825339242,0.0,0.0,0.0,75,160,159,7,6.966352462768555,0.00025,20000
2026-03-17T10:24:08.640170,46,523,0.0,110.70000000000039,0.913848825339242,0.0,0.0,0.0,76,160,159,4,6.664752960205078,0.00025,20000
2026-03-17T10:24:09.306485,46,533,0.0,111.30000000000035,0.913848825339242,0.0,0.0,0.0,82,176,159,4,7.309913635253906,0.00025,20000
2026-03-17T10:24:09.969578,46,543,0.2,113.90000000000025,0.913848825339242,0.0,0.0,0.0,108,176,159,9,5.899906158447266,0.00025,20000
2026-03-17T10:24:10.634615,46,553,0.1,119.00000000000011,0.913848825339242,0.0,0.0,0.0,159,142,159,11,4.403352737426758,0.00025,20000
2026-03-17T10:24:11.299535,46,563,1.0,171.0000000000001,0.913848825339242,0.0,0.0,0.0,211,161,211,10,4.827976226806641,0.00025,20000
2026-03-17T10:24:11.965327,46,573,1.0,204.0000000000001,0.913848825339242,0.0,0.0,0.0,244,140,244,1,5.571842193603516,0.00025,20000
2026-03-17T10:24:12.631733,46,583,0.0,221.0000000000001,0.913848825339242,0.0,0.0,0.0,261,149,261,4,5.400657653808594,0.00025,20000
2026-03-17T10:24:13.297889,46,593,0.0,223.0000000000001,0.913848825339242,0.0,0.0,0.0,263,147,263,3,4.9591064453125,0.00025,20000
2026-03-17T10:24:13.963101,46,603,-0.1,230.50000000000014,0.913848825339242,0.0,0.0,0.0,266,160,271,0,6.5670013427734375,0.00025,20000
2026-03-17T10:24:14.627893,46,613,-0.1,227.40000000000032,0.913848825339242,0.0,0.0,0.0,235,135,271,9,4.734516143798828,0.00025,20000
2026-03-17T10:24:15.293626,46,623,0.0,227.00000000000034,0.913848825339242,0.0,0.0,0.0,231,160,271,5,4.543304443359375,0.00025,20000
2026-03-17T10:24:15.962126,46,633,0.1,226.30000000000038,0.913848825339242,0.0,0.0,0.0,224,160,271,0,8.131027221679688,0.00025,20000
2026-03-17T10:24:16.625722,46,643,0.1,228.50000000000026,0.913848825339242,0.0,0.0,0.0,246,145,271,0,7.0590972900390625,0.00025,20000
2026-03-17T10:24:17.291246,46,653,1.0,253.0000000000001,0.913848825339242,0.0,0.0,0.0,293,135,293,5,5.3501129150390625,0.00025,20000
2026-03-17T10:24:17.956090,46,663,0.0,268.80000000000007,0.913848825339242,0.0,0.0,0.0,307,160,309,5,5.03230094909668,0.00025,20000
2026-03-17T10:24:18.620913,46,673,0.0,267.6999999999998,0.913848825339242,0.0,0.0,0.0,296,164,309,11,4.382610321044922,0.00025,20000
2026-03-17T10:24:19.287191,46,683,0.0,267.0999999999997,0.913848825339242,0.0,0.0,0.0,290,145,309,2,3.9818286895751953,0.00025,20000
2026-03-17T10:24:19.951834,46,693,0.0,266.09999999999945,0.913848825339242,0.0,0.0,0.0,280,135,309,5,4.251241683959961,0.00025,20000
2026-03-17T10:24:20.616208,46,703,-0.1,262.0999999999989,0.913848825339242,0.0,0.0,0.0,240,161,309,6,4.273653030395508,0.00025,20000
2026-03-17T10:24:21.284906,46,713,0.1,260.7999999999989,0.913848825339242,0.0,0.0,0.0,227,149,309,9,5.460500717163086,0.00025,20000
2026-03-17T10:24:21.946399,46,723,0.1,264.3999999999996,0.913848825339242,0.0,0.0,0.0,263,155,309,4,2.946615219116211,0.00025,20000
2026-03-17T10:24:22.611535,46,733,0.0,268.69999999999976,0.913848825339242,0.0,0.0,0.0,306,125,309,3,2.886056900024414,0.00025,20000
2026-03-17T10:24:23.283303,46,743,0.0,268.4999999999997,0.913848825339242,0.0,0.0,0.0,304,160,309,7,6.969451904296875,0.00025,20000
2026-03-17T10:24:23.948275,46,753,0.1,268.59999999999974,0.913848825339242,0.0,0.0,0.0,305,147,309,8,6.218433380126953,0.00025,20000
2026-03-17T10:24:24.610566,46,763,0.0,273.99999999999983,0.913848825339242,0.0,0.0,0.0,314,173,314,9,5.301713943481445,0.00025,20000
2026-03-17T10:24:25.274735,46,773,0.0,280.8999999999998,0.913848825339242,0.0,0.0,0.0,320,169,321,3,3.2525062561035156,0.00025,20000
2026-03-17T10:24:25.944437,46,783,0.0,279.4999999999995,0.913848825339242,0.0,0.0,0.0,306,176,321,3,7.574796676635742,0.00025,20000
2026-03-17T10:24:26.611151,46,793,0.0,279.4999999999995,0.913848825339242,0.0,0.0,0.0,306,147,321,9,7.2307586669921875,0.00025,20000
2026-03-17T10:24:27.272530,46,803,0.0,279.5999999999995,0.913848825339242,0.0,0.0,0.0,307,176,321,1,4.458427429199219,0.00025,20000
2026-03-17T10:24:27.937915,46,813,-0.1,279.0999999999994,0.913848825339242,0.0,0.0,0.0,302,152,321,9,3.8099288940429688,0.00025,20000
2026-03-17T10:24:28.605134,46,823,-0.1,276.4999999999988,0.913848825339242,0.0,0.0,0.0,276,176,321,2,4.602193832397461,0.00025,20000
2026-03-17T10:24:29.271476,46,833,0.0,272.9999999999985,0.913848825339242,0.0,0.0,0.0,241,176,321,5,5.93256950378418,0.00025,20000
2026-03-17T10:24:29.935784,46,843,0.1,273.59999999999866,0.913848825339242,0.0,0.0,0.0,247,145,321,9,4.181623458862305,0.00025,20000
2026-03-17T10:24:30.604034,46,853,0.0,275.199999999999,0.913848825339242,0.0,0.0,0.0,263,147,321,8,6.727695465087891,0.00025,20000
2026-03-17T10:24:31.269051,46,863,0.0,275.4999999999991,0.913848825339242,0.0,0.0,0.0,266,176,321,4,6.303310394287109,0.00025,20000
2026-03-17T10:24:31.931930,46,873,0.0,275.4999999999991,0.913848825339242,0.0,0.0,0.0,266,152,321,9,4.124641418457031,0.00025,20000
2026-03-17T10:24:32.598816,46,883,0.1,279.49999999999983,0.913848825339242,0.0,0.0,0.0,306,176,321,0,5.745410919189453,0.00025,20000
2026-03-17T10:24:33.263653,46,893,0.0,283.6000000000001,0.913848825339242,0.0,0.0,0.0,320,149,324,7,5.348443984985352,0.00025,20000
2026-03-17T10:24:33.930800,46,903,0.0,282.8999999999999,0.913848825339242,0.0,0.0,0.0,313,147,324,9,6.426095962524414,0.00025,20000
2026-03-17T10:24:34.595440,46,913,-0.1,283.3,0.913848825339242,0.0,0.0,0.0,317,145,324,6,4.628181457519531,0.00025,20000
2026-03-17T10:24:35.258308,46,923,0.0,282.8999999999999,0.913848825339242,0.0,0.0,0.0,313,173,324,11,4.296779632568359,0.00025,20000
2026-03-17T10:24:35.927181,46,933,0.0,282.8999999999999,0.913848825339242,0.0,0.0,0.0,313,145,324,0,5.9871673583984375,0.00025,20000
2026-03-17T10:24:36.591330,46,943,0.0,282.59999999999985,0.913848825339242,0.0,0.0,0.0,310,136,324,1,5.913734436035156,0.00025,20000
2026-03-17T10:24:37.255675,46,953,-0.1,278.59999999999917,0.913848825339242,0.0,0.0,0.0,270,143,324,5,4.556417465209961,0.00025,20000
2026-03-17T10:24:37.921481,46,963,0.0,275.9999999999989,0.913848825339242,0.0,0.0,0.0,244,147,324,1,4.527807235717773,0.00025,20000
2026-03-17T10:24:38.588225,46,973,0.0,276.59999999999906,0.913848825339242,0.0,0.0,0.0,250,149,324,9,4.455089569091797,0.00025,20000
2026-03-17T10:24:39.249528,46,983,0.0,277.2999999999992,0.913848825339242,0.0,0.0,0.0,257,155,324,11,2.0732879638671875,0.00025,20000
2026-03-17T10:24:39.919840,46,993,0.1,277.5999999999993,0.913848825339242,0.0,0.0,0.0,260,160,324,3,4.757404327392578,0.00025,20000
2026-03-17T10:24:40.586658,46,1003,0.0,277.49999999999926,0.913848825339242,0.0,0.0,0.0,259,157,324,1,5.30695915222168,0.00025,20000
2026-03-17T10:24:41.248374,46,1013,0.0,277.49999999999926,0.913848825339242,0.0,0.0,0.0,259,145,324,1,3.8378238677978516,0.00025,20000
2026-03-17T10:24:41.916305,46,1023,-0.1,276.99999999999915,0.913848825339242,0.0,0.0,0.0,254,176,324,0,5.228996276855469,0.00025,20000
2026-03-17T10:24:42.579080,46,1033,0.0,277.09999999999917,0.913848825339242,0.0,0.0,0.0,255,176,324,6,3.187417984008789,0.00025,20000
2026-03-17T10:24:43.246082,46,1043,0.0,276.7999999999991,0.913848825339242,0.0,0.0,0.0,252,147,324,6,4.279136657714844,0.00025,20000
2026-03-17T10:24:43.910897,46,1053,0.0,275.9999999999989,0.913848825339242,0.0,0.0,0.0,244,168,324,10,3.147125244140625,0.00025,20000
2026-03-17T10:24:44.576978,46,1063,0.0,276.7999999999991,0.913848825339242,0.0,0.0,0.0,252,172,324,3,3.773927688598633,0.00025,20000
2026-03-17T10:24:45.238436,46,1073,0.0,276.6999999999991,0.913848825339242,0.0,0.0,0.0,251,147,324,3,1.0652542114257812,0.00025,20000
2026-03-17T10:24:45.905370,46,1083,0.0,277.39999999999924,0.913848825339242,0.0,0.0,0.0,258,176,324,7,1.1894702911376953,0.00025,20000
2026-03-17T10:24:46.570579,46,1093,0.1,279.7999999999998,0.913848825339242,0.0,0.0,0.0,282,176,324,3,1.2936592102050781,0.00025,20000
2026-03-17T10:24:47.236069,46,1103,0.1,283.3000000000006,0.913848825339242,0.0,0.0,0.0,317,176,324,9,1.5704631805419922,0.00025,20000
2026-03-17T10:24:47.901458,46,1113,1.0,328.0000000000007,0.913848825339242,0.0,0.0,0.0,368,161,368,11,1.0578632354736328,0.00025,20000
2026-03-17T10:24:48.567742,46,1123,1.0,382.0000000000007,0.913848825339242,0.0,0.0,0.0,422,157,422,1,2.5343894958496094,0.00025,20000
2026-03-17T10:24:49.234309,46,1133,0.0,395.90000000000066,0.913848825339242,0.0,0.0,0.0,435,147,436,2,2.797365188598633,0.00025,20000
2026-03-17T10:24:49.900418,46,1143,0.0,393.9000000000002,0.913848825339242,0.0,0.0,0.0,415,135,436,9,3.0841827392578125,0.00025,20000
2026-03-17T10:24:50.565351,46,1153,0.0,393.70000000000016,0.913848825339242,0.0,0.0,0.0,413,145,436,8,3.3082962036132812,0.00025,20000
2026-03-17T10:24:51.232019,46,1163,0.1,394.10000000000025,0.913848825339242,0.0,0.0,0.0,417,157,436,1,3.7996768951416016,0.00025,20000
2026-03-17T10:24:51.900177,46,1173,0.1,395.50000000000057,0.913848825339242,0.0,0.0,0.0,431,173,436,11,5.8536529541015625,0.00025,20000
2026-03-17T10:24:52.564366,46,1183,0.0,400.0000000000007,0.913848825339242,0.0,0.0,0.0,440,135,440,3,4.576683044433594,0.00025,20000
2026-03-17T10:24:53.229891,46,1193,-0.1,402.3000000000005,0.913848825339242,0.0,0.0,0.0,436,141,443,5,5.555868148803711,0.00025,20000
2026-03-17T10:24:53.893237,46,1203,-0.1,399.9,0.913848825339242,0.0,0.0,0.0,412,136,443,1,3.308534622192383,0.00025,20000
2026-03-17T10:24:54.559782,46,1213,0.0,400.1,0.913848825339242,0.0,0.0,0.0,414,145,443,1,3.402233123779297,0.00025,20000
2026-03-17T10:24:55.225921,46,1223,0.0,400.0,0.913848825339242,0.0,0.0,0.0,413,128,443,0,3.6547183990478516,0.00025,20000
2026-03-17T10:24:55.891365,46,1233,0.1,400.0,0.913848825339242,0.0,0.0,0.0,413,173,443,7,3.7658214569091797,0.00025,20000
2026-03-17T10:24:56.556142,46,1243,-0.1,400.1,0.913848825339242,0.0,0.0,0.0,414,176,443,1,4.116058349609375,0.00025,20000
2026-03-17T10:24:57.221930,46,1253,-0.1,399.9,0.913848825339242,0.0,0.0,0.0,412,135,443,6,3.6864280700683594,0.00025,20000
2026-03-17T10:24:57.889394,46,1263,-0.1,398.9999999999998,0.913848825339242,0.0,0.0,0.0,403,173,443,0,4.349231719970703,0.00025,20000
2026-03-17T10:24:58.555082,46,1273,0.1,399.9,0.913848825339242,0.0,0.0,0.0,412,176,443,6,6.168127059936523,0.00025,20000
2026-03-17T10:24:59.220902,46,1283,0.0,402.1000000000005,0.913848825339242,0.0,0.0,0.0,434,160,443,7,6.386280059814453,0.00025,20000
2026-03-17T10:24:59.886601,46,1293,0.1,402.1000000000005,0.913848825339242,0.0,0.0,0.0,434,145,443,9,6.581306457519531,0.00025,20000
2026-03-17T10:25:00.548789,46,1303,0.0,402.1000000000005,0.913848825339242,0.0,0.0,0.0,434,149,443,9,3.3380985260009766,0.00025,20000
2026-03-17T10:25:01.215898,46,1313,0.0,401.7000000000004,0.913848825339242,0.0,0.0,0.0,430,145,443,6,3.2308101654052734,0.00025,20000
2026-03-17T10:25:01.880768,46,1323,0.0,400.8000000000002,0.913848825339242,0.0,0.0,0.0,421,160,443,3,4.001379013061523,0.00025,20000
2026-03-17T10:25:02.547396,46,1333,0.0,400.60000000000014,0.913848825339242,0.0,0.0,0.0,419,149,443,0,4.01616096496582,0.00025,20000
2026-03-17T10:25:03.213606,46,1343,0.0,401.4000000000003,0.913848825339242,0.0,0.0,0.0,427,135,443,0,4.235982894897461,0.00025,20000
2026-03-17T10:25:03.877961,46,1353,-0.1,401.3000000000003,0.913848825339242,0.0,0.0,0.0,426,157,443,1,3.788471221923828,0.00025,20000
2026-03-17T10:25:04.544895,46,1363,1.0,407.0000000000007,0.913848825339242,0.0,0.0,0.0,447,144,447,11,6.325483322143555,0.00025,20000
2026-03-17T10:25:05.210978,46,1373,0.0,431.90000000000066,0.913848825339242,0.0,0.0,0.0,471,144,472,10,6.2961578369140625,0.00025,20000
2026-03-17T10:25:05.873687,46,1383,0.0,431.40000000000055,0.913848825339242,0.0,0.0,0.0,466,117,472,4,3.111124038696289,0.00025,20000
2026-03-17T10:25:06.539326,46,1393,0.0,439.0000000000007,0.913848825339242,0.0,0.0,0.0,479,95,479,6,3.3600330352783203,0.00025,20000
2026-03-17T10:25:07.205429,46,1403,0.0,453.80000000000064,0.913848825339242,0.0,0.0,0.0,492,176,494,3,3.438234329223633,0.00025,20000
2026-03-17T10:25:07.871393,46,1413,0.0,452.4000000000003,0.913848825339242,0.0,0.0,0.0,478,147,494,2,3.319263458251953,0.00025,20000
2026-03-17T10:25:08.535486,46,1423,0.0,452.2000000000003,0.913848825339242,0.0,0.0,0.0,476,113,494,8,2.8154850006103516,0.00025,20000
2026-03-17T10:25:09.204778,46,1433,0.0,452.7000000000004,0.913848825339242,0.0,0.0,0.0,481,160,494,3,5.323648452758789,0.00025,20000
2026-03-17T10:25:09.869132,46,1443,0.0,452.4000000000003,0.913848825339242,0.0,0.0,0.0,478,176,494,10,5.506277084350586,0.00025,20000
2026-03-17T10:25:10.535912,46,1453,-0.1,452.3000000000003,0.913848825339242,0.0,0.0,0.0,477,147,494,0,7.2460174560546875,0.00025,20000
2026-03-17T10:25:11.198521,46,1463,0.0,451.60000000000014,0.913848825339242,0.0,0.0,0.0,470,115,494,1,3.4804344177246094,0.00025,20000
2026-03-17T10:25:11.864336,46,1473,0.0,451.60000000000014,0.913848825339242,0.0,0.0,0.0,470,144,494,5,4.157781600952148,0.00025,20000
2026-03-17T10:25:12.529913,46,1483,0.1,451.9000000000002,0.913848825339242,0.0,0.0,0.0,473,144,494,1,4.336118698120117,0.00025,20000
2026-03-17T10:25:13.196821,46,1493,0.0,453.7000000000006,0.913848825339242,0.0,0.0,0.0,491,147,494,3,4.765510559082031,0.00025,20000
2026-03-17T10:25:13.863488,46,1503,0.0,453.80000000000064,0.913848825339242,0.0,0.0,0.0,492,176,494,5,5.879402160644531,0.00025,20000
2026-03-17T10:25:14.527526,46,1513,0.0,453.90000000000066,0.913848825339242,0.0,0.0,0.0,493,157,494,5,4.606008529663086,0.00025,20000
2026-03-17T10:25:15.196021,46,1523,0.0,452.90000000000043,0.913848825339242,0.0,0.0,0.0,483,173,494,0,6.1779022216796875,0.00025,20000
2026-03-17T10:25:15.860171,46,1533,1.0,472.0000000000007,0.913848825339242,0.0,0.0,0.0,512,160,512,0,6.013631820678711,0.00025,20000
2026-03-17T10:25:16.523365,46,1543,0.0,484.50000000000057,0.913848825339242,0.0,0.0,0.0,520,136,525,2,4.746198654174805,0.00025,20000
2026-03-17T10:25:17.189685,46,1553,-0.1,480.79999999999995,0.913848825339242,0.0,0.0,0.0,483,160,525,6,4.031181335449219,0.00025,20000
2026-03-17T10:25:17.854750,46,1563,0.1,476.8999999999995,0.913848825339242,0.0,0.0,0.0,444,87,525,2,4.412412643432617,0.00025,20000
2026-03-17T10:25:18.521793,46,1573,0.0,476.8999999999995,0.913848825339242,0.0,0.0,0.0,444,128,525,9,6.2103271484375,0.00025,20000
2026-03-17T10:25:19.187562,46,1583,0.0,477.89999999999975,0.913848825339242,0.0,0.0,0.0,454,117,525,0,5.735158920288086,0.00025,20000
2026-03-17T10:25:19.876481,46,1593,0.0,478.29999999999984,0.913848825339242,0.0,0.0,0.0,458,125,525,0,7.985115051269531,0.00025,20000
2026-03-17T10:25:20.520714,46,1603,0.0,478.39999999999986,0.913848825339242,0.0,0.0,0.0,459,125,525,11,6.779909133911133,0.00025,20000
2026-03-17T10:25:21.185335,46,1613,0.0,478.4999999999999,0.913848825339242,0.0,0.0,0.0,460,144,525,0,6.691694259643555,0.00025,20000
2026-03-17T10:25:21.849087,46,1623,0.0,479.1,0.913848825339242,0.0,0.0,0.0,466,133,525,8,5.249261856079102,0.00025,20000
2026-03-17T10:25:22.513088,46,1633,-0.1,477.5999999999997,0.913848825339242,0.0,0.0,0.0,451,144,525,8,3.5758018493652344,0.00025,20000
2026-03-17T10:25:23.179372,46,1643,0.1,477.7999999999997,0.913848825339242,0.0,0.0,0.0,453,136,525,2,4.535913467407227,0.00025,20000
2026-03-17T10:25:23.842795,46,1653,0.0,476.7999999999995,0.913848825339242,0.0,0.0,0.0,443,144,525,4,3.108501434326172,0.00025,20000
2026-03-17T10:25:24.511149,46,1663,0.1,479.0,0.913848825339242,0.0,0.0,0.0,465,136,525,10,4.222869873046875,0.00025,20000
2026-03-17T10:25:25.178193,46,1673,0.1,481.7000000000006,0.913848825339242,0.0,0.0,0.0,492,157,525,1,4.960060119628906,0.00025,20000
2026-03-17T10:25:25.842686,46,1683,0.0,483.10000000000093,0.913848825339242,0.0,0.0,0.0,506,165,525,10,4.89497184753418,0.00025,20000
2026-03-17T10:25:26.507835,46,1693,0.0,482.4000000000008,0.913848825339242,0.0,0.0,0.0,499,157,525,0,4.0645599365234375,0.00025,20000
2026-03-17T10:25:27.176109,46,1703,0.0,480.90000000000043,0.913848825339242,0.0,0.0,0.0,484,145,525,9,6.211519241333008,0.00025,20000
2026-03-17T10:25:27.841894,46,1713,0.1,482.0000000000007,0.913848825339242,0.0,0.0,0.0,495,135,525,8,7.88426399230957,0.00025,20000
2026-03-17T10:25:28.503244,46,1723,0.0,482.80000000000086,0.913848825339242,0.0,0.0,0.0,503,149,525,5,4.479408264160156,0.00025,20000
2026-03-17T10:25:29.167552,46,1733,-0.1,480.1000000000003,0.913848825339242,0.0,0.0,0.0,476,128,525,8,3.400564193725586,0.00025,20000
2026-03-17T10:25:29.834947,46,1743,0.0,476.8,0.913848825339242,0.0,0.0,0.0,443,129,525,3,3.787517547607422,0.00025,20000
2026-03-17T10:25:30.515724,46,1753,0.0,477.1000000000001,0.913848825339242,0.0,0.0,0.0,446,144,525,4,3.3791065216064453,0.00025,20000
2026-03-17T10:25:31.182329,46,1763,0.0,477.00000000000006,0.913848825339242,0.0,0.0,0.0,445,144,525,3,4.559040069580078,0.00025,20000
2026-03-17T10:25:31.849474,46,1773,0.0,476.8,0.913848825339242,0.0,0.0,0.0,443,106,525,3,5.866765975952148,0.00025,20000
2026-03-17T10:25:32.513557,46,1783,0.0,476.8,0.913848825339242,0.0,0.0,0.0,443,125,525,10,4.660844802856445,0.00025,20000
2026-03-17T10:25:33.181123,46,1793,0.0,477.7000000000002,0.913848825339242,0.0,0.0,0.0,452,136,525,6,6.735801696777344,0.00025,20000
2026-03-17T10:25:33.845168,46,1803,0.0,477.7000000000002,0.913848825339242,0.0,0.0,0.0,452,141,525,11,4.770755767822266,0.00025,20000
2026-03-17T10:25:34.512990,46,1813,0.0,477.2000000000001,0.913848825339242,0.0,0.0,0.0,447,144,525,2,6.137847900390625,0.00025,20000
2026-03-17T10:25:35.175353,46,1823,-0.1,476.90000000000003,0.913848825339242,0.0,0.0,0.0,444,141,525,3,4.2209625244140625,0.00025,20000
2026-03-17T10:25:35.839063,46,1833,0.0,477.2000000000001,0.913848825339242,0.0,0.0,0.0,447,144,525,7,2.627134323120117,0.00025,20000
2026-03-17T10:25:36.507102,46,1843,-0.1,477.7000000000002,0.913848825339242,0.0,0.0,0.0,452,115,525,3,3.8497447967529297,0.00025,20000
2026-03-17T10:25:37.174605,46,1853,0.0,477.00000000000006,0.913848825339242,0.0,0.0,0.0,445,103,525,0,5.049467086791992,0.00025,20000
2026-03-17T10:25:37.842073,46,1863,0.0,477.00000000000006,0.913848825339242,0.0,0.0,0.0,445,115,525,8,7.559776306152344,0.00025,20000
2026-03-17T10:25:38.504349,46,1873,0.0,476.8,0.913848825339242,0.0,0.0,0.0,443,141,525,8,4.814624786376953,0.00025,20000
2026-03-17T10:25:39.171720,46,1883,0.0,476.90000000000003,0.913848825339242,0.0,0.0,0.0,444,88,525,3,7.431745529174805,0.00025,20000
2026-03-17T10:25:39.834244,46,1893,0.0,477.40000000000015,0.913848825339242,0.0,0.0,0.0,449,128,525,2,3.8101673126220703,0.00025,20000
2026-03-17T10:25:40.501324,46,1903,0.0,479.9000000000007,0.913848825339242,0.0,0.0,0.0,474,128,525,4,5.3882598876953125,0.00025,20000
2026-03-17T10:25:41.168092,46,1913,0.0,480.00000000000074,0.913848825339242,0.0,0.0,0.0,475,108,525,1,6.020069122314453,0.00025,20000
2026-03-17T10:25:41.833316,46,1923,0.0,483.10000000000144,0.913848825339242,0.0,0.0,0.0,506,147,525,4,5.779743194580078,0.00025,20000
2026-03-17T10:25:42.498126,46,1933,0.0,483.0000000000014,0.913848825339242,0.0,0.0,0.0,505,128,525,10,4.170656204223633,0.00025,20000
2026-03-17T10:25:43.162513,46,1943,0.0,481.90000000000117,0.913848825339242,0.0,0.0,0.0,494,145,525,8,4.072904586791992,0.00025,20000
2026-03-17T10:25:43.828963,46,1953,0.0,481.30000000000103,0.913848825339242,0.0,0.0,0.0,488,176,525,11,4.273653030395508,0.00025,20000
2026-03-17T10:25:44.495531,46,1963,0.0,481.90000000000117,0.913848825339242,0.0,0.0,0.0,494,160,525,4,4.8580169677734375,0.00025,20000
2026-03-17T10:25:45.160245,46,1973,0.1,484.3000000000017,0.913848825339242,0.0,0.0,0.0,518,149,525,5,4.907846450805664,0.00025,20000
2026-03-17T10:25:45.823885,46,1983,1.0,515.0000000000018,0.913848825339242,0.0,0.0,0.0,555,176,555,10,3.6242008209228516,0.00025,20000
2026-03-17T10:25:46.488394,46,1993,1.0,543.0000000000018,0.913848825339242,0.0,0.0,0.0,583,136,583,6,2.703428268432617,0.00025,20000
2026-03-17T10:25:47.155710,46,2003,1.0,553.0000000000018,0.913848825339242,0.0,0.0,0.0,593,147,593,10,3.8585662841796875,0.00025,20000
2026-03-17T10:25:47.824673,46,2013,0.0,553.2000000000016,0.913848825339242,0.0,0.0,0.0,586,176,594,1,6.220102310180664,0.00025,20000
2026-03-17T10:25:48.485615,46,2023,0.0,554.0000000000018,0.913848825339242,0.0,0.0,0.0,594,147,594,7,3.721952438354492,0.00025,20000
2026-03-17T10:25:49.153258,46,2033,0.0,554.7000000000018,0.913848825339242,0.0,0.0,0.0,592,176,595,6,5.726337432861328,0.00025,20000
2026-03-17T10:25:49.818381,46,2043,-0.1,553.4000000000015,0.913848825339242,0.0,0.0,0.0,579,176,595,2,4.866361618041992,0.00025,20000
2026-03-17T10:25:50.485159,46,2053,0.0,551.0000000000009,0.913848825339242,0.0,0.0,0.0,555,176,595,3,6.269931793212891,0.00025,20000
2026-03-17T10:25:51.148126,46,2063,0.0,551.0000000000009,0.913848825339242,0.0,0.0,0.0,555,149,595,2,3.5860538482666016,0.00025,20000
2026-03-17T10:25:51.815410,46,2073,0.0,549.8000000000006,0.913848825339242,0.0,0.0,0.0,543,145,595,5,4.586696624755859,0.00025,20000
2026-03-17T10:25:52.482981,46,2083,0.0,550.3000000000008,0.913848825339242,0.0,0.0,0.0,548,145,595,3,7.241725921630859,0.00025,20000
2026-03-17T10:25:53.145175,46,2093,0.0,550.9000000000009,0.913848825339242,0.0,0.0,0.0,554,135,595,4,3.966093063354492,0.00025,20000
2026-03-17T10:25:53.813240,46,2103,0.0,551.400000000001,0.913848825339242,0.0,0.0,0.0,559,145,595,8,5.499601364135742,0.00025,20000
2026-03-17T10:25:54.482011,46,2113,0.0,551.300000000001,0.913848825339242,0.0,0.0,0.0,558,147,595,7,7.989406585693359,0.00025,20000
2026-03-17T10:25:55.144315,46,2123,0.0,551.300000000001,0.913848825339242,0.0,0.0,0.0,558,157,595,8,5.398988723754883,0.00025,20000
2026-03-17T10:25:55.811045,46,2133,0.0,549.0000000000005,0.913848825339242,0.0,0.0,0.0,535,176,595,0,6.924867630004883,0.00025,20000
2026-03-17T10:25:56.473684,46,2143,-0.1,548.4000000000003,0.913848825339242,0.0,0.0,0.0,529,145,595,10,4.41431999206543,0.00025,20000
2026-03-17T10:25:57.140562,46,2153,0.0,547.2,0.913848825339242,0.0,0.0,0.0,517,152,595,2,6.224393844604492,0.00025,20000
2026-03-17T10:25:57.806814,46,2163,0.0,547.7000000000002,0.913848825339242,0.0,0.0,0.0,522,173,595,7,6.385564804077148,0.00025,20000
2026-03-17T10:25:58.470505,46,2173,0.1,548.5000000000003,0.913848825339242,0.0,0.0,0.0,530,127,595,3,4.578590393066406,0.00025,20000
2026-03-17T10:25:59.138698,46,2183,0.0,549.8000000000006,0.913848825339242,0.0,0.0,0.0,543,176,595,5,6.421327590942383,0.00025,20000
2026-03-17T10:25:59.801426,46,2193,0.0,549.1000000000005,0.913848825339242,0.0,0.0,0.0,536,136,595,0,5.0334930419921875,0.00025,20000
2026-03-17T10:26:00.468825,46,2203,0.1,549.4000000000005,0.913848825339242,0.0,0.0,0.0,539,138,595,2,6.057024002075195,0.00025,20000
2026-03-17T10:26:01.134199,46,2213,0.0,549.4000000000005,0.913848825339242,0.0,0.0,0.0,539,149,595,4,6.045103073120117,0.00025,20000
2026-03-17T10:26:01.799705,46,2223,0.1,550.1000000000007,0.913848825339242,0.0,0.0,0.0,546,127,595,0,6.131410598754883,0.00025,20000
2026-03-17T10:26:02.465646,46,2233,0.1,552.9000000000013,0.913848825339242,0.0,0.0,0.0,574,149,595,0,5.711793899536133,0.00025,20000
2026-03-17T10:26:03.129231,46,2243,-0.1,553.5000000000015,0.913848825339242,0.0,0.0,0.0,580,160,595,5,4.729986190795898,0.00025,20000
2026-03-17T10:26:03.796316,46,2253,-0.1,551.400000000001,0.913848825339242,0.0,0.0,0.0,559,147,595,8,4.263401031494141,0.00025,20000
2026-03-17T10:26:04.461515,46,2263,0.0,548.8000000000004,0.913848825339242,0.0,0.0,0.0,533,136,595,7,5.116462707519531,0.00025,20000
2026-03-17T10:26:05.127884,46,2273,0.0,550.1000000000007,0.913848825339242,0.0,0.0,0.0,546,136,595,10,5.9413909912109375,0.00025,20000
2026-03-17T10:26:05.793562,46,2283,-0.1,549.7000000000006,0.913848825339242,0.0,0.0,0.0,542,176,595,3,5.272865295410156,0.00025,20000
2026-03-17T10:26:06.460063,46,2293,0.0,549.2000000000005,0.913848825339242,0.0,0.0,0.0,537,176,595,2,5.679607391357422,0.00025,20000
2026-03-17T10:26:07.125324,46,2303,0.1,550.4000000000008,0.913848825339242,0.0,0.0,0.0,549,160,595,3,6.678342819213867,0.00025,20000
2026-03-17T10:26:07.791504,46,2313,0.0,552.4000000000012,0.913848825339242,0.0,0.0,0.0,569,149,595,9,6.329059600830078,0.00025,20000
2026-03-17T10:26:08.457463,46,2323,0.0,552.3000000000012,0.913848825339242,0.0,0.0,0.0,568,145,595,7,7.57598876953125,0.00025,20000
2026-03-17T10:26:09.120979,46,2333,0.0,552.5000000000013,0.913848825339242,0.0,0.0,0.0,570,128,595,4,6.615877151489258,0.00025,20000
2026-03-17T10:26:09.787550,46,2343,-0.1,552.6000000000013,0.913848825339242,0.0,0.0,0.0,571,157,595,4,6.775140762329102,0.00025,20000
2026-03-17T10:26:10.450708,46,2353,0.0,552.2000000000012,0.913848825339242,0.0,0.0,0.0,567,152,595,11,3.8290023803710938,0.00025,20000
2026-03-17T10:26:11.116153,46,2363,0.0,552.1000000000012,0.913848825339242,0.0,0.0,0.0,566,176,595,0,4.796743392944336,0.00025,20000
2026-03-17T10:26:11.781447,46,2373,0.0,551.300000000001,0.913848825339242,0.0,0.0,0.0,558,176,595,1,4.2781829833984375,0.00025,20000
2026-03-17T10:26:12.447896,46,2383,0.0,551.1000000000009,0.913848825339242,0.0,0.0,0.0,556,168,595,6,5.394220352172852,0.00025,20000
2026-03-17T10:26:13.658617,47,0,0.0,0.0,0.9120211276885636,0.0,0.0,0.0,40,176,40,11,2.0508766174316406,0.00025,20000
2026-03-17T10:26:14.343493,47,10,0.0,2.0,0.9120211276885636,0.0,0.0,0.0,42,176,42,0,3.513336181640625,0.00025,20000
2026-03-17T10:26:15.011553,47,20,0.0,3.0,0.9120211276885636,0.0,0.0,0.0,43,176,43,10,5.146026611328125,0.00025,20000
2026-03-17T10:26:15.672701,47,30,0.0,3.9,0.9120211276885636,0.0,0.0,0.0,43,176,44,2,2.3391246795654297,0.00025,20000
2026-03-17T10:26:16.341570,47,40,0.0,3.3999999999999995,0.9120211276885636,0.0,0.0,0.0,38,176,44,9,4.870891571044922,0.00025,20000
2026-03-17T10:26:17.007128,47,50,0.0,11.0,0.9120211276885636,0.0,0.0,0.0,51,176,51,10,5.481958389282227,0.00025,20000
2026-03-17T10:26:17.672066,47,60,0.0,16.0,0.9120211276885636,0.0,0.0,0.0,56,160,56,6,4.642009735107422,0.00025,20000
2026-03-17T10:26:18.338810,47,70,-0.1,14.399999999999993,0.9120211276885636,0.0,0.0,0.0,31,148,57,1,5.404233932495117,0.00025,20000
2026-03-17T10:26:19.003191,47,80,0.0,11.900000000000002,0.9120211276885636,0.0,0.0,0.0,6,176,57,7,4.273653030395508,0.00025,20000
2026-03-17T10:26:19.671138,47,90,0.0,13.799999999999995,0.9120211276885636,0.0,0.0,0.0,25,176,57,0,5.478143692016602,0.00025,20000
2026-03-17T10:26:20.333399,47,100,0.0,15.29999999999999,0.9120211276885636,0.0,0.0,0.0,40,149,57,8,4.448413848876953,0.00025,20000
2026-03-17T10:26:20.999081,47,110,0.1,14.999999999999991,0.9120211276885636,0.0,0.0,0.0,37,145,57,5,3.848552703857422,0.00025,20000
2026-03-17T10:26:21.666499,47,120,-0.1,13.299999999999997,0.9120211276885636,0.0,0.0,0.0,20,173,57,5,3.2739639282226562,0.00025,20000
2026-03-17T10:26:22.334118,47,130,0.0,11.400000000000004,0.9120211276885636,0.0,0.0,0.0,1,176,57,4,7.356882095336914,0.00025,20000
2026-03-17T10:26:23.000068,47,140,0.0,12.200000000000001,0.9120211276885636,0.0,0.0,0.0,9,160,57,0,6.453514099121094,0.00025,20000
2026-03-17T10:26:23.662482,47,150,0.1,12.000000000000002,0.9120211276885636,0.0,0.0,0.0,7,136,57,11,4.106283187866211,0.00025,20000
2026-03-17T10:26:24.356056,47,160,0.0,12.7,0.9120211276885636,0.0,0.0,0.0,14,176,57,0,3.197193145751953,0.00025,20000
2026-03-17T10:26:24.993958,47,170,0.0,12.6,0.9120211276885636,0.0,0.0,0.0,13,165,57,1,4.644870758056641,0.00025,20000
2026-03-17T10:26:25.658450,47,180,-0.1,12.100000000000001,0.9120211276885636,0.0,0.0,0.0,8,176,57,10,3.728628158569336,0.00025,20000
2026-03-17T10:26:26.324307,47,190,0.0,11.300000000000004,0.9120211276885636,0.0,0.0,0.0,0,176,57,6,4.357814788818359,0.00025,20000
2026-03-17T10:26:26.988752,47,200,0.0,12.200000000000001,0.9120211276885636,0.0,0.0,0.0,9,160,57,10,3.8530826568603516,0.00025,20000
2026-03-17T10:26:27.656137,47,210,0.0,11.300000000000004,0.9120211276885636,0.0,0.0,0.0,0,176,57,10,5.304574966430664,0.00025,20000
2026-03-17T10:26:28.322444,47,220,0.0,11.300000000000004,0.9120211276885636,0.0,0.0,0.0,0,149,57,3,4.998683929443359,0.00025,20000
2026-03-17T10:26:28.989214,47,230,0.0,11.600000000000003,0.9120211276885636,0.0,0.0,0.0,3,147,57,10,6.531238555908203,0.00025,20000
2026-03-17T10:26:29.654067,47,240,0.0,12.100000000000001,0.9120211276885636,0.0,0.0,0.0,8,154,57,10,7.1163177490234375,0.00025,20000
2026-03-17T10:26:30.316854,47,250,0.0,12.200000000000001,0.9120211276885636,0.0,0.0,0.0,9,160,57,10,4.0378570556640625,0.00025,20000
2026-03-17T10:26:30.984526,47,260,0.0,11.300000000000004,0.9120211276885636,0.0,0.0,0.0,0,136,57,2,6.000280380249023,0.00025,20000
2026-03-17T10:26:31.647544,47,270,0.0,11.500000000000004,0.9120211276885636,0.0,0.0,0.0,2,147,57,6,3.4253597259521484,0.00025,20000
2026-03-17T10:26:32.312525,47,280,0.0,11.700000000000003,0.9120211276885636,0.0,0.0,0.0,4,160,57,8,3.1845569610595703,0.00025,20000
2026-03-17T10:26:32.979145,47,290,0.1,12.3,0.9120211276885636,0.0,0.0,0.0,10,160,57,0,4.159450531005859,0.00025,20000
2026-03-17T10:26:33.647166,47,300,-0.1,12.3,0.9120211276885636,0.0,0.0,0.0,10,136,57,11,5.931615829467773,0.00025,20000
2026-03-17T10:26:34.311980,47,310,0.0,11.300000000000004,0.9120211276885636,0.0,0.0,0.0,0,176,57,2,6.52313232421875,0.00025,20000
2026-03-17T10:26:34.978177,47,320,0.1,11.500000000000004,0.9120211276885636,0.0,0.0,0.0,2,149,57,5,6.369829177856445,0.00025,20000
2026-03-17T10:26:35.643435,47,330,0.0,12.5,0.9120211276885636,0.0,0.0,0.0,12,157,57,0,5.828619003295898,0.00025,20000
2026-03-17T10:26:36.309553,47,340,0.0,13.099999999999998,0.9120211276885636,0.0,0.0,0.0,18,148,57,1,7.4462890625,0.00025,20000
2026-03-17T10:26:36.973707,47,350,0.0,13.199999999999998,0.9120211276885636,0.0,0.0,0.0,19,176,57,6,4.642724990844727,0.00025,20000
2026-03-17T10:26:37.638584,47,360,-0.1,12.899999999999999,0.9120211276885636,0.0,0.0,0.0,16,176,57,11,3.622770309448242,0.00025,20000
2026-03-17T10:26:38.303811,47,370,0.0,12.3,0.9120211276885636,0.0,0.0,0.0,10,176,57,10,4.926919937133789,0.00025,20000
2026-03-17T10:26:38.971033,47,380,0.0,12.000000000000002,0.9120211276885636,0.0,0.0,0.0,7,147,57,2,5.657434463500977,0.00025,20000
2026-03-17T10:26:39.636423,47,390,0.0,11.700000000000003,0.9120211276885636,0.0,0.0,0.0,4,145,57,11,4.358053207397461,0.00025,20000
2026-03-17T10:26:40.299994,47,400,0.0,12.4,0.9120211276885636,0.0,0.0,0.0,11,152,57,6,4.569053649902344,0.00025,20000
2026-03-17T10:26:40.967336,47,410,0.1,11.500000000000004,0.9120211276885636,0.0,0.0,0.0,2,173,57,0,5.30552864074707,0.00025,20000
2026-03-17T10:26:41.634469,47,420,0.0,11.500000000000004,0.9120211276885636,0.0,0.0,0.0,2,160,57,11,6.6699981689453125,0.00025,20000
2026-03-17T10:26:42.296791,47,430,0.0,11.300000000000004,0.9120211276885636,0.0,0.0,0.0,0,160,57,3,3.5681724548339844,0.00025,20000
2026-03-17T10:26:42.965492,47,440,0.1,12.5,0.9120211276885636,0.0,0.0,0.0,12,176,57,7,3.6466121673583984,0.00025,20000
2026-03-17T10:26:43.628152,47,450,0.1,16.29999999999999,0.9120211276885636,0.0,0.0,0.0,50,176,57,2,4.327535629272461,0.00025,20000
2026-03-17T10:26:44.294002,47,460,0.0,16.599999999999994,0.9120211276885636,0.0,0.0,0.0,53,173,57,7,4.479169845581055,0.00025,20000
2026-03-17T10:26:44.958196,47,470,0.0,17.0,0.9120211276885636,0.0,0.0,0.0,57,176,57,4,3.56292724609375,0.00025,20000
2026-03-17T10:26:45.624265,47,480,0.0,16.799999999999983,0.9120211276885636,0.0,0.0,0.0,46,176,58,0,3.2982826232910156,0.00025,20000
2026-03-17T10:26:46.290412,47,490,0.0,16.299999999999976,0.9120211276885636,0.0,0.0,0.0,41,160,58,2,3.2737255096435547,0.00025,20000
2026-03-17T10:26:46.954591,47,500,0.1,14.899999999999977,0.9120211276885636,0.0,0.0,0.0,27,149,58,7,2.731800079345703,0.00025,20000
2026-03-17T10:26:47.623628,47,510,0.0,15.999999999999973,0.9120211276885636,0.0,0.0,0.0,38,147,58,4,6.566286087036133,0.00025,20000
2026-03-17T10:26:48.286583,47,520,0.0,15.799999999999974,0.9120211276885636,0.0,0.0,0.0,36,176,58,10,3.267049789428711,0.00025,20000
2026-03-17T10:26:48.952652,47,530,-0.1,14.399999999999979,0.9120211276885636,0.0,0.0,0.0,22,149,58,1,3.2570362091064453,0.00025,20000
2026-03-17T10:26:49.619005,47,540,-0.1,13.499999999999982,0.9120211276885636,0.0,0.0,0.0,13,157,58,8,3.5893917083740234,0.00025,20000
2026-03-17T10:26:50.282754,47,550,0.1,13.799999999999981,0.9120211276885636,0.0,0.0,0.0,16,157,58,4,3.2236576080322266,0.00025,20000
2026-03-17T10:26:50.950096,47,560,0.1,15.799999999999974,0.9120211276885636,0.0,0.0,0.0,36,176,58,11,4.955530166625977,0.00025,20000
2026-03-17T10:26:51.615653,47,570,0.1,16.199999999999974,0.9120211276885636,0.0,0.0,0.0,40,176,58,7,4.157781600952148,0.00025,20000
2026-03-17T10:26:52.284685,47,580,0.0,14.29999999999998,0.9120211276885636,0.0,0.0,0.0,21,148,58,10,9.293556213378906,0.00025,20000
2026-03-17T10:26:52.948764,47,590,0.0,12.199999999999987,0.9120211276885636,0.0,0.0,0.0,0,173,58,8,7.14421272277832,0.00025,20000
2026-03-17T10:26:53.611331,47,600,0.0,12.199999999999987,0.9120211276885636,0.0,0.0,0.0,0,128,58,8,4.355192184448242,0.00025,20000
2026-03-17T10:26:54.280661,47,610,0.0,12.299999999999986,0.9120211276885636,0.0,0.0,0.0,1,157,58,7,4.87518310546875,0.00025,20000
2026-03-17T10:26:54.944675,47,620,0.0,12.399999999999986,0.9120211276885636,0.0,0.0,0.0,2,173,58,5,5.610227584838867,0.00025,20000
2026-03-17T10:26:55.607905,47,630,0.0,12.599999999999985,0.9120211276885636,0.0,0.0,0.0,4,173,58,11,3.840923309326172,0.00025,20000
2026-03-17T10:26:56.306963,47,640,0.0,13.499999999999982,0.9120211276885636,0.0,0.0,0.0,13,163,58,9,4.5528411865234375,0.00025,20000
2026-03-17T10:26:56.956836,47,650,0.0,13.299999999999983,0.9120211276885636,0.0,0.0,0.0,11,136,58,1,4.319667816162109,0.00025,20000
2026-03-17T10:26:57.622687,47,660,0.1,13.499999999999982,0.9120211276885636,0.0,0.0,0.0,13,147,58,3,5.230188369750977,0.00025,20000
2026-03-17T10:26:58.285083,47,670,0.0,13.89999999999998,0.9120211276885636,0.0,0.0,0.0,17,176,58,9,2.1927356719970703,0.00025,20000
2026-03-17T10:26:58.952784,47,680,0.0,13.299999999999983,0.9120211276885636,0.0,0.0,0.0,11,176,58,1,4.077434539794922,0.00025,20000
2026-03-17T10:26:59.617944,47,690,0.0,12.399999999999986,0.9120211276885636,0.0,0.0,0.0,2,176,58,1,4.437685012817383,0.00025,20000
2026-03-17T10:27:00.282204,47,700,0.0,12.199999999999987,0.9120211276885636,0.0,0.0,0.0,0,176,58,0,3.1044483184814453,0.00025,20000
2026-03-17T10:27:00.949800,47,710,0.0,12.399999999999986,0.9120211276885636,0.0,0.0,0.0,2,147,58,0,4.659891128540039,0.00025,20000
2026-03-17T10:27:01.614957,47,720,0.0,12.499999999999986,0.9120211276885636,0.0,0.0,0.0,3,145,58,9,3.517627716064453,0.00025,20000
2026-03-17T10:27:02.279651,47,730,0.1,15.099999999999977,0.9120211276885636,0.0,0.0,0.0,29,152,58,5,4.2133331298828125,0.00025,20000
2026-03-17T10:27:02.945993,47,740,1.0,39.999999999999986,0.9120211276885636,0.0,0.0,0.0,80,149,80,7,3.514528274536133,0.00025,20000
2026-03-17T10:27:03.609665,47,750,1.0,92.99999999999999,0.9120211276885636,0.0,0.0,0.0,133,161,133,0,3.222227096557617,0.00025,20000
2026-03-17T10:27:04.279600,47,760,1.0,139.0,0.9120211276885636,0.0,0.0,0.0,179,176,179,1,6.796598434448242,0.00025,20000
2026-03-17T10:27:04.943675,47,770,0.0,166.0,0.9120211276885636,0.0,0.0,0.0,206,176,206,0,4.508256912231445,0.00025,20000
2026-03-17T10:27:05.611267,47,780,0.0,166.10000000000005,0.9120211276885636,0.0,0.0,0.0,198,173,207,6,4.930734634399414,0.00025,20000
2026-03-17T10:27:06.273834,47,790,0.0,166.40000000000003,0.9120211276885636,0.0,0.0,0.0,201,176,207,7,4.577875137329102,0.00025,20000
2026-03-17T10:27:06.938713,47,800,0.0,166.20000000000005,0.9120211276885636,0.0,0.0,0.0,199,149,207,0,4.258632659912109,0.00025,20000
2026-03-17T10:27:07.621847,47,810,0.0,165.2000000000001,0.9120211276885636,0.0,0.0,0.0,189,160,207,10,3.9811134338378906,0.00025,20000
2026-03-17T10:27:08.287334,47,820,0.0,164.40000000000015,0.9120211276885636,0.0,0.0,0.0,181,176,207,1,4.298925399780273,0.00025,20000
2026-03-17T10:27:09.604466,48,0,0.0,0.0,0.9101970854331864,0.0,0.0,0.0,40,176,40,3,1.8353462219238281,0.00025,20000
2026-03-17T10:27:10.264877,48,10,0.0,2.4999999999999996,0.9101970854331864,0.0,0.0,0.0,38,145,43,8,2.5174617767333984,0.00025,20000
2026-03-17T10:27:10.931988,48,20,-0.1,1.799999999999999,0.9101970854331864,0.0,0.0,0.0,31,152,43,0,3.48663330078125,0.00025,20000
2026-03-17T10:27:11.601053,48,30,0.0,0.6999999999999984,0.9101970854331864,0.0,0.0,0.0,20,176,43,8,6.148815155029297,0.00025,20000
2026-03-17T10:27:12.263983,48,40,0.0,0.6999999999999984,0.9101970854331864,0.0,0.0,0.0,20,176,43,8,3.8535594940185547,0.00025,20000
2026-03-17T10:27:12.928973,48,50,0.0,-0.20000000000000154,0.9101970854331864,0.0,0.0,0.0,11,160,43,2,4.553556442260742,0.00025,20000
2026-03-17T10:27:13.594366,48,60,0.1,-0.10000000000000153,0.9101970854331864,0.0,0.0,0.0,12,147,43,7,4.181385040283203,0.00025,20000
2026-03-17T10:27:14.262747,48,70,0.0,6.0,0.9101970854331864,0.0,0.0,0.0,46,176,46,8,5.588293075561523,0.00025,20000
2026-03-17T10:27:14.928314,48,80,0.0,5.200000000000003,0.9101970854331864,0.0,0.0,0.0,38,165,46,6,5.124568939208984,0.00025,20000
2026-03-17T10:27:15.593394,48,90,0.0,13.0,0.9101970854331864,0.0,0.0,0.0,53,128,53,5,5.405187606811523,0.00025,20000
2026-03-17T10:27:16.258838,48,100,0.0,22.9,0.9101970854331864,0.0,0.0,0.0,62,176,63,9,5.42759895324707,0.00025,20000
2026-03-17T10:27:16.924497,48,110,0.0,32.0,0.9101970854331864,0.0,0.0,0.0,72,160,72,7,6.838321685791016,0.00025,20000
2026-03-17T10:27:17.586870,48,120,0.0,32.699999999999996,0.9101970854331864,0.0,0.0,0.0,70,176,73,2,3.705263137817383,0.00025,20000
2026-03-17T10:27:18.255195,48,130,0.0,31.299999999999976,0.9101970854331864,0.0,0.0,0.0,56,176,73,7,4.276275634765625,0.00025,20000
2026-03-17T10:27:18.923238,48,140,0.0,34.0,0.9101970854331864,0.0,0.0,0.0,74,176,74,4,7.691144943237305,0.00025,20000
2026-03-17T10:27:19.583334,48,150,1.0,45.0,0.9101970854331864,0.0,0.0,0.0,85,138,85,3,3.136157989501953,0.00025,20000
2026-03-17T10:27:20.252909,48,160,1.0,84.0,0.9101970854331864,0.0,0.0,0.0,124,149,124,6,5.753993988037109,0.00025,20000
2026-03-17T10:27:20.918723,48,170,0.0,102.9,0.9101970854331864,0.0,0.0,0.0,142,176,143,8,6.346702575683594,0.00025,20000
2026-03-17T10:27:21.582222,48,180,0.0,110.0,0.9101970854331864,0.0,0.0,0.0,150,140,150,3,4.979848861694336,0.00025,20000
2026-03-17T10:27:22.249951,48,190,0.0,117.70000000000002,0.9101970854331864,0.0,0.0,0.0,155,128,158,10,6.421566009521484,0.00025,20000
2026-03-17T10:27:22.912744,48,200,0.0,116.80000000000007,0.9101970854331864,0.0,0.0,0.0,146,157,158,3,3.712892532348633,0.00025,20000
2026-03-17T10:27:23.579128,48,210,0.0,116.80000000000007,0.9101970854331864,0.0,0.0,0.0,146,173,158,1,4.619359970092773,0.00025,20000
2026-03-17T10:27:24.245487,48,220,0.0,117.60000000000002,0.9101970854331864,0.0,0.0,0.0,154,176,158,10,5.759239196777344,0.00025,20000
2026-03-17T10:27:24.910798,48,230,0.0,117.30000000000004,0.9101970854331864,0.0,0.0,0.0,151,176,158,8,4.692316055297852,0.00025,20000
2026-03-17T10:27:25.577912,48,240,1.0,123.0,0.9101970854331864,0.0,0.0,0.0,163,176,163,8,6.347894668579102,0.00025,20000
2026-03-17T10:27:26.243102,48,250,-0.1,120.80000000000013,0.9101970854331864,0.0,0.0,0.0,141,176,163,1,7.647514343261719,0.00025,20000
2026-03-17T10:27:26.908241,48,260,-0.1,117.30000000000031,0.9101970854331864,0.0,0.0,0.0,106,160,163,6,6.982088088989258,0.00025,20000
2026-03-17T10:27:27.570831,48,270,0.0,115.10000000000042,0.9101970854331864,0.0,0.0,0.0,84,176,163,2,3.557920455932617,0.00025,20000
2026-03-17T10:27:28.235357,48,280,-0.1,115.00000000000043,0.9101970854331864,0.0,0.0,0.0,83,173,163,6,2.2041797637939453,0.00025,20000
2026-03-17T10:27:28.904010,48,290,0.0,115.20000000000041,0.9101970854331864,0.0,0.0,0.0,85,160,163,10,4.572153091430664,0.00025,20000
2026-03-17T10:27:29.567952,48,300,0.0,115.10000000000042,0.9101970854331864,0.0,0.0,0.0,84,153,163,4,3.8764476776123047,0.00025,20000
2026-03-17T10:27:30.234358,48,310,0.0,116.00000000000037,0.9101970854331864,0.0,0.0,0.0,93,176,163,2,4.903078079223633,0.00025,20000
2026-03-17T10:27:30.910507,48,320,0.0,115.5000000000004,0.9101970854331864,0.0,0.0,0.0,88,176,163,10,4.970550537109375,0.00025,20000
2026-03-17T10:27:31.570862,48,330,-0.1,115.00000000000043,0.9101970854331864,0.0,0.0,0.0,83,160,163,5,7.828235626220703,0.00025,20000
2026-03-17T10:27:32.233563,48,340,0.0,115.00000000000043,0.9101970854331864,0.0,0.0,0.0,83,149,163,4,7.095813751220703,0.00025,20000
2026-03-17T10:27:32.895824,48,350,0.0,115.10000000000042,0.9101970854331864,0.0,0.0,0.0,84,160,163,2,3.679513931274414,0.00025,20000
2026-03-17T10:27:33.563098,48,360,0.1,117.00000000000031,0.9101970854331864,0.0,0.0,0.0,103,147,163,6,6.053447723388672,0.00025,20000
2026-03-17T10:27:34.227279,48,370,0.0,118.60000000000022,0.9101970854331864,0.0,0.0,0.0,119,147,163,0,5.072593688964844,0.00025,20000
2026-03-17T10:27:34.892729,48,380,0.0,118.80000000000021,0.9101970854331864,0.0,0.0,0.0,121,160,163,11,3.419160842895508,0.00025,20000
2026-03-17T10:27:35.560514,48,390,0.0,119.1000000000002,0.9101970854331864,0.0,0.0,0.0,124,176,163,3,5.655527114868164,0.00025,20000
2026-03-17T10:27:36.222958,48,400,0.0,119.20000000000019,0.9101970854331864,0.0,0.0,0.0,125,149,163,2,3.7717819213867188,0.00025,20000
2026-03-17T10:27:36.889007,48,410,0.0,117.70000000000027,0.9101970854331864,0.0,0.0,0.0,110,157,163,11,4.764080047607422,0.00025,20000
2026-03-17T10:27:37.558399,48,420,0.0,117.50000000000028,0.9101970854331864,0.0,0.0,0.0,108,145,163,1,6.45756721496582,0.00025,20000
2026-03-17T10:27:38.222981,48,430,0.0,118.00000000000026,0.9101970854331864,0.0,0.0,0.0,113,152,163,1,7.140159606933594,0.00025,20000
2026-03-17T10:27:38.885613,48,440,0.0,117.80000000000027,0.9101970854331864,0.0,0.0,0.0,111,168,163,10,3.7984848022460938,0.00025,20000
2026-03-17T10:27:39.552683,48,450,0.0,116.60000000000034,0.9101970854331864,0.0,0.0,0.0,99,176,163,0,3.803730010986328,0.00025,20000
2026-03-17T10:27:40.217018,48,460,0.0,116.60000000000034,0.9101970854331864,0.0,0.0,0.0,99,176,163,4,4.492282867431641,0.00025,20000
2026-03-17T10:27:40.883900,48,470,0.0,116.20000000000036,0.9101970854331864,0.0,0.0,0.0,95,145,163,0,4.495859146118164,0.00025,20000
2026-03-17T10:27:41.547113,48,480,0.1,115.80000000000038,0.9101970854331864,0.0,0.0,0.0,91,176,163,4,3.56292724609375,0.00025,20000
2026-03-17T10:27:42.214650,48,490,-0.1,116.60000000000034,0.9101970854331864,0.0,0.0,0.0,99,160,163,3,5.272626876831055,0.00025,20000
2026-03-17T10:27:42.880199,48,500,0.0,115.10000000000042,0.9101970854331864,0.0,0.0,0.0,84,176,163,4,5.785226821899414,0.00025,20000
2026-03-17T10:27:43.548045,48,510,0.1,116.00000000000037,0.9101970854331864,0.0,0.0,0.0,93,176,163,10,5.719423294067383,0.00025,20000
2026-03-17T10:27:44.214645,48,520,0.0,115.4000000000004,0.9101970854331864,0.0,0.0,0.0,87,173,163,4,7.695913314819336,0.00025,20000
2026-03-17T10:27:44.877219,48,530,0.0,116.00000000000037,0.9101970854331864,0.0,0.0,0.0,93,157,163,3,5.587100982666016,0.00025,20000
2026-03-17T10:27:45.544488,48,540,0.0,116.30000000000035,0.9101970854331864,0.0,0.0,0.0,96,152,163,3,6.808996200561523,0.00025,20000
2026-03-17T10:27:46.207489,48,550,0.1,116.50000000000034,0.9101970854331864,0.0,0.0,0.0,98,152,163,3,3.493785858154297,0.00025,20000
2026-03-17T10:27:46.874746,48,560,0.1,117.3000000000003,0.9101970854331864,0.0,0.0,0.0,106,176,163,5,6.6127777099609375,0.00025,20000
2026-03-17T10:27:47.540547,48,570,-0.1,116.60000000000034,0.9101970854331864,0.0,0.0,0.0,99,176,163,5,5.283117294311523,0.00025,20000
2026-03-17T10:27:48.206524,48,580,0.0,116.90000000000032,0.9101970854331864,0.0,0.0,0.0,102,148,163,0,5.755186080932617,0.00025,20000
2026-03-17T10:27:48.870778,48,590,0.0,117.50000000000028,0.9101970854331864,0.0,0.0,0.0,108,176,163,1,5.563974380493164,0.00025,20000
2026-03-17T10:27:49.536980,48,600,0.0,118.00000000000026,0.9101970854331864,0.0,0.0,0.0,113,176,163,0,5.881547927856445,0.00025,20000
2026-03-17T10:27:50.199133,48,610,0.0,119.0000000000002,0.9101970854331864,0.0,0.0,0.0,123,176,163,9,3.3266544342041016,0.00025,20000
2026-03-17T10:27:50.863741,48,620,0.0,118.70000000000022,0.9101970854331864,0.0,0.0,0.0,120,176,163,2,2.299070358276367,0.00025,20000
2026-03-17T10:27:51.530842,48,630,0.0,117.50000000000028,0.9101970854331864,0.0,0.0,0.0,108,176,163,11,3.824472427368164,0.00025,20000
2026-03-17T10:27:52.214032,48,640,0.1,117.00000000000031,0.9101970854331864,0.0,0.0,0.0,103,176,163,8,3.797769546508789,0.00025,20000
2026-03-17T10:27:52.879194,48,650,0.0,117.3000000000003,0.9101970854331864,0.0,0.0,0.0,106,168,163,9,4.732608795166016,0.00025,20000
2026-03-17T10:27:53.549375,48,660,0.1,119.60000000000016,0.9101970854331864,0.0,0.0,0.0,129,152,163,0,5.347967147827148,0.00025,20000
2026-03-17T10:27:54.214688,48,670,0.0,121.70000000000005,0.9101970854331864,0.0,0.0,0.0,150,149,163,11,6.906747817993164,0.00025,20000
2026-03-17T10:27:54.877141,48,680,0.0,122.6,0.9101970854331864,0.0,0.0,0.0,159,147,163,6,6.017923355102539,0.00025,20000
2026-03-17T10:27:55.544975,48,690,0.0,124.20000000000002,0.9101970854331864,0.0,0.0,0.0,157,152,165,11,7.636308670043945,0.00025,20000
2026-03-17T10:27:56.209204,48,700,0.0,122.50000000000011,0.9101970854331864,0.0,0.0,0.0,140,176,165,1,4.929542541503906,0.00025,20000
2026-03-17T10:27:56.873828,48,710,0.0,122.8000000000001,0.9101970854331864,0.0,0.0,0.0,143,176,165,6,5.4645538330078125,0.00025,20000
2026-03-17T10:27:58.119702,49,3,1.0,1.0,0.9083766912623201,0.0,0.0,0.0,41,150,41,9,4.062652587890625,0.00025,20000
2026-03-17T10:27:58.787365,49,13,0.0,15.0,0.9083766912623201,0.0,0.0,0.0,55,147,55,4,4.5032501220703125,0.00025,20000
2026-03-17T10:27:59.452647,49,23,1.0,47.0,0.9083766912623201,0.0,0.0,0.0,87,160,87,4,4.990577697753906,0.00025,20000
2026-03-17T10:28:00.119919,49,33,1.0,91.0,0.9083766912623201,0.0,0.0,0.0,131,170,131,11,7.191658020019531,0.00025,20000
2026-03-17T10:28:00.785621,49,43,0.0,102.70000000000002,0.9083766912623201,0.0,0.0,0.0,140,128,143,0,6.734371185302734,0.00025,20000
2026-03-17T10:28:01.446527,49,53,-0.1,101.40000000000009,0.9083766912623201,0.0,0.0,0.0,127,140,143,0,2.8629302978515625,0.00025,20000
2026-03-17T10:28:02.114068,49,63,0.0,100.90000000000012,0.9083766912623201,0.0,0.0,0.0,122,176,143,0,4.276275634765625,0.00025,20000
2026-03-17T10:28:02.780888,49,73,-0.2,99.2000000000002,0.9083766912623201,0.0,0.0,0.0,105,176,143,1,4.5413970947265625,0.00025,20000
2026-03-17T10:28:03.445388,49,83,0.0,97.90000000000028,0.9083766912623201,0.0,0.0,0.0,92,176,143,4,4.336118698120117,0.00025,20000
2026-03-17T10:28:04.111117,49,93,0.0,99.60000000000018,0.9083766912623201,0.0,0.0,0.0,109,149,143,1,4.906177520751953,0.00025,20000
2026-03-17T10:28:04.778951,49,103,0.0,100.20000000000014,0.9083766912623201,0.0,0.0,0.0,115,145,143,0,6.383419036865234,0.00025,20000
2026-03-17T10:28:05.443344,49,113,0.0,101.0000000000001,0.9083766912623201,0.0,0.0,0.0,123,135,143,2,5.019187927246094,0.00025,20000
2026-03-17T10:28:06.109762,49,123,0.1,102.30000000000003,0.9083766912623201,0.0,0.0,0.0,136,176,143,7,6.016254425048828,0.00025,20000
2026-03-17T10:28:06.774515,49,133,0.0,127.89999999999999,0.9083766912623201,0.0,0.0,0.0,168,154,168,3,6.077051162719727,0.00025,20000
2026-03-17T10:28:07.438811,49,143,0.0,137.89999999999998,0.9083766912623201,0.0,0.0,0.0,178,135,178,9,4.647731781005859,0.00025,20000
2026-03-17T10:28:08.103903,49,153,0.0,145.79999999999998,0.9083766912623201,0.0,0.0,0.0,185,160,186,3,3.8003921508789062,0.00025,20000
2026-03-17T10:28:08.768962,49,163,0.0,144.40000000000006,0.9083766912623201,0.0,0.0,0.0,171,176,186,4,3.581523895263672,0.00025,20000
2026-03-17T10:28:09.435794,49,173,0.0,144.20000000000007,0.9083766912623201,0.0,0.0,0.0,169,176,186,11,4.753589630126953,0.00025,20000
2026-03-17T10:28:10.101685,49,183,0.1,145.3,0.9083766912623201,0.0,0.0,0.0,180,111,186,0,4.450559616088867,0.00025,20000
2026-03-17T10:28:10.766253,49,193,0.1,149.89999999999998,0.9083766912623201,0.0,0.0,0.0,190,176,190,10,4.680156707763672,0.00025,20000
2026-03-17T10:28:11.433543,49,203,0.0,149.7,0.9083766912623201,0.0,0.0,0.0,188,149,190,1,5.017995834350586,0.00025,20000
2026-03-17T10:28:12.098197,49,213,1.0,150.89999999999998,0.9083766912623201,0.0,0.0,0.0,191,157,191,6,5.863189697265625,0.00025,20000
2026-03-17T10:28:12.763949,49,223,1.0,164.89999999999998,0.9083766912623201,0.0,0.0,0.0,205,123,205,4,4.904985427856445,0.00025,20000
2026-03-17T10:28:13.428812,49,233,1.0,196.89999999999998,0.9083766912623201,0.0,0.0,0.0,237,157,237,4,5.4454803466796875,0.00025,20000
2026-03-17T10:28:14.092020,49,243,1.0,252.89999999999998,0.9083766912623201,0.0,0.0,0.0,293,176,293,10,2.6166439056396484,0.00025,20000
2026-03-17T10:28:14.759782,49,253,0.0,265.9,0.9083766912623201,0.0,0.0,0.0,306,176,306,6,4.630327224731445,0.00025,20000
2026-03-17T10:28:15.427210,49,263,0.0,265.5999999999999,0.9083766912623201,0.0,0.0,0.0,303,173,306,6,5.216836929321289,0.00025,20000
2026-03-17T10:28:16.092819,49,273,0.0,264.49999999999966,0.9083766912623201,0.0,0.0,0.0,292,176,306,11,4.565000534057617,0.00025,20000
2026-03-17T10:28:16.757158,49,283,0.0,264.39999999999964,0.9083766912623201,0.0,0.0,0.0,291,176,306,11,5.632638931274414,0.00025,20000
2026-03-17T10:28:17.424313,49,293,0.0,262.5999999999992,0.9083766912623201,0.0,0.0,0.0,273,176,306,0,6.2351226806640625,0.00025,20000
2026-03-17T10:28:18.088274,49,303,0.0,262.29999999999916,0.9083766912623201,0.0,0.0,0.0,270,148,306,3,5.797863006591797,0.00025,20000
2026-03-17T10:28:18.755330,49,313,0.0,262.4999999999992,0.9083766912623201,0.0,0.0,0.0,272,176,306,1,5.717277526855469,0.00025,20000
2026-03-17T10:28:19.435096,49,323,0.0,262.9999999999993,0.9083766912623201,0.0,0.0,0.0,277,176,306,8,3.7746429443359375,0.00025,20000
2026-03-17T10:28:20.099668,49,333,0.0,262.4999999999992,0.9083766912623201,0.0,0.0,0.0,272,176,306,6,3.9920806884765625,0.00025,20000
2026-03-17T10:28:20.767296,49,343,0.0,263.6999999999995,0.9083766912623201,0.0,0.0,0.0,284,176,306,3,5.36799430847168,0.00025,20000
2026-03-17T10:28:21.433296,49,353,0.0,263.49999999999943,0.9083766912623201,0.0,0.0,0.0,282,176,306,3,5.629539489746094,0.00025,20000
2026-03-17T10:28:22.098304,49,363,0.0,261.9999999999991,0.9083766912623201,0.0,0.0,0.0,267,176,306,9,4.7016143798828125,0.00025,20000
2026-03-17T10:28:22.764380,49,373,0.0,264.09999999999957,0.9083766912623201,0.0,0.0,0.0,288,149,306,0,4.070043563842773,0.00025,20000
2026-03-17T10:28:23.432282,49,383,0.0,265.29999999999984,0.9083766912623201,0.0,0.0,0.0,300,147,306,9,7.993936538696289,0.00025,20000
2026-03-17T10:28:24.096521,49,393,0.0,265.69999999999993,0.9083766912623201,0.0,0.0,0.0,304,152,306,11,6.632804870605469,0.00025,20000
2026-03-17T10:28:24.758947,49,403,0.0,265.4999999999999,0.9083766912623201,0.0,0.0,0.0,302,165,306,2,3.8449764251708984,0.00025,20000
2026-03-17T10:28:25.425866,49,413,0.0,266.9,0.9083766912623201,0.0,0.0,0.0,307,176,307,5,4.353046417236328,0.00025,20000
2026-03-17T10:28:26.091861,49,423,0.1,266.9,0.9083766912623201,0.0,0.0,0.0,307,160,307,0,4.520416259765625,0.00025,20000
2026-03-17T10:28:26.756825,49,433,1.0,292.9,0.9083766912623201,0.0,0.0,0.0,333,176,333,0,4.691839218139648,0.00025,20000
2026-03-17T10:28:27.425181,49,443,0.0,304.9,0.9083766912623201,0.0,0.0,0.0,345,149,345,0,7.185459136962891,0.00025,20000
2026-03-17T10:28:28.088236,49,453,0.0,304.9,0.9083766912623201,0.0,0.0,0.0,345,157,345,6,4.485845565795898,0.00025,20000
2026-03-17T10:28:28.755564,49,463,1.0,322.9,0.9083766912623201,0.0,0.0,0.0,363,176,363,3,5.320549011230469,0.00025,20000
2026-03-17T10:28:29.420948,49,473,1.0,344.9,0.9083766912623201,0.0,0.0,0.0,385,176,385,10,6.314277648925781,0.00025,20000
2026-03-17T10:28:30.085688,49,483,0.0,359.9,0.9083766912623201,0.0,0.0,0.0,400,149,400,9,5.7392120361328125,0.00025,20000
2026-03-17T10:28:30.751448,49,493,0.0,363.9,0.9083766912623201,0.0,0.0,0.0,404,169,404,5,6.102561950683594,0.00025,20000
2026-03-17T10:28:31.417486,49,503,0.0,365.9,0.9083766912623201,0.0,0.0,0.0,406,148,406,8,5.520820617675781,0.00025,20000
2026-03-17T10:28:32.082630,49,513,0.0,367.9,0.9083766912623201,0.0,0.0,0.0,408,140,408,4,6.120443344116211,0.00025,20000
2026-03-17T10:28:32.747942,49,523,-0.1,367.1999999999998,0.9083766912623201,0.0,0.0,0.0,401,176,408,3,5.86247444152832,0.00025,20000
2026-03-17T10:28:33.414478,49,533,0.1,366.6999999999997,0.9083766912623201,0.0,0.0,0.0,396,149,408,6,5.94329833984375,0.00025,20000
2026-03-17T10:28:34.079199,49,543,0.0,367.39999999999986,0.9083766912623201,0.0,0.0,0.0,403,145,408,4,5.282163619995117,0.00025,20000
2026-03-17T10:28:34.744966,49,553,0.0,367.4999999999999,0.9083766912623201,0.0,0.0,0.0,404,140,408,11,6.171703338623047,0.00025,20000
2026-03-17T10:28:35.410228,49,563,0.0,366.9999999999998,0.9083766912623201,0.0,0.0,0.0,399,157,408,8,4.952669143676758,0.00025,20000
2026-03-17T10:28:36.073952,49,573,0.1,367.29999999999984,0.9083766912623201,0.0,0.0,0.0,402,168,408,9,3.6644935607910156,0.00025,20000
2026-03-17T10:28:36.740327,49,583,0.0,366.7999999999997,0.9083766912623201,0.0,0.0,0.0,397,168,408,6,4.446983337402344,0.00025,20000
2026-03-17T10:28:37.405515,49,593,0.0,367.39999999999986,0.9083766912623201,0.0,0.0,0.0,403,176,408,4,3.8022994995117188,0.00025,20000
2026-03-17T10:28:38.074686,49,603,0.0,369.9,0.9083766912623201,0.0,0.0,0.0,410,147,410,9,7.121562957763672,0.00025,20000
2026-03-17T10:28:38.738602,49,613,0.0,393.9,0.9083766912623201,0.0,0.0,0.0,434,176,434,4,5.507946014404297,0.00025,20000
2026-03-17T10:28:39.403463,49,623,-0.1,395.79999999999995,0.9083766912623201,0.0,0.0,0.0,435,144,436,10,4.617929458618164,0.00025,20000
2026-03-17T10:28:40.070525,49,633,0.0,395.69999999999993,0.9083766912623201,0.0,0.0,0.0,434,157,436,3,6.487607955932617,0.00025,20000
2026-03-17T10:28:40.735558,49,643,0.0,394.7999999999997,0.9083766912623201,0.0,0.0,0.0,425,136,436,1,6.479024887084961,0.00025,20000
2026-03-17T10:28:41.396805,49,653,-0.1,395.0999999999998,0.9083766912623201,0.0,0.0,0.0,428,176,436,3,3.008127212524414,0.00025,20000
2026-03-17T10:28:42.063591,49,663,0.0,393.8999999999995,0.9083766912623201,0.0,0.0,0.0,416,149,436,4,3.3943653106689453,0.00025,20000
2026-03-17T10:28:42.728734,49,673,0.0,393.6999999999995,0.9083766912623201,0.0,0.0,0.0,414,157,436,4,3.3876895904541016,0.00025,20000
2026-03-17T10:28:43.395286,49,683,0.0,393.19999999999936,0.9083766912623201,0.0,0.0,0.0,409,176,436,3,3.9343833923339844,0.00025,20000
2026-03-17T10:28:44.060829,49,693,0.0,393.2999999999994,0.9083766912623201,0.0,0.0,0.0,410,145,436,9,4.035472869873047,0.00025,20000
2026-03-17T10:28:45.309814,50,8,0.0,-0.6,0.9065599378797955,0.0,0.0,0.0,34,176,40,2,6.231784820556641,0.00025,20000
2026-03-17T10:28:45.975506,50,18,0.0,-2.800000000000001,0.9065599378797955,0.0,0.0,0.0,12,176,40,10,6.18290901184082,0.00025,20000
2026-03-17T10:28:46.638446,50,28,0.0,-3.700000000000002,0.9065599378797955,0.0,0.0,0.0,3,160,40,4,3.5674571990966797,0.00025,20000
2026-03-17T10:28:47.304129,50,38,0.0,-3.4000000000000017,0.9065599378797955,0.0,0.0,0.0,6,160,40,10,3.247976303100586,0.00025,20000
2026-03-17T10:28:47.969099,50,48,0.0,-3.600000000000002,0.9065599378797955,0.0,0.0,0.0,4,145,40,10,3.2258033752441406,0.00025,20000
2026-03-17T10:28:48.634270,50,58,0.0,-3.9000000000000017,0.9065599378797955,0.0,0.0,0.0,1,149,40,8,2.897977828979492,0.00025,20000
2026-03-17T10:28:49.301308,50,68,0.1,-3.200000000000001,0.9065599378797955,0.0,0.0,0.0,8,157,40,6,4.403591156005859,0.00025,20000
2026-03-17T10:28:49.966498,50,78,0.0,-2.6000000000000005,0.9065599378797955,0.0,0.0,0.0,14,145,40,6,3.384828567504883,0.00025,20000
2026-03-17T10:28:50.632436,50,88,0.0,-0.9999999999999992,0.9065599378797955,0.0,0.0,0.0,30,173,40,9,4.137277603149414,0.00025,20000
2026-03-17T10:28:51.299049,50,98,0.0,-0.39999999999999936,0.9065599378797955,0.0,0.0,0.0,36,176,40,5,4.735708236694336,0.00025,20000
2026-03-17T10:28:51.966944,50,108,0.0,-0.9999999999999992,0.9065599378797955,0.0,0.0,0.0,30,176,40,6,7.042646408081055,0.00025,20000
2026-03-17T10:28:52.633300,50,118,0.0,-0.9999999999999992,0.9065599378797955,0.0,0.0,0.0,30,176,40,10,7.577657699584961,0.00025,20000
2026-03-17T10:28:53.294557,50,128,0.0,-1.7999999999999998,0.9065599378797955,0.0,0.0,0.0,22,176,40,10,3.0815601348876953,0.00025,20000
2026-03-17T10:28:53.959449,50,138,0.0,-3.200000000000001,0.9065599378797955,0.0,0.0,0.0,8,138,40,8,3.478527069091797,0.00025,20000
2026-03-17T10:28:54.625593,50,148,0.1,-2.900000000000001,0.9065599378797955,0.0,0.0,0.0,11,157,40,6,4.192352294921875,0.00025,20000
2026-03-17T10:28:55.292209,50,158,0.0,-3.6000000000000014,0.9065599378797955,0.0,0.0,0.0,4,176,40,5,4.395484924316406,0.00025,20000
2026-03-17T10:28:55.958406,50,168,0.0,-4.000000000000002,0.9065599378797955,0.0,0.0,0.0,0,176,40,4,4.772663116455078,0.00025,20000
2026-03-17T10:28:56.624243,50,178,0.1,-3.000000000000001,0.9065599378797955,0.0,0.0,0.0,10,176,40,2,5.794763565063477,0.00025,20000
2026-03-17T10:28:57.291816,50,188,0.0,-2.3000000000000003,0.9065599378797955,0.0,0.0,0.0,17,147,40,1,7.424592971801758,0.00025,20000
2026-03-17T10:28:57.955986,50,198,0.0,-1.1999999999999993,0.9065599378797955,0.0,0.0,0.0,28,176,40,8,6.574392318725586,0.00025,20000
2026-03-17T10:28:58.618565,50,208,0.1,-0.9999999999999992,0.9065599378797955,0.0,0.0,0.0,30,157,40,1,3.2510757446289062,0.00025,20000
2026-03-17T10:28:59.284524,50,218,1.0,36.0,0.9065599378797955,0.0,0.0,0.0,76,176,76,1,3.0181407928466797,0.00025,20000
2026-03-17T10:28:59.949647,50,228,0.0,90.0,0.9065599378797955,0.0,0.0,0.0,130,176,130,2,3.3767223358154297,0.00025,20000
2026-03-17T10:29:00.615927,50,238,-0.1,92.40000000000003,0.9065599378797955,0.0,0.0,0.0,127,157,133,9,4.483699798583984,0.00025,20000
2026-03-17T10:29:01.282233,50,248,0.0,91.90000000000006,0.9065599378797955,0.0,0.0,0.0,122,168,133,7,4.082441329956055,0.00025,20000
2026-03-17T10:29:01.948651,50,258,0.1,92.20000000000005,0.9065599378797955,0.0,0.0,0.0,125,121,133,1,6.052255630493164,0.00025,20000
2026-03-17T10:29:02.611671,50,268,0.0,92.80000000000001,0.9065599378797955,0.0,0.0,0.0,131,160,133,11,2.935647964477539,0.00025,20000
2026-03-17T10:29:03.276295,50,278,0.0,92.60000000000002,0.9065599378797955,0.0,0.0,0.0,129,147,133,9,1.7659664154052734,0.00025,20000
2026-03-17T10:29:03.942595,50,288,0.0,92.30000000000004,0.9065599378797955,0.0,0.0,0.0,126,176,133,9,3.105640411376953,0.00025,20000
2026-03-17T10:29:04.608087,50,298,0.0,92.30000000000004,0.9065599378797955,0.0,0.0,0.0,126,176,133,7,2.3736953735351562,0.00025,20000
2026-03-17T10:29:05.276089,50,308,0.0,92.9,0.9065599378797955,0.0,0.0,0.0,132,160,133,5,3.845691680908203,0.00025,20000
2026-03-17T10:29:05.939705,50,318,0.1,92.80000000000001,0.9065599378797955,0.0,0.0,0.0,131,176,133,7,3.5598278045654297,0.00025,20000
2026-03-17T10:29:06.605104,50,328,0.0,92.80000000000001,0.9065599378797955,0.0,0.0,0.0,131,173,133,5,3.442525863647461,0.00025,20000
2026-03-17T10:29:07.272860,50,338,0.0,91.50000000000009,0.9065599378797955,0.0,0.0,0.0,118,176,133,9,4.8885345458984375,0.00025,20000
2026-03-17T10:29:07.938561,50,348,0.0,91.70000000000007,0.9065599378797955,0.0,0.0,0.0,120,176,133,3,5.845546722412109,0.00025,20000
2026-03-17T10:29:08.605453,50,358,0.0,91.50000000000009,0.9065599378797955,0.0,0.0,0.0,118,160,133,5,6.904840469360352,0.00025,20000
2026-03-17T10:29:09.267025,50,368,0.0,90.70000000000013,0.9065599378797955,0.0,0.0,0.0,110,160,133,0,3.3223628997802734,0.00025,20000
2026-03-17T10:29:09.933464,50,378,0.1,91.3000000000001,0.9065599378797955,0.0,0.0,0.0,116,135,133,6,3.4317970275878906,0.00025,20000
2026-03-17T10:29:10.598023,50,388,0.0,92.80000000000001,0.9065599378797955,0.0,0.0,0.0,131,160,133,5,3.3125877380371094,0.00025,20000
2026-03-17T10:29:11.268490,50,398,0.0,91.60000000000008,0.9065599378797955,0.0,0.0,0.0,119,176,133,8,6.101846694946289,0.00025,20000
2026-03-17T10:29:11.931889,50,408,-0.1,90.20000000000016,0.9065599378797955,0.0,0.0,0.0,105,160,133,9,5.544900894165039,0.00025,20000
2026-03-17T10:29:12.596397,50,418,0.0,89.30000000000021,0.9065599378797955,0.0,0.0,0.0,96,145,133,2,4.598379135131836,0.00025,20000
2026-03-17T10:29:13.268768,50,428,-0.1,88.20000000000027,0.9065599378797955,0.0,0.0,0.0,85,128,133,0,10.319948196411133,0.00025,20000
2026-03-17T10:29:13.929324,50,438,0.0,87.40000000000032,0.9065599378797955,0.0,0.0,0.0,77,138,133,3,6.164073944091797,0.00025,20000
2026-03-17T10:29:14.595596,50,448,0.0,88.30000000000027,0.9065599378797955,0.0,0.0,0.0,86,157,133,5,6.1969757080078125,0.00025,20000
2026-03-17T10:29:15.257295,50,458,0.0,87.00000000000034,0.9065599378797955,0.0,0.0,0.0,73,118,133,3,3.443002700805664,0.00025,20000
2026-03-17T10:29:15.925338,50,468,0.0,86.0000000000004,0.9065599378797955,0.0,0.0,0.0,63,173,133,1,5.652904510498047,0.00025,20000
2026-03-17T10:29:16.607571,50,478,0.0,86.30000000000038,0.9065599378797955,0.0,0.0,0.0,66,128,133,4,3.304719924926758,0.00025,20000
2026-03-17T10:29:17.256729,50,488,0.0,87.00000000000034,0.9065599378797955,0.0,0.0,0.0,73,149,133,7,4.214763641357422,0.00025,20000
2026-03-17T10:29:17.921760,50,498,-0.1,86.50000000000037,0.9065599378797955,0.0,0.0,0.0,68,128,133,1,4.107475280761719,0.00025,20000
2026-03-17T10:29:18.586188,50,508,0.1,86.50000000000037,0.9065599378797955,0.0,0.0,0.0,68,140,133,5,3.8318634033203125,0.00025,20000
2026-03-17T10:29:19.253141,50,518,0.0,86.90000000000035,0.9065599378797955,0.0,0.0,0.0,72,136,133,0,5.358695983886719,0.00025,20000
2026-03-17T10:29:19.920630,50,528,-0.1,86.90000000000035,0.9065599378797955,0.0,0.0,0.0,72,176,133,8,6.174802780151367,0.00025,20000
2026-03-17T10:29:20.585033,50,538,0.1,85.20000000000043,0.9065599378797955,0.0,0.0,0.0,55,176,133,9,6.050586700439453,0.00025,20000
2026-03-17T10:29:21.247633,50,548,0.0,86.80000000000034,0.9065599378797955,0.0,0.0,0.0,71,176,133,4,3.644704818725586,0.00025,20000
2026-03-17T10:29:21.914450,50,558,0.0,86.70000000000034,0.9065599378797955,0.0,0.0,0.0,70,147,133,11,4.521608352661133,0.00025,20000
2026-03-17T10:29:22.580212,50,568,0.0,86.00000000000038,0.9065599378797955,0.0,0.0,0.0,63,147,133,3,4.7454833984375,0.00025,20000
2026-03-17T10:29:23.247658,50,578,0.0,86.70000000000034,0.9065599378797955,0.0,0.0,0.0,70,160,133,1,5.248308181762695,0.00025,20000
2026-03-17T10:29:23.910486,50,588,0.0,86.60000000000035,0.9065599378797955,0.0,0.0,0.0,69,138,133,5,3.914356231689453,0.00025,20000
2026-03-17T10:29:24.576953,50,598,0.0,85.50000000000041,0.9065599378797955,0.0,0.0,0.0,58,157,133,3,4.620075225830078,0.00025,20000
2026-03-17T10:29:25.243312,50,608,0.0,85.30000000000042,0.9065599378797955,0.0,0.0,0.0,56,176,133,9,4.885196685791016,0.00025,20000
2026-03-17T10:29:25.910382,50,618,0.0,85.10000000000043,0.9065599378797955,0.0,0.0,0.0,54,152,133,6,6.866216659545898,0.00025,20000
2026-03-17T10:29:26.571733,50,628,0.1,85.7000000000004,0.9065599378797955,0.0,0.0,0.0,60,176,133,5,3.1833648681640625,0.00025,20000
2026-03-17T10:29:27.241709,50,638,0.1,87.70000000000029,0.9065599378797955,0.0,0.0,0.0,80,149,133,2,6.749153137207031,0.00025,20000
2026-03-17T10:29:27.903532,50,648,0.0,87.4000000000003,0.9065599378797955,0.0,0.0,0.0,77,157,133,7,4.130125045776367,0.00025,20000
2026-03-17T10:29:28.569813,50,658,-0.1,85.90000000000039,0.9065599378797955,0.0,0.0,0.0,62,173,133,0,3.984212875366211,0.00025,20000
2026-03-17T10:29:29.234721,50,668,0.0,85.40000000000042,0.9065599378797955,0.0,0.0,0.0,57,147,133,8,4.634380340576172,0.00025,20000
2026-03-17T10:29:29.902067,50,678,0.0,85.90000000000039,0.9065599378797955,0.0,0.0,0.0,62,173,133,4,4.748106002807617,0.00025,20000
2026-03-17T10:29:30.567101,50,688,0.0,85.50000000000041,0.9065599378797955,0.0,0.0,0.0,58,176,133,10,5.433082580566406,0.00025,20000
2026-03-17T10:29:31.234132,50,698,0.0,85.50000000000041,0.9065599378797955,0.0,0.0,0.0,58,149,133,9,7.090091705322266,0.00025,20000
2026-03-17T10:29:31.900904,50,708,0.0,85.8000000000004,0.9065599378797955,0.0,0.0,0.0,61,128,133,11,7.640838623046875,0.00025,20000
2026-03-17T10:29:32.564157,50,718,0.0,86.40000000000036,0.9065599378797955,0.0,0.0,0.0,67,157,133,9,5.851030349731445,0.00025,20000
2026-03-17T10:29:33.228088,50,728,0.0,86.70000000000034,0.9065599378797955,0.0,0.0,0.0,70,157,133,5,3.407716751098633,0.00025,20000
2026-03-17T10:29:33.898565,50,738,-0.1,85.8000000000004,0.9065599378797955,0.0,0.0,0.0,61,176,133,5,8.56781005859375,0.00025,20000
2026-03-17T10:29:34.560816,50,748,0.0,85.90000000000039,0.9065599378797955,0.0,0.0,0.0,62,160,133,4,4.779577255249023,0.00025,20000
2026-03-17T10:29:35.225193,50,758,-0.1,89.10000000000024,0.9065599378797955,0.0,0.0,0.0,94,176,133,9,3.4074783325195312,0.00025,20000
2026-03-17T10:29:35.893040,50,768,-0.1,88.60000000000026,0.9065599378797955,0.0,0.0,0.0,89,176,133,6,6.409645080566406,0.00025,20000
2026-03-17T10:29:36.557803,50,778,0.0,89.40000000000022,0.9065599378797955,0.0,0.0,0.0,97,176,133,6,6.002902984619141,0.00025,20000
2026-03-17T10:29:37.223721,50,788,0.0,88.80000000000025,0.9065599378797955,0.0,0.0,0.0,91,176,133,3,6.892204284667969,0.00025,20000
2026-03-17T10:29:37.905059,50,798,0.1,88.0000000000003,0.9065599378797955,0.0,0.0,0.0,83,128,133,0,5.461215972900391,0.00025,20000
2026-03-17T10:29:38.571722,50,808,0.0,87.20000000000034,0.9065599378797955,0.0,0.0,0.0,75,121,133,2,5.272150039672852,0.00025,20000
2026-03-17T10:29:39.235211,50,818,0.0,85.00000000000047,0.9065599378797955,0.0,0.0,0.0,53,157,133,8,3.982067108154297,0.00025,20000
2026-03-17T10:29:39.901359,50,828,-0.1,85.30000000000045,0.9065599378797955,0.0,0.0,0.0,56,176,133,11,5.118608474731445,0.00025,20000
2026-03-17T10:29:40.568124,50,838,0.0,85.00000000000047,0.9065599378797955,0.0,0.0,0.0,53,160,133,2,5.452156066894531,0.00025,20000
2026-03-17T10:29:41.231960,50,848,0.1,85.40000000000045,0.9065599378797955,0.0,0.0,0.0,57,128,133,4,5.250692367553711,0.00025,20000
2026-03-17T10:29:41.898704,50,858,0.1,88.10000000000032,0.9065599378797955,0.0,0.0,0.0,84,145,133,10,4.988193511962891,0.00025,20000
2026-03-17T10:29:42.566077,50,868,0.0,88.30000000000031,0.9065599378797955,0.0,0.0,0.0,86,140,133,7,6.354331970214844,0.00025,20000
2026-03-17T10:29:43.231729,50,878,0.0,88.30000000000031,0.9065599378797955,0.0,0.0,0.0,86,176,133,7,6.852149963378906,0.00025,20000
2026-03-17T10:29:43.893301,50,888,0.0,88.5000000000003,0.9065599378797955,0.0,0.0,0.0,88,176,133,6,3.9703845977783203,0.00025,20000
2026-03-17T10:29:44.562391,50,898,-0.1,88.10000000000032,0.9065599378797955,0.0,0.0,0.0,84,136,133,9,5.920648574829102,0.00025,20000
2026-03-17T10:29:45.226369,50,908,0.0,89.90000000000022,0.9065599378797955,0.0,0.0,0.0,102,176,133,4,4.472255706787109,0.00025,20000
2026-03-17T10:29:45.894832,50,918,0.0,89.80000000000022,0.9065599378797955,0.0,0.0,0.0,101,160,133,10,6.7958831787109375,0.00025,20000
2026-03-17T10:29:46.556356,50,928,0.0,90.2000000000002,0.9065599378797955,0.0,0.0,0.0,105,176,133,11,4.276037216186523,0.00025,20000
2026-03-17T10:29:47.222280,50,938,-0.1,88.00000000000033,0.9065599378797955,0.0,0.0,0.0,83,147,133,8,3.511667251586914,0.00025,20000
2026-03-17T10:29:47.889502,50,948,0.1,86.00000000000044,0.9065599378797955,0.0,0.0,0.0,63,176,133,3,6.216287612915039,0.00025,20000
2026-03-17T10:29:48.571166,50,958,0.0,86.40000000000042,0.9065599378797955,0.0,0.0,0.0,67,176,133,11,6.529569625854492,0.00025,20000
2026-03-17T10:29:49.236114,50,968,0.0,86.7000000000004,0.9065599378797955,0.0,0.0,0.0,70,128,133,4,4.549980163574219,0.00025,20000
2026-03-17T10:29:49.900485,50,978,0.0,87.80000000000034,0.9065599378797955,0.0,0.0,0.0,81,147,133,2,4.030942916870117,0.00025,20000
2026-03-17T10:29:50.566740,50,988,0.0,87.40000000000036,0.9065599378797955,0.0,0.0,0.0,77,148,133,6,4.685640335083008,0.00025,20000
2026-03-17T10:29:51.231509,50,998,0.0,86.50000000000041,0.9065599378797955,0.0,0.0,0.0,68,176,133,11,4.567384719848633,0.00025,20000
2026-03-17T10:29:51.897967,50,1008,0.1,87.30000000000037,0.9065599378797955,0.0,0.0,0.0,76,176,133,2,4.400491714477539,0.00025,20000
2026-03-17T10:29:52.565786,50,1018,0.0,86.7000000000004,0.9065599378797955,0.0,0.0,0.0,70,176,133,10,6.529331207275391,0.00025,20000
2026-03-17T10:29:53.230196,50,1028,-0.1,86.40000000000042,0.9065599378797955,0.0,0.0,0.0,67,176,133,7,5.315542221069336,0.00025,20000
2026-03-17T10:29:53.896762,50,1038,0.0,86.6000000000004,0.9065599378797955,0.0,0.0,0.0,69,160,133,10,7.622718811035156,0.00025,20000
2026-03-17T10:29:54.562289,50,1048,0.0,86.90000000000039,0.9065599378797955,0.0,0.0,0.0,72,147,133,4,6.613492965698242,0.00025,20000
2026-03-17T10:29:55.228717,50,1058,0.0,88.30000000000031,0.9065599378797955,0.0,0.0,0.0,86,149,133,6,8.085966110229492,0.00025,20000
2026-03-17T10:29:55.889289,50,1068,0.0,88.70000000000029,0.9065599378797955,0.0,0.0,0.0,90,160,133,6,3.5550594329833984,0.00025,20000
2026-03-17T10:29:56.556447,50,1078,0.0,89.00000000000027,0.9065599378797955,0.0,0.0,0.0,93,128,133,4,3.160715103149414,0.00025,20000
2026-03-17T10:29:57.222930,50,1088,0.0,89.60000000000024,0.9065599378797955,0.0,0.0,0.0,99,176,133,4,5.261659622192383,0.00025,20000
2026-03-17T10:29:57.890086,50,1098,0.0,89.70000000000023,0.9065599378797955,0.0,0.0,0.0,100,176,133,0,4.883527755737305,0.00025,20000
2026-03-17T10:29:58.557484,50,1108,0.0,90.70000000000017,0.9065599378797955,0.0,0.0,0.0,110,160,133,0,7.942438125610352,0.00025,20000
2026-03-17T10:29:59.237244,50,1118,0.0,92.0000000000001,0.9065599378797955,0.0,0.0,0.0,123,135,133,1,6.37507438659668,0.00025,20000
2026-03-17T10:29:59.903049,50,1128,-0.1,92.1000000000001,0.9065599378797955,0.0,0.0,0.0,124,145,133,8,5.74803352355957,0.00025,20000
2026-03-17T10:30:00.570226,50,1138,0.0,91.20000000000014,0.9065599378797955,0.0,0.0,0.0,115,145,133,6,8.165359497070312,0.00025,20000
2026-03-17T10:30:01.235791,50,1148,0.0,90.70000000000017,0.9065599378797955,0.0,0.0,0.0,110,173,133,3,8.604049682617188,0.00025,20000
2026-03-17T10:30:01.897262,50,1158,0.0,90.00000000000021,0.9065599378797955,0.0,0.0,0.0,103,135,133,4,4.520177841186523,0.00025,20000
2026-03-17T10:30:02.561568,50,1168,0.0,89.70000000000023,0.9065599378797955,0.0,0.0,0.0,100,176,133,7,3.665924072265625,0.00025,20000
2026-03-17T10:30:03.229746,50,1178,0.1,90.00000000000021,0.9065599378797955,0.0,0.0,0.0,103,147,133,2,4.444122314453125,0.00025,20000
2026-03-17T10:30:03.894721,50,1188,-0.1,90.80000000000017,0.9065599378797955,0.0,0.0,0.0,111,168,133,0,4.334449768066406,0.00025,20000
2026-03-17T10:30:04.559534,50,1198,0.0,90.60000000000018,0.9065599378797955,0.0,0.0,0.0,109,176,133,10,4.195451736450195,0.00025,20000
2026-03-17T10:30:05.226915,50,1208,-0.1,86.60000000000029,0.9065599378797955,0.0,0.0,0.0,69,135,133,2,6.3533782958984375,0.00025,20000
2026-03-17T10:30:05.892020,50,1218,0.0,85.00000000000033,0.9065599378797955,0.0,0.0,0.0,53,149,133,5,4.949092864990234,0.00025,20000
2026-03-17T10:30:06.554850,50,1228,0.0,85.00000000000033,0.9065599378797955,0.0,0.0,0.0,53,157,133,7,3.187894821166992,0.00025,20000
2026-03-17T10:30:07.221279,50,1238,0.1,85.5000000000003,0.9065599378797955,0.0,0.0,0.0,58,173,133,1,3.4821033477783203,0.00025,20000
2026-03-17T10:30:07.888735,50,1248,0.0,86.90000000000022,0.9065599378797955,0.0,0.0,0.0,72,176,133,11,5.203962326049805,0.00025,20000
2026-03-17T10:30:08.554217,50,1258,0.0,88.10000000000015,0.9065599378797955,0.0,0.0,0.0,84,176,133,9,5.015850067138672,0.00025,20000
2026-03-17T10:30:09.218054,50,1268,0.0,88.70000000000012,0.9065599378797955,0.0,0.0,0.0,90,149,133,5,4.200458526611328,0.00025,20000
2026-03-17T10:30:09.886569,50,1278,0.0,85.00000000000024,0.9065599378797955,0.0,0.0,0.0,53,133,133,6,5.223274230957031,0.00025,20000
2026-03-17T10:30:10.550214,50,1288,0.0,85.30000000000022,0.9065599378797955,0.0,0.0,0.0,56,149,133,11,4.4918060302734375,0.00025,20000
2026-03-17T10:30:11.217644,50,1298,0.0,85.50000000000021,0.9065599378797955,0.0,0.0,0.0,58,128,133,1,4.687309265136719,0.00025,20000
2026-03-17T10:30:11.881149,50,1308,-0.1,85.10000000000024,0.9065599378797955,0.0,0.0,0.0,54,173,133,4,4.703521728515625,0.00025,20000
2026-03-17T10:30:12.550726,50,1318,0.1,85.7000000000002,0.9065599378797955,0.0,0.0,0.0,60,148,133,11,8.664846420288086,0.00025,20000
2026-03-17T10:30:13.210204,50,1328,0.0,86.30000000000017,0.9065599378797955,0.0,0.0,0.0,66,168,133,6,2.096414566040039,0.00025,20000
2026-03-17T10:30:13.876824,50,1338,0.1,87.00000000000013,0.9065599378797955,0.0,0.0,0.0,73,152,133,1,4.477262496948242,0.00025,20000
2026-03-17T10:30:14.544866,50,1348,0.2,91.09999999999998,0.9065599378797955,0.0,0.0,0.0,114,125,133,6,5.587339401245117,0.00025,20000
2026-03-17T10:30:15.210251,50,1358,1.0,114.99999999999993,0.9065599378797955,0.0,0.0,0.0,155,147,155,9,5.253314971923828,0.00025,20000
2026-03-17T10:30:15.875476,50,1368,1.0,168.99999999999994,0.9065599378797955,0.0,0.0,0.0,209,112,209,10,4.787921905517578,0.00025,20000
2026-03-17T10:30:16.542329,50,1378,1.0,207.99999999999994,0.9065599378797955,0.0,0.0,0.0,248,176,248,9,6.857156753540039,0.00025,20000
2026-03-17T10:30:17.207902,50,1388,0.1,232.99999999999994,0.9065599378797955,0.0,0.0,0.0,273,176,273,3,6.576776504516602,0.00025,20000
2026-03-17T10:30:17.870858,50,1398,0.0,243.99999999999994,0.9065599378797955,0.0,0.0,0.0,284,176,284,1,4.663705825805664,0.00025,20000
2026-03-17T10:30:18.536852,50,1408,1.0,279.99999999999994,0.9065599378797955,0.0,0.0,0.0,320,148,320,3,4.51970100402832,0.00025,20000
2026-03-17T10:30:19.202401,50,1418,1.0,323.99999999999994,0.9065599378797955,0.0,0.0,0.0,364,143,364,0,4.377841949462891,0.00025,20000
2026-03-17T10:30:19.867558,50,1428,1.0,375.99999999999994,0.9065599378797955,0.0,0.0,0.0,416,176,416,8,4.177570343017578,0.00025,20000
2026-03-17T10:30:20.535225,50,1438,1.0,414.99999999999994,0.9065599378797955,0.0,0.0,0.0,455,144,455,4,4.873514175415039,0.00025,20000
2026-03-17T10:30:21.198957,50,1448,0.0,431.99999999999994,0.9065599378797955,0.0,0.0,0.0,472,128,472,4,4.520893096923828,0.00025,20000
2026-03-17T10:30:21.867465,50,1458,0.0,445.99999999999994,0.9065599378797955,0.0,0.0,0.0,486,160,486,2,6.353139877319336,0.00025,20000
2026-03-17T10:30:22.531628,50,1468,0.0,445.2999999999998,0.9065599378797955,0.0,0.0,0.0,479,147,486,0,6.149530410766602,0.00025,20000
2026-03-17T10:30:23.199255,50,1478,0.0,445.2999999999998,0.9065599378797955,0.0,0.0,0.0,479,135,486,3,7.869243621826172,0.00025,20000
2026-03-17T10:30:23.860388,50,1488,0.1,445.49999999999983,0.9065599378797955,0.0,0.0,0.0,481,136,486,10,3.771543502807617,0.00025,20000
2026-03-17T10:30:24.525966,50,1498,0.0,445.59999999999985,0.9065599378797955,0.0,0.0,0.0,482,160,486,2,3.529787063598633,0.00025,20000
2026-03-17T10:30:25.190473,50,1508,0.0,445.7999999999999,0.9065599378797955,0.0,0.0,0.0,484,147,486,10,3.314971923828125,0.00025,20000
2026-03-17T10:30:25.857181,50,1518,0.0,470.99999999999994,0.9065599378797955,0.0,0.0,0.0,511,176,511,2,4.190206527709961,0.00025,20000
2026-03-17T10:30:26.524769,50,1528,0.1,470.6999999999999,0.9065599378797955,0.0,0.0,0.0,508,149,511,0,4.439353942871094,0.00025,20000
2026-03-17T10:30:27.192320,50,1538,0.1,470.2999999999998,0.9065599378797955,0.0,0.0,0.0,504,160,511,5,6.731986999511719,0.00025,20000
2026-03-17T10:30:27.855388,50,1548,0.0,470.59999999999985,0.9065599378797955,0.0,0.0,0.0,507,147,511,9,5.187034606933594,0.00025,20000
2026-03-17T10:30:28.521970,50,1558,0.0,479.8999999999999,0.9065599378797955,0.0,0.0,0.0,519,176,520,1,6.756305694580078,0.00025,20000
2026-03-17T10:30:29.188524,50,1568,0.0,493.8999999999999,0.9065599378797955,0.0,0.0,0.0,533,176,534,5,6.295442581176758,0.00025,20000
2026-03-17T10:30:29.852667,50,1578,-0.1,491.5999999999994,0.9065599378797955,0.0,0.0,0.0,510,160,534,7,5.253314971923828,0.00025,20000
2026-03-17T10:30:30.518476,50,1588,0.0,488.599999999999,0.9065599378797955,0.0,0.0,0.0,480,142,534,1,6.1740875244140625,0.00025,20000
2026-03-17T10:30:31.179744,50,1598,0.1,492.4999999999998,0.9065599378797955,0.0,0.0,0.0,519,143,534,8,2.5186538696289062,0.00025,20000
2026-03-17T10:30:31.849709,50,1608,0.0,499.0000000000001,0.9065599378797955,0.0,0.0,0.0,539,176,539,8,5.711078643798828,0.00025,20000
2026-03-17T10:30:32.513731,50,1618,-0.1,497.79999999999984,0.9065599378797955,0.0,0.0,0.0,527,168,539,4,4.980802536010742,0.00025,20000
2026-03-17T10:30:33.179604,50,1628,0.0,498.0999999999999,0.9065599378797955,0.0,0.0,0.0,530,176,539,4,5.900144577026367,0.00025,20000
2026-03-17T10:30:33.847151,50,1638,0.0,498.70000000000005,0.9065599378797955,0.0,0.0,0.0,536,145,539,10,6.398916244506836,0.00025,20000
2026-03-17T10:30:34.511751,50,1648,0.0,498.70000000000005,0.9065599378797955,0.0,0.0,0.0,536,152,539,7,6.076574325561523,0.00025,20000
2026-03-17T10:30:35.179853,50,1658,0.0,498.5,0.9065599378797955,0.0,0.0,0.0,534,160,539,2,8.336305618286133,0.00025,20000
2026-03-17T10:30:35.839942,50,1668,0.1,497.89999999999986,0.9065599378797955,0.0,0.0,0.0,528,145,539,7,3.615140914916992,0.00025,20000
2026-03-17T10:30:36.506811,50,1678,1.0,518.0000000000001,0.9065599378797955,0.0,0.0,0.0,558,173,558,0,4.8198699951171875,0.00025,20000
2026-03-17T10:30:37.174117,50,1688,-0.1,519.1999999999999,0.9065599378797955,0.0,0.0,0.0,552,176,560,1,5.623817443847656,0.00025,20000
2026-03-17T10:30:37.837147,50,1698,0.0,518.6999999999998,0.9065599378797955,0.0,0.0,0.0,547,160,560,10,3.859281539916992,0.00025,20000
2026-03-17T10:30:38.504586,50,1708,0.0,519.8000000000001,0.9065599378797955,0.0,0.0,0.0,558,160,560,1,5.944967269897461,0.00025,20000
2026-03-17T10:30:39.170911,50,1718,1.0,549.0000000000001,0.9065599378797955,0.0,0.0,0.0,589,160,589,10,6.522178649902344,0.00025,20000
2026-03-17T10:30:39.837826,50,1728,-0.1,552.7999999999998,0.9065599378797955,0.0,0.0,0.0,582,176,594,10,6.9255828857421875,0.00025,20000
2026-03-17T10:30:40.503572,50,1738,-0.1,548.999999999999,0.9065599378797955,0.0,0.0,0.0,544,160,594,9,7.435798645019531,0.00025,20000
2026-03-17T10:30:41.165249,50,1748,0.0,546.0999999999983,0.9065599378797955,0.0,0.0,0.0,515,147,594,11,3.973722457885742,0.00025,20000
2026-03-17T10:30:41.847597,50,1758,-0.1,546.1999999999983,0.9065599378797955,0.0,0.0,0.0,516,176,594,3,3.340005874633789,0.00025,20000
2026-03-17T10:30:42.512406,50,1768,0.0,546.3999999999984,0.9065599378797955,0.0,0.0,0.0,518,135,594,4,3.484964370727539,0.00025,20000
2026-03-17T10:30:43.179013,50,1778,0.0,546.6999999999985,0.9065599378797955,0.0,0.0,0.0,521,152,594,0,3.9539337158203125,0.00025,20000
2026-03-17T10:30:43.844108,50,1788,0.0,546.4999999999984,0.9065599378797955,0.0,0.0,0.0,519,157,594,11,3.668069839477539,0.00025,20000
2026-03-17T10:30:44.510450,50,1798,0.0,546.3999999999984,0.9065599378797955,0.0,0.0,0.0,518,128,594,10,5.690813064575195,0.00025,20000
2026-03-17T10:30:45.177135,50,1808,0.0,546.7999999999985,0.9065599378797955,0.0,0.0,0.0,522,145,594,0,6.610631942749023,0.00025,20000
2026-03-17T10:30:45.839536,50,1818,0.0,547.2999999999986,0.9065599378797955,0.0,0.0,0.0,527,152,594,11,3.2639503479003906,0.00025,20000
2026-03-17T10:30:46.505690,50,1828,0.1,548.2999999999988,0.9065599378797955,0.0,0.0,0.0,537,165,594,6,3.6897659301757812,0.00025,20000
2026-03-17T10:30:47.171610,50,1838,0.0,547.7999999999987,0.9065599378797955,0.0,0.0,0.0,532,176,594,6,3.6470890045166016,0.00025,20000
2026-03-17T10:30:47.836038,50,1848,0.0,546.0999999999983,0.9065599378797955,0.0,0.0,0.0,515,176,594,8,3.0312538146972656,0.00025,20000
2026-03-17T10:30:48.502358,50,1858,0.0,547.0999999999985,0.9065599378797955,0.0,0.0,0.0,525,140,594,0,3.7450790405273438,0.00025,20000
2026-03-17T10:30:49.167436,50,1868,0.0,547.8999999999987,0.9065599378797955,0.0,0.0,0.0,533,173,594,7,4.125356674194336,0.00025,20000
2026-03-17T10:30:49.834567,50,1878,0.0,549.199999999999,0.9065599378797955,0.0,0.0,0.0,546,160,594,5,4.863262176513672,0.00025,20000
2026-03-17T10:30:50.501553,50,1888,0.0,549.9999999999992,0.9065599378797955,0.0,0.0,0.0,554,176,594,11,6.915569305419922,0.00025,20000
2026-03-17T10:30:51.167997,50,1898,-0.1,548.7999999999989,0.9065599378797955,0.0,0.0,0.0,542,176,594,1,6.422996520996094,0.00025,20000
2026-03-17T10:30:51.828927,50,1908,0.0,549.199999999999,0.9065599378797955,0.0,0.0,0.0,546,176,594,7,3.1783580780029297,0.00025,20000
2026-03-17T10:30:52.495517,50,1918,0.0,549.8999999999992,0.9065599378797955,0.0,0.0,0.0,553,176,594,10,3.289461135864258,0.00025,20000
2026-03-17T10:30:53.160950,50,1928,0.0,549.6999999999991,0.9065599378797955,0.0,0.0,0.0,551,176,594,4,3.337860107421875,0.00025,20000
2026-03-17T10:30:53.826711,50,1938,0.0,549.5999999999991,0.9065599378797955,0.0,0.0,0.0,550,160,594,2,3.8690567016601562,0.00025,20000
2026-03-17T10:30:54.493277,50,1948,0.0,549.5999999999991,0.9065599378797955,0.0,0.0,0.0,550,136,594,9,4.031181335449219,0.00025,20000
2026-03-17T10:30:55.158622,50,1958,0.1,551.3999999999995,0.9065599378797955,0.0,0.0,0.0,568,136,594,10,4.998445510864258,0.00025,20000
2026-03-17T10:30:55.825350,50,1968,0.0,554.9000000000001,0.9065599378797955,0.0,0.0,0.0,594,148,595,1,5.901575088500977,0.00025,20000
2026-03-17T10:30:56.493006,50,1978,0.0,554.1999999999999,0.9065599378797955,0.0,0.0,0.0,587,157,595,1,6.380558013916016,0.00025,20000
2026-03-17T10:30:57.154548,50,1988,0.0,554.5,0.9065599378797955,0.0,0.0,0.0,590,176,595,11,4.249095916748047,0.00025,20000
2026-03-17T10:30:57.824864,50,1998,0.0,554.9000000000001,0.9065599378797955,0.0,0.0,0.0,594,176,595,5,8.233308792114258,0.00025,20000
2026-03-17T10:30:58.485478,50,2008,0.0,554.7,0.9065599378797955,0.0,0.0,0.0,592,176,595,1,4.198312759399414,0.00025,20000
2026-03-17T10:30:59.149966,50,2018,0.0,554.9000000000001,0.9065599378797955,0.0,0.0,0.0,594,176,595,5,3.192424774169922,0.00025,20000
2026-03-17T10:30:59.816628,50,2028,-0.1,553.9999999999999,0.9065599378797955,0.0,0.0,0.0,585,157,595,0,3.82232666015625,0.00025,20000
2026-03-17T10:31:00.481873,50,2038,0.0,553.4999999999998,0.9065599378797955,0.0,0.0,0.0,580,147,595,1,3.478527069091797,0.00025,20000
2026-03-17T10:31:01.148681,50,2048,-0.1,552.5999999999996,0.9065599378797955,0.0,0.0,0.0,571,149,595,5,4.518270492553711,0.00025,20000
2026-03-17T10:31:01.815685,50,2058,0.0,552.1999999999995,0.9065599378797955,0.0,0.0,0.0,567,147,595,5,5.790948867797852,0.00025,20000
2026-03-17T10:31:02.482347,50,2068,-0.1,550.8999999999992,0.9065599378797955,0.0,0.0,0.0,554,176,595,1,7.250070571899414,0.00025,20000
2026-03-17T10:31:03.144446,50,2078,-0.1,550.3999999999991,0.9065599378797955,0.0,0.0,0.0,549,131,595,2,3.452301025390625,0.00025,20000
2026-03-17T10:31:03.810153,50,2088,0.1,550.3999999999991,0.9065599378797955,0.0,0.0,0.0,549,149,595,10,3.821134567260742,0.00025,20000
2026-03-17T10:31:04.474447,50,2098,0.0,551.4999999999993,0.9065599378797955,0.0,0.0,0.0,560,127,595,7,2.911090850830078,0.00025,20000
2026-03-17T10:31:05.141370,50,2108,0.0,551.6999999999994,0.9065599378797955,0.0,0.0,0.0,562,147,595,3,3.564596176147461,0.00025,20000
2026-03-17T10:31:05.806577,50,2118,0.0,552.1999999999995,0.9065599378797955,0.0,0.0,0.0,567,140,595,11,3.615856170654297,0.00025,20000
2026-03-17T10:31:06.472607,50,2128,0.0,552.9999999999997,0.9065599378797955,0.0,0.0,0.0,575,157,595,9,4.373073577880859,0.00025,20000
2026-03-17T10:31:07.140311,50,2138,0.0,551.7999999999994,0.9065599378797955,0.0,0.0,0.0,563,135,595,0,5.932807922363281,0.00025,20000
2026-03-17T10:31:07.805664,50,2148,0.0,551.4999999999993,0.9065599378797955,0.0,0.0,0.0,560,152,595,3,6.027698516845703,0.00025,20000
2026-03-17T10:31:08.468338,50,2158,-0.1,551.8999999999994,0.9065599378797955,0.0,0.0,0.0,564,128,595,4,3.3953189849853516,0.00025,20000
2026-03-17T10:31:09.136089,50,2168,-0.1,551.6999999999994,0.9065599378797955,0.0,0.0,0.0,562,114,595,1,5.462884902954102,0.00025,20000
2026-03-17T10:31:09.800125,50,2178,0.0,550.3999999999991,0.9065599378797955,0.0,0.0,0.0,549,149,595,3,3.2682418823242188,0.00025,20000
2026-03-17T10:31:10.465208,50,2188,-0.1,549.6999999999989,0.9065599378797955,0.0,0.0,0.0,542,147,595,1,3.8721561431884766,0.00025,20000
2026-03-17T10:31:11.133035,50,2198,0.0,549.1999999999988,0.9065599378797955,0.0,0.0,0.0,537,145,595,6,5.372285842895508,0.00025,20000
2026-03-17T10:31:11.797721,50,2208,0.0,549.3999999999988,0.9065599378797955,0.0,0.0,0.0,539,176,595,11,5.145549774169922,0.00025,20000
2026-03-17T10:31:12.464196,50,2218,0.0,549.6999999999989,0.9065599378797955,0.0,0.0,0.0,542,168,595,2,6.170749664306641,0.00025,20000
2026-03-17T10:31:13.130147,50,2228,0.1,551.4999999999993,0.9065599378797955,0.0,0.0,0.0,560,176,595,6,4.607200622558594,0.00025,20000
2026-03-17T10:31:13.814670,50,2238,0.0,550.5999999999991,0.9065599378797955,0.0,0.0,0.0,551,176,595,2,7.774591445922852,0.00025,20000
2026-03-17T10:31:14.474763,50,2248,-0.2,547.1999999999983,0.9065599378797955,0.0,0.0,0.0,517,176,595,2,3.047466278076172,0.00025,20000
2026-03-17T10:31:15.141936,50,2258,0.0,548.0999999999985,0.9065599378797955,0.0,0.0,0.0,526,160,595,1,3.542661666870117,0.00025,20000
2026-03-17T10:31:15.810979,50,2268,0.0,547.2999999999984,0.9065599378797955,0.0,0.0,0.0,518,176,595,10,7.320404052734375,0.00025,20000
2026-03-17T10:31:16.470747,50,2278,0.1,547.1999999999983,0.9065599378797955,0.0,0.0,0.0,517,149,595,1,1.8155574798583984,0.00025,20000
2026-03-17T10:31:17.139139,50,2288,0.0,548.3999999999986,0.9065599378797955,0.0,0.0,0.0,529,140,595,0,4.794836044311523,0.00025,20000
2026-03-17T10:31:17.805173,50,2298,0.1,548.4999999999986,0.9065599378797955,0.0,0.0,0.0,530,136,595,5,4.800081253051758,0.00025,20000
2026-03-17T10:31:18.468927,50,2308,0.0,548.8999999999987,0.9065599378797955,0.0,0.0,0.0,534,160,595,10,4.3430328369140625,0.00025,20000
2026-03-17T10:31:19.138372,50,2318,0.0,547.9999999999985,0.9065599378797955,0.0,0.0,0.0,525,176,595,1,6.173610687255859,0.00025,20000
2026-03-17T10:31:19.803901,50,2328,0.0,547.1999999999983,0.9065599378797955,0.0,0.0,0.0,517,176,595,7,7.105112075805664,0.00025,20000
2026-03-17T10:31:20.465375,50,2338,0.0,548.4999999999986,0.9065599378797955,0.0,0.0,0.0,530,176,595,4,3.4623146057128906,0.00025,20000
2026-03-17T10:31:21.134024,50,2348,0.0,548.6999999999987,0.9065599378797955,0.0,0.0,0.0,532,149,595,4,5.558013916015625,0.00025,20000
2026-03-17T10:31:21.796586,50,2358,0.0,549.6999999999989,0.9065599378797955,0.0,0.0,0.0,542,138,595,1,3.679990768432617,0.00025,20000
2026-03-17T10:31:22.466443,50,2368,0.0,549.999999999999,0.9065599378797955,0.0,0.0,0.0,545,145,595,1,6.308078765869141,0.00025,20000
2026-03-17T10:31:23.130090,50,2378,0.1,552.8999999999996,0.9065599378797955,0.0,0.0,0.0,574,152,595,10,4.526853561401367,0.00025,20000
2026-03-17T10:31:23.795073,50,2388,0.0,554.0999999999999,0.9065599378797955,0.0,0.0,0.0,586,149,595,9,5.199432373046875,0.00025,20000
